index,image_link,group_id,entity_name,e
98274,https://m.media-amazon.com/images/I/61AMXLUb6SL.jpg,483370,depth,Jumbo size8920 inch29inch
98275,https://m.media-amazon.com/images/I/61AMerlc3EL.jpg,416664,depth,size/28cminch 11.02
98276,https://m.media-amazon.com/images/I/61AMerlc3EL.jpg,416664,height,size/28cminch 11.02
98277,https://m.media-amazon.com/images/I/61AMerlc3EL.jpg,416664,width,size/28cminch 11.02
98278,https://m.media-amazon.com/images/I/61AMfGvYsCS.jpg,434825,width,"1.57""9""9""6""6"""
98279,https://m.media-amazon.com/images/I/61AMiGBLdsL.jpg,521308,maximum_weight_recommendation,"Product Size1000Sofa: 110.2""W x 51.2""D x33.5""HLBSWeight Capacity15.7""94.5""[5.9""24.4""33.515.9""46.9""17.7""111.8""29.5""6.7""[110.2""51.2"""
98280,https://m.media-amazon.com/images/I/61AMlHSPAzS.jpg,801829,height,27.56 inch23.82 inch20.87 inch15.35 inch28.94 inch35.24 inch
98281,https://m.media-amazon.com/images/I/61AMusPvviL.jpg,387046,height,8@c1cm99cm85.5cm46cm35.3
98282,https://m.media-amazon.com/images/I/61AMzRnO2eL.jpg,370720,maximum_weight_recommendation,SUPPORT UP TO 1000 LBSHeavysmooth and low noisy gliding3601000IbsSupport upto 1000 IbsLow noisyLeftFrontRightBackduty
98283,https://m.media-amazon.com/images/I/61AN6t7KxxS.jpg,347404,depth,24cm7.7cm
98284,https://m.media-amazon.com/images/I/61AN6t7KxxS.jpg,347404,height,24cm7.7cm
98285,https://m.media-amazon.com/images/I/61AN7fMP2PL.jpg,521194,width,A614mmPA+(7170mm*95mm1 Cw T-Z46mm17OmmA6!J 7( 1*4#EFIRIE8mm95mm
98286,https://m.media-amazon.com/images/I/61AN7fMP2PL.jpg,521194,depth,A614mmPA+(7170mm*95mm1 Cw T-Z46mm17OmmA6!J 7( 1*4#EFIRIE8mm95mm
98287,https://m.media-amazon.com/images/I/61ANAwOpF8L.jpg,955292,item_weight,Reliable PerformancePlug & PlayNo adapter or driver requiredSupports video resolutionsup to 4K@3OHzCable Length3ft (0.91m)amazonbasicsamazonbasics
98288,https://m.media-amazon.com/images/I/61ANAwOpF8L.jpg,955292,wattage,Reliable PerformancePlug & PlayNo adapter or driver requiredSupports video resolutionsup to 4K@3OHzCable Length3ft (0.91m)amazonbasicsamazonbasics
98289,https://m.media-amazon.com/images/I/61ANB84XKVL.jpg,487566,width,"Ergonomic &Smart Design22"" x 12"" (56cm x 30cm)softvelcropacifierloopzipperhipcoverpositionerdiaperingzipper"
98290,https://m.media-amazon.com/images/I/61ANB84XKVL.jpg,487566,height,"Ergonomic &Smart Design22"" x 12"" (56cm x 30cm)softvelcropacifierloopzipperhipcoverpositionerdiaperingzipper"
98291,https://m.media-amazon.com/images/I/61ANE4eEoEL.jpg,483370,width,15cm20cm16cm#x@#: 213g1Ocm
98292,https://m.media-amazon.com/images/I/61ANInJ9ARS.jpg,238051,depth,1OOLB CapacitySilent Soft-Closing3 Section Full Extension22Thickness:1/2 inchLength:inch(558mm)inch(45mm)1.77Width:
98293,https://m.media-amazon.com/images/I/61ANJKKYcoL.jpg,470067,height,4.7inch0.98inch;2.Sinch
98294,https://m.media-amazon.com/images/I/61ANPELUuBL.jpg,292475,height,36cm30cm330cmgcm
98295,https://m.media-amazon.com/images/I/61ANPgHSI6L.jpg,529606,depth,"7.4cmYANKee CANDLe'88Up toCLEAN COTTON""796930daysdepudFRAGRANCE SPHERESSPHERES PARFUMEESI70gBeadsPerles neutralisants d odeursOdour Neutralising"
98296,https://m.media-amazon.com/images/I/61ANPgHSI6L.jpg,529606,width,"7.4cmYANKee CANDLe'88Up toCLEAN COTTON""796930daysdepudFRAGRANCE SPHERESSPHERES PARFUMEESI70gBeadsPerles neutralisants d odeursOdour Neutralising"
98297,https://m.media-amazon.com/images/I/61ANQ2shutL.jpg,932012,width,"SPECThe 4-rail track isadjustable anywherefrom 45.8""86'wide2.56""To.59""96""TrimmablePepppppppeE5Seeee3eppppp6p00panels23"""
98298,https://m.media-amazon.com/images/I/61ANSrnj9pL.jpg,276611,height,32cm85cm75cm34cm29cm32cm33cm33cm
98299,https://m.media-amazon.com/images/I/61ANU0p3OvL.jpg,272691,item_weight,ProductLoad-bearingparameters9OKG8g3.5 cm
98300,https://m.media-amazon.com/images/I/61ANU0p3OvL.jpg,272691,maximum_weight_recommendation,ProductLoad-bearingparameters9OKG8g3.5 cm
98301,https://m.media-amazon.com/images/I/61ANe4p6gTL.jpg,470067,height,GRICOL16.5cm11cm11cm
98302,https://m.media-amazon.com/images/I/61ANjY0XOSL.jpg,366962,depth,758.6cm/3.38inBusiness cards are available in0.02cm/0.008 inch thickness
98303,https://m.media-amazon.com/images/I/61ANpgR2PRL.jpg,713791,width,7J16cm/6.3in14.8cm/5.8in3.ScmBONJOURFOR YOURHEART6.Scm3cm2.Scm]Im
98304,https://m.media-amazon.com/images/I/61ANsLJkAvL.jpg,347404,width,"N3511cm4.3'1.5""3.7cm"
98305,https://m.media-amazon.com/images/I/61ANsLJkAvL.jpg,347404,height,"N3511cm4.3'1.5""3.7cm"
98306,https://m.media-amazon.com/images/I/61ANxFtY52S.jpg,149708,depth,W2EL35cm/13.Zinch
98307,https://m.media-amazon.com/images/I/61ANxFtY52S.jpg,149708,width,W2EL35cm/13.Zinch
98308,https://m.media-amazon.com/images/I/61ANxXR5bAL.jpg,489152,item_weight,"CASCADEBRANDCascadaCOMPLETEo1FRESH SCENTPARFUM FRAIS8XTOUGHER THANDAWNoSTUCK-ON MESSESTporotvoirtGREASE FIghtiNg POwER dishwashER DETERGENTDETERGENT PouR LAVE-VAISSELLE""More dishwasher brandsin North America recommend CascadevS any otherautomatic dishwashing detergent brand; recommendationsas part otcO-marketingagrcements.Pusde marques delave-vaisselle en Amerique du Mordrecommandent Cascadecomparativement J touteautre mnarque de detergent pour lave-Vaisselleoutomatiquc_Recommandationsen vertu daccords deco-markcting:127kg/45 021281 LB 1O2L1OUSQTPPTEE U:"
98309,https://m.media-amazon.com/images/I/61AO+RFlX1L.jpg,792578,depth,"Product InformationMaterial: PolyesterSize:70.8*31.4""(18Ox8Ocm)Fit: All seasonCare: Hand washDo not bleachHand washHang dryTemperature IroningMaximumMaximumTemperaturei10CTemperature40c"
98310,https://m.media-amazon.com/images/I/61AOAQGklsL.jpg,625310,item_weight,"Music TO YOUR HEARTSURGING TO FOLLOWThe breakthrough has reduced the volume ofThe 25W high-power speaker by 20%,And is configured in a cylindrical closedAcoustic structure The sound js StrongAnd powerful,the 3609 pano emic soundEffecuisrealized"
98311,https://m.media-amazon.com/images/I/61AOB7T-nEL.jpg,784538,height,"Arrangement Option #1Arrangement Qption #2F8A,FAMLHlolMIE30""E35""1,LioVAE835""30""PACK INCLUDES:Arrangement Option #3AIPC2PCSFA|M2PCS2PCS11PcEtPcs025""HlolmEIPC1PCIPC30"""
98312,https://m.media-amazon.com/images/I/61AOB7T-nEL.jpg,784538,width,"Arrangement Option #1Arrangement Qption #2F8A,FAMLHlolMIE30""E35""1,LioVAE835""30""PACK INCLUDES:Arrangement Option #3AIPC2PCSFA|M2PCS2PCS11PcEtPcs025""HlolmEIPC1PCIPC30"""
98313,https://m.media-amazon.com/images/I/61AOBweSO-L.jpg,311997,height,Product Size70.9 in(18Ocm)54 in36 inin-H14 =
98314,https://m.media-amazon.com/images/I/61AOGOkQUwL.jpg,416664,height,3.15 inI 0.47 in13.4 in2.95 in
98315,https://m.media-amazon.com/images/I/61AOHKGbckL.jpg,347404,width,"16,9LCAPACITY<2Q'58 cm3"
98316,https://m.media-amazon.com/images/I/61AOIdYLShL.jpg,658892,width,8228 296g=882cm
98317,https://m.media-amazon.com/images/I/61AOLAmrwlL.jpg,640408,width,4 COLORS4 PCS1812cm/4.Zinch
98318,https://m.media-amazon.com/images/I/61AOLAmrwlL.jpg,640408,depth,4 COLORS4 PCS1812cm/4.Zinch
98319,https://m.media-amazon.com/images/I/61AOLAmrwlL.jpg,640408,height,4 COLORS4 PCS1812cm/4.Zinch
98320,https://m.media-amazon.com/images/I/61AOLH9jkAL.jpg,183388,height,35.5cm(14in)27cm(1O6in)23cm(Q.Iin)2cm(0.8in}TStrong bearingNo traceDurableWidely usagePVC Suction2Cup Support3No tools required for assembly
98321,https://m.media-amazon.com/images/I/61AOPDo3HeL.jpg,318770,wattage,"TrndeaVsedov dulTMJIMI HENDRIX  VOodoo CHILD,30 FTCOILED CABLE9. M1"
98322,https://m.media-amazon.com/images/I/61AOUiR2bjL.jpg,478357,depth,2833cm
98323,https://m.media-amazon.com/images/I/61AOUiR2bjL.jpg,478357,width,2833cm
98324,https://m.media-amazon.com/images/I/61AOUiR2bjL.jpg,478357,height,2833cm
98325,https://m.media-amazon.com/images/I/61AOYC6LvxL.jpg,866950,item_weight,"EXQUISITESmall and exquisite, it can beeasily operated with onehand.CONVENIENT13OPSI high-pressurepumping is convenient andtime.USEDto wear and take off;convenient and practical touse;fast,savingWestDicing-EasyRanhas"
98326,https://m.media-amazon.com/images/I/61AOZj70y7L.jpg,494219,item_volume,"Genration150"" AnniversaryFEE BROTHERSWHISKEY BARREL-AGEDBITTERSOaken Maturity Achieved 2014Limited EditonUptadgus (ofor breast cucer rcwuch; wnT;RRTED AND DISTRIBUTED BY: THINK SPIRITS PTAnPaRk ROAD , MULGRAVE, NSW 2756.TEL: 02 4577 7800FAX: 02 4577 7870ALC. 17.5% BY VOL.Fur Glycering Flavourings: Angostura Bark andottCitrus Oil; Gentian;""Caramel Ipln &Sunset YellowColotricgs""35 FL OZ (1S0ML)RQCEof FFthAUSTRALtoouns;,"
98327,https://m.media-amazon.com/images/I/61AOa-biVnL.jpg,849273,height,Adjustable Waist Belt76cmI1OcmSturdy BuckleAdjustable Belt
98328,https://m.media-amazon.com/images/I/61AOa-biVnL.jpg,849273,depth,Adjustable Waist Belt76cmI1OcmSturdy BuckleAdjustable Belt
98329,https://m.media-amazon.com/images/I/61AOa-biVnL.jpg,849273,width,Adjustable Waist Belt76cmI1OcmSturdy BuckleAdjustable Belt
98330,https://m.media-amazon.com/images/I/61AOidwDCmL.jpg,292475,depth,7 . 4in6. 6in1. Tin
98331,https://m.media-amazon.com/images/I/61AOidwDCmL.jpg,292475,width,7 . 4in6. 6in1. Tin
98332,https://m.media-amazon.com/images/I/61AOlk5++IL.jpg,386873,item_weight,"Form FactorSmartphoneULTRA SENINGMemory StorageCapacity128.0 GBJOperating SystemAndroid 12.0,Android 11.0"
98333,https://m.media-amazon.com/images/I/61AOxYiWfeL.jpg,241608,height,"035254.0 [10""]SINK SIZE20. 0 [3/4""]8Exterior: 15""x2O""x10""Interior: 13""x16""x 9-5/8""549=90. 0 [V2""]Drain Opening: 03-1/2'43V44 O LA42""]R1o0Min. Cabinet Size: 18""Installation Type: Drop in25.[1""1330_2 [13""]2245.[9 5/8381. 0 [15""]LOIIRBL"
98334,https://m.media-amazon.com/images/I/61AP-Wd9stL.jpg,860821,width,"toto1o1Il9.5""13-toIl15Outside)15""(OutsideInside)(Outside14.5""(Inside15""Outside)(Inside14.5""Inside)Hole)(Hole414"""
98335,https://m.media-amazon.com/images/I/61AP-Wd9stL.jpg,860821,height,"toto1o1Il9.5""13-toIl15Outside)15""(OutsideInside)(Outside14.5""(Inside15""Outside)(Inside14.5""Inside)Hole)(Hole414"""
98336,https://m.media-amazon.com/images/I/61AP1epGsbS.jpg,721542,height,"8'6""2,6 m10'3 m8'4""Shelerdogc2,5 m10'2""20'13*6""3,1 m6,1 m4,1 m"
98337,https://m.media-amazon.com/images/I/61APSzCGtXS.jpg,477578,item_weight,1.3 inch Full Touch Round Screen26209289MonWedThur1350783:20*/30820*/30820*/3081512189kcalSunny8&8448Hang up40102 bpm20010000.0006.0012 0018.0024.00Sleep2019/10/2308hour26min05hour 30min02hour 56minstep11010Tpm =01
98338,https://m.media-amazon.com/images/I/61APYfCzyeS.jpg,386873,item_weight,Dual card dual standbyMaximum support for 128GB memory card.Or
98339,https://m.media-amazon.com/images/I/61APaJbbHuL.jpg,365756,height,13cm522cm8. 75 . 5cm2. 1
98340,https://m.media-amazon.com/images/I/61APdmIOD5L.jpg,579652,height,"LARGE CAPACITY FOR YOURPICKLEBALL GEAR19"" TALL12"" WIDE9"" DEEP"
98341,https://m.media-amazon.com/images/I/61APefIxY+L.jpg,351134,height,37.3 cm30 cmChaque etagere mesure 11 cm;TransparentQualite superieureAnti-poussiereLumiere LED85cmcoulissante.Porte
98342,https://m.media-amazon.com/images/I/61APfvARMnS.jpg,140266,width,IP68 Waterproof Grade28mm(1.1inch)Sm Cord162mm(6.38inch)SwitchConnect tobattery positi2835 SMDpole126LEDsConnect to batterynegative polePower:20wLumen:1200-1300LM
98343,https://m.media-amazon.com/images/I/61APfvARMnS.jpg,140266,height,IP68 Waterproof Grade28mm(1.1inch)Sm Cord162mm(6.38inch)SwitchConnect tobattery positi2835 SMDpole126LEDsConnect to batterynegative polePower:20wLumen:1200-1300LM
98344,https://m.media-amazon.com/images/I/61APfvARMnS.jpg,140266,depth,IP68 Waterproof Grade28mm(1.1inch)Sm Cord162mm(6.38inch)SwitchConnect tobattery positi2835 SMDpole126LEDsConnect to batterynegative polePower:20wLumen:1200-1300LM
98345,https://m.media-amazon.com/images/I/61APi6vJvEL.jpg,359859,item_weight,ColorBlack (002)TAMaterialNylonItem Weight0.5 Pounds
98346,https://m.media-amazon.com/images/I/61APmEnz7rL.jpg,924759,width,"8cm32cm30cmSize InformationDimensions32 x3Ocm (neck diameter: 8cm)Material: Poly Cotton Span (Identical to Konny Baby Carrier;polyester 62%, cotton 33%, spandex 5%)Age of use: O~36months"
98347,https://m.media-amazon.com/images/I/61APmEnz7rL.jpg,924759,depth,"8cm32cm30cmSize InformationDimensions32 x3Ocm (neck diameter: 8cm)Material: Poly Cotton Span (Identical to Konny Baby Carrier;polyester 62%, cotton 33%, spandex 5%)Age of use: O~36months"
98348,https://m.media-amazon.com/images/I/61APnzYq+YL.jpg,347404,depth,8825cm/9.84inch
98349,https://m.media-amazon.com/images/I/61APnzYq+YL.jpg,347404,width,8825cm/9.84inch
98350,https://m.media-amazon.com/images/I/61APnzYq+YL.jpg,347404,height,8825cm/9.84inch
98351,https://m.media-amazon.com/images/I/61APpalck6L.jpg,611510,height,"17.5""17""2.75""16""37""26""20.5""20.75""11.75"""
98352,https://m.media-amazon.com/images/I/61APppHv5AL.jpg,722930,depth,7.5cm/2.95in3 PCS1.8cm/0.74in
98353,https://m.media-amazon.com/images/I/61APqGdWnCL.jpg,913156,height,"41cm/16""70cm/27.5""17.5cm/7"""
98354,https://m.media-amazon.com/images/I/61APtWh5gOL.jpg,507619,height,35cm35cm8.Icm38cm25cm20cm2Ocm145cm30.20cm20cm45cm60cm38cmScm
98355,https://m.media-amazon.com/images/I/61APxAWabzL.jpg,846116,height,5.5cmMagnetic baseBetter Copper Gain3WaterproofRubber RingAntenna Spiral Base;BNC Male9cm1Hz/40o-16cm)
98356,https://m.media-amazon.com/images/I/61APxAWabzL.jpg,846116,depth,5.5cmMagnetic baseBetter Copper Gain3WaterproofRubber RingAntenna Spiral Base;BNC Male9cm1Hz/40o-16cm)
98357,https://m.media-amazon.com/images/I/61AQ0Q3AQML.jpg,296366,item_weight,"Low temperature protectionProtective shutdown is automatically selected when overheating occuWhen the temperature of the charger is over1058C105 degrees,the charger shuts down for protection_and there is nocurrent outpulWhen the temperature dropsabout 80 degreesthe powerturned off for 10 minutesthe charger can be resumed for useOvcrhcating protectionAutomatic shutdownLow tempcraturc protectionWhen the temperature is below minus 30 degrees,After 10 minutesthe device cannot be shut down308Ccan continue to useSLSOO8PB581A220v3450/60HzE#60V84S60wAJn2021.0305EtonntKDEaml400-009-7727TDZInENt"
98358,https://m.media-amazon.com/images/I/61AQ5xCujoL.jpg,241608,depth,16 inch1.77 inch83
98359,https://m.media-amazon.com/images/I/61AQ5xCujoL.jpg,241608,height,16 inch1.77 inch83
98360,https://m.media-amazon.com/images/I/61AQ6iWF3FL.jpg,827377,item_weight,Durable and portable:2 Ibs1.5in12.75in4in98]81[
98361,https://m.media-amazon.com/images/I/61AQ810upEL.jpg,630877,depth,"1""x30""7 € LKX167?O1/3RTEC"
98362,https://m.media-amazon.com/images/I/61AQ810upEL.jpg,630877,height,"1""x30""7 € LKX167?O1/3RTEC"
98363,https://m.media-amazon.com/images/I/61AQ810upEL.jpg,630877,width,"1""x30""7 € LKX167?O1/3RTEC"
98364,https://m.media-amazon.com/images/I/61AQ9sFzx-L.jpg,810266,width,"M3V2""6Ve18/8STAINLESSSTEELYEI23/4""X"
98365,https://m.media-amazon.com/images/I/61AQBKsuUzL.jpg,180410,depth,"16,5cm3Ucm"
98366,https://m.media-amazon.com/images/I/61AQBKsuUzL.jpg,180410,width,"16,5cm3Ucm"
98367,https://m.media-amazon.com/images/I/61AQC6jcBRL.jpg,466317,height,"powerLeftRightEntersignalreturnImaging unitTFTLCDProjection ratio1.6:1Brightness400-600 LumensAspect ratio4.3Contrast800:1Color16770kPortable charger: 5V-2A;Native resolution320x240 pixelsconsumptionDC: 12V-2A(built in 1300 mAh battery)M12V-2ASupported resolution1920*1080 pixelsPower supply1OW-24wLight sourceLEDSupported filc formatMulti-media (music; picture, video, txt)LED Iife time30,000+ hoursSupported languagesChinese, Eglish; etc_Focushand operationProjection size24""-60""Projection clistance0.8-2MProduct size126.4*85.8*47.7mmPower"
98368,https://m.media-amazon.com/images/I/61AQDbvju6L.jpg,178778,height,SIZE SHOW6.2 in(16 cm)6.5 in9 in(17 cm)(23 cm)
98369,https://m.media-amazon.com/images/I/61AQHbHm3BL.jpg,470067,height,8.6in(22cm)12.6in(32cm)9.8in(25cm)1.4in(3.Scm)
98370,https://m.media-amazon.com/images/I/61AQKM46SdL.jpg,589105,height,"SPACEsaverLarge 6Ocm x 8Ocm(24X32 inch)How TO USE""UmnPACkZipVACStoreSTopSPACEsaverTUATIMEREPLACEMENTStOpSTOpWarninG: Re* v'SutsianKop o0 (cn & (hcoSTopStopSTO?Sto?StO?StOPStop6x LARGE24x 32 in (60 x 80 cm)"
98371,https://m.media-amazon.com/images/I/61AQLefKttL.jpg,120219,height,6cm/2.36inch6cm/2.36inch000{12cm/4.72inch115cm/5.S25cm/9.84inch9inch
98372,https://m.media-amazon.com/images/I/61AQLefKttL.jpg,120219,width,6cm/2.36inch6cm/2.36inch000{12cm/4.72inch115cm/5.S25cm/9.84inch9inch
98373,https://m.media-amazon.com/images/I/61AQMIokLVL.jpg,675317,depth,"~17cm / 7.09""3"
98374,https://m.media-amazon.com/images/I/61AQQcegSDL.jpg,966823,depth,28 cm31 cm
98375,https://m.media-amazon.com/images/I/61AQQcegSDL.jpg,966823,width,28 cm31 cm
98376,https://m.media-amazon.com/images/I/61AQQcegSDL.jpg,966823,height,28 cm31 cm
98377,https://m.media-amazon.com/images/I/61AQUNUcizL.jpg,119607,depth,"20 CMMFerd VoloComcr  tadomareLnod uncer CanyCo""ois mcchangGmth3Mealalat trGROBE:KOICakPLAFDx1JQUERAutuedNr 27EXTRA DICKES STAHLBLECHHOCHWERTIGE MOTIVPRAGUNG~or"
98378,https://m.media-amazon.com/images/I/61AQUNUcizL.jpg,119607,width,"20 CMMFerd VoloComcr  tadomareLnod uncer CanyCo""ois mcchangGmth3Mealalat trGROBE:KOICakPLAFDx1JQUERAutuedNr 27EXTRA DICKES STAHLBLECHHOCHWERTIGE MOTIVPRAGUNG~or"
98379,https://m.media-amazon.com/images/I/61AQUNUcizL.jpg,119607,height,"20 CMMFerd VoloComcr  tadomareLnod uncer CanyCo""ois mcchangGmth3Mealalat trGROBE:KOICakPLAFDx1JQUERAutuedNr 27EXTRA DICKES STAHLBLECHHOCHWERTIGE MOTIVPRAGUNG~or"
98380,https://m.media-amazon.com/images/I/61AQYTAJCyL.jpg,927180,width,"ADDITIONALINFORMATIONDIMENSIONSNUMBER OF SPRAYSETTINGSWIDTH5 sprays7.88 inchesSHOWER HEAD DEPTH13.75 inchesHOSE60-82-inchstretchable, metal hoseSHOWER ARM0Not includedMPTERbes WEDEED#WATERSENSE"" LABELED8{8PROeSCT]071DELTAsee what Delta can do"
98381,https://m.media-amazon.com/images/I/61AQYTAJCyL.jpg,927180,height,"ADDITIONALINFORMATIONDIMENSIONSNUMBER OF SPRAYSETTINGSWIDTH5 sprays7.88 inchesSHOWER HEAD DEPTH13.75 inchesHOSE60-82-inchstretchable, metal hoseSHOWER ARM0Not includedMPTERbes WEDEED#WATERSENSE"" LABELED8{8PROeSCT]071DELTAsee what Delta can do"
98382,https://m.media-amazon.com/images/I/61AQaVnfAUL.jpg,308430,width,I1.5cm4.53in14cm/5.5lin
98383,https://m.media-amazon.com/images/I/61AQaVnfAUL.jpg,308430,depth,I1.5cm4.53in14cm/5.5lin
98384,https://m.media-amazon.com/images/I/61AQaVnfAUL.jpg,308430,height,I1.5cm4.53in14cm/5.5lin
98385,https://m.media-amazon.com/images/I/61AQg4SW2NL.jpg,858439,height,82.Scm22cm1Ocm1Ocm18cm28cm
98386,https://m.media-amazon.com/images/I/61AQk4wke3L.jpg,488883,depth,32433~2234 cm / 13.4 inch
98387,https://m.media-amazon.com/images/I/61AQk4wke3L.jpg,488883,width,32433~2234 cm / 13.4 inch
98388,https://m.media-amazon.com/images/I/61AQk4wke3L.jpg,488883,height,32433~2234 cm / 13.4 inch
98389,https://m.media-amazon.com/images/I/61AQnxKvEUL.jpg,801829,height,"19""18""35""19""23.5""6.5""16""9.5""29.5"""
98390,https://m.media-amazon.com/images/I/61AQqqfQn7L.jpg,483370,height,173cm-28.7in
98391,https://m.media-amazon.com/images/I/61AQqqfQn7L.jpg,483370,depth,173cm-28.7in
98392,https://m.media-amazon.com/images/I/61AQtbH8b2L.jpg,913156,height,BI3#357<Idaantuiatk352<6:14*14*8 CM557:4.5 CM*4.5*6 CM0.3 KG
98393,https://m.media-amazon.com/images/I/61AQxXcAmoL.jpg,488883,width,"Unstuff pouf -After fill in size1: Open zipperonbottom, andfill in soft materialas mentioned24.2"" dia13.76""Big JoeUsedldlolhes@Idtowelsandblanked9UsedcushionSuliedenimaltoy(UsedqullBubblepackPoly mfilling way,pull"
98394,https://m.media-amazon.com/images/I/61AQxXcAmoL.jpg,488883,depth,"Unstuff pouf -After fill in size1: Open zipperonbottom, andfill in soft materialas mentioned24.2"" dia13.76""Big JoeUsedldlolhes@Idtowelsandblanked9UsedcushionSuliedenimaltoy(UsedqullBubblepackPoly mfilling way,pull"
98395,https://m.media-amazon.com/images/I/61AQyVf5nfL.jpg,470067,height,"320mm(12.6"")350mm(13.6"")$.20mm(0.8"")280mm(11.2"")280mm(11.2"")328Omm(3.1"")3220mm(8.8"")65mm(2.6"")"
98396,https://m.media-amazon.com/images/I/61AR7Xys1NL.jpg,638301,height,3 PackYounikerTeaperedGLASS9H39MM RoundTempered GlassThe Torld BestReal Teapered GLASS ProtectorScreen Protectors
98397,https://m.media-amazon.com/images/I/61AR7Xys1NL.jpg,638301,width,3 PackYounikerTeaperedGLASS9H39MM RoundTempered GlassThe Torld BestReal Teapered GLASS ProtectorScreen Protectors
98398,https://m.media-amazon.com/images/I/61AR7Xys1NL.jpg,638301,depth,3 PackYounikerTeaperedGLASS9H39MM RoundTempered GlassThe Torld BestReal Teapered GLASS ProtectorScreen Protectors
98399,https://m.media-amazon.com/images/I/61ARC9Lh4LL.jpg,738261,maximum_weight_recommendation,MaterialPolyvinyl Chloride(PVC)UPWELLSporteUpwELLSurfingUPWELLMaximum WeightRecommendation450.0 Pounds
98400,https://m.media-amazon.com/images/I/61AREzIn6rL.jpg,261553,width,WorownDimension Details2 PACK412in
98401,https://m.media-amazon.com/images/I/61AREzIn6rL.jpg,261553,depth,WorownDimension Details2 PACK412in
98402,https://m.media-amazon.com/images/I/61AREzIn6rL.jpg,261553,height,WorownDimension Details2 PACK412in
98403,https://m.media-amazon.com/images/I/61ARF6eQ0qL.jpg,823083,depth,Size339.5cm9.5cm
98404,https://m.media-amazon.com/images/I/61ARI1kOnuL.jpg,130202,height,8ul3Tv7SJERRDZ9FBnt7tsaIzmE79t76IZExead;#X18UIZZE R7IZD+vtwtzNswt>t43II230mmx7Omm
98405,https://m.media-amazon.com/images/I/61ARJk90IXL.jpg,648011,height,"50mmPRODUCT INFORMATIONPower: 6WLumen: 500LmExtroStor""Current: 49mAColor Temperature: 6500K54mmLifespan: 2O0O0HDimmable: No22mmGU1O100K3000k8000k10OOOK6500k"
98406,https://m.media-amazon.com/images/I/61ARJk90IXL.jpg,648011,width,"50mmPRODUCT INFORMATIONPower: 6WLumen: 500LmExtroStor""Current: 49mAColor Temperature: 6500K54mmLifespan: 2O0O0HDimmable: No22mmGU1O100K3000k8000k10OOOK6500k"
98407,https://m.media-amazon.com/images/I/61ARQ0g74+L.jpg,908443,item_weight,CARBON FIBER FRAMEULTRA LIGHT TO5.1Oz12]
98408,https://m.media-amazon.com/images/I/61ARRqCbCKL.jpg,816782,depth,"70""24""CENEROUS SIZE"
98409,https://m.media-amazon.com/images/I/61ARWkb+U1L.jpg,347404,width,8.5 in7 in8.1 in6.5 in6 in4.7 in5.5 in4.3 in
98410,https://m.media-amazon.com/images/I/61ARXybKgSL.jpg,311997,width,8819.09-10.249.57
98411,https://m.media-amazon.com/images/I/61ARaZ5YdUL.jpg,752266,width,Total length:345cm/135.83in3.54in/9cm611.8in/30cm
98412,https://m.media-amazon.com/images/I/61ARnFl6oRL.jpg,752266,depth,Dimension & Operation0AcPrz(M5.5cm/2.Zin1Ocm/4inSwitchWhiteWarm WhiteON4S= %XCAVkcT-X7 !8n l lIF|Jnmkvnvn7a < 4XV!/n < hi7
98413,https://m.media-amazon.com/images/I/61ARnFl6oRL.jpg,752266,width,Dimension & Operation0AcPrz(M5.5cm/2.Zin1Ocm/4inSwitchWhiteWarm WhiteON4S= %XCAVkcT-X7 !8n l lIF|Jnmkvnvn7a < 4XV!/n < hi7
98414,https://m.media-amazon.com/images/I/61ARpDxAjPL.jpg,860821,height,8.O7inch1.44inch5.03inch
98415,https://m.media-amazon.com/images/I/61AS-CmQj7L.jpg,931247,width,Table Skirt Length=HowSides of Tablefront and sidefront side4ft table6ft table6FT Table Skirt3OIn72InMany
98416,https://m.media-amazon.com/images/I/61AS-CmQj7L.jpg,931247,depth,Table Skirt Length=HowSides of Tablefront and sidefront side4ft table6ft table6FT Table Skirt3OIn72InMany
98417,https://m.media-amazon.com/images/I/61AS-KtsaIL.jpg,517922,item_volume,"amazon basicsethyl alcoholrubbingalcoholFirst Aid Antiseptic70%0WARNINGKeep away from heat; spark,FLAMMABLEelectrical, fire or flameUse only in a well-ventilated area;fumes can be harmfulCAUTION: Do not point at self orothers; product will squirt when squeezed.16 FL OZ ( PT) 473mL"
98418,https://m.media-amazon.com/images/I/61AS5-GVBqL.jpg,653767,depth,"20 ""12""X2PRODUCTPARAMETER2 PCS Pillow Covers & Inserts+"
98419,https://m.media-amazon.com/images/I/61ASD7VGmCL.jpg,681445,depth,2.6 inch[3.8 inch
98420,https://m.media-amazon.com/images/I/61ASD7VGmCL.jpg,681445,height,2.6 inch[3.8 inch
98421,https://m.media-amazon.com/images/I/61ASEMX6sJL.jpg,261553,width,20cm/7.9in
98422,https://m.media-amazon.com/images/I/61ASEMX6sJL.jpg,261553,depth,20cm/7.9in
98423,https://m.media-amazon.com/images/I/61ASEMX6sJL.jpg,261553,height,20cm/7.9in
98424,https://m.media-amazon.com/images/I/61ASNXGtESL.jpg,462757,width,Lightweightand compactSOOMMI14MM4.8IN20IN88:881215MM48IN
98425,https://m.media-amazon.com/images/I/61ASUwujsiL.jpg,355666,item_weight,ProductparametersPRobUcr PARAMETERFroductmodel8x21Magification8XObpctive lensdiameter21mmEyepiecediameter1 ZmmMsllaField122m/100OmPrism materialBAK496mmCoatingFMCFocusing modeMiddle Tone Rightye ToneMrttar bedyRubiser metal sizenai108mmHeavyQuanti178gLooking up
98426,https://m.media-amazon.com/images/I/61ASVjOgQ1L.jpg,931856,height,29.5 in /75 cm39 in / 100 cm9.8 in / 25 cm6.1 in / 15.5 cm
98427,https://m.media-amazon.com/images/I/61ASVkjATSS.jpg,752266,width,O40 LumensBattery Powered IRemote Control | Warm Whitel12 Colors1.2inchW3.0 inch
98428,https://m.media-amazon.com/images/I/61ASVkjATSS.jpg,752266,depth,O40 LumensBattery Powered IRemote Control | Warm Whitel12 Colors1.2inchW3.0 inch
98429,https://m.media-amazon.com/images/I/61ASX3q1VHL.jpg,119607,depth,"ZOcmLTTERKNOWLEDGESmooth-coatcd OltcrNoaTH ANERICAXANATOMYRIER OTERLofiin3orin8*85835Tcol6A EnhOTTERS OPTHEWORLD30cm4ISEA OTTERSdracastdrr EanSeaeen | HrdloernaeeeenFrd6a-eneutaerJtae-7e @a FomiRnete'tKhv OTTe?sUrs""E""RIVER OTTERWhobonaeetet &1 WebbtdtdHenealeednaredtovoo7in |Deaeal""nleganLeolErddina67o"
98430,https://m.media-amazon.com/images/I/61ASX3q1VHL.jpg,119607,width,"ZOcmLTTERKNOWLEDGESmooth-coatcd OltcrNoaTH ANERICAXANATOMYRIER OTERLofiin3orin8*85835Tcol6A EnhOTTERS OPTHEWORLD30cm4ISEA OTTERSdracastdrr EanSeaeen | HrdloernaeeeenFrd6a-eneutaerJtae-7e @a FomiRnete'tKhv OTTe?sUrs""E""RIVER OTTERWhobonaeetet &1 WebbtdtdHenealeednaredtovoo7in |Deaeal""nleganLeolErddina67o"
98431,https://m.media-amazon.com/images/I/61ASYpRVewL.jpg,721542,height,"1.91.91.90.9inchinchinchinch17.17.717.717.729.1inchinchinchinchinchlMobihome""+++@0.6inch@0.6inch@O.6inchdO.6inch6.2inch"
98432,https://m.media-amazon.com/images/I/61ASkv0TICL.jpg,991868,width,"47,4 cmHMcoM11 cm32,8 cm"
98433,https://m.media-amazon.com/images/I/61AStB5qiRL.jpg,558806,width,1.7 in / 4.5 cmCkeensCkeens1g
98434,https://m.media-amazon.com/images/I/61AStB5qiRL.jpg,558806,height,1.7 in / 4.5 cmCkeensCkeens1g
98435,https://m.media-amazon.com/images/I/61AStB5qiRL.jpg,558806,depth,1.7 in / 4.5 cmCkeensCkeens1g
98436,https://m.media-amazon.com/images/I/61AT0OorR3L.jpg,149159,width,20cm17cm
98437,https://m.media-amazon.com/images/I/61AT0OorR3L.jpg,149159,height,20cm17cm
98438,https://m.media-amazon.com/images/I/61AT0wNZVrL.jpg,339467,height,"MrgegdeAlodoDriving Quality HomeUniversal Cuttable Rubber Boot MatFeaturesProtects andlor replaces original carpetFlexible & weather resistantUniversal fit8Ocm longx 120cm wideAnti-slip backingRugerdeAeosPriving Quality Homedemyctara linkEnnieKIllonCo-FerManaohBli 46Telecnoie02866322720cuntexhenuflueniiccus""oncs Cn"
98439,https://m.media-amazon.com/images/I/61AT0wNZVrL.jpg,339467,depth,"MrgegdeAlodoDriving Quality HomeUniversal Cuttable Rubber Boot MatFeaturesProtects andlor replaces original carpetFlexible & weather resistantUniversal fit8Ocm longx 120cm wideAnti-slip backingRugerdeAeosPriving Quality Homedemyctara linkEnnieKIllonCo-FerManaohBli 46Telecnoie02866322720cuntexhenuflueniiccus""oncs Cn"
98440,https://m.media-amazon.com/images/I/61AT7VDuEfL.jpg,208023,depth,Collection FrameEviw DBOXH2L4:127x178 mmNakabayashi
98441,https://m.media-amazon.com/images/I/61AT88vkTDL.jpg,142748,depth,"5J498 cm(38,5 in)caseWeightE88 Ribs350 g"
98442,https://m.media-amazon.com/images/I/61AT88vkTDL.jpg,142748,height,"5J498 cm(38,5 in)caseWeightE88 Ribs350 g"
98443,https://m.media-amazon.com/images/I/61ATBdtNepL.jpg,368364,height,30.5cm/12inPrincess11Piess8BuBB12sMilouay7.5cm/2.95inCorDoicutE#o.4
98444,https://m.media-amazon.com/images/I/61ATGQjC9fL.jpg,478357,height,"""39.4""25.16.5'W31.164.3""5.9"""
98445,https://m.media-amazon.com/images/I/61ATGQjC9fL.jpg,478357,width,"""39.4""25.16.5'W31.164.3""5.9"""
98446,https://m.media-amazon.com/images/I/61ATLaM5NFL.jpg,150535,width,PRODUCT DIMENSIONTo08+11{4.46in/11.Scm$30$4.46in/11.ScmHeartShapeBig10
98447,https://m.media-amazon.com/images/I/61ATPJWH6ML.jpg,362818,height,529cm14cm
98448,https://m.media-amazon.com/images/I/61ATQbBz0KL.jpg,483370,height,5in16in
98449,https://m.media-amazon.com/images/I/61ATQbBz0KL.jpg,483370,depth,5in16in
98450,https://m.media-amazon.com/images/I/61ATQbBz0KL.jpg,483370,width,5in16in
98451,https://m.media-amazon.com/images/I/61ATQiI5Z5L.jpg,396159,height,2-Pieces Setl85Comfort Fabric1Precision Edging14.4 In36.5cm
98452,https://m.media-amazon.com/images/I/61ATQiI5Z5L.jpg,396159,depth,2-Pieces Setl85Comfort Fabric1Precision Edging14.4 In36.5cm
98453,https://m.media-amazon.com/images/I/61ATQiI5Z5L.jpg,396159,width,2-Pieces Setl85Comfort Fabric1Precision Edging14.4 In36.5cm
98454,https://m.media-amazon.com/images/I/61ATTIejsnL.jpg,752266,width,10.12 InchIm &88M17.72 InchVoltage:12 VCord Length:50 FT1!121111
98455,https://m.media-amazon.com/images/I/61ATTIejsnL.jpg,752266,height,10.12 InchIm &88M17.72 InchVoltage:12 VCord Length:50 FT1!121111
98456,https://m.media-amazon.com/images/I/61ATg0-aNlL.jpg,913156,width,Suitable for:Lightsaberwith HandleLength more than 17.8cm long7Lightsaber with Round Handle63less than Scm diameter{5_8Scm/2in9cm/2.32inScm/?in
98457,https://m.media-amazon.com/images/I/61AThwlwlmL.jpg,913156,depth,FINISH{Glossy FinishsWEIGHT{387 GramMATERIALLength: 22.5 CmHigh Quality Brassfollow US on:CRAFTEDHAND
98458,https://m.media-amazon.com/images/I/61AThwlwlmL.jpg,913156,height,FINISH{Glossy FinishsWEIGHT{387 GramMATERIALLength: 22.5 CmHigh Quality Brassfollow US on:CRAFTEDHAND
98459,https://m.media-amazon.com/images/I/61ATnCweseL.jpg,178778,height,65.1INCH68 123 INCH69y7.3INCH
98460,https://m.media-amazon.com/images/I/61ATpAdO7pL.jpg,242256,depth,5.12in7.09in78.74in
98461,https://m.media-amazon.com/images/I/61AU+qVo88L.jpg,978900,width,IIOcm2cm116cm5.5cmScm
98462,https://m.media-amazon.com/images/I/61AU+qVo88L.jpg,978900,height,IIOcm2cm116cm5.5cmScm
98463,https://m.media-amazon.com/images/I/61AU3DCkE4L.jpg,237000,width,"Overall Dimensions:W X 14H x 26.5'D1426.548""48"""
98464,https://m.media-amazon.com/images/I/61AU72JODOL.jpg,801829,height,101cm46cm92cm61cm
98465,https://m.media-amazon.com/images/I/61AUAddKuHL.jpg,120219,height,6.]25.8cm/1O.IinIcm/2.4in
98466,https://m.media-amazon.com/images/I/61AUDEqpoWL.jpg,120219,width,"Premium PU Leather , easy to clean:Great Stability & Quick InstallationWIDE CIRCLEadjustable strapPU leather9.75.5""{WaterproofDustproof16.5in/42cmBottom hookTop"
98467,https://m.media-amazon.com/images/I/61AUHesDDiL.jpg,849273,depth,21.8 inch18.5 inch6.5 inch
98468,https://m.media-amazon.com/images/I/61AULUpLP4L.jpg,464488,width,diaueter: {cm8.2cnheight : 14.5cm16. 6cm7cm8.2cn14.5cm16.6cm
98469,https://m.media-amazon.com/images/I/61AULUpLP4L.jpg,464488,depth,diaueter: {cm8.2cnheight : 14.5cm16. 6cm7cm8.2cn14.5cm16.6cm
98470,https://m.media-amazon.com/images/I/61AUOMGzPgL.jpg,731252,height,"ProductSize15""7.5""Depth: 2""5.7"""
98471,https://m.media-amazon.com/images/I/61AUdbl47WL.jpg,931856,depth,Products Size52CG5
98472,https://m.media-amazon.com/images/I/61AUdbl47WL.jpg,931856,width,Products Size52CG5
98473,https://m.media-amazon.com/images/I/61AUgZbJ1xL.jpg,883833,width,"Fits window frame up to 39"" windth17""39"""
