index,image_link,group_id,entity_name,e
95874,https://m.media-amazon.com/images/I/618x5wuQjJL.jpg,752266,height,"Product Size5.90""2.75""27.95""E12Base40WMAX11OVACW"
95875,https://m.media-amazon.com/images/I/618x6Ha6ioL.jpg,487566,depth,"item information7 i _E> 7#FI- NFi FI t Hxn ) > % 0Exlxah)""'f-Aat-IN~sm}l;to+47#Tilp>T 150x210cm#1TYtW #Z@0+5%-3 %h5 _7il-.E>9#+{0##:#VIZT)1OO%0880:+7464v749>50%. 71#-50 %08+42a#mge#@ 0.7kg/Hl#ttqe#@#8R740XEMx @ @4@0FB0.3kg"
95876,https://m.media-amazon.com/images/I/618x9hLgRqL.jpg,675317,width,1.18 inch13 cm0.5 inch1.2 cm1 inch2.5 cm1 inch2.5 cminch0.9mml22
95877,https://m.media-amazon.com/images/I/618xB6juJ1L.jpg,784538,depth,SIZE INFORMATION8540cm / 15.7inSmooth & Anti-wrinkleWear-resistantEco-friendly
95878,https://m.media-amazon.com/images/I/618xB6juJ1L.jpg,784538,height,SIZE INFORMATION8540cm / 15.7inSmooth & Anti-wrinkleWear-resistantEco-friendly
95879,https://m.media-amazon.com/images/I/618xBvZi3VL.jpg,407808,height,TRADEECO COUNTERStanley Knife Cutter100mmLid has handy grooves molded in to880mmmaking cutting to your required size68mmand installing even simpler63mm63/65mm
95880,https://m.media-amazon.com/images/I/618xBvZi3VL.jpg,407808,depth,TRADEECO COUNTERStanley Knife Cutter100mmLid has handy grooves molded in to880mmmaking cutting to your required size68mmand installing even simpler63mm63/65mm
95881,https://m.media-amazon.com/images/I/618xDVj8BDL.jpg,430434,width,[g916cm/2.4in
95882,https://m.media-amazon.com/images/I/618xE3P+LoL.jpg,311997,height,"DIMENSIONSh18L23.6""30lbs|30LBS6""305LBS30LBS301LBS62.2""13"""
95883,https://m.media-amazon.com/images/I/618xHIgVXVL.jpg,823083,width,9.5 inch4.1inch5.1inch
95884,https://m.media-amazon.com/images/I/618xNMWJ4ZL.jpg,130202,height,"3xLttVorsicht StufelWWW mbs-signs deMBS""Made inGermany2IxZ AcmLetufelStufel"
95885,https://m.media-amazon.com/images/I/618xPhPzO6L.jpg,365756,depth,PRODUCT SIZEFits most waist sizesI38cm/14.96in
95886,https://m.media-amazon.com/images/I/618xPhPzO6L.jpg,365756,height,PRODUCT SIZEFits most waist sizesI38cm/14.96in
95887,https://m.media-amazon.com/images/I/618xS41GcVL.jpg,403664,height,"15 cmF 7,5 cm23,5 cm33"
95888,https://m.media-amazon.com/images/I/618xUl9oK0L.jpg,836625,width,"TOP66.5 cm26.2""SIDEFRONT10.4 cm76.2 cm4.1""30""_60317""816.2""3Roll overimage to zoom inThinner thickness,more suitabale for wall hanging:"
95889,https://m.media-amazon.com/images/I/618xVPl1LnL.jpg,784538,depth,"4Ocm/15.7in{1140cm/15.7in""42SCREW INSTALLATIONMETAL MATERIALBIRD SHAPE"
95890,https://m.media-amazon.com/images/I/618xYeVOFgL.jpg,436746,width,"1OOmm /3.94""21Thickness: 3.2mm /0.12"""
95891,https://m.media-amazon.com/images/I/618xena4qJL.jpg,648011,height,"77""103""17""35""6""|27"""
95892,https://m.media-amazon.com/images/I/618xgRKZVhS.jpg,304120,depth,PRODUCTDIMENSION2.7in4.5in
95893,https://m.media-amazon.com/images/I/618xgRKZVhS.jpg,304120,width,PRODUCTDIMENSION2.7in4.5in
95894,https://m.media-amazon.com/images/I/618xhJ0mvrL.jpg,119607,depth,Product Size~WelttrleYqu SHcVLA1LEAVE30cm/11.8linch
95895,https://m.media-amazon.com/images/I/618xvtnVBHL.jpg,276611,height,Product Size5Weight CapacitykgEach Shelf: 5kg31.5cm58.5cm23cm31.5cm123cm16cm27.Scm52cm26cm37cm30cm56cm
95896,https://m.media-amazon.com/images/I/618xxV-zinS.jpg,237000,depth,SIZE:170cm/67inch120cm/ 4'47inch160cn/63inch
95897,https://m.media-amazon.com/images/I/618xxV-zinS.jpg,237000,height,SIZE:170cm/67inch120cm/ 4'47inch160cn/63inch
95898,https://m.media-amazon.com/images/I/618xz8vHNoL.jpg,549052,depth,"427382 7352277=207op2Balle de tennis geante pour chienSwerve SportsPompe et emboulde gonflage inclus24cmMNELE VOIR EN ACTION!Sparts""chan'Areswere .'0tn?E'fas68424.Laisia)'emboutGhiensinclusPompe =OUS?gonflage /{ACTION{VOirE"
95899,https://m.media-amazon.com/images/I/618xz8vHNoL.jpg,549052,width,"427382 7352277=207op2Balle de tennis geante pour chienSwerve SportsPompe et emboulde gonflage inclus24cmMNELE VOIR EN ACTION!Sparts""chan'Areswere .'0tn?E'fas68424.Laisia)'emboutGhiensinclusPompe =OUS?gonflage /{ACTION{VOirE"
95900,https://m.media-amazon.com/images/I/618xzoMD3-L.jpg,120219,height,7320mm/12.59in[g
95901,https://m.media-amazon.com/images/I/618y3lk6nWS.jpg,983323,wattage,MODEL:MIISBAZHRevisionLnanaGo2o0v-240V AC 50/60Hz0.14A25wRoHsBearing Type€Ball BearingSleeve BearingMPEDANCE PROTECTEDMADE INCHINA
95902,https://m.media-amazon.com/images/I/618y3lk6nWS.jpg,983323,voltage,MODEL:MIISBAZHRevisionLnanaGo2o0v-240V AC 50/60Hz0.14A25wRoHsBearing Type€Ball BearingSleeve BearingMPEDANCE PROTECTEDMADE INCHINA
95903,https://m.media-amazon.com/images/I/618yEO0szGL.jpg,764618,height,Product Size31.5cm/12.4in931[52: .:'88Suitable for USACA license plateNotice:We recommend that you measure before you purchase tomake sure that the upper lip of the frame does not cover the statename oflicense.your
95904,https://m.media-amazon.com/images/I/618yEO0szGL.jpg,764618,depth,Product Size31.5cm/12.4in931[52: .:'88Suitable for USACA license plateNotice:We recommend that you measure before you purchase tomake sure that the upper lip of the frame does not cover the statename oflicense.your
95905,https://m.media-amazon.com/images/I/618yEO0szGL.jpg,764618,width,Product Size31.5cm/12.4in931[52: .:'88Suitable for USACA license plateNotice:We recommend that you measure before you purchase tomake sure that the upper lip of the frame does not cover the statename oflicense.your
95906,https://m.media-amazon.com/images/I/618yQlERsIL.jpg,304120,width,Olnewisel Product Size4.5 in4.5 in886.6 in6.6 in3.9 in5.3 in
95907,https://m.media-amazon.com/images/I/618yTedGtlS.jpg,866950,item_weight,saferProduct Model'Ao5Weight'0.93KGDispay;DigitalColorBlackTypeWirelessPortableGas Tube Line : 65cmWorking VoltafeDC 12/6VMaxfREEInflatable Pressure;15OPSI(MAX)Makeeeterprivingend
95908,https://m.media-amazon.com/images/I/618yYmu0HXL.jpg,752266,height,"4.7in/12cm23,23-6in/60cm;.6in/60cm"
95909,https://m.media-amazon.com/images/I/618ycMxj91L.jpg,200507,depth,"3V8b6UZ4grmmae#FntatztxE#Ibj3.5cmoZ*8-#l77()liv""zlW-ea+yo#WwEbhvvavhta1ofoarlha""' #bi8lst3-w33v+""Z1> FOEH(361761k3o"
95910,https://m.media-amazon.com/images/I/618ycMxj91L.jpg,200507,width,"3V8b6UZ4grmmae#FntatztxE#Ibj3.5cmoZ*8-#l77()liv""zlW-ea+yo#WwEbhvvavhta1ofoarlha""' #bi8lst3-w33v+""Z1> FOEH(361761k3o"
95911,https://m.media-amazon.com/images/I/618yeDVfmrL.jpg,916768,depth,Free CombinationIdeal for Different Needs0h3MAXSOMAXSO5.5 inch5.5 inchOne Layer 30 OZTwo Layers 50 OZ
95912,https://m.media-amazon.com/images/I/618yhIaigBL.jpg,866950,item_weight,BIKE PUMP FEATURESHigh Pressure up to 1OOPSIEPDM RUBBER HOSEFIT PRESTA & SCHRADERVALVEDUST CAPMOUNTING BRACKETLIGHTWEIHGT STRONG ALUMINUMINFLATES TO 100 PSIOVER SIZED PISTONERGONOMIC NON-SLIP HANDLEPUMP EXTENSION HOSE
95913,https://m.media-amazon.com/images/I/618yi8pn8lL.jpg,656960,height,Y>4.9in12.Scm/e38
95914,https://m.media-amazon.com/images/I/618yi8pn8lL.jpg,656960,width,Y>4.9in12.Scm/e38
95915,https://m.media-amazon.com/images/I/618yjL7n-jL.jpg,675680,height,86cm19cm81cm90cm
95916,https://m.media-amazon.com/images/I/618yjL7n-jL.jpg,675680,height,86cm19cm81cm90cm
95917,https://m.media-amazon.com/images/I/618yni1G0CL.jpg,558806,depth,4.72inch/12cmapprox8.66inch/22cmapprox
95918,https://m.media-amazon.com/images/I/618yni1G0CL.jpg,558806,height,4.72inch/12cmapprox8.66inch/22cmapprox
95919,https://m.media-amazon.com/images/I/618ynn8ybeL.jpg,478357,depth,"22.44""615.98"""
95920,https://m.media-amazon.com/images/I/618ynn8ybeL.jpg,478357,height,"22.44""615.98"""
95921,https://m.media-amazon.com/images/I/618yo1FONlL.jpg,894599,depth,10XMagnification110mm/4.33inBrightLed Lights[g30XMagnificationPOWERED BYUSBBATTERY
95922,https://m.media-amazon.com/images/I/618yo1FONlL.jpg,894599,width,10XMagnification110mm/4.33inBrightLed Lights[g30XMagnificationPOWERED BYUSBBATTERY
95923,https://m.media-amazon.com/images/I/618yo1FONlL.jpg,894599,height,10XMagnification110mm/4.33inBrightLed Lights[g30XMagnificationPOWERED BYUSBBATTERY
95924,https://m.media-amazon.com/images/I/618yoDMGSFL.jpg,347404,width,~EQIR2.5cm15cm11.5cm5.Scm1lcm
95925,https://m.media-amazon.com/images/I/618yoDMGSFL.jpg,347404,height,~EQIR2.5cm15cm11.5cm5.Scm1lcm
95926,https://m.media-amazon.com/images/I/618yshK0gwS.jpg,599772,height,"3.75""m5.25""9.5cmDESIGN13.3cm11.75""29.8cm10.7""27.2cm13.5""34.3cm"
95927,https://m.media-amazon.com/images/I/618yzxEcpoS.jpg,784538,width,1Sinches1 SinchesTOinches
95928,https://m.media-amazon.com/images/I/618z4EeCB+L.jpg,237000,height,SIZE: 150*90*15CM15cm[39Ocm
95929,https://m.media-amazon.com/images/I/618z8cjnvVL.jpg,437623,depth,1.9 inch8.7 inch8.8 inch
95930,https://m.media-amazon.com/images/I/618z8cjnvVL.jpg,437623,height,1.9 inch8.7 inch8.8 inch
95931,https://m.media-amazon.com/images/I/618z9No+jpL.jpg,558806,height,Product Size6cm/2.36in7cml2.75in7cm2.75in6F63336cm/2.36in7.5cm/2.95in7cm/2.75in!66333
95932,https://m.media-amazon.com/images/I/618zD5O2EeL.jpg,892291,item_weight,What's in the box?1 *Power Charger Adapter1 *power cable20CableClips2
95933,https://m.media-amazon.com/images/I/618zD5O2EeL.jpg,892291,wattage,What's in the box?1 *Power Charger Adapter1 *power cable20CableClips2
95934,https://m.media-amazon.com/images/I/618zEfWp0OL.jpg,648011,height,30mmPower:12 WattsBrightness:1145OLMVoltage:220-2401Color Temperature:'3000KWarm White
95935,https://m.media-amazon.com/images/I/618zEfWp0OL.jpg,648011,depth,30mmPower:12 WattsBrightness:1145OLMVoltage:220-2401Color Temperature:'3000KWarm White
95936,https://m.media-amazon.com/images/I/618zEfWp0OL.jpg,648011,width,30mmPower:12 WattsBrightness:1145OLMVoltage:220-2401Color Temperature:'3000KWarm White
95937,https://m.media-amazon.com/images/I/618zOCxWQnL.jpg,351134,height,"Product Size14""10""10 """
95938,https://m.media-amazon.com/images/I/618zOCxWQnL.jpg,351134,width,"Product Size14""10""10 """
95939,https://m.media-amazon.com/images/I/618zOWaWx7L.jpg,653767,width,38 CM38 CMPassend fur Zierkissen in der Groke 40x40 CM(Hinweis: die Hulle sollte immer 2-3 CM kleiner sein als das Kissen; damitesfulliger und schoner aussieht )
95940,https://m.media-amazon.com/images/I/618zOWaWx7L.jpg,653767,height,38 CM38 CMPassend fur Zierkissen in der Groke 40x40 CM(Hinweis: die Hulle sollte immer 2-3 CM kleiner sein als das Kissen; damitesfulliger und schoner aussieht )
95941,https://m.media-amazon.com/images/I/618zRfymQVL.jpg,752266,depth,100 mm25 mm1fischerischerDOWELSINCLUDED1500 mm(E27)385 mm250 mm
95942,https://m.media-amazon.com/images/I/618zRfymQVL.jpg,752266,width,100 mm25 mm1fischerischerDOWELSINCLUDED1500 mm(E27)385 mm250 mm
95943,https://m.media-amazon.com/images/I/618zVBhL3sL.jpg,823083,depth,112.5cm/4.92in
95944,https://m.media-amazon.com/images/I/618zVBhL3sL.jpg,823083,height,112.5cm/4.92in
95945,https://m.media-amazon.com/images/I/618zVtdo0iL.jpg,442321,width,"52.8""741""52.8""741""12""17 _417174""35/9.6""19.6154.2""55124""11.480""11.4""64.5741""/6""21.6""23.6""11.822.4""10.220.8""11.3"""
95946,https://m.media-amazon.com/images/I/618zXwLVPkL.jpg,781426,height,"FLEXIBLEGROSSENFU RALLEMATRATZENS90 x 200 CM100 x 200 CM120 x 200 CM130 x 200 CMM140 x 200 CM160 x 200 CM180 x 200 CMSn200 x 200 CMPASSENDEKISSENUND BETTBEZUGESEPARAT ERHALTLICHschlafgut"""
95947,https://m.media-amazon.com/images/I/618zkdHerkL.jpg,877667,depth,11.4in(29cm)O151@Zcm)1
95948,https://m.media-amazon.com/images/I/618zlMO1ICL.jpg,311997,height,"24.75""36.5""IM71112.25""11.5""25.75"""
95949,https://m.media-amazon.com/images/I/618zt0XF1mL.jpg,281159,item_volume,"BIOADVANCEDIcitNcI-das[0 soljtiomi3-in-1Insect;Disease& Mite ControlArADtato pRAYFor use on TREES;SHRUBS; ROSES& FLOWERSPara usoenarboles aroustos rOsasUp to 30 Daysy floresInsect ProtectionKills Japanese beetlesspider mites &other listed Cures & prevents listed diseasesTreatsupto192 Rose BushesKefkcHEEXs 32E402 "" ondlyaphidspests"
95950,https://m.media-amazon.com/images/I/618zzDGkjRL.jpg,589105,depth,Product size1845cm/17.7in1PCS
95951,https://m.media-amazon.com/images/I/618zzDGkjRL.jpg,589105,height,Product size1845cm/17.7in1PCS
95952,https://m.media-amazon.com/images/I/618zzDGkjRL.jpg,589105,width,Product size1845cm/17.7in1PCS
95953,https://m.media-amazon.com/images/I/619+3-Bi5uL.jpg,892291,item_weight,COMES WITHA18W ADAPTERTo POWER ALLFaster charging than original charger9V/2A AdapterApple SV/1A(INCLUDED)Adapter0100% -Charged^8w
95954,https://m.media-amazon.com/images/I/619+3-Bi5uL.jpg,892291,wattage,COMES WITHA18W ADAPTERTo POWER ALLFaster charging than original charger9V/2A AdapterApple SV/1A(INCLUDED)Adapter0100% -Charged^8w
95955,https://m.media-amazon.com/images/I/619+5kbcvxL.jpg,154981,depth,"HBYDAFaltstreifen fur FrobelsterneBandes pour Etoiles de FroebelFoldable Strips for Froebel StarsMitFaltanleitungfurFrobelsternelAvecinstructionsles Etoiles de Froebelfolding instructionsforStars!96 Papierstreifen96 Bandes de papier96 Strips of Paper1,5 x 45 cm120 g/m? , gsm0 7 cmArt. 20-48 755 9900 5 3291152 14 6Baier & Schneider GmbH & Co. KG74064 Heilbronn; GERMANYwwwheyda depourWithFroebel"
95956,https://m.media-amazon.com/images/I/619+5kbcvxL.jpg,154981,height,"HBYDAFaltstreifen fur FrobelsterneBandes pour Etoiles de FroebelFoldable Strips for Froebel StarsMitFaltanleitungfurFrobelsternelAvecinstructionsles Etoiles de Froebelfolding instructionsforStars!96 Papierstreifen96 Bandes de papier96 Strips of Paper1,5 x 45 cm120 g/m? , gsm0 7 cmArt. 20-48 755 9900 5 3291152 14 6Baier & Schneider GmbH & Co. KG74064 Heilbronn; GERMANYwwwheyda depourWithFroebel"
95957,https://m.media-amazon.com/images/I/619+D9UblJL.jpg,648011,depth,I6mm52mmEnergy SavingLong life span6ooOk3605Beam AngleEco-friendly
95958,https://m.media-amazon.com/images/I/619+D9UblJL.jpg,648011,height,I6mm52mmEnergy SavingLong life span6ooOk3605Beam AngleEco-friendly
95959,https://m.media-amazon.com/images/I/619+D9UblJL.jpg,648011,width,I6mm52mmEnergy SavingLong life span6ooOk3605Beam AngleEco-friendly
95960,https://m.media-amazon.com/images/I/619+SuLJKdL.jpg,311997,width,"392*8.78"" /22,30cmF____133916.77""/42,59cmH7912.76"" /32,4lcmF139,95cm92""a5em9,82n"
95961,https://m.media-amazon.com/images/I/619+TesFMbL.jpg,653767,width,Match the pillow of 18*18inthere will be a full effectroolballDALLASEST.1960;18in
95962,https://m.media-amazon.com/images/I/619+TesFMbL.jpg,653767,height,Match the pillow of 18*18inthere will be a full effectroolballDALLASEST.1960;18in
95963,https://m.media-amazon.com/images/I/619+TesFMbL.jpg,653767,depth,Match the pillow of 18*18inthere will be a full effectroolballDALLASEST.1960;18in
95964,https://m.media-amazon.com/images/I/619+Yog6vDL.jpg,823083,height,7 1/2 in15 1/2 in4A
95965,https://m.media-amazon.com/images/I/619+Yog6vDL.jpg,823083,width,7 1/2 in15 1/2 in4A
95966,https://m.media-amazon.com/images/I/619+Yog6vDL.jpg,823083,depth,7 1/2 in15 1/2 in4A
95967,https://m.media-amazon.com/images/I/619+cLT-OzL.jpg,178778,width,7)1OOmm
95968,https://m.media-amazon.com/images/I/619+cLT-OzL.jpg,178778,height,7)1OOmm
95969,https://m.media-amazon.com/images/I/619+cLT-OzL.jpg,178778,depth,7)1OOmm
95970,https://m.media-amazon.com/images/I/619+f-4svvL.jpg,752266,depth,"NOTE:Please confirm the size before purchasing4.72""ipad Air9.8""36.3""iPad Air11.8""7.02""Compatible E26 Bulbs"
95971,https://m.media-amazon.com/images/I/619+f-4svvL.jpg,752266,height,"NOTE:Please confirm the size before purchasing4.72""ipad Air9.8""36.3""iPad Air11.8""7.02""Compatible E26 Bulbs"
95972,https://m.media-amazon.com/images/I/619+jTmdjlL.jpg,844474,width,"PRODUCT SIZE15.6inch44CM/17.3""28CM/11.0""15CM/5.9""*Please refer to the size of the backpack before buyingReferenceORPants*3T-shirt*314 inch laptopBook*10"
95973,https://m.media-amazon.com/images/I/619+kT3oGxL.jpg,823083,depth,3.15in2.36in2.36inU75weight-21Ogweight-180gweight-180gtexture of material:synthetic resin
95974,https://m.media-amazon.com/images/I/619+kT3oGxL.jpg,823083,height,3.15in2.36in2.36inU75weight-21Ogweight-180gweight-180gtexture of material:synthetic resin
95975,https://m.media-amazon.com/images/I/619+maIjIYL.jpg,823083,depth,22cm15cm
95976,https://m.media-amazon.com/images/I/619+maIjIYL.jpg,823083,height,22cm15cm
95977,https://m.media-amazon.com/images/I/619+qnYtZBL.jpg,174276,width,5.3cm2.1in5.3cm2.1in554.3cm1.7in55
95978,https://m.media-amazon.com/images/I/619+qv8weeL.jpg,340151,height,"4.64<in785818Ia439Tmyp""170843QNOHL"
95979,https://m.media-amazon.com/images/I/619-4JSJyfL.jpg,442321,height,"Votm9.55""25.6""65.75""27.5""36"""
95980,https://m.media-amazon.com/images/I/619-4vS5tgL.jpg,483370,width,FAIRY316cm
95981,https://m.media-amazon.com/images/I/619-4vS5tgL.jpg,483370,depth,FAIRY316cm
95982,https://m.media-amazon.com/images/I/619-96IqmvL.jpg,278850,depth,6333855AUGUSTJULYJUNE@MozuctuSisautlus $Fittuic14.4cm / 5.7in13.9cm / 5.5in12.5cm4.9in
95983,https://m.media-amazon.com/images/I/619-9fqo1DL.jpg,810266,height,3.3ing 8.3cm2.5in/ 6.3cm8 0z
95984,https://m.media-amazon.com/images/I/619-9fqo1DL.jpg,810266,depth,3.3ing 8.3cm2.5in/ 6.3cm8 0z
95985,https://m.media-amazon.com/images/I/619-AtV7WYL.jpg,801829,height,"38""27""20"""
95986,https://m.media-amazon.com/images/I/619-B2me0NL.jpg,751532,width,40.9in42.Sin15.1in77.Zin12.2in
95987,https://m.media-amazon.com/images/I/619-Bb7zF7L.jpg,639508,depth,82L72 cm138 cm
95988,https://m.media-amazon.com/images/I/619-Bb7zF7L.jpg,639508,height,82L72 cm138 cm
95989,https://m.media-amazon.com/images/I/619-DNy+2qL.jpg,130202,width,Acrylic Toilet Signage30x10 cm8211.8 inch / 30cmR TOILETFreeSmm screws drilled for mounting and fixing9
95990,https://m.media-amazon.com/images/I/619-DNy+2qL.jpg,130202,depth,Acrylic Toilet Signage30x10 cm8211.8 inch / 30cmR TOILETFreeSmm screws drilled for mounting and fixing9
95991,https://m.media-amazon.com/images/I/619-FgKS3KL.jpg,564236,height,21cm39cm33cm42cm42cm
95992,https://m.media-amazon.com/images/I/619-G50+TML.jpg,231838,depth,"13.3cm/5.24inchTime DisplayLevelPower DisplayM8Capacity DisplayTime Setting1PRODUCTSPECIFICATIONSName: Automatic Foam Soap DispenserMaterial: ABS + PPCapacity: 500 ML /17 OZSensing Range: 3 - 6CM /1.16.3inchDispensing Volume: 0.1s, 1.5sWaterproof: IPX4 WaterproofCharging Interface: Type-COperating Voltage: 3.7VScreen Display: Time, Level,Capacity Power10.8cm/4.26inch46s,"
95993,https://m.media-amazon.com/images/I/619-GJ7Il0L.jpg,599772,width,28cm]22cm6cm
95994,https://m.media-amazon.com/images/I/619-HCfEI6L.jpg,237000,width,"MEASURING GUIDE25""-33""40""_50'875""-100""33""-44""8"
95995,https://m.media-amazon.com/images/I/619-IUDlo4L.jpg,119607,depth,EVERYONEWahtstochange theworldBUT NOBODY WANTS TO CHANGE1the TOILET PAPER ROLL1.5cm/o.59inBE2Ocm/7.87in[51THECHANGE
95996,https://m.media-amazon.com/images/I/619-IUDlo4L.jpg,119607,width,EVERYONEWahtstochange theworldBUT NOBODY WANTS TO CHANGE1the TOILET PAPER ROLL1.5cm/o.59inBE2Ocm/7.87in[51THECHANGE
95997,https://m.media-amazon.com/images/I/619-KKCqigL.jpg,149708,width,"SIZE125cm/10"""
95998,https://m.media-amazon.com/images/I/619-KKCqigL.jpg,149708,depth,"SIZE125cm/10"""
95999,https://m.media-amazon.com/images/I/619-KKCqigL.jpg,149708,height,"SIZE125cm/10"""
96000,https://m.media-amazon.com/images/I/619-MktOVPL.jpg,728511,height,{202317CM1OCM
96001,https://m.media-amazon.com/images/I/619-MktOVPL.jpg,728511,width,{202317CM1OCM
96002,https://m.media-amazon.com/images/I/619-MktOVPL.jpg,728511,depth,{202317CM1OCM
96003,https://m.media-amazon.com/images/I/619-RipV8TL.jpg,983323,voltage,970998  &4823333233
96004,https://m.media-amazon.com/images/I/619-RipV8TL.jpg,983323,wattage,970998  &4823333233
96005,https://m.media-amazon.com/images/I/619-VUDDJKL.jpg,231838,depth,PRODUCT SIZECapacity:I1.502350ML503.15INCHES
96006,https://m.media-amazon.com/images/I/619-VUDDJKL.jpg,231838,height,PRODUCT SIZECapacity:I1.502350ML503.15INCHES
96007,https://m.media-amazon.com/images/I/619-cijpmOL.jpg,978900,height,"BIG SIZE7.8""/20cm2""[5cm6.89"" /17.5cm"
96008,https://m.media-amazon.com/images/I/619-eSwkYVL.jpg,594224,height,18 cmS013 cm
96009,https://m.media-amazon.com/images/I/619-eSwkYVL.jpg,594224,depth,18 cmS013 cm
96010,https://m.media-amazon.com/images/I/619-fw-6DnL.jpg,916768,height,ZE# GOOml#J 6.2cmT] 13.1cm# 17.8cm
96011,https://m.media-amazon.com/images/I/619-ggJ0sRL.jpg,529489,maximum_weight_recommendation,Using engineering plastics lightload-bearing up to 12UKGweightFirm; 
96012,https://m.media-amazon.com/images/I/619-ggJ0sRL.jpg,529489,item_weight,Using engineering plastics lightload-bearing up to 12UKGweightFirm; 
96013,https://m.media-amazon.com/images/I/619-kc8WR+L.jpg,522832,height,[Silkonrinen2.6inch/6 Scm6Z GESTALTENDESIGN2IFlaschenhalter3015cmAbtropfmatte29CmBurste30 cmcmcm-15.5
96014,https://m.media-amazon.com/images/I/619-lrnKDbL.jpg,276611,height,"27.5""12""9""12""32"""
96015,https://m.media-amazon.com/images/I/619-oXngM0L.jpg,810266,height,"Serih}Rxtl""J7.9cmRaaitl leziRt8OK""J10.7cmMxzz230ml"
96016,https://m.media-amazon.com/images/I/619-oXngM0L.jpg,810266,depth,"Serih}Rxtl""J7.9cmRaaitl leziRt8OK""J10.7cmMxzz230ml"
96017,https://m.media-amazon.com/images/I/619-pUx-WBL.jpg,894599,width,"Folding Design forEasier Carring Out4.52""9.65""5.12""3.15"""
96018,https://m.media-amazon.com/images/I/619-tBdWoNL.jpg,616171,height,25cm47cm22.2cm45.3cm7cm0E<22.2 cmoPcv+-vpltS
96019,https://m.media-amazon.com/images/I/619-u+CASsL.jpg,178778,height,5.1INCH3 INCH7.3 INCH
96020,https://m.media-amazon.com/images/I/619-yjub58L.jpg,524117,height,"DIMENSIONSOuter SizeInner SizeLength1I InchLength10 InchWidth6 InchWidth75 InchHeight6 InchHeight5 Inch65""5""10"""
96021,https://m.media-amazon.com/images/I/619006tSnML.jpg,483370,depth,25CM18CM
96022,https://m.media-amazon.com/images/I/61907LcwscL.jpg,522832,height,130cm6Ocm8cm
96023,https://m.media-amazon.com/images/I/61909uWfXyL.jpg,826444,height,7.Scm3in{16.5cm / 2.6in
96024,https://m.media-amazon.com/images/I/6190AtMmFvL.jpg,802198,height,"2-314""4""CROWN ME2-314""2-1/2""Plastic PucksAluminum Pucks5.5mmmm"
96025,https://m.media-amazon.com/images/I/6190AtMmFvL.jpg,802198,depth,"2-314""4""CROWN ME2-314""2-1/2""Plastic PucksAluminum Pucks5.5mmmm"
96026,https://m.media-amazon.com/images/I/6190Gn53JgL.jpg,242256,depth,"28inmemories84""PTTHELarge House FlagaremOn"
96027,https://m.media-amazon.com/images/I/6190Hfwr8TL.jpg,730429,width,50cm/19.6inIL12<8g
96028,https://m.media-amazon.com/images/I/6190Hfwr8TL.jpg,730429,depth,50cm/19.6inIL12<8g
96029,https://m.media-amazon.com/images/I/6190J6T5I9L.jpg,916768,height,"iDESIGN3.6 IN9,14 CM7.3IN7.3IN18,54 CM18,54 CMHolds 7 cups1.68 Liters"
96030,https://m.media-amazon.com/images/I/6190JJJZwtL.jpg,681445,depth,110.5cm/4.I3inch
96031,https://m.media-amazon.com/images/I/6190Nilp--L.jpg,599772,height,"57.4""11.61""23.58"""
96032,https://m.media-amazon.com/images/I/6190ULwjb2L.jpg,180726,height,"1.5"" OD11/4"" To17/16"" ID1Measure the outer diameter2Measure the inner diameter(OD) of the tube(ID) of the tube3Check if the both4Install the plug by pressingdimensions fitit in with your thumbGETTOHOWPLUGRIGHTTHE"
96033,https://m.media-amazon.com/images/I/6190ULwjb2L.jpg,180726,depth,"1.5"" OD11/4"" To17/16"" ID1Measure the outer diameter2Measure the inner diameter(OD) of the tube(ID) of the tube3Check if the both4Install the plug by pressingdimensions fitit in with your thumbGETTOHOWPLUGRIGHTTHE"
96034,https://m.media-amazon.com/images/I/6190UQ2l0eL.jpg,311997,depth,"63""24""Height AdjustableFreeAssembling11.8"""
96035,https://m.media-amazon.com/images/I/6190UQ2l0eL.jpg,311997,height,"63""24""Height AdjustableFreeAssembling11.8"""
96036,https://m.media-amazon.com/images/I/6190VrdFivL.jpg,141308,width,17cm08o
96037,https://m.media-amazon.com/images/I/6190efurQ7L.jpg,156839,height,For O.86inchRoman Rod
96038,https://m.media-amazon.com/images/I/6190efurQ7L.jpg,156839,width,For O.86inchRoman Rod
96039,https://m.media-amazon.com/images/I/6190efurQ7L.jpg,156839,depth,For O.86inchRoman Rod
96040,https://m.media-amazon.com/images/I/6190i3OStYL.jpg,558806,depth,CAKE TOPPER1 pc5 inchHaPPyaiamdQualiligtrintHigh QualityCard StockFine5FinishAvAAMAVAVAinchghreylanoVAAUniqueSmoothDesignCutting
96041,https://m.media-amazon.com/images/I/6190i3OStYL.jpg,558806,width,CAKE TOPPER1 pc5 inchHaPPyaiamdQualiligtrintHigh QualityCard StockFine5FinishAvAAMAVAVAinchghreylanoVAAUniqueSmoothDesignCutting
96042,https://m.media-amazon.com/images/I/6190i3OStYL.jpg,558806,height,CAKE TOPPER1 pc5 inchHaPPyaiamdQualiligtrintHigh QualityCard StockFine5FinishAvAAMAVAVAinchghreylanoVAAUniqueSmoothDesignCutting
96043,https://m.media-amazon.com/images/I/6190l99RMcL.jpg,521308,width,"90.5""FI38/6""28.3""29.1""17.7u15.3""72.4"""
96044,https://m.media-amazon.com/images/I/6190lHYg4+L.jpg,359859,item_weight,Dimension (+#)Material:1OOOD PolyesterWeight: 110g / 3.902(3m: #IZTiL)(12)8A7514cm / 1.6in6.5in16.5cm
96045,https://m.media-amazon.com/images/I/6190mDYaQGL.jpg,530124,width,The back of the mat is acrosshatch sticky rubbertype material that preventsthe mat fromsliding aroundIrell ell ellol1T::::::T:U535.4in90Omm
96046,https://m.media-amazon.com/images/I/6190mDYaQGL.jpg,530124,depth,The back of the mat is acrosshatch sticky rubbertype material that preventsthe mat fromsliding aroundIrell ell ellol1T::::::T:U535.4in90Omm
96047,https://m.media-amazon.com/images/I/6190pcHUneL.jpg,810266,depth,"VIS KT4"" H[3.5"" W7 0z207MLDISHFSHER"
96048,https://m.media-amazon.com/images/I/6190pcHUneL.jpg,810266,height,"VIS KT4"" H[3.5"" W7 0z207MLDISHFSHER"
96049,https://m.media-amazon.com/images/I/6190scIFv-L.jpg,907907,item_weight,This pedal is a 1/2 spindle1/2inch
96050,https://m.media-amazon.com/images/I/6190vpogw1L.jpg,907907,item_weight,CStandard Size 9/16 inGnnOd1
96051,https://m.media-amazon.com/images/I/6190wPY-+FL.jpg,558806,depth,16cm'Large cakedecorationSmall cake decoration*24pcsIpcssize)3
96052,https://m.media-amazon.com/images/I/6190wPY-+FL.jpg,558806,width,16cm'Large cakedecorationSmall cake decoration*24pcsIpcssize)3
96053,https://m.media-amazon.com/images/I/61915LLjYtL.jpg,306956,width,"Kenmore8""12""12"""
96054,https://m.media-amazon.com/images/I/6191Ge755qL.jpg,944936,height,3D Christmas cardsDouble Deer Forest15 cm0aa4a15 cm
96055,https://m.media-amazon.com/images/I/6191Ge755qL.jpg,944936,width,3D Christmas cardsDouble Deer Forest15 cm0aa4a15 cm
96056,https://m.media-amazon.com/images/I/6191Ge755qL.jpg,944936,depth,3D Christmas cardsDouble Deer Forest15 cm0aa4a15 cm
96057,https://m.media-amazon.com/images/I/6191KLJy8bL.jpg,311997,height,"68""48""8""T8""19""3.5""12""Note: All dimensions are measuredmanually, some deviation3.5""22"""
96058,https://m.media-amazon.com/images/I/6191MIdGMsL.jpg,675317,width,148 mm ProduktgroBeBreite:25 mmHohe:37mm3M Sticker96mmGesamtlange:148mm
96059,https://m.media-amazon.com/images/I/6191OXZ8R2L.jpg,304120,depth,HOUQUA4.7cm/1.85in8.7cm/3.43in16
96060,https://m.media-amazon.com/images/I/6191Oau8LyL.jpg,173193,depth,1.42in/36mmInisesm400-480 UFF2SVA Giart Ca5o/6o+1Ce50/60HzMotorCD6O
96061,https://m.media-amazon.com/images/I/6191Oau8LyL.jpg,173193,height,1.42in/36mmInisesm400-480 UFF2SVA Giart Ca5o/6o+1Ce50/60HzMotorCD6O
96062,https://m.media-amazon.com/images/I/6191WCrHUiL.jpg,483370,depth,8.5OTrunkinTrakinOTlnkinCmsOTrunkinOTrunkin
96063,https://m.media-amazon.com/images/I/6191WCrHUiL.jpg,483370,height,8.5OTrunkinTrakinOTlnkinCmsOTrunkinOTrunkin
96064,https://m.media-amazon.com/images/I/6191WCrHUiL.jpg,483370,width,8.5OTrunkinTrakinOTlnkinCmsOTrunkinOTrunkin
96065,https://m.media-amazon.com/images/I/6191WMPeHCL.jpg,521308,height,"ADVRZO30""16""3131Manufactured with PrecisionPremium Quality9 =Inch"
96066,https://m.media-amazon.com/images/I/6191hsfTIhL.jpg,866950,item_weight,"Compact but powerful air pump4.92""/12.ScmCo_2.24""/5.7cmPower: 3W(110-120V/60Hz)Size: 4.92""x2.44""x2.24""(12.5*6.2*5.7cm)Max Air Volume: SL/min(8OGPH)Air pressure: 2OKPA"
96067,https://m.media-amazon.com/images/I/6191jgU9+OL.jpg,652519,width,37incE:Scm93cmE148cm
96068,https://m.media-amazon.com/images/I/6191kgX8KOL.jpg,752266,width,"29.52""*5.9""*5.9""LED Salon LightPower savingHigh brightnessRainproof design"
96069,https://m.media-amazon.com/images/I/6191nG-nnhL.jpg,599772,width,3 UnitClamps & 4 Utility HooksEu7ntIE1Sin4.3in2in0.lin thickThickened SteelNon-Slip SilicomeTriangular SolidStrongerRollersDesign
96070,https://m.media-amazon.com/images/I/6191ykiqlWL.jpg,784538,width,12inchMA TIS S ESet of 6 PrintsPAPIERS DECOUPES3x [12 x 16] inches and3x [8 x 10] inches in size5{A3Unframed printsComes off the press withEcole de ParisFrance 1980UV resistant inksPrinted on 300gsm fine8inchPAPIERSDFCouer sart paperGoodThingsAreComing:7Eai S
96071,https://m.media-amazon.com/images/I/6191ykiqlWL.jpg,784538,depth,12inchMA TIS S ESet of 6 PrintsPAPIERS DECOUPES3x [12 x 16] inches and3x [8 x 10] inches in size5{A3Unframed printsComes off the press withEcole de ParisFrance 1980UV resistant inksPrinted on 300gsm fine8inchPAPIERSDFCouer sart paperGoodThingsAreComing:7Eai S
96072,https://m.media-amazon.com/images/I/61923+jIU2L.jpg,675317,width,"0.6""0.3""0.5L0.95""0.4""0.25"""
96073,https://m.media-amazon.com/images/I/61924n0rtHL.jpg,573063,width,0.47in1.2cm5.5lin14cm0.75in1.9cm0.75in1.9cm02.75in7cm1A51.65in4.2cm5.98in15.2cm
