index,image_link,group_id,entity_name,e
90074,https://m.media-amazon.com/images/I/615VxCrdLhL.jpg,238409,item_weight,"Triangular carrying caseRoll of red electrical tapeInsulated ring andwith reflective warning signterminals (3 each)Jumper cables, 15-gaugepressure gaugecopper connectors;Standard 9-piece ratchet setover8 ft.with rigid hand driver(instructions included)(socket range: 3/16"".1/2""1Work glovesFlathead screwdriver(nylon/ cotton blend)Philips screwdriverPlastic windshield scraperStandard slip joint pliersfor snow and iceBlade-style automotive fuses:1O-amp, (2) 15-amp,20-ampDesigned by Picnic Time Family of Brands, a family-owned company in CaliforniaspadeTirelong"
90075,https://m.media-amazon.com/images/I/615VzbnP+kS.jpg,120219,height,18.5cm14cm12cm32.Scm16cm
90076,https://m.media-amazon.com/images/I/615W+-OVZ4S.jpg,180410,height,"THE WORLD'S ONLY AUTOMATIC WALLETTRU VIRTUInnovative functionality in mini pocket format7+Die einzigeMade inGermanyautomatischeGeldborse der WeltLe seul porte-monnaieautomatique dans le monde6 ,efLa unica cartera automaticadel mundopatentedtechnologyL'unico automatico portafoglionel mundoMINI-POCKET FORMAT6,5 cm9,9 cm0,9 cmHusterhanish)"
90077,https://m.media-amazon.com/images/I/615W52j0OpL.jpg,437623,depth,554.33 in5104 pieces of photos826 pagesphotos per page
90078,https://m.media-amazon.com/images/I/615W8-7HM6L.jpg,695338,height,"Especificacoes TecnicasTamanho da Tela2.2""Dimensoes71mm * 48mm * 19.ImmPeso Liquido42gAprova daguaIPXZTemperatura de trabalho-10PC508CBotoes2BateriaS0OmAHCapacidade de Armazenamento1500km EquivalentSpeed Sensor, Cadence Sensor,Sensores que SuportaHeart Rate Sensor,Speed/Cadence SensorMedicao de altitude e InclinacaoBarometer and GPSLuz de Fundo automaticaTempo de SincronizacaoAutomaticaPorta de carregamentoUSB Type-CGPSGPS+BeiDou+QZSS"
90079,https://m.media-amazon.com/images/I/615WBv1xfML.jpg,849273,depth,"6cm/2.4""5cm/2""18.5cm/7.315.5cm/6"""
90080,https://m.media-amazon.com/images/I/615WFWxMGrL.jpg,549052,depth,"FUN, FLOPPY SHAPE25""5"
90081,https://m.media-amazon.com/images/I/615WFWxMGrL.jpg,549052,height,"FUN, FLOPPY SHAPE25""5"
90082,https://m.media-amazon.com/images/I/615WIq7RMHL.jpg,810266,height,"4.53 INCH11,5 CM3.54 INCH9 CM"
90083,https://m.media-amazon.com/images/I/615WIq7RMHL.jpg,810266,depth,"4.53 INCH11,5 CM3.54 INCH9 CM"
90084,https://m.media-amazon.com/images/I/615WMZOo59L.jpg,681445,height,2{Inches10.5Inches10.5
90085,https://m.media-amazon.com/images/I/615WOAIWDeL.jpg,488883,height,2.5in30in15inMaximum Weight Capacity6OOLB15inSTORAGE CAPACITY UP TO20L30in15in
90086,https://m.media-amazon.com/images/I/615WPVAP6yL.jpg,810266,depth,"16 02 Bisto Mug4.25""5.125"
90087,https://m.media-amazon.com/images/I/615WPVAP6yL.jpg,810266,width,"16 02 Bisto Mug4.25""5.125"
90088,https://m.media-amazon.com/images/I/615WPh81brL.jpg,695925,depth,"8,7 €mKG6300 g082"
90089,https://m.media-amazon.com/images/I/615WPh81brL.jpg,695925,width,"8,7 €mKG6300 g082"
90090,https://m.media-amazon.com/images/I/615WPhUiHEL.jpg,478357,width,"/15,7 inch40 cm24,4inch/91cm62inchcm35.8"
90091,https://m.media-amazon.com/images/I/615WT3B7tZL.jpg,599772,width,Product SpecificationSUS 30/13.2inPremium 304 Stainless Steel2in1
90092,https://m.media-amazon.com/images/I/615WURde6kL.jpg,945489,width,ProductApacity : SmlSize03Glossy1.6 cm
90093,https://m.media-amazon.com/images/I/615WURde6kL.jpg,945489,depth,ProductApacity : SmlSize03Glossy1.6 cm
90094,https://m.media-amazon.com/images/I/615WbNMIh1L.jpg,764618,height,PRODUCT SIZE CHART12.2inch/31cmj10]1We Recommend That You Measure firstBefore PurchasingMake Sure Thate The Upper Lip of The FrameWon't Cover The State Name Your License
90095,https://m.media-amazon.com/images/I/615WbNMIh1L.jpg,764618,width,PRODUCT SIZE CHART12.2inch/31cmj10]1We Recommend That You Measure firstBefore PurchasingMake Sure Thate The Upper Lip of The FrameWon't Cover The State Name Your License
90096,https://m.media-amazon.com/images/I/615Wd5KecvL.jpg,208023,height,PRODUCKET SIZE7.9 inl 20 cm5.9 inl15cm
90097,https://m.media-amazon.com/images/I/615Wd5KecvL.jpg,208023,width,PRODUCKET SIZE7.9 inl 20 cm5.9 inl15cm
90098,https://m.media-amazon.com/images/I/615WgexgJqL.jpg,434825,depth,"#1Small CoinEnvelopesGummed Closure2.25"" X3.5""Acstep"
90099,https://m.media-amazon.com/images/I/615WkWjKdnL.jpg,844474,width,"ZiranYU1732cm/12.6"".45""24cm/9."
90100,https://m.media-amazon.com/images/I/615WotvU0rL.jpg,149159,height,{8~820Triple Pull Out(Depth)InchInch .(Width)
90101,https://m.media-amazon.com/images/I/615WuGokKaL.jpg,932289,width,"14.56""H21.26""115.74""D*Please measure the size of your air conditioner before placing an orderl"
90102,https://m.media-amazon.com/images/I/615X+0D+cKL.jpg,453674,depth,"BiR011IXTyIH<FiaIz;a#lvsHREZIzta Olc< 0)J>JZ|Ektos*3812k26'Jen""zl tzBO#RRIFOIboJVJAATJ@nowi<ss526i+4Xct4riHa+JVAOEAwm-oiRts#EFfT&bathoAEIR (1+)16cm3BA/KOF12.5cmmxZE : 2.6L@T-falTFal"
90103,https://m.media-amazon.com/images/I/615X+0D+cKL.jpg,453674,height,"BiR011IXTyIH<FiaIz;a#lvsHREZIzta Olc< 0)J>JZ|Ektos*3812k26'Jen""zl tzBO#RRIFOIboJVJAATJ@nowi<ss526i+4Xct4riHa+JVAOEAwm-oiRts#EFfT&bathoAEIR (1+)16cm3BA/KOF12.5cmmxZE : 2.6L@T-falTFal"
90104,https://m.media-amazon.com/images/I/615X+5mo15L.jpg,648011,height,45mmWARM WHITEE14 CAP2700K10O00 HRSNON-DIMMABLEHg150MERCURY1BEAMANGLEFREEPHILIPS470INSTANT ONLUMEN20K SWITCHINGCYCLES
90105,https://m.media-amazon.com/images/I/615X+5mo15L.jpg,648011,depth,45mmWARM WHITEE14 CAP2700K10O00 HRSNON-DIMMABLEHg150MERCURY1BEAMANGLEFREEPHILIPS470INSTANT ONLUMEN20K SWITCHINGCYCLES
90106,https://m.media-amazon.com/images/I/615XC4RTn7L.jpg,947369,width,AlogitechlogjBCA. 99 mmC.39 mmB. 60 mmWeight: 50 g
90107,https://m.media-amazon.com/images/I/615XSDFUXAS.jpg,944936,width,HAPPYIST feol4Ofay
90108,https://m.media-amazon.com/images/I/615XSDFUXAS.jpg,944936,depth,HAPPYIST feol4Ofay
90109,https://m.media-amazon.com/images/I/615XTvaEGGL.jpg,579652,height,29 cmDiameter18cmAdjustablecarrying72 cm53 cm104 cmstrap:
90110,https://m.media-amazon.com/images/I/615Xa9KyRvL.jpg,478357,width,30cm (11.8in)25KG36g327cm (10.6in_g27cm10.6in )8g6cm (2.4in)8129.5cm (11.6in _30cm11.8in _8=
90111,https://m.media-amazon.com/images/I/615Xcd5ixHL.jpg,752266,height,"DIMENSIONS10OWattsBrightnessBeam angleWattage10,000 Lm120100W0.98""LH19.21""9.8""VoltageWarm WhiteLifespan220V-240V3000k50,000 hrs4.8"""
90112,https://m.media-amazon.com/images/I/615Xj9EV4QL.jpg,931856,depth,"J75""'831.2 in / 3.0 cm"
90113,https://m.media-amazon.com/images/I/615Xj9EV4QL.jpg,931856,width,"J75""'831.2 in / 3.0 cm"
90114,https://m.media-amazon.com/images/I/615XjbV2foL.jpg,180726,width,Tinch[1.Sinch
90115,https://m.media-amazon.com/images/I/615XjbV2foL.jpg,180726,depth,Tinch[1.Sinch
90116,https://m.media-amazon.com/images/I/615XnoYU3BL.jpg,225251,width,"I8Months030236Months35.4inch7.97inchCaring for""Kids' GrowthFor 18-36 Months OnlyZinch19.Zinch"
90117,https://m.media-amazon.com/images/I/615XpKhPIzL.jpg,648011,depth,"Voltage:100-240VACtype:E14Rated Power:120WSAugADCC""Z0W 300OM100 240VColor Temperature:3000k36mm.42inCap"
90118,https://m.media-amazon.com/images/I/615XpKhPIzL.jpg,648011,width,"Voltage:100-240VACtype:E14Rated Power:120WSAugADCC""Z0W 300OM100 240VColor Temperature:3000k36mm.42inCap"
90119,https://m.media-amazon.com/images/I/615XpjC8lbS.jpg,524117,height,3CM3CM9CM4p22CM62
90120,https://m.media-amazon.com/images/I/615XrBcE2PL.jpg,866516,height,22.58.86 in87in39.5cmincm/15.55cm / 3.15
90121,https://m.media-amazon.com/images/I/615XsopiV-L.jpg,483370,height,PRODUCT SIZEJ0.Zin/1.8cm2Opcs2Opcs2Opcs20pcs2Opcs2Opcs2Opcs2Opcs2Opcs2Opcs
90122,https://m.media-amazon.com/images/I/615XsopiV-L.jpg,483370,depth,PRODUCT SIZEJ0.Zin/1.8cm2Opcs2Opcs2Opcs20pcs2Opcs2Opcs2Opcs2Opcs2Opcs2Opcs
90123,https://m.media-amazon.com/images/I/615XsopiV-L.jpg,483370,width,PRODUCT SIZEJ0.Zin/1.8cm2Opcs2Opcs2Opcs20pcs2Opcs2Opcs2Opcs2Opcs2Opcs2Opcs
90124,https://m.media-amazon.com/images/I/615Y+XEiyDL.jpg,640408,height,"HIGH-QUALITY DURABLEMATERIALThis water bottle pouch ismade of high-quality fabric,9.7cm/3.8innot easy to crack; durableand can be used for a longtimeWear Resistant]Heat ResistantStylish Design10cm/3.9inWashable"
90125,https://m.media-amazon.com/images/I/615Y-OZXLNL.jpg,113134,width,"Rclox-anytime,anywherebreoDreobireo11.6in2Sport4.72inMG2breo"
90126,https://m.media-amazon.com/images/I/615Y-OZXLNL.jpg,113134,height,"Rclox-anytime,anywherebreoDreobireo11.6in2Sport4.72inMG2breo"
90127,https://m.media-amazon.com/images/I/615Y-zY1LfL.jpg,594224,height,11.4IN0 0.ZINO.IN11.2IN5.3IN5.1IN3.9IN
90128,https://m.media-amazon.com/images/I/615Y1lscHoL.jpg,483370,depth,tamano35cmPatron circularBoton interruptor12cm
90129,https://m.media-amazon.com/images/I/615Y1lscHoL.jpg,483370,width,tamano35cmPatron circularBoton interruptor12cm
90130,https://m.media-amazon.com/images/I/615Y1lscHoL.jpg,483370,height,tamano35cmPatron circularBoton interruptor12cm
90131,https://m.media-amazon.com/images/I/615Y4L9Iu+L.jpg,945489,width,12mm55mmLe bouchon deIa boutellle estencligaetedansle corpsIa boutelllejusqu'a ce que les fentespour cartes se chevauchent2ml
90132,https://m.media-amazon.com/images/I/615Y4L9Iu+L.jpg,945489,height,12mm55mmLe bouchon deIa boutellle estencligaetedansle corpsIa boutelllejusqu'a ce que les fentespour cartes se chevauchent2ml
90133,https://m.media-amazon.com/images/I/615Y4L9Iu+L.jpg,945489,depth,12mm55mmLe bouchon deIa boutellle estencligaetedansle corpsIa boutelllejusqu'a ce que les fentespour cartes se chevauchent2ml
90134,https://m.media-amazon.com/images/I/615YBy73BvL.jpg,861555,height,13cmfSinCE(approx)VISSTE QYify? A BEAUTIFOL BYKoun12cm/4.7inapprox)2Ocm/7.9intapprox)ANDKeerTID>8L*
90135,https://m.media-amazon.com/images/I/615YEYsac3L.jpg,487566,height,Autumn and winter thick warm babyswaddle blanketPineapple GrayPinkBlackGreenRedBeeThickness :Elastic forceUltra -ThinMod-SlightlyThickNoMicro -HighthinsectioneratethicksectionbombsbombelasticityFabricLining Double-sided plush fabricOrigin :Made in ChinaSelected high-elasticSize : Length 100 Width 48down cottonsoft andSuitable age: 1-3 yearsmoderate thickness )Suitable season: Autumn and Winter
90136,https://m.media-amazon.com/images/I/615YEYsac3L.jpg,487566,depth,Autumn and winter thick warm babyswaddle blanketPineapple GrayPinkBlackGreenRedBeeThickness :Elastic forceUltra -ThinMod-SlightlyThickNoMicro -HighthinsectioneratethicksectionbombsbombelasticityFabricLining Double-sided plush fabricOrigin :Made in ChinaSelected high-elasticSize : Length 100 Width 48down cottonsoft andSuitable age: 1-3 yearsmoderate thickness )Suitable season: Autumn and Winter
90137,https://m.media-amazon.com/images/I/615YEYsac3L.jpg,487566,width,Autumn and winter thick warm babyswaddle blanketPineapple GrayPinkBlackGreenRedBeeThickness :Elastic forceUltra -ThinMod-SlightlyThickNoMicro -HighthinsectioneratethicksectionbombsbombelasticityFabricLining Double-sided plush fabricOrigin :Made in ChinaSelected high-elasticSize : Length 100 Width 48down cottonsoft andSuitable age: 1-3 yearsmoderate thickness )Suitable season: Autumn and Winter
90138,https://m.media-amazon.com/images/I/615YHA8muyL.jpg,931247,width,ColorVintage FlowerSize60 in x 90 inItem ShapeRectangularMaterialVinyl
90139,https://m.media-amazon.com/images/I/615YHA8muyL.jpg,931247,depth,ColorVintage FlowerSize60 in x 90 inItem ShapeRectangularMaterialVinyl
90140,https://m.media-amazon.com/images/I/615YHA8muyL.jpg,931247,height,ColorVintage FlowerSize60 in x 90 inItem ShapeRectangularMaterialVinyl
90141,https://m.media-amazon.com/images/I/615YK5cjkcL.jpg,944936,depth,poloil-FovmotBREITE 1OCMVERSCHIEDENEMOTIVEBLANKOROCKSEITE ZUMDwbistBESCHREIBENMEINHOHE 12CMLieblingsmensehPLATZZUMBESCHREIBEN
90142,https://m.media-amazon.com/images/I/615YK5cjkcL.jpg,944936,width,poloil-FovmotBREITE 1OCMVERSCHIEDENEMOTIVEBLANKOROCKSEITE ZUMDwbistBESCHREIBENMEINHOHE 12CMLieblingsmensehPLATZZUMBESCHREIBEN
90143,https://m.media-amazon.com/images/I/615YUpzspnL.jpg,311997,height,35CM20OCM25CM6OCM
90144,https://m.media-amazon.com/images/I/615YdGK6pUL.jpg,174276,width,0.78inch/2cm[8A.5cm1.77inch/=
90145,https://m.media-amazon.com/images/I/615YdGK6pUL.jpg,174276,depth,0.78inch/2cm[8A.5cm1.77inch/=
90146,https://m.media-amazon.com/images/I/615YkHUxviL.jpg,893692,width,MYStoryICIMPAw33 cm12.99 inches10 cm3.94 inches25 cm9.84 inchesBagNttt
90147,https://m.media-amazon.com/images/I/615YlQ9uDuL.jpg,358831,depth,Productsize1145mmsix pakM
90148,https://m.media-amazon.com/images/I/615Ym+ZvQPL.jpg,801829,width,"637190,5cmcm"
90149,https://m.media-amazon.com/images/I/615YskoX62L.jpg,784538,height,30cm
90150,https://m.media-amazon.com/images/I/615YskoX62L.jpg,784538,width,30cm
90151,https://m.media-amazon.com/images/I/615YskoX62L.jpg,784538,depth,30cm
90152,https://m.media-amazon.com/images/I/615Yvy2vocL.jpg,836625,height,8510mm320mm
90153,https://m.media-amazon.com/images/I/615YzPHdKoL.jpg,416664,width,9050.15 inchINSERT1.5 inch3.4 inch16 colorSmart touchRemoteBatteryUSBGiftdisplaybuttoncontrollmodemodesavingideaEnergy
90154,https://m.media-amazon.com/images/I/615YzPHdKoL.jpg,416664,depth,9050.15 inchINSERT1.5 inch3.4 inch16 colorSmart touchRemoteBatteryUSBGiftdisplaybuttoncontrollmodemodesavingideaEnergy
90155,https://m.media-amazon.com/images/I/615Z-5RhxrL.jpg,115666,height,"SIZE:INCH15""41.7""43.3""2.76""18.1""43.4""2.56'15.75""10.6""19.3"""
90156,https://m.media-amazon.com/images/I/615Z0ldCNNL.jpg,459271,height,"Escalera plegable886?44,5 cm5"
90157,https://m.media-amazon.com/images/I/615Z6zpCkdL.jpg,928606,width,"EXCELLZNCZ INAWARDSZOZZHACAFEVEREhousewaresSERVINGCAFECULTURESINCE19 67CAPACITY3 Cup / 350ML111.8 fl. 0Z.2E~84F4CM / 2.8""7.CM / 2.8"""
90158,https://m.media-amazon.com/images/I/615Z7ToQ4gL.jpg,734280,height,"XL25""21""JJ4ngnaFoma30""L23""T9T30jJCrSSTFTTE:F27""M195""155""23.5"""
90159,https://m.media-amazon.com/images/I/615ZDpeGSrL.jpg,681445,height,Abstract art vaseDesktop centerpieces033.15in/8.Ocm11.0in/28.Ocm
90160,https://m.media-amazon.com/images/I/615ZO2pwxdL.jpg,173193,width,No Polarity13 mm0.5 in70 mm2.8 in1/4 Standard Quick Connect Terminals4 Pcs More Available35 mmF1.4 in
90161,https://m.media-amazon.com/images/I/615ZQdMIy9L.jpg,365756,height,"7.9"" ipad9.7"" ipad10.5"" ipad9.06""9.Z"" ipad02""1Name:Chest PackColor:Black/ Green/TanSize:11.02""Lx9.06""Hx1.57""WWeight:0.8lb5Material:NylonApplication: Chest Bag/Waist BagCapacity:Can hold ipad, water bottle and other belongings11.57"""
90162,https://m.media-amazon.com/images/I/615ZQdMIy9L.jpg,365756,width,"7.9"" ipad9.7"" ipad10.5"" ipad9.06""9.Z"" ipad02""1Name:Chest PackColor:Black/ Green/TanSize:11.02""Lx9.06""Hx1.57""WWeight:0.8lb5Material:NylonApplication: Chest Bag/Waist BagCapacity:Can hold ipad, water bottle and other belongings11.57"""
90163,https://m.media-amazon.com/images/I/615ZfVzfsjL.jpg,162326,item_volume,"ORTHOWeedcLEARLAWN WEED KILLERheaoi-T0- SpaarFAST-ACTINGKILLSALIsWEEDSDANOELIONCRABGRASSCLOVERWONT HARM THE LAWN; QUARANTEED""KEEP OUT OFREACH OF CHILDRENCAUTIONlcaMET CONTENTS 32 Ioz (1 44/916 mMecanolin"
90164,https://m.media-amazon.com/images/I/615ZppqITDL.jpg,242256,depth,"Suitable for 12 "" & 118 "" Flags30 @37 075oL"
90165,https://m.media-amazon.com/images/I/615Zwjqy34L.jpg,789706,depth,0.7cm0.7 cm30.7cm6
90166,https://m.media-amazon.com/images/I/615Zwjqy34L.jpg,789706,width,0.7cm0.7 cm30.7cm6
90167,https://m.media-amazon.com/images/I/615Zxaf86bL.jpg,483370,depth,OC25cm
90168,https://m.media-amazon.com/images/I/615Zxaf86bL.jpg,483370,width,OC25cm
90169,https://m.media-amazon.com/images/I/615Zxaf86bL.jpg,483370,height,OC25cm
90170,https://m.media-amazon.com/images/I/615ZyqBxhNL.jpg,174276,height,3.5cm1.38in3cm/1.18in
90171,https://m.media-amazon.com/images/I/615ZyqBxhNL.jpg,174276,depth,3.5cm1.38in3cm/1.18in
90172,https://m.media-amazon.com/images/I/615a08MFCgL.jpg,683885,width,10Colors Cotton Fabric Quilting StripsWidth3.6cmKemgth: 2dOcm
90173,https://m.media-amazon.com/images/I/615a08MFCgL.jpg,683885,height,10Colors Cotton Fabric Quilting StripsWidth3.6cmKemgth: 2dOcm
90174,https://m.media-amazon.com/images/I/615a08MFCgL.jpg,683885,depth,10Colors Cotton Fabric Quilting StripsWidth3.6cmKemgth: 2dOcm
90175,https://m.media-amazon.com/images/I/615a0Mq2JQL.jpg,939426,height,"50 cm24,5 cm30 cm17 cm66 cm49 cm"
90176,https://m.media-amazon.com/images/I/615a0Mq2JQL.jpg,939426,width,"50 cm24,5 cm30 cm17 cm66 cm49 cm"
90177,https://m.media-amazon.com/images/I/615a2M8BMyL.jpg,442321,width,"29.5""23.6""47.2"""
90178,https://m.media-amazon.com/images/I/615a87ARC8S.jpg,478357,height,"100 cm(39.4"" )60,5 cm(23.8""33"
90179,https://m.media-amazon.com/images/I/615a87ARC8S.jpg,478357,width,"100 cm(39.4"" )60,5 cm(23.8""33"
90180,https://m.media-amazon.com/images/I/615aE+NQQrL.jpg,932012,depth,"62""32""Dulepa; €"
90181,https://m.media-amazon.com/images/I/615aE+NQQrL.jpg,932012,width,"62""32""Dulepa; €"
90182,https://m.media-amazon.com/images/I/615aEUshBbL.jpg,416664,height,"PRODUCT SPECIFICATIONMaterial: AluminumColor:Black4Voltage: 11OVWattage:22W2Size: (4.7"" (D) x 17.3"" (H),Wire length 66.9""Function:3 Colors 10 Brightness Level DimmableCRI: > 85ConvenientUSB Charging Ports4.7""/12CM"
90183,https://m.media-amazon.com/images/I/615aEUshBbL.jpg,416664,depth,"PRODUCT SPECIFICATIONMaterial: AluminumColor:Black4Voltage: 11OVWattage:22W2Size: (4.7"" (D) x 17.3"" (H),Wire length 66.9""Function:3 Colors 10 Brightness Level DimmableCRI: > 85ConvenientUSB Charging Ports4.7""/12CM"
90184,https://m.media-amazon.com/images/I/615acB+8CtL.jpg,478357,width,70kg0 84 cm45.5 cm36.8 cm6 cm
90185,https://m.media-amazon.com/images/I/615ad1qLFXL.jpg,752266,height,14.9cm/5.8in1J4cm/1.6in12.3cm/4.8inQ~Q1081300CRI-80IP54LEDLumen112cm/4.7in
90186,https://m.media-amazon.com/images/I/615akpOIaSL.jpg,442321,height,"79""63""7129.5""10""816""16""31.5""846.5""i"
90187,https://m.media-amazon.com/images/I/615am6U9baL.jpg,784538,depth,SIZE INFORMATION1DCLLAR59IN(ISOCM)
90188,https://m.media-amazon.com/images/I/615am6U9baL.jpg,784538,height,SIZE INFORMATION1DCLLAR59IN(ISOCM)
90189,https://m.media-amazon.com/images/I/615am6U9baL.jpg,784538,width,SIZE INFORMATION1DCLLAR59IN(ISOCM)
90190,https://m.media-amazon.com/images/I/615arNCODzL.jpg,931247,height,"90""x132"" tableclothona 6FT tableTable Width: 30""Table length: 72""Table Size:72 L30"" W30"" HTablecloth Size:132"" L90"" WDrop length: 30""How to calculate a suitable tablecloth1. Tablecloth Length:Drop Length x 2 + Table Length2. Tablecloth Width:Drop Length x 2 + Table WidthPleasemeasure your tabletop dimensions of length,width before purchasing the tablecloth;Please allow 1-2 cmerror dur to manual measurement."
90191,https://m.media-amazon.com/images/I/615as01OEOL.jpg,425150,depth,Size:Height AfterFolding: Approx: &1cm31.9inHeight After Open: Approx. 77cm30.3in
90192,https://m.media-amazon.com/images/I/615as01OEOL.jpg,425150,height,Size:Height AfterFolding: Approx: &1cm31.9inHeight After Open: Approx. 77cm30.3in
90193,https://m.media-amazon.com/images/I/615as01OEOL.jpg,425150,width,Size:Height AfterFolding: Approx: &1cm31.9inHeight After Open: Approx. 77cm30.3in
90194,https://m.media-amazon.com/images/I/615asNovcvL.jpg,173193,height,"04.5mm / 0.2"""
90195,https://m.media-amazon.com/images/I/615asNovcvL.jpg,173193,width,"04.5mm / 0.2"""
90196,https://m.media-amazon.com/images/I/615asNovcvL.jpg,173193,depth,"04.5mm / 0.2"""
90197,https://m.media-amazon.com/images/I/615awbd+1QL.jpg,991868,depth,0.2cm/o.08in332Ocmg7.87in
90198,https://m.media-amazon.com/images/I/615awbd+1QL.jpg,991868,width,0.2cm/o.08in332Ocmg7.87in
90199,https://m.media-amazon.com/images/I/615b1axmdcS.jpg,558832,height,3x5.5Ax75.5x7.96x9Zx10Different Sizes Can Meet Your NeedsProductOuter Size(inch)inner Size(inch)Powder volume(oz)|Item referenceouter size-3x5.52.95x4.332.75iphone chargerAx73.54x5.7tea/dried flowers235.5x7.95.12x6.695.5phone case536x95.9x8.2710cookieslsnacks-inner sizeZx106.69x912rice/coffee beans
90200,https://m.media-amazon.com/images/I/615b7I+PEZL.jpg,810266,depth,Capacity: 250ml7.Scm9.8cm
90201,https://m.media-amazon.com/images/I/615b7I+PEZL.jpg,810266,height,Capacity: 250ml7.Scm9.8cm
90202,https://m.media-amazon.com/images/I/615b7lTYbVL.jpg,386873,item_weight,8ABC€ulefo256B032Uuad
90203,https://m.media-amazon.com/images/I/615b95DyCzL.jpg,616171,width,"SOUND TOWNSTRD-4D DIMENSION12.9"" Internal Depth10.4"" Max Length of19""Extended DrawerExternal Width16.3"" Internal Width7""6.4""6jExternal HeightInternal Height13.8""External DepthTowNSOUND ="
90204,https://m.media-amazon.com/images/I/615bApXaDZL.jpg,426449,item_volume,<LiQUIMOLYFuidpEpESTEHANLDmiaute(948TOP TEC6600SAE OW-201.06 U.S. QT (1 U)fully syntheticMOTOR OILfoeselsveiclendspecivicjuons Jou JoorovalssolchcaltonsThomolddaliong:ACEA Cs/c6; API SP;ILSAC GF-6A; BMW Longlife-17 FE+; JaguarLand RoverSTJLR.03.5006; MB-Approval 229.71/229.72; Opel OV 040 1547A2O.Vqui MOLY at50 rccormcnds this product for vchicIcsassumblicg for Kahich tc followringspeciucauonoriqinai pan numders are tequited:Chrysler M5-12145; Fiat55535-GSX;IFord WSS-MZC 947-81/962-A1.I1
90205,https://m.media-amazon.com/images/I/615bDytfTdL.jpg,810266,height,87mm/3.43in145mm/5.71in58mm/2.28in
90206,https://m.media-amazon.com/images/I/615bGdP3kbL.jpg,681445,depth,16CM28SCM
90207,https://m.media-amazon.com/images/I/615bGdP3kbL.jpg,681445,height,16CM28SCM
90208,https://m.media-amazon.com/images/I/615bVDuzibL.jpg,244283,height,"AaesTACOS[0n # %3 crisl_Fins 4Vewe56CMBectMAGNETSs Stek11OCMcrIspy _bowl)5WVejgiefihw4OCM2 X FREE WIPING CLOTH44CM4OCMLiquidChakkWORKS WELL WITHREGULAR CHALKS ANDHIGHLIGHTER MARKERSHouse ""flurbrlltFowrite'2 XChiden _FevekFillvgs |SaladTaCO{tortha (eumyallins'FavonteBee;IStrkChickenfavcnteMarker"
90209,https://m.media-amazon.com/images/I/615bY3dYYLL.jpg,728511,width,PRODUCT SIZETut28cm/11in2024 CALENDARFOR TIREDWOMEN21.5cm/8.5in
90210,https://m.media-amazon.com/images/I/615bY3dYYLL.jpg,728511,depth,PRODUCT SIZETut28cm/11in2024 CALENDARFOR TIREDWOMEN21.5cm/8.5in
90211,https://m.media-amazon.com/images/I/615bb00JRjL.jpg,436746,width,PRODUCT SIZESize::25.00X25.00X20.0Ocm/9.8X9.8X7.8 in69.8in/25cm
90212,https://m.media-amazon.com/images/I/615bbM8wEbL.jpg,311997,height,"DIMENSIONS30.1""65.7""15.7""19.1""18.9""11.8""31.5'11.8"""
90213,https://m.media-amazon.com/images/I/615bdNxp+bL.jpg,416664,depth,31.5inchBendable Gooseneck7.9inchSupport MaximumWorking Height 27.SinchColor TempAuto DimmingSupport MaxBrightnessOn/OffDesk Width 3.26inchIndicatorLight Sensor
90214,https://m.media-amazon.com/images/I/615bfZOFqOL.jpg,277199,width,"High Density Upholstery Foam2""18""18""FlexiuleFOAMMA(CertiPUR-US""MADE IN USAPolyRtIficd1WnGertipu"""
90215,https://m.media-amazon.com/images/I/615bfkIeO8L.jpg,470067,height,10.Scm10.8cm8cm18.7cm11.3cmScm
90216,https://m.media-amazon.com/images/I/615bjAFoayL.jpg,749917,item_weight,"PARAMATERIBO Rating: Up to 320 fpsAxle to Axle: 29""Let-off: Up to 85%Draw weight: 50-70lbsDraw Length: 25""-30""Brace height: 7""Bow Weight: about 4.OlbsRiser: Magnesium-aluminum alloyLimbs: Epoxy resinCams / modules: 6061 aluminum"
90217,https://m.media-amazon.com/images/I/615bl9+E8cL.jpg,469317,height,Dank der geringen Durchfahrtsbreite von 715 mm sind auchschwer zugangliche Stellen problemlos erreichbar:mm8000o kg)Dachmm715
90218,https://m.media-amazon.com/images/I/615bl9+E8cL.jpg,469317,depth,Dank der geringen Durchfahrtsbreite von 715 mm sind auchschwer zugangliche Stellen problemlos erreichbar:mm8000o kg)Dachmm715
90219,https://m.media-amazon.com/images/I/615bl9+E8cL.jpg,469317,width,Dank der geringen Durchfahrtsbreite von 715 mm sind auchschwer zugangliche Stellen problemlos erreichbar:mm8000o kg)Dachmm715
90220,https://m.media-amazon.com/images/I/615bmAsNcXL.jpg,442321,width,"Various Accessories & Workspace OrganizersWeight Capacity Up to 176lbs40""23.6""Cable Management TrayDesk Hooks (setof2)ReplaceableLockable Casters"
90221,https://m.media-amazon.com/images/I/615bmAsNcXL.jpg,442321,depth,"Various Accessories & Workspace OrganizersWeight Capacity Up to 176lbs40""23.6""Cable Management TrayDesk Hooks (setof2)ReplaceableLockable Casters"
90222,https://m.media-amazon.com/images/I/615bozZ5+LL.jpg,881883,height,72in(180cm)IIroningCold WaterDo Not BleachMachineWashable
90223,https://m.media-amazon.com/images/I/615bozZ5+LL.jpg,881883,width,72in(180cm)IIroningCold WaterDo Not BleachMachineWashable
90224,https://m.media-amazon.com/images/I/615bozZ5+LL.jpg,881883,depth,72in(180cm)IIroningCold WaterDo Not BleachMachineWashable
90225,https://m.media-amazon.com/images/I/615bsyF8eFL.jpg,470067,height,92mm38mm1
90226,https://m.media-amazon.com/images/I/615bsyF8eFL.jpg,470067,width,92mm38mm1
90227,https://m.media-amazon.com/images/I/615bwkTcMxL.jpg,752266,width,9cm11cm8
90228,https://m.media-amazon.com/images/I/615bwkTcMxL.jpg,752266,height,9cm11cm8
90229,https://m.media-amazon.com/images/I/615bwymbZZL.jpg,241608,height,55X32_cmL
90230,https://m.media-amazon.com/images/I/615byCm4BEL.jpg,161371,height,"8,5 cm31 cm43 cmaunaDicitalkaraokepowiereAmplifIER#CLuml#uliLCOHIBOL"
90231,https://m.media-amazon.com/images/I/615c1qnOWIL.jpg,318770,wattage,Upblghe O Feet (h) DC Extension Powef Cord Compatblewh3m Extension Power Cord3.Smm1.3mm3.5mm
90232,https://m.media-amazon.com/images/I/615c2t3afOS.jpg,529606,depth,108h523inches377mm21inch29mmbolsiusprofessional
90233,https://m.media-amazon.com/images/I/615c2t3afOS.jpg,529606,width,108h523inches377mm21inch29mmbolsiusprofessional
90234,https://m.media-amazon.com/images/I/615c7TcJjvL.jpg,579652,height,38cm14.961N39cm15.35IN2Ocm7.87IN
90235,https://m.media-amazon.com/images/I/615cHx8kp0L.jpg,442321,height,"PRODUCT DIMENSIONS59""15.8""45""to27""IT TAKES 20 SECONDS TO46""GO FROM THE LOWEST To THE HIGHEST.39.4""37""~"
90236,https://m.media-amazon.com/images/I/615cIiXS+gL.jpg,416664,depth,36.4cm/ 14.3in19.8cm/7.8in
90237,https://m.media-amazon.com/images/I/615cIiXS+gL.jpg,416664,height,36.4cm/ 14.3in19.8cm/7.8in
90238,https://m.media-amazon.com/images/I/615cMvaB0VL.jpg,492950,height,9 cm
90239,https://m.media-amazon.com/images/I/615cMvaB0VL.jpg,492950,depth,9 cm
90240,https://m.media-amazon.com/images/I/615cMvaB0VL.jpg,492950,width,9 cm
90241,https://m.media-amazon.com/images/I/615cPjEytBL.jpg,442321,width,"7.9'47.3""6.3""~t5.1""19.7""3.9""29"""
90242,https://m.media-amazon.com/images/I/615cWlGVjcL.jpg,724384,depth,"1Set Retractable Lanyard with Holder004.3inRetractable Cord886819.2in2.7in@80Front4JWVivid Pattern2860(+#6114 8LulLatl00:8{{1-T,37XCute PatternBack"
90243,https://m.media-amazon.com/images/I/615cWlGVjcL.jpg,724384,width,"1Set Retractable Lanyard with Holder004.3inRetractable Cord886819.2in2.7in@80Front4JWVivid Pattern2860(+#6114 8LulLatl00:8{{1-T,37XCute PatternBack"
90244,https://m.media-amazon.com/images/I/615cXs8Oz2L.jpg,347404,height,12in7.in9.8in2in7.3in5Durable PP MaterialMatte FinishingMinimalist DesignMultiple DrainageExteriorHoles
90245,https://m.media-amazon.com/images/I/615cXsdYx0L.jpg,254046,depth,PISTOLADEJUGUETEMEDIDAS APROXIMADAS*1?3cm9*19Austria18@CK
90246,https://m.media-amazon.com/images/I/615ccBKESHL.jpg,844474,width,"Fits 15.6"" Laptop1CameraMultiple Lenses6.69""/17cm11.42""{29cm6.5ft/200cm6.2ft/190cm6.2ft/190cm5.9ft/180cm5.7ft/175cm5.4ft/165cm5.5ft/170cm5.2ft/160cm4.9ft/150cm4.Sft/140cm4.2ft/130cm3.9ft/120cm3.6ft/110cm3.2ft/100cm"
90247,https://m.media-amazon.com/images/I/615cclOWHsL.jpg,913156,depth,"Suitable for regular candles/tealights/LED tea lights2.44""2.68""2.44""37Fle"
90248,https://m.media-amazon.com/images/I/615cgR3LjhL.jpg,132401,depth,"54""28"""
90249,https://m.media-amazon.com/images/I/615cgl+hldL.jpg,594224,width,197in1195'SCM/1.18in13.235CM 1214.5cm/1.8in
90250,https://m.media-amazon.com/images/I/615ci1h78wL.jpg,386873,item_weight,"2GB RAM and 32GB ROM, ensure fluent screen loadingequipped with 2MP front camra and SMP rear camerawith dual core sensors, making your phone be your professional imaging team4D3"
90251,https://m.media-amazon.com/images/I/615cjG0cWbL.jpg,810266,width,"2.09inBeidle2.32into(381.46in14.76in14.76in2.09in2.32inBeidle1,46inTealu"
90252,https://m.media-amazon.com/images/I/615ckdhnbmL.jpg,311997,height,226OCM2OCM
90253,https://m.media-amazon.com/images/I/615cltkRToL.jpg,810266,height,"3.23"" / 8.2cm3.23"" / 8.2cm3.78""3.78""9.6cm9.6cm2.44'16.2cm2.44'|6.2cm300 ML300 ML2.87"" | 7.cm2.87"" | 7.cm2.87""2.87""7.cm7.cm2.215.6cm2.215.6cm180 ML180 ML67 g97 997 972 9"
90254,https://m.media-amazon.com/images/I/615cmnjqSnL.jpg,931247,width,"Fits Up to 36"" square"
90255,https://m.media-amazon.com/images/I/615cmnjqSnL.jpg,931247,height,"Fits Up to 36"" square"
90256,https://m.media-amazon.com/images/I/615cs5Rn2oL.jpg,972028,width,LEICHT7-24kg208 cm x 2 cmZum Aufwarmen und fur leichte UbungenSpannwirkung bis 24kg01
90257,https://m.media-amazon.com/images/I/615cs5Rn2oL.jpg,972028,depth,LEICHT7-24kg208 cm x 2 cmZum Aufwarmen und fur leichte UbungenSpannwirkung bis 24kg01
90258,https://m.media-amazon.com/images/I/615cyxZnSiL.jpg,304120,depth,138mm/5.4inch150mm/5.9inch
90259,https://m.media-amazon.com/images/I/615cyxZnSiL.jpg,304120,height,138mm/5.4inch150mm/5.9inch
90260,https://m.media-amazon.com/images/I/615d0DY9hQL.jpg,998545,item_weight,Outer ring 12-inchesInner ring 9-inches10 Pound of weight
90261,https://m.media-amazon.com/images/I/615d2F-QeuL.jpg,304120,height,IX14IFilter Foams Size4.27in4.72in0.9in
90262,https://m.media-amazon.com/images/I/615d5Y3+WPL.jpg,180726,height,4.5cm4.2cm1.77in1.65 in6 cm2.36 in2 cm0.78 inMANUFACTURER** 4*Mario]oFromDirectly1QUALLLY'REMiUM
90263,https://m.media-amazon.com/images/I/615d5umVDuL.jpg,225251,width,"@4i-FTL#a_Fs7#Rh @EETlohiihR3cxhi-atvo(xaz""l7cm)#tIRTETH#IZIoITh""-a*to7zyg17cmXhTLORJSOFABtihrgl5.Scmo5ziztsbag"
90264,https://m.media-amazon.com/images/I/615d5umVDuL.jpg,225251,height,"@4i-FTL#a_Fs7#Rh @EETlohiihR3cxhi-atvo(xaz""l7cm)#tIRTETH#IZIoITh""-a*to7zyg17cmXhTLORJSOFABtihrgl5.Scmo5ziztsbag"
90265,https://m.media-amazon.com/images/I/615d5umVDuL.jpg,225251,depth,"@4i-FTL#a_Fs7#Rh @EETlohiihR3cxhi-atvo(xaz""l7cm)#tIRTETH#IZIoITh""-a*to7zyg17cmXhTLORJSOFABtihrgl5.Scmo5ziztsbag"
90266,https://m.media-amazon.com/images/I/615dD1gWbkS.jpg,784538,depth,"8MARNE StuDIDSIHE FALCDNANdTHEWINTER SOLDFEROriginal Series Streaming March 1924""Disnep+"
90267,https://m.media-amazon.com/images/I/615dD1gWbkS.jpg,784538,width,"8MARNE StuDIDSIHE FALCDNANdTHEWINTER SOLDFEROriginal Series Streaming March 1924""Disnep+"
90268,https://m.media-amazon.com/images/I/615dGJKZnuL.jpg,386873,item_weight,"5.5"" FW+ Waterdrop ScreenBetter Experience"
90269,https://m.media-amazon.com/images/I/615dPI9tOdL.jpg,241608,height,215mmT8oritn430mm
90270,https://m.media-amazon.com/images/I/615dQM2j+WL.jpg,844474,height,"PRODUCT DIMENSIONSFREEKNUGHTWeight:0.33kgCapacity:20L15.8""6.3""9.8"""
90271,https://m.media-amazon.com/images/I/615dWAsJlIS.jpg,784538,height,LJ150cm/59inch
90272,https://m.media-amazon.com/images/I/615dWAsJlIS.jpg,784538,width,LJ150cm/59inch
90273,https://m.media-amazon.com/images/I/615dWAsJlIS.jpg,784538,depth,LJ150cm/59inch
