index,image_link,group_id,entity_name,e
90474,https://m.media-amazon.com/images/I/615l9HO7qWL.jpg,436746,height,4 inch7 inch1cm
90475,https://m.media-amazon.com/images/I/615l9HO7qWL.jpg,436746,depth,4 inch7 inch1cm
90476,https://m.media-amazon.com/images/I/615lKKnwWJL.jpg,261553,depth,ODelcome3OCMTO OURHaME3OCM
90477,https://m.media-amazon.com/images/I/615lKKnwWJL.jpg,261553,height,ODelcome3OCMTO OURHaME3OCM
90478,https://m.media-amazon.com/images/I/615lQr5gUIL.jpg,276700,wattage,'CCESSRIESTOOLS SPEC FiCaTCUSPOUTERFTLHHP MoiorplcprotanCcKHOA ApPLIC AIINS:lotuq4nbe0 DratuemtIDCAL TC?LFor;KncunannetenerEaremannLEGENDARYDURABILITY!
90479,https://m.media-amazon.com/images/I/615lQr5gUIL.jpg,276700,voltage,'CCESSRIESTOOLS SPEC FiCaTCUSPOUTERFTLHHP MoiorplcprotanCcKHOA ApPLIC AIINS:lotuq4nbe0 DratuemtIDCAL TC?LFor;KncunannetenerEaremannLEGENDARYDURABILITY!
90480,https://m.media-amazon.com/images/I/615lUwiyhZL.jpg,849273,height,RRONET46cm3BB15.6inj1Ocm01Ocm0ERONELUNQUE 20023cm-16cm30cmENOAET:AS21cm8
90481,https://m.media-amazon.com/images/I/615lcVDgr5L.jpg,470067,height,"11431/2""mit Anschlussfur Uberlauf0 25G 11/2""1 """
90482,https://m.media-amazon.com/images/I/615lo0Ti+gL.jpg,816782,depth,40 GsmThickness50 ft((15m )30 ft((0.92m )
90483,https://m.media-amazon.com/images/I/615lokhxwBL.jpg,816782,depth,Package Contents4 Ft6 Ft1 x Outdoor4 x Plastic Stakes1 x StorageRugBag
90484,https://m.media-amazon.com/images/I/615lokhxwBL.jpg,816782,width,Package Contents4 Ft6 Ft1 x Outdoor4 x Plastic Stakes1 x StorageRugBag
90485,https://m.media-amazon.com/images/I/615lokhxwBL.jpg,816782,height,Package Contents4 Ft6 Ft1 x Outdoor4 x Plastic Stakes1 x StorageRugBag
90486,https://m.media-amazon.com/images/I/615ls-CcdOL.jpg,470067,width,SCHUTTEARMATURENUND BRAUSEN SEIT 1976220 mm882832O~ 60 mm
90487,https://m.media-amazon.com/images/I/615lw39RVUL.jpg,416664,depth,IY!4.01in3.54inNight Light Base3*AAA Baterry
90488,https://m.media-amazon.com/images/I/615lwmzAPaL.jpg,594224,height,1^298 cm /3.1 in431in111.3cmcm16.8
90489,https://m.media-amazon.com/images/I/615lyCcqVqL.jpg,489118,item_weight,SALT &Kiwanatural lifeCHIPSTORTILLA [CASSAVA~GRAIN-FREE ViMegheolmujcOt
90490,https://m.media-amazon.com/images/I/615lzhJ157L.jpg,916768,depth,34 cm15cm
90491,https://m.media-amazon.com/images/I/615lzhJ157L.jpg,916768,height,34 cm15cm
90492,https://m.media-amazon.com/images/I/615m0OHKkUL.jpg,145452,height,57mm11320gS00ml / 180z073mm
90493,https://m.media-amazon.com/images/I/615m51Qh0iL.jpg,558806,depth,PRODUCTSIZE2Opcs3[g0.13cm0.05inch10cm/3.94inch
90494,https://m.media-amazon.com/images/I/615m58UqWqL.jpg,558806,depth,1. 3inch/3. 5cmCJ8.5CM725CM
90495,https://m.media-amazon.com/images/I/615m58UqWqL.jpg,558806,height,1. 3inch/3. 5cmCJ8.5CM725CM
90496,https://m.media-amazon.com/images/I/615m5Qke41L.jpg,801829,width,53cm27cm39cm70cm64cm115cm52cm51cm35- 45cm63cm6cm
90497,https://m.media-amazon.com/images/I/615mC91xpUL.jpg,470067,height,single hole Under counter basin5.Tinch144inch1.Z7inch6.3inch2.S6inch3 holes centerset 4 inch basin2 34inch159nchPre-drilled holeMax counter topsize requirementthickness without deck plate:1124nch_1.25inch (min)-1.8Sinch (max)1.57inch
90498,https://m.media-amazon.com/images/I/615mGZEALjL.jpg,939129,height,"Capacity: 1.3 Gallon/SL11.79.6""91358.3"""
90499,https://m.media-amazon.com/images/I/615mNkXXdhL.jpg,648011,width,"Product Size6.3""Base :E271.7"""
90500,https://m.media-amazon.com/images/I/615mNkXXdhL.jpg,648011,height,"Product Size6.3""Base :E271.7"""
90501,https://m.media-amazon.com/images/I/615mO+RD48L.jpg,276700,height,1.4inF===|T1.08inL0.98in6in1
90502,https://m.media-amazon.com/images/I/615mQJ0HqqL.jpg,681445,height,6cm/2.36in25.5cml10.04in9.5cm/3.74in
90503,https://m.media-amazon.com/images/I/615mUGw+FIL.jpg,351134,width,Acrylic Display Case@0278 inches
90504,https://m.media-amazon.com/images/I/615mW3EDiXL.jpg,119607,width,"Size2OcmIZcmNAKEFIELD24cm9.7""(ASTROL3OcmBRITISHOWNEDCopyrightAkBOXMOTOROll"
90505,https://m.media-amazon.com/images/I/615mW3EDiXL.jpg,119607,depth,"Size2OcmIZcmNAKEFIELD24cm9.7""(ASTROL3OcmBRITISHOWNEDCopyrightAkBOXMOTOROll"
90506,https://m.media-amazon.com/images/I/615mWEhrm0L.jpg,916768,height,14.45HeightLitre27.5cmLengthS432.5 cm
90507,https://m.media-amazon.com/images/I/615maAr8EAL.jpg,277856,depth,"10 Inch111.612 Inch31313.3 InchSkin Sticker SizeSkin Sticker SizeSkin Sticker Size10.2"" (260 Mnm)1.8"" (300 miiut)13"" (330 Min)14 Inch31515.6 Inch17 - 17.3 Inch1Skin Sticker SizeSkin Stieker SizeSkin Sticker Size13.8"" (3s0 Mnim)15"" (380 Mnmt)16.5"" (420 Mnim)Note: Two Frve Wrist Padesize will beCustom Sizeadjusted uccordingly by the sizeSkin Sticker Sizeof skin stickerMas:46i""9"
90508,https://m.media-amazon.com/images/I/615mbRnSXHL.jpg,793774,width,PRODuCT SIZE5.51inch8.85inchVoltage power: 7.4V/6w(ItBattery capacity: 200OmAHCharging duration: about 3 hoursUsage time: about 2.5 hours4.72inch10.82inch
90509,https://m.media-amazon.com/images/I/615mgeGbNhL.jpg,752266,height,1717cm/2.75inch8.4cm/3.3inch7.Scm/3inch
90510,https://m.media-amazon.com/images/I/615mhZaIujL.jpg,524117,height,(2.95 in)7.5 cm(1.38 in)35 cm(4.72 in)cm(1.46 in)33.7 cm12 cm(1.18in)Cm(8.86 in)22.5 cmin)(1.18
90511,https://m.media-amazon.com/images/I/615n1ZtptaL.jpg,208023,depth,Poster frameto fit size594 mmx 420 mm(or A2) PrintMRREINHANDMADEWOoDENFRAMES1
90512,https://m.media-amazon.com/images/I/615n3yIyBlL.jpg,312608,height,"45 cm( 17.7"" )12113#105 cm( 41.3""9"")17,5 cm(cm( 55.1"" )J17,5cm(66.96140cm( :4"
90513,https://m.media-amazon.com/images/I/615n3ycqFGL.jpg,178958,height,Ogni ripianoreggere fino a 5 kg433845 cm5kgpuo28 =cm
90514,https://m.media-amazon.com/images/I/615nEAztQQL.jpg,276611,height,"13.25""32.75""72.5""7.5""23.75""12.25""16""30"""
90515,https://m.media-amazon.com/images/I/615nEAztQQL.jpg,276611,width,"13.25""32.75""72.5""7.5""23.75""12.25""16""30"""
90516,https://m.media-amazon.com/images/I/615nEcB38kS.jpg,140266,height,"PRODUCT SPECSNUMBER OF LED1WX24 LEDSPOWER24WRATED LIFETIMEOVER 50,000 HOURSWORKING VOLTAGE12V -24V DCMATERIALABS BASE AND PC LENSSTROBE PATTERNS17 FLASH PATTERNSPOWERCIGARETTE ADAPTERCABLE LENGTH9.84 FT4.53 IN3.55 IN2.4 IN"
90517,https://m.media-amazon.com/images/I/615nHiuu99L.jpg,913156,depth,PRODUCTSIZE1Ocm12pcs27cm
90518,https://m.media-amazon.com/images/I/615nHiuu99L.jpg,913156,height,PRODUCTSIZE1Ocm12pcs27cm
90519,https://m.media-amazon.com/images/I/615nQ8e0oBL.jpg,969033,depth,17.72in17.72in
90520,https://m.media-amazon.com/images/I/615nQ8e0oBL.jpg,969033,width,17.72in17.72in
90521,https://m.media-amazon.com/images/I/615nQ8e0oBL.jpg,969033,height,17.72in17.72in
90522,https://m.media-amazon.com/images/I/615nVCG-QOL.jpg,648011,width,LED Light Bulb1.Gin5000kColorlight5000 Lumen5Luminous Flux40Ws000k40W100-240VWattage (300W Equivalent)Base Code Type E26Medium(Standard)Day
90523,https://m.media-amazon.com/images/I/615nVCG-QOL.jpg,648011,depth,LED Light Bulb1.Gin5000kColorlight5000 Lumen5Luminous Flux40Ws000k40W100-240VWattage (300W Equivalent)Base Code Type E26Medium(Standard)Day
90524,https://m.media-amazon.com/images/I/615nbnv6EOL.jpg,276611,width,74 cm79 cm36 cm
90525,https://m.media-amazon.com/images/I/615nbx-OCKL.jpg,442321,width,"DESK MEASUREMENTI1Weight Capacityup to 132lbs<50dbs48""8EDesktop thickness: 0.6""24"""
90526,https://m.media-amazon.com/images/I/615nd7ErYbL.jpg,558832,height,ProductOuter SizeUsable SizeCoffee beans(WxL )(WxL )(ozlg)Outer Width7xgcm (2.76x3.54 inch)6x6cm (2.36x2.36 inch)0.2oz / 6g2509x13cm (3.54x5.12 inch)8x1Ocm (3.15x3.94 inch)0.9oz / 25g[13x18cm (5.12x7.09 inch)12x14.5cm (4.72x5.71 inch)2.8oz /80gK_Usable Width  
90527,https://m.media-amazon.com/images/I/615ndgz824L.jpg,243137,width,7ft5ft
90528,https://m.media-amazon.com/images/I/615ndgz824L.jpg,243137,depth,7ft5ft
90529,https://m.media-amazon.com/images/I/615ngC+BdPL.jpg,558806,depth,3cm5.cm
90530,https://m.media-amazon.com/images/I/615ngC+BdPL.jpg,558806,height,3cm5.cm
90531,https://m.media-amazon.com/images/I/615ngldEOPL.jpg,284992,depth,So688Cinnamoroll87850 00{0)2.3 6inch12.79inchL11Falla
90532,https://m.media-amazon.com/images/I/615nho1f+PL.jpg,849273,depth,75 MM75 MM30'[ UjjiyAMOTHEROAY (JFSunshiNFMM195
90533,https://m.media-amazon.com/images/I/615niUy1zpL.jpg,745387,height,"40 cm70 cm37,5 cm42,5 cmIem32 cm13 cm120 cm22,5 cm32 cm33,5 cm13 cmcmcm"
90534,https://m.media-amazon.com/images/I/615nkY2pIlL.jpg,667819,depth,"PRODUCT SIZE4.58inYOUTHcoz""gin5.0inV-NECKBACKBACK5CENTERCENTERLLLL8110.0in10.Oin312.18in4.45inYOUTH4.88inADULTCENTERFRONT5CENTERBACK54,42in10.0in10.0in81V-NECK5.OinFRONT54.92inFROnT598CENTERCENTER10,Oin10.0in2,56in5"
90535,https://m.media-amazon.com/images/I/615nnjT8P7L.jpg,115666,depth,"Weight CapacityKG350LBS16""4E15.5"""
90536,https://m.media-amazon.com/images/I/615nnjT8P7L.jpg,115666,height,"Weight CapacityKG350LBS16""4E15.5"""
90537,https://m.media-amazon.com/images/I/615ntN39JLL.jpg,757743,height,"FIELD BOOKELAN PUBLISHINGSET OF FIVEDotted Paper48-PAGE MEMO BOOKS3-V2"" x 5-V2""Durable MaterialsPocket SizeELAN-FN-002F"
90538,https://m.media-amazon.com/images/I/615ntN39JLL.jpg,757743,width,"FIELD BOOKELAN PUBLISHINGSET OF FIVEDotted Paper48-PAGE MEMO BOOKS3-V2"" x 5-V2""Durable MaterialsPocket SizeELAN-FN-002F"
90539,https://m.media-amazon.com/images/I/615ntnlnwKL.jpg,478357,height,GDMFSTUDIO28in60in38in
90540,https://m.media-amazon.com/images/I/615nysgG6xL.jpg,478357,maximum_weight_recommendation,"15""55LB1.2""20.4""22LB12.2""15"""
90541,https://m.media-amazon.com/images/I/615o3ky+YkL.jpg,679049,height,Product size1.41in4 |1.25in1.57in1.18in3.26in4inJyuloun
90542,https://m.media-amazon.com/images/I/615o40g4W0L.jpg,120219,width,2 cm3.3 cm64.5 cm15cmicm21cmNeverRustAluminumCaddy28.5~ZususUsus
90543,https://m.media-amazon.com/images/I/615o9NL-evL.jpg,983323,voltage,"24 W75CCOOLcompanycoolingTheAlphacoolDC-LTRPM26007-13,5V DCLHCONSUMPTION:0,95 MSPEED:VOLTAGE:RATE:HEAD:POWERFLOWPRESSUREMAXXCcMAX."
90544,https://m.media-amazon.com/images/I/615o9NL-evL.jpg,983323,wattage,"24 W75CCOOLcompanycoolingTheAlphacoolDC-LTRPM26007-13,5V DCLHCONSUMPTION:0,95 MSPEED:VOLTAGE:RATE:HEAD:POWERFLOWPRESSUREMAXXCcMAX."
90545,https://m.media-amazon.com/images/I/615o9juVLIL.jpg,488964,width,332cm24cm
90546,https://m.media-amazon.com/images/I/615oBxX0ZvL.jpg,801829,width,"Position Adjustable BackrestMore COMFIRTABLE than other adirondack950Raise the Armrests withBoth Hands,Adjust theGroove to Adjust theBack Angle!105836.327.5214.520.81158"
90547,https://m.media-amazon.com/images/I/615oBxX0ZvL.jpg,801829,height,"Position Adjustable BackrestMore COMFIRTABLE than other adirondack950Raise the Armrests withBoth Hands,Adjust theGroove to Adjust theBack Angle!105836.327.5214.520.81158"
90548,https://m.media-amazon.com/images/I/615oF0pljLL.jpg,745387,width,"441bs3149""15.5"""
90549,https://m.media-amazon.com/images/I/615oHomfQ2L.jpg,276611,width,"Product Dimensions5215.5""13""24""17.5""35""1165""15""12.5""47.5""3"
90550,https://m.media-amazon.com/images/I/615oJJ7IKRL.jpg,927393,depth,1.2in1Flattening backMore comfortable to holdOpen maximum size0.6in
90551,https://m.media-amazon.com/images/I/615oJJ7IKRL.jpg,927393,width,1.2in1Flattening backMore comfortable to holdOpen maximum size0.6in
90552,https://m.media-amazon.com/images/I/615oNVG2qwL.jpg,267182,width,8g46.2 cm48.0cm
90553,https://m.media-amazon.com/images/I/615oizsf2CL.jpg,675317,height,This self-adhesive does not damage the surface of furniture2.5cm/o.98inch1ACRYLIC HANDLE3PET3RGELFILM6cm/2.36inchVERY EASY INSTALLATION:1.Tear off the back protective film2.Paste and press to expel the air
90554,https://m.media-amazon.com/images/I/615ol7vJIJL.jpg,487566,height,"DDOCouette ChaudeVancouverConfort garantiCouette malleusegonflante400 g/m""cheleur as4uretPralique. entrolien lacile40Xz00200xz00240X220260x240FRANCEPaut un Ilt de 90 ctdc 90 tFadTtPoun Uri Iude 140cm $ I60 cmnPout un Ill dc T6d tnctDODOD,Mncgquccotnonocroduit lavabiegoohabic en mlnchinWWWdodofr"
90555,https://m.media-amazon.com/images/I/615olugsPQL.jpg,308430,width,23cm/9.06 inch22.5cm/8.86 inchl[8311.8cm/4.65 inch8cm/3.1inch{3Scm/2inch
90556,https://m.media-amazon.com/images/I/615olugsPQL.jpg,308430,height,23cm/9.06 inch22.5cm/8.86 inchl[8311.8cm/4.65 inch8cm/3.1inch{3Scm/2inch
90557,https://m.media-amazon.com/images/I/615on754VnL.jpg,254449,item_volume,"trace""mineralsColloidalSilver30 ppmDietary Supplement16 fl. 0z. (I pt) 473 ml"
90558,https://m.media-amazon.com/images/I/615ooCfUvSL.jpg,470067,height,ProduktgroBe9.3cm1Ocm27.Scm21.5cmScmInstallation Lochdurchmesser: 32- 45mm
90559,https://m.media-amazon.com/images/I/615ooGoCWjL.jpg,442321,maximum_weight_recommendation,"150lb8""9.7""28.6""15.4""18,9""35.4""11,8"
90560,https://m.media-amazon.com/images/I/615ooJgZ7kL.jpg,178958,height,4 Level Height Adjustable19cm(7.4in)15.5cm(6.Tin)12.5cm(4.9in)8.5cm(3.3in)25.5cm(9.84in)9.5cm(3.7in)
90561,https://m.media-amazon.com/images/I/615ooJgZ7kL.jpg,178958,width,4 Level Height Adjustable19cm(7.4in)15.5cm(6.Tin)12.5cm(4.9in)8.5cm(3.3in)25.5cm(9.84in)9.5cm(3.7in)
90562,https://m.media-amazon.com/images/I/615opymbR0L.jpg,131797,height,4.7cm1.85in4.7cm1.85in
90563,https://m.media-amazon.com/images/I/615oti7LEMS.jpg,963595,width,Made for 34-38mm Sink62mm4Omm34-38mm33.5cmPlug
90564,https://m.media-amazon.com/images/I/615oti7LEMS.jpg,963595,height,Made for 34-38mm Sink62mm4Omm34-38mm33.5cmPlug
90565,https://m.media-amazon.com/images/I/615oxuLdT3L.jpg,802734,item_weight,"24772372""el1de 44de 511libraS=sAeR:AseDECO0482~j37282380DoAdianediane13/4""HAIRPINS/rubioHorquillas =PINSblondemBOBBYparacabello =mmPasadores .poundmmlibrapound"
90566,https://m.media-amazon.com/images/I/615oyiV1izS.jpg,362818,height,916CMMil86CM16CM
90567,https://m.media-amazon.com/images/I/615ozLZ+8bL.jpg,549052,height,"Fonction d'alimentation lenteCejouet peut agir comme une mangeoire lente pourles animaux de compagnie:Peut aider le chien a developper une bonne habitudeConvient aux chiensde manger lentement; afin quede toutes taillesTestomac du chien soit plus sain:54]Commutateurs rotatifs234DOODcm0JLongueur30,5"
90568,https://m.media-amazon.com/images/I/615p1n4p4lL.jpg,241608,height,Size60*40cm / 23.6*15.7 inchesOn-counter57*37cm / 22.4*14.6inchesUnder-counter56*36cm / 22*14.2inchesSinkPull-out faucetStrainerABS downpipeAngle valve*2Cold heat pipeDrain BasketSoap dispenser
90569,https://m.media-amazon.com/images/I/615p5alroqL.jpg,970563,width,27mm29mm
90570,https://m.media-amazon.com/images/I/615p5alroqL.jpg,970563,height,27mm29mm
90571,https://m.media-amazon.com/images/I/615p5alroqL.jpg,970563,depth,27mm29mm
90572,https://m.media-amazon.com/images/I/615p6k3a-CL.jpg,150535,width,"7505IIHSpRodAea1075Jedd84+es<62,875GRr22AeapZAZ424X2€cDKareCoederLody3el928552LteGessaoneSate40ratzoDUleLX75g1#mMw Jiljl-F24261+24*24024x24cmJiF]0mzBRILLT-J)i0SPROUTPLAIE"
90573,https://m.media-amazon.com/images/I/615p6k3a-CL.jpg,150535,height,"7505IIHSpRodAea1075Jedd84+es<62,875GRr22AeapZAZ424X2€cDKareCoederLody3el928552LteGessaoneSate40ratzoDUleLX75g1#mMw Jiljl-F24261+24*24024x24cmJiF]0mzBRILLT-J)i0SPROUTPLAIE"
90574,https://m.media-amazon.com/images/I/615p7BIGQAL.jpg,652661,height,"2.4""8.7""6.3"""
90575,https://m.media-amazon.com/images/I/615p7BIGQAL.jpg,652661,depth,"2.4""8.7""6.3"""
90576,https://m.media-amazon.com/images/I/615p8jnTjdL.jpg,261553,depth,7126.5cm/14.43inch
90577,https://m.media-amazon.com/images/I/615pAFs98DL.jpg,745387,width,"35""356""15""-"
90578,https://m.media-amazon.com/images/I/615pAhj5knL.jpg,558832,height,"80z, O.5lbTo19.5cm(Z.7in)6.5cm12.5cm (4.9 in )2.6 in )OPENTAbPULL"
90579,https://m.media-amazon.com/images/I/615pBgRbViL.jpg,149159,width,340918.75INCHES22CMG162
90580,https://m.media-amazon.com/images/I/615pFEM4aBL.jpg,292475,width,"45cm17,5cmCap.17,4 L"
90581,https://m.media-amazon.com/images/I/615pFEM4aBL.jpg,292475,depth,"45cm17,5cmCap.17,4 L"
90582,https://m.media-amazon.com/images/I/615pGfGn5nL.jpg,881883,depth,"RECOMMENDEDMAXWIDTH17""42""4510Please allow slight deviation of 1"" due to manual measurements"
90583,https://m.media-amazon.com/images/I/615pLTN-uLL.jpg,464488,depth,"5.6 Inch8.1 Inch4""4AboaysorvnUIGoreverRearvivnyied"
90584,https://m.media-amazon.com/images/I/615pLTN-uLL.jpg,464488,height,"5.6 Inch8.1 Inch4""4AboaysorvnUIGoreverRearvivnyied"
90585,https://m.media-amazon.com/images/I/615pM8QPtOL.jpg,459271,height,BonKaso5E3003
90586,https://m.media-amazon.com/images/I/615pM8QPtOL.jpg,459271,width,BonKaso5E3003
90587,https://m.media-amazon.com/images/I/615pM8QPtOL.jpg,459271,depth,BonKaso5E3003
90588,https://m.media-amazon.com/images/I/615pOBuR3nL.jpg,892291,item_weight,1 Pack2OFeet/6M
90589,https://m.media-amazon.com/images/I/615pOBuR3nL.jpg,892291,wattage,1 Pack2OFeet/6M
90590,https://m.media-amazon.com/images/I/615pPqgkh4L.jpg,225251,width,Product Size8.7 inch15.4 inch6.5 inch
90591,https://m.media-amazon.com/images/I/615pSjW3uVL.jpg,276611,height,"29.5""9.422.4"""
90592,https://m.media-amazon.com/images/I/615pTqr2goS.jpg,442321,height,"19 .9.29.5""27,6""21.71224"""
90593,https://m.media-amazon.com/images/I/615pk8amW6L.jpg,731252,height,9cm21cm8cm]17cm
90594,https://m.media-amazon.com/images/I/615pk8amW6L.jpg,731252,depth,9cm21cm8cm]17cm
90595,https://m.media-amazon.com/images/I/615po2zvo6L.jpg,276611,height,8717Zinch9.Oinch12.7inch
90596,https://m.media-amazon.com/images/I/615puzAwWQL.jpg,483370,depth,Productsize5
90597,https://m.media-amazon.com/images/I/615puzAwWQL.jpg,483370,height,Productsize5
90598,https://m.media-amazon.com/images/I/615puzAwWQL.jpg,483370,width,Productsize5
90599,https://m.media-amazon.com/images/I/615pxhgI0PL.jpg,178778,height,Show details3D ShapeFlocking ClothStorageLightweight5.1Inch7.3 Inch3 Inch
90600,https://m.media-amazon.com/images/I/615pyOoaaHS.jpg,784538,height,"5' 7""CANVAS SIZE30x24 (inch)"
90601,https://m.media-amazon.com/images/I/615pyOoaaHS.jpg,784538,depth,"5' 7""CANVAS SIZE30x24 (inch)"
90602,https://m.media-amazon.com/images/I/615pynpLILL.jpg,916768,height,1Ocm/3.9in3.7cm9cm/3.Sin1.5in13.3cm/5.2in12.3cm/4.8in8.6cm/3.4in7.6cm/3in
90603,https://m.media-amazon.com/images/I/615q1XOJFNL.jpg,790427,depth,1TRONXY645mms80mm
90604,https://m.media-amazon.com/images/I/615q2DQH7JL.jpg,204245,width,PATIOFYCOMFOT' AAL XOURX [)OORR SET'Full Height66 InchesWeight HoldingCapacity150KGBack SupportComfortableHeightSitting Space36 InchesLength26 Inches(
90605,https://m.media-amazon.com/images/I/615q2DQH7JL.jpg,204245,height,PATIOFYCOMFOT' AAL XOURX [)OORR SET'Full Height66 InchesWeight HoldingCapacity150KGBack SupportComfortableHeightSitting Space36 InchesLength26 Inches(
90606,https://m.media-amazon.com/images/I/615q49JOduL.jpg,244283,depth,"12"" x16""Magnetic Whiteboard80"
90607,https://m.media-amazon.com/images/I/615q49JOduL.jpg,244283,height,"12"" x16""Magnetic Whiteboard80"
90608,https://m.media-amazon.com/images/I/615q8PPfPrL.jpg,245652,depth,4 K *1MTINTK:2mm1EZZ:16.6mm1ETZ:19.8mm1@TZ:14mm
90609,https://m.media-amazon.com/images/I/615q8SNvkKL.jpg,969033,height,6cm/2.36inch14.5cm/5.7inch20cm/7.6cm/87inch2.36inch15cm/5.9inch
90610,https://m.media-amazon.com/images/I/615qBM32ZlL.jpg,131797,height,Product SizeDIGITAUEXT BOXDIGIAUEXTbOXANALOGRAdIOExItMENUNialogRadioBlVejv2abc2abc3del4ghi5 jkl6mno4ghi5jk6mno7pqrs8tuvTpars8Iuv9GoogleNETFLIXGoogle Play NEtfLIr)813N-8TVPROGTVAUdiOWIEl111ORECHELPRECTITLE LIST4F4.8cm /1.9inch1.9cm /0.7inchFRONTSIDEBACK3def 'PlayACTIONMENUACTION /IMENU32123:{ProgAlDiotneuStHELP
90611,https://m.media-amazon.com/images/I/615qE4iD+lL.jpg,120219,width,"12.5"""
90612,https://m.media-amazon.com/images/I/615qE4iD+lL.jpg,120219,depth,"12.5"""
90613,https://m.media-amazon.com/images/I/615qJ1UeM-L.jpg,931856,depth,Product SizeJ10.5cm/4.1in
90614,https://m.media-amazon.com/images/I/615qJ1UeM-L.jpg,931856,width,Product SizeJ10.5cm/4.1in
90615,https://m.media-amazon.com/images/I/615qKCIVSrL.jpg,679049,depth,100mm32mm
90616,https://m.media-amazon.com/images/I/615qKCIVSrL.jpg,679049,height,100mm32mm
90617,https://m.media-amazon.com/images/I/615qLbdmVXS.jpg,599317,height,2Omm0.79[in]25mm0.98[in]SOmm1.97 [in]P)251AC 220-240VE14Dimmable1.8m70.87 [in]
90618,https://m.media-amazon.com/images/I/615qLbdmVXS.jpg,599317,depth,2Omm0.79[in]25mm0.98[in]SOmm1.97 [in]P)251AC 220-240VE14Dimmable1.8m70.87 [in]
90619,https://m.media-amazon.com/images/I/615qNiKtoEL.jpg,675317,depth,1OMM118MM
90620,https://m.media-amazon.com/images/I/615qNiKtoEL.jpg,675317,width,1OMM118MM
90621,https://m.media-amazon.com/images/I/615qVd1LVkL.jpg,594224,width,"Suitable for daily storage,wedding,shower,party festival,celebration,crafting andDIY design projects and more.017cm"
90622,https://m.media-amazon.com/images/I/615qVd1LVkL.jpg,594224,depth,"Suitable for daily storage,wedding,shower,party festival,celebration,crafting andDIY design projects and more.017cm"
90623,https://m.media-amazon.com/images/I/615qWYzOqXL.jpg,759408,height,"7.2 inch18.Scm10.2cmT1.Scm"""
90624,https://m.media-amazon.com/images/I/615qZXOtG1L.jpg,142748,height,2.95 m2.45 m4.8 cm1 m1 m
90625,https://m.media-amazon.com/images/I/615qfsGYO2S.jpg,866516,height,11.3Inch5.12 Inch9.84 Inch
90626,https://m.media-amazon.com/images/I/615qhNod8cL.jpg,675317,width,01116mm36mm#J0t
90627,https://m.media-amazon.com/images/I/615qiE99R8L.jpg,594224,width,"129mm/5.08""J55mm/2.17""3mn/o.12""3pcs8130mm/5.12""{J2.5mm/o.13mm/o.12""]82.5mm/o.1""2pcs8pcs[81JI60mm/2.36""12""Zpcs60mm/2.36""130mm/5."
90628,https://m.media-amazon.com/images/I/615qjiFJyEL.jpg,558806,depth,Size6{4.3inch1.2inch
90629,https://m.media-amazon.com/images/I/615qjiFJyEL.jpg,558806,width,Size6{4.3inch1.2inch
90630,https://m.media-amazon.com/images/I/615qsTIxeYL.jpg,242256,depth,1ZCM02
90631,https://m.media-amazon.com/images/I/615qsU3Iy1L.jpg,681045,depth,F{57.7cm/3.03in4
90632,https://m.media-amazon.com/images/I/615qz8X8OuL.jpg,784538,depth,11.8inch/3OcmHole:Smm9.8inch/2ScmAssembly set:1inch0.9inch2.6cm2.4cmL
90633,https://m.media-amazon.com/images/I/615qz8X8OuL.jpg,784538,width,11.8inch/3OcmHole:Smm9.8inch/2ScmAssembly set:1inch0.9inch2.6cm2.4cmL
90634,https://m.media-amazon.com/images/I/615r+FgwcdL.jpg,242256,depth,0118 . 2inch
90635,https://m.media-amazon.com/images/I/615r2LrBiaL.jpg,142748,height,"54""(137CM)47""(120CM)12"
90636,https://m.media-amazon.com/images/I/615r3qEzyfL.jpg,881883,width,"180cm/72""180cm/72"""
90637,https://m.media-amazon.com/images/I/615r3qEzyfL.jpg,881883,height,"180cm/72""180cm/72"""
90638,https://m.media-amazon.com/images/I/615r8SAKUML.jpg,261553,height,40cmZ7cm
90639,https://m.media-amazon.com/images/I/615r8SAKUML.jpg,261553,width,40cmZ7cm
90640,https://m.media-amazon.com/images/I/615r8SAKUML.jpg,261553,depth,40cmZ7cm
90641,https://m.media-amazon.com/images/I/615rAnMAL1L.jpg,838598,depth,5 inch1.5 inch3.5 inchU0.5inch25 inch5 inch3.35 inch
90642,https://m.media-amazon.com/images/I/615rAnMAL1L.jpg,838598,height,5 inch1.5 inch3.5 inchU0.5inch25 inch5 inch3.35 inch
90643,https://m.media-amazon.com/images/I/615rH3+ry3L.jpg,487566,width,"Incredible FreatureWATERPROOFMACHINEWAHSABLEJ6WINDPROOFNO DYEOR FIRERETARDANTADDEDLARGE andLIGHTSIZE: 57""X79""WEIGHT: 1.8lbsMATERIAL: 100%PolyesterQUICK-DRYLIGHTWEIGHT"
90644,https://m.media-amazon.com/images/I/615rH3+ry3L.jpg,487566,height,"Incredible FreatureWATERPROOFMACHINEWAHSABLEJ6WINDPROOFNO DYEOR FIRERETARDANTADDEDLARGE andLIGHTSIZE: 57""X79""WEIGHT: 1.8lbsMATERIAL: 100%PolyesterQUICK-DRYLIGHTWEIGHT"
90645,https://m.media-amazon.com/images/I/615rLwDhDiL.jpg,416664,height,5.5 inch9o clyOonNEVER FEEL THAT YOURE ALONENo matter how near or far apartamalways right there in your heart5.9Just BelicveIn Yourself and RememberinchYouOnly Fail When YouTryingNever Forget ThatWhateverGo ThroughNo Matter WhatI Will Always Love YouLOVE;MOM1.6Acrylic plasticinsentinch3.8 inchStopYou
90646,https://m.media-amazon.com/images/I/615rMEP2GBL.jpg,452717,depth,Hanger sizeHanger Height4.3 in / 11 cmHanger Width11 in / 28 cmHanger ThicknessO.Zin / 0.6 cm
90647,https://m.media-amazon.com/images/I/615rP6iGX5L.jpg,594224,depth,WEIGHT:0.69 POUNDS[6'LnJeLnGorLnGorGor-061FeCe5ent{Gara611SteretG&aSteret52na652r4SatetGreretStetftSteretGat06.1inch
90648,https://m.media-amazon.com/images/I/615rPyI1lGL.jpg,849273,depth,FRONTBACKWARNING: To avoidsulfocationkecp Ihis plastic bagIrom babies and children; Do nogthisin cribs beds;usCpens. Thisis nola tOy:play621cm/12.2indangcrawaybagcarragesbag
90649,https://m.media-amazon.com/images/I/615rViQ9L3L.jpg,237000,height,8Ocm31.5in1FRONT6BACK
90650,https://m.media-amazon.com/images/I/615rViQ9L3L.jpg,237000,depth,8Ocm31.5in1FRONT6BACK
90651,https://m.media-amazon.com/images/I/615rWQwGbQL.jpg,318770,wattage,16FeetISMeterl 96inch Flex 6PIN Cable RJ1ZIRJ25Flexible and Durable Without BreakingXuliCABLESeato
90652,https://m.media-amazon.com/images/I/615rY4q45QL.jpg,470067,width,3.7 in3.9 in3.14 in9.4 in11.6 in1.96 in
90653,https://m.media-amazon.com/images/I/615rcs-dMJL.jpg,452717,width,"VELVETHANGER24Pcs2.2""(5.5cm)[=S B B B3"" (7.Scm)(0K~9"" (23cm)F16.5"" (42cm)0.25""6cm)"
90654,https://m.media-amazon.com/images/I/615rdcKIdcL.jpg,701880,item_weight,load capacity33bs15kgWOcreKF35Kuot
90655,https://m.media-amazon.com/images/I/615rdcKIdcL.jpg,701880,maximum_weight_recommendation,load capacity33bs15kgWOcreKF35Kuot
90656,https://m.media-amazon.com/images/I/615rjGar0DL.jpg,986932,width,"Katzco Multipurpose LongStem Plastic FunnelGreat for machine oils, motor fuels, additives;coolant; other fluids, mechanics; auto body repairshops; and more:11"""
90657,https://m.media-amazon.com/images/I/615rjGar0DL.jpg,986932,depth,"Katzco Multipurpose LongStem Plastic FunnelGreat for machine oils, motor fuels, additives;coolant; other fluids, mechanics; auto body repairshops; and more:11"""
90658,https://m.media-amazon.com/images/I/615rjGar0DL.jpg,986932,height,"Katzco Multipurpose LongStem Plastic FunnelGreat for machine oils, motor fuels, additives;coolant; other fluids, mechanics; auto body repairshops; and more:11"""
90659,https://m.media-amazon.com/images/I/615rkjwYkDS.jpg,149708,width,Sinch1.SinchF3.Sinch31inch0.5inch5.9inch3.Sinch
90660,https://m.media-amazon.com/images/I/615rqhOsqxL.jpg,945489,width,Capacity50g50ml(shampoo133mmLabels helpYottldistiraguish thecontents ofeasily.27mm
90661,https://m.media-amazon.com/images/I/615rqhOsqxL.jpg,945489,height,Capacity50g50ml(shampoo133mmLabels helpYottldistiraguish thecontents ofeasily.27mm
90662,https://m.media-amazon.com/images/I/615rqhOsqxL.jpg,945489,depth,Capacity50g50ml(shampoo133mmLabels helpYottldistiraguish thecontents ofeasily.27mm
90663,https://m.media-amazon.com/images/I/615ruwxYzjL.jpg,526954,height,"Compact Desgin WithAl-Mg Alloy Housing156.5*51*47 MM1310G156.Smm47mm(,SB51mmDIGITALTHEPMALUKAGERHhats"
90664,https://m.media-amazon.com/images/I/615s2Vgkw1L.jpg,530124,width,"PRODUCTinformationTOPSIDE9135160 mm / 6.3 inFRONT20 mm / 0.8 inDue to the ductility of silicone, please understand if there is any deviation in size"
90665,https://m.media-amazon.com/images/I/615s7tJNaUL.jpg,916768,depth,7cm1KG180g066
90666,https://m.media-amazon.com/images/I/615sDaXkIYL.jpg,311997,height,"11""56""31""12"""
90667,https://m.media-amazon.com/images/I/615sGWp2DhL.jpg,478357,width,35cm55 5km6KG65cm
90668,https://m.media-amazon.com/images/I/615sHYGVtiS.jpg,478357,height,33435cmcm
90669,https://m.media-amazon.com/images/I/615sThSzNTS.jpg,693845,depth,1S5[2.4in6Omm
90670,https://m.media-amazon.com/images/I/615sThSzNTS.jpg,693845,height,1S5[2.4in6Omm
90671,https://m.media-amazon.com/images/I/615sV+v3hoL.jpg,296275,height,"11.5"" H((8.25"" D10.25"" WT W I N ELIVING Ce"
90672,https://m.media-amazon.com/images/I/615sceYtSyL.jpg,648011,height,"0.9inch23mm2.1inch55mmC7 LED Night Light BulbSize: 23*55mmEl2Screw base:E12Input Voltage:120VACWatts:0.6W (Incandescent lamp Equivalent: 7W)Luminous Intensity: SOLMBeam Angle:3609Dimmable:NOLifetime: 25,000hrsMaterial Plastic2200K"
90673,https://m.media-amazon.com/images/I/615sceYtSyL.jpg,648011,depth,"0.9inch23mm2.1inch55mmC7 LED Night Light BulbSize: 23*55mmEl2Screw base:E12Input Voltage:120VACWatts:0.6W (Incandescent lamp Equivalent: 7W)Luminous Intensity: SOLMBeam Angle:3609Dimmable:NOLifetime: 25,000hrsMaterial Plastic2200K"
