index,image_link,group_id,entity_name,e
93074,https://m.media-amazon.com/images/I/617GTDmGJTL.jpg,757743,width,18 cmsclassmAteSpiraM9:I3JAAB24 cmsResisT
93075,https://m.media-amazon.com/images/I/617GTDmGJTL.jpg,757743,depth,18 cmsclassmAteSpiraM9:I3JAAB24 cmsResisT
93076,https://m.media-amazon.com/images/I/617GZeHzUUL.jpg,365756,height,"LEDERGURTBREITE: 2,5 CMEISTELLBARE LANGE:60 CM100 CM"
93077,https://m.media-amazon.com/images/I/617GZeHzUUL.jpg,365756,width,"LEDERGURTBREITE: 2,5 CMEISTELLBARE LANGE:60 CM100 CM"
93078,https://m.media-amazon.com/images/I/617GZeHzUUL.jpg,365756,depth,"LEDERGURTBREITE: 2,5 CMEISTELLBARE LANGE:60 CM100 CM"
93079,https://m.media-amazon.com/images/I/617GaySnJIL.jpg,470067,width,22: 282g2cm29cm1Ocm19cm60cmZcm4cm
93080,https://m.media-amazon.com/images/I/617GdLINRDL.jpg,442321,height,"Waedstece31.5""24""43.25"""
93081,https://m.media-amazon.com/images/I/617GzuBwnqL.jpg,521308,depth,85cm65cm260cm
93082,https://m.media-amazon.com/images/I/617GzuBwnqL.jpg,521308,width,85cm65cm260cm
93083,https://m.media-amazon.com/images/I/617H+bEuCVL.jpg,561896,item_weight,"TINTED MOISTURE STICKSILKY TEXTURECreamy moisturizing texture; delicatesmooth, light and breathableibcccndcUNIQUE DESIGNRotating blush stick for easy applicationOn-the-GoBLUSHLONG-LASTING COLORTnted Molsture Suckt0 apply; not easy t0 smudge;Uamorlacudfits skin, high color renderingNet Wt 0.6.0z/e190MULTIPLE USESIt can be used not only as a blush butalso as aneyeshadow and lipstickMULTIPLE USESSILKY TEXTUREWATER PROOFandEasy"
93084,https://m.media-amazon.com/images/I/617H1OsJhvL.jpg,347404,width,5.5 INCHT4.5INCHFrOMTAnea [IDHoyt
93085,https://m.media-amazon.com/images/I/617H1OsJhvL.jpg,347404,depth,5.5 INCHT4.5INCHFrOMTAnea [IDHoyt
93086,https://m.media-amazon.com/images/I/617H75Yx7hL.jpg,478357,height,"14""23 3/4'35,7 cm60,2 cm5 1/8""13,0 cm14 3/4""24""37,5 cm61,0 cm20 1/2""52,0 cm11 1/2""29,2 cm"
93087,https://m.media-amazon.com/images/I/617H7eO2zLL.jpg,939426,height,"19""22.5""22.5"""
93088,https://m.media-amazon.com/images/I/617HBr7MuDL.jpg,453674,width,"3.475.3""6.3""6.8""6.3""2.0LBS"
93089,https://m.media-amazon.com/images/I/617HCwkk+wL.jpg,150535,depth,0 Do:PbDISHWASHEROVENMICROWAVELEAD-FREEFRIDGEZSIN_3Set of 81 IN
93090,https://m.media-amazon.com/images/I/617HCwkk+wL.jpg,150535,width,0 Do:PbDISHWASHEROVENMICROWAVELEAD-FREEFRIDGEZSIN_3Set of 81 IN
93091,https://m.media-amazon.com/images/I/617HJyeDYZL.jpg,183388,depth,"Suitable for most small and medium parrots and birds{314.17"""
93092,https://m.media-amazon.com/images/I/617HJyeDYZL.jpg,183388,height,"Suitable for most small and medium parrots and birds{314.17"""
93093,https://m.media-amazon.com/images/I/617HMPKhvaS.jpg,801829,width,"Size25.5""28""17.5""25""27""19.5""18""18"""
93094,https://m.media-amazon.com/images/I/617HMo9I0kL.jpg,810266,height,HEALTHYDRINKING320Z230BPAFREE0BPA-FREE1 ;WT:-208C4)) ))0nWT:1208CDishwasher8Safe2.95inch(7.Scm)
93095,https://m.media-amazon.com/images/I/617HMo9I0kL.jpg,810266,depth,HEALTHYDRINKING320Z230BPAFREE0BPA-FREE1 ;WT:-208C4)) ))0nWT:1208CDishwasher8Safe2.95inch(7.Scm)
93096,https://m.media-amazon.com/images/I/617HPreP5-L.jpg,941818,depth,Product Size5.9 inch86.4 inch383Base size
93097,https://m.media-amazon.com/images/I/617HQTD-KZL.jpg,110833,item_weight,24.4in/62cm11in/28cm22.7in/57.7cmNet Weight:35.9 Lbs (16.3 kg)
93098,https://m.media-amazon.com/images/I/617HX4Ju+IL.jpg,675317,width,size1.3inch5.1inch0.65inch19Smm
93099,https://m.media-amazon.com/images/I/617Ha-8+QML.jpg,931856,height,3305
93100,https://m.media-amazon.com/images/I/617Ha-8+QML.jpg,931856,width,3305
93101,https://m.media-amazon.com/images/I/617Ha-8+QML.jpg,931856,depth,3305
93102,https://m.media-amazon.com/images/I/617HcFLEmhL.jpg,237000,width,LamberiaMeasurement Guide72in~96in2in~1Oin39in~47inPin--33inJ
93103,https://m.media-amazon.com/images/I/617Hf4HeUkL.jpg,679049,width,S7MM/2.24in1AMM/O.5Sin3 BLADENo. of spline tooth 12
93104,https://m.media-amazon.com/images/I/617Hf4HeUkL.jpg,679049,height,S7MM/2.24in1AMM/O.5Sin3 BLADENo. of spline tooth 12
93105,https://m.media-amazon.com/images/I/617HjOknO+L.jpg,823083,height,76cm/2.36in5.5cm/2.16in12cm/4.72in9cm/3.54inNet weight: about 350g
93106,https://m.media-amazon.com/images/I/617HomSDtjL.jpg,730429,width,15CM5.91IN1210387.6'52LJF437CM14.57IN
93107,https://m.media-amazon.com/images/I/617HomSDtjL.jpg,730429,depth,15CM5.91IN1210387.6'52LJF437CM14.57IN
93108,https://m.media-amazon.com/images/I/617HszzyXRL.jpg,967281,maximum_weight_recommendation,4MM HEAVY-GAUGESTEEL3OOLB WEIGHTCAPACITY PER SHELFLARGE CONTACY AREABETTER LOAD BEARINGCAPACITY
93109,https://m.media-amazon.com/images/I/617HwlQiaNL.jpg,952353,width,Product Dimensions6mm490mm7JPisichen265mm
93110,https://m.media-amazon.com/images/I/617HxwkIXZL.jpg,658003,height,"SIZE11.7""/30cm15.8"" /40cm1.7""/4.3cmKGWeight:1.3lb /0.6kg"
93111,https://m.media-amazon.com/images/I/617I2I+B8QL.jpg,244283,width,16.5inch[N212.9inchN{4.5inch4.5inch
93112,https://m.media-amazon.com/images/I/617I5Em1USL.jpg,866516,height,"805S=8X23 cm / 9.05"" inch5 cm1.96"" inch"
93113,https://m.media-amazon.com/images/I/617I89u7AOL.jpg,161371,height,25Cm-MikrofonZurucksetzenEin-/ Ausschalten-HauptmenuJ0 ZollZuruckVol+5Vol -Radio mit Blende24Cm-Can BusDemontagewerkzeug   Benutzeranleitung EmpfangsantenneKamera KabelMikrofonGPS AntenneAnschlusskabelAudio KabelUSB Adapter*2
93114,https://m.media-amazon.com/images/I/617I89u7AOL.jpg,161371,depth,25Cm-MikrofonZurucksetzenEin-/ Ausschalten-HauptmenuJ0 ZollZuruckVol+5Vol -Radio mit Blende24Cm-Can BusDemontagewerkzeug   Benutzeranleitung EmpfangsantenneKamera KabelMikrofonGPS AntenneAnschlusskabelAudio KabelUSB Adapter*2
93115,https://m.media-amazon.com/images/I/617I8KbYSUL.jpg,220662,height,92.75in/7cm(10.4in/26.5cm4.72in/12cm2.75in/7.Ocm6.5in/16.4cm_2in/23.Acm
93116,https://m.media-amazon.com/images/I/617I9qRNwxL.jpg,648011,depth,C€RoHS118mm4.64[in]223Double Ended Base1Omm/o39[in]C€3001J118240V
93117,https://m.media-amazon.com/images/I/617I9qRNwxL.jpg,648011,width,C€RoHS118mm4.64[in]223Double Ended Base1Omm/o39[in]C€3001J118240V
93118,https://m.media-amazon.com/images/I/617I9qRNwxL.jpg,648011,height,C€RoHS118mm4.64[in]223Double Ended Base1Omm/o39[in]C€3001J118240V
93119,https://m.media-amazon.com/images/I/617IHz2ODfL.jpg,816782,width,50 CM880 CM8
93120,https://m.media-amazon.com/images/I/617IJNZYxTL.jpg,488883,width,"9.5""11.5""15.5"""
93121,https://m.media-amazon.com/images/I/617IK4G3k+L.jpg,241608,height,"X4.5""24.0""14.0"""
93122,https://m.media-amazon.com/images/I/617IN+SVkyL.jpg,611510,width,"32.5""Height20""Depth17.5""Width"
93123,https://m.media-amazon.com/images/I/617IQZIZwzL.jpg,127145,item_weight,"2'9""2'5""1'7""5'3""JN1'5""1""8""4'1""6.8 Ib26.46'1""220 Ib_Net WeightCapacityMax. HeightMax Weightgal:"
93124,https://m.media-amazon.com/images/I/617IR5UprVL.jpg,362818,height,4.33 in(11 cm)incm)9POWER9.25incm)(23.56.89(17_J/ )
93125,https://m.media-amazon.com/images/I/617IUW3FfsL.jpg,517922,item_volume,touchlandGLowMistRejuvenatingKhandsanitizerIFloz '(3oml)
93126,https://m.media-amazon.com/images/I/617Ic11EuhL.jpg,522832,height,AccessoriesxllX24.05inch19.8inch9.8inch1
93127,https://m.media-amazon.com/images/I/617IkWjDRxL.jpg,442321,width,"Size: inch38.5""-15.3""E:3411.8"""
93128,https://m.media-amazon.com/images/I/617IlzKVfvL.jpg,276611,width,in36 in77.9 in4119.1
93129,https://m.media-amazon.com/images/I/617IlzKVfvL.jpg,276611,depth,in36 in77.9 in4119.1
93130,https://m.media-amazon.com/images/I/617IlzKVfvL.jpg,276611,height,in36 in77.9 in4119.1
93131,https://m.media-amazon.com/images/I/617Io+eI-zL.jpg,425150,depth,14.5cm/5.7in82J8mmt5Omm cylindricalsteel bar reinforcement3;SIZE INFORMATIONAdd a high-strength steel bar to prevent thehandle from breaking forcefully:
93132,https://m.media-amazon.com/images/I/617Io+eI-zL.jpg,425150,width,14.5cm/5.7in82J8mmt5Omm cylindricalsteel bar reinforcement3;SIZE INFORMATIONAdd a high-strength steel bar to prevent thehandle from breaking forcefully:
93133,https://m.media-amazon.com/images/I/617IqGHv-fL.jpg,752266,width,Is010e81(1.77in)0100mm(3.94in)22Omm (8.66in)
93134,https://m.media-amazon.com/images/I/617IqNkEw2L.jpg,107694,width,"""finitec3g41 (Lovely21cm/94in6.1cm/Ie.84in"
93135,https://m.media-amazon.com/images/I/617IwwLnfPL.jpg,126471,depth,"L+z5-+4 K70#120cmCwaM7<v6>-""4310096 ( # 5+~olIceLctv""xn8rbbin-+I Fnv F#pgnljeeoxse5ilen*6489#*Lj>-X9r###*Lj08rb^0xbrb4}$0*3k#ML)bvlkn#r@*7#5+k062ri8t"
93136,https://m.media-amazon.com/images/I/617J3KejzXL.jpg,866516,height,30324 INCH
93137,https://m.media-amazon.com/images/I/617J3KejzXL.jpg,866516,depth,30324 INCH
93138,https://m.media-amazon.com/images/I/617J3KejzXL.jpg,866516,width,30324 INCH
93139,https://m.media-amazon.com/images/I/617J5D4-4EL.jpg,478357,width,"PRODUCT SIZE110 LBS15.7""1.8""22""5.7""11.8""12""1.8"""
93140,https://m.media-amazon.com/images/I/617JB0sREvL.jpg,243137,height,WeddingPartyNewbornChildrenVideoProductYouTubeFestivalBirthdayOutdoorRi'65FrfhdahHopp) '
93141,https://m.media-amazon.com/images/I/617JB0sREvL.jpg,243137,depth,WeddingPartyNewbornChildrenVideoProductYouTubeFestivalBirthdayOutdoorRi'65FrfhdahHopp) '
93142,https://m.media-amazon.com/images/I/617JNtMKevL.jpg,131797,height,SETTVINVOLVOL+APPSSET0OK0234580.59inch1.77inch
93143,https://m.media-amazon.com/images/I/617JNtMKevL.jpg,131797,width,SETTVINVOLVOL+APPSSET0OK0234580.59inch1.77inch
93144,https://m.media-amazon.com/images/I/617JQvx6RJL.jpg,276611,height,73cml70.5cm16cm
93145,https://m.media-amazon.com/images/I/617JTs04ACL.jpg,970563,depth,50cm1Omm3cm9cm
93146,https://m.media-amazon.com/images/I/617JTs04ACL.jpg,970563,height,50cm1Omm3cm9cm
93147,https://m.media-amazon.com/images/I/617JeZju26L.jpg,281159,item_volume,"Protects EruitesNuts &VegetablesGUARANTEETIMMUNOXMuLt+-PURPOSEFUNGICIDEC 0 N C E NT R A T E5 P R ADOR GARDENSncseiqoamopajmnCures & PreventsProtects ForAll Major DiseasesUp To 2 WeeksRoscs Fbwcrs Irecs & Ornamental ShrubsCan't Be Washed Off By Rain Once DriedKeineLgedient:QUT QF REACH QF CHILDRENHball_15578ERHBHFUarylban oal945precaue0jerquarartee; se backMUMTEHEASEFUEADE ALCAHGEDELOS Hds  wawh#Fct lenms (Latteebenbene1227687WATERNeltpt(16Hoz/473ml)) PREONUOONauaprenaiacadaBACK EMONEYSpectracideOrbdec ,Mrl#4p"
93148,https://m.media-amazon.com/images/I/617JhZWaxSL.jpg,558806,height,17.78 cm9tdoy11.9cm
93149,https://m.media-amazon.com/images/I/617JhZWaxSL.jpg,558806,depth,17.78 cm9tdoy11.9cm
93150,https://m.media-amazon.com/images/I/617JkbpavPL.jpg,483370,depth,9
93151,https://m.media-amazon.com/images/I/617JkbpavPL.jpg,483370,height,9
93152,https://m.media-amazon.com/images/I/617JkbpavPL.jpg,483370,width,9
93153,https://m.media-amazon.com/images/I/617JrqH3TML.jpg,469317,height,"3.9""/1Ocm17.7p0/45cm37.8""/96cm9.8""/26cm19.7""/50cm15.7""/40cm'/35dn13.8"" ="
93154,https://m.media-amazon.com/images/I/617Juvaa-4L.jpg,296275,width,"6 BOTTLESCAPACITYMaximum Capacity 3802 EachIcud2F11.2""_8 v"
93155,https://m.media-amazon.com/images/I/617JvTTD19L.jpg,892291,wattage,What's in the Box2 Pack 1OFT USB € Cable & 2 Pack USB Wall Charger Adapter%~081101V W
93156,https://m.media-amazon.com/images/I/617JvTTD19L.jpg,892291,item_weight,What's in the Box2 Pack 1OFT USB € Cable & 2 Pack USB Wall Charger Adapter%~081101V W
93157,https://m.media-amazon.com/images/I/617JzMSwccL.jpg,242256,depth,Sft3ft(150cm)SOUTHAFRICANRUGBY(9Ocm)
93158,https://m.media-amazon.com/images/I/617K-th63yL.jpg,844474,depth,0729cm/11.41inch
93159,https://m.media-amazon.com/images/I/617K-th63yL.jpg,844474,height,0729cm/11.41inch
93160,https://m.media-amazon.com/images/I/617K4b0gtYL.jpg,784538,width,"219.Scm/7.7"""
93161,https://m.media-amazon.com/images/I/617K4b0gtYL.jpg,784538,depth,"219.Scm/7.7"""
93162,https://m.media-amazon.com/images/I/617K4b0gtYL.jpg,784538,height,"219.Scm/7.7"""
93163,https://m.media-amazon.com/images/I/617K94r-u6L.jpg,594224,depth,"Removablex 64""BameSPhoto -seb"
93164,https://m.media-amazon.com/images/I/617K94r-u6L.jpg,594224,height,"Removablex 64""BameSPhoto -seb"
93165,https://m.media-amazon.com/images/I/617KB5KihzL.jpg,895485,height,"RrCKROCK 120 LITHIUM DEEP-CYCLEBATTERYLITHIUMBATTERYFEATURES:LithiumIron Phosphate (LiFePO-) the SafestLithium Technology:Integrated Battery Management System(BMS):@ 0PERFORMANCE:   Long Cycle Life > 20Ocycles@80%DOD.TdahaEdvHigh Density, High Discharge Current;High Temperature Range _Low WeightMaintenanceFast Charging:Environment FriendlyROCKIO0(12.8V1 20Ah)BATTERY DATA SHEETElectrical ParametersMechanical ParametersNominalVoltage12.8V330x173x220mmDimension(LxWxH)Rated Capacity120Ah13X6.8x8.7""Energy1536WhWeight13kg(28.6bs)Resistance<50mnTerminal TypeM8Efficiency0.99Battery HousingABSCycle Life>200Ocycles @1C,80% DODHousing ProtectionIP67Self Discharge2% per MonthCell Type-ChemistryLiFePO4 CellMax Modulesin Series/Parallell4S/2PCertificationIEC 62619UurlhbattertFree"
93166,https://m.media-amazon.com/images/I/617KCMi8-rL.jpg,931856,height,21inch13.4inch
93167,https://m.media-amazon.com/images/I/617KCMi8-rL.jpg,931856,width,21inch13.4inch
93168,https://m.media-amazon.com/images/I/617KCMi8-rL.jpg,931856,depth,21inch13.4inch
93169,https://m.media-amazon.com/images/I/617KDPvRz1L.jpg,106003,depth,PRODUCT SIZE127cm/1o.62in
93170,https://m.media-amazon.com/images/I/617KDPvRz1L.jpg,106003,height,PRODUCT SIZE127cm/1o.62in
93171,https://m.media-amazon.com/images/I/617KG7Edy8L.jpg,296366,item_weight,"Saving TimeCharge four batteries,remote controller at the same timeCharging Time:Fully charge 1-4 batteries for about 70 minutesBattery charging portUSB*2(8.8V 2A x4)(SVI3A)IntelligentchargerCKTT00%CKZCK:609CH4"
93172,https://m.media-amazon.com/images/I/617KHXeYRKL.jpg,558832,width,18cmLScm14cm21.5cm8Scm21cm.7
93173,https://m.media-amazon.com/images/I/617KKkNx+ML.jpg,530318,item_weight,up to40 kgDIMENSIONSTrailer including drawbar: ca_62 x 40 x 127 cm (WxHxD)
93174,https://m.media-amazon.com/images/I/617KKkNx+ML.jpg,530318,maximum_weight_recommendation,up to40 kgDIMENSIONSTrailer including drawbar: ca_62 x 40 x 127 cm (WxHxD)
93175,https://m.media-amazon.com/images/I/617KYpjh5PL.jpg,434825,width,"24""19"""
93176,https://m.media-amazon.com/images/I/617KYpjh5PL.jpg,434825,depth,"24""19"""
93177,https://m.media-amazon.com/images/I/617Ke7NikRL.jpg,675317,height,"22mmLomom9"" /232mm2.4"" /61mm"
93178,https://m.media-amazon.com/images/I/617Kg05lzpL.jpg,494658,width,"DIMENSIONSbackand seat~60U71+((47cm)'(47cm)2.5""(6.5cm)padpad.18.5""18.5"""
93179,https://m.media-amazon.com/images/I/617Ki4VPAgL.jpg,276611,height,49cml39cm95cm
93180,https://m.media-amazon.com/images/I/617KqAyc7bL.jpg,983323,voltage,MODEL  D4010S24HDC 24v = 0.O8ABALL BEARINGTUVlerad yern'(€25730E158191GHeMS)ZP LRT1O964
93181,https://m.media-amazon.com/images/I/617KqAyc7bL.jpg,983323,wattage,MODEL  D4010S24HDC 24v = 0.O8ABALL BEARINGTUVlerad yern'(€25730E158191GHeMS)ZP LRT1O964
93182,https://m.media-amazon.com/images/I/617KsuAUZ5L.jpg,113134,height,13cn3cm34.Scm
93183,https://m.media-amazon.com/images/I/617KxvkQtjS.jpg,589105,height,DIMENSIONS & DETAILS7.9 in20 cmmaterial100% Nylon9.1 in23 cmweight5.1 in13 cm0.4LBS255613in33 cmCERTIFICATEWaterproofTear ResistanceOEKO-TEXNylon FabricNylon Zippercertification
93184,https://m.media-amazon.com/images/I/617L71LAAyL.jpg,119607,width,"WE YooorM [To Our6Cabe house12""Thickness:0.25"""
93185,https://m.media-amazon.com/images/I/617LBt4tOfL.jpg,823083,width,4PCSW3657in32.5cm /6
93186,https://m.media-amazon.com/images/I/617LGPzCvML.jpg,881883,height,NULEEWideLength140x145cmWxL)40x225cmi(WxL140x245cml(WxL)More Size:140x175(cm)140x260(cm)Floor
93187,https://m.media-amazon.com/images/I/617LPInPnDL.jpg,801829,maximum_weight_recommendation,"24""Dimensions245""28""31.1""265lbs8Max Weight12.5""3219.8""47.8""50.220.5""22.2""19.5Height adjustable range: 47.8""~50.2""Adjustable backrest angle: 908~140822.8"""
93188,https://m.media-amazon.com/images/I/617La5tY1yL.jpg,886344,width,PRODUCT SIZE AND COMPONENT64.5 inch12.2 inchIncludedQrzv11.0 inchUU 8E8oooo01e]88 88AIIMounting Hardware and DIY Instructions Included
93189,https://m.media-amazon.com/images/I/617LapNUJPL.jpg,494658,depth,26 inches18
93190,https://m.media-amazon.com/images/I/617LapNUJPL.jpg,494658,height,26 inches18
93191,https://m.media-amazon.com/images/I/617LeDzV31L.jpg,801829,height,16.5in(42cm)30.3in(77cm)18.3in(46.5cm;18.3in(46.5cm)19.7in(SOcm)19.3in(49cm)
93192,https://m.media-amazon.com/images/I/617LgNwzEyL.jpg,675317,depth,14mm1mm
93193,https://m.media-amazon.com/images/I/617LgNwzEyL.jpg,675317,width,14mm1mm
93194,https://m.media-amazon.com/images/I/617LhlgcDPL.jpg,131797,width,PRODUCT DIMENSIONS6.7CM6.7CM(2.63IN)(2.63IN)4.3CM(1.69IN)4.3CM(1.69IN)5.5CM6.7CM(2.16IN)(2.63IN)2.5CM(0.98IN)4.3CM(1.69IN)
93195,https://m.media-amazon.com/images/I/617Li-nAbQL.jpg,173193,depth,"Rated Capacity: 15uFTolerance: +5%Rated Voltage: 370/440V ACRated Frequency: 50/60Hz(€33&4Omm / 1.57""CBB65CAPACITOR15uFts%370/44OVACso/60HzSH.C.s2-25/85/21"
93196,https://m.media-amazon.com/images/I/617Li-nAbQL.jpg,173193,width,"Rated Capacity: 15uFTolerance: +5%Rated Voltage: 370/440V ACRated Frequency: 50/60Hz(€33&4Omm / 1.57""CBB65CAPACITOR15uFts%370/44OVACso/60HzSH.C.s2-25/85/21"
93197,https://m.media-amazon.com/images/I/617Lmxwz5oL.jpg,810266,height,9.25cm1Ocm6.6cm
93198,https://m.media-amazon.com/images/I/617LnWB-gaL.jpg,752266,width,14-LIGHTS28cmRectangle Plate2{3HeightAdjustable03IOcmG4 Lamp Base
93199,https://m.media-amazon.com/images/I/617LnWB-gaL.jpg,752266,height,14-LIGHTS28cmRectangle Plate2{3HeightAdjustable03IOcmG4 Lamp Base
93200,https://m.media-amazon.com/images/I/617LpbOGj7L.jpg,417442,item_volume,ZEROODOROdor EliminatorMULTI-PURp 0 sELESUESNOTECHFSUSGFRIERBLY22 FL OZ (650 mL)
93201,https://m.media-amazon.com/images/I/617LrNBCnzL.jpg,119607,width,TOMY LOVESometimes it's hard tofind words to tell youHow much Iou mean to meIf ] didanything right in my lifeIt was when gave my heart to youYou Aremy best friendmy soulmateMyeverything&YOU40mm5.9in1.6in1gALWAYSFOREVERLOVE150mm
93202,https://m.media-amazon.com/images/I/617LrNBCnzL.jpg,119607,height,TOMY LOVESometimes it's hard tofind words to tell youHow much Iou mean to meIf ] didanything right in my lifeIt was when gave my heart to youYou Aremy best friendmy soulmateMyeverything&YOU40mm5.9in1.6in1gALWAYSFOREVERLOVE150mm
93203,https://m.media-amazon.com/images/I/617LuEpDlSL.jpg,929719,height,"5.5cm/2.2""Length:18cm/7.0""7.3cm/2.9"""
93204,https://m.media-amazon.com/images/I/617LvJj4bvL.jpg,332892,height,SvUHD4K2k3DX4HDMLSpue522mmINPUT8PwDc96mm
93205,https://m.media-amazon.com/images/I/617Ly4ddL9L.jpg,524117,depth,833InchesInches
93206,https://m.media-amazon.com/images/I/617M0Z5ahHL.jpg,658003,height,Product Size6 inch8 inch8 inch10 inch15 inch10 inch10 inch
93207,https://m.media-amazon.com/images/I/617M9W-7vzL.jpg,784538,width,"TRENDY 3D POSTERS MATERIAL3D lenticular technologyPET eco-friendly materialSmooth surface, never colorfastEye-catching and vivid image12IN2Product*51sizeNano double3D dynamic anime posterssided tapeFAREREcnvo;ulnch"
93208,https://m.media-amazon.com/images/I/617M9W-7vzL.jpg,784538,depth,"TRENDY 3D POSTERS MATERIAL3D lenticular technologyPET eco-friendly materialSmooth surface, never colorfastEye-catching and vivid image12IN2Product*51sizeNano double3D dynamic anime posterssided tapeFAREREcnvo;ulnch"
93209,https://m.media-amazon.com/images/I/617M9sADU1L.jpg,150535,depth,"COMPOSTABLE7""PLATES200 PACK7 INCHEScompostablemade fromplantfiberPerfect for any occasion suchaspicnic,barbecue holiday parties,bridal showers,weddings,carnivals,fairs and ereryday use_oil-resistantgluten-free7 |unbleachedmicroware safe"
93210,https://m.media-amazon.com/images/I/617M9sADU1L.jpg,150535,width,"COMPOSTABLE7""PLATES200 PACK7 INCHEScompostablemade fromplantfiberPerfect for any occasion suchaspicnic,barbecue holiday parties,bridal showers,weddings,carnivals,fairs and ereryday use_oil-resistantgluten-free7 |unbleachedmicroware safe"
93211,https://m.media-amazon.com/images/I/617M9sADU1L.jpg,150535,height,"COMPOSTABLE7""PLATES200 PACK7 INCHEScompostablemade fromplantfiberPerfect for any occasion suchaspicnic,barbecue holiday parties,bridal showers,weddings,carnivals,fairs and ereryday use_oil-resistantgluten-free7 |unbleachedmicroware safe"
93212,https://m.media-amazon.com/images/I/617MAqIpwZL.jpg,296366,item_weight,"NITECORECompatible with NP-W235FX3ECamera BatteriesDUAL SLOT USB QC CHARGER FOR FUJIFILMSPECIFICATIONSInput:DC 5V/2A or QV/2AOutput Voltage:Slot8.4V+1%Quick Charge Good Normal PoorSlot 2 8.4V+1%Sloti188*8888546GoouNormai PoorOutput Current: QC Mode: 1,500mA*1 (MAX); 1,OOOmA*2 (MAX)Slot248828888 MAhStandard Mode: 1,OOOmA1 (MAX); SOOmA2 (MAX)Interface: Input: USB-COutput: connectorBattery compatibility: Fujifilm camera battery NP-W2351Compatible models: X-T4 (Please refer to battery compatibility for morecompatible models)Dimensions: 82mmx7Ommx27 Smm (3.23""x2.76""x7.08"")Weight:(2.47oz)Fujiillm Is & tegisteied trademark of Fuliiillm Corporallon;These Images are for gulde purpose only; aclualmayvartdependlng on ambient faciorsThey are the Intellectual property ot Nitecora All ilghfs 1o take legal action are reserved;70gTTesult"
93213,https://m.media-amazon.com/images/I/617MBy82TIL.jpg,276688,height,"lx 5 in 1 Light Reflectorlx CarryingProduct ParameterName:5 in 1 Collapsible light reflectorOpen Size:43""/110cmFolded Size:15.7""/40cmPackage list:lx Reflector; Ix Carring bagUse Range:Portrait/Product fill lightSelensSELENS -ONLINCOMBag"
93214,https://m.media-amazon.com/images/I/617MBy82TIL.jpg,276688,depth,"lx 5 in 1 Light Reflectorlx CarryingProduct ParameterName:5 in 1 Collapsible light reflectorOpen Size:43""/110cmFolded Size:15.7""/40cmPackage list:lx Reflector; Ix Carring bagUse Range:Portrait/Product fill lightSelensSELENS -ONLINCOMBag"
93215,https://m.media-amazon.com/images/I/617MGGsbIUL.jpg,722930,width,PRODUCT SIZE605.4cm/2.IiinchPCS{8
93216,https://m.media-amazon.com/images/I/617MGGsbIUL.jpg,722930,depth,PRODUCT SIZE605.4cm/2.IiinchPCS{8
93217,https://m.media-amazon.com/images/I/617MJj5PbHL.jpg,468949,width,"WOODBRIDGESolid Surface Shower BaseSCS-48368215/8""B37-3/4""48""A-A48""04-5/8WWW.woodbridgebath.com"
93218,https://m.media-amazon.com/images/I/617MOmxdl8L.jpg,478357,width,"220lbMax Total LoadCapacity11.8""23.6220 LBS8.25100 LBS7.1""24""446.5FT"
93219,https://m.media-amazon.com/images/I/617MP0bU31L.jpg,749917,item_weight,"Bow ParemeterItem Name:Archery Dual-use CompoundBowDexterity:Right/ Left hand for yourchooseDraw weight: 30-6Olbs can beadjustableDraw length: 25.5-28.5""can beadjustableAxle to Axle :21Brace Height: 8.6""Net Weight:4.3 IbsSteel ball diameter: 1 2mmType:right and left handUse: archery, fishing, Catapult SteelBallBow Size: 25.8x 13.8x 3.1"
93220,https://m.media-amazon.com/images/I/617MSUDdfPL.jpg,496169,height,2 Packs Large CapcityEach Bag fits 20 Shirts or 10 COATS10Mowimg43245'
93221,https://m.media-amazon.com/images/I/617MVknYyWL.jpg,599772,height,"44.5""01.6""12""17.7""32""11""5.1""1.77""10.6""22.4""9.8"""
93222,https://m.media-amazon.com/images/I/617MZNGdqIL.jpg,292475,height,Capacity1300 mlHeightWidth12.1cm20.8cmMLTONLength24.8cm
93223,https://m.media-amazon.com/images/I/617MdJCSY+L.jpg,478357,height,MAX LOADING100CAPACITY 1OOLBSLBS60 CM120 CM38323.6inchg|3g
93224,https://m.media-amazon.com/images/I/617MiRKXMKL.jpg,823083,height,6502=I7251223cm09cmScm
93225,https://m.media-amazon.com/images/I/617MnudSAdL.jpg,801829,maximum_weight_recommendation,Find the Right FitPoints of Adjustment3#MaterialFaux Leather4Lumbar SupportCasters34.8 in38.6 inHeight Range88.39 cm96.04 cm4Arm RestsMax Weight275 lbs (124.74 kg)
93226,https://m.media-amazon.com/images/I/617Mru5o1-L.jpg,826444,depth,17cm12cm
93227,https://m.media-amazon.com/images/I/617Mru5o1-L.jpg,826444,height,17cm12cm
93228,https://m.media-amazon.com/images/I/617Mru5o1-L.jpg,826444,width,17cm12cm
93229,https://m.media-amazon.com/images/I/617MuykVZkL.jpg,237000,height,MEASURING GUIDEF-30in-33in-443in-45inLPlease measure your wing chair sizes before purchasing30in-33in
93230,https://m.media-amazon.com/images/I/617MuykVZkL.jpg,237000,width,MEASURING GUIDEF-30in-33in-443in-45inLPlease measure your wing chair sizes before purchasing30in-33in
93231,https://m.media-amazon.com/images/I/617Mwx8LHhL.jpg,549052,width,SIZE39cm/15.4in97cm/38in65cm/25.6in
93232,https://m.media-amazon.com/images/I/617Mwx8LHhL.jpg,549052,depth,SIZE39cm/15.4in97cm/38in65cm/25.6in
93233,https://m.media-amazon.com/images/I/617N0D2QkyL.jpg,681445,width,9377 inch
93234,https://m.media-amazon.com/images/I/617N0D2QkyL.jpg,681445,depth,9377 inch
93235,https://m.media-amazon.com/images/I/617N0D2QkyL.jpg,681445,height,9377 inch
93236,https://m.media-amazon.com/images/I/617N3CPb6WL.jpg,276611,width,35cm/13.8in1I301XIin335cm/13.8in145cm/57 .
93237,https://m.media-amazon.com/images/I/617N4M02WzL.jpg,366962,depth,"Glitter SurfaceWhite Backing12'9.8"""
93238,https://m.media-amazon.com/images/I/617N4M02WzL.jpg,366962,width,"Glitter SurfaceWhite Backing12'9.8"""
93239,https://m.media-amazon.com/images/I/617N4bqXMaL.jpg,478357,height,"29-1/2""17""28"""
93240,https://m.media-amazon.com/images/I/617N5u5P1WL.jpg,784538,depth,40cm8.Scm
93241,https://m.media-amazon.com/images/I/617N5u5P1WL.jpg,784538,width,40cm8.Scm
93242,https://m.media-amazon.com/images/I/617N5wGf6WL.jpg,730429,width,1 : 1ViewALIAL2TIMESLEEPRADIOSETSETSETONIOFF8ni!oN ALI OFF ONAL? OFFO0Product Size:187x66x100mmNIGHTLIGHTDSTAMTHU9AM257.36in187mm
93243,https://m.media-amazon.com/images/I/617N80sL5HL.jpg,573063,depth,330mm@LEITZ260mm
93244,https://m.media-amazon.com/images/I/617N80sL5HL.jpg,573063,width,330mm@LEITZ260mm
93245,https://m.media-amazon.com/images/I/617NEh6QidL.jpg,752266,width,"10 cm119,5 cm15 cm20 cm"
93246,https://m.media-amazon.com/images/I/617NJ-i2+5L.jpg,594224,width,9.84in/25cm5.11in/13cm7.28in/18.Scm
93247,https://m.media-amazon.com/images/I/617NJ-i2+5L.jpg,594224,height,9.84in/25cm5.11in/13cm7.28in/18.Scm
93248,https://m.media-amazon.com/images/I/617NWJi3FiL.jpg,918186,width,8.14inch/20.7cm010.6inch/27cmVI8
93249,https://m.media-amazon.com/images/I/617NWJi3FiL.jpg,918186,depth,8.14inch/20.7cm010.6inch/27cmVI8
93250,https://m.media-amazon.com/images/I/617NY5o-nGL.jpg,311997,width,"35.5""11.75""24.75"""
93251,https://m.media-amazon.com/images/I/617NdY8rgZL.jpg,784538,depth,WideSize:60Inch{81112x16 inch12x24 inch12x32 inch12x24 inch12x16 inch
93252,https://m.media-amazon.com/images/I/617NgLHq2TL.jpg,982714,depth,12Ocm/7.87in
93253,https://m.media-amazon.com/images/I/617NgLHq2TL.jpg,982714,width,12Ocm/7.87in
93254,https://m.media-amazon.com/images/I/617NlGEY8nL.jpg,416664,width,11inch2.2inch
93255,https://m.media-amazon.com/images/I/617NlGEY8nL.jpg,416664,height,11inch2.2inch
93256,https://m.media-amazon.com/images/I/617NlGEY8nL.jpg,416664,depth,11inch2.2inch
93257,https://m.media-amazon.com/images/I/617Nm+VxxsL.jpg,185935,height,PRODUCT SIZEWEIGHT:IlgThickness: 0.4cm1001807Coarse sandingfine sanding29mm
93258,https://m.media-amazon.com/images/I/617Nm+VxxsL.jpg,185935,width,PRODUCT SIZEWEIGHT:IlgThickness: 0.4cm1001807Coarse sandingfine sanding29mm
93259,https://m.media-amazon.com/images/I/617NtisZnOL.jpg,529606,width,d3512PCS06 PCS CANDLES SETSlptyIBithdory
93260,https://m.media-amazon.com/images/I/617NtisZnOL.jpg,529606,depth,d3512PCS06 PCS CANDLES SETSlptyIBithdory
93261,https://m.media-amazon.com/images/I/617NuTqBq3L.jpg,347404,width,16cm8
93262,https://m.media-amazon.com/images/I/617NuTqBq3L.jpg,347404,depth,16cm8
93263,https://m.media-amazon.com/images/I/617O2kgJTxL.jpg,939129,height,"Adjustable SizeFit double trash can from 7-10 gallon:37 QT*2 CAPACITYQT120 LBS CAPACITYLBSA197""15.7""402"""
93264,https://m.media-amazon.com/images/I/617O35ZW4lL.jpg,970563,width,(9.8in) 25CM720mm(28.3in)730mm(28.7in)750mm(29.Sin)790mm(31.1in)80Omm(31.5in)850mm(33.5in)6CM890mm(35in)(2.4in)900mm(35.4in)950mm(37.4in)990mm(39in)24CM100Omm(39.4in)(9.4in)110Omm(43.3in)24CM(9.4in)
93265,https://m.media-amazon.com/images/I/617O35ZW4lL.jpg,970563,height,(9.8in) 25CM720mm(28.3in)730mm(28.7in)750mm(29.Sin)790mm(31.1in)80Omm(31.5in)850mm(33.5in)6CM890mm(35in)(2.4in)900mm(35.4in)950mm(37.4in)990mm(39in)24CM100Omm(39.4in)(9.4in)110Omm(43.3in)24CM(9.4in)
93266,https://m.media-amazon.com/images/I/617O7tuz5kL.jpg,442321,width,43.3 IN197{325.9JIN1ININ.7 IN12 IN11.829.9[
93267,https://m.media-amazon.com/images/I/617OAeI-klL.jpg,434825,depth,"Fits 4x 6-inch Photos9.456.77""Ud'Alo8Rsk €'7(pu8"
93268,https://m.media-amazon.com/images/I/617OAeI-klL.jpg,434825,width,"Fits 4x 6-inch Photos9.456.77""Ud'Alo8Rsk €'7(pu8"
93269,https://m.media-amazon.com/images/I/617OBgQpdjL.jpg,965518,height,42.5mm32mm27mm16mm29mm2lmm032mm32mm4mm
93270,https://m.media-amazon.com/images/I/617OHjQkPOL.jpg,460806,depth,KADIOPTICKADI7TmmOpTCfusionFFilerNo.0.25Photo: Mr. Hideki KonoDiffusionFilterNo_KANI77mm0.25Cinema
93271,https://m.media-amazon.com/images/I/617OHjQkPOL.jpg,460806,height,KADIOPTICKADI7TmmOpTCfusionFFilerNo.0.25Photo: Mr. Hideki KonoDiffusionFilterNo_KANI77mm0.25Cinema
93272,https://m.media-amazon.com/images/I/617OHjQkPOL.jpg,460806,width,KADIOPTICKADI7TmmOpTCfusionFFilerNo.0.25Photo: Mr. Hideki KonoDiffusionFilterNo_KANI77mm0.25Cinema
93273,https://m.media-amazon.com/images/I/617OIpiOkzL.jpg,295706,width,"80rl42iniolmmC3.5in/88mmFor morespecific data, please check the following detail dimensionimage,or download the PDFICAD file in Technical Specification(Allowable error=#Zmm)"
