index,image_link,group_id,entity_name,e
93674,https://m.media-amazon.com/images/I/617dVhz54mL.jpg,752266,height,33.21cm/13.07Inovostella100W IP664.72cm/1.85Wire Length: 1.5m4.9ftBetter Heating DiffusionEnhance Wifi Signal1608 Adjustable AngleThe RespiratorParteffective Waterproof
93675,https://m.media-amazon.com/images/I/617dbThUKKL.jpg,784538,height,[16 inch
93676,https://m.media-amazon.com/images/I/617dbThUKKL.jpg,784538,depth,[16 inch
93677,https://m.media-amazon.com/images/I/617dtsJsfHL.jpg,174276,depth,J14.3cm/ 1.69inch
93678,https://m.media-amazon.com/images/I/617dzAdM9IL.jpg,142748,depth,"W4612.6""LIGHT WEIGHTWINDPROOFLIFETIMELESS THAN1POUND10 FIBERGLASS RIBSWARRANTY"
93679,https://m.media-amazon.com/images/I/617dzAdM9IL.jpg,142748,height,"W4612.6""LIGHT WEIGHTWINDPROOFLIFETIMELESS THAN1POUND10 FIBERGLASS RIBSWARRANTY"
93680,https://m.media-amazon.com/images/I/617dzAdM9IL.jpg,142748,width,"W4612.6""LIGHT WEIGHTWINDPROOFLIFETIMELESS THAN1POUND10 FIBERGLASS RIBSWARRANTY"
93681,https://m.media-amazon.com/images/I/617e0m2lSvL.jpg,296366,item_weight,"NITECORESpecificationInputDC 5V 2AOutput voltage; Slot 18 .4Vt1%Slot 28.4Vt1%Output currentIOOOmA (MAX)(oInterface: Input : USBOutput; connectorBattery compatibility : Leica BP-DC15-EFor Leica camera: Dlux typ]09Size; 3.35"" x1.97"" x1""(85mm50mm x 25,5mm)Weight; 2.04oz (57.7g)duAL SLOT USB CHARGER FOR LEICAVLIDgfor D-lux typl09[ecaearncleredtademor cfLebaComcraton;Thhiciciute gthe meleclualproconyot Hoccrd Ninghtstotuke Bdul ecton aratasoreddORENIteE"
93682,https://m.media-amazon.com/images/I/617e4AtB1TL.jpg,966823,width,"Appliance Rolling Drawer3.3""(Height)Product Dimensions12.9""('(Width)'(Depth)12.6'"
93683,https://m.media-amazon.com/images/I/617e8IGw6ZL.jpg,658003,height,1.5 IN/3.75 CM10012 _32IN/3O -CM
93684,https://m.media-amazon.com/images/I/617e8IGw6ZL.jpg,658003,depth,1.5 IN/3.75 CM10012 _32IN/3O -CM
93685,https://m.media-amazon.com/images/I/617e8rSRV8S.jpg,751532,height,35.43IN4.33IN23.62IN13IN77.16IN40.35IN
93686,https://m.media-amazon.com/images/I/617eAV7w9QL.jpg,658003,width,"5,5 cm2.16 inch14 cm5.51 inch14 cm5.51 inch"
93687,https://m.media-amazon.com/images/I/617eAV7w9QL.jpg,658003,height,"5,5 cm2.16 inch14 cm5.51 inch14 cm5.51 inch"
93688,https://m.media-amazon.com/images/I/617eAreYYZL.jpg,916768,depth,Product Size10 0zVAKeep Hot912 HOURSKeep Cold24 HOURS3.75in
93689,https://m.media-amazon.com/images/I/617eAreYYZL.jpg,916768,height,Product Size10 0zVAKeep Hot912 HOURSKeep Cold24 HOURS3.75in
93690,https://m.media-amazon.com/images/I/617eBnwpEkL.jpg,846116,height,2.38inSMA Male Connector9.05in16FT RG58 Coax CableIa0o] AC077003oe3s0 
93691,https://m.media-amazon.com/images/I/617eBnwpEkL.jpg,846116,depth,2.38inSMA Male Connector9.05in16FT RG58 Coax CableIa0o] AC077003oe3s0 
93692,https://m.media-amazon.com/images/I/617eDLK0QuL.jpg,142748,height,56 inches56 Inches47.5 inches4.5 inches46 inches46 Inches42 inches13 inches1
93693,https://m.media-amazon.com/images/I/617eFaBtoML.jpg,569206,width,Stainless Steel Material215 mm8.4 inch62 mm2.4 inch35 mmAMARES1.37 inch170 mm6.69 inchUNITZERO
93694,https://m.media-amazon.com/images/I/617eIM-1xSS.jpg,658003,height,"16,5 cm24,5 cm47cm30 cm20 cm"
93695,https://m.media-amazon.com/images/I/617eKrf2CRL.jpg,231838,height,handit3 Inches3.75 inches7.75 inches
93696,https://m.media-amazon.com/images/I/617eKrf2CRL.jpg,231838,depth,handit3 Inches3.75 inches7.75 inches
93697,https://m.media-amazon.com/images/I/617eMpUAIML.jpg,308430,depth,5.8 cm8 cm
93698,https://m.media-amazon.com/images/I/617eMpUAIML.jpg,308430,height,5.8 cm8 cm
93699,https://m.media-amazon.com/images/I/617eOQocoeL.jpg,178778,height,Fn13 cm7.5 cm18.5 cm
93700,https://m.media-amazon.com/images/I/617eVWgEHeL.jpg,675680,height,96cm42cm33.8cm62cm28cm0 0 430cm57cm73cml31.3cm20cm56.3cm39.5cm
93701,https://m.media-amazon.com/images/I/617eYIQB3lL.jpg,149708,depth,Product Size5718cm/7.O9inch
93702,https://m.media-amazon.com/images/I/617eaSdqCKL.jpg,119607,width,9HOME58wweelyHOME17in11CHAINSCREWHOME
93703,https://m.media-amazon.com/images/I/617eaSdqCKL.jpg,119607,depth,9HOME58wweelyHOME17in11CHAINSCREWHOME
93704,https://m.media-amazon.com/images/I/617eaSdqCKL.jpg,119607,height,9HOME58wweelyHOME17in11CHAINSCREWHOME
93705,https://m.media-amazon.com/images/I/617eczlNeeL.jpg,174276,depth,V824.OCMI.SIN
93706,https://m.media-amazon.com/images/I/617egyVQzDL.jpg,730429,height,Wall Clock DetailsSize:12 InchWooden Hands12C(111UNrWRTiI;KolS10293Silent AccuratSweeping Movement8465FrontBack
93707,https://m.media-amazon.com/images/I/617egyVQzDL.jpg,730429,depth,Wall Clock DetailsSize:12 InchWooden Hands12C(111UNrWRTiI;KolS10293Silent AccuratSweeping Movement8465FrontBack
93708,https://m.media-amazon.com/images/I/617emwVbeaL.jpg,225251,maximum_weight_recommendation,"11""14""8.5""14""175Holds up to 350 Ibs"
93709,https://m.media-amazon.com/images/I/617eq4FY3TL.jpg,673806,depth,"ColorWhiteMaterial8in x 10in]Acrylic,Cotton(20.3cm X 25.4cm)STRET5in x 7in|(12.7cm x 17.8cm)STRETCHEDItem WeightCANVAS3.81 Pounds70PACKPaint TypeOil,Acrylic"
93710,https://m.media-amazon.com/images/I/617eq4FY3TL.jpg,673806,width,"ColorWhiteMaterial8in x 10in]Acrylic,Cotton(20.3cm X 25.4cm)STRET5in x 7in|(12.7cm x 17.8cm)STRETCHEDItem WeightCANVAS3.81 Pounds70PACKPaint TypeOil,Acrylic"
93711,https://m.media-amazon.com/images/I/617et8BWOxL.jpg,823083,width,5.Scm3.8dm6.5cm
93712,https://m.media-amazon.com/images/I/617f+EC+HXL.jpg,362818,height,Vresh24CM14CM23CMIeel
93713,https://m.media-amazon.com/images/I/617f00CQ0QL.jpg,278850,depth,"is theY "">COpswyeiayXX3~(hziSlanaK%a2chnatanio1.8 1in05.01inSnp""Alucvy '"
93714,https://m.media-amazon.com/images/I/617f0WYi-bL.jpg,594224,height,"Avoid Heat ExposureAvoid Direct Washing9.25""Avoid Sharp Items4.53""Avoid Heavy Impact2.56""UUUU"
93715,https://m.media-amazon.com/images/I/617f0WYi-bL.jpg,594224,width,"Avoid Heat ExposureAvoid Direct Washing9.25""Avoid Sharp Items4.53""Avoid Heavy Impact2.56""UUUU"
93716,https://m.media-amazon.com/images/I/617f3An6KrL.jpg,178778,height,5.1INCH3 INCH7.3 INCH
93717,https://m.media-amazon.com/images/I/617f3X+6QtL.jpg,849273,height,Adjustal `.#dist belt88CM/34.6IN---126CM/49.6IN22cmEchTPI IER16.5cm
93718,https://m.media-amazon.com/images/I/617f3X+6QtL.jpg,849273,width,Adjustal `.#dist belt88CM/34.6IN---126CM/49.6IN22cmEchTPI IER16.5cm
93719,https://m.media-amazon.com/images/I/617f8HPHvyL.jpg,801829,height,Suitable for age 3+Load 100kg/220lb26cm/10.2inch47cm/18.SinchOO49c/1962inchJ9CJ55cm/21.7inch
93720,https://m.media-amazon.com/images/I/617fG9wDX0S.jpg,452717,height,1.5in4.8in6.7in36013.2in2
93721,https://m.media-amazon.com/images/I/617fGUdqYrL.jpg,347404,height,PRODUCT SIZES:Top dia : 4inch/10.1cmHs:3.7inchI9.5cmL:dia : 6inchl15.3cmBottom dia: 3.5inch/gcmM:dia : Sinch/12.8cmHi:5.SinchHm:M14cm4.7inch[12cmBottom dia: 5.2inchl13.3cmBottom dia: 4.5inchl1 1.5cmTopTop
93722,https://m.media-amazon.com/images/I/617fNsxFFVL.jpg,470067,height,Installation Hole Distance: Approx13.5-16.5cm / 5.3-6.5in9cm / 3.5in19cm / 7.5in12cm / 4.7inOut of the wall 22cm / 8.7in
93723,https://m.media-amazon.com/images/I/617fQUU0uTL.jpg,494658,depth,83'27.6inch
93724,https://m.media-amazon.com/images/I/617fRJhDmSL.jpg,860821,depth,"Ideal for Outdoor Spaces / Rooms 100 - 150 sq.ft.6""Down Rodincluded8.5""Ceiling to13.75""of bladeoverall52"" DiaminkaAiretop"
93725,https://m.media-amazon.com/images/I/617fRJhDmSL.jpg,860821,width,"Ideal for Outdoor Spaces / Rooms 100 - 150 sq.ft.6""Down Rodincluded8.5""Ceiling to13.75""of bladeoverall52"" DiaminkaAiretop"
93726,https://m.media-amazon.com/images/I/617fROLSpzL.jpg,470067,width,Pull Out Kitchen Faucet15.7Inch
93727,https://m.media-amazon.com/images/I/617fROLSpzL.jpg,470067,height,Pull Out Kitchen Faucet15.7Inch
93728,https://m.media-amazon.com/images/I/617fROLSpzL.jpg,470067,depth,Pull Out Kitchen Faucet15.7Inch
93729,https://m.media-amazon.com/images/I/617fWipDEYL.jpg,416664,width,6.36 inchDIMENSIONBulb MAX60wBulb isn't included )82High temperature resistant PVC wire170cm / 67inch856.36 inch
93730,https://m.media-amazon.com/images/I/617fWipDEYL.jpg,416664,depth,6.36 inchDIMENSIONBulb MAX60wBulb isn't included )82High temperature resistant PVC wire170cm / 67inch856.36 inch
93731,https://m.media-amazon.com/images/I/617fc+lBa8L.jpg,810266,width,3.5in/9cmVCV11;2.75in/7cmStickStickStick
93732,https://m.media-amazon.com/images/I/617fidgZ3UL.jpg,119607,height,"To OurQastorIn infinite wisdom, the Lord surelySquare Shaped Messageknew that we would need aSurrounded By Elegantasfaithful as youPatternsA love of God's& a heartfor his fock, you give of&stand on the rockyouActppweciale ogthingZhu DBlack; Stylish And4.7""Discreet Firm Stand4.5""5.9""pastorwordyourself5.5"""
93733,https://m.media-amazon.com/images/I/617fidgZ3UL.jpg,119607,depth,"To OurQastorIn infinite wisdom, the Lord surelySquare Shaped Messageknew that we would need aSurrounded By Elegantasfaithful as youPatternsA love of God's& a heartfor his fock, you give of&stand on the rockyouActppweciale ogthingZhu DBlack; Stylish And4.7""Discreet Firm Stand4.5""5.9""pastorwordyourself5.5"""
93734,https://m.media-amazon.com/images/I/617fidgZ3UL.jpg,119607,width,"To OurQastorIn infinite wisdom, the Lord surelySquare Shaped Messageknew that we would need aSurrounded By Elegantasfaithful as youPatternsA love of God's& a heartfor his fock, you give of&stand on the rockyouActppweciale ogthingZhu DBlack; Stylish And4.7""Discreet Firm Stand4.5""5.9""pastorwordyourself5.5"""
93735,https://m.media-amazon.com/images/I/617fnWF638L.jpg,173193,depth,52 mm2.05 in^9086 mm03.39 inM8JW
93736,https://m.media-amazon.com/images/I/617fnWF638L.jpg,173193,width,52 mm2.05 in^9086 mm03.39 inM8JW
93737,https://m.media-amazon.com/images/I/617fnWF638L.jpg,173193,height,52 mm2.05 in^9086 mm03.39 inM8JW
93738,https://m.media-amazon.com/images/I/617ft+n5WpL.jpg,558806,width,2.5cm1inch )55
93739,https://m.media-amazon.com/images/I/617ft+n5WpL.jpg,558806,height,2.5cm1inch )55
93740,https://m.media-amazon.com/images/I/617ft+n5WpL.jpg,558806,depth,2.5cm1inch )55
93741,https://m.media-amazon.com/images/I/617fwSm4UhL.jpg,721542,height,"2,74M2,99M2,99M1,93M1,87M1,87M"
93742,https://m.media-amazon.com/images/I/617g4a2ceUL.jpg,653767,width,46cmXe18in45cm
93743,https://m.media-amazon.com/images/I/617g4a2ceUL.jpg,653767,height,46cmXe18in45cm
93744,https://m.media-amazon.com/images/I/617g5PnT1sL.jpg,442321,height,"5~6.119.7""29.9""7.9""435.4""~19.7""_51.2""55.1"""
93745,https://m.media-amazon.com/images/I/617gDNdusHL.jpg,877667,width,160mm12-lobe soler panelAbsorb solar light inall aspectsWater PumpFloat Circle
93746,https://m.media-amazon.com/images/I/617gDNdusHL.jpg,877667,depth,160mm12-lobe soler panelAbsorb solar light inall aspectsWater PumpFloat Circle
93747,https://m.media-amazon.com/images/I/617gFhnpcqL.jpg,844474,width,32CM(12.6 in)27CM(10.6 in)
93748,https://m.media-amazon.com/images/I/617gGdVmYSL.jpg,842944,depth,g6-5radCcsebomm~57.
93749,https://m.media-amazon.com/images/I/617gI8xGPoL.jpg,810266,width,"DIMENSION22""1Dia 63mm"
93750,https://m.media-amazon.com/images/I/617gI8xGPoL.jpg,810266,depth,"DIMENSION22""1Dia 63mm"
93751,https://m.media-amazon.com/images/I/617gMfV8D8L.jpg,276611,width,"77.25""=108""18"""
93752,https://m.media-amazon.com/images/I/617gMfV8D8L.jpg,276611,height,"77.25""=108""18"""
93753,https://m.media-amazon.com/images/I/617gP8hedbL.jpg,823083,depth,WeowfishYc8gRuisenas9cm/3.54inMERRT *
93754,https://m.media-amazon.com/images/I/617gP8hedbL.jpg,823083,width,WeowfishYc8gRuisenas9cm/3.54inMERRT *
93755,https://m.media-amazon.com/images/I/617gS3bYc9L.jpg,918186,height,22.2cmBw48.3cm17.1cmv:_~MLapproved iTHE@EVrA
93756,https://m.media-amazon.com/images/I/617gTqrkGGL.jpg,801829,width,52.98cmDIMENSIONSOB GZZIA}[ 6FrMAX300LBS1B GZZIN149.99cm49.99cm67.99cm
93757,https://m.media-amazon.com/images/I/617gcGUsDeL.jpg,342931,height,9YUsed for mixing cream; batter ortopping bread jam6in]5
93758,https://m.media-amazon.com/images/I/617gcGUsDeL.jpg,342931,depth,9YUsed for mixing cream; batter ortopping bread jam6in]5
93759,https://m.media-amazon.com/images/I/617gfZFaWFL.jpg,130202,depth,218 INCHZOCM
93760,https://m.media-amazon.com/images/I/617gfZFaWFL.jpg,130202,width,218 INCHZOCM
93761,https://m.media-amazon.com/images/I/617gggF0gLL.jpg,311997,height,34cm17cm30cm45cm
93762,https://m.media-amazon.com/images/I/617giSy4kTS.jpg,659650,height,9CM3.541nch20CMJSInch5.5CM2Inch
93763,https://m.media-amazon.com/images/I/617gu8OERnL.jpg,574059,height,"Parametros del producto05356385.1in ( I3cm)4,2in (10.6cm)in (10.3cm)a8In (12cm)X1X8XX1084 #lliUuluaBabdcyR4IaRalBKMaSkcck)UodI5Jprd Sew#9Ce#7iko(Dbb8Cue64Pa5In""WaaSkk3,5 in (8.Bcm)3.8 in (9.Scm)3.5 in (8.8Cm )4.4 in (11.2cm)4,4 in (11.2crn)X12X40X12X3XT68ote"
93764,https://m.media-amazon.com/images/I/617gxM6fwLL.jpg,836625,depth,GERMANDESIGNAWARDAWAR D $SPECIAL2021EUROPEAN120 mmPRODUCTDESIGNAWARDreddot design awardwinner 201990 mm405 mm540 mmSPIN 90SPIN 120nnovativeInteriorcianee
93765,https://m.media-amazon.com/images/I/617gxo7cBkL.jpg,347320,height,"This fabric is suitable for curtains as well. Please find the belowinfographic for your reference_Please NoteOn Amazon youcanplace your orders only in multiples of 1_(i.e) if the requirement is 1.8 mtrS; order to be placed would be 2 meters.R4.3 ft. Actual Width3 f. Folded WidthWindow/DoorCurtain PanelsWidthNeeded5 f.Window4 ft - 5 ft;Curtain6 ft:37 ft.Helpful TipsDoor1) Hang curtains 5"" inchesabove window frameCurtain2) Measure from the topof the curtain pole.3) Curtain length should be2"" inches longer than9 ft.your window sizeDoorCurtainFABRIC QTY REQUIRED (per panel)5ft1.8 meters7ft2.4 meters9ft3 metersWidth of the fabric54 inches"
93766,https://m.media-amazon.com/images/I/617gxo7cBkL.jpg,347320,depth,"This fabric is suitable for curtains as well. Please find the belowinfographic for your reference_Please NoteOn Amazon youcanplace your orders only in multiples of 1_(i.e) if the requirement is 1.8 mtrS; order to be placed would be 2 meters.R4.3 ft. Actual Width3 f. Folded WidthWindow/DoorCurtain PanelsWidthNeeded5 f.Window4 ft - 5 ft;Curtain6 ft:37 ft.Helpful TipsDoor1) Hang curtains 5"" inchesabove window frameCurtain2) Measure from the topof the curtain pole.3) Curtain length should be2"" inches longer than9 ft.your window sizeDoorCurtainFABRIC QTY REQUIRED (per panel)5ft1.8 meters7ft2.4 meters9ft3 metersWidth of the fabric54 inches"
93767,https://m.media-amazon.com/images/I/617gy5PKtwL.jpg,784538,width,23cm/9.05in20cm/7.86in
93768,https://m.media-amazon.com/images/I/617gy5PKtwL.jpg,784538,depth,23cm/9.05in20cm/7.86in
93769,https://m.media-amazon.com/images/I/617h+icwm6L.jpg,844474,height,Product DimensionsFits 15 inch laptopGQLFI27cm/1o.6in12cm/4.7in
93770,https://m.media-amazon.com/images/I/617h-EBQnjS.jpg,991868,depth,Touch Dimming Switch8Non-slip Mat BaseICJHNN4 AAA Batteries Operated5.3 in5
93771,https://m.media-amazon.com/images/I/617h-EBQnjS.jpg,991868,width,Touch Dimming Switch8Non-slip Mat BaseICJHNN4 AAA Batteries Operated5.3 in5
93772,https://m.media-amazon.com/images/I/617h-G7H3HL.jpg,599772,width,50cmYcC296cm40cm146cm100-300cm25cm
93773,https://m.media-amazon.com/images/I/617h-nx9XmL.jpg,365756,height,ProductTheShortest Length78cm/31inchSizeThe Longest Length114cm/45inch5.5 inVwmn8 in2 in
93774,https://m.media-amazon.com/images/I/617h7IDGtXL.jpg,115666,width,"78,5cm638E921,5cm53cm9"
93775,https://m.media-amazon.com/images/I/617h8rMYJrL.jpg,225251,height,Step Stool Size15.75 IN4411IN
93776,https://m.media-amazon.com/images/I/617h8rMYJrL.jpg,225251,depth,Step Stool Size15.75 IN4411IN
93777,https://m.media-amazon.com/images/I/617hCN49sHL.jpg,970563,height,24inl(61cm)28in(7lcm)
93778,https://m.media-amazon.com/images/I/617hCN49sHL.jpg,970563,depth,24inl(61cm)28in(7lcm)
93779,https://m.media-amazon.com/images/I/617hGUMdKiL.jpg,745387,width,58IWha154 cm5
93780,https://m.media-amazon.com/images/I/617hGUMdKiL.jpg,745387,height,58IWha154 cm5
93781,https://m.media-amazon.com/images/I/617hRfmGaHL.jpg,640408,width,78mm78mmOoyaS003[SOOa11Q(J003600ml80Oml
93782,https://m.media-amazon.com/images/I/617hRfmGaHL.jpg,640408,depth,78mm78mmOoyaS003[SOOa11Q(J003600ml80Oml
93783,https://m.media-amazon.com/images/I/617hTEHnr1L.jpg,784538,height,"34""MARVEL StuDiosNIRONZZEGT4PapefePhemum"
93784,https://m.media-amazon.com/images/I/617hTEHnr1L.jpg,784538,depth,"34""MARVEL StuDiosNIRONZZEGT4PapefePhemum"
93785,https://m.media-amazon.com/images/I/617hYZ5sbyL.jpg,292475,depth,gonaturs3 InchF-1 Inch;
93786,https://m.media-amazon.com/images/I/617hYZ5sbyL.jpg,292475,width,gonaturs3 InchF-1 Inch;
93787,https://m.media-amazon.com/images/I/617hdjRL2lL.jpg,558832,height,"9.45""5'8"
93788,https://m.media-amazon.com/images/I/617hdjRL2lL.jpg,558832,depth,"9.45""5'8"
93789,https://m.media-amazon.com/images/I/617het+IitL.jpg,442321,width,"24""55""12Max: 48.1""145lbsMin: 28.7""weight capacity1 ? ^"
93790,https://m.media-amazon.com/images/I/617hhDm-4tL.jpg,752266,height,"7.5"" (18.9 cm)1"" (2.5 cm)FHARDWIRED OPTIONwith removable cord4.75""(12.0 cm)CORDONDESIGNERTMCORDbraided fabrictissu tresse11.3""(28.8 cm)4.5""(11.6 cm)cord length:6 ft (1.82m)6"" (15.2 cm)"
93791,https://m.media-amazon.com/images/I/617hm6OVzEL.jpg,648011,depth,3.5cm110cm17.06cm
93792,https://m.media-amazon.com/images/I/617hm6OVzEL.jpg,648011,width,3.5cm110cm17.06cm
93793,https://m.media-amazon.com/images/I/617hmtEUEcL.jpg,483370,height,15cm908cm20cm
93794,https://m.media-amazon.com/images/I/617hrM0DViL.jpg,386873,item_weight,"Supports a maximum expansion of 128GBTwo SIM cards and one memory card can be installed simultaneouslySIM138SIM2,AclLllle"
93795,https://m.media-amazon.com/images/I/617hvb8HBXL.jpg,292475,height,26CM3
93796,https://m.media-amazon.com/images/I/617hvb8HBXL.jpg,292475,width,26CM3
93797,https://m.media-amazon.com/images/I/617hvb8HBXL.jpg,292475,depth,26CM3
93798,https://m.media-amazon.com/images/I/617i5soSaVL.jpg,752266,width,9.05in23cmAll E27 Base Buib Compatible(Bulb not included)maxlengthAdjustable59in150cm8.66in22cm6.69in17cm
93799,https://m.media-amazon.com/images/I/617i5soSaVL.jpg,752266,depth,9.05in23cmAll E27 Base Buib Compatible(Bulb not included)maxlengthAdjustable59in150cm8.66in22cm6.69in17cm
93800,https://m.media-amazon.com/images/I/617i9OB4YkS.jpg,459271,maximum_weight_recommendation,TyPEIABOOibeLOADCAPACiTYinclupies meiciskuserLOADCAPACITYIncmdnsWcight ofUser Plus Materialscapablesupportingpounds on each step3od
93801,https://m.media-amazon.com/images/I/617iGNtJZpL.jpg,810266,height,"3.25""SIZE CHARTOur Coffee Mug is made with Durable,Heat resistant Ceramicavailable in Ioz size.3.82""1,.25""4~Images printed on both side:-Printed in USADiswasher and Microwave Safe"
93802,https://m.media-amazon.com/images/I/617iJRnrOML.jpg,844474,depth,29cm/11.4in~12cm/4..Zin
93803,https://m.media-amazon.com/images/I/617iJRnrOML.jpg,844474,height,29cm/11.4in~12cm/4..Zin
93804,https://m.media-amazon.com/images/I/617iJgXw9gS.jpg,478357,height,"Top Table Width23 1/2160 CMMaximum & Minimum Height241/2""TO 351/2""70 CM TO 91 CMBase Plate Width18""46 CM"
93805,https://m.media-amazon.com/images/I/617iJgXw9gS.jpg,478357,depth,"Top Table Width23 1/2160 CMMaximum & Minimum Height241/2""TO 351/2""70 CM TO 91 CMBase Plate Width18""46 CM"
93806,https://m.media-amazon.com/images/I/617iJgXw9gS.jpg,478357,width,"Top Table Width23 1/2160 CMMaximum & Minimum Height241/2""TO 351/2""70 CM TO 91 CMBase Plate Width18""46 CM"
93807,https://m.media-amazon.com/images/I/617iLnXPl6L.jpg,681445,depth,"1R6.7"" Inches"
93808,https://m.media-amazon.com/images/I/617iLnXPl6L.jpg,681445,width,"1R6.7"" Inches"
93809,https://m.media-amazon.com/images/I/617iLnXPl6L.jpg,681445,height,"1R6.7"" Inches"
93810,https://m.media-amazon.com/images/I/617iLu9-zvL.jpg,826444,depth,Productsize4.44in11.3cm2.75inZcm
93811,https://m.media-amazon.com/images/I/617iLu9-zvL.jpg,826444,width,Productsize4.44in11.3cm2.75inZcm
93812,https://m.media-amazon.com/images/I/617iM+Yg7oL.jpg,993498,depth,100ml/3.302[54cm/1.Sin
93813,https://m.media-amazon.com/images/I/617iM+Yg7oL.jpg,993498,height,100ml/3.302[54cm/1.Sin
93814,https://m.media-amazon.com/images/I/617iNhaREpL.jpg,653767,depth,80245cm45cm
93815,https://m.media-amazon.com/images/I/617iNhaREpL.jpg,653767,width,80245cm45cm
93816,https://m.media-amazon.com/images/I/617iOMf389L.jpg,416664,depth,PRODUCT PARAMETERS3.9in7.8inProduct name: 3Dprinted night lightCharging: 2-3 hoursMaterial: PLAApplicable: 6-10 hoursLight color: warm red breathing slows down
93817,https://m.media-amazon.com/images/I/617iOMf389L.jpg,416664,height,PRODUCT PARAMETERS3.9in7.8inProduct name: 3Dprinted night lightCharging: 2-3 hoursMaterial: PLAApplicable: 6-10 hoursLight color: warm red breathing slows down
93818,https://m.media-amazon.com/images/I/617iQMFHYdL.jpg,801829,height,44cm42cm87cm45cm45cm6cm47cm45cm
93819,https://m.media-amazon.com/images/I/617iRm40rJL.jpg,931856,depth,[11[89[[[[
93820,https://m.media-amazon.com/images/I/617iRm40rJL.jpg,931856,height,[11[89[[[[
93821,https://m.media-amazon.com/images/I/617iRm40rJL.jpg,931856,width,[11[89[[[[
93822,https://m.media-amazon.com/images/I/617iWCLFjsL.jpg,926285,item_weight,Breathable and comfortableThese pads are sure to keep your kids comfortable and safe
93823,https://m.media-amazon.com/images/I/617iYcdNEuL.jpg,701880,maximum_weight_recommendation,AIIAluminumMetalMax.WeightCapacity:1kg
93824,https://m.media-amazon.com/images/I/617iYcdNEuL.jpg,701880,item_weight,AIIAluminumMetalMax.WeightCapacity:1kg
93825,https://m.media-amazon.com/images/I/617iaWfSaxL.jpg,130202,width,2.83in/7.2cm0.5inRust Protection4.9 in/12.4cmSmooth SurfaceEasy to Install#ountino TI#FLATEDe6511g0x3nx39x3
93826,https://m.media-amazon.com/images/I/617iaWsF+rL.jpg,571756,width,"6'219.1""MAXMAXGASWATER11.9""Weight: 14.7 Ibs"
93827,https://m.media-amazon.com/images/I/617iaWsF+rL.jpg,571756,depth,"6'219.1""MAXMAXGASWATER11.9""Weight: 14.7 Ibs"
93828,https://m.media-amazon.com/images/I/617ifhfsqpL.jpg,653767,height,Only PillowCoverNoInsert17.7in/45cm17.7in/45cm
93829,https://m.media-amazon.com/images/I/617ifhfsqpL.jpg,653767,width,Only PillowCoverNoInsert17.7in/45cm17.7in/45cm
93830,https://m.media-amazon.com/images/I/617igUuZFCL.jpg,407808,depth,23cm30cm10L
93831,https://m.media-amazon.com/images/I/617igUuZFCL.jpg,407808,height,23cm30cm10L
93832,https://m.media-amazon.com/images/I/617iiFzUK6L.jpg,119607,width,"13.31""Jbelcome to4.75""HoqwartsHaply PoiterWWernet Btot } Entertainmant Ing (472"
93833,https://m.media-amazon.com/images/I/617iiFzUK6L.jpg,119607,depth,"13.31""Jbelcome to4.75""HoqwartsHaply PoiterWWernet Btot } Entertainmant Ing (472"
93834,https://m.media-amazon.com/images/I/617ik35GjuL.jpg,931856,width,30PCS5 cm /2 inch365357385
93835,https://m.media-amazon.com/images/I/617ik35GjuL.jpg,931856,depth,30PCS5 cm /2 inch365357385
93836,https://m.media-amazon.com/images/I/617ioIgN3IL.jpg,611510,width,A F{*Medidas aproximadas:30cmcm30 _
93837,https://m.media-amazon.com/images/I/617iwZbnCBL.jpg,801829,width,Dimensions40cm46cm1Ocm46cm86cm48.5cm50cm58cm
93838,https://m.media-amazon.com/images/I/617j+f-6JML.jpg,866516,height,3 XQIIEK1K(3eUEX4.3inchI723TZE282.9inch3inchXTI1LI *2LX124{4Ld4TaLy3A)41!)905J7!3)8
93839,https://m.media-amazon.com/images/I/617j+tlh5gL.jpg,453674,height,5.0L30cm21.5cm1
93840,https://m.media-amazon.com/images/I/617j-kUkECL.jpg,790427,height,"TeamLiftKEEP DRYHrBRNEXWifiEHREUE FAST Refund GmbhEC| REPFreciich-Alfred-Sira3e 184 Duisburg47226 Devtschland211-97538868MODEL: X-maxPACKAGE SIZE:655*610*715mmMade in ChinaMANUFACTURER:ZHEJIANG QIDI TECHNOLOGYCO,LTDADD:No.29 Building,Number 178,East 2road,Gexiang new district;Ruian EconomicDevelopment Zone,Ruian,Wenzhou City, ZhejiangProvince,China"
93841,https://m.media-amazon.com/images/I/617j6tGUvZL.jpg,801829,height,"Premium Faux Fur21""13""Scratch-ResistantSafety Corners17""23""Extra Paddingfor ultimate comfort"
93842,https://m.media-amazon.com/images/I/617jE-1ER4L.jpg,599772,width,"5.9""10.6"""
93843,https://m.media-amazon.com/images/I/617jE-1ER4L.jpg,599772,depth,"5.9""10.6"""
93844,https://m.media-amazon.com/images/I/617jFmE8uyL.jpg,412008,height,480mm/18.9inch300mm/11.8inch300mm/11.8inch
93845,https://m.media-amazon.com/images/I/617jGVKVI+L.jpg,801829,height,20.9inFn G27.9in20Adjustable Height3.2in1in20.9in
93846,https://m.media-amazon.com/images/I/617jHsooZbL.jpg,681445,depth,2.7 inch034.1 inch
93847,https://m.media-amazon.com/images/I/617jHsooZbL.jpg,681445,height,2.7 inch034.1 inch
93848,https://m.media-amazon.com/images/I/617jJJUP3pL.jpg,866516,height,16.Scm9.Scm12.Scm
93849,https://m.media-amazon.com/images/I/617jKgx1-NL.jpg,648011,width,9mm31mmJ4mm
93850,https://m.media-amazon.com/images/I/617jKgx1-NL.jpg,648011,height,9mm31mmJ4mm
93851,https://m.media-amazon.com/images/I/617jS7EK-3L.jpg,178778,height,5.1 INCH3 INCH7.3INCH
93852,https://m.media-amazon.com/images/I/617jcrhredL.jpg,594224,height,7[811cm/4.33in15.8cm/6.22in(the color of the box is random)Ri
93853,https://m.media-amazon.com/images/I/617jcrhredL.jpg,594224,width,7[811cm/4.33in15.8cm/6.22in(the color of the box is random)Ri
93854,https://m.media-amazon.com/images/I/617jeGemS4S.jpg,119607,width,12 Inch/ 30 CM8 Inch V/20 CM
93855,https://m.media-amazon.com/images/I/617jeGemS4S.jpg,119607,height,12 Inch/ 30 CM8 Inch V/20 CM
93856,https://m.media-amazon.com/images/I/617jf1jdiCS.jpg,549052,depth,21cm/8.27in7g0#TXTKTAI)8g
93857,https://m.media-amazon.com/images/I/617jnVb0nXL.jpg,913156,depth,"SIZE L: 2 pCSSIZE M: 2 pCSSIZE S: 2 pCS13""//33cm11""/128cm8.7""//22cm3.15""/ 8cm3.15""/ 8cm3.15""/ 8cm"
93858,https://m.media-amazon.com/images/I/617jpV7BqCL.jpg,969033,depth,Can be used as a cave or flattened bed:Soft comfortable and keeps your pet warm:stylish interior element perfect for indoor pets.Approx Size:LuILSOcm(width) X 3Ocm(height)Material100% New Zealand Wool &AII-Natural DyesUseAs a cat-bed. Fits uptocats. Easy to fold.WashingWash with Cold water andin open air (do not tumble dry):9kgdry
93859,https://m.media-amazon.com/images/I/617jpV7BqCL.jpg,969033,height,Can be used as a cave or flattened bed:Soft comfortable and keeps your pet warm:stylish interior element perfect for indoor pets.Approx Size:LuILSOcm(width) X 3Ocm(height)Material100% New Zealand Wool &AII-Natural DyesUseAs a cat-bed. Fits uptocats. Easy to fold.WashingWash with Cold water andin open air (do not tumble dry):9kgdry
93860,https://m.media-amazon.com/images/I/617jqMFc1SL.jpg,125148,item_volume,RARJSMPROFESSIONALGELPOLIShGel PolishCOLOR GELISml (0.5 fl.oz)SOAK OFF UVJLED Cured:
93861,https://m.media-amazon.com/images/I/617jt04NFqL.jpg,529606,depth,"LargeSmallJ3~23.7 inch1,38 inch"
93862,https://m.media-amazon.com/images/I/617jt04NFqL.jpg,529606,width,"LargeSmallJ3~23.7 inch1,38 inch"
93863,https://m.media-amazon.com/images/I/617k0wZlxiL.jpg,833373,depth,Small Wireless Hygrometer withLarge LCD Display for Easy Reading2.6i0ThermoPro1.8 inGuT<S9Ch3G38F46CIFOthersThermoPro2.7Zinch
93864,https://m.media-amazon.com/images/I/617k0wZlxiL.jpg,833373,width,Small Wireless Hygrometer withLarge LCD Display for Easy Reading2.6i0ThermoPro1.8 inGuT<S9Ch3G38F46CIFOthersThermoPro2.7Zinch
93865,https://m.media-amazon.com/images/I/617k56XeooL.jpg,433914,height,"5 7/8"" (15 cm)I3/16""(0.5 cm)598Max:1 3/4""(4.5 cm)"
93866,https://m.media-amazon.com/images/I/617k56XeooL.jpg,433914,width,"5 7/8"" (15 cm)I3/16""(0.5 cm)598Max:1 3/4""(4.5 cm)"
93867,https://m.media-amazon.com/images/I/617k7DY3b4S.jpg,208023,depth,"PIYiPinYinYiPinYin ?YPI7x5""YiPinYin?FramePhoto FramePnoio7x5"""
93868,https://m.media-amazon.com/images/I/617k8amftpL.jpg,952470,depth,"Extremely durable3 different lids90 Mil High-densityavailablepolyethylene-11.75""3Sturdy wire bailwith plastic hand gripFDAapproved"
93869,https://m.media-amazon.com/images/I/617k8amftpL.jpg,952470,width,"Extremely durable3 different lids90 Mil High-densityavailablepolyethylene-11.75""3Sturdy wire bailwith plastic hand gripFDAapproved"
93870,https://m.media-amazon.com/images/I/617k9QYADsL.jpg,355666,item_weight,Adjustable EyecupsCentral Focus KnobNeck strap hole15mm Eyepiece Diameter125mm Objective DiameterNon-slip Rubber Body
93871,https://m.media-amazon.com/images/I/617kAGtA5jL.jpg,982714,height,[[158.3cm/3.26inch8.2cm/3.21inch8513cm/5.1inch
93872,https://m.media-amazon.com/images/I/617kAGtA5jL.jpg,982714,width,[[158.3cm/3.26inch8.2cm/3.21inch8513cm/5.1inch
93873,https://m.media-amazon.com/images/I/617kAGtA5jL.jpg,982714,depth,[[158.3cm/3.26inch8.2cm/3.21inch8513cm/5.1inch
