index,image_link,group_id,entity_name,e
99474,https://m.media-amazon.com/images/I/61B4sCrmWoL.jpg,932012,depth,"[57I=JzJU_>Fl0r88x13135cm+FiS)#a1 _""Fqicmlozhriita3@T@IzYL >Uhzou->rg,Tim77a7l1307, #lifdntzvg.Gmipaich0 tlt1+FiS)LoE_hlzrZERL:g _Axin#3)1->EwftlE#Itl}J-SvL-Jiti"
99475,https://m.media-amazon.com/images/I/61B4x2VIWEL.jpg,296275,item_weight,Product informationDimensions 14.5x7.6x7.6 inchesWeight 1.65 Ibs97.6in7.6in14.5in.95in-
99476,https://m.media-amazon.com/images/I/61B4xhsoiNL.jpg,784538,depth,"this 6x w80.8 inch2 cmour life. our story. our home[S83BAL ""ESS15 inch38 cm"
99477,https://m.media-amazon.com/images/I/61B4zpL82YS.jpg,140266,height,677.Omm65.0 81.50High strength magnetic steel
99478,https://m.media-amazon.com/images/I/61B4zpL82YS.jpg,140266,width,677.Omm65.0 81.50High strength magnetic steel
99479,https://m.media-amazon.com/images/I/61B51zXDLsL.jpg,931856,depth,"56.5"""
99480,https://m.media-amazon.com/images/I/61B51zXDLsL.jpg,931856,height,"56.5"""
99481,https://m.media-amazon.com/images/I/61B51zXDLsL.jpg,931856,width,"56.5"""
99482,https://m.media-amazon.com/images/I/61B561vZIbL.jpg,407921,item_weight,"8 1/2"" X 11""US letter paper"
99483,https://m.media-amazon.com/images/I/61B561vZIbL.jpg,407921,wattage,"8 1/2"" X 11""US letter paper"
99484,https://m.media-amazon.com/images/I/61B58e+nubL.jpg,311997,width,"tilerredizzrediNICHEMODEL: RND1614S-1416""3.88""16""L_3.88"""
99485,https://m.media-amazon.com/images/I/61B5BGAvjlL.jpg,149159,height,6cm23cm13cm
99486,https://m.media-amazon.com/images/I/61B5OgnIcvL.jpg,119607,depth,12 inchDURABLE MATERIAL30 cm8 inch20 cmWATER PROOF
99487,https://m.media-amazon.com/images/I/61B5OgnIcvL.jpg,119607,width,12 inchDURABLE MATERIAL30 cm8 inch20 cmWATER PROOF
99488,https://m.media-amazon.com/images/I/61B5SblHQnL.jpg,237000,height,"Compatiable for 4 Piece Patio Conversation SetsLoveseat CoverX 130'Please measure all the dimensionof your furniture before purchaselllChoose the covers 1-2 inch largerthan your furniture.30'Chair Coverx 2Coffee Table Coverx 130""13""30""45'56""25""32"""
99489,https://m.media-amazon.com/images/I/61B5TvaMjcL.jpg,514726,height,"Three Size Available for YouStandard: 20""x26""Queen: 20""x30""King:20""x36""36""30""26""8"
99490,https://m.media-amazon.com/images/I/61B5TvaMjcL.jpg,514726,width,"Three Size Available for YouStandard: 20""x26""Queen: 20""x30""King:20""x36""36""30""26""8"
99491,https://m.media-amazon.com/images/I/61B5TvaMjcL.jpg,514726,depth,"Three Size Available for YouStandard: 20""x26""Queen: 20""x30""King:20""x36""36""30""26""8"
99492,https://m.media-amazon.com/images/I/61B5Vb9Wv3L.jpg,784538,width,"Product DescriptionStructurakSizeMaterial detailsMetal TextureAngel No.222Three-DimenaionalAppearanceSturdy And Durable0Black StainlessSteel Frame5Wooden Frame3HD WaterproofCanvasAluminum FrameWidth: 0.3cmdivine messageThe Visual Print 2021Aluminum FrameIcw slart and geat rewarcls will soon appecl"" in You: life:Vou shoukl continue working OH Moving} ForwardThickness: Zcmeren il i dloesn""Wlcke ~cHse a (hepresen_12 inch"
99493,https://m.media-amazon.com/images/I/61B5j0cuXGL.jpg,130202,width,1.25 in0.25 in4.9 in1.75 in0.5 in2.9 inWIDTH#0#1#2#3#4#5#6#7#8#93.3 in0.9 in2.8 in2.9 in3.2 in3.1 in3.1 in2.8 in2.9 in3.1 in
99494,https://m.media-amazon.com/images/I/61B5p-1PQxL.jpg,125037,width,"Compact et PuissantPetite taille, facile a transporter100-250V237,7gF--8cm11cm2UwLENCENT6"
99495,https://m.media-amazon.com/images/I/61B5p-1PQxL.jpg,125037,depth,"Compact et PuissantPetite taille, facile a transporter100-250V237,7gF--8cm11cm2UwLENCENT6"
99496,https://m.media-amazon.com/images/I/61B5pTKge6L.jpg,164209,width,61mm / 2.40in116mm / 4.57in11Imm / 4.37in26mm / 1.02in69mm /2.71inl156mm / 6.14inKAMOON
99497,https://m.media-amazon.com/images/I/61B5pTKge6L.jpg,164209,height,61mm / 2.40in116mm / 4.57in11Imm / 4.37in26mm / 1.02in69mm /2.71inl156mm / 6.14inKAMOON
99498,https://m.media-amazon.com/images/I/61B5wRib1-L.jpg,966823,height,3.Scm(I.4in)Tcm(2.8in)24cm(9.6in)(1.6in)3Icm(12.4in)37.Scm(1Sin)4cm40.Scm(6.2in)
99499,https://m.media-amazon.com/images/I/61B601wln5L.jpg,625310,item_weight,"LkyHichCARAJNio65""Z50w aMsSodw PEAK8 dhM / 15"" VCSH-G58"
99500,https://m.media-amazon.com/images/I/61B60ULXWkL.jpg,679049,height,28cm20cm85cm56cm_
99501,https://m.media-amazon.com/images/I/61B60aFlZsL.jpg,208023,width,Z:0cmZ:1.9cmk:14cm[YE: 0.122kg ]FGRt: 14*1.9*20cm[E2: 0.168kg ]#^bMIRt: 15*3.8*21.6cm
99502,https://m.media-amazon.com/images/I/61B64bFMAfL.jpg,931247,height,222pCspcspCS222pCspcspCsDIMENSION16 COLORS183cm/72icn
99503,https://m.media-amazon.com/images/I/61B68D4SxcL.jpg,120219,height,Product Size0.90 in3.80 in5.79in
99504,https://m.media-amazon.com/images/I/61B6FSeV+hL.jpg,849273,height,JiTST>JJJ_JIZEZh -z @tIIC@iOlzZoaamti Cjszch=atlc!!SIZE{930cmmiJ4Ocm{J6ocmXWERTOAE:31o1Itzauzy.MAZUMEFromBornTill[TRAVELER ]Bone
99505,https://m.media-amazon.com/images/I/61B6PVIphgL.jpg,681445,depth,J4.3cm/1.69in
99506,https://m.media-amazon.com/images/I/61B6PVIphgL.jpg,681445,height,J4.3cm/1.69in
99507,https://m.media-amazon.com/images/I/61B6QmzRl5L.jpg,530124,width,9inch(230mm)Thickness: 4mm1Oinch(255mm)Wrist SupportThickness: 18mm
99508,https://m.media-amazon.com/images/I/61B6chi8DgL.jpg,318770,wattage,3A Fast Charging foriPad Pro 202165%45%inlhinlhSilkland 60WOther 18WChaaRGt `~QakkoaFAST3A F
99509,https://m.media-amazon.com/images/I/61B6jYUsjaL.jpg,558806,height,"3.93 in / 10 cmt""athex6.69 in / 17 cmDN"
99510,https://m.media-amazon.com/images/I/61B6jYUsjaL.jpg,558806,depth,"3.93 in / 10 cmt""athex6.69 in / 17 cmDN"
99511,https://m.media-amazon.com/images/I/61B6qMfchwL.jpg,242256,depth,6.2ft3.6inchRibchSOBERVERSARVHAPPV
99512,https://m.media-amazon.com/images/I/61B6sflRehL.jpg,784538,depth,12 inch16 inch
99513,https://m.media-amazon.com/images/I/61B6x2DGESL.jpg,708418,item_weight,"KODAK Film CameraUltra F9Film Format: 135 Film (24x36mm) ISO 200 / 400Optics Lens: 31mm; F=9, 1elementFocusing: Focus Free, Im0O119mmkaamm|Shutter Speed: 1 /120sBuilt-in Flash Push Switch-12OufUltra F9Film Transport: Manual wind and rewind67mmView Finder: Field = 70%Power Source: IAAA- Alkaline BatteryDimensions: 119(W) x 67 (H) x 44 (D) mmWeight: 170 gramMain Plastic Material: ABS#Film and Battery not includeUltra F9Ultra F9YellowDark Night GreenThe Kodak Tradakmark and trade dress are used under license from Eastman Kodak Company"
99514,https://m.media-amazon.com/images/I/61B6ykMdfFL.jpg,483370,height,Dimension20 cm10cm
99515,https://m.media-amazon.com/images/I/61B6ykMdfFL.jpg,483370,width,Dimension20 cm10cm
99516,https://m.media-amazon.com/images/I/61B6yqcVqaL.jpg,149159,height,45cm/17.Zin142.Scm/16.7in1845cm/17.Zin
99517,https://m.media-amazon.com/images/I/61B70pQ4s6L.jpg,178958,height,63inchKGWeight Capacity150bsOL 2.4inch13.8inch47inch
99518,https://m.media-amazon.com/images/I/61B73OxllzL.jpg,844474,width,"FIT FOR 15.6 inch LAPTOPSIZE: 12""*16""*7.5""/30cm*4Icm*I9cmLaraak15.6in1712in(30cm)Airline FriendlyWater ResistantMulti CompartmentLarge CapacitySin(igcm)"
99519,https://m.media-amazon.com/images/I/61B7A6vpsFL.jpg,866516,height,"PRODUCT SIZE85g""07^2)1.57 in / 4 cm"
99520,https://m.media-amazon.com/images/I/61B7A6vpsFL.jpg,866516,depth,"PRODUCT SIZE85g""07^2)1.57 in / 4 cm"
99521,https://m.media-amazon.com/images/I/61B7AKZra1L.jpg,751532,height,92 cm220 cm80Ecm8880+I-2 cmcm200215cmcmcm200164cm
99522,https://m.media-amazon.com/images/I/61B7AkSh16L.jpg,470067,height,"Spout Reach4.75""Height7.31""Maximum Deck Thickness1.50""Drain IncludedOptional Deckplate IncludedSupply Lines IncludedConnection Size3/8""Ior 3 Hole InstallationMOEN"
99523,https://m.media-amazon.com/images/I/61B7AkSh16L.jpg,470067,width,"Spout Reach4.75""Height7.31""Maximum Deck Thickness1.50""Drain IncludedOptional Deckplate IncludedSupply Lines IncludedConnection Size3/8""Ior 3 Hole InstallationMOEN"
99524,https://m.media-amazon.com/images/I/61B7DQ2cZpL.jpg,648011,height,R7S 78mm BulbR7S halogen BulbLong Life SpanShort Life SpanUp To 25000HrsLess than 2000HrsEnergy ConsumptionEnergy Consumption10%80%18mm1Omm7Vs715W150WPlease measure your size before buying
99525,https://m.media-amazon.com/images/I/61B7DQ2cZpL.jpg,648011,depth,R7S 78mm BulbR7S halogen BulbLong Life SpanShort Life SpanUp To 25000HrsLess than 2000HrsEnergy ConsumptionEnergy Consumption10%80%18mm1Omm7Vs715W150WPlease measure your size before buying
99526,https://m.media-amazon.com/images/I/61B7EMp+gSL.jpg,944936,depth,"0Blank notes, you can send yourHalloween blessings.5.9 inch>"
99527,https://m.media-amazon.com/images/I/61B7EMp+gSL.jpg,944936,height,"0Blank notes, you can send yourHalloween blessings.5.9 inch>"
99528,https://m.media-amazon.com/images/I/61B7EMp+gSL.jpg,944936,width,"0Blank notes, you can send yourHalloween blessings.5.9 inch>"
99529,https://m.media-amazon.com/images/I/61B7M5Pz2OL.jpg,658003,depth,"3.5""/89mm6.89""/175mm"
99530,https://m.media-amazon.com/images/I/61B7M5Pz2OL.jpg,658003,height,"3.5""/89mm6.89""/175mm"
99531,https://m.media-amazon.com/images/I/61B7M5Pz2OL.jpg,658003,width,"3.5""/89mm6.89""/175mm"
99532,https://m.media-amazon.com/images/I/61B7UHdJ6qL.jpg,529606,depth,47mm63 mm
99533,https://m.media-amazon.com/images/I/61B7UHdJ6qL.jpg,529606,height,47mm63 mm
99534,https://m.media-amazon.com/images/I/61B7XjVvGTL.jpg,745387,height,62cm104.5cm54cm29.8cm21cm28cm54.5cm
99535,https://m.media-amazon.com/images/I/61B7YMwKhoL.jpg,347404,depth,J11
99536,https://m.media-amazon.com/images/I/61B7YMwKhoL.jpg,347404,width,J11
99537,https://m.media-amazon.com/images/I/61B7ZKWlBvL.jpg,306026,height,"Size DetailsNo:14.33inch-3,74inch (11 cm x 9,5 cm)No:26.5 inc X 5.7 inc (14.5 cm x 16.5 cm)No:38.66 inc X 7.68 inc (19.5 cm x 22 cm)No:411 inc X 9.84 inc (25 cmx 28 cm)Ho*4DuMM"
99538,https://m.media-amazon.com/images/I/61B7ZN2T4rL.jpg,221399,width,"120cm/47.2""8Ocm/31.5'60cm/23.6"""
99539,https://m.media-amazon.com/images/I/61B7jGcYpTL.jpg,276611,height,18OOmm450mm9OOmm
99540,https://m.media-amazon.com/images/I/61B7kJGZzNL.jpg,156839,width,Telescopic range: 110-2OOcm7.5cm26mm7.5cmThe force area isabout 56.25cm212688_230
99541,https://m.media-amazon.com/images/I/61B7kJGZzNL.jpg,156839,depth,Telescopic range: 110-2OOcm7.5cm26mm7.5cmThe force area isabout 56.25cm212688_230
99542,https://m.media-amazon.com/images/I/61B7kJGZzNL.jpg,156839,height,Telescopic range: 110-2OOcm7.5cm26mm7.5cmThe force area isabout 56.25cm212688_230
99543,https://m.media-amazon.com/images/I/61B7rQ1zHcL.jpg,120219,height,"4.19""4.19""10.5""QuantityHeightWidthLengthPower Base4.19""4.19""10.5""BPencil3.63""3.5""3.5""Storage2.5""3.5""3.5""Power Hub2""3.5""3.5""CupTray"
99544,https://m.media-amazon.com/images/I/61B7svZQPLL.jpg,838598,depth,1.2 inch534.4 inch8.3 inch33.5 inch9.8 inch9 inch10.6 inchWeight:0.441b/200g
99545,https://m.media-amazon.com/images/I/61B7uOm0fyL.jpg,231838,height,"d 8 € 0,WholeHousewaresMOSAIC GLASSI4oz, 2-piece,~Off-White.73.43inch"
99546,https://m.media-amazon.com/images/I/61B7v-BrsKL.jpg,478357,depth,8OCM41.5CM
99547,https://m.media-amazon.com/images/I/61B7v-BrsKL.jpg,478357,height,8OCM41.5CM
99548,https://m.media-amazon.com/images/I/61B7v-BrsKL.jpg,478357,width,8OCM41.5CM
99549,https://m.media-amazon.com/images/I/61B7wVv3VNL.jpg,844474,width,PRODUCT SIZE44cm/17.32in30cm/11.8lin15cm/5.9lin8LaptopWatchCameraClothesPower bankNotepadIpadPerfume
99550,https://m.media-amazon.com/images/I/61B7y9BTBbL.jpg,433914,width,"INSECTtesaSTOPMagnet-VorhangSELBSTSCHLIESSENDZUVERLASSIGER HALTRELIABLE HOLD""EASY ~VcuRTig0,90m x 2,10m59244 ovoooMagneticSELF CLOSINGEINFACHcmtntolat"
99551,https://m.media-amazon.com/images/I/61B7y9BTBbL.jpg,433914,depth,"INSECTtesaSTOPMagnet-VorhangSELBSTSCHLIESSENDZUVERLASSIGER HALTRELIABLE HOLD""EASY ~VcuRTig0,90m x 2,10m59244 ovoooMagneticSELF CLOSINGEINFACHcmtntolat"
99552,https://m.media-amazon.com/images/I/61B7yLV68AL.jpg,598989,height,23 in160 cm83453
99553,https://m.media-amazon.com/images/I/61B7yLV68AL.jpg,598989,depth,23 in160 cm83453
99554,https://m.media-amazon.com/images/I/61B7yLV68AL.jpg,598989,width,23 in160 cm83453
99555,https://m.media-amazon.com/images/I/61B7z0as32L.jpg,687867,width,"Iron-on Soft Touch BackingPermanent Stabilizer8""9ydsWEIGHT: MediumCOLOR: WhiteSIZE: 8""x %ydsHeey""t"
99556,https://m.media-amazon.com/images/I/61B7z0as32L.jpg,687867,depth,"Iron-on Soft Touch BackingPermanent Stabilizer8""9ydsWEIGHT: MediumCOLOR: WhiteSIZE: 8""x %ydsHeey""t"
99557,https://m.media-amazon.com/images/I/61B7z0as32L.jpg,687867,height,"Iron-on Soft Touch BackingPermanent Stabilizer8""9ydsWEIGHT: MediumCOLOR: WhiteSIZE: 8""x %ydsHeey""t"
99558,https://m.media-amazon.com/images/I/61B7zkI3FBL.jpg,772700,item_weight,"6cm2 3/8""l8cm / 7 1/8""20cm / 7 7/8""4lcm16 1/8""82cm32 1/4""20cm / 7 7/8""18cm / 7 1/8""Fuel Type: CharcoalMaterial: SteelModel:DS-13Color: BlackProduct net weight: 12.431b/5.63kgThermometer Gauge: Yes (100-600PF)"
99559,https://m.media-amazon.com/images/I/61B84rcZHHL.jpg,161371,height,20FMI00:30107.902020-01-011M )DiWednesdayRadioUSBCardBT MusicBT PhoneMPSIMPSIWMAUIS PL AYER7.0 INCH Wide SCREEN TFt MPs PLAYERoPLarnMT8anoMuTEAUXPower cableRemote controlBracketInstruction ManualMp; CPSNaviantioFX Rocovot7# Inch TFT LCo { VirvaTcleegedic#OCLLSteering wheel controllerManualBackup camera
99560,https://m.media-amazon.com/images/I/61B84rcZHHL.jpg,161371,depth,20FMI00:30107.902020-01-011M )DiWednesdayRadioUSBCardBT MusicBT PhoneMPSIMPSIWMAUIS PL AYER7.0 INCH Wide SCREEN TFt MPs PLAYERoPLarnMT8anoMuTEAUXPower cableRemote controlBracketInstruction ManualMp; CPSNaviantioFX Rocovot7# Inch TFT LCo { VirvaTcleegedic#OCLLSteering wheel controllerManualBackup camera
99561,https://m.media-amazon.com/images/I/61B85VAB-uL.jpg,844474,width,backpack size:pencil bag size:Icm(4nn5lunch bag size:(17inch)IMAGE24cm9.45 Inch)13cm28cm9cm _8cm(Sinch)(11inch)Sinch)(3.1inch)IMAGE22cmnLo6inch)45TnnchlIMAGE
99562,https://m.media-amazon.com/images/I/61B8A+waE9L.jpg,311997,width,11.4cm50cm11.4cm15cm60cm
99563,https://m.media-amazon.com/images/I/61B8CEttBAL.jpg,208023,depth,JJLSilver15 ()(10 (F *inth *JAC0 B $ISAACYO RKNEWHOMECLAS SICC OLLECTTONFramePlated46 En 
99564,https://m.media-amazon.com/images/I/61B8E-63qLL.jpg,522832,height,35cm5cm42cm
99565,https://m.media-amazon.com/images/I/61B8E-i8x3L.jpg,483370,height,36cm14.2inPRESHERE11cm / 4.3in
99566,https://m.media-amazon.com/images/I/61B8E-i8x3L.jpg,483370,depth,36cm14.2inPRESHERE11cm / 4.3in
99567,https://m.media-amazon.com/images/I/61B8ODBlsaL.jpg,142748,height,43inch21.5inch38.5inch1inch370g8RIBSW | NDPROOF
99568,https://m.media-amazon.com/images/I/61B8OrfpyhL.jpg,705487,height,PRODUCT SIZE350cm/137.8in285cm/112.2in0 09FluoeefecenceM
99569,https://m.media-amazon.com/images/I/61B8OrfpyhL.jpg,705487,width,PRODUCT SIZE350cm/137.8in285cm/112.2in0 09FluoeefecenceM
99570,https://m.media-amazon.com/images/I/61B8OvfaliL.jpg,722930,height,ScrewholeWrench   slot9.50in5.75in2.41in4.77inl4.35in3.07in2.11in2.03in6.10in2.23in2.23in
99571,https://m.media-amazon.com/images/I/61B8PlfkXLL.jpg,858439,width,Hanging HookLight-weightStainless Steel Material1OOCM(39.4 inch)Rubber wiperStiff Broom BrushesV-shape Corner Brush120 Degree Rotable23CM(9.1 inch)
99572,https://m.media-amazon.com/images/I/61B8PlfkXLL.jpg,858439,height,Hanging HookLight-weightStainless Steel Material1OOCM(39.4 inch)Rubber wiperStiff Broom BrushesV-shape Corner Brush120 Degree Rotable23CM(9.1 inch)
99573,https://m.media-amazon.com/images/I/61B8SiiKFaL.jpg,115666,height,"43.3""30.511.4""7,5719,9""Anti-Toppling Device15.7""41,3""19,9""15.7""7.9""66,9""45,3""5,9Note: The amount ofstorage depends on the style and size ofyour shoes"
99574,https://m.media-amazon.com/images/I/61B8Uc1O5TL.jpg,594224,width,2Ocm (7.9in)11Ocm (3.9in)87cm (2.7in)8[3{
99575,https://m.media-amazon.com/images/I/61B8Zx60K4L.jpg,679049,height,Aotadncm450 cm122x66 x50 cm
99576,https://m.media-amazon.com/images/I/61B8dq7cA2L.jpg,945489,depth,4332cm
99577,https://m.media-amazon.com/images/I/61B8hCSHmmL.jpg,792578,width,"SIZE CHARTSizeLengthWidthOne Size85cm/33.46""1Ocm/3.94""1NOTICE:Please refer to this size chart and choose your size according to it.2.Please allow 0.4-1.2 inch measure error due to manual measurement.3 The following is the measurement method of our products,"
99578,https://m.media-amazon.com/images/I/61B8hCSHmmL.jpg,792578,depth,"SIZE CHARTSizeLengthWidthOne Size85cm/33.46""1Ocm/3.94""1NOTICE:Please refer to this size chart and choose your size according to it.2.Please allow 0.4-1.2 inch measure error due to manual measurement.3 The following is the measurement method of our products,"
99579,https://m.media-amazon.com/images/I/61B8hCSHmmL.jpg,792578,height,"SIZE CHARTSizeLengthWidthOne Size85cm/33.46""1Ocm/3.94""1NOTICE:Please refer to this size chart and choose your size according to it.2.Please allow 0.4-1.2 inch measure error due to manual measurement.3 The following is the measurement method of our products,"
99580,https://m.media-amazon.com/images/I/61B8q8BXLNL.jpg,426261,item_weight,"I110610.5-11.Scm / 4.1-4.SinReel InformationModelRationLine Capacity (mm-M)LBS/YDSWeightYFeoo5.2:10.180II2+5m , 0.2Ommn200m, 0.25mm125m5/219 6/187 8/96153gRod InformationLengthActual LengthFolded LengthNet WeightSectionDia_Butt Dia2.1m205cm+5cm138g2.Omm18.JmmTop"
99581,https://m.media-amazon.com/images/I/61B8rIz5sHL.jpg,783898,height,5CM1oCMOCM5CMXMZZMX1OCM
99582,https://m.media-amazon.com/images/I/61B8rIz5sHL.jpg,783898,width,5CM1oCMOCM5CMXMZZMX1OCM
99583,https://m.media-amazon.com/images/I/61B8s+jmtJL.jpg,501250,width,50 cm30 cm43 cmEINFACHE INSTALLATIONAufhangung geeignet fur alle Decken
99584,https://m.media-amazon.com/images/I/61B8x0KPn-L.jpg,416664,height,12 INCHo25.5 INCH
99585,https://m.media-amazon.com/images/I/61B8x0KPn-L.jpg,416664,depth,12 INCHo25.5 INCH
99586,https://m.media-amazon.com/images/I/61B9-ZI7HvS.jpg,986984,width,583868328cm28cm
99587,https://m.media-amazon.com/images/I/61B9-ZI7HvS.jpg,986984,depth,583868328cm28cm
99588,https://m.media-amazon.com/images/I/61B93VFYhrL.jpg,913156,width,10.5cm43cm
99589,https://m.media-amazon.com/images/I/61B93VFYhrL.jpg,913156,depth,10.5cm43cm
99590,https://m.media-amazon.com/images/I/61B93VFYhrL.jpg,913156,height,10.5cm43cm
99591,https://m.media-amazon.com/images/I/61B93bh03ML.jpg,844474,height,14cm41CM31CMhppe
99592,https://m.media-amazon.com/images/I/61B93bh03ML.jpg,844474,depth,14cm41CM31CMhppe
99593,https://m.media-amazon.com/images/I/61B96SpYlTL.jpg,558806,depth,6.45in81Tosd5
99594,https://m.media-amazon.com/images/I/61B96SpYlTL.jpg,558806,width,6.45in81Tosd5
99595,https://m.media-amazon.com/images/I/61B96SpYlTL.jpg,558806,height,6.45in81Tosd5
99596,https://m.media-amazon.com/images/I/61B97jsXJJL.jpg,464488,depth,ABOUT KEEPSAKE URNSAre SmallOnly About 3 Inches TallOnly Hold 2-3 Ounces Of CremainsMade Of High Grade Brass with Secure Screw On Lid~Perfect For Sharing Loved Ones Remains WithFamily and FriendsThey
99597,https://m.media-amazon.com/images/I/61B97jsXJJL.jpg,464488,width,ABOUT KEEPSAKE URNSAre SmallOnly About 3 Inches TallOnly Hold 2-3 Ounces Of CremainsMade Of High Grade Brass with Secure Screw On Lid~Perfect For Sharing Loved Ones Remains WithFamily and FriendsThey
99598,https://m.media-amazon.com/images/I/61B97jsXJJL.jpg,464488,height,ABOUT KEEPSAKE URNSAre SmallOnly About 3 Inches TallOnly Hold 2-3 Ounces Of CremainsMade Of High Grade Brass with Secure Screw On Lid~Perfect For Sharing Loved Ones Remains WithFamily and FriendsThey
99599,https://m.media-amazon.com/images/I/61B9ALHr4XL.jpg,681445,width,"1""1.2""10.6""7""74.7""4.7"""
99600,https://m.media-amazon.com/images/I/61B9Fq6JUXL.jpg,208023,width,7in4.9in5.9in3.3inSin7.9in
99601,https://m.media-amazon.com/images/I/61B9GngcnFL.jpg,124298,item_weight,"STONEmbPROFESSIONALGRANITE POLISHPROFE S SIoNALG RAD EWORKS ONICRANITE, SERPENTINES_ENCINEERED & QUARTZITEMB-2OTor ProeLISiONal UMO417Industry GOLDSTANDARDAchieve Superior Results8,5 0ZBo4s8.8ss~10"
99602,https://m.media-amazon.com/images/I/61B9KntNPeL.jpg,838598,height,Size Display78cm3E16.8cm15cm
99603,https://m.media-amazon.com/images/I/61B9KntNPeL.jpg,838598,depth,Size Display78cm3E16.8cm15cm
99604,https://m.media-amazon.com/images/I/61B9SlqAhXS.jpg,784538,depth,3.15 in2.76 in9.06 in9.06 inZCYY5.12 in5.12 in
99605,https://m.media-amazon.com/images/I/61B9e-jpaAL.jpg,687759,width,Wahlen Sie aus 4 verschieden Tastern:GEBERIT246 mm246 mm103Delta 11 weikDelta 21 weib246 mm246 mmE31Delta 51 weilDelta 50 weilIhr Experte fir's BadKSIEXPERT
99606,https://m.media-amazon.com/images/I/61B9e-jpaAL.jpg,687759,depth,Wahlen Sie aus 4 verschieden Tastern:GEBERIT246 mm246 mm103Delta 11 weikDelta 21 weib246 mm246 mmE31Delta 51 weilDelta 50 weilIhr Experte fir's BadKSIEXPERT
99607,https://m.media-amazon.com/images/I/61B9gHL+OGL.jpg,468949,height,"Die Duschkabine Einbaumal richtig ausmessen195cm30cm29,5cm65,37cm-66,=7cm"
99608,https://m.media-amazon.com/images/I/61B9lMYd5BL.jpg,225251,width,MaxLoadingKG15OK6Cac823cm8888i84 cmcm30.547.5cm44.5cm
99609,https://m.media-amazon.com/images/I/61B9lvt3WlL.jpg,944936,depth,5.25 inches (13.34 cm)MERRYCHRISTMASseetextdauntzv888812CO5 inches (12.70 cm)
99610,https://m.media-amazon.com/images/I/61B9lvt3WlL.jpg,944936,width,5.25 inches (13.34 cm)MERRYCHRISTMASseetextdauntzv888812CO5 inches (12.70 cm)
99611,https://m.media-amazon.com/images/I/61B9or4VkxL.jpg,752266,height,7cm/2.7in{54cm/1.6inModeREMOTE CONTROLTIMERBATTERY OPERATED8@]NEED 3XAAA Battery5(Not Included)IPX4 WATERPROOF
99612,https://m.media-amazon.com/images/I/61B9or4VkxL.jpg,752266,width,7cm/2.7in{54cm/1.6inModeREMOTE CONTROLTIMERBATTERY OPERATED8@]NEED 3XAAA Battery5(Not Included)IPX4 WATERPROOF
99613,https://m.media-amazon.com/images/I/61B9vWReYwL.jpg,478357,width,40 cm60 cm
99614,https://m.media-amazon.com/images/I/61B9vs14e9L.jpg,978900,width,4 Inch6 Inch5 Inch3 Inch3 Inch3 Inch
99615,https://m.media-amazon.com/images/I/61B9vs14e9L.jpg,978900,depth,4 Inch6 Inch5 Inch3 Inch3 Inch3 Inch
99616,https://m.media-amazon.com/images/I/61BA1VMgenS.jpg,254590,depth,"FTFoilHeavyFoilDuyAluiniunconFoilmt .sQ.X300 =12""ThickerDuty ""Heavy =""18% `Regular Etnan"
99617,https://m.media-amazon.com/images/I/61BA1VMgenS.jpg,254590,width,"FTFoilHeavyFoilDuyAluiniunconFoilmt .sQ.X300 =12""ThickerDuty ""Heavy =""18% `Regular Etnan"
99618,https://m.media-amazon.com/images/I/61BA1VMgenS.jpg,254590,height,"FTFoilHeavyFoilDuyAluiniunconFoilmt .sQ.X300 =12""ThickerDuty ""Heavy =""18% `Regular Etnan"
99619,https://m.media-amazon.com/images/I/61BA3UuOQqL.jpg,784538,width,Also Come With SawtoothHangers For Easy Mounting~eS1Sr3Xis86~iseeRinRSAolrlatRRiRXRssxRiit~iSLss %ANt inchinch
99620,https://m.media-amazon.com/images/I/61BA6k9jEZL.jpg,130202,width,MinlCAUTIONWET FLOOR8CUDADdMOJADOPISO12in-11.8in
99621,https://m.media-amazon.com/images/I/61BA6k9jEZL.jpg,130202,depth,MinlCAUTIONWET FLOOR8CUDADdMOJADOPISO12in-11.8in
99622,https://m.media-amazon.com/images/I/61BA82tQXPL.jpg,470067,width,"GROHEFaucet Height6 V8""155mmSpoutReach3 15/6""Clearance101Mm:2 9/16'66mm"
99623,https://m.media-amazon.com/images/I/61BA82tQXPL.jpg,470067,height,"GROHEFaucet Height6 V8""155mmSpoutReach3 15/6""Clearance101Mm:2 9/16'66mm"
99624,https://m.media-amazon.com/images/I/61BAA8brrjL.jpg,142748,width,Compact & LigitweightSuitable for both rainy and sunny days98cm/38.6in89About 0.69lbs280g(0.62lbs)]
99625,https://m.media-amazon.com/images/I/61BAA8brrjL.jpg,142748,depth,Compact & LigitweightSuitable for both rainy and sunny days98cm/38.6in89About 0.69lbs280g(0.62lbs)]
99626,https://m.media-amazon.com/images/I/61BAJZ3RyNL.jpg,611510,width,30cm-30cm10Okg72cm
99627,https://m.media-amazon.com/images/I/61BAJa3RTGL.jpg,416664,height,Hanging hole315@feSinchPower SwitchUSB Power SupplyUSB Wire1.2cm/o.A7inch42cm/16.!
99628,https://m.media-amazon.com/images/I/61BAJa3RTGL.jpg,416664,depth,Hanging hole315@feSinchPower SwitchUSB Power SupplyUSB Wire1.2cm/o.A7inch42cm/16.!
99629,https://m.media-amazon.com/images/I/61BAJa3RTGL.jpg,416664,width,Hanging hole315@feSinchPower SwitchUSB Power SupplyUSB Wire1.2cm/o.A7inch42cm/16.!
99630,https://m.media-amazon.com/images/I/61BAOHG7MHL.jpg,825239,height,Product ParameterEt112 Built-in interiorDurable 200 gsmEasy access front andstorage pockets topoly-cottonback doors alsokeep organizedA-Frame tentimprove ventilationLengthWidth8*9'
99631,https://m.media-amazon.com/images/I/61BAY9w9ZHL.jpg,823083,width,F2.5inches
99632,https://m.media-amazon.com/images/I/61BAY9w9ZHL.jpg,823083,depth,F2.5inches
99633,https://m.media-amazon.com/images/I/61BAaDsyaSL.jpg,483370,depth,Blue Eyes6 inches~16 cmLdul
99634,https://m.media-amazon.com/images/I/61BAaDsyaSL.jpg,483370,height,Blue Eyes6 inches~16 cmLdul
99635,https://m.media-amazon.com/images/I/61BAaDsyaSL.jpg,483370,width,Blue Eyes6 inches~16 cmLdul
99636,https://m.media-amazon.com/images/I/61BAbK-zjoL.jpg,599772,height,"10,2 cm9 cm40 cmLU("
99637,https://m.media-amazon.com/images/I/61BAcRD8AbL.jpg,470067,height,FIT FOR 4 INCH SINKFIT FOR 8 INCH SINK
99638,https://m.media-amazon.com/images/I/61BAcRD8AbL.jpg,470067,depth,FIT FOR 4 INCH SINKFIT FOR 8 INCH SINK
99639,https://m.media-amazon.com/images/I/61BAd+o8iqL.jpg,351134,width,"Thickness: 2mm/o.08""31cm/12.2""11cm/4.3""11cm/4.3"""
99640,https://m.media-amazon.com/images/I/61BAd0Q3-0L.jpg,810266,depth,"10STRAWBERRYSTREET4.75 inchF=""i#3.4 inchLFeeFI6.25 inch w/ handleMICROWAVEOVENDISHWASHER22 0zSAFESAFESAFE6capacitypcs"
99641,https://m.media-amazon.com/images/I/61BAd0Q3-0L.jpg,810266,height,"10STRAWBERRYSTREET4.75 inchF=""i#3.4 inchLFeeFI6.25 inch w/ handleMICROWAVEOVENDISHWASHER22 0zSAFESAFESAFE6capacitypcs"
99642,https://m.media-amazon.com/images/I/61BAjzc1h2L.jpg,825239,height,190cm57cm120cm12cm120cm
99643,https://m.media-amazon.com/images/I/61BAjzc1h2L.jpg,825239,width,190cm57cm120cm12cm120cm
99644,https://m.media-amazon.com/images/I/61BAmE1babS.jpg,599772,width,43.Ocm39.Ocm5cm31 _
99645,https://m.media-amazon.com/images/I/61BAmE1babS.jpg,599772,height,43.Ocm39.Ocm5cm31 _
99646,https://m.media-amazon.com/images/I/61BAn4uUOlL.jpg,284992,depth,;'BONNY DOD?55813 in4.33 in
99647,https://m.media-amazon.com/images/I/61BAqWOTfQL.jpg,357074,width,IIcm19cm
99648,https://m.media-amazon.com/images/I/61BAqWOTfQL.jpg,357074,depth,IIcm19cm
99649,https://m.media-amazon.com/images/I/61BAqn2N4JL.jpg,521308,height,"74.53816.532""32103.5'71537""24.5"""
99650,https://m.media-amazon.com/images/I/61BAsfqQAIL.jpg,932289,width,62 cm82 cm31 cm
99651,https://m.media-amazon.com/images/I/61BAtHf3+2L.jpg,810266,depth,OixiJ 8.2cmTJ 6.9cmZZ#JJ 22Oml
99652,https://m.media-amazon.com/images/I/61BAtHf3+2L.jpg,810266,width,OixiJ 8.2cmTJ 6.9cmZZ#JJ 22Oml
99653,https://m.media-amazon.com/images/I/61BAtd0wENL.jpg,145452,width,Silver9cm100OmlQ28cm
99654,https://m.media-amazon.com/images/I/61BAtd0wENL.jpg,145452,depth,Silver9cm100OmlQ28cm
99655,https://m.media-amazon.com/images/I/61BAvHxqU5L.jpg,801829,height,48cm
99656,https://m.media-amazon.com/images/I/61BAvHxqU5L.jpg,801829,width,48cm
99657,https://m.media-amazon.com/images/I/61BAvHxqU5L.jpg,801829,depth,48cm
99658,https://m.media-amazon.com/images/I/61BB7VNTcuL.jpg,783898,depth,thinksmartsqving our nature1=2|A511.8inch/3Ocm6
99659,https://m.media-amazon.com/images/I/61BB7VNTcuL.jpg,783898,width,thinksmartsqving our nature1=2|A511.8inch/3Ocm6
99660,https://m.media-amazon.com/images/I/61BBD6KP4wL.jpg,823083,width,6.3 inch8.26 inch28 inch9.5 inch5.7 inch
99661,https://m.media-amazon.com/images/I/61BBEwJeJeL.jpg,521308,maximum_weight_recommendation,"DADATA20.5""15.5""TIP:Regular cleaning can maintain3.5""the service life of the product.Do ot use it over weight.21.5""30.5""48""24""Load: 500 pounds17""238.5""55.5""70""25""13.5""4631"""
99662,https://m.media-amazon.com/images/I/61BBIWPUZTL.jpg,810266,width,"QUANTITY:x2x2x2x19.5""9.5""10""100% NATURAL BAMBOOQHFOOD GRADECOLD AND HEAT RESISTANCEBPA FREE"
99663,https://m.media-amazon.com/images/I/61BBIWPUZTL.jpg,810266,depth,"QUANTITY:x2x2x2x19.5""9.5""10""100% NATURAL BAMBOOQHFOOD GRADECOLD AND HEAT RESISTANCEBPA FREE"
99664,https://m.media-amazon.com/images/I/61BBPoLILyS.jpg,846116,width,6.9inch7.9inchlO.8inchl1.2inch4.9FtU
99665,https://m.media-amazon.com/images/I/61BBQp26keL.jpg,784538,depth,SIZE:39.4 Inch834
99666,https://m.media-amazon.com/images/I/61BBQxsV1SL.jpg,618672,depth,Icm / 0.4in_0Fish Line Coveredwith Polyester Cord5.1cm / 2in
99667,https://m.media-amazon.com/images/I/61BBQxsV1SL.jpg,618672,width,Icm / 0.4in_0Fish Line Coveredwith Polyester Cord5.1cm / 2in
99668,https://m.media-amazon.com/images/I/61BBR7d0IFL.jpg,276611,height,23cm75 cm-27.8 cm18 cm26.6 cm25 cm69.5 cm180 cm91.8 cm20 cm
99669,https://m.media-amazon.com/images/I/61BBSM28a5L.jpg,801829,height,"142 cm( 55.9""100*-!25-6638151355cm(349 cm( 19.3""8339763,5 cm( 25""9Cm( 26""21.-cm(38.2"""
99670,https://m.media-amazon.com/images/I/61BBVi00cJL.jpg,173193,width,PRODUCT DIMENSIONS45 mm1.77 in10 mm0.39 in90 mmDzm3.54 inMOTOR STARTINGCAPACITORCe3OOMFD250VAC30/70/2150/60Hz
99671,https://m.media-amazon.com/images/I/61BBVi00cJL.jpg,173193,depth,PRODUCT DIMENSIONS45 mm1.77 in10 mm0.39 in90 mmDzm3.54 inMOTOR STARTINGCAPACITORCe3OOMFD250VAC30/70/2150/60Hz
99672,https://m.media-amazon.com/images/I/61BBWrkQe+L.jpg,180410,width,"10cm2Ocm2.5cmh) = Fihv kx127 !J -#T y | x2sHAh x2POKET777-Wt,MXh(22&4#7!-mtv F)X1"
99673,https://m.media-amazon.com/images/I/61BBWrkQe+L.jpg,180410,height,"10cm2Ocm2.5cmh) = Fihv kx127 !J -#T y | x2sHAh x2POKET777-Wt,MXh(22&4#7!-mtv F)X1"
