index,image_link,group_id,entity_name,e
91274,https://m.media-amazon.com/images/I/616EPlTV5GL.jpg,464488,depth,Hold up to 20 Ibs ashes(weight prior to cremation)2 inches (Scm)9 inches (23cm)ForeuerIn MyHeart
91275,https://m.media-amazon.com/images/I/616EPlTV5GL.jpg,464488,width,Hold up to 20 Ibs ashes(weight prior to cremation)2 inches (Scm)9 inches (23cm)ForeuerIn MyHeart
91276,https://m.media-amazon.com/images/I/616EWKDk1QL.jpg,436746,height,"11""15""18"""
91277,https://m.media-amazon.com/images/I/616EaWLbR-L.jpg,430434,width,"Size & WeightHeight: 5.9 inch (150mm)Anha:150 MMWidth:3.3inch85mm)Wpnha:85 MMDepth:0.8 inch (2Omm)TonuHa:20MMWeight:79gBec79rNOTEDue to manual measurementthefigure shows for reference purposesonly ! the actual size of the presenceof small errors15Omm85mm2OmmNote:1. Cigars are just photographic props, not included2Holding 2 cigars of max length 6.5 inches and up to 60gaugering"
91278,https://m.media-amazon.com/images/I/616EaWLbR-L.jpg,430434,height,"Size & WeightHeight: 5.9 inch (150mm)Anha:150 MMWidth:3.3inch85mm)Wpnha:85 MMDepth:0.8 inch (2Omm)TonuHa:20MMWeight:79gBec79rNOTEDue to manual measurementthefigure shows for reference purposesonly ! the actual size of the presenceof small errors15Omm85mm2OmmNote:1. Cigars are just photographic props, not included2Holding 2 cigars of max length 6.5 inches and up to 60gaugering"
91279,https://m.media-amazon.com/images/I/616EkgfW7oL.jpg,599317,width,"(wl -6i# JE262838_V-179790040mmJR@BE26e838j@Ar*}80-1OOwa: 7BEIb80-250v ACEtD""|ex : 1500w #X : PBTtXRxmbizelt8ingskgEteBh : 6ARtmal : 180'C"
91280,https://m.media-amazon.com/images/I/616EkgfW7oL.jpg,599317,depth,"(wl -6i# JE262838_V-179790040mmJR@BE26e838j@Ar*}80-1OOwa: 7BEIb80-250v ACEtD""|ex : 1500w #X : PBTtXRxmbizelt8ingskgEteBh : 6ARtmal : 180'C"
91281,https://m.media-amazon.com/images/I/616ElwmilUL.jpg,464488,depth,64mm/2.Sin19
91282,https://m.media-amazon.com/images/I/616EsZoLq0L.jpg,347830,height,"1.02""/26mm1A/79mm3.11""_ONIOFFGOVERNORMOTOR6OV/12A02.8""_1.54""""/39mm"
91283,https://m.media-amazon.com/images/I/616Ev4Gy9mL.jpg,998545,item_weight,WEIGHT MARKINGS45 LBFOR EASY IDENTIFICATION45LbWEIGHTS INSOLID CAST IRONDIFFERENT COLORSVINYL COATING TO PREVENT CORROSIONFIND CORRECT WEIGHTS EASIERDIVERSIFY WORKOUTSADD INTENSITY TO YOUR ROUTINES45 LBVINYL COATED KETTLEBELL
91284,https://m.media-amazon.com/images/I/616Ex+M5iuL.jpg,530124,width,179 mm3 mm4 mm219 mm
91285,https://m.media-amazon.com/images/I/616ExIdpIiL.jpg,278850,width,name9mmGooyin64mm26mm46mm
91286,https://m.media-amazon.com/images/I/616EyYuJCuL.jpg,296366,height,Length: 70cm7cm5cmLength: lOcmUK-plug
91287,https://m.media-amazon.com/images/I/616EzaFeDcL.jpg,453674,height,10139.7cm3.8in5~T082310.8cm4.3in3S539in39in
91288,https://m.media-amazon.com/images/I/616F0ExIRjL.jpg,231838,width,8 cm1KG300 g
91289,https://m.media-amazon.com/images/I/616F0ExIRjL.jpg,231838,depth,8 cm1KG300 g
91290,https://m.media-amazon.com/images/I/616F0qZZj5L.jpg,311997,height,Zcm -1134cm65cm
91291,https://m.media-amazon.com/images/I/616F4D0nldL.jpg,594224,height,12 kuschelhaltern nehmen die groBe: 10 X 10 cm lang; 10 x 10 cm hoch
91292,https://m.media-amazon.com/images/I/616F6JzESqL.jpg,558806,width,6.1 inchMloc80
91293,https://m.media-amazon.com/images/I/616F6JzESqL.jpg,558806,depth,6.1 inchMloc80
91294,https://m.media-amazon.com/images/I/616F8Ndq-cL.jpg,178778,height,27cm429cm21cm
91295,https://m.media-amazon.com/images/I/616FASC1vXL.jpg,296366,item_weight,Quick Charge for 2 Batteries2 Hours to Get 2 Batteries Fully ChargedNL111C+i]1{111118
91296,https://m.media-amazon.com/images/I/616FG4Q+mjL.jpg,296366,height,"~02""3.31 inchNP-_BG1(8.4cm)NP-FG1NP-FRINP-BD1NP-FD1NP_FE1NP-FT11.85 inch0.79 inch(4.7cm)(2.Ocm)"
91297,https://m.media-amazon.com/images/I/616FMU9-V5L.jpg,478357,width,40308cmcm
91298,https://m.media-amazon.com/images/I/616FMU9-V5L.jpg,478357,height,40308cmcm
91299,https://m.media-amazon.com/images/I/616FMZ1jzLL.jpg,866516,height,7.1 in / 18 cm4.6 in / 11.8 cm3.7 in /3.3 in /9.5cm8.5cm
91300,https://m.media-amazon.com/images/I/616FQrx372L.jpg,241608,height,"WidthLength18.533Depth9.5""Right Bowl14.25"" x 16.1875""Left Bowl14.25"" x 16.1875""GraniteUndermount Installation"
91301,https://m.media-amazon.com/images/I/616FRvqHIaL.jpg,849273,depth,2.95in/7.5cm~a1
91302,https://m.media-amazon.com/images/I/616FVZFxKcL.jpg,599772,height,9cm3.Sinch.14.9cm3.Sinch.91!6inch37cm126inch -66cm{
91303,https://m.media-amazon.com/images/I/616FYgRjS2L.jpg,860821,height,100W23.Scm9.2 inch4.9cm16cm21cm8.2 inch6.2 inch
91304,https://m.media-amazon.com/images/I/616FkAjBuGL.jpg,119607,depth,DrinkIce Gld20centsHavea NukaGnice18inch/45cminsidetheand asmileDDelicicus 9efreshing12inch/30cmSizeWIDETALL12*8 inch2Ocm/8inch3Ocm/ 12inch16*12 inch3Ocm/ 12inch4Ocm/ 1 6inch18*12 inch3Ocm/ 12inch4Ocm/ 1 6inchNukoGlfreezer
91305,https://m.media-amazon.com/images/I/616FkAjBuGL.jpg,119607,width,DrinkIce Gld20centsHavea NukaGnice18inch/45cminsidetheand asmileDDelicicus 9efreshing12inch/30cmSizeWIDETALL12*8 inch2Ocm/8inch3Ocm/ 12inch16*12 inch3Ocm/ 12inch4Ocm/ 1 6inch18*12 inch3Ocm/ 12inch4Ocm/ 1 6inchNukoGlfreezer
91306,https://m.media-amazon.com/images/I/616FnP4XTNL.jpg,254046,item_weight,GREAT GIFTS FOR YOUR KIDSMP560F4
91307,https://m.media-amazon.com/images/I/616FqESU+wL.jpg,658003,height,"12""L2.25"""
91308,https://m.media-amazon.com/images/I/616FqESU+wL.jpg,658003,depth,"12""L2.25"""
91309,https://m.media-amazon.com/images/I/616FtdKsKRL.jpg,174276,depth,4cm3cm
91310,https://m.media-amazon.com/images/I/616FtdKsKRL.jpg,174276,height,4cm3cm
91311,https://m.media-amazon.com/images/I/616FwqKxjwL.jpg,810266,height,Hergestellt in:7.5cmMade in:EU500(50 cl)17cmml
91312,https://m.media-amazon.com/images/I/616FwqKxjwL.jpg,810266,depth,Hergestellt in:7.5cmMade in:EU500(50 cl)17cmml
91313,https://m.media-amazon.com/images/I/616Fx3HI30L.jpg,478357,depth,II20.079OLB622.04L82L{1
91314,https://m.media-amazon.com/images/I/616Fx3HI30L.jpg,478357,height,II20.079OLB622.04L82L{1
91315,https://m.media-amazon.com/images/I/616FyNF4NoL.jpg,115666,height,"27 cm10 cm97 cm25 cm27,5 cm70,5 cm44 cm13 cm100 cm13 cm30 cmAF"
91316,https://m.media-amazon.com/images/I/616G01HyUtL.jpg,858439,height,"33,5cm0 10cm"
91317,https://m.media-amazon.com/images/I/616G01HyUtL.jpg,858439,depth,"33,5cm0 10cm"
91318,https://m.media-amazon.com/images/I/616G16TyeJL.jpg,529489,maximum_weight_recommendation,It Can Bearing 990 Pounds268KG675KG4565KG390KG68KG62KG
91319,https://m.media-amazon.com/images/I/616G16TyeJL.jpg,529489,item_weight,It Can Bearing 990 Pounds268KG675KG4565KG390KG68KG62KG
91320,https://m.media-amazon.com/images/I/616G33IspgL.jpg,507988,width,26cm190cm105cm
91321,https://m.media-amazon.com/images/I/616G4UlbUQL.jpg,810266,height,"PRODUCT DIMENSIONS4.33""8.66"""
91322,https://m.media-amazon.com/images/I/616G4UlbUQL.jpg,810266,depth,"PRODUCT DIMENSIONS4.33""8.66"""
91323,https://m.media-amazon.com/images/I/616G5XdiDiL.jpg,752266,width,12INCH 36W LED CEILING LIGHT36W120V12inch3800LM5SCCTDIMMABLE2.7inch6ETL ListedLiSted
91324,https://m.media-amazon.com/images/I/616GApLgKRS.jpg,521308,height,"1867976cm(26.4""cm(29.9"""
91325,https://m.media-amazon.com/images/I/616GDt7raYL.jpg,529489,item_weight,MAX. WEIGHT CAPACITY:2OOKG/44OLB
91326,https://m.media-amazon.com/images/I/616GDt7raYL.jpg,529489,maximum_weight_recommendation,MAX. WEIGHT CAPACITY:2OOKG/44OLB
91327,https://m.media-amazon.com/images/I/616GHjIlyCL.jpg,120219,width,"118 ""8.2615 """
91328,https://m.media-amazon.com/images/I/616GJZtSIxL.jpg,801829,height,"34.5""24.25""22""19"""
91329,https://m.media-amazon.com/images/I/616GMUcOnDL.jpg,275506,item_weight,"Lightweight body 0.880zfor comfortable wear'MS (€ F 0lYouthllhisper71(UNIT """
91330,https://m.media-amazon.com/images/I/616GOMdhNcL.jpg,881883,depth,"TWO SUSPENSION OPTIONS~~)34""E34""ROD POCKET2"" Internal diameterCLIP-RINGS*This product does not contain clips2T2"""
91331,https://m.media-amazon.com/images/I/616GOMdhNcL.jpg,881883,width,"TWO SUSPENSION OPTIONS~~)34""E34""ROD POCKET2"" Internal diameterCLIP-RINGS*This product does not contain clips2T2"""
91332,https://m.media-amazon.com/images/I/616GV45K+XL.jpg,810266,height,"4.37""320zFcapacity6.34""2.95"""
91333,https://m.media-amazon.com/images/I/616GWxDEnKL.jpg,596730,maximum_weight_recommendation,"STURDY BUILD801bs36.3kg)Inside narrowof cradle14""Cradle narrow center = 29""Inside widest narrow = 42""Inside cradles at widest50""Center cradles at widest64""Inside cradles at widest set = 78""WIDE APPLICATIONOur platform mount bike rack has the capacityBC-202to transport two bikes weighingup to 80 pounds:BC-2O2BAIts flexibility allows it to fit most bike frame sizes:BC-204setset-"
91334,https://m.media-amazon.com/images/I/616GX5Q2uNL.jpg,347320,depth,311.8inch/3OCMJMAB-1KkkRkr
91335,https://m.media-amazon.com/images/I/616GZ8X1Q2L.jpg,483370,depth,20cmL16cm3
91336,https://m.media-amazon.com/images/I/616GZ8X1Q2L.jpg,483370,height,20cmL16cm3
91337,https://m.media-amazon.com/images/I/616GbSQQ4NS.jpg,866516,width,4j1 . Scm4cm
91338,https://m.media-amazon.com/images/I/616GbSQQ4NS.jpg,866516,height,4j1 . Scm4cm
91339,https://m.media-amazon.com/images/I/616GbSQQ4NS.jpg,866516,depth,4j1 . Scm4cm
91340,https://m.media-amazon.com/images/I/616GbqqY5XL.jpg,150535,height,6.7x6.7 inch
91341,https://m.media-amazon.com/images/I/616GbrVjfcL.jpg,386873,item_weight,"6GB RAM+128GB ROMThe 12 nm process octa core 2.3GHZ processor with 6GB RAM, Iow power con-sumption and high efficiency make S18 faster running speed and longer battery life6GB + 128GBMediaTek helio | P354GVoLTEAndroid 8.1 | OTAGlobal bandsDual VoLTEDual SIMDual Standby"
91342,https://m.media-amazon.com/images/I/616GcfFZDkL.jpg,728511,depth,"Desk Calendar SizeOCTOBER 2023SundayMondayTuesdayWednesdayThursdayFridaySaturdayTO DO & NOTES27409127590276/89277/88278/8727925280,855TO DO:281/84Cclctou: 0zi785,8028279287778Indgenous Petoe; Dvy10345/20131141111.5 inch288777AotDa}1.75 x 1.75 inch29172Sweotom Day1511621NOTES:2057029869759108300 85301/0422232427282930263303016231HellovcenSeptember 2023November 2023M T W T5 6 710 M1 12 13 14 15 1642 13 14 15 16 17 18""718 19 20 21 22 2319 20 21 22 23 24 2524 25 26 27 28 29 3026 27 28 29 3016.5 inch"
91343,https://m.media-amazon.com/images/I/616GcfFZDkL.jpg,728511,height,"Desk Calendar SizeOCTOBER 2023SundayMondayTuesdayWednesdayThursdayFridaySaturdayTO DO & NOTES27409127590276/89277/88278/8727925280,855TO DO:281/84Cclctou: 0zi785,8028279287778Indgenous Petoe; Dvy10345/20131141111.5 inch288777AotDa}1.75 x 1.75 inch29172Sweotom Day1511621NOTES:2057029869759108300 85301/0422232427282930263303016231HellovcenSeptember 2023November 2023M T W T5 6 710 M1 12 13 14 15 1642 13 14 15 16 17 18""718 19 20 21 22 2319 20 21 22 23 24 2524 25 26 27 28 29 3026 27 28 29 3016.5 inch"
91344,https://m.media-amazon.com/images/I/616Gdi5T6JL.jpg,918186,width,"Mal10""4""10""7.5"""
91345,https://m.media-amazon.com/images/I/616GeUnzDoL.jpg,983323,wattage,"9-BLADES USB FANUltra Quiet & Mini SizeDC 5VUSB Ports(13.8""tail)The fan is constructed of PBT plastic (Black)and meets UL94 standards."
91346,https://m.media-amazon.com/images/I/616GeUnzDoL.jpg,983323,voltage,"9-BLADES USB FANUltra Quiet & Mini SizeDC 5VUSB Ports(13.8""tail)The fan is constructed of PBT plastic (Black)and meets UL94 standards."
91347,https://m.media-amazon.com/images/I/616Gle0w4wL.jpg,947369,width,"TAMANODIMENSIO NESPesoAltura0,07 Kg32 mm(0.15 lb)1.26""tbpLongitud110 mm4.33""Ancho65 mm2.56""MOUSE HP 300 CONEXION DUAL"
91348,https://m.media-amazon.com/images/I/616Gsxe5RAL.jpg,347404,width,"7-Gallon High CapacityNot only for potato, YOu can30 CMmore like a decoration35 CMReinforced HandlesDurable materialVelcro window"
91349,https://m.media-amazon.com/images/I/616Gsxe5RAL.jpg,347404,depth,"7-Gallon High CapacityNot only for potato, YOu can30 CMmore like a decoration35 CMReinforced HandlesDurable materialVelcro window"
91350,https://m.media-amazon.com/images/I/616Gv8ildJL.jpg,436746,height,21cm23cm33cm
91351,https://m.media-amazon.com/images/I/616GzjKffqL.jpg,365756,height,"APPROPRIATE SIZE30cm/11.8""6.5""CEiSU?=14cm/5.5""7cm/2.7""18cm/7.1""30cm/11.8""CEISU?=88cm/34.6""-120cm/47 .2"""
91352,https://m.media-amazon.com/images/I/616H+3qO40L.jpg,640408,depth,"1,.3in25 Oz9.3inch3.6inch"
91353,https://m.media-amazon.com/images/I/616H+3qO40L.jpg,640408,width,"1,.3in25 Oz9.3inch3.6inch"
91354,https://m.media-amazon.com/images/I/616H1dW4mXL.jpg,478357,height,"40.5 cm16""51 cm20.1""2.5 cm / 1""61 cm / 24""53.5 cm21.1""2.5 cm / 1""2.5 cm / 1""48.5 cm19.1""38 cm15""Net Weight: 15.74Ibs )"
91355,https://m.media-amazon.com/images/I/616H35FEqCL.jpg,558806,depth,"SIZE2.5""1.7""1.8""2.4"""
91356,https://m.media-amazon.com/images/I/616H35FEqCL.jpg,558806,height,"SIZE2.5""1.7""1.8""2.4"""
91357,https://m.media-amazon.com/images/I/616HDAaCkKL.jpg,524117,width,"maximum up tu size 14,big enoughfor men's shoes or women's shoes[10.#110.14.96inch.23inch945inch96inch.23inch14."
91358,https://m.media-amazon.com/images/I/616HE56NVKL.jpg,749917,item_weight,"60"" Takedown Recurve BowI/Draw weight: 20-60 IbsI/Bow length: 60 inchI/Bowstring: 145cm/57inch(Dyneema string material )I/Bow handle length: 15 inchI/Max draw length: 30 inchI/Brace height: 7.5 inchI/Bow riser: High-density technical woodI/Bow limb: Fiberglass & bamboo coreI/Bow limb technology: Lamination[[Type:TakedownIINet weight: Ikg(4uofEr "
91359,https://m.media-amazon.com/images/I/616HFdAk7FL.jpg,365756,height,PRODUCT SIZEAdjustable shoulder strap030cm75g
91360,https://m.media-amazon.com/images/I/616HFdAk7FL.jpg,365756,depth,PRODUCT SIZEAdjustable shoulder strap030cm75g
91361,https://m.media-amazon.com/images/I/616HQh6Pc1L.jpg,522832,width,2 PCS5.5cm/2.16in13cm/5.Ilin148.7cm/19 17in
91362,https://m.media-amazon.com/images/I/616HR5D6NcL.jpg,652519,height,FISCHERADESIGNEO IM AUSTRIAREINFORCED ALUMINIUMGROUnD CLEARAHCE (OmmWHEEl-OIAMETER 100 mmWHEEL-WIDTH 24 mmWheel-TyPE LP MEOIUMAXeL OISTANCE 620 mmPRECISION ORIVE 2 002020 RC7 SKATEHERSPORTSCOM
91363,https://m.media-amazon.com/images/I/616HR5D6NcL.jpg,652519,depth,FISCHERADESIGNEO IM AUSTRIAREINFORCED ALUMINIUMGROUnD CLEARAHCE (OmmWHEEl-OIAMETER 100 mmWHEEL-WIDTH 24 mmWheel-TyPE LP MEOIUMAXeL OISTANCE 620 mmPRECISION ORIVE 2 002020 RC7 SKATEHERSPORTSCOM
91364,https://m.media-amazon.com/images/I/616HUVO17BL.jpg,648011,width,Ultra Thin Design4cm030cm80% Energy Saving30.000 Hours Life Time24W250w
91365,https://m.media-amazon.com/images/I/616HUVO17BL.jpg,648011,depth,Ultra Thin Design4cm030cm80% Energy Saving30.000 Hours Life Time24W250w
91366,https://m.media-amazon.com/images/I/616HZg6Dp2L.jpg,174276,height,5. 9cm3. 4cmWeight:24g
91367,https://m.media-amazon.com/images/I/616HZg6Dp2L.jpg,174276,depth,5. 9cm3. 4cmWeight:24g
91368,https://m.media-amazon.com/images/I/616HZgje2kL.jpg,150535,width,8.6inch/22.Scm
91369,https://m.media-amazon.com/images/I/616HZgje2kL.jpg,150535,height,8.6inch/22.Scm
91370,https://m.media-amazon.com/images/I/616HZgje2kL.jpg,150535,depth,8.6inch/22.Scm
91371,https://m.media-amazon.com/images/I/616Hk53eK4L.jpg,243137,depth,2.Im / 7ft6
91372,https://m.media-amazon.com/images/I/616Hk53eK4L.jpg,243137,height,2.Im / 7ft6
91373,https://m.media-amazon.com/images/I/616HogE5fxL.jpg,132401,width,"LUXURY SOFT OUTER COVERJERSEY FABRIC INNER COVERScientifically designed for optimum comfort:Protects inner memory foamAbsorbs better than cotton.Hypoallergenic & Antimicrobial:W - 13""H4""H3.2""L - 20""HIGH DENSITY COOLING GEL MEMORY FOAMSIZE IN INCHESrelieve extreme pressure points.L -20""W - 13""H4""/3.2""Promotes better& cooler comfort:Maintains a comfortable sleep climate.AIl Measurements areapproximate.Please allow tolerance of + /- 2,5 cm_layer .Helpssleep"
91374,https://m.media-amazon.com/images/I/616Hq3Xa-RL.jpg,347404,width,"DimensionCapacity: 37.8 cubic feet, providing more spacefor long-rooted plantsCornerConnectorIron sheet18""101""36"""
91375,https://m.media-amazon.com/images/I/616HrNhUlNL.jpg,892291,wattage,0.20.45in(11.Smm)Pack0.2in(Smm)0.4in(1Omm)JaK36P1055in(114mm)1
91376,https://m.media-amazon.com/images/I/616HrNhUlNL.jpg,892291,item_weight,0.20.45in(11.Smm)Pack0.2in(Smm)0.4in(1Omm)JaK36P1055in(114mm)1
91377,https://m.media-amazon.com/images/I/616Hui7VXeL.jpg,243137,height,4PANELS 10FT X SFTabric White 'Wedding Backdrop CurtainS | 2 E1SFT(1SOCM)SFT(ISOCM)SFT(1SOCM)SFT(ISOCM)1OFT(300CM)1OFT(3OOCM)2OFT(GOOCM)(Chiffon
91378,https://m.media-amazon.com/images/I/616HwQ2oefL.jpg,931247,width,Karina HomeQJOval Shaped Tables18Ocmx14OcmSuitable for table lengths6Ocm12Ocm20Ocmx 14OcmSuitable for table lengths13Ocm17Ocm25Ocmx14OcmSuitable for table lengths18Ocm220cm
91379,https://m.media-amazon.com/images/I/616HwQ2oefL.jpg,931247,height,Karina HomeQJOval Shaped Tables18Ocmx14OcmSuitable for table lengths6Ocm12Ocm20Ocmx 14OcmSuitable for table lengths13Ocm17Ocm25Ocmx14OcmSuitable for table lengths18Ocm220cm
91380,https://m.media-amazon.com/images/I/616I1G23VTL.jpg,975942,width,"45mm/1.77""00a7FC-51114mm/0.553#xat31mm/1.22""SizeLongWidthHigh31mm45147PCB Circuit Board7mm/0.28""1.22Inch1.770.550.28PCB Circuit Board"
91381,https://m.media-amazon.com/images/I/616I2YupJxL.jpg,784538,height,"PRODUCT DETAILSINTRODUCTIONSet of 6SIZEUnframed CanvasROLLPrints6High quality inkjet5printing on canvaswith vivid colorsand high definition,ANGELS ROLL THEIR EYESEco-friendly printing,durable8 inchHow to package no framedB1, Rolled up cotton canvas;2, Put it inside the tube;3. Close the sealing cap;4 Better protection ofshipping process;THEDEVILSDICE"
91382,https://m.media-amazon.com/images/I/616I2YupJxL.jpg,784538,width,"PRODUCT DETAILSINTRODUCTIONSet of 6SIZEUnframed CanvasROLLPrints6High quality inkjet5printing on canvaswith vivid colorsand high definition,ANGELS ROLL THEIR EYESEco-friendly printing,durable8 inchHow to package no framedB1, Rolled up cotton canvas;2, Put it inside the tube;3. Close the sealing cap;4 Better protection ofshipping process;THEDEVILSDICE"
91383,https://m.media-amazon.com/images/I/616I2YupJxL.jpg,784538,depth,"PRODUCT DETAILSINTRODUCTIONSet of 6SIZEUnframed CanvasROLLPrints6High quality inkjet5printing on canvaswith vivid colorsand high definition,ANGELS ROLL THEIR EYESEco-friendly printing,durable8 inchHow to package no framedB1, Rolled up cotton canvas;2, Put it inside the tube;3. Close the sealing cap;4 Better protection ofshipping process;THEDEVILSDICE"
91384,https://m.media-amazon.com/images/I/616I3gKoSFL.jpg,866950,item_weight,"FASTERINFLATIONSAdvanced Telescope DesignR54020The pump extends to allowmore air per stroke for fasterpumping atpressure,and can also lock out for highpressure pumping( 120 PSI)20.47""6 8Unlock Lock0low"
91385,https://m.media-amazon.com/images/I/616IBf2gvHL.jpg,969033,width,"SIZE INFOSize LSize23""W*23""L*8""H8""23""23"""
91386,https://m.media-amazon.com/images/I/616IBf2gvHL.jpg,969033,height,"SIZE INFOSize LSize23""W*23""L*8""H8""23""23"""
91387,https://m.media-amazon.com/images/I/616ICzn0xaL.jpg,625310,width,"Dimensions:0""0){40633.75"" DiameterWidth5.25"""
91388,https://m.media-amazon.com/images/I/616IEWQgWgL.jpg,844474,depth,GBAR30 CM17 CM
91389,https://m.media-amazon.com/images/I/616IEWQgWgL.jpg,844474,height,GBAR30 CM17 CM
91390,https://m.media-amazon.com/images/I/616IG-t2HHL.jpg,784538,depth,9Ocm30cm
91391,https://m.media-amazon.com/images/I/616IG-t2HHL.jpg,784538,width,9Ocm30cm
91392,https://m.media-amazon.com/images/I/616IQdfYmnL.jpg,648011,height,30mm/1.18inPRODUCTINFORMATIONBase: E26{Voltage: 100-240VACWatt: 15W1Lumen: 1500LmDimmable: NoBHCH15W cOOOK 4OO 240Kelvin: 6000KE26 Base
91393,https://m.media-amazon.com/images/I/616IQdfYmnL.jpg,648011,width,30mm/1.18inPRODUCTINFORMATIONBase: E26{Voltage: 100-240VACWatt: 15W1Lumen: 1500LmDimmable: NoBHCH15W cOOOK 4OO 240Kelvin: 6000KE26 Base
91394,https://m.media-amazon.com/images/I/616IQdfYmnL.jpg,648011,depth,30mm/1.18inPRODUCTINFORMATIONBase: E26{Voltage: 100-240VACWatt: 15W1Lumen: 1500LmDimmable: NoBHCH15W cOOOK 4OO 240Kelvin: 6000KE26 Base
91395,https://m.media-amazon.com/images/I/616IZuN8jiL.jpg,823083,height,3.lin / 8 cm3.1in / 8 cm2.8 in / 7 cm2.4 in / 6 cm
91396,https://m.media-amazon.com/images/I/616IcsSsGeL.jpg,362818,height,i17cmiJ1O.6cmmyij6cm1j450ml @Xoday iS949
91397,https://m.media-amazon.com/images/I/616IeR6iMdL.jpg,579652,depth,060Max length:lm/39.37in77cm/30in
91398,https://m.media-amazon.com/images/I/616Im7A+3GL.jpg,983323,wattage,The rocket 30mm aluminum fan rotates at2800Orpm @7.4V whilst using just 0.65AV9 0^8-s 3aO1osar1
91399,https://m.media-amazon.com/images/I/616Im7A+3GL.jpg,983323,voltage,The rocket 30mm aluminum fan rotates at2800Orpm @7.4V whilst using just 0.65AV9 0^8-s 3aO1osar1
91400,https://m.media-amazon.com/images/I/616ImUVfZQL.jpg,810266,height,"PRODUCT SIZE10.3cm/4incorerps ""17.5cm/3in"
91401,https://m.media-amazon.com/images/I/616ImUVfZQL.jpg,810266,depth,"PRODUCT SIZE10.3cm/4incorerps ""17.5cm/3in"
91402,https://m.media-amazon.com/images/I/616ImwTnnZL.jpg,178778,depth,STYLISH & PORTABLE MAKEUP BAG[Material] Nylon[Weight)0.2 KG19CM10CM113CM-
91403,https://m.media-amazon.com/images/I/616ImwTnnZL.jpg,178778,width,STYLISH & PORTABLE MAKEUP BAG[Material] Nylon[Weight)0.2 KG19CM10CM113CM-
91404,https://m.media-amazon.com/images/I/616IsPeiAqL.jpg,861555,height,"'Jk Awn&Twnz5t""v16#3zxAn77 v +"") $[#A]T . 77zw 6[MA +4X]#E 25.3X @4J/2.5X6+7 Scm)k FJI-A 37twyiZ AJ<t+l'MPIR [0whOwERBOX"
91405,https://m.media-amazon.com/images/I/616Ivs6580L.jpg,403664,width,"20,5 cm8.07 in885"
91406,https://m.media-amazon.com/images/I/616Ivs6580L.jpg,403664,depth,"20,5 cm8.07 in885"
91407,https://m.media-amazon.com/images/I/616IwyvQY7L.jpg,375438,depth,OFTiDix83c33.1 inch
91408,https://m.media-amazon.com/images/I/616IwyvQY7L.jpg,375438,width,OFTiDix83c33.1 inch
91409,https://m.media-amazon.com/images/I/616Izbrq1iL.jpg,801829,height,28CM30CM36CM84.5CM615CMLA34CM28CM
91410,https://m.media-amazon.com/images/I/616J1VEjEpL.jpg,966823,height,PRODUCTSIZE4cm7cmClea
91411,https://m.media-amazon.com/images/I/616J1VEjEpL.jpg,966823,depth,PRODUCTSIZE4cm7cmClea
91412,https://m.media-amazon.com/images/I/616J1yjto7L.jpg,311997,height,Each Tier Holdsup to 5 kgThe shelf spacing fits shoes no taller than 17 cm5 kg{5298.5 cm7g[CThe shelf spacing fits shoes no tallerthan 17cm28cm
91413,https://m.media-amazon.com/images/I/616J9fhCt5L.jpg,658003,height,12.5 in8.4 in2 in9 in
91414,https://m.media-amazon.com/images/I/616JB+HqWuL.jpg,810266,depth,3.4inBEST .Dad8EVER5g1
91415,https://m.media-amazon.com/images/I/616JB+HqWuL.jpg,810266,width,3.4inBEST .Dad8EVER5g1
91416,https://m.media-amazon.com/images/I/616JB+HqWuL.jpg,810266,height,3.4inBEST .Dad8EVER5g1
91417,https://m.media-amazon.com/images/I/616JCyB+ykL.jpg,549052,depth,Three materialsto give differentchewing feel2.80 in3.31inToughchewingshell25Soft irregularchewingbumpsCottonWight:0.691brope
91418,https://m.media-amazon.com/images/I/616JDMwqKwL.jpg,916768,height,5.7cm9 .3c m14.9 c m
91419,https://m.media-amazon.com/images/I/616JDNAH1IL.jpg,142295,item_volume,"SWEETMETALLICSTICKSEDIBLEARTPAINTCOVERAGE6"" CAKE X265mm1X1SMLO.5FL OZ8CMCOOKIESLX 10024mmCALCULATED IN2X COATS"
91420,https://m.media-amazon.com/images/I/616JJ6K9v6L.jpg,947369,height,E3180051~1200160012.75in1.5in
91421,https://m.media-amazon.com/images/I/616JJ6K9v6L.jpg,947369,width,E3180051~1200160012.75in1.5in
91422,https://m.media-amazon.com/images/I/616JMAzfzyL.jpg,225251,height,Dimension15.5 in2.75 in20.5 in9.8 in35.5 in16.5 in12.6 in8.7 in15.5 in19.5 in
91423,https://m.media-amazon.com/images/I/616JOJM79RL.jpg,675317,depth,High: 1 .linch(28mm)Total Length: 0.86inch(22mm)4Wide: 1.2inch(3Omm)
91424,https://m.media-amazon.com/images/I/616JPpI7HcL.jpg,658003,height,185inch4.73.5inch111.8inch
91425,https://m.media-amazon.com/images/I/616JSiZRxBL.jpg,242256,depth,811SNTES MARINE8 . 2inchCORPSUNITE
91426,https://m.media-amazon.com/images/I/616JUFoJ4GL.jpg,866516,width,457in4cmlt4cm/1 ..57inI
91427,https://m.media-amazon.com/images/I/616JVedFsTL.jpg,347404,depth,8140.Scm/16in
91428,https://m.media-amazon.com/images/I/616JVedFsTL.jpg,347404,width,8140.Scm/16in
91429,https://m.media-amazon.com/images/I/616JVhf5xuL.jpg,278850,height,"Character Size: 11x 17mm (L*W)=2C=3YIXWVIUTZAO HOV1MLMIELTHDHHIADDIHA815mm / 0.59"""
91430,https://m.media-amazon.com/images/I/616JdZka2KL.jpg,442321,width,48cm73cm4262cm24cm46cm5cm48cm
91431,https://m.media-amazon.com/images/I/616JdZka2KL.jpg,442321,height,48cm73cm4262cm24cm46cm5cm48cm
91432,https://m.media-amazon.com/images/I/616JeTxeR6L.jpg,178778,height,I7.Sin/19cm9.8in/25cm3.1Sin/8cm
91433,https://m.media-amazon.com/images/I/616Jg0YmuCL.jpg,150535,width,PRODUCT SIZEg5'587.07 in / 18 cm
91434,https://m.media-amazon.com/images/I/616Jg0YmuCL.jpg,150535,depth,PRODUCT SIZEg5'587.07 in / 18 cm
91435,https://m.media-amazon.com/images/I/616JlB-JHqL.jpg,426449,item_volume,"Package InformationBottleMobil1ViscosityOW-20ESPSAEAmacedFe|Eonomg  S4eEaonaa'O+20(FuelPart NoAdvanced FullRmQ00 71924 77114NET, 5678L ( US QTS)Liquid Volume(1US QT;)TOTAL32.0 Fluid OuncesMebi""OW-2o'EconomyESPcarburant avanceeAdvanced [oetedF125386Economie ,JFaspebtEetene SpeetoazrtkSyntheticEntierementavanceeSynthetique =CONI.6x946 mL _"
91436,https://m.media-amazon.com/images/I/616JpfRgkbL.jpg,130202,depth,"I/""TOPDEIlI1DEDAI1I/sigelDIN A4 ,X'297 mm'inclineschuinREGULAR6 9,90FAMULY Special780WEEKEND SPECIAL€ 680F|UVTISCHAUFSTELLERTABLE-TDISPLAYPRESENTOIRFRAMETABLE _PORTA-AVVISI SOPORTEETAVOLO SOBREMESATAFELSTANDAARD1/210 =~schrag 'slantedinclinato ,'inclinado ,VituSse'25YEARGUARANTEERESISTANCE"
91437,https://m.media-amazon.com/images/I/616JwtmAD4S.jpg,683885,depth,3cm5cm8cm
91438,https://m.media-amazon.com/images/I/616Jy4vH0QL.jpg,284992,height,1ScmRt : #UIZS)LJgxkl : 6b35.4cm19.Scm24cmkhaki
91439,https://m.media-amazon.com/images/I/616Jy68ex7S.jpg,311997,height,"11.7""4.8""2""15.7""4.8""2""1.8""15.8"""
91440,https://m.media-amazon.com/images/I/616K+K3Q1iL.jpg,243137,height,WeddingPartyProductChildrenFestivalYouTubeVideoNewbornBirthdayOutdoor57FT
91441,https://m.media-amazon.com/images/I/616K+K3Q1iL.jpg,243137,depth,WeddingPartyProductChildrenFestivalYouTubeVideoNewbornBirthdayOutdoor57FT
91442,https://m.media-amazon.com/images/I/616K+XS9YRL.jpg,300630,width,"6 Pcs each50strips totally3m1/0 Toz518mmstrips,17Omm"
91443,https://m.media-amazon.com/images/I/616K+XS9YRL.jpg,300630,depth,"6 Pcs each50strips totally3m1/0 Toz518mmstrips,17Omm"
91444,https://m.media-amazon.com/images/I/616K-FLcqUL.jpg,865020,depth,"DIAMETER LENGTH70cm/27.5""inch2U"
91445,https://m.media-amazon.com/images/I/616K3kV8EeS.jpg,119607,width,in8.86in18.26 inK1.77
91446,https://m.media-amazon.com/images/I/616K708e03L.jpg,731252,depth,"12""10 1/2""5 3/4"""
91447,https://m.media-amazon.com/images/I/616K708e03L.jpg,731252,height,"12""10 1/2""5 3/4"""
91448,https://m.media-amazon.com/images/I/616K7XuNgDL.jpg,675317,depth,Switch box3tvF+nz#ttvk028 : 22mmHONDAEX : Mso0gCB2s0T / CBZSONCB4OOT / CBAOON#7 / #72/ 1T7etc #0
91449,https://m.media-amazon.com/images/I/616K7XuNgDL.jpg,675317,width,Switch box3tvF+nz#ttvk028 : 22mmHONDAEX : Mso0gCB2s0T / CBZSONCB4OOT / CBAOON#7 / #72/ 1T7etc #0
91450,https://m.media-amazon.com/images/I/616K7XuNgDL.jpg,675317,height,Switch box3tvF+nz#ttvk028 : 22mmHONDAEX : Mso0gCB2s0T / CBZSONCB4OOT / CBAOON#7 / #72/ 1T7etc #0
91451,https://m.media-amazon.com/images/I/616K8lEhMNL.jpg,648011,height,261100wREPTU;AZOOI1012v -Mtizow(er4.7in5.8in3.8in2.4in
91452,https://m.media-amazon.com/images/I/616K8lEhMNL.jpg,648011,width,261100wREPTU;AZOOI1012v -Mtizow(er4.7in5.8in3.8in2.4in
91453,https://m.media-amazon.com/images/I/616K99wLMEL.jpg,866950,item_weight,160 PSI PRESSUREEasy Pump TO 80 PSI
91454,https://m.media-amazon.com/images/I/616KH544+YL.jpg,752266,height,"PRODUCT INFORMATION5,2in9.8in2.36in5.Tin8.66in52inSize:52inchFan Speed:3 SpeedIntegrated LED Wattage:18WCCT:6000k/3000kLED Lumens:1600LMSwitch Type:Remote ControlDownrod Size:5.1 Inchl 9.8 InchFan Material:Aluminum Substrate + PC"
91455,https://m.media-amazon.com/images/I/616KKRm8wVL.jpg,752266,height,17310mm12.20in{1
91456,https://m.media-amazon.com/images/I/616KLWcNSxL.jpg,826444,depth,"""Eashtrayholder5.31inchHnenMaouCup"
91457,https://m.media-amazon.com/images/I/616KM2Z87xL.jpg,295706,width,"339.5"".3.25""5.12"""
91458,https://m.media-amazon.com/images/I/616KNaOudrS.jpg,784538,depth,12*12inch12*12inch12*12inchWall Art Size Comparison60 inch_112*12inch*3pCS(30*30cm*3pcs)
91459,https://m.media-amazon.com/images/I/616KOEK6E8L.jpg,658003,height,SIZE91o.71kg26.5*22*33.5 cmCII22 CII33.5
91460,https://m.media-amazon.com/images/I/616KRpb0FWL.jpg,347404,width,15cmL115{[
91461,https://m.media-amazon.com/images/I/616KRpb0FWL.jpg,347404,depth,15cmL115{[
91462,https://m.media-amazon.com/images/I/616KTbzHETL.jpg,279307,item_weight,"HYPOALLERGENICEARTH FRIENDLYGreat for Homes withGoVaccum's mainallergy Sufferspurpose is to producebiodegradable, earthfriendly products of thehighest quality:SIMPLEPREMIUMINSTALLATIONMULTI-LAYERFILTRATIONVACUUM BAGSBags connect easilyEnsures Dust & Dirt:ZVACWont LEak out Quality15 BAGSproduct with a durableCCVALUE PACKbuild for long-lastingusage:ORECKCC 3AGE3y ZvACEXACT FITDesigned andEngineered in USAHEAVY DUTYmeeting strict OEMstandardsCARDBOARDTightly hold bag inplace & won't tear"
91463,https://m.media-amazon.com/images/I/616KX0Z8G1L.jpg,810266,height,"Durchmesser8,5 cmHohe 13,5 cmohne Deckel12 cmGewichtkg50 GrammMowVolumen400 mlG{kezPtease"
91464,https://m.media-amazon.com/images/I/616KX0Z8G1L.jpg,810266,depth,"Durchmesser8,5 cmHohe 13,5 cmohne Deckel12 cmGewichtkg50 GrammMowVolumen400 mlG{kezPtease"
91465,https://m.media-amazon.com/images/I/616KYEhPZ6L.jpg,752266,width,"Product Dimension12cm/4.72""14cm/5.11""24.8cm/9.76""Size without bulbAll E26 Bulb Compatible (Bulb Not Included)"
91466,https://m.media-amazon.com/images/I/616KYEhPZ6L.jpg,752266,height,"Product Dimension12cm/4.72""14cm/5.11""24.8cm/9.76""Size without bulbAll E26 Bulb Compatible (Bulb Not Included)"
91467,https://m.media-amazon.com/images/I/616Kb3zUWvL.jpg,692827,item_volume,Let'$ talk coconut oilsWhich oil isright for me?AlI-PurposeVirginNeutral scent and flavorCoconut scent and flavorSteam refined without chemicalsUnrefined € cold-pressedHeat up to 4OO?FHeat up to 3509FMade from dried coconutsMade from fresh coconutsnutivanutivaOrganigOrganiccoconut oilvirgin coconut oil5ELOZALL-PURPOSE cooking OilSFLOzcolo PRESSEDhrefined0JO 16L @NEUtrAL TasteVZO [6 [ @Rich cocohut tasteAlways certified organic and non-GMO
91468,https://m.media-amazon.com/images/I/616KcBYv4bS.jpg,681445,height,Orchid Stem Cylindrical Vasewith Gold RimUSE INModern ArrangementsClassic Bouquets2Floral CenterpieceWeddings8PartiesEventsHome DecorHigh QulityStainless Steel4 Inch)This silver metallic vase is made ofstainless steel. It has a lovelyrimand is accented by aorchid flowerand leaves motif design made of brassgold gold
91469,https://m.media-amazon.com/images/I/616KcBYv4bS.jpg,681445,depth,Orchid Stem Cylindrical Vasewith Gold RimUSE INModern ArrangementsClassic Bouquets2Floral CenterpieceWeddings8PartiesEventsHome DecorHigh QulityStainless Steel4 Inch)This silver metallic vase is made ofstainless steel. It has a lovelyrimand is accented by aorchid flowerand leaves motif design made of brassgold gold
91470,https://m.media-amazon.com/images/I/616KiVqSjyL.jpg,927180,depth,6cm (2.2Aromatherapy4 filter stone6cm(2.4in)AromatherapyRemove chlrneHeavy metals and {luorides21cm(8.3in)196 nozzlesThe water filow issofter and genilerUniversal61/2 standardjustunscrewv and screw4in)fittingfitting:
91471,https://m.media-amazon.com/images/I/616KiVqSjyL.jpg,927180,width,6cm (2.2Aromatherapy4 filter stone6cm(2.4in)AromatherapyRemove chlrneHeavy metals and {luorides21cm(8.3in)196 nozzlesThe water filow issofter and genilerUniversal61/2 standardjustunscrewv and screw4in)fittingfitting:
91472,https://m.media-amazon.com/images/I/616Kkb95B0L.jpg,903603,height,"4a20XJa""mMooogtmooo54210ndmSeho(""kd?o00577734ZEI6A7AwmJnisIthI _NvnA134n441[40Omm"
91473,https://m.media-amazon.com/images/I/616KlDRLilL.jpg,978900,width,"21L2qt735cm /L3/4""/13cm353/4""Z1cm0 30V2"""
