index,image_link,group_id,entity_name,e
96674,https://m.media-amazon.com/images/I/619P3XuTlPL.jpg,149159,width,SIZE12cm14.72in8cm6cm/3.1Sin12.4in18cm/7.Tin27.5cm/ 10.8inScm/5.9in10.5cm/4.Iin15.5cm/6.20.5cm/8.TinTin
96675,https://m.media-amazon.com/images/I/619P3mh5PPL.jpg,823083,height,11.6in/29.5cm3.15in/8cm7.Sin/19cm
96676,https://m.media-amazon.com/images/I/619P5Vky1JL.jpg,944936,depth,10 cm | 3.93inJWISHES FOR YOUBEST3435'
96677,https://m.media-amazon.com/images/I/619P5Vky1JL.jpg,944936,height,10 cm | 3.93inJWISHES FOR YOUBEST3435'
96678,https://m.media-amazon.com/images/I/619P5Vky1JL.jpg,944936,width,10 cm | 3.93inJWISHES FOR YOUBEST3435'
96679,https://m.media-amazon.com/images/I/619PBmeFpcL.jpg,648011,depth,G45 LIGHTING FACTS645 LED Filament BulbSize: 75mm*45mmScrew Base: E2645mm/1.77inchInput voltage: 12-36VColor temperature: Warm White 2700KWatts: 4W (4OW incandescent equivalent)Luminous intensity: 4OOLMBeamangle: 3600{Dimmable: NoMaterial: Glass{2700KWarm White
96680,https://m.media-amazon.com/images/I/619PBmeFpcL.jpg,648011,width,G45 LIGHTING FACTS645 LED Filament BulbSize: 75mm*45mmScrew Base: E2645mm/1.77inchInput voltage: 12-36VColor temperature: Warm White 2700KWatts: 4W (4OW incandescent equivalent)Luminous intensity: 4OOLMBeamangle: 3600{Dimmable: NoMaterial: Glass{2700KWarm White
96681,https://m.media-amazon.com/images/I/619PCY-aGvL.jpg,639508,height,SIZE SHOWWith handle designEasy to moveS;S /M50.8cm/20in;
96682,https://m.media-amazon.com/images/I/619PCY-aGvL.jpg,639508,depth,SIZE SHOWWith handle designEasy to moveS;S /M50.8cm/20in;
96683,https://m.media-amazon.com/images/I/619PDqmSyzS.jpg,174276,height,diameter: 4.5cm/1.77inheight: 3cm/1.18in
96684,https://m.media-amazon.com/images/I/619PDqmSyzS.jpg,174276,depth,diameter: 4.5cm/1.77inheight: 3cm/1.18in
96685,https://m.media-amazon.com/images/I/619PJyPm+xL.jpg,276611,height,"PRODUCT SIZE164cm(64.56"")80.5 cm6(31.69"")2505"
96686,https://m.media-amazon.com/images/I/619PJyPm+xL.jpg,276611,depth,"PRODUCT SIZE164cm(64.56"")80.5 cm6(31.69"")2505"
96687,https://m.media-amazon.com/images/I/619PN09IK3L.jpg,784538,depth,43 cm89840 cmFrame: 43x53 cmPoster: 40x50 cm
96688,https://m.media-amazon.com/images/I/619PNzD0rwL.jpg,558806,depth,12.3cm_5'BIORIUBODAYxl8xl8xlxlxlxlJaLAPPPY
96689,https://m.media-amazon.com/images/I/619PNzD0rwL.jpg,558806,width,12.3cm_5'BIORIUBODAYxl8xl8xlxlxlxlJaLAPPPY
96690,https://m.media-amazon.com/images/I/619PNzD0rwL.jpg,558806,height,12.3cm_5'BIORIUBODAYxl8xl8xlxlxlxlJaLAPPPY
96691,https://m.media-amazon.com/images/I/619PVaX8txL.jpg,865020,height,"WIDE COMPATIBILITYfits most ofgrills size up to 48"" WLo""H22""D50""WPlease measure your grill before purchasing for a proper fit and always choosea cover that is 2-3 inches larger than yourPlease cool down yourcompletely before covering:grillgrill"
96692,https://m.media-amazon.com/images/I/619PWrpEpgL.jpg,823083,width,6 In15 In
96693,https://m.media-amazon.com/images/I/619PWrpEpgL.jpg,823083,depth,6 In15 In
96694,https://m.media-amazon.com/images/I/619PXVHtmfL.jpg,929999,height,"7.5""PickleballPaddleSTANDARD SIZEWeight10.45""9.8 0zThickness0.4 INParcocan1.4""4.92""Parcocan"
96695,https://m.media-amazon.com/images/I/619PXVHtmfL.jpg,929999,width,"7.5""PickleballPaddleSTANDARD SIZEWeight10.45""9.8 0zThickness0.4 INParcocan1.4""4.92""Parcocan"
96696,https://m.media-amazon.com/images/I/619Pf1b9qoL.jpg,589105,width,115 cm115 cm155 cm100% Cotton MacrameInstall HardwareExtra Large CapacityDurable and WashableEasy
96697,https://m.media-amazon.com/images/I/619Pf1b9qoL.jpg,589105,depth,115 cm115 cm155 cm100% Cotton MacrameInstall HardwareExtra Large CapacityDurable and WashableEasy
96698,https://m.media-amazon.com/images/I/619PlssBrIS.jpg,558806,depth,4.3 in / 11 cm83eanby
96699,https://m.media-amazon.com/images/I/619PlssBrIS.jpg,558806,width,4.3 in / 11 cm83eanby
96700,https://m.media-amazon.com/images/I/619PqFuvEtL.jpg,681445,depth,"12.5"""
96701,https://m.media-amazon.com/images/I/619PqFuvEtL.jpg,681445,width,"12.5"""
96702,https://m.media-amazon.com/images/I/619PqFuvEtL.jpg,681445,height,"12.5"""
96703,https://m.media-amazon.com/images/I/619PzXbxmwL.jpg,652661,height,50213cm/5.linch1
96704,https://m.media-amazon.com/images/I/619PzcQPh8L.jpg,416664,width,Color selection buttonFITS ANY TOILETMotion sensor2.48inchWater-resistantinch0.47inch2.55
96705,https://m.media-amazon.com/images/I/619Q+EzCf5L.jpg,708102,depth,06cm
96706,https://m.media-amazon.com/images/I/619Q+EzCf5L.jpg,708102,width,06cm
96707,https://m.media-amazon.com/images/I/619Q+imFh1L.jpg,842944,depth,32.5mm70.5mm
96708,https://m.media-amazon.com/images/I/619Q+imFh1L.jpg,842944,width,32.5mm70.5mm
96709,https://m.media-amazon.com/images/I/619Q3kekTNL.jpg,442321,height,"35.4""55.1""55.1"""
96710,https://m.media-amazon.com/images/I/619Q3y2wpGL.jpg,949192,width,SIZE INFORMATION5.5in14.1in
96711,https://m.media-amazon.com/images/I/619Q3y2wpGL.jpg,949192,depth,SIZE INFORMATION5.5in14.1in
96712,https://m.media-amazon.com/images/I/619Q56NpCeL.jpg,470067,width,Product Size: Approx 14.8 x 3 cm / 5.8 x 1.2 in1.2in5.8in
96713,https://m.media-amazon.com/images/I/619Q6lQ05DL.jpg,801829,item_weight,"Max Weight300 IbsNet Weight6.5 Ibs38.6""17.7""31.5""17.7""15.7""17.7""18.5"""
96714,https://m.media-amazon.com/images/I/619Q6lQ05DL.jpg,801829,maximum_weight_recommendation,"Max Weight300 IbsNet Weight6.5 Ibs38.6""17.7""31.5""17.7""15.7""17.7""18.5"""
96715,https://m.media-amazon.com/images/I/619Q7tjZVxL.jpg,801829,width,22. 8in68821 .2in41
96716,https://m.media-amazon.com/images/I/619Q7tjZVxL.jpg,801829,height,22. 8in68821 .2in41
96717,https://m.media-amazon.com/images/I/619QAQyfMFL.jpg,507619,height,12cm16cm18cm18cm
96718,https://m.media-amazon.com/images/I/619QKHvrdUL.jpg,648011,depth,PRODUCT SIZE2 PCS6C€ % Rx8{220-240v17.5cm/2.95inchI501
96719,https://m.media-amazon.com/images/I/619QMJK+n-L.jpg,844474,width,Awwis17in/43cm1lin/28cm6.3in/16cm
96720,https://m.media-amazon.com/images/I/619QWy1jqyL.jpg,178958,height,47 in59 inKGWeight Capacity150bs11.8l in2.4 in11.8 in49.2 in
96721,https://m.media-amazon.com/images/I/619Qerk5MVL.jpg,258617,width,4.3cmCautions3.5cmDon'tyour finger in the clip!Xput
96722,https://m.media-amazon.com/images/I/619Qerk5MVL.jpg,258617,height,4.3cmCautions3.5cmDon'tyour finger in the clip!Xput
96723,https://m.media-amazon.com/images/I/619Qq1blt7L.jpg,172842,width,"2""HI16""20"""
96724,https://m.media-amazon.com/images/I/619QrzyAiuL.jpg,944936,height,"2.1inchMY DEAR SON[CLOSED MY BYES FOR BUT A MOMENT ANDSUDDENLY _MAN SOOD WHERE A BOY USED TO BE[May NOI CARRY YOU NOW IN MY ARMS,8BUT I WILL AIWAYS CARRY YOU IN MY HBART YOU HAVE GIVEN MESO MaNy BBASOMS~70 BE PROUD OF THE MAN YOU HAVE BECOME;BUT THE PROUDEST MOMENT FOR ME ISTELLING OHERS THAT YOU ARE MY SOLLeve YouMew And Fovever"
96725,https://m.media-amazon.com/images/I/619QrzyAiuL.jpg,944936,depth,"2.1inchMY DEAR SON[CLOSED MY BYES FOR BUT A MOMENT ANDSUDDENLY _MAN SOOD WHERE A BOY USED TO BE[May NOI CARRY YOU NOW IN MY ARMS,8BUT I WILL AIWAYS CARRY YOU IN MY HBART YOU HAVE GIVEN MESO MaNy BBASOMS~70 BE PROUD OF THE MAN YOU HAVE BECOME;BUT THE PROUDEST MOMENT FOR ME ISTELLING OHERS THAT YOU ARE MY SOLLeve YouMew And Fovever"
96726,https://m.media-amazon.com/images/I/619QuTRdO7L.jpg,470067,height,LOCHER FUR DIEABMESSUNGENINSTALLATIONKENESIBadSiiiche1HoleG3/8G1/2188mm7.4 Inch155mm4.52 InchG3 / 8 StandarG1 / 2 AdapterdanschlussEnthaltenVersorgungsschlauche X 2139mm5.39 Inch47mm1.85 Inch
96727,https://m.media-amazon.com/images/I/619QvhnmeXL.jpg,631052,maximum_weight_recommendation,"{9IP54NouonontCloseWOVEN STRAPPINGMORE DURABLEWidth:3/4""(I9mm)Lenght:330' (IOOm)Tensile2500lbs/00kgStrength:Open"
96728,https://m.media-amazon.com/images/I/619QwSLyuhL.jpg,801829,height,20 cm608088cm55cm
96729,https://m.media-amazon.com/images/I/619R+3isZxL.jpg,704724,width,Medidas delArticuloPeso total08.5 Kg24CM96 CMJ CM78 CM42 CM
96730,https://m.media-amazon.com/images/I/619R1+45x3L.jpg,668667,width,W: 8OcmTotio5
96731,https://m.media-amazon.com/images/I/619R1+45x3L.jpg,668667,depth,W: 8OcmTotio5
96732,https://m.media-amazon.com/images/I/619R5tkDSTL.jpg,347404,height,11 in1.4 in10.2 in
96733,https://m.media-amazon.com/images/I/619R9Ecs2ML.jpg,140266,width,"12cm/4,72inSIZE DISPLAYREMOTE CONTROLSwitch between the colours you wantBt{Nebllua5t8:950Sur}8:8+1"
96734,https://m.media-amazon.com/images/I/619R9Ecs2ML.jpg,140266,depth,"12cm/4,72inSIZE DISPLAYREMOTE CONTROLSwitch between the colours you wantBt{Nebllua5t8:950Sur}8:8+1"
96735,https://m.media-amazon.com/images/I/619RHfwc-rL.jpg,434825,width,"siNdr 3s0u 0L #iCnzu1usahdr 35003 0L 30g8ZN534O 3508 01 304g8IS36dr as0a 0l 3i0r88wsgY 35u33or88JuSioi 3S04 01 *0r38ESVEREVONE To EXPOSe ADhESeREMOVE TO EXPOSE ADHESMEFevovE To EXPOSE ACHESNEAEMOVE I0 EXPOse ALHESNERELOVE T0 ExPOSE #DFESNVEREVOVE T0 ExPoseSz6n { oud Ol*oyuJnsahov 3S0ulzd8Jsih0r 3SOdr 0L *Cra8JnS340+ 35043 0L 340438JNS3h8v 3s04 0L Jnotuwsahar as0d3orauE845AEUOVE I0 EXPOSE ACHESNEREVOVE T0 EXPOSE ADHESNEPEVOvE T0 EXPOSE ADHESIVEREYOVE T0 EXPOSE ACHESNERevOvE I0 Expose ADHESIEREVOVEExosEQuality Park10.5""x16""25durable kraftper packpadded mailers"
96736,https://m.media-amazon.com/images/I/619RHfwc-rL.jpg,434825,height,"siNdr 3s0u 0L #iCnzu1usahdr 35003 0L 30g8ZN534O 3508 01 304g8IS36dr as0a 0l 3i0r88wsgY 35u33or88JuSioi 3S04 01 *0r38ESVEREVONE To EXPOSe ADhESeREMOVE TO EXPOSE ADHESMEFevovE To EXPOSE ACHESNEAEMOVE I0 EXPOse ALHESNERELOVE T0 ExPOSE #DFESNVEREVOVE T0 ExPoseSz6n { oud Ol*oyuJnsahov 3S0ulzd8Jsih0r 3SOdr 0L *Cra8JnS340+ 35043 0L 340438JNS3h8v 3s04 0L Jnotuwsahar as0d3orauE845AEUOVE I0 EXPOSE ACHESNEREVOVE T0 EXPOSE ADHESNEPEVOvE T0 EXPOSE ADHESIVEREYOVE T0 EXPOSE ACHESNERevOvE I0 Expose ADHESIEREVOVEExosEQuality Park10.5""x16""25durable kraftper packpadded mailers"
96737,https://m.media-amazon.com/images/I/619RIDJjgrL.jpg,752266,width,"12.6""4.7""586C3E26 BASE50/60HZ110-120VAC4OW MAXTC SHADEMETAL1"
96738,https://m.media-amazon.com/images/I/619RIDJjgrL.jpg,752266,height,"12.6""4.7""586C3E26 BASE50/60HZ110-120VAC4OW MAXTC SHADEMETAL1"
96739,https://m.media-amazon.com/images/I/619RMjcnbiL.jpg,181357,depth,4.7ft6.7inch7inch
96740,https://m.media-amazon.com/images/I/619RMjcnbiL.jpg,181357,height,4.7ft6.7inch7inch
96741,https://m.media-amazon.com/images/I/619RO3yYPqL.jpg,988675,depth,Compatible with Stanley Cup 1.0 4Oozl 300z0.95 in1in0000.87 in2.25 in00
96742,https://m.media-amazon.com/images/I/619RO3yYPqL.jpg,988675,height,Compatible with Stanley Cup 1.0 4Oozl 300z0.95 in1in0000.87 in2.25 in00
96743,https://m.media-amazon.com/images/I/619RPlwT+1L.jpg,711228,height,"ELEGANT&FUNKTIONALOPTIMALELEISTUNGLa?S NYSCMKontinuierliche Mahlleistungfur ideales WurzergebnisLEICHT ZUBEFULLENGewurzkammer auf derRuckseite offnen undGewurze einfullenABMESSUNGENHohe:19,1 cmLED-LichtDurchmesser:4,7 cmFullmenge:c. 80 g"
96744,https://m.media-amazon.com/images/I/619RW2EoULL.jpg,242256,depth,5ft(150cm)S22[X
96745,https://m.media-amazon.com/images/I/619RW2EoULL.jpg,242256,height,5ft(150cm)S22[X
96746,https://m.media-amazon.com/images/I/619Rbo+izDL.jpg,478357,height,"19.1""13.8""42.72"""
96747,https://m.media-amazon.com/images/I/619RggcFWML.jpg,932289,height,38 inch1F
96748,https://m.media-amazon.com/images/I/619RggcFWML.jpg,932289,width,38 inch1F
96749,https://m.media-amazon.com/images/I/619RggcFWML.jpg,932289,depth,38 inch1F
96750,https://m.media-amazon.com/images/I/619RjmzG76L.jpg,276611,width,40cm91cm42cm33cm84cm74cm96cm39cm8cm
96751,https://m.media-amazon.com/images/I/619Rk+RsIpL.jpg,969033,maximum_weight_recommendation,"Sofa DimensionsCushion sleeping areaOverall sizesize27 in_15 in_17 in.3Vin:111 in.15 in9 in:2 in:Fractional variation in measurements may existFOR SMALLDOGS UP TO10,IbsUltra Plush Snuggle Sofa3"
96752,https://m.media-amazon.com/images/I/619RrNx8I0L.jpg,276611,height,468833 cmQ50cm53cm
96753,https://m.media-amazon.com/images/I/619Ru4mD3iL.jpg,695925,width,Fit for: 5.5cm outlet Screw Gallon Water Bottle5.5cm2.17in2.6cm1.02in
96754,https://m.media-amazon.com/images/I/619Ru4mD3iL.jpg,695925,depth,Fit for: 5.5cm outlet Screw Gallon Water Bottle5.5cm2.17in2.6cm1.02in
96755,https://m.media-amazon.com/images/I/619S+hIos6L.jpg,483370,depth,2SCM18CM
96756,https://m.media-amazon.com/images/I/619S0lBGu1L.jpg,932289,width,"DIMENSION23""56""23"""
96757,https://m.media-amazon.com/images/I/619S0lBGu1L.jpg,932289,depth,"DIMENSION23""56""23"""
96758,https://m.media-amazon.com/images/I/619S3BzxBmL.jpg,178778,height,I7.Sin/19cm9.8in/25cm3.1Sin/8cm
96759,https://m.media-amazon.com/images/I/619SAAd4U5L.jpg,648011,depth,INFORMACHON DEL PRODUCTO45mmTipo de BaseE14Potencia: 4WEficacia Luminosa320LmActual39mAExtroStor'Temperatura del Color3000KiVida Util: 25000H8RegulableNo1000K6500k8000k10000kE143000K
96760,https://m.media-amazon.com/images/I/619SAAd4U5L.jpg,648011,height,INFORMACHON DEL PRODUCTO45mmTipo de BaseE14Potencia: 4WEficacia Luminosa320LmActual39mAExtroStor'Temperatura del Color3000KiVida Util: 25000H8RegulableNo1000K6500k8000k10000kE143000K
96761,https://m.media-amazon.com/images/I/619SCLxF-RL.jpg,952470,height,PRODUCTINFORMATION14.17inch70'=808.66inch6iner0.8inch
96762,https://m.media-amazon.com/images/I/619SM+mIv9L.jpg,521308,height,"28""31""16.3""72.8"""
96763,https://m.media-amazon.com/images/I/619SST7yIEL.jpg,208023,width,"Size 5""FitsWATERFORD""GIFTSS ILVE RFINEX7PhotoFREETARNISH"
96764,https://m.media-amazon.com/images/I/619SST7yIEL.jpg,208023,depth,"Size 5""FitsWATERFORD""GIFTSS ILVE RFINEX7PhotoFREETARNISH"
96765,https://m.media-amazon.com/images/I/619ST4JsOyL.jpg,881883,width,"Product Size72 inches1182 cm60 inches152 cmFor Shower_StallFor Standard BathtubHeightExtra Height/width36"" x 72""48"" x 72""54"" X72""72"" X 72""72"" x 78""72"" x 84""X 96""92 x 182cm122 x 182cm137 x 182cm182 x 182cm182 x 198cm182 x 214cm182 X 244cm175cm175cM175cm175cM175cm175cm175cm54"" x 78""60"" X 72""78"" x 78""137 x 198cm152 x 182cm84"" X 72""108"" X 72""198 x 198cm214 x 182cm275 x 182cm175cM175cm175cm175cM175cm72"""
96766,https://m.media-amazon.com/images/I/619ST4JsOyL.jpg,881883,depth,"Product Size72 inches1182 cm60 inches152 cmFor Shower_StallFor Standard BathtubHeightExtra Height/width36"" x 72""48"" x 72""54"" X72""72"" X 72""72"" x 78""72"" x 84""X 96""92 x 182cm122 x 182cm137 x 182cm182 x 182cm182 x 198cm182 x 214cm182 X 244cm175cm175cM175cm175cM175cm175cm175cm54"" x 78""60"" X 72""78"" x 78""137 x 198cm152 x 182cm84"" X 72""108"" X 72""198 x 198cm214 x 182cm275 x 182cm175cM175cm175cm175cM175cm72"""
96767,https://m.media-amazon.com/images/I/619SVMGeRDL.jpg,478357,width,"WHY CHOOSE Vanrohe2-tire Design CreatsPOLISHED FEETMade of DurableAdditional StorageNo Harm to Floor and BlanketMDF Board15.6""19.7""0.6""15.6"""
96768,https://m.media-amazon.com/images/I/619SXhXStwL.jpg,945489,height,6 inch4Oz1.75 inch
96769,https://m.media-amazon.com/images/I/619SXhXStwL.jpg,945489,depth,6 inch4Oz1.75 inch
96770,https://m.media-amazon.com/images/I/619SXhtSHGL.jpg,918186,height,GeRLETTERSONLYH - 58 CMACH - 159 CMH- 1O1CM
96771,https://m.media-amazon.com/images/I/619SXhtSHGL.jpg,918186,width,GeRLETTERSONLYH - 58 CMACH - 159 CMH- 1O1CM
96772,https://m.media-amazon.com/images/I/619SXhtSHGL.jpg,918186,depth,GeRLETTERSONLYH - 58 CMACH - 159 CMH- 1O1CM
96773,https://m.media-amazon.com/images/I/619ScJKsglL.jpg,416664,width,"823320HEPAZItKoecaeot01Vist02 Function description[Content (@802MEPNZ8SCM~Packing"""
96774,https://m.media-amazon.com/images/I/619Se1on9mL.jpg,991868,width,"62cm(24.41"") -3cm(1.18"")0112cm(4.72"")Touch SwitchThree-color lightUSB ChargeDimmable light59inch"
96775,https://m.media-amazon.com/images/I/619Sgb6kTSL.jpg,347404,width,puduct sizediameter: 14 cm/ 5.5 inchesinner diameter: 12cm/ 4.7inches{G36{Bottom diameter: 9 cm/ 3.5 inchesTop
96776,https://m.media-amazon.com/images/I/619SiaAlx4L.jpg,442321,height,90cmJi2Y7cm60
96777,https://m.media-amazon.com/images/I/619SnU0DbzL.jpg,931247,width,Size Guide2448inch1BeforeAfterinch
96778,https://m.media-amazon.com/images/I/619SnU0DbzL.jpg,931247,height,Size Guide2448inch1BeforeAfterinch
96779,https://m.media-amazon.com/images/I/619Sqc-4JOL.jpg,730429,width,12%3487730cm/11.81inchFootballBasketballVolleyballBaseballTennis BallGolf Ball
96780,https://m.media-amazon.com/images/I/619Sqc-4JOL.jpg,730429,depth,12%3487730cm/11.81inchFootballBasketballVolleyballBaseballTennis BallGolf Ball
96781,https://m.media-amazon.com/images/I/619SqniF74L.jpg,599772,width,25cm/9.84in618X6
96782,https://m.media-amazon.com/images/I/619StTLz7lL.jpg,648011,height,Compact GX23 led Iight6Power: 6wEqui: 13w cfl bulb replacmentBrightness: 550 lumensLeds: 28pc5 Color: 6000K daylight1.241n(31.5mm)69in(170mm)
96783,https://m.media-amazon.com/images/I/619TCzz2kWL.jpg,745387,width,1538mm500mm60.55in19.69inTzoooinEE!02480mm8:[18.90in6[273241X6703.Smm8mm.70in.16in
96784,https://m.media-amazon.com/images/I/619TEvfG7oL.jpg,721542,height,SIZE INFORMATION7.87in17.71in19.68in27.55inSmall Pets
96785,https://m.media-amazon.com/images/I/619TJ9m1H7L.jpg,658003,height,SIZE~ 2 sizes are available3 cm11.5 cm3 cm14.5 cm
96786,https://m.media-amazon.com/images/I/619TKbCOkqL.jpg,823083,height,5.12 inch13 cm4.72 inch12 cm10 inch / 25 cm
96787,https://m.media-amazon.com/images/I/619TP0j8v9L.jpg,784538,depth,50cm / 19.6in
96788,https://m.media-amazon.com/images/I/619TP0j8v9L.jpg,784538,width,50cm / 19.6in
96789,https://m.media-amazon.com/images/I/619TP0j8v9L.jpg,784538,height,50cm / 19.6in
96790,https://m.media-amazon.com/images/I/619TPNmx+OL.jpg,927393,width,SPECM+E3Omm18Z^w/Fa68mmE77mm02 : 14gNITEmJTjE : UkgMJAa+-X : 12mmIzEME : 35v0333-JNiTe)IzES-BINERPENDINGPATENT
96791,https://m.media-amazon.com/images/I/619TPXOB7KL.jpg,652519,height,"nitneMini Tnilla ,143cm"
96792,https://m.media-amazon.com/images/I/619TPXOB7KL.jpg,652519,depth,"nitneMini Tnilla ,143cm"
96793,https://m.media-amazon.com/images/I/619TPXOB7KL.jpg,652519,width,"nitneMini Tnilla ,143cm"
96794,https://m.media-amazon.com/images/I/619TTKhOceL.jpg,849273,depth,MEEDENMEEDEN NEcDENITEM NO:: BG-8001-3ITUDio SOFTSIDE ART PORTFOLIO BAOxford Clotf[2*42inch6OOD813*ICOL0'BLACK
96795,https://m.media-amazon.com/images/I/619TTX06KpL.jpg,567118,width,"84o50601020303888gc8% rel:CHYG R 0THERM0BAROhPa5 in / 12.8 cm1010102010008[828Rabutotwtus]Rahwlnlmt, 35001"
96796,https://m.media-amazon.com/images/I/619TTX06KpL.jpg,567118,height,"84o50601020303888gc8% rel:CHYG R 0THERM0BAROhPa5 in / 12.8 cm1010102010008[828Rabutotwtus]Rahwlnlmt, 35001"
96797,https://m.media-amazon.com/images/I/619TTX06KpL.jpg,567118,depth,"84o50601020303888gc8% rel:CHYG R 0THERM0BAROhPa5 in / 12.8 cm1010102010008[828Rabutotwtus]Rahwlnlmt, 35001"
96798,https://m.media-amazon.com/images/I/619TW-tLJpL.jpg,810266,height,SCHOTTZWIESELTRITANEGlass ProtectKlar & brillantBesonders bruchfest(Pflegehinweise beachten)BesondersspulmaschinenfestMade in GermanyMaBe: 247mm x 100mm
96799,https://m.media-amazon.com/images/I/619TWq5DSnL.jpg,752266,depth,12W1200 LumenD 12cm4000 k
96800,https://m.media-amazon.com/images/I/619TWq5DSnL.jpg,752266,height,12W1200 LumenD 12cm4000 k
96801,https://m.media-amazon.com/images/I/619TbvKjH7L.jpg,459271,height,"7Marches4,18 m3,20 m2,97 m3,14 m1,87 m0,97 m1,14 M0,46 m150 kgStabilisateurmax:12 kg90 cmPlateforme de travail solide et large 33 x 114 cm"
96802,https://m.media-amazon.com/images/I/619TcPRHjKL.jpg,276611,height,"47cm18cmALIR DI50cm63,5cm32m6cm45cm11cmJNult:"
96803,https://m.media-amazon.com/images/I/619TgadW8rL.jpg,784538,depth,5FtSiveSaugls;3Ftlove
96804,https://m.media-amazon.com/images/I/619TjA3KrqL.jpg,529606,depth,4cml1.57inW3g
96805,https://m.media-amazon.com/images/I/619TjA3KrqL.jpg,529606,width,4cml1.57inW3g
96806,https://m.media-amazon.com/images/I/619TmcFp5wL.jpg,860080,width,"Adjustable DesignAdjustable keenand handlebars to fit you well6.9""3.8""33.2""ELENKER18.1""pad"
96807,https://m.media-amazon.com/images/I/619TwzjhpQL.jpg,667319,item_weight,"13.8""23.6""8(0""4.7""MAX USERWEIGHTWEIGHT:22 LBS260 LBSWHAT'S INSIDE0o Tepro""96uW IlpiDo TeerQptttWaverMini2 Loop4 ResistanceRemoteReady; Set, ProVibration PlateBandsBandsControlUser Guide"
96808,https://m.media-amazon.com/images/I/619TwzjhpQL.jpg,667319,maximum_weight_recommendation,"13.8""23.6""8(0""4.7""MAX USERWEIGHTWEIGHT:22 LBS260 LBSWHAT'S INSIDE0o Tepro""96uW IlpiDo TeerQptttWaverMini2 Loop4 ResistanceRemoteReady; Set, ProVibration PlateBandsBandsControlUser Guide"
96809,https://m.media-amazon.com/images/I/619TxKasAeL.jpg,558806,width,IOcmI4 PiecesI7cmNO ASSEMBLED REQUIREDUNIQUE DESIGN & EXCELLENT CHOICE(Ynr
96810,https://m.media-amazon.com/images/I/619TxKasAeL.jpg,558806,depth,IOcmI4 PiecesI7cmNO ASSEMBLED REQUIREDUNIQUE DESIGN & EXCELLENT CHOICE(Ynr
96811,https://m.media-amazon.com/images/I/619TxKasAeL.jpg,558806,height,IOcmI4 PiecesI7cmNO ASSEMBLED REQUIREDUNIQUE DESIGN & EXCELLENT CHOICE(Ynr
96812,https://m.media-amazon.com/images/I/619U+8+rlXL.jpg,911321,item_weight,Small Portable Carry-onThetwo standsweigh about 50gsmall and exquisiteThey can be easily put into trousers pocketsorcan be carried withyou atoffice or onbagshome;They
96813,https://m.media-amazon.com/images/I/619U3L9DQfL.jpg,745387,height,69cm55TableLBS23. 8cmlHcmEach Drawer11LBS77cm3cm47TIIp3. 8cm82cm4OcmTop
96814,https://m.media-amazon.com/images/I/619U5zhpl3L.jpg,611510,width,"100 kg34 cmd 35 cm100 cm75,5 cm29 cm100-1I0 cm75,5 cm39 cm"
96815,https://m.media-amazon.com/images/I/619UDh2npiL.jpg,969033,height,"SIZEMLto 6olbs20*30*6 inchUp to 40lbsXL6.5""t30#42*7.5 inch3Up to 85lbs2736""XXL35*48*8 inchUp to 100lbsUp"""
96816,https://m.media-amazon.com/images/I/619UERQs14L.jpg,416664,depth,"0.9inch(23mm)SPECIFICATIONBase Type: E12 BaseWorking Voltage: ACIZOV[Power: 0.6W(ZW Equivalent)Luminous Intensity: SOLM1Color Temperature: Z700K Soft whiteE12Dimensions: 23mm/0.9'x 55mm/2.1""Base2700k"
96817,https://m.media-amazon.com/images/I/619UHygH8hL.jpg,944936,depth,WEDDING STICKERSWEDDING ENVELOP6.2 in1. 0 in4.3 in5.9 inWEDDING CARDTHANKY 0 UF 0 RB E TN GMY3. 9 inEsezn
96818,https://m.media-amazon.com/images/I/619UIbM2qvL.jpg,180410,height,2.8in4.6in45.7in5.7in
96819,https://m.media-amazon.com/images/I/619UIbM2qvL.jpg,180410,depth,2.8in4.6in45.7in5.7in
96820,https://m.media-amazon.com/images/I/619UMFRqKlL.jpg,478357,height,[6.5cm36cm28cm45cm4OcmI30cm41cm55.ScmiI1cm25.5cm
96821,https://m.media-amazon.com/images/I/619UNyYwrOL.jpg,318770,wattage,15 feetWeight: 3.97 oz.
96822,https://m.media-amazon.com/images/I/619US8Bz8EL.jpg,284992,height,"COSMETICBAG6.7cm/2.6inch16.5cm/6.Sinch23cm/9.1inchMAINPACKAGEMONHOX331Ocm/3.9inch44cml17.3inchB4""AiRE"
96823,https://m.media-amazon.com/images/I/619USygJzOL.jpg,365637,item_weight,"PeepsPEEPSeCREMEwthFlvoredPER ? coones140HEX MSlm AppEARS WHEN OpenedS4MDWCh COOKIES10.7 02 (J039)Eu,4t8P@rorshmallowFLAVORAATEACLALLY"
96824,https://m.media-amazon.com/images/I/619UWT47CsL.jpg,487566,width,"""-30""40""SrooB5Obq "
96825,https://m.media-amazon.com/images/I/619UWT47CsL.jpg,487566,depth,"""-30""40""SrooB5Obq "
96826,https://m.media-amazon.com/images/I/619UYN6NmLL.jpg,640408,height,"Capacity: 9 0z12660.7"" / 1.8cm4A33.5"" / 9cmml49"
96827,https://m.media-amazon.com/images/I/619UYN6NmLL.jpg,640408,width,"Capacity: 9 0z12660.7"" / 1.8cm4A33.5"" / 9cmml49"
96828,https://m.media-amazon.com/images/I/619Uaw6EZhL.jpg,836556,width,Connector compatibilityM3O1.SmmAdapter for Danfoss RA3OmmAdapter for Giacomini ValveAdapter for Caleffi Valve
96829,https://m.media-amazon.com/images/I/619Uaw6EZhL.jpg,836556,depth,Connector compatibilityM3O1.SmmAdapter for Danfoss RA3OmmAdapter for Giacomini ValveAdapter for Caleffi Valve
96830,https://m.media-amazon.com/images/I/619Ui5lcSqL.jpg,675317,width,2.75in2.5inE52.75in4.7in55Hb8Fits most of standard doorsRight-handed doorfLeft-handed doorZin
96831,https://m.media-amazon.com/images/I/619UiJ89rqL.jpg,988675,depth,Threaded designFine airtightness uneasy leakage2.4inchBuilt-In stainless steel0.9inchNon-corrosive & durable
96832,https://m.media-amazon.com/images/I/619UiJ89rqL.jpg,988675,height,Threaded designFine airtightness uneasy leakage2.4inchBuilt-In stainless steel0.9inchNon-corrosive & durable
96833,https://m.media-amazon.com/images/I/619UilHR24L.jpg,231838,depth,SHAMPOOBODY SHOPCONDITIONERDSPLACE BOTLEDUSPLACE BOTTLEDSPLACE BOTTLE[Jlife is full of sweetness andLite Is full of sweetness andJyite is full of sweetness andJowiTor a pure souljoyfor a pure soulUowFor a pure soulLealin to work hard alaLealin tO work hard alndLealn to work hard alrdKehallenge togetherallengetogetherKehallenge togetherThe Most Important tnlngThe Most ImportantThe Most Important (hingTlite is to beJinallte is to be happyJlte is to be5SralS3ooml300ml6.5cm/2.60inaaoshappyhappy
96834,https://m.media-amazon.com/images/I/619UkfAcsyL.jpg,903603,height,"Car Power InverterSmall and flexible,easy to carryMultiple protection functionssurEdOMPortt Iottrict1000w22OvervoltageLow-voltageOver-currentprotectionprotectionprotectionHighShort circuitoverloadPROTECTIONtemperatureprotectionprotectionprotectionInverterSize 166.7*95*55mm"
96835,https://m.media-amazon.com/images/I/619UkgojGgL.jpg,150535,width,4223 CMMHALDI
96836,https://m.media-amazon.com/images/I/619UkgojGgL.jpg,150535,depth,4223 CMMHALDI
96837,https://m.media-amazon.com/images/I/619UlXUb9pL.jpg,339467,depth,2;gW44 cm13.2 in(085g44 cm13.2 in
96838,https://m.media-amazon.com/images/I/619UmwQ2LTL.jpg,445721,item_weight,"PRODUCT DIMENSIONAssembled SizeExternalInternal50""46""W29""252""4138,641 inVolume26 CuftWeight721b2950 inHDPE Resin PanelWaterproofEasy to Clean; UV- resistant; No RustFixing Latch"
96839,https://m.media-amazon.com/images/I/619UuoJOo-L.jpg,464488,height,6.25 inches3.75 inches
96840,https://m.media-amazon.com/images/I/619UuoJOo-L.jpg,464488,depth,6.25 inches3.75 inches
96841,https://m.media-amazon.com/images/I/619V0iYjtcL.jpg,648011,height,INFORMATIONS SUR LE PRODUIT95mmType de base: E27Pouvoir: 4WLumen: 40OLmEntree: 35mATemperature de Couleur : 2200KDuree de Vie: 25000HBrouillard: No142mm1000kGoo0k8000k10000kE272200k
96842,https://m.media-amazon.com/images/I/619V0iYjtcL.jpg,648011,depth,INFORMATIONS SUR LE PRODUIT95mmType de base: E27Pouvoir: 4WLumen: 40OLmEntree: 35mATemperature de Couleur : 2200KDuree de Vie: 25000HBrouillard: No142mm1000kGoo0k8000k10000kE272200k
96843,https://m.media-amazon.com/images/I/619V8KtEs0L.jpg,668889,width,5cm/1.96in3.8cm/1.Sin130 Pcs1.5cm/o.6in51
96844,https://m.media-amazon.com/images/I/619V8KtEs0L.jpg,668889,depth,5cm/1.96in3.8cm/1.Sin130 Pcs1.5cm/o.6in51
96845,https://m.media-amazon.com/images/I/619VB9+1h+L.jpg,453674,width,m26.3cm21cmekau
96846,https://m.media-amazon.com/images/I/619VB9+1h+L.jpg,453674,height,m26.3cm21cmekau
96847,https://m.media-amazon.com/images/I/619VCBBLNrL.jpg,749917,item_weight,Right Handed DesignRecurve Bow DesignMore PowerfulSoft Rubberto Protect Your FingerFlat Design
96848,https://m.media-amazon.com/images/I/619VFoi4aDL.jpg,849273,height,PRODUCt Szze3.5in3.5in7.9in
96849,https://m.media-amazon.com/images/I/619VIk3wBYL.jpg,675317,depth,Inner Ring Diameter:Approx. 22.2mm/0.87in
96850,https://m.media-amazon.com/images/I/619VIk3wBYL.jpg,675317,width,Inner Ring Diameter:Approx. 22.2mm/0.87in
96851,https://m.media-amazon.com/images/I/619VIk3wBYL.jpg,675317,height,Inner Ring Diameter:Approx. 22.2mm/0.87in
96852,https://m.media-amazon.com/images/I/619VMtA-lTL.jpg,558806,depth,2.1 in / 5.5 cm1.1 in / 3.0 cm
96853,https://m.media-amazon.com/images/I/619VMtA-lTL.jpg,558806,width,2.1 in / 5.5 cm1.1 in / 3.0 cm
96854,https://m.media-amazon.com/images/I/619VPmcvp2L.jpg,816782,height,"Rug Form TypeArea RugSize7' 6""x 10' 9""MaterialPolypropylene"
96855,https://m.media-amazon.com/images/I/619VWZZwuYL.jpg,347830,depth,0.7in(18mm)1.7in (45mm)1   2345   6BEEg4.5in78(115mm)8 888186 890k   #
96856,https://m.media-amazon.com/images/I/619VXmxBKBL.jpg,816782,depth,"24""17""CENEROUS SIZE"
96857,https://m.media-amazon.com/images/I/619VYcZCi8L.jpg,695925,depth,9.5 cm6KG3300g082
96858,https://m.media-amazon.com/images/I/619VYcZCi8L.jpg,695925,width,9.5 cm6KG3300g082
96859,https://m.media-amazon.com/images/I/619VeFtBOQL.jpg,549052,height,35cm/13.77in
96860,https://m.media-amazon.com/images/I/619VeFtBOQL.jpg,549052,depth,35cm/13.77in
96861,https://m.media-amazon.com/images/I/619VeFtBOQL.jpg,549052,width,35cm/13.77in
96862,https://m.media-amazon.com/images/I/619VhCH3+WL.jpg,478357,height,14.57 in11.02 in6.69 inLL22.44 in11.81 in13.77 in
96863,https://m.media-amazon.com/images/I/619WFDRyNOL.jpg,931856,height,"56.5"""
96864,https://m.media-amazon.com/images/I/619WFDRyNOL.jpg,931856,depth,"56.5"""
96865,https://m.media-amazon.com/images/I/619WFDRyNOL.jpg,931856,width,"56.5"""
96866,https://m.media-amazon.com/images/I/619WUA3LAmL.jpg,385140,height,77064n13Omm5ControllerSUNUSBoleGIANTSEToliageMCUonifoiFulLDfoigc'8uildmnor35.2in5132mm
96867,https://m.media-amazon.com/images/I/619WVZP5OXL.jpg,929999,width,7.8in (19.Scm)0.Sin(1.4cm)K4Outdoor ball2.8in2.8in[15.6in(39.Scm)Indoor ballMONIFUSADgycasiPICKLEBALLAPPROVED220g4.9in(12cm)
96868,https://m.media-amazon.com/images/I/619Wa3T1aNL.jpg,611510,width,82cml47cm48.5cm
96869,https://m.media-amazon.com/images/I/619Wc92bzPL.jpg,558806,depth,ZinchFaDDSPin{05.1inch
96870,https://m.media-amazon.com/images/I/619Wc92bzPL.jpg,558806,width,ZinchFaDDSPin{05.1inch
96871,https://m.media-amazon.com/images/I/619Wlk5TFSL.jpg,469317,width,inin15.7 in31.5 inin23.6 in35.419.7Sncaly10.2Sincely
96872,https://m.media-amazon.com/images/I/619Wlrpd4PL.jpg,866516,depth,"Material: ResinFeatures: Decorative, Delicate,Fine WorkmanshipSize Details:L: 15cm/5.91""W: 7cm/2.76""H: 10cm/3.94""(Approx )Package Includes:1x Duck Ornament"
96873,https://m.media-amazon.com/images/I/619WmvT3-9L.jpg,558806,depth,3.93in/Ocm3.93in/1cm8Bab3374.13in/10.Scm3.93in/1Ocm4.33in/1lcm00173333.93in/1cm3.93in/1Ocm3.93in/1Ocm8Bd:301Baby
