index,image_link,group_id,entity_name,e
95274,https://m.media-amazon.com/images/I/618aEQlWr6L.jpg,640408,depth,18OMLDISPENSER BOTTLE WITH BRUSHWOBILOO@il Measuring Dispenser18Oml:Dropper and BrushOil Bottle; Measures oll easily:MulcifunctionOilrfffucIou OIl Boing2.3inguqGe21m4'Wo 06?teknzp@DLobbsl
95275,https://m.media-amazon.com/images/I/618aEQlWr6L.jpg,640408,height,18OMLDISPENSER BOTTLE WITH BRUSHWOBILOO@il Measuring Dispenser18Oml:Dropper and BrushOil Bottle; Measures oll easily:MulcifunctionOilrfffucIou OIl Boing2.3inguqGe21m4'Wo 06?teknzp@DLobbsl
95276,https://m.media-amazon.com/images/I/618aH2VimdL.jpg,594224,depth,21cm/8.27inch15cm/5.9inch55)S35cm/13.78inch
95277,https://m.media-amazon.com/images/I/618aLe1uPsL.jpg,470067,height,"5.1""0.6""1.38""7.7""0.79""1.58""1.70""0.95""frirlifa2.83""3.15""SUS 3041.95""0.39""1.73""0HOLE SIZE:1/2(Use a 1/2"" Metal Bit to drill)"
95278,https://m.media-amazon.com/images/I/618aM2gSkuL.jpg,963595,width,"SPECIFIC SIZE015mm / 0.59""208023mm / 0.9"""
95279,https://m.media-amazon.com/images/I/618aM2gSkuL.jpg,963595,depth,"SPECIFIC SIZE015mm / 0.59""208023mm / 0.9"""
95280,https://m.media-amazon.com/images/I/618aSvFC6JL.jpg,501250,height,"GROSSENUBERSICHT300900 Wattwahlen Sie die geeigneteHeizung fur Ihr Zimmer300 Watt,60x50cm,3-5m?580 Watt,9Ox60cm,6-8m?700 Watt,120x60cm,7-9m?900 Watt,120x70cm,9-12m?"
95281,https://m.media-amazon.com/images/I/618aUIMFE8L.jpg,446789,height,35cm204cm96cm31cm2Ocm175.Scm31cm50cm96cm204cm24cm66m31cm28cm192.Scm34cm
95282,https://m.media-amazon.com/images/I/618aUIMFE8L.jpg,446789,height,35cm204cm96cm31cm2Ocm175.Scm31cm50cm96cm204cm24cm66m31cm28cm192.Scm34cm
95283,https://m.media-amazon.com/images/I/618aUVbnzXL.jpg,991868,width,35cm4.8cmH29cm104cm11Ocm1.5cm
95284,https://m.media-amazon.com/images/I/618ayDE4I0L.jpg,683885,height,"10cm/3.93""inches[5{"
95285,https://m.media-amazon.com/images/I/618ayDE4I0L.jpg,683885,depth,"10cm/3.93""inches[5{"
95286,https://m.media-amazon.com/images/I/618ayDE4I0L.jpg,683885,width,"10cm/3.93""inches[5{"
95287,https://m.media-amazon.com/images/I/618azd8hWbL.jpg,192915,height,PRODUCT6DIMENSIONS6.38in/16cm0_NO VISIBLE GAPS64in/lcm
95288,https://m.media-amazon.com/images/I/618bAUtVMrL.jpg,640408,depth,capacity: 650ml13.1S2inch/8cm
95289,https://m.media-amazon.com/images/I/618bQRQK1kL.jpg,126471,depth,"52""28"""
95290,https://m.media-amazon.com/images/I/618bRZLtJML.jpg,945489,width,OFTIDix833.15 inch
95291,https://m.media-amazon.com/images/I/618bRZLtJML.jpg,945489,depth,OFTIDix833.15 inch
95292,https://m.media-amazon.com/images/I/618bVTuR3HL.jpg,292475,width,24 0ZConventional26 0zMaximum6.0 inch!
95293,https://m.media-amazon.com/images/I/618bVTuR3HL.jpg,292475,depth,24 0ZConventional26 0zMaximum6.0 inch!
95294,https://m.media-amazon.com/images/I/618bVTuR3HL.jpg,292475,height,24 0ZConventional26 0zMaximum6.0 inch!
95295,https://m.media-amazon.com/images/I/618bfFVl69L.jpg,120219,width,SIZE9a/p3654in14cmSdm/f1o96i(5.51in)7.5cm(2.95in)14cm(5.51in)18cm/7.08in13
95296,https://m.media-amazon.com/images/I/618bkOeoCbS.jpg,860821,height,"IteXpower'P-8OA3TJl F/+( hl :1O0V~, 50/60HzEJJ : 13017vf: 1.3ARTE330CFMJ-FR: 3mALi53.3kg+rx: 29.2x23.6x31.2cm1157>1 : PPTT)-FI_>:3t0 :=nontienorWttauoFiane"
95297,https://m.media-amazon.com/images/I/618buqe7xhL.jpg,192915,width,PRODUCTDIMENSIONSgF6630.4in/lcm1.3in/3.4cm)4.5in/11.4cmNo Visible Gaps
95298,https://m.media-amazon.com/images/I/618c2OnoMhL.jpg,667819,depth,6. Scm/2.56inch1 . 8cm/0. 7inch0~3/113PUst1!11035161801872511944]'5/81/811
95299,https://m.media-amazon.com/images/I/618c4KrHVTL.jpg,913156,width,PRODUCTS61eZE1.34 inch0.82inch 1.34 inch1.34 inch08x372x37x332.56 inch2.56 inch2.56 inch
95300,https://m.media-amazon.com/images/I/618c4KrHVTL.jpg,913156,depth,PRODUCTS61eZE1.34 inch0.82inch 1.34 inch1.34 inch08x372x37x332.56 inch2.56 inch2.56 inch
95301,https://m.media-amazon.com/images/I/618c6ex-ugL.jpg,838598,width,Total Length:approx. 39cml 15.35inch3.6cm42inch4cm1.58inch
95302,https://m.media-amazon.com/images/I/618c7Fu3pUL.jpg,522832,height,2skewae Iuxun8 feetclotheshangers(96 inch)IndIvIdual DroP-DownMetalRAILeRs MAKes DryingFrame[StuedviletaghQuality PulleyschoRes A BReezeMetalHookPlatefeet(24inch)dry
95303,https://m.media-amazon.com/images/I/618cM9okNVL.jpg,292475,width,32Oz6.7 inchc3'2.9 inch
95304,https://m.media-amazon.com/images/I/618cNspY-3L.jpg,237000,width,81cm61cm81cm
95305,https://m.media-amazon.com/images/I/618cOcriz5L.jpg,648011,width,Dimmable MR16 GU5.3 LED BULBS1.97in (5Omm)DCI2VDimmable1.8lin(46mm)Cexy6RoHSUplightC€1r6e;XV ?8851208RoHSYX ( € RohsXGu5.3 BASE2z
95306,https://m.media-amazon.com/images/I/618cOcriz5L.jpg,648011,depth,Dimmable MR16 GU5.3 LED BULBS1.97in (5Omm)DCI2VDimmable1.8lin(46mm)Cexy6RoHSUplightC€1r6e;XV ?8851208RoHSYX ( € RohsXGu5.3 BASE2z
95307,https://m.media-amazon.com/images/I/618cOcriz5L.jpg,648011,height,Dimmable MR16 GU5.3 LED BULBS1.97in (5Omm)DCI2VDimmable1.8lin(46mm)Cexy6RoHSUplightC€1r6e;XV ?8851208RoHSYX ( € RohsXGu5.3 BASE2z
95308,https://m.media-amazon.com/images/I/618cQvnh2QL.jpg,801829,depth,"40""18.87""23.5"""
95309,https://m.media-amazon.com/images/I/618cQvnh2QL.jpg,801829,height,"40""18.87""23.5"""
95310,https://m.media-amazon.com/images/I/618cSwusg8L.jpg,579652,height,"18.6""Max Loading Weight 20LB12.6""6.8"""
95311,https://m.media-amazon.com/images/I/618ch4urJfL.jpg,784538,depth,6.0 CMLFC.30 CM
95312,https://m.media-amazon.com/images/I/618ch4urJfL.jpg,784538,width,6.0 CMLFC.30 CM
95313,https://m.media-amazon.com/images/I/618ch4urJfL.jpg,784538,height,6.0 CMLFC.30 CM
95314,https://m.media-amazon.com/images/I/618cmtOCv2L.jpg,648011,height,DIMENSIONS32mmzVoltage220-240V 50/60HzBrightness806 ImWattageLED 7W185mmInstant startLifespanE2715000 hBASE
95315,https://m.media-amazon.com/images/I/618cmtOCv2L.jpg,648011,depth,DIMENSIONS32mmzVoltage220-240V 50/60HzBrightness806 ImWattageLED 7W185mmInstant startLifespanE2715000 hBASE
95316,https://m.media-amazon.com/images/I/618cpG9nz+L.jpg,892291,wattage,30mm118 inchPortable 4 in 1 PackageCar Charger & WallCharger & Type C Cable6Omm2.36 inch1Q08<81930.6.6ft6.6ft81186mm1.20inch
95317,https://m.media-amazon.com/images/I/618cpG9nz+L.jpg,892291,item_weight,30mm118 inchPortable 4 in 1 PackageCar Charger & WallCharger & Type C Cable6Omm2.36 inch1Q08<81930.6.6ft6.6ft81186mm1.20inch
95318,https://m.media-amazon.com/images/I/618cqGxSO9L.jpg,183388,height,20cm34cm50cm
95319,https://m.media-amazon.com/images/I/618crDflReL.jpg,784538,depth,OVcomhthabgh Jutnbngs onlcunuS otinch2OinchLOinchcfhundnudep(
95320,https://m.media-amazon.com/images/I/618csOO2waL.jpg,150535,depth,"CHARITY LEAFPerfect forTABLEWARE MADE FROM LEAVESRestaurantsCafesCatered events13""13""USDACERTIFIEDBIOBASEDPRODUCTPRODUCT 100%"
95321,https://m.media-amazon.com/images/I/618csOO2waL.jpg,150535,width,"CHARITY LEAFPerfect forTABLEWARE MADE FROM LEAVESRestaurantsCafesCatered events13""13""USDACERTIFIEDBIOBASEDPRODUCTPRODUCT 100%"
95322,https://m.media-amazon.com/images/I/618cxOx-IfL.jpg,983323,wattage,12V Cooling FanSpecially designed for Makerbot SD printers&101MADE INC
95323,https://m.media-amazon.com/images/I/618cxOx-IfL.jpg,983323,voltage,12V Cooling FanSpecially designed for Makerbot SD printers&101MADE INC
95324,https://m.media-amazon.com/images/I/618cxxURLpL.jpg,272691,item_weight,4OOKG loadtheotongthout 360 degree smoothfreezing
95325,https://m.media-amazon.com/images/I/618cxxURLpL.jpg,272691,maximum_weight_recommendation,4OOKG loadtheotongthout 360 degree smoothfreezing
95326,https://m.media-amazon.com/images/I/618cz0W1kRL.jpg,625310,item_weight,soowMAX
95327,https://m.media-amazon.com/images/I/618d0r3Oh9L.jpg,625310,item_weight,Powerful PerformanceTotal 3OW powerful drivers and passive bass radiators configurationcombine to deliver clear stereo sound
95328,https://m.media-amazon.com/images/I/618d1QA7YIL.jpg,844474,depth,USB CHARGINGDESIGN015.6inchWaterproof2.98poundLaptopMultipleBreathableCharging portpocketsBAraeNvaConnect your own powerConnect your phone outsidebank in the backpack6.3INCH12.6INCH
95329,https://m.media-amazon.com/images/I/618d1QA7YIL.jpg,844474,width,USB CHARGINGDESIGN015.6inchWaterproof2.98poundLaptopMultipleBreathableCharging portpocketsBAraeNvaConnect your own powerConnect your phone outsidebank in the backpack6.3INCH12.6INCH
95330,https://m.media-amazon.com/images/I/618d4ccJWML.jpg,311997,height,3065cm
95331,https://m.media-amazon.com/images/I/618d4ccJWML.jpg,311997,depth,3065cm
95332,https://m.media-amazon.com/images/I/618d4x4l-bL.jpg,668667,depth,EACH ROLL IS:20.8INCHES(W) X 33 FEET(L) = 57 SQ.FEET(WIDTH)~0.53m1Om( +3%)(TOTALLENGTH)
95333,https://m.media-amazon.com/images/I/618d4x4l-bL.jpg,668667,height,EACH ROLL IS:20.8INCHES(W) X 33 FEET(L) = 57 SQ.FEET(WIDTH)~0.53m1Om( +3%)(TOTALLENGTH)
95334,https://m.media-amazon.com/images/I/618d7a2G+tL.jpg,682898,width,35mml4mm20mmREETEE30mmh6mm28mmNote: Check the mold size and it can be used as long asyour brakeis the same as ours.pad
95335,https://m.media-amazon.com/images/I/618d826Tq+L.jpg,296953,width,PRODUCT SIZE7326cm/10.2in41cm/16.2Iin
95336,https://m.media-amazon.com/images/I/618d9sM-3dL.jpg,208023,height,"Icm13x18 cm(9x 13indes35r51hamainches5,7550[Utio#mrTke"
95337,https://m.media-amazon.com/images/I/618d9sM-3dL.jpg,208023,width,"Icm13x18 cm(9x 13indes35r51hamainches5,7550[Utio#mrTke"
95338,https://m.media-amazon.com/images/I/618dBe8qQNL.jpg,396026,width,"Petit et compact33cm8.5cmJACOB'S CREEK(Bannat lelectioCompatible avec lesbouteilles de 8,5cm2017CHARDONNAYde diametremaximum; Hauteurjusqu'0 33cm"
95339,https://m.media-amazon.com/images/I/618dC2YCc8L.jpg,589105,width,"RylkCARRIER BAGSThese vest plastic carrier bags are waterproof,which helps to protect the items inside from getting wet2117'11"
95340,https://m.media-amazon.com/images/I/618dC2YCc8L.jpg,589105,depth,"RylkCARRIER BAGSThese vest plastic carrier bags are waterproof,which helps to protect the items inside from getting wet2117'11"
95341,https://m.media-amazon.com/images/I/618dEBRdzLL.jpg,866516,height,4cmScm9cm3cmScnk 09.Scm
95342,https://m.media-amazon.com/images/I/618dGILU2uL.jpg,886344,height,PRODUCT SIZE AND COMPONENT9.09 Inch61.14 Inch15Included06All mounting hardware and DIY instructions included
95343,https://m.media-amazon.com/images/I/618dGILU2uL.jpg,886344,width,PRODUCT SIZE AND COMPONENT9.09 Inch61.14 Inch15Included06All mounting hardware and DIY instructions included
95344,https://m.media-amazon.com/images/I/618dHlMkMhL.jpg,853009,height,41cm33cm25cmvoltarfrentelado
95345,https://m.media-amazon.com/images/I/618dJRW2h1L.jpg,916768,height,"6pcs36 PIECES SET5 DIFFERENT SIZES4.3""6.16pcs6pcs4.3""bpcs4.3""12pcs11.6""4.3""6.1'3.7""8.1""5.1""5.9'3.5""1.9""2.8L /2.5qtx62L / 1.8qtx61.4L / 1.3qtX60.8L / 0.7qtx6(0.52L/0.45qtx12]550263.3507270128.1607430z"
95346,https://m.media-amazon.com/images/I/618dKKcV66L.jpg,932012,depth,"83cmTf""0079cm9"
95347,https://m.media-amazon.com/images/I/618dKKcV66L.jpg,932012,width,"83cmTf""0079cm9"
95348,https://m.media-amazon.com/images/I/618dLoU1NFL.jpg,278850,depth,"J>wszNFD-SM0683mmU30mmF1jz-3+1X""3718.5xh53.3mm25.10.24,7"
95349,https://m.media-amazon.com/images/I/618dLoU1NFL.jpg,278850,height,"J>wszNFD-SM0683mmU30mmF1jz-3+1X""3718.5xh53.3mm25.10.24,7"
95350,https://m.media-amazon.com/images/I/618dNWCRqVL.jpg,752266,height,.14.5cm _19.Scm83180818080903606.5cm
95351,https://m.media-amazon.com/images/I/618dT0LBjeL.jpg,149159,height,SIZE&SPEC370mm320mm245mmMERujOEL)(ZmymJ_R?_)0E :850gb5_:40wae@IVFJbTb-@2 : A4)nekskal Asabd
95352,https://m.media-amazon.com/images/I/618dTfEc4sL.jpg,611510,width,"30.5""24.5""19""18 ""Perfect for Small Spaces18in (W) x 19in (D)X30.5in (H)Weight Limit: 250 lbs."
95353,https://m.media-amazon.com/images/I/618dVW74t5L.jpg,675317,height,SIZE AND QUANTITYM6J4Pcs4PcsIPcs6^2Pcs100mm/3.94in1Smm/o.88L/wwseeuie !120mm/4:Zin140mm/5.Sin7
95354,https://m.media-amazon.com/images/I/618dcnu1BBL.jpg,478357,width,Size80 kg176 Ib131.5kg3.3lb18cm7in42cm/16.5in41cm/16in41cm/16inE3
95355,https://m.media-amazon.com/images/I/618ddZcF4fL.jpg,521308,width,"67.91""Front33.07""Back<<<<22.83""7.48""Small Size700lbsfor Small SpaceNotice: Please confirm the size before order30.31"""
95356,https://m.media-amazon.com/images/I/618dgD-giSL.jpg,483370,width,L
95357,https://m.media-amazon.com/images/I/618dgD-giSL.jpg,483370,depth,L
95358,https://m.media-amazon.com/images/I/618dgD-giSL.jpg,483370,height,L
95359,https://m.media-amazon.com/images/I/618djD0m4-L.jpg,130202,width,"+{ X150mmbest41,00210mmEXTRASVanillaStrawberryChocolateWalnutPistachioCookie DoughMapleEXTRAToPPinGs150mm60mmi"
95360,https://m.media-amazon.com/images/I/618dk2eWjTL.jpg,416664,width,"9.25 inch2.7 inchAQUANEAT""11 inchAQUANEAT""16 inch"
95361,https://m.media-amazon.com/images/I/618dxdcTizS.jpg,347404,width,5O0mlI1cm/4.33inches8.2cm/3.22inches8.6cm/3.38inches
95362,https://m.media-amazon.com/images/I/618dzErQHoL.jpg,759408,width,3.2 inch8.2 cmT0.6 inch11.5 cm6.4 inch16.2 cmSizeLfor iphone 8 plusTplusIXs max1
95363,https://m.media-amazon.com/images/I/618dzVLh54L.jpg,549052,depth,Rechargeable Battery & USB ChargingUse SV/IA adapter onlyRechargeable batteryoType-C(included)2.8 in
95364,https://m.media-amazon.com/images/I/618dzVLh54L.jpg,549052,height,Rechargeable Battery & USB ChargingUse SV/IA adapter onlyRechargeable batteryoType-C(included)2.8 in
95365,https://m.media-amazon.com/images/I/618e-nn9zlL.jpg,823083,width,"Product Dimension9.Tinch8.3inch3.7inch5.SinchMeasures 5.5""Lx3.7""Wx9.1""HWeights0.8PoundsPerfect size for your deskpatio,yard or gardenLlullu"
95366,https://m.media-amazon.com/images/I/618e-nn9zlL.jpg,823083,height,"Product Dimension9.Tinch8.3inch3.7inch5.SinchMeasures 5.5""Lx3.7""Wx9.1""HWeights0.8PoundsPerfect size for your deskpatio,yard or gardenLlullu"
95367,https://m.media-amazon.com/images/I/618e8oc56KL.jpg,982714,height,"17""17*"
95368,https://m.media-amazon.com/images/I/618e9aGSxSL.jpg,386873,item_weight,"6.7 inch ultra HD screenNot onlyabroader visual experience,but also has extraordinary bright colors and amazing claritybrings"
95369,https://m.media-amazon.com/images/I/618eGGQikbL.jpg,536334,width,MAKE IN INDIA3.5 inch5.5 inch1.5 inch
95370,https://m.media-amazon.com/images/I/618eI01gtkL.jpg,752266,width,"4.53""2.52""'11.5cm)(6.4cm)6.5""5.51""(14cm)(16.5cm)11.77(29.9cm)9.56""(24.3cm)Free Bulb4.8""4.8""(12.Zcm)(12.2cm)Product DetailsColorPowerVoltageWattageSt64 LED BulbMattle BlackCorded-Electric110V-120V6OW MAX6W 2700K 700lm"
95371,https://m.media-amazon.com/images/I/618eOGLtceL.jpg,341157,height,4R14888pip8]90ANOHd2.8cm/1.Tinch
95372,https://m.media-amazon.com/images/I/618eOGLtceL.jpg,341157,depth,4R14888pip8]90ANOHd2.8cm/1.Tinch
95373,https://m.media-amazon.com/images/I/618eOLh-SML.jpg,648011,depth,"Product Size250 watts120 volts5""Good lighttransmissionperformance5Energy saving3High heatconversion rate1.03'"
95374,https://m.media-amazon.com/images/I/618eOfA9SpL.jpg,653767,depth,"18""18"""
95375,https://m.media-amazon.com/images/I/618eROd-atL.jpg,521194,width,"#7IzXuoms-Zuh (EF^-vajy""f !FOR6U)""9TJ1AzxlahwMONTHS2=:3OaZkaak114870 A YFor7mm3=:=7210mmSTUD}PLANNINGOeudsyIctebookIDAYDiTenDIpresewtIUtutf"
95376,https://m.media-amazon.com/images/I/618eROd-atL.jpg,521194,depth,"#7IzXuoms-Zuh (EF^-vajy""f !FOR6U)""9TJ1AzxlahwMONTHS2=:3OaZkaak114870 A YFor7mm3=:=7210mmSTUD}PLANNINGOeudsyIctebookIDAYDiTenDIpresewtIUtutf"
95377,https://m.media-amazon.com/images/I/618eWz+xRpL.jpg,861555,height,1!22.2cm
95378,https://m.media-amazon.com/images/I/618eiBc89yL.jpg,219199,width,MaitrhME: 66+40JZ5VVzdmawaR220C28.5cmFJJTEItEa it :9.5cm14.5x28x6.5cm
95379,https://m.media-amazon.com/images/I/618ej0vPqtL.jpg,970563,height,"15.75'9.5""28""1,18""0.5cm/1/4""@ 1cm/3/8""15""3"
95380,https://m.media-amazon.com/images/I/618elIHztuS.jpg,816782,depth,83160 cm
95381,https://m.media-amazon.com/images/I/618elIHztuS.jpg,816782,width,83160 cm
95382,https://m.media-amazon.com/images/I/618emsY-YhL.jpg,944936,depth,PRODUCT PACKAGING SIZE6inchesPLEASELEAVEYOURaluxene %uslsALWAYSJNEVERREMEMBERDON'TFORGETTO_MY WISH FOR YOUei? @x25ADVICE AND WISHES CARDS
95383,https://m.media-amazon.com/images/I/618emsY-YhL.jpg,944936,height,PRODUCT PACKAGING SIZE6inchesPLEASELEAVEYOURaluxene %uslsALWAYSJNEVERREMEMBERDON'TFORGETTO_MY WISH FOR YOUei? @x25ADVICE AND WISHES CARDS
95384,https://m.media-amazon.com/images/I/618emsY-YhL.jpg,944936,width,PRODUCT PACKAGING SIZE6inchesPLEASELEAVEYOURaluxene %uslsALWAYSJNEVERREMEMBERDON'TFORGETTO_MY WISH FOR YOUei? @x25ADVICE AND WISHES CARDS
95385,https://m.media-amazon.com/images/I/618ena8boJL.jpg,192915,depth,PRODUCT DIMENSIONSWith Screws5.09inchONRounded Edges3.14 inch
95386,https://m.media-amazon.com/images/I/618ena8boJL.jpg,192915,height,PRODUCT DIMENSIONSWith Screws5.09inchONRounded Edges3.14 inch
95387,https://m.media-amazon.com/images/I/618erk5ZPNL.jpg,907907,depth,11~053112mm / 4.4in
95388,https://m.media-amazon.com/images/I/618evdphHoL.jpg,396159,width,"IiglloSize: L13.8""(3Scm)17.7""[4Scm]47.22""(IzOcm]37.4""(9Scm)"
95389,https://m.media-amazon.com/images/I/618ex04CulL.jpg,861555,width,Product Size116.9inch2.7inch
95390,https://m.media-amazon.com/images/I/618ezNBsPvL.jpg,150535,height,PRODUCT INFORMATIONDURABLEAND HELATHY FOR DAILY USECONTAINS:6pcs10 inch0.9 inch8.7 inchLEAD-FREEFREEZER SAFESPACE SAVING00DISHWASHER SAFEMICROWAVE SAFEOVEN SAFE
95391,https://m.media-amazon.com/images/I/618ezNBsPvL.jpg,150535,width,PRODUCT INFORMATIONDURABLEAND HELATHY FOR DAILY USECONTAINS:6pcs10 inch0.9 inch8.7 inchLEAD-FREEFREEZER SAFESPACE SAVING00DISHWASHER SAFEMICROWAVE SAFEOVEN SAFE
95392,https://m.media-amazon.com/images/I/618f+l280fL.jpg,599772,depth,"~15""36"""
95393,https://m.media-amazon.com/images/I/618f+l280fL.jpg,599772,width,"~15""36"""
95394,https://m.media-amazon.com/images/I/618f2WNMFbL.jpg,347404,width,Plants Not Included2Le suleil bri leret83~[lezie' bleupuvetlReTemps Riche2.5 inch6.0 inchqui
95395,https://m.media-amazon.com/images/I/618f3TDvDdL.jpg,242256,depth,FITMOST FLAGSAdjustable Gromments2X3FT3XSFT4X6FT
95396,https://m.media-amazon.com/images/I/618fP4niljL.jpg,659650,width,SIZE INFORMATIONIN)In)Simple and Elegant Marble BaseEach marble has different textures22IN)]87 IN)29194 IN)218Omm(718Omm(7145mm(5.71191mm(7.5 IN)I149mm(5.[151mm(5.
95397,https://m.media-amazon.com/images/I/618fPvXrMIL.jpg,333059,width,"31.5""15.7""JoytMat Size7.9""Jovt= 9.8"""
95398,https://m.media-amazon.com/images/I/618fStsXxaL.jpg,784538,depth,SOFT CANVAS MATERIALWater proof1Frame not includedPrinted on high quality CanvasEVANESCENCE '16x24INCHES16inch
95399,https://m.media-amazon.com/images/I/618fStsXxaL.jpg,784538,width,SOFT CANVAS MATERIALWater proof1Frame not includedPrinted on high quality CanvasEVANESCENCE '16x24INCHES16inch
95400,https://m.media-amazon.com/images/I/618fWsWOQWL.jpg,368364,depth,1132HOLEsBUBBLE{MACHINE10.2inchBubbleBubbleRechargeableUSB ChargingUExtra BubbleSolution x2Tray xlBattery xlCableXlSolution x2o41111177779
95401,https://m.media-amazon.com/images/I/618fYbJoUbL.jpg,679049,height,Shaft length35.5 inch aluminum alloy shaft suitable fordifferent height of transomShaft length35.Sinch(9Ocm)Available shaft length24.6inch(62.5cm)
95402,https://m.media-amazon.com/images/I/618fYbJoUbL.jpg,679049,width,Shaft length35.5 inch aluminum alloy shaft suitable fordifferent height of transomShaft length35.Sinch(9Ocm)Available shaft length24.6inch(62.5cm)
95403,https://m.media-amazon.com/images/I/618fYbJoUbL.jpg,679049,depth,Shaft length35.5 inch aluminum alloy shaft suitable fordifferent height of transomShaft length35.Sinch(9Ocm)Available shaft length24.6inch(62.5cm)
95404,https://m.media-amazon.com/images/I/618fbv+exJL.jpg,396159,depth,I9110cm/43.3in
95405,https://m.media-amazon.com/images/I/618fmZ9HORS.jpg,801829,height,"20.6""S-RACZRCE30.5""10.7""12.3""14.333.5"""
95406,https://m.media-amazon.com/images/I/618fsYweePL.jpg,675680,depth,140cm/15.7in
95407,https://m.media-amazon.com/images/I/618fsYweePL.jpg,675680,height,140cm/15.7in
95408,https://m.media-amazon.com/images/I/618fzSHyfAL.jpg,436746,width,8987.86 in / 20 cm
95409,https://m.media-amazon.com/images/I/618fzSHyfAL.jpg,436746,height,8987.86 in / 20 cm
95410,https://m.media-amazon.com/images/I/618fzSHyfAL.jpg,436746,depth,8987.86 in / 20 cm
95411,https://m.media-amazon.com/images/I/618g1h1mO+L.jpg,866516,depth,40mm1.57inS0mm1.96in120mm125mm4.72in4.92inWeigh: 50gWeigh: 46g
95412,https://m.media-amazon.com/images/I/618g7JUEobL.jpg,764618,depth,Product Size31.5cm/12.4in[5Suitable for USACA license plateNotice:We recommend that you measure before you purchase tomake sure that the upper lip of the frame does not cover the statename oflicense.your
95413,https://m.media-amazon.com/images/I/618g7JUEobL.jpg,764618,width,Product Size31.5cm/12.4in[5Suitable for USACA license plateNotice:We recommend that you measure before you purchase tomake sure that the upper lip of the frame does not cover the statename oflicense.your
95414,https://m.media-amazon.com/images/I/618gEhTU4ZL.jpg,653767,width,18 inch / 45 cm6263Back View
95415,https://m.media-amazon.com/images/I/618gEhTU4ZL.jpg,653767,height,18 inch / 45 cm6263Back View
95416,https://m.media-amazon.com/images/I/618gEhTU4ZL.jpg,653767,depth,18 inch / 45 cm6263Back View
95417,https://m.media-amazon.com/images/I/618gIMEa1UL.jpg,652661,depth,PRODUCT SIZESmallLight0to carry8Easy
95418,https://m.media-amazon.com/images/I/618gIMEa1UL.jpg,652661,width,PRODUCT SIZESmallLight0to carry8Easy
95419,https://m.media-amazon.com/images/I/618gKkfYXKS.jpg,104874,height,FATOYOURPERSONAL TABLE STYLIST2PLY1/4FOLDED38 CM40NAPKINS38 CM
95420,https://m.media-amazon.com/images/I/618gKkfYXKS.jpg,104874,width,FATOYOURPERSONAL TABLE STYLIST2PLY1/4FOLDED38 CM40NAPKINS38 CM
95421,https://m.media-amazon.com/images/I/618gKkfYXKS.jpg,104874,depth,FATOYOURPERSONAL TABLE STYLIST2PLY1/4FOLDED38 CM40NAPKINS38 CM
95422,https://m.media-amazon.com/images/I/618gd-H3fyL.jpg,844474,depth,BrctIc hunterIndependentComputerCompartment15.6 Inch Computer11 Inch IpadBrctic hunterTie RodFixing BeltFixed Trolley CaseTravel With Ease
95423,https://m.media-amazon.com/images/I/618gd-H3fyL.jpg,844474,height,BrctIc hunterIndependentComputerCompartment15.6 Inch Computer11 Inch IpadBrctic hunterTie RodFixing BeltFixed Trolley CaseTravel With Ease
95424,https://m.media-amazon.com/images/I/618gd-H3fyL.jpg,844474,width,BrctIc hunterIndependentComputerCompartment15.6 Inch Computer11 Inch IpadBrctic hunterTie RodFixing BeltFixed Trolley CaseTravel With Ease
95425,https://m.media-amazon.com/images/I/618gfCVC0vL.jpg,295706,height,8I1in /7.94cm2.95 in / 7.520.2cm
95426,https://m.media-amazon.com/images/I/618ggHH6BFL.jpg,178958,width,HOOOmmStorageCompartment:H420 x W580xD3OOmmD3OOmmWZOOmm
95427,https://m.media-amazon.com/images/I/618ggHH6BFL.jpg,178958,height,HOOOmmStorageCompartment:H420 x W580xD3OOmmD3OOmmWZOOmm
95428,https://m.media-amazon.com/images/I/618ghTNt9uL.jpg,916768,height,"12.5'13""6.5"""
95429,https://m.media-amazon.com/images/I/618gj2K-sJS.jpg,403664,width,"2 Cappuccino350 ML1Milchkaffee / Caffe Latte200z18542ca: 9 cmca: 7,5 cmsaml"
95430,https://m.media-amazon.com/images/I/618gj2K-sJS.jpg,403664,height,"2 Cappuccino350 ML1Milchkaffee / Caffe Latte200z18542ca: 9 cmca: 7,5 cmsaml"
95431,https://m.media-amazon.com/images/I/618gmrKtSUL.jpg,452717,height,4omm1!700mmwardrobe depthThis clothes rail is suitable forwardrobes and cloakrooms withadepth greater thanFKKPRVAX350mm/13.7inch136mm40mm36mm350mm13.7inch
95432,https://m.media-amazon.com/images/I/618gnMMMkYL.jpg,126471,height,"CuauTtneeoedEUROPEENNE -140x190 cmProtegeLAIRMatelasFORME HOUSSEBOUCLETTE MICROFIBREIMPERMEABLE ET EXTENSIBLESensation dearconfort et de douceurElle esthummidite nrest pas stodkee;Vousoualoome de vapeur @""eau ,etes touujjours au S2C,AbsorbantKamiedez foustvacdlus absorbonte que le cotonImpermeableicroflbre(Flm PolyuretheneBonnets ExtensiblesExtensibleFacile d enfiler(Bonmets e tensiblJerseyEntretien FacileRapide etrepassage inutlle0X0anZlairNuit pariaiteRESPIRANT .LAISSECIRCULER LevacueeDe SU5 -PalyesterDessou;utelasSechguOtotectbo"
95433,https://m.media-amazon.com/images/I/618guPuPBNS.jpg,243137,depth,5ft5ftVUWLWIthe rod pocket circumference is 5.5 incheseasy to hangWashable7ftIronable
95434,https://m.media-amazon.com/images/I/618guPuPBNS.jpg,243137,width,5ft5ftVUWLWIthe rod pocket circumference is 5.5 incheseasy to hangWashable7ftIronable
95435,https://m.media-amazon.com/images/I/618gyazqRcL.jpg,275506,item_weight,YEAR2 VEARRANTYSHOKZSHOKZOPENRUNBONE CONDUCTIONSPORT HEADPHONESBLUEOpon-Ear Dosign Powerodby Bonc Conduction TcchnologyCancapiion doroilla OLvere Qlimanlce pareLochnologie daconduclcnOYsCu;dDesignOrccC WJDOMLcan lacnolagidccukclulono cg50OlenasOnr-Desigr ml KnochenleilungslechnologiaDisono dg Orejo obigrlo respaldodo por tacroleyio dg conduccion OggoCesanha da orellaaboracom lochologin de canoucoo O3380Opeir-Ooi Ontie p AdngedievenLGOI Eclugiyidinugicchnc oiGPremiumPitch 20+w Stereo SoundIP67 WaterproofLightweight 26gPrcmilimpicnz0tSc0 stcrcoWaterprootCertifie IP6/26gAuclio stereo Premivmpitch ?0+Impermenoila P6/POSOIcggoroHche Klangquolitat clurch Premiuimpitch %+WcisserfestLolchtgc  icht 2695e(e0 *oundPesolgoro :Sanido Storao Premiumpitch)0-Ipa?pravadd oguOPesa Icvcd?269Som Gstarcd PronMmpich70+IPG? wateLlchtgowvicht 26gPremiumPitch ? 0+ storaageluidHours of MusicCallsFull Titanium Framc for Sccurc FitQuick Chargchords clomusicaIlamoclu;cocrepcurun ojustement eurCharge rcipideMLsicochiumuloIcicic=ticoniccomp cto per un aclaitamento socuroCOncorodidoStunciciLArVomicintonmenEicherensitzSchnellas IcidenHOCos #USICOLlomodosfEce titonio completo parauIn rijuste z8o4r0rapidohnorcs CCMuSicCCndmcodcstn inurgda Tianoiotonaroajusto seguroRrir doUilIT Muzice 6gesprekstijaValladiqTitonuum Tramovoor Itovig? pozvomSnel opladanBacklogor29slne289TttonItorM<caleacalga
95436,https://m.media-amazon.com/images/I/618h+pCf4rL.jpg,758128,height,237cm300 cm300 cm
95437,https://m.media-amazon.com/images/I/618h+pCf4rL.jpg,758128,width,237cm300 cm300 cm
95438,https://m.media-amazon.com/images/I/618h0rtO+YL.jpg,801829,height,24.9in330lbsHolds Over 330lbs23.3in13in19.7in34.3in23.6in20in23.2in16.1in32.3in
95439,https://m.media-amazon.com/images/I/618h5wJ8BHL.jpg,142748,height,ER{J9OmEix{J116002{354g
95440,https://m.media-amazon.com/images/I/618h5wJ8BHL.jpg,142748,depth,ER{J9OmEix{J116002{354g
95441,https://m.media-amazon.com/images/I/618h7biK3QL.jpg,276611,width,"HU38.5""22""24""WEIGHT LIMIT: TOP MAX WEIGHT: 25 LB:DRAWER MAX WEIGHT: 20 LB_"
95442,https://m.media-amazon.com/images/I/618h7biK3QL.jpg,276611,height,"HU38.5""22""24""WEIGHT LIMIT: TOP MAX WEIGHT: 25 LB:DRAWER MAX WEIGHT: 20 LB_"
95443,https://m.media-amazon.com/images/I/618hAxgQhFL.jpg,693845,height,Product Size50cm20c74cm44cmRSVAEfw4722
95444,https://m.media-amazon.com/images/I/618hDZQEgsL.jpg,237000,depth,CHAISE LONGUE230270 cm240 cm80150cm8OcmIZQUIERDA 240LEFT 240cm
95445,https://m.media-amazon.com/images/I/618hEMFRD-L.jpg,141308,height,22cm / 8.7in13cm / 5.1inRmBAG32cm12.6in93cm736.6in7
95446,https://m.media-amazon.com/images/I/618hEMFRD-L.jpg,141308,width,22cm / 8.7in13cm / 5.1inRmBAG32cm12.6in93cm736.6in7
95447,https://m.media-amazon.com/images/I/618hFJrby-L.jpg,728511,depth,DIMENSIONS220 mmCOLLINSCGVMR 1042FLaautJ022023 |JANUARYMOndATTUESDATWEONESOAYTAURSOATFaIQAYSATUFDASukoat301p23NOVDECAUGSEPOcIJUnJJUlMAYJaNFEBDesk Size220 x 175mm8.66x 6.89 inAPRMAR
95448,https://m.media-amazon.com/images/I/618hO8ZFrqL.jpg,693845,width,50KG2.8KGIlf fij dAlKH27CMSOCM28-35CMSuCM7OCM5OCM28~35CM66cM'0a0042u6MeicheprO
95449,https://m.media-amazon.com/images/I/618hPy8FqjL.jpg,838598,depth,Size Information60cm23. 6in5cm1.9in2Omm
95450,https://m.media-amazon.com/images/I/618hPy8FqjL.jpg,838598,height,Size Information60cm23. 6in5cm1.9in2Omm
95451,https://m.media-amazon.com/images/I/618hTZ6GfaL.jpg,810266,width,"Telescopicstraw3.5""8=3382.7"
95452,https://m.media-amazon.com/images/I/618hWrmOaCL.jpg,492950,height,680[g714cm/5.51inJUENSToDJUrNS13cm/5.1in
95453,https://m.media-amazon.com/images/I/618hXCC3HrL.jpg,752266,width,"40cm/15.74in3.4cm/1.3in6cm/2.36inHohverstellbarHohverstellbarSchrift 1150cm/59inDrucken Sie mit Ihreroder FingernageldenStift in das Deckenbaldachin: Dadurch wird derKabelverriegelungsmechanismus gelost:Schrift 2Wahrend Sie den Stift festhalten,ziehen SiedasKabel einfach nach unten(oder drucken es nachoben):4_Scm[4.5cm10Ocm/39.37inFinger"
95454,https://m.media-amazon.com/images/I/618hbbfUFJL.jpg,382782,width,259mm65X4inch1X?-PEN9mm
95455,https://m.media-amazon.com/images/I/618heOpnBoL.jpg,396159,width,X230cm*60cmX230cm*30cm
95456,https://m.media-amazon.com/images/I/618heOpnBoL.jpg,396159,height,X230cm*60cmX230cm*30cm
95457,https://m.media-amazon.com/images/I/618hfixj11L.jpg,640408,width,Product Size17cm3.9cm3cm5Stainless steel1funnel5333.Scm9Stainless steelspoutWaterproofSlabel stickerOil spoutGlass bottlebrushScm/2in5.Scm/2in
95458,https://m.media-amazon.com/images/I/618hfixj11L.jpg,640408,height,Product Size17cm3.9cm3cm5Stainless steel1funnel5333.Scm9Stainless steelspoutWaterproofSlabel stickerOil spoutGlass bottlebrushScm/2in5.Scm/2in
95459,https://m.media-amazon.com/images/I/618hr3kvOKL.jpg,801829,width,"NurtureeHEIGHT:42.1""encion|SEAT DEPTH:20.5""ARM WIDTH: 5.3""SEAT WIDTH:ARM HEIGHT22.4""SEATFROMHEIGHT:FLOOW:20.0""24.8""DEPTH: 38.2""WIDTH: 33.3"""
95460,https://m.media-amazon.com/images/I/618hrINkFqL.jpg,639090,item_weight,Cweamy3 cLassICNEM3 CHOCOLATEBANANAS FosteR3 cafe AU Lait~AuntCREOLE PRALINES6REAMySINc{ 492512NET WT 18 OZAsSoRTED12 . 1.5 0Z(1LB 2 02) (510 G)FlavoRSPRALINESHandmadE0RLCANSSALLrsIlinesPral
95461,https://m.media-amazon.com/images/I/618huOGapsL.jpg,120219,height,PRODUCT SIZE16.14in15.82in12.28.74in10.62in16.14in12.99in12.O0in123.OOin3.93inOOin93in
95462,https://m.media-amazon.com/images/I/618i+LjLh0L.jpg,810266,depth,8.5cm7.5cm
95463,https://m.media-amazon.com/images/I/618i+LjLh0L.jpg,810266,width,8.5cm7.5cm
95464,https://m.media-amazon.com/images/I/618i-NiBE8L.jpg,276611,height,"INSTALLEDsizeWeight Load Capacity300 LBSL/44.5""114cmH/54.6""140cmW/15.6""4Ocm"
95465,https://m.media-amazon.com/images/I/618i1Ab1cCL.jpg,149708,depth,24 inch
95466,https://m.media-amazon.com/images/I/618i1Ab1cCL.jpg,149708,width,24 inch
95467,https://m.media-amazon.com/images/I/618i1Ab1cCL.jpg,149708,height,24 inch
95468,https://m.media-amazon.com/images/I/618i6S9HZ+L.jpg,178778,height,4.3 in / 10.8 cm0.8 in / 1.9 cm
95469,https://m.media-amazon.com/images/I/618i6S9HZ+L.jpg,178778,width,4.3 in / 10.8 cm0.8 in / 1.9 cm
95470,https://m.media-amazon.com/images/I/618i9uiij3L.jpg,181357,width,PROducT SIZE13.9IN3.9IN
95471,https://m.media-amazon.com/images/I/618i9uiij3L.jpg,181357,depth,PROducT SIZE13.9IN3.9IN
95472,https://m.media-amazon.com/images/I/618iCFf+o+L.jpg,913156,height,6pcs2.5cm33
95473,https://m.media-amazon.com/images/I/618iCFf+o+L.jpg,913156,depth,6pcs2.5cm33
