index,image_link,group_id,entity_name,e
95074,https://m.media-amazon.com/images/I/618T8Mz15EL.jpg,483370,height,5.11INCH7.48INCH19.68INCH
95075,https://m.media-amazon.com/images/I/618T9R7pHRL.jpg,724384,depth,1.8inch/4.7cm0.8inch/2 Icm0603
95076,https://m.media-amazon.com/images/I/618T9R7pHRL.jpg,724384,height,1.8inch/4.7cm0.8inch/2 Icm0603
95077,https://m.media-amazon.com/images/I/618TBwCTneL.jpg,407921,height,0033820{L8cm (3.15inch)3.5cm (1.38inch)
95078,https://m.media-amazon.com/images/I/618TBwCTneL.jpg,407921,depth,0033820{L8cm (3.15inch)3.5cm (1.38inch)
95079,https://m.media-amazon.com/images/I/618TBwCTneL.jpg,407921,width,0033820{L8cm (3.15inch)3.5cm (1.38inch)
95080,https://m.media-amazon.com/images/I/618TEH33v8L.jpg,713408,width,Dimensioni simili a una carta VisaCompatte e piu portatili.63 mmL:85mm (8.5cm) x W: 53mm (5.3cm)33g88
95081,https://m.media-amazon.com/images/I/618TFqMAI7L.jpg,611510,depth,Product Parameter26 CM29 CM
95082,https://m.media-amazon.com/images/I/618TFqMAI7L.jpg,611510,width,Product Parameter26 CM29 CM
95083,https://m.media-amazon.com/images/I/618TGIPUr7L.jpg,276611,height,"19.25""4.25""15.25"""
95084,https://m.media-amazon.com/images/I/618THuGTuVL.jpg,749917,item_weight,Item name: mini compound bowDrawweight: 35 LbsDraw Iength: 55cmLet Off: 809Shooting Range: 10OmNet weight: 1.6kg
95085,https://m.media-amazon.com/images/I/618TKSNPFyL.jpg,648011,height,2.4 inch 04.4 inchPHILIPShuewhite and color800
95086,https://m.media-amazon.com/images/I/618TKSNPFyL.jpg,648011,depth,2.4 inch 04.4 inchPHILIPShuewhite and color800
95087,https://m.media-amazon.com/images/I/618TLON-KLL.jpg,713408,height,Voice Recorder with Phone APP128GB Memory Voice RecorderAPP controls Recording; Playback; Delete Management; etc.(f0SMARTRECBluetoothLinkRecordingAPP LinkSpeakerIKlMP3HeadphoneU DiskBackWbREC8[o)WM0o.00.04015.54.22STOP2.75 IN005/0042023072110300.94 IN0.68 IN0.94 INSpeaker Recorder + Enhanced Al Noise CancellationMP3 PlayerStore 1600 hours of recording/MP3 song filesPlayClip
95088,https://m.media-amazon.com/images/I/618TT-SKjiL.jpg,625310,item_weight,Product Detail80 3w
95089,https://m.media-amazon.com/images/I/618TTU1SFlL.jpg,120219,width,14Inches6.510.5Inches
95090,https://m.media-amazon.com/images/I/618TTU1SFlL.jpg,120219,height,14Inches6.510.5Inches
95091,https://m.media-amazon.com/images/I/618TWGA5ptL.jpg,952353,depth,"ENERGYPHILIPS24E1NS3OOAEABCDEFFG22kWh/1oooh1920 pX6188Icm24"""
95092,https://m.media-amazon.com/images/I/618TWGA5ptL.jpg,952353,height,"ENERGYPHILIPS24E1NS3OOAEABCDEFFG22kWh/1oooh1920 pX6188Icm24"""
95093,https://m.media-amazon.com/images/I/618TWGA5ptL.jpg,952353,width,"ENERGYPHILIPS24E1NS3OOAEABCDEFFG22kWh/1oooh1920 pX6188Icm24"""
95094,https://m.media-amazon.com/images/I/618TX8oSBZL.jpg,907907,item_weight,"9/16""1"
95095,https://m.media-amazon.com/images/I/618TYozLB3L.jpg,106003,depth,SIZE DESCRIPTION[22inch
95096,https://m.media-amazon.com/images/I/618TbKhmq-L.jpg,858439,height,"18""17""63.3""10.5""5.3"""
95097,https://m.media-amazon.com/images/I/618TicqxicL.jpg,403664,height,EE16cm1
95098,https://m.media-amazon.com/images/I/618TicqxicL.jpg,403664,depth,EE16cm1
95099,https://m.media-amazon.com/images/I/618TicqxicL.jpg,403664,width,EE16cm1
95100,https://m.media-amazon.com/images/I/618Tk0boumL.jpg,478357,width,"27.36""19.49""19.09""13.98"""
95101,https://m.media-amazon.com/images/I/618Tn-LeVCL.jpg,823083,width,9.5 inch8.8 inch
95102,https://m.media-amazon.com/images/I/618Tn-LeVCL.jpg,823083,depth,9.5 inch8.8 inch
95103,https://m.media-amazon.com/images/I/618TxLdmf1L.jpg,107694,height,"+1.63m""(64"")*3.15m3.58m(124"")(141"")max4OOkg "
95104,https://m.media-amazon.com/images/I/618U6HY-WXL.jpg,483370,height,"Sizefor 3+C€4M14INTERNATIONALStandards WorldwideCPSCUSA WWWCPSCUSNPS5"""
95105,https://m.media-amazon.com/images/I/618U6HY-WXL.jpg,483370,depth,"Sizefor 3+C€4M14INTERNATIONALStandards WorldwideCPSCUSA WWWCPSCUSNPS5"""
95106,https://m.media-amazon.com/images/I/618U7nSN14S.jpg,142748,width,UmbrelladiameterheightDiameterunder umbrellaspecification2.2m2.4m2.6m2.8m3.0m3.2m3.4m3.6mUmbrelladiameter2.16m2.40m2.56m2.78m2.94m3.10m3.42m3.52mDiameterunder umbrella1.81m2.0lm2.08m2.38m2.49m2.60m2.80m3.00mheight2.10m2.05m2.34m2.44m2.48m2.58m277m2.84mStorage size1.10m1.19m1.37m1.47m1.S1m1.62m1.79m1.87m
95107,https://m.media-amazon.com/images/I/618U7nSN14S.jpg,142748,height,UmbrelladiameterheightDiameterunder umbrellaspecification2.2m2.4m2.6m2.8m3.0m3.2m3.4m3.6mUmbrelladiameter2.16m2.40m2.56m2.78m2.94m3.10m3.42m3.52mDiameterunder umbrella1.81m2.0lm2.08m2.38m2.49m2.60m2.80m3.00mheight2.10m2.05m2.34m2.44m2.48m2.58m277m2.84mStorage size1.10m1.19m1.37m1.47m1.S1m1.62m1.79m1.87m
95108,https://m.media-amazon.com/images/I/618U9AQ19DL.jpg,437623,height,1PCS1ALBUM82PLEASE CHOOSEl1cmME
95109,https://m.media-amazon.com/images/I/618U9AQ19DL.jpg,437623,depth,1PCS1ALBUM82PLEASE CHOOSEl1cmME
95110,https://m.media-amazon.com/images/I/618UDTXwmNL.jpg,396159,width,Kids Hooded Poncho3AGES4142-681860cm (23.6in)
95111,https://m.media-amazon.com/images/I/618UDTXwmNL.jpg,396159,depth,Kids Hooded Poncho3AGES4142-681860cm (23.6in)
95112,https://m.media-amazon.com/images/I/618UDiStmAL.jpg,124643,height,"36,2cmbeurer037,COcm"
95113,https://m.media-amazon.com/images/I/618UEYL6ENL.jpg,267182,height,"LLAMIA LA ATENCIOI EM CUALQUIER HABITACIONGRACIAS A SU DISENO IMDEPEMDIEMTEKUAESTENKLARSTEIN3 cm51 cmcm44,5"
95114,https://m.media-amazon.com/images/I/618UFKFVrFL.jpg,311997,height,328CM / 12.9nch_328CM12 9nchCapuve11IZCM
95115,https://m.media-amazon.com/images/I/618UFKFVrFL.jpg,311997,width,328CM / 12.9nch_328CM12 9nchCapuve11IZCM
95116,https://m.media-amazon.com/images/I/618ULNWYkTL.jpg,261553,height,~Size: about 40*25 cm/15.75*9.84 in
95117,https://m.media-amazon.com/images/I/618ULNWYkTL.jpg,261553,depth,~Size: about 40*25 cm/15.75*9.84 in
95118,https://m.media-amazon.com/images/I/618UNEf-khL.jpg,916768,width,"GLASS JARS)2.9""WITH LIDSCAPACITY:8oz237ml3.5""THICK DURABLEDISHWASHERGLASSSAFEAMBER GLASSPROTECTS AGAINSTHARMFUL UV RAY"
95119,https://m.media-amazon.com/images/I/618UNEf-khL.jpg,916768,depth,"GLASS JARS)2.9""WITH LIDSCAPACITY:8oz237ml3.5""THICK DURABLEDISHWASHERGLASSSAFEAMBER GLASSPROTECTS AGAINSTHARMFUL UV RAY"
95120,https://m.media-amazon.com/images/I/618UPwv5uHL.jpg,272691,maximum_weight_recommendation,Recommended drawstringMaximum load:9okg/zoolbThin armAbdomenThin waistHip liftSkinnyRope exerciseWeight loss more comprehensivelegs
95121,https://m.media-amazon.com/images/I/618UPwv5uHL.jpg,272691,item_weight,Recommended drawstringMaximum load:9okg/zoolbThin armAbdomenThin waistHip liftSkinnyRope exerciseWeight loss more comprehensivelegs
95122,https://m.media-amazon.com/images/I/618UpL4EAzL.jpg,944936,width,I5 cmvI5 cmLsiebs 2
95123,https://m.media-amazon.com/images/I/618UpL4EAzL.jpg,944936,height,I5 cmvI5 cmLsiebs 2
95124,https://m.media-amazon.com/images/I/618UpL4EAzL.jpg,944936,depth,I5 cmvI5 cmLsiebs 2
95125,https://m.media-amazon.com/images/I/618Ur2bpwuL.jpg,416664,width,Kv3g10.5cm/4.13inSsovvOp
95126,https://m.media-amazon.com/images/I/618Ur2bpwuL.jpg,416664,depth,Kv3g10.5cm/4.13inSsovvOp
95127,https://m.media-amazon.com/images/I/618Ur6C2LXL.jpg,452717,width,"Rotatable Hook6Sturdy Metal14.37""Non-Slip Swing Amm3608"
95128,https://m.media-amazon.com/images/I/618Ur6C2LXL.jpg,452717,depth,"Rotatable Hook6Sturdy Metal14.37""Non-Slip Swing Amm3608"
95129,https://m.media-amazon.com/images/I/618UsKGnsPL.jpg,178958,height,"Weight Capacity: 330 Lbs29.5""676.8""5"
95130,https://m.media-amazon.com/images/I/618UsKGnsPL.jpg,178958,depth,"Weight Capacity: 330 Lbs29.5""676.8""5"
95131,https://m.media-amazon.com/images/I/618UyJZGFOL.jpg,849273,width,PRODUCT SIZE1771H05.5cm/2.1Zinch
95132,https://m.media-amazon.com/images/I/618UyJZGFOL.jpg,849273,depth,PRODUCT SIZE1771H05.5cm/2.1Zinch
95133,https://m.media-amazon.com/images/I/618V5kS9U9L.jpg,667819,depth,3   ST SIZE8PcSI19CW/7.48IN
95134,https://m.media-amazon.com/images/I/618V711KAkL.jpg,522832,width,EASY INSTALLATION12in3.9in2.4in4.2in1.8in
95135,https://m.media-amazon.com/images/I/618VBfRI5EL.jpg,801829,height,"10472)7""57cme185cm( _28.22.4""cm("
95136,https://m.media-amazon.com/images/I/618VBfRI5EL.jpg,801829,width,"10472)7""57cme185cm( _28.22.4""cm("
95137,https://m.media-amazon.com/images/I/618VCiUP2BL.jpg,149159,height,9 in / 23 cmin / 29 cm11.41
95138,https://m.media-amazon.com/images/I/618VE6pYeBL.jpg,173193,depth,"Wire Length: 145mm/5.66""8G043mm1.68"""
95139,https://m.media-amazon.com/images/I/618VE6pYeBL.jpg,173193,width,"Wire Length: 145mm/5.66""8G043mm1.68"""
95140,https://m.media-amazon.com/images/I/618VNQfE5nL.jpg,488883,height,"213.1""45"
95141,https://m.media-amazon.com/images/I/618VOMdIbuL.jpg,810266,depth,"91 mmHigh temperatureresistanceAnti-cracking113 mmEasy to cleanThe Full Capacuty is 350ml,270-300ml of normal useDouble wallglass"
95142,https://m.media-amazon.com/images/I/618VOMdIbuL.jpg,810266,width,"91 mmHigh temperatureresistanceAnti-cracking113 mmEasy to cleanThe Full Capacuty is 350ml,270-300ml of normal useDouble wallglass"
95143,https://m.media-amazon.com/images/I/618VOssn53L.jpg,521308,height,"350 cmd19 7""1210 cm(82.,7884228 cm(89.).8""cm(30.3"""
95144,https://m.media-amazon.com/images/I/618VPL4f7RL.jpg,442321,height,16 kg8 kg72 mm380 mm72 mmmm800420mm
95145,https://m.media-amazon.com/images/I/618VPL4f7RL.jpg,442321,width,16 kg8 kg72 mm380 mm72 mmmm800420mm
95146,https://m.media-amazon.com/images/I/618VU9wXqrL.jpg,801829,width,CHAIR / SMUG18.Tinch2.2inch13.2inch14.4inch30.Sinch35.Sinch15.Sinch20.0inchPRODUCT SIZEWeight250lbs
95147,https://m.media-amazon.com/images/I/618VcTI+E7L.jpg,730429,depth,1111027Mipethree3847854Ocm/12inch1
95148,https://m.media-amazon.com/images/I/618VcTI+E7L.jpg,730429,height,1111027Mipethree3847854Ocm/12inch1
95149,https://m.media-amazon.com/images/I/618VgDmxnuL.jpg,141308,depth,SIZE3015linch02inch11.
95150,https://m.media-amazon.com/images/I/618VhC89sCL.jpg,929719,depth,AirBellIn zwei Groren erhaltlich22.2 mm31.8 mmStadtraderE-BikesRennrader (neu)MTBGravel BikesLastenrader
95151,https://m.media-amazon.com/images/I/618VhC89sCL.jpg,929719,width,AirBellIn zwei Groren erhaltlich22.2 mm31.8 mmStadtraderE-BikesRennrader (neu)MTBGravel BikesLastenrader
95152,https://m.media-amazon.com/images/I/618VhmSSHUL.jpg,916768,depth,1.57 inch1.77 inch5 OZ2.00 inch6 OZ2.68 inch9 OZ3.66 inch11 OZLarge Capacity ContainerCapacity:31 OZ (916 ml )Size: 3.23 X 11.68 inch (Dia.x H)
95153,https://m.media-amazon.com/images/I/618Vl1OBaOL.jpg,866516,height,315cmScm12cm
95154,https://m.media-amazon.com/images/I/618Vmah2kfL.jpg,945489,depth,HANDY TRAVEL SIZE3.2inch/8.1cm(Capacity: Sml0.7inch/1.7cm
95155,https://m.media-amazon.com/images/I/618Vmah2kfL.jpg,945489,height,HANDY TRAVEL SIZE3.2inch/8.1cm(Capacity: Sml0.7inch/1.7cm
95156,https://m.media-amazon.com/images/I/618VnrauRwL.jpg,142748,depth,Product Dimensions92cm52cm17cm6cm
95157,https://m.media-amazon.com/images/I/618VnrauRwL.jpg,142748,width,Product Dimensions92cm52cm17cm6cm
95158,https://m.media-amazon.com/images/I/618VrK4OK0L.jpg,681445,height,3.94inch10cm6.1inch115.5cm24inch61cm
95159,https://m.media-amazon.com/images/I/618VrPxaMqL.jpg,701880,maximum_weight_recommendation,Heavy-duty Platform DollySolid Chassis Design Takes 500kg/11OOlb Payload
95160,https://m.media-amazon.com/images/I/618VrPxaMqL.jpg,701880,item_weight,Heavy-duty Platform DollySolid Chassis Design Takes 500kg/11OOlb Payload
95161,https://m.media-amazon.com/images/I/618VtceltKL.jpg,210293,height,14 inchinch2.6inchinch4.82.3Tinch
95162,https://m.media-amazon.com/images/I/618VyyLaCvL.jpg,752266,width,PRODUCT PARAMETERSBrightness Mode Touch ControlType-C Charging Port3605Free Rotation Iron Balls3M StickerStrong Magnetic Suction11m/3.28ft8cm/3.A5a75inrerniz _
95163,https://m.media-amazon.com/images/I/618W30-VSYL.jpg,488883,width,Static Load-capacityUp t0 330 Ibs3301bs6F14.9in(38cm)29.9in(76cm)
95164,https://m.media-amazon.com/images/I/618WApHp+XL.jpg,347320,width,"LQIAOWhen Prime Stock Sold Out;Will Ship from China; Delivery around 8 to 12 Work_90 cm180 cm270 cmwidthllotwidth2lotwidth23125cm125cm125cnPS: Here if you need over 1in & not cut one piece , pls choose theshipping from China,FBA shipping are single onein each packagesPackageDaysyardyard"
95165,https://m.media-amazon.com/images/I/618WApHp+XL.jpg,347320,height,"LQIAOWhen Prime Stock Sold Out;Will Ship from China; Delivery around 8 to 12 Work_90 cm180 cm270 cmwidthllotwidth2lotwidth23125cm125cm125cnPS: Here if you need over 1in & not cut one piece , pls choose theshipping from China,FBA shipping are single onein each packagesPackageDaysyardyard"
95166,https://m.media-amazon.com/images/I/618WErwKWTL.jpg,648011,height,Original Lava Lamp Bulb25 Watt Lava Lamp Bulb14.5-Inch/2o-Ounce Lava Lamp
95167,https://m.media-amazon.com/images/I/618WErwKWTL.jpg,648011,depth,Original Lava Lamp Bulb25 Watt Lava Lamp Bulb14.5-Inch/2o-Ounce Lava Lamp
95168,https://m.media-amazon.com/images/I/618WF6kKP3L.jpg,120219,width,523cm1
95169,https://m.media-amazon.com/images/I/618WJde5PBL.jpg,261683,item_weight,& PORTABLEThe folded size is only 4.2 inches und weighs only 1[4g:6.54203KOLDABLEFANTASTICARinchinch
95170,https://m.media-amazon.com/images/I/618WKTo7U3L.jpg,865020,height,"WIDE COMPATIBILITYfits most ofgrills size up to 58""W42""H23""D60""WPlease measure your grill before purchasing for a proper fit and always choosea cover that is 2-3 inches larger than yourPlease cool down yourcompletely before covering:grillgrill"
95171,https://m.media-amazon.com/images/I/618WN0VQMSL.jpg,524117,height,HOLDS UP TO 100 ORNAMENTS16.5 in1o13 in-16.5
95172,https://m.media-amazon.com/images/I/618WO9Z8JnL.jpg,892291,item_weight,QI15w15W ChargingSafe protctionQI Standard3600 Rotate360
95173,https://m.media-amazon.com/images/I/618WO9Z8JnL.jpg,892291,wattage,QI15w15W ChargingSafe protctionQI Standard3600 Rotate360
95174,https://m.media-amazon.com/images/I/618WQeqkMlL.jpg,913156,depth,Diameter: 3.9in11.1in8.1in4.5in4.5inWeight: 3506(0.771b)Weight: 260G(0.571b)
95175,https://m.media-amazon.com/images/I/618WQeqkMlL.jpg,913156,height,Diameter: 3.9in11.1in8.1in4.5in4.5inWeight: 3506(0.771b)Weight: 260G(0.571b)
95176,https://m.media-amazon.com/images/I/618WQeqkMlL.jpg,913156,width,Diameter: 3.9in11.1in8.1in4.5in4.5inWeight: 3506(0.771b)Weight: 260G(0.571b)
95177,https://m.media-amazon.com/images/I/618WW1GO3IL.jpg,659650,depth,"UbeaTulipano8,5 cm19,4 cmcolorazioni:9o05ECOPLAsTsee GRECN8283"
95178,https://m.media-amazon.com/images/I/618WW1GO3IL.jpg,659650,height,"UbeaTulipano8,5 cm19,4 cmcolorazioni:9o05ECOPLAsTsee GRECN8283"
95179,https://m.media-amazon.com/images/I/618WZM5hfnL.jpg,478357,height,"23.6""6.5ft11.0""22.8"""
95180,https://m.media-amazon.com/images/I/618WZM5hfnL.jpg,478357,depth,"23.6""6.5ft11.0""22.8"""
95181,https://m.media-amazon.com/images/I/618WaOVQGoL.jpg,924759,width,"Full Sleeve BibMeasurementsELarge7.25"" (18,5cm)armopening15"" (38cm)tpttuinhbefrom neck4"" (1Ocm)to bottompocket depthof pocket13"" (33cm)width across body"
95182,https://m.media-amazon.com/images/I/618WhE+JzfL.jpg,149159,depth,"5""12"""
95183,https://m.media-amazon.com/images/I/618WhE+JzfL.jpg,149159,width,"5""12"""
95184,https://m.media-amazon.com/images/I/618Wiw7l0EL.jpg,470067,height,"Dimensional Drawing(Unit: mminch)[30mm (5,.2"")LOOmm LOOmmLOUmm !LO5mm (4,2"")2242x42 mm (L. 68""xLy/e8""3838x38 mm (1.52 ""xll52""50x50_mm (2""x2"")M26ki.5HOT|COLD"
95185,https://m.media-amazon.com/images/I/618Wiw7l0EL.jpg,470067,width,"Dimensional Drawing(Unit: mminch)[30mm (5,.2"")LOOmm LOOmmLOUmm !LO5mm (4,2"")2242x42 mm (L. 68""xLy/e8""3838x38 mm (1.52 ""xll52""50x50_mm (2""x2"")M26ki.5HOT|COLD"
95186,https://m.media-amazon.com/images/I/618WjX6kJWL.jpg,244283,height,5.lin9.8in13.4inSin7.lin
95187,https://m.media-amazon.com/images/I/618WmMEjUsL.jpg,866516,depth,6cm12cm
95188,https://m.media-amazon.com/images/I/618WmMEjUsL.jpg,866516,width,6cm12cm
95189,https://m.media-amazon.com/images/I/618Wx4uHU7L.jpg,347404,depth,HOME SHASTRA9.5 Inches8 Inches9 Inches7.5 Inches
95190,https://m.media-amazon.com/images/I/618Wx4uHU7L.jpg,347404,height,HOME SHASTRA9.5 Inches8 Inches9 Inches7.5 Inches
95191,https://m.media-amazon.com/images/I/618WzDW9kjL.jpg,149159,height,9.84in/25cm14.56in /37cm7.87in/20cm
95192,https://m.media-amazon.com/images/I/618X+fyv7RL.jpg,464488,height,"8"" H6.25"" DOverviewSizeMedium Sized UrnWeight4.3 LbsDimensions8"" High X 6.25"" DiameterMaterialBrassCapacity137 Cubic InchesOpeningThreaded Lid"
95193,https://m.media-amazon.com/images/I/618X+fyv7RL.jpg,464488,depth,"8"" H6.25"" DOverviewSizeMedium Sized UrnWeight4.3 LbsDimensions8"" High X 6.25"" DiameterMaterialBrassCapacity137 Cubic InchesOpeningThreaded Lid"
95194,https://m.media-amazon.com/images/I/618X0KjHNkL.jpg,142748,depth,5MULTI ANGLEADJUSABLE358
95195,https://m.media-amazon.com/images/I/618X0KjHNkL.jpg,142748,height,5MULTI ANGLEADJUSABLE358
95196,https://m.media-amazon.com/images/I/618X0KjHNkL.jpg,142748,width,5MULTI ANGLEADJUSABLE358
95197,https://m.media-amazon.com/images/I/618X11Xe5OL.jpg,681445,height,115cm335cm
95198,https://m.media-amazon.com/images/I/618X11Xe5OL.jpg,681445,depth,115cm335cm
95199,https://m.media-amazon.com/images/I/618X1o0WVAL.jpg,281159,item_volume,"FORORGANICGARDENINNGTauStED SIncr 979cAPUHIN LSBONIENeew OlCan be used up toproducts in oneReady to Useday of harvestControls blackspot;'woteRosdeormildew; rust, spidermites, aphids,8 other insectFor use on roses, flowers, houseplantsornamental trees and shrubs, fruitsRustPowderyHildewvnuts andvegetablesACTNE INGRECIENT:Clarifed Hydicphcbk Extractof Neem Ol0.990OTHER INGREDIENTS: _TotaT00CaEFA Est /bERA Reg Na 70051-12 4KeepOut Of Reach Cf ChikrenSpider HiteMieFiesEabcHellmn 2tnmipmammrCAcomion76E&Firsdnd)FOR ORGANICNet Contents(73ML)GARDENINGgardenPests"
95200,https://m.media-amazon.com/images/I/618X1pm442L.jpg,810266,depth,PRODUCT SIZE119.5cm/3.7in71OML
95201,https://m.media-amazon.com/images/I/618X1pm442L.jpg,810266,height,PRODUCT SIZE119.5cm/3.7in71OML
95202,https://m.media-amazon.com/images/I/618XDBGzewL.jpg,916768,depth,"See ol Twelve 8 0z Jann72.5 in4 in,WeeSpreut"
95203,https://m.media-amazon.com/images/I/618XDBGzewL.jpg,916768,width,"See ol Twelve 8 0z Jann72.5 in4 in,WeeSpreut"
95204,https://m.media-amazon.com/images/I/618XFB+xn7L.jpg,311997,width,"Suitable for doors lessthan or equal to 2"" inthickness5.9in2inx1gNotezOnly store light and small9inclothes, not suitable forx1storing large or heavy items"
95205,https://m.media-amazon.com/images/I/618XKwUZpcS.jpg,594224,width,7cm/2.8inch3g
95206,https://m.media-amazon.com/images/I/618XKwUZpcS.jpg,594224,depth,7cm/2.8inch3g
95207,https://m.media-amazon.com/images/I/618XLyxLk0L.jpg,430434,width,8.5cm/3.3inch611.8cm/0.7inch
95208,https://m.media-amazon.com/images/I/618XOnEp12L.jpg,238409,item_weight,"OFF grid toolsTMFISHING AND) HHUNTING 127 PIECE FISHING AND HUNTING KITfolding multi-tool6-3/8"" slingshot ammo6 screw eyes2-1.5"" floatsjig headsslingshot band4-4zip ties20' snare wiresafety pinsrazor blade2 L screws100 yds8-Ib test line20' 50-Ib test line30 hooks20 swivels1-6' stringer1 Yo-yo reel25 weights5 artificial lures5 artificial grubs5 salmon eggs15' Bank Line1 survival information sheetProudly prckedthe U.S.A wih domestic and imported components byStunford Outdoor Supply.Distrbuted by:0# GrrdMadison Lake,XN 5606}olfandtools.(omToo >"
95209,https://m.media-amazon.com/images/I/618XSYMyNhL.jpg,558806,depth,"1.57""1.61""6.8""X5x51.77""1.45""Dee2HONEYx5X51.9""1.57""x5x5<"
95210,https://m.media-amazon.com/images/I/618XcIO54UL.jpg,681445,height,"15.5cm/6.1""12cm/4.72""I0cm/3.94"""
95211,https://m.media-amazon.com/images/I/618Xd2BiKbL.jpg,150535,width,9OOML78OML9OOMLNormal CapacityMaximum Capacity2.1in5.3 cm8 in20.3 cm
95212,https://m.media-amazon.com/images/I/618Xd2BiKbL.jpg,150535,width,9OOML78OML9OOMLNormal CapacityMaximum Capacity2.1in5.3 cm8 in20.3 cm
95213,https://m.media-amazon.com/images/I/618Xd2BiKbL.jpg,150535,depth,9OOML78OML9OOMLNormal CapacityMaximum Capacity2.1in5.3 cm8 in20.3 cm
95214,https://m.media-amazon.com/images/I/618XgLpcNhL.jpg,243137,item_weight,ColorGoldSize82Pocket2x8FT(60x245cm)Item Weight0.77 Pounds
95215,https://m.media-amazon.com/images/I/618XgqwAg+L.jpg,480845,height,200sets in total1869.4inch4.7inchCardboard sleeves200pcs8c5.1inchEnvelopes 200pcs
95216,https://m.media-amazon.com/images/I/618Xw3bLetL.jpg,823083,height,17.4cm15.2cm8cmIgkie SAlEIIICALEIII
95217,https://m.media-amazon.com/images/I/618XxSjDxmL.jpg,276611,width,"50.4""19.7""34.6""17.7"""
95218,https://m.media-amazon.com/images/I/618XzJV3gEL.jpg,433914,width,215 mm8848200 mm
95219,https://m.media-amazon.com/images/I/618Y+2h5X6L.jpg,311997,height,"30cm/11.8'1221624,5cm/9.6""12216115cm/2216145.2""/2216122169,5cml13.7""30cm/118""M1Okg""lokg10kg1Okg1Okg"
95220,https://m.media-amazon.com/images/I/618Y+2h5X6L.jpg,311997,width,"30cm/11.8'1221624,5cm/9.6""12216115cm/2216145.2""/2216122169,5cml13.7""30cm/118""M1Okg""lokg10kg1Okg1Okg"
95221,https://m.media-amazon.com/images/I/618Y+6Po-eL.jpg,184557,depth,69 cm50cm1000
95222,https://m.media-amazon.com/images/I/618Y+6Po-eL.jpg,184557,width,69 cm50cm1000
95223,https://m.media-amazon.com/images/I/618Y-iRz6+L.jpg,478357,height,23.4inch11.7inch4.05inch7.2inch24inch8.46inch9.44inch16.1inchCable:6.5ft
95224,https://m.media-amazon.com/images/I/618Y2QyHLYL.jpg,866516,height,"WeEEWeleWeLMEWelneeWeWdd=WWeWE NEWa:4Wn#""WFEWNE,WELN3FesH14.5cm7cm3Wnn UE'l1.5cmnyW ENW  UEDWWenen"
95225,https://m.media-amazon.com/images/I/618Y2lgBwNL.jpg,789706,depth,"+tzZssl 9mm OR8vd_013mm ItHizz<#Wgy.9mm13mmERWTf(yJagetto)9m13mAz1t2 t1t2 t24 t &183279.0Sxtt 223282B t $47Z'#FttBFOJr iExEEIU €EEIU €""J 0.8mma <#1 15 mma €"
95226,https://m.media-amazon.com/images/I/618Y2lgBwNL.jpg,789706,height,"+tzZssl 9mm OR8vd_013mm ItHizz<#Wgy.9mm13mmERWTf(yJagetto)9m13mAz1t2 t1t2 t24 t &183279.0Sxtt 223282B t $47Z'#FttBFOJr iExEEIU €EEIU €""J 0.8mma <#1 15 mma €"
95227,https://m.media-amazon.com/images/I/618Y47QzotL.jpg,311997,depth,"w8444835.4"""
95228,https://m.media-amazon.com/images/I/618Y4h+WNtL.jpg,783898,width,O-Talolohbc21P2)zxQbDD14.8cm/5.82in610.5cm/4. 13in
95229,https://m.media-amazon.com/images/I/618Y5mYLMaL.jpg,658003,height,34118. 4cn/3. 3in9. 7cn/3. 82in71lcn/4. 3in12cm/4. Tin0815
95230,https://m.media-amazon.com/images/I/618YFmK++SL.jpg,561896,item_weight,"110DOLCE PERLABAKED HIGHLIGHTERINGREDIENTS/ INGREDIENTS: MICA, cetyL peG/PPG-10/1 DIMETHICONE, DIMETHICONE,ISONONYL ISONONANOATE, HdVtrlmethylol hexyllacTone crosspolymer, ALUMINUMSTarch OCTENYLSUCCINATE, OcTYLDoDEcanol, MAGNESIUM ALUMINUM SILICATE, NYLON-12,cappylyl Glycol, Ethylhexylglycerin, AMMMONIUM acpyloyldiethylTauRAtE /BEHENETH 25MA K Laiimethacrylate CROSSPOLYMER , POLYSORBATe 20, POLYISOPRENE; SIlIca, tOcopheroL, Talc,BHT; PENTaerythrityl tetra DLT-Butyl hydROXYHYDROCINNAMATE, TITAnIUM dloxide (ch77891), IRON OXIDES (CI 77491).912M17489285018POIDS NET WT. 0.28 0Z./8 gMade IN /taly /fabrIque EN /talieA6CARP:3030535041LOS ['angeLES,CoSiChem !90058 "
95231,https://m.media-amazon.com/images/I/618YJPBW92L.jpg,436746,height,"Dimension3.Sin7.9inNote: please check thesize(especially thediameter) carefullybefore order, other-wise it would causeincompatibility"
95232,https://m.media-amazon.com/images/I/618YJPBW92L.jpg,436746,depth,"Dimension3.Sin7.9inNote: please check thesize(especially thediameter) carefullybefore order, other-wise it would causeincompatibility"
95233,https://m.media-amazon.com/images/I/618YJRYWLbL.jpg,238051,width,1.78 inch88220.79 inch06inch16.07inch30.6013inch
95234,https://m.media-amazon.com/images/I/618YJRYWLbL.jpg,238051,height,1.78 inch88220.79 inch06inch16.07inch30.6013inch
95235,https://m.media-amazon.com/images/I/618YKR9jtaL.jpg,276611,height,"9.830.6'7.9""7.9""13.9""38.417.734.3Unitinch"
95236,https://m.media-amazon.com/images/I/618YMyxARjL.jpg,130202,width,"012cm12.7,8Sinch45cm1.77inch"
95237,https://m.media-amazon.com/images/I/618YMyxARjL.jpg,130202,height,"012cm12.7,8Sinch45cm1.77inch"
95238,https://m.media-amazon.com/images/I/618YV+XCPfL.jpg,472576,item_weight,Product dimensions5/8 Inch (15 mm)7/8 inch (22 mm)MICRO4 1/2 inch (116 mm)weight 0.40z (11 gr)maluk9011
95239,https://m.media-amazon.com/images/I/618YW7t+4XL.jpg,180726,depth,1inch61.5inch
95240,https://m.media-amazon.com/images/I/618YW7t+4XL.jpg,180726,height,1inch61.5inch
95241,https://m.media-amazon.com/images/I/618YXbtEgeL.jpg,681045,height,"#Waita@t: %1700g (DvtwF2A)#tx: ""j42.ScXETZL.IcMS#m: _ JLx2a42.5cmAdm_Jx6a 42.5cm+a_Jx2a 42.5cmKOMCLUB"
95242,https://m.media-amazon.com/images/I/618YnL8PwaL.jpg,469317,width,Perfect Size & HeightDeep Drawer{2.7inin15 in13.69.8 in:
95243,https://m.media-amazon.com/images/I/618YqpcT2HL.jpg,142748,depth,7OcmRaje_-Jlarig5OcmZhtIEis3II~ (
95244,https://m.media-amazon.com/images/I/618YqpcT2HL.jpg,142748,height,7OcmRaje_-Jlarig5OcmZhtIEis3II~ (
95245,https://m.media-amazon.com/images/I/618YqpcT2HL.jpg,142748,width,7OcmRaje_-Jlarig5OcmZhtIEis3II~ (
95246,https://m.media-amazon.com/images/I/618YxHSPpXL.jpg,249638,item_weight,COMPATIBLE WITH 99% SMARTPHONES38mm(1.5in)135mm5Tmm(5.3in)(2.2in)68mm(2.Tin)103mm(4.Iin)150g / 0.331b
95247,https://m.media-amazon.com/images/I/618YxHSPpXL.jpg,249638,maximum_weight_recommendation,COMPATIBLE WITH 99% SMARTPHONES38mm(1.5in)135mm5Tmm(5.3in)(2.2in)68mm(2.Tin)103mm(4.Iin)150g / 0.331b
95248,https://m.media-amazon.com/images/I/618Z+NaTjVL.jpg,816782,width,"PERFECT SIZE FOR MULTIPLE USES2020"" _3220"
95249,https://m.media-amazon.com/images/I/618Z-En7RiL.jpg,178778,height,"capacity89mlsize5.5*11.6cm ( 2.16*4.56in )1.95cm/0.76""weightaent13.5cm/1.37'3.85cm/1.51""5.5cm/2.16""44.5g"
95250,https://m.media-amazon.com/images/I/618Z48vC+cL.jpg,479564,item_weight,"20.,43hPRECISION EXTENDED CM- 530-20WEIGHT: 8 0z70 MMRInG TORGUE: 15-18"" /lbs2.75""BASE TORQUE: 45-50"" /lbsMOUNTING BIT REQUIRED: Torx 25Zorm1574""6.5mm25""86.37 MM74.63 MM34""2.94"""
95251,https://m.media-amazon.com/images/I/618Z5HZGmgL.jpg,916768,height,20.Scm18.ScmFlour12cm16.Scm722YearWarranty
95252,https://m.media-amazon.com/images/I/618Z6zn-b3L.jpg,969033,height,25cm/9.8in4Ocm15.7in65cm/25.5inup to 10kg6in50cm/19.
95253,https://m.media-amazon.com/images/I/618ZAUKlM1L.jpg,752266,height,"997.9""/200mm7.9""/200mm]4.7""/5.9""/150mm-5.9""/150mm120mm.8""/250mm.8""/250mm"
95254,https://m.media-amazon.com/images/I/618ZAUKlM1L.jpg,752266,width,"997.9""/200mm7.9""/200mm]4.7""/5.9""/150mm-5.9""/150mm120mm.8""/250mm.8""/250mm"
95255,https://m.media-amazon.com/images/I/618ZBg8lkwL.jpg,846116,width,size DISPLAY4 inchshort antenna4in0.6in00
95256,https://m.media-amazon.com/images/I/618ZBg8lkwL.jpg,846116,depth,size DISPLAY4 inchshort antenna4in0.6in00
95257,https://m.media-amazon.com/images/I/618ZCP0NZSL.jpg,681445,height,Thickress is cbout0.15irichZinchFroduct sizz0.1Sinch3.Sinch5.Sinch
95258,https://m.media-amazon.com/images/I/618ZDM6dwFL.jpg,916768,width,E13 In3.75 In5;1.97 In
95259,https://m.media-amazon.com/images/I/618ZL99jJ5L.jpg,145486,height,"2I8ECHOF.BACKIndlnoTIMEINPUT""chalizerwMOOcr93.5mm42mm"
95260,https://m.media-amazon.com/images/I/618ZRyLjJJL.jpg,991868,width,MAIN DIMENSION820.98 INCH22 INCH
95261,https://m.media-amazon.com/images/I/618ZXVwZNaL.jpg,386873,item_weight,SONYLDACDSEE HXHi ResAUDIOSONYSanJiskUltraXPERIA128GB Micr?XC I
95262,https://m.media-amazon.com/images/I/618ZZJ+48KL.jpg,318770,wattage,2Malel1Female AdaptersX2C@
95263,https://m.media-amazon.com/images/I/618ZsXVO4NS.jpg,311997,height,88Twiddle the knob toadjust the length:82inch16.9-262
95264,https://m.media-amazon.com/images/I/618ZsXVO4NS.jpg,311997,depth,88Twiddle the knob toadjust the length:82inch16.9-262
95265,https://m.media-amazon.com/images/I/618Zw57MXGL.jpg,625842,item_volume,8FL OzCalHAWIMMaAGATGRAPE FLAVORED WNATER BEVERAGE L'eCcikoursWHOB88182186CenaiGrapeFLAvOREDLUIacai_(Grape)_AtEb BevraGesRiavursRMuu4 PLGS
95266,https://m.media-amazon.com/images/I/618ZyYSaUkL.jpg,784538,depth,"24.25""8IendPhntPhwmium"
95267,https://m.media-amazon.com/images/I/618ZyYSaUkL.jpg,784538,width,"24.25""8IendPhntPhwmium"
95268,https://m.media-amazon.com/images/I/618ZyYSaUkL.jpg,784538,height,"24.25""8IendPhntPhwmium"
95269,https://m.media-amazon.com/images/I/618ZzYdyXpL.jpg,752266,depth,"8060cm124""Color:graylwhiteMaterial: wrought iron+acrylicPower: LED 30WLight source: LED lens light sourceLight color: 3000K / 4000K / 6O00KSpace: bedroom, living room _hotel, etc."
95270,https://m.media-amazon.com/images/I/618a5iS8YlL.jpg,492950,height,Product size13.2cm/5-2inL13-01cm/7-64in1Ocml3.93in128cm/11-02in
95271,https://m.media-amazon.com/images/I/618a98acvuL.jpg,219211,wattage,295 mm250 mm50.8 mmlSpruce Science30.OoOkitSpruce Science1Modlel: P3o11.OOOOmASN: 200219x001UwataSpruces ence.QomWeight: 1.4 kg (3.1 Lbs)
95272,https://m.media-amazon.com/images/I/618a98acvuL.jpg,219211,item_weight,295 mm250 mm50.8 mmlSpruce Science30.OoOkitSpruce Science1Modlel: P3o11.OOOOmASN: 200219x001UwataSpruces ence.QomWeight: 1.4 kg (3.1 Lbs)
95273,https://m.media-amazon.com/images/I/618aEQlWr6L.jpg,640408,width,18OMLDISPENSER BOTTLE WITH BRUSHWOBILOO@il Measuring Dispenser18Oml:Dropper and BrushOil Bottle; Measures oll easily:MulcifunctionOilrfffucIou OIl Boing2.3inguqGe21m4'Wo 06?teknzp@DLobbsl
