index,image_link,group_id,entity_name,e
92274,https://m.media-amazon.com/images/I/616oTVWN2xL.jpg,464488,height,PatternSealBottomInside2.4 in5
92275,https://m.media-amazon.com/images/I/616oTvuyIAL.jpg,231838,depth,8~]E8. 6cm3. 4in
92276,https://m.media-amazon.com/images/I/616oTvuyIAL.jpg,231838,height,8~]E8. 6cm3. 4in
92277,https://m.media-amazon.com/images/I/616oULPNqFL.jpg,749917,item_weight,PARAMETERItem Name: Mini Compound Bow/ Draw Weight: 8-1Olbs.[ / Size: 24.1cm/ 9.5 inch x 12.2cm/ 4.8 inch[ / Bow Handle: Stainless steel/ / Bow Limb: high elastic fiber/ / Bowstring: 1.6 single strand Dyneema rope '/ Maximum Shooting Range: 5Om/ / Weight: 116g/0.25lbs/ / Hand Orientation: Ambidextrous
92278,https://m.media-amazon.com/images/I/616oaWspkwL.jpg,886344,height,"ENEAutogrilesHeight8 3/8""Width : 11 1/4""Length263 1/2""Weight68.71 Ibs"
92279,https://m.media-amazon.com/images/I/616objig4VS.jpg,599317,height,3.86in (9.8cm)Loosen the bolt toadjust the lengthMax: 43.31in(110cm)Adjustable2.56in (6.5cm)Bulb is not included1.57in (4cm)
92280,https://m.media-amazon.com/images/I/616obswVIxL.jpg,478357,height,"15""46""6.3""46.3""113.2""~-13.6""33.7""33.7""110.6""41.7""7.5""13.8"
92281,https://m.media-amazon.com/images/I/616occKgryL.jpg,647208,width,"6mm/0.23""56""6mm/0.23""4""Smm/0.23""&Q'35""]14mm/o:]1Omm/o.]8mm/o."
92282,https://m.media-amazon.com/images/I/616ole224IL.jpg,982714,depth,"PRODUCT SIZEHeightThickened counterweight3.34inblock, more sensitive/8.Scmreset:Diameter 12in / 30.5cmDual-channel design, bothdirections can attract miceto fall into traps, doublingthe efficiencyl2inIScm_20in / S1cm"
92283,https://m.media-amazon.com/images/I/616onwZ-V4L.jpg,668889,height,SIZE8;63VS13;:912.75inch5.7inch0.27inch
92284,https://m.media-amazon.com/images/I/616otypT9WL.jpg,728511,height,RNe suluBeccuse (OUCAREI60 cmREtk' '(uutue30 cmCalendar Details:Month to View Wall Hang CalendarPlenty of Space for NotesOfficial Product
92285,https://m.media-amazon.com/images/I/616otypT9WL.jpg,728511,depth,RNe suluBeccuse (OUCAREI60 cmREtk' '(uutue30 cmCalendar Details:Month to View Wall Hang CalendarPlenty of Space for NotesOfficial Product
92286,https://m.media-amazon.com/images/I/616p3vlfcnL.jpg,764417,maximum_weight_recommendation,17inSin16.5in300Pounds
92287,https://m.media-amazon.com/images/I/616pOEDqeGL.jpg,944936,depth,"5'whyattlWait; Honey=Don't jumpl7""Throw myclubs down firstNobleWorksCardsgolf"
92288,https://m.media-amazon.com/images/I/616pOEDqeGL.jpg,944936,width,"5'whyattlWait; Honey=Don't jumpl7""Throw myclubs down firstNobleWorksCardsgolf"
92289,https://m.media-amazon.com/images/I/616pOEDqeGL.jpg,944936,height,"5'whyattlWait; Honey=Don't jumpl7""Throw myclubs down firstNobleWorksCardsgolf"
92290,https://m.media-amazon.com/images/I/616pR514E7L.jpg,823083,depth,%11Ocm/3.94inch07
92291,https://m.media-amazon.com/images/I/616pUqes9CL.jpg,521308,height,"30.5""29.75""44.25"""
92292,https://m.media-amazon.com/images/I/616pgCQFO6L.jpg,204245,width,2in / 23cm9.051.18in / 3cm
92293,https://m.media-amazon.com/images/I/616ph41F2nL.jpg,676087,depth,"PRODUCT SiZe""L2183cm/70.05inch2"
92294,https://m.media-amazon.com/images/I/616ph8RtPfL.jpg,483370,height,Product Size25cm1Oinch
92295,https://m.media-amazon.com/images/I/616ph8RtPfL.jpg,483370,width,Product Size25cm1Oinch
92296,https://m.media-amazon.com/images/I/616ph8RtPfL.jpg,483370,depth,Product Size25cm1Oinch
92297,https://m.media-amazon.com/images/I/616piSvI+QL.jpg,648011,height,PRODUCT SPECIFICA TIONSLED Globe Bulb1.57inchG40 LEDFrostedGlobe BulbsDurable Frosted Plastic6Filament LED ChipE12 Base
92298,https://m.media-amazon.com/images/I/616piSvI+QL.jpg,648011,depth,PRODUCT SPECIFICA TIONSLED Globe Bulb1.57inchG40 LEDFrostedGlobe BulbsDurable Frosted Plastic6Filament LED ChipE12 Base
92299,https://m.media-amazon.com/images/I/616piSvI+QL.jpg,648011,width,PRODUCT SPECIFICA TIONSLED Globe Bulb1.57inchG40 LEDFrostedGlobe BulbsDurable Frosted Plastic6Filament LED ChipE12 Base
92300,https://m.media-amazon.com/images/I/616pkF5rfAL.jpg,801829,height,WAHSONDINNINGCHAIR51cm38cm52cm86cm15cm49cm50cm52cm58cm
92301,https://m.media-amazon.com/images/I/616pyYYlU9L.jpg,549052,width,ca. / cm
92302,https://m.media-amazon.com/images/I/616pyYYlU9L.jpg,549052,height,ca. / cm
92303,https://m.media-amazon.com/images/I/616pyYYlU9L.jpg,549052,depth,ca. / cm
92304,https://m.media-amazon.com/images/I/616q+ZI7MmL.jpg,220662,height,"2cm / 0.79""8080386.5cm /2.76""19cm / 7.48"""
92305,https://m.media-amazon.com/images/I/616q+pcQXUL.jpg,192915,depth,"6.5""4.9"""
92306,https://m.media-amazon.com/images/I/616q+pcQXUL.jpg,192915,height,"6.5""4.9"""
92307,https://m.media-amazon.com/images/I/616q3BkheXL.jpg,752266,depth,H: 13cm/5.IinW: 60cmL: 83cm/32.6in 54W&On0 OFFS IightOTIVE2.4G Remote ControlRemotely controlsfrom all angles.OFFOFFOfFOne remote control operates 4 lights.lamp -
92308,https://m.media-amazon.com/images/I/616qBdsB+jL.jpg,752266,width,"Size:60cm/23.6in12cm/4.7inHangig wire150cnh/59in adjustable120cm/47.2inThe product size is measured manually,and a little deviation is normal. Please refer tothe real object for details"
92309,https://m.media-amazon.com/images/I/616qBdsB+jL.jpg,752266,height,"Size:60cm/23.6in12cm/4.7inHangig wire150cnh/59in adjustable120cm/47.2inThe product size is measured manually,and a little deviation is normal. Please refer tothe real object for details"
92310,https://m.media-amazon.com/images/I/616qDD6qiHS.jpg,342931,depth,6.5cm/2.6inch7.3cm/2.9inch35.9cm35.9cm14.linch14.linch
92311,https://m.media-amazon.com/images/I/616qDD6qiHS.jpg,342931,width,6.5cm/2.6inch7.3cm/2.9inch35.9cm35.9cm14.linch14.linch
92312,https://m.media-amazon.com/images/I/616qKFJFAJL.jpg,681445,height,"17 cm17 ch30 cm19,5 cm19,5 cm"
92313,https://m.media-amazon.com/images/I/616qMgV41PL.jpg,944936,width,SIZE40T14cm/5.5in2OPCS
92314,https://m.media-amazon.com/images/I/616qMgV41PL.jpg,944936,depth,SIZE40T14cm/5.5in2OPCS
92315,https://m.media-amazon.com/images/I/616qTry0J3L.jpg,687867,depth,8gLength:50cm(20.08in)
92316,https://m.media-amazon.com/images/I/616qd0Fkr-L.jpg,594224,depth,14.5cm/5.71in3'g
92317,https://m.media-amazon.com/images/I/616qd0Fkr-L.jpg,594224,width,14.5cm/5.71in3'g
92318,https://m.media-amazon.com/images/I/616qgl5cztL.jpg,276611,height,115cm62cm42cm
92319,https://m.media-amazon.com/images/I/616qkyOtx3L.jpg,611510,height,YOUTASTEHeight Adjustable25cmReminder: Please take off thecap before assembly:
92320,https://m.media-amazon.com/images/I/616qkyOtx3L.jpg,611510,depth,YOUTASTEHeight Adjustable25cmReminder: Please take off thecap before assembly:
92321,https://m.media-amazon.com/images/I/616qkyOtx3L.jpg,611510,width,YOUTASTEHeight Adjustable25cmReminder: Please take off thecap before assembly:
92322,https://m.media-amazon.com/images/I/616qphruXgL.jpg,180726,width,"diameter  30mm ( 1.18 inch )3mm thick hard rubber pads12 pCspackage, 4Ogramspackage"
92323,https://m.media-amazon.com/images/I/616qphruXgL.jpg,180726,depth,"diameter  30mm ( 1.18 inch )3mm thick hard rubber pads12 pCspackage, 4Ogramspackage"
92324,https://m.media-amazon.com/images/I/616qrnrFOCL.jpg,386873,item_weight,Super Long Battery LifeSupercharge100%500OmAh465wQuick charge
92325,https://m.media-amazon.com/images/I/616r22rEeOL.jpg,416664,height,5.5 inch7tumWe hope every time5.5You light this upinchIt reminds yOUHow muchXoue LouAcrylic Plastic Insert1.6inch3.8 inch
92326,https://m.media-amazon.com/images/I/616rESEE6SL.jpg,347404,height,831750cmcm
92327,https://m.media-amazon.com/images/I/616rGU7cy3S.jpg,173193,depth,"Total Height: 83mm / 3.3 inch' '6887Omm /2.8""0718)Cn35mm / 1.4"""
92328,https://m.media-amazon.com/images/I/616rGU7cy3S.jpg,173193,width,"Total Height: 83mm / 3.3 inch' '6887Omm /2.8""0718)Cn35mm / 1.4"""
92329,https://m.media-amazon.com/images/I/616rH9ObW+L.jpg,558806,depth,10 CMHURRA!SCHULKIND18 CMSCHULKIND8 CM8 CMABC
92330,https://m.media-amazon.com/images/I/616rH9ObW+L.jpg,558806,height,10 CMHURRA!SCHULKIND18 CMSCHULKIND8 CM8 CMABC
92331,https://m.media-amazon.com/images/I/616rHu1oSYL.jpg,433914,height,"Walk-in18.75""(47.7 cm)Height72.81""(185 cm)Width*Depth32""32""(81.28 cm)(81.28 cm)Base Height4.125""(10.48 cm)OVEAssembled Size"
92332,https://m.media-amazon.com/images/I/616rKKVTl9L.jpg,929719,width,63Ilcm
92333,https://m.media-amazon.com/images/I/616rKKVTl9L.jpg,929719,depth,63Ilcm
92334,https://m.media-amazon.com/images/I/616rRGiXEtL.jpg,784538,height,"BilderzeileYDINA4Die gezeigten Grolen und Rahmen dienen zur Veranschaulichung:3xDie Farbe kannje nach Monitor-Einstellung leicht abweichen:MaBe 21x29,7cm*Anwendungsbeispiel: Lieferung ohne DekoBilderrahmen:und"
92335,https://m.media-amazon.com/images/I/616rRjw6MmS.jpg,524117,height,830f56520 mmmm115mmmm55mm145 mmmm
92336,https://m.media-amazon.com/images/I/616rSPJat9L.jpg,681445,width,F_10.5 cmJ82Medidas aproximadas
92337,https://m.media-amazon.com/images/I/616rSPJat9L.jpg,681445,depth,F_10.5 cmJ82Medidas aproximadas
92338,https://m.media-amazon.com/images/I/616rTNadBYL.jpg,521308,width,"33.5""35.5""58"""
92339,https://m.media-amazon.com/images/I/616rTNadBYL.jpg,521308,height,"33.5""35.5""58"""
92340,https://m.media-amazon.com/images/I/616rVNcFMBL.jpg,478357,height,"/9515,7 inch40 cm24,4inch/91cm62inch33cmY35.875"
92341,https://m.media-amazon.com/images/I/616rVsOqlvL.jpg,107694,height,622cm/87in63cm/248in
92342,https://m.media-amazon.com/images/I/616rYqJ3hGL.jpg,347404,width,42PCS Mini Terracotta Plantersize2.16in1.96in
92343,https://m.media-amazon.com/images/I/616rYqJ3hGL.jpg,347404,depth,42PCS Mini Terracotta Plantersize2.16in1.96in
92344,https://m.media-amazon.com/images/I/616rYqJ3hGL.jpg,347404,height,42PCS Mini Terracotta Plantersize2.16in1.96in
92345,https://m.media-amazon.com/images/I/616ralXvc7L.jpg,115666,height,"9.75""13.5""19""15.775""_45.5""22.5"""
92346,https://m.media-amazon.com/images/I/616re68d1ZL.jpg,311997,height,300 mm300 mm
92347,https://m.media-amazon.com/images/I/616re68d1ZL.jpg,311997,depth,300 mm300 mm
92348,https://m.media-amazon.com/images/I/616re68d1ZL.jpg,311997,width,300 mm300 mm
92349,https://m.media-amazon.com/images/I/616rgin2pyL.jpg,826444,height,170mm40mn170mm
92350,https://m.media-amazon.com/images/I/616rgin2pyL.jpg,826444,width,170mm40mn170mm
92351,https://m.media-amazon.com/images/I/616riP3XXSL.jpg,306026,height,"Size DetailsNo:14.33inch-3,74inch (11 cm x 9,5 cm)No:26.5 inc X 5.7 inc (14.5 cm x 16.5 cm)No:38.66 inc X7.68 inc (19.5 cm x 22 cm)No:411 inc X 9.84 inc (25 cm x 28 cm)YOAJe^()NurNo;4280:No;s77;?3NezNurse220ARNurge36Umm33"
92352,https://m.media-amazon.com/images/I/616rn22N6yL.jpg,676087,depth,"DETAILSHIGHDENSITYHIGH COLORFASTNESSMACHINEWASHABLE8"" Hanging10"" Hanging12"" Hanging14""HangingCnaomaMierelchrisTMAsMearyCHRISIMAs3MerryChRiStMAS"
92353,https://m.media-amazon.com/images/I/616rtY3axYL.jpg,178778,depth,A Good Travel Makeup Brush HolderIn order to keep the brush holder work; fit forin 2-4 brushesX1eyeliner brushX10concealer brushX1face flat brush1.96inchput
92354,https://m.media-amazon.com/images/I/616rxftLWTL.jpg,416664,width,s38020 cm /7.9in
92355,https://m.media-amazon.com/images/I/616rxftLWTL.jpg,416664,depth,s38020 cm /7.9in
92356,https://m.media-amazon.com/images/I/616ryg04wSL.jpg,594224,height,Large Storage CapacitySort by type to keep your items organized7.311.Icm20.9cm32.5cm21.3cm13.3cm23.Icm10.5cm10.5cm21.3cm21.3cm21.3cm21.3cm
92357,https://m.media-amazon.com/images/I/616s-PBA-LL.jpg,507619,height,"34cm134118'25cm98""]S1cmpoGIcm16125cm98'11.8""Gocm118zocm""11830cm/118'zOcmzocm53cm/o9z0cm11,8'43cmn6953cmko9"
92358,https://m.media-amazon.com/images/I/616s0u5EMTL.jpg,705487,height,SPECIFICATIONS3 Meter3 MeterMABE: 3 * 3 METER19 x BEFESTIGUNGS-9m2 SCHUTZFLACHEPUNKTEPuREHANG
92359,https://m.media-amazon.com/images/I/616s0u5EMTL.jpg,705487,width,SPECIFICATIONS3 Meter3 MeterMABE: 3 * 3 METER19 x BEFESTIGUNGS-9m2 SCHUTZFLACHEPUNKTEPuREHANG
92360,https://m.media-amazon.com/images/I/616s7GrJRYL.jpg,436746,depth,"01-5/8""4'5-1/8""E26 Socket Ring Not Included"
92361,https://m.media-amazon.com/images/I/616s7GrJRYL.jpg,436746,height,"01-5/8""4'5-1/8""E26 Socket Ring Not Included"
92362,https://m.media-amazon.com/images/I/616s9ietYiL.jpg,311997,height,80cm31cm25cm
92363,https://m.media-amazon.com/images/I/616s9ietYiL.jpg,311997,width,80cm31cm25cm
92364,https://m.media-amazon.com/images/I/616sIDg-L1L.jpg,428871,item_weight,"Practical Storage10 functionaltheitems neatly, easier to findand save time5DividersSeparation rod holeand thicker mesh cloth toreduce club collisions andprotect clubsBagbags,putWaydesign"
92365,https://m.media-amazon.com/images/I/616sMxOQViL.jpg,525429,wattage,"Mt823.SLJ6{86x8832Ojixjwe""ZhosvOs_'70w3SSV .[i879Jonoasn^zi0upo4ue2ZsM ""Ozzlzo(4sn)MolZoopiC""n#""AmvLoooo"
92366,https://m.media-amazon.com/images/I/616sMxOQViL.jpg,525429,voltage,"Mt823.SLJ6{86x8832Ojixjwe""ZhosvOs_'70w3SSV .[i879Jonoasn^zi0upo4ue2ZsM ""Ozzlzo(4sn)MolZoopiC""n#""AmvLoooo"
92367,https://m.media-amazon.com/images/I/616sRLkT9SL.jpg,810266,height,5 inch
92368,https://m.media-amazon.com/images/I/616sRLkT9SL.jpg,810266,depth,5 inch
92369,https://m.media-amazon.com/images/I/616sRLkT9SL.jpg,810266,width,5 inch
92370,https://m.media-amazon.com/images/I/616sT8Q0daL.jpg,764618,width,"DETAILS7""x4""Pre-drilledholes formountingEKPLORE[Minnesota.comQualityPrintRoundedYOUR* #EXTCorners10000 lakes0.040 ThickAluminumRust FreeWeather ProofInkmyplate"
92371,https://m.media-amazon.com/images/I/616sT8Q0daL.jpg,764618,height,"DETAILS7""x4""Pre-drilledholes formountingEKPLORE[Minnesota.comQualityPrintRoundedYOUR* #EXTCorners10000 lakes0.040 ThickAluminumRust FreeWeather ProofInkmyplate"
92372,https://m.media-amazon.com/images/I/616sWoEHQLL.jpg,433914,width,ZCLOSETMAIDCompatible withSuitecfymfhony 25 in. Tower
92373,https://m.media-amazon.com/images/I/616sWoEHQLL.jpg,433914,depth,ZCLOSETMAIDCompatible withSuitecfymfhony 25 in. Tower
92374,https://m.media-amazon.com/images/I/616sWoEHQLL.jpg,433914,height,ZCLOSETMAIDCompatible withSuitecfymfhony 25 in. Tower
92375,https://m.media-amazon.com/images/I/616seVVc-5L.jpg,679049,height,365mmOUT BOarDsElectric series3.63.6PRODUCT DATA1TechnicalTosLi8ooNu :10569SorWamhodnnenrhar dotorContolskolunnoRatosotosoconmnRatdwDCABVPatrocunatHbniPatoroat80044@ConudtndnMonaSasncnAceckreto Ste StiichAcots7-4K5AOrlvrT2xhkmGarao3 ?JoromfsthWcm220mm
92376,https://m.media-amazon.com/images/I/616sk0vIzfL.jpg,257505,item_volume,thehate stainsco.miss mouthsmessyTMstaintreateraparentalessentialFAST & EFFECTIVEPURPOSE STAIN16 FL O2 (473 mL)eaterGENERALREMOVER
92377,https://m.media-amazon.com/images/I/616slAzcvwL.jpg,447645,item_weight,MADE INUSACRUELTYRETINOLSERUMFReeHIGH POTENCY2.5% RETINOL-NIACINAMIDEHYALURONIC COMPLEXVEGANHYALURONIC ACID & NIACINAMIDE (VITAMIN B3)LilyAna NaturalsUSANET WT 1.0 0z/30g'NGREDIEN<?
92378,https://m.media-amazon.com/images/I/616sw5hNr+S.jpg,939129,height,"Diameter 14"" [ 35 CMPUSHIHeight28"" / 71CMKaGe"
92379,https://m.media-amazon.com/images/I/616sw5hNr+S.jpg,939129,depth,"Diameter 14"" [ 35 CMPUSHIHeight28"" / 71CMKaGe"
92380,https://m.media-amazon.com/images/I/616swS2eioL.jpg,640408,width,320Z (1L) Inspirational Time-Marked BottleBACK32028am2pmGet started269am3pmRemembec yor gal22Ilam4pm18chugging11.4inchIlamSpm14Frosted BPA-FreeDont give upTritan Plastic1012pm6pmOlmost there6IpmIpmYou did tRefill now23 inchheep
92381,https://m.media-amazon.com/images/I/616swS2eioL.jpg,640408,depth,320Z (1L) Inspirational Time-Marked BottleBACK32028am2pmGet started269am3pmRemembec yor gal22Ilam4pm18chugging11.4inchIlamSpm14Frosted BPA-FreeDont give upTritan Plastic1012pm6pmOlmost there6IpmIpmYou did tRefill now23 inchheep
92382,https://m.media-amazon.com/images/I/616swS2eioL.jpg,640408,height,320Z (1L) Inspirational Time-Marked BottleBACK32028am2pmGet started269am3pmRemembec yor gal22Ilam4pm18chugging11.4inchIlamSpm14Frosted BPA-FreeDont give upTritan Plastic1012pm6pmOlmost there6IpmIpmYou did tRefill now23 inchheep
92383,https://m.media-amazon.com/images/I/616sz299FIL.jpg,347404,height,POT SIZE60cm/23.6in46cm/18.1inFixed Plant Basket21cm/& 2in14cm/5.SinI--=~TI|10cm/3.9in
92384,https://m.media-amazon.com/images/I/616t05g5M3L.jpg,468581,item_volume,"STELA ROSA""Partially fermented grape m""ustSTELLA ROSSO""Grapkes for our delicious Stell Rosa Rossohnested ftom beautifulvilleyands locared in thelualian coumtryside.red wichAlavors of strawbey Jd rcd berrics  Scrve chilled wichcheese; spicy cuisine, and dlesserrs:Ls UViS pAra nuestro delicioso Stclla Rosa Rossocosechadis dhermossvinedos locilizadoscampo de Iualia; Un rcfrescantetnaosbores de ITesasmorasServirse ITio con Irutzs fiescas,quoo,CSpccus,postres .xIEkAM;JeW}k *064 Nmlhlm# M'gmre Umidi eok @j#KHLEaRe hahie]Fkbre?RODUCTOT ITALYFRODUCED BL CUVLR SELSSTEANO BELIO | ITALLIMFORIED BA: IL CONTE MMPORES L(s ANGEIES CA USA1-KrR 25 |4IVHTWSTELLAROSACOMSTFLLAROSAUNGAEDIENTS; GRAFE MUST, SULPHURNutrition FactsDIOXIDE ANIIOXIDAMTAEcriing S270m]Nazi 74ESAMoigpe  SroCOKTHNS SUFIESCeonesDelytnle'HET GOHI TE0HLALC.55S BYVOLJoblFutoSodulm EIA 5c - ME I56Tot ICarbcIdnilzg5n2oProtcn JArcedi Djn Vales jrz bise] 0n 4RllJ@IOloioUcuur87872""63013GoverNVENT WARMNG: (accorong To TE SURREONCEIERAL WOHEV sHoL dNot dakalcoholcc beveaages DuaNG FaEGNANCY Decause of THE FEk oFBITH defecTs @) CoKSUMpTION oF ALCoHouc eeverages IHPHRS YouR KBl:My To Dawe aCar Or OPERATE MACHIERY AND MaY CausE Fealth problevs2 Ouginalerettetht ehFrulit,plarillos."
92385,https://m.media-amazon.com/images/I/616t3fxy2SL.jpg,483370,height,ITEM SIZE8114q'Disvep7i40eThe SericsShfc4{oalz37>aX€11t<43 & !6.3cmA841Disney#ndit#xbo)isofthRUNA4.7cm6.3cmn4.7cm4.6cm46cm
92386,https://m.media-amazon.com/images/I/616t7-HkYqL.jpg,348551,width,510mm6OOmm6Omm55Omm47Omm
92387,https://m.media-amazon.com/images/I/616t7-HkYqL.jpg,348551,height,510mm6OOmm6Omm55Omm47Omm
92388,https://m.media-amazon.com/images/I/616t7DNzkKL.jpg,355666,item_weight,"IzX Magnification"")374 Feet 1100Yard"
92389,https://m.media-amazon.com/images/I/616t7KxfNiL.jpg,180410,depth,TAMANO DEL PRODUCTORoyal Bankcreditof Scotland9154127512345678901VALID FROMUNTIL END00/0000/00MRSPAULARICHARDSmastercard:8.5cm/3.3in518cm/3.1in
92390,https://m.media-amazon.com/images/I/616t7KxfNiL.jpg,180410,width,TAMANO DEL PRODUCTORoyal Bankcreditof Scotland9154127512345678901VALID FROMUNTIL END00/0000/00MRSPAULARICHARDSmastercard:8.5cm/3.3in518cm/3.1in
92391,https://m.media-amazon.com/images/I/616t9qDlfEL.jpg,219211,wattage,U1160068OMRONS8TS-06024100-240v-AC24v-DC6042SAAMPPOWERSUPPLY062314B411945THN34oqnue
92392,https://m.media-amazon.com/images/I/616t9qDlfEL.jpg,219211,item_weight,U1160068OMRONS8TS-06024100-240v-AC24v-DC6042SAAMPPOWERSUPPLY062314B411945THN34oqnue
92393,https://m.media-amazon.com/images/I/616tCUpFrfL.jpg,347404,width,=810.25
92394,https://m.media-amazon.com/images/I/616tCUpFrfL.jpg,347404,depth,=810.25
92395,https://m.media-amazon.com/images/I/616tDl4qBoL.jpg,810266,width,"HASLE3.54""0 U T F | T T E R S3.42""3.23""LIDSEAL RING206.619OUNCESEASYTO HOLD2.76"""
92396,https://m.media-amazon.com/images/I/616tGA5x32L.jpg,180410,height,SIZE17cm10.5cm7cm
92397,https://m.media-amazon.com/images/I/616tGA5x32L.jpg,180410,width,SIZE17cm10.5cm7cm
92398,https://m.media-amazon.com/images/I/616tI8hi7QL.jpg,849273,height,Size ComparisonDAQ47cm18.5 in15 inchLIDi1Scm30cm11.8 in30cmx1Scmx47cm11.8inx 5.9inx18.Sin1.55lbNotice: manual measurment705g
92399,https://m.media-amazon.com/images/I/616tJklIN5L.jpg,648011,depth,DIMENSIONS58mm/2.28inVOLTAGEAC 120VWATTAGE6WBR GOOLNESS3]BEAM ANGLE360 DegreeDimmableE264000kBase
92400,https://m.media-amazon.com/images/I/616tJklIN5L.jpg,648011,height,DIMENSIONS58mm/2.28inVOLTAGEAC 120VWATTAGE6WBR GOOLNESS3]BEAM ANGLE360 DegreeDimmableE264000kBase
92401,https://m.media-amazon.com/images/I/616tKJj5aML.jpg,640031,height,Battery does not include124mm14mm2Omm18mm7Omm40mm0WE8We838383838
92402,https://m.media-amazon.com/images/I/616tMKdKtIL.jpg,752266,height,7Omm425mmI1OmmSPECIFICATIONArea15m?30m?Light output2000 lumensPower24wBrightnessStepless dimmColor Temperature3000K-6ookMaterialAluminium; siliconeing
92403,https://m.media-amazon.com/images/I/616tP2-iN+L.jpg,231838,height,7.6 inWaTER dispenser3.2 in3.2 in
92404,https://m.media-amazon.com/images/I/616tP3LrUDS.jpg,648011,depth,1.5 in.ZWElZIntermediate BoseWarm WhiteDO YOU KNOW WHATBASEBULB YOU HAVE?3 in5/8 inch1/2 inchE17 BASEE12 BASEPLEASE MEASURE YOURBASE BEFORE ORDERING1800K5500kI6000k2700K
92405,https://m.media-amazon.com/images/I/616tP3LrUDS.jpg,648011,height,1.5 in.ZWElZIntermediate BoseWarm WhiteDO YOU KNOW WHATBASEBULB YOU HAVE?3 in5/8 inch1/2 inchE17 BASEE12 BASEPLEASE MEASURE YOURBASE BEFORE ORDERING1800K5500kI6000k2700K
92406,https://m.media-amazon.com/images/I/616tQBjbUbL.jpg,436746,depth,656g7.07 in / 18 cm
92407,https://m.media-amazon.com/images/I/616tQBjbUbL.jpg,436746,height,656g7.07 in / 18 cm
92408,https://m.media-amazon.com/images/I/616tX8YgqpL.jpg,681445,depth,"GSlosseomABOUT SIZE1.18""/3cm65372.2""/5.7cm"
92409,https://m.media-amazon.com/images/I/616tZnsC-GL.jpg,941694,item_weight,"MIXED BERRYTROPICAL FRUITORANGE PEACHNutrition Facts]Nutrition FactsNutrition FactsServing sizePack (142g)Serving sizePack (142g)Serving sizePack (142g)eingCalories170Calories180/Calories180/AnailVehnLaa ualue=Idaikv""Total Fat 4 5gTotal Fat 59Total Fat 5gSaturatedFat 4.592290Salurated Fat 5g2578Saturated Fat 592578Trars FatWans Fat 0gTrans Fat 0g.Cholesterol OmgCholesterolCholesterol OmgSodiumSodium 1OmgSodium |OmgTotal Carbohydrate 19gTotal Carbohydrale 189Tolal CarbohydrateDietary Fiber < 1gDletary FiberD ctary FberJatal Sugars 16gTotal SugarsTotal Sugars 169Indudos(g Acded SuqarsIncludcs 0g Adced SugatsIncluces Og Addcd SugarsProtein 14928970]Protein 1492896Proteln 14942890 ULdWic9LGonistzeDicedchmimzaUldla0tGoun147q2bouzpaxmziu10z34hesan2tm 4IlzoLke2""Mmnon-mtens-WatiAERulethotdnlcW RammiRramtIngrelieni 'WaeDiid NLL MdaJuenbnte Dnetei Pree Jm eRad IConaturFerl Venam Fanprdue uuletutula""hnlrtmlzRerelnPuze~dnucesluled Aucnktre Vifg]Ueue Dateueie_MTBetCxczdize !E  Berd IVebum DenPuer 45pi M OCOnLOaC F122fo €Welun-Oanlngho d23 CxconIDLlehc20 Ctou D  MEd RavusNtecunxttree Iua fht Cikdpecch-l}-oeUtCme RthecoriciCAAASViIL cIoYTKnd[boz C m;/cdcontuksMuk cod auconinsmlk coccaviw95mnTula"
92410,https://m.media-amazon.com/images/I/616taMSxX1L.jpg,648011,depth,Long Life Lamp Company6W T4 Flourescent Tube 3400KDIMENSIONSY IJAENERGIE IJAehepraevepyeiaAAtAAB0231mm` :|C€RoHSComplianceSize PIN to PIN231MM(
92411,https://m.media-amazon.com/images/I/616taMSxX1L.jpg,648011,height,Long Life Lamp Company6W T4 Flourescent Tube 3400KDIMENSIONSY IJAENERGIE IJAehepraevepyeiaAAtAAB0231mm` :|C€RoHSComplianceSize PIN to PIN231MM(
92412,https://m.media-amazon.com/images/I/616theoF5-L.jpg,276611,width,"851""19.25"""
92413,https://m.media-amazon.com/images/I/616theoF5-L.jpg,276611,height,"851""19.25"""
92414,https://m.media-amazon.com/images/I/616tkHRrz1L.jpg,550595,height,"NS44""inch2.5"" inch1""inch"
92415,https://m.media-amazon.com/images/I/616tpDWX84L.jpg,745387,width,"48.23""17.72""17.72"""
92416,https://m.media-amazon.com/images/I/616ty+ISr4L.jpg,154981,depth,MSILVERREACTIVE FoARGENTEFEUULLE REACT | EP_ATE434LAMINAREAC- | 4lulswapp:Use with Minc.foil applicatorSold separately:Utilisation avec / applicateurclinquant de Minc_Vendus separement.Uso con el aplicador deIa hoja de MincVendidos por separado1pc /pz12.25 in x 10 ft(31.cm x 3m)
92417,https://m.media-amazon.com/images/I/616u+CuXW4L.jpg,752266,depth,"Geeignet fur dekorative, elegante BeleuchtungSweetledAussendurchmesser: 0 74 mmLochmal: @ 55 mminkl:IOerGusscbnimIP2O230GU1OPackVoltFassung"
92418,https://m.media-amazon.com/images/I/616u+CuXW4L.jpg,752266,height,"Geeignet fur dekorative, elegante BeleuchtungSweetledAussendurchmesser: 0 74 mmLochmal: @ 55 mminkl:IOerGusscbnimIP2O230GU1OPackVoltFassung"
92419,https://m.media-amazon.com/images/I/616u4ARnhaL.jpg,916768,width,12(2.75 in) 70 mmPACK_CAPACITY8OZ88240ML(3 in) 77 mm
92420,https://m.media-amazon.com/images/I/616u5rmMyXL.jpg,237000,width,"DIMENSIONS & SPECIFICATIONS55cm122cm39cmWater resistantPreventsIndustrialPVCsunbleachingd Ozips & handlesYour home, your style:LIVIVOlining"
92421,https://m.media-amazon.com/images/I/616u7rPYXTL.jpg,892291,item_weight,PACKINGX1o16.4ft / SmPower Adapter X 1Cable Clips X 10Charge Cable X 1Wall Mount X 1Short USB Cable X 1OLAIVE
92422,https://m.media-amazon.com/images/I/616u7rPYXTL.jpg,892291,wattage,PACKINGX1o16.4ft / SmPower Adapter X 1Cable Clips X 10Charge Cable X 1Wall Mount X 1Short USB Cable X 1OLAIVE
92423,https://m.media-amazon.com/images/I/616u8+IdhCL.jpg,483370,width,"Produ @tS izepositive potatobe a1potato,but Ibelieve in you.God your45Imaytinything4.Scm/1.8in.7cm/2.24in"
92424,https://m.media-amazon.com/images/I/616u8GR13KL.jpg,675317,depth,Product Size3.46 inch134PACK
92425,https://m.media-amazon.com/images/I/616u8GR13KL.jpg,675317,width,Product Size3.46 inch134PACK
92426,https://m.media-amazon.com/images/I/616u9fJMi0L.jpg,347404,width,3.54inch13.38 inch7.87 inchinch-5.318.54inch
92427,https://m.media-amazon.com/images/I/616uEjum5ML.jpg,145486,height,3.5cm29cmcleanBuffer9Tone Saver3cm
92428,https://m.media-amazon.com/images/I/616uJP6qwEL.jpg,150535,depth,3lcm12.20inches56
92429,https://m.media-amazon.com/images/I/616uJP6qwEL.jpg,150535,height,3lcm12.20inches56
92430,https://m.media-amazon.com/images/I/616uJd4U8+L.jpg,208023,width,P36.9inch
92431,https://m.media-amazon.com/images/I/616uJd4U8+L.jpg,208023,depth,P36.9inch
92432,https://m.media-amazon.com/images/I/616uJd4U8+L.jpg,208023,height,P36.9inch
92433,https://m.media-amazon.com/images/I/616uO-u6CdL.jpg,417434,width,"19""13""'13"""
92434,https://m.media-amazon.com/images/I/616uOdoPfPL.jpg,140266,depth,13.5cm/5.31inch]LED COB 30W2000 Lumens81Super Brillant
92435,https://m.media-amazon.com/images/I/616uPc50BsL.jpg,687759,height,"Checkyour current water supply line locationto avoid fail installation of the toilet15.35""3.5""RecommendedWater Supply Location23""13.5T0""13.5"""
92436,https://m.media-amazon.com/images/I/616uVfrYu6L.jpg,721542,width,08ccm120cm220ca:
92437,https://m.media-amazon.com/images/I/616uVfrYu6L.jpg,721542,height,08ccm120cm220ca:
92438,https://m.media-amazon.com/images/I/616uWPy8ChL.jpg,318770,wattage,Size Information330HeleWindowviewEditHIAuAPrefereneosSyatem28cm15cm94cm28cm
92439,https://m.media-amazon.com/images/I/616uhy4+YDL.jpg,931247,depth,"71inchi Jnw)A9t/)V5cq""{41V5c9""""venlocdvenlurc'(€"
92440,https://m.media-amazon.com/images/I/616uhy4+YDL.jpg,931247,width,"71inchi Jnw)A9t/)V5cq""{41V5c9""""venlocdvenlurc'(€"
92441,https://m.media-amazon.com/images/I/616uhy4+YDL.jpg,931247,height,"71inchi Jnw)A9t/)V5cq""{41V5c9""""venlocdvenlurc'(€"
92442,https://m.media-amazon.com/images/I/616umoPPcJL.jpg,483370,depth,STLIZLE10.2 in26 cm
92443,https://m.media-amazon.com/images/I/616umoPPcJL.jpg,483370,height,STLIZLE10.2 in26 cm
92444,https://m.media-amazon.com/images/I/616umoPPcJL.jpg,483370,width,STLIZLE10.2 in26 cm
92445,https://m.media-amazon.com/images/I/616uqmt7dEL.jpg,483370,height,"8.3""21cm15.8""/40cm10.6""/27cm"
92446,https://m.media-amazon.com/images/I/616uskjWpML.jpg,599317,width,"EASY TO INSTALLNoWiring and Programming NeededKr!EU16e0r #Only Add 1.57"" Height to LampI"
92447,https://m.media-amazon.com/images/I/616uskjWpML.jpg,599317,height,"EASY TO INSTALLNoWiring and Programming NeededKr!EU16e0r #Only Add 1.57"" Height to LampI"
92448,https://m.media-amazon.com/images/I/616uskjWpML.jpg,599317,depth,"EASY TO INSTALLNoWiring and Programming NeededKr!EU16e0r #Only Add 1.57"" Height to LampI"
92449,https://m.media-amazon.com/images/I/616uxJb2B5L.jpg,810266,width,2 Inch631.4Inch
92450,https://m.media-amazon.com/images/I/616uxo2TfRS.jpg,844474,height,72cm/28.34in17cm/6.69in34cm/13.38in
92451,https://m.media-amazon.com/images/I/616uxo2TfRS.jpg,844474,width,72cm/28.34in17cm/6.69in34cm/13.38in
92452,https://m.media-amazon.com/images/I/616v+3sOKmL.jpg,639475,width,"13L DEHUMIDIFIERALPHA-Q13Model:ALPHA-Q13Power Supply: 220V-240V~50HzRated Power Consumption: 145WExtraction(30*C 80%RH): 13LIDayExtraction(27'€ 60%RH): 7LIDay0Air FlowlHigh Speed: 95m?/hAir FlowlLow Speed: 70m?/hNoise level: 35dB (A)Low fan,39dB (A)High fanFilter: Washable dust filterCompressor Type ReciprocatingRefrigerant:R29oWater Tank Capacity: 2.3LAccessavy: Drainage Hose(14mm inner diameter)308mmGreenmigo~29mm"
92453,https://m.media-amazon.com/images/I/616v+3sOKmL.jpg,639475,depth,"13L DEHUMIDIFIERALPHA-Q13Model:ALPHA-Q13Power Supply: 220V-240V~50HzRated Power Consumption: 145WExtraction(30*C 80%RH): 13LIDayExtraction(27'€ 60%RH): 7LIDay0Air FlowlHigh Speed: 95m?/hAir FlowlLow Speed: 70m?/hNoise level: 35dB (A)Low fan,39dB (A)High fanFilter: Washable dust filterCompressor Type ReciprocatingRefrigerant:R29oWater Tank Capacity: 2.3LAccessavy: Drainage Hose(14mm inner diameter)308mmGreenmigo~29mm"
92454,https://m.media-amazon.com/images/I/616v-YcmF9L.jpg,362818,height,DIMEnSIOn868330Y23.5 CM20 CM3217 CM2Yurabie2 CompartmentsEco-FriendlyFood SafeStrong QualityFunbtasCMAFuncw-Anerast7ashicnois eOBlast `[ntsZunbhFnGuvIr FunWBKCMuEeneresFun8uFuneesttnem9lasl
92455,https://m.media-amazon.com/images/I/616v300yCbL.jpg,140266,width,Whiskey Bottle Balloons-6Pcs18in18inHlappyBIRTHDAY+82PCS2PCSAGED /TOSedection:CHEERS17.7in1PCS17.7in1PCS
92456,https://m.media-amazon.com/images/I/616v300yCbL.jpg,140266,depth,Whiskey Bottle Balloons-6Pcs18in18inHlappyBIRTHDAY+82PCS2PCSAGED /TOSedection:CHEERS17.7in1PCS17.7in1PCS
92457,https://m.media-amazon.com/images/I/616vAviykwL.jpg,849273,height,"MEDIUM 3-CAN BAG515"" X 3.5"""
92458,https://m.media-amazon.com/images/I/616vIdUMrLL.jpg,521194,width,"E77KTTi-O@EH!J1-Kn_Khgwot#aiaRtw !!B5Business Planner2023- Mar,202426.9cm02h7-!41E33335*+-(f)B5{MomanaIntonre(EH 2023.4 0 2024.3Ev7Z""T)-O)JSSEIiiIL528901) Suty#tpnlwniWyoel@itee-4482f452mtjuo7) -IE0. Kmtt T>i. 3743y0064-921BiE  wot6gB <(UC}u)MsckonttCi82,06BF](   4+1,880F]+*)19.ScmApr:-"
92459,https://m.media-amazon.com/images/I/616vIdUMrLL.jpg,521194,depth,"E77KTTi-O@EH!J1-Kn_Khgwot#aiaRtw !!B5Business Planner2023- Mar,202426.9cm02h7-!41E33335*+-(f)B5{MomanaIntonre(EH 2023.4 0 2024.3Ev7Z""T)-O)JSSEIiiIL528901) Suty#tpnlwniWyoel@itee-4482f452mtjuo7) -IE0. Kmtt T>i. 3743y0064-921BiE  wot6gB <(UC}u)MsckonttCi82,06BF](   4+1,880F]+*)19.ScmApr:-"
92460,https://m.media-amazon.com/images/I/616vL9MZitL.jpg,483370,height,30CM210g
92461,https://m.media-amazon.com/images/I/616vL9MZitL.jpg,483370,width,30CM210g
92462,https://m.media-amazon.com/images/I/616vL9MZitL.jpg,483370,depth,30CM210g
92463,https://m.media-amazon.com/images/I/616vLhKJWwL.jpg,648011,depth,LiGHT DiMS63O6OO3OO3O3OOOOS863921@m[2765cu|LDimsWhiteLargeExiraSheet
92464,https://m.media-amazon.com/images/I/616vLhKJWwL.jpg,648011,height,LiGHT DiMS63O6OO3OO3O3OOOOS863921@m[2765cu|LDimsWhiteLargeExiraSheet
92465,https://m.media-amazon.com/images/I/616vLhKJWwL.jpg,648011,width,LiGHT DiMS63O6OO3OO3O3OOOOS863921@m[2765cu|LDimsWhiteLargeExiraSheet
92466,https://m.media-amazon.com/images/I/616vOy8uhXL.jpg,916768,height,4.1 |18USE:;WMmJoy195mmmm136
92467,https://m.media-amazon.com/images/I/616vOy8uhXL.jpg,916768,width,4.1 |18USE:;WMmJoy195mmmm136
92468,https://m.media-amazon.com/images/I/616vRT6WHBL.jpg,558806,width,8.Sinch/21.5cm43.8inch/9.7cm42.6inch/6.5cm
92469,https://m.media-amazon.com/images/I/616vRT6WHBL.jpg,558806,depth,8.Sinch/21.5cm43.8inch/9.7cm42.6inch/6.5cm
92470,https://m.media-amazon.com/images/I/616vbtUBUfL.jpg,478357,height,"7311.4""15.7""13.7"""
92471,https://m.media-amazon.com/images/I/616vkGwkcFL.jpg,275506,item_weight,"Langsdom headsetLightweight Langsdom headset weighs only 1.9 02,you will no burden forcomfortOther headsetExtended wearing can be very uncomfortable'all-day"
92472,https://m.media-amazon.com/images/I/616vlLAEsfL.jpg,913156,depth,[712.5cm/4.91inch
92473,https://m.media-amazon.com/images/I/616vnwT2cFL.jpg,106003,height,"4.5""5.25"""
