index,image_link,group_id,entity_name,e
94474,https://m.media-amazon.com/images/I/6187BWazw8L.jpg,916768,height,45'33inin1.57cm1514cm1.97
94475,https://m.media-amazon.com/images/I/6187CfDDY7L.jpg,521308,height,3880CM122CM
94476,https://m.media-amazon.com/images/I/6187FKwoDgL.jpg,757743,depth,135mm18Omm
94477,https://m.media-amazon.com/images/I/6187FKwoDgL.jpg,757743,width,135mm18Omm
94478,https://m.media-amazon.com/images/I/6187FR0ZpqL.jpg,849273,height,1165mm215mm
94479,https://m.media-amazon.com/images/I/6187H7xRVIL.jpg,347404,height,6.8cm3
94480,https://m.media-amazon.com/images/I/6187H7xRVIL.jpg,347404,depth,6.8cm3
94481,https://m.media-amazon.com/images/I/6187Pk9XoWL.jpg,156839,width,"XIANYOUJIU5.9""/15Omm2.2""/54mmThis cup fit for 5/8"" or 6/8"" rodThis cup fit for 7/8"" or 1"" rodWall anchors andscrews included3PCS#*Attention!Pls use drill bits of 3/16"" or 7/32"" to drill holes for wall anchors."
94482,https://m.media-amazon.com/images/I/6187Pk9XoWL.jpg,156839,height,"XIANYOUJIU5.9""/15Omm2.2""/54mmThis cup fit for 5/8"" or 6/8"" rodThis cup fit for 7/8"" or 1"" rodWall anchors andscrews included3PCS#*Attention!Pls use drill bits of 3/16"" or 7/32"" to drill holes for wall anchors."
94483,https://m.media-amazon.com/images/I/6187SD3xuQL.jpg,823083,height,"14.5""4.33""F-4.33"""
94484,https://m.media-amazon.com/images/I/6187WNdSxeL.jpg,243137,height,JWeddingPartyNewbornChildrenVideoProdurtYouTubeFestivalBirthdayOutdoor3maPA-%epRZIDa77150cm/59.OSinch
94485,https://m.media-amazon.com/images/I/6187WNdSxeL.jpg,243137,depth,JWeddingPartyNewbornChildrenVideoProdurtYouTubeFestivalBirthdayOutdoor3maPA-%epRZIDa77150cm/59.OSinch
94486,https://m.media-amazon.com/images/I/6187Zld4o3L.jpg,692827,item_volume,ADDFEWDROPs ToYoURSHAMPO00 ReCONDITIONERRawyaUSDA38OrgamicY 0 UFeaanIREFIHE)WILVIRGIM1FAESSED250nli'8a LZleve the(ifkerehce
94487,https://m.media-amazon.com/images/I/6187eUNoiCL.jpg,119607,width,SGROBE15 CM188'NaJiRJrwwo!LelnennnAcdcia ueateEXTRA DICKES STAHLBLECHHOCHWERTIGE MOTIVPRAGUNG
94488,https://m.media-amazon.com/images/I/6187eUNoiCL.jpg,119607,height,SGROBE15 CM188'NaJiRJrwwo!LelnennnAcdcia ueateEXTRA DICKES STAHLBLECHHOCHWERTIGE MOTIVPRAGUNG
94489,https://m.media-amazon.com/images/I/6187eUNoiCL.jpg,119607,depth,SGROBE15 CM188'NaJiRJrwwo!LelnennnAcdcia ueateEXTRA DICKES STAHLBLECHHOCHWERTIGE MOTIVPRAGUNG
94490,https://m.media-amazon.com/images/I/6187jc0pP1L.jpg,483370,depth,11.4in/3.5cm
94491,https://m.media-amazon.com/images/I/6187k7GJQ9L.jpg,675317,depth,47mm/1.85inchL08.5mm/0.33in
94492,https://m.media-amazon.com/images/I/6187nvoRpCL.jpg,276611,height,"15.6""42.5""34.6""TCninG? 4o uamodIAAIH KixOAd %0 UnAII 8336.2""22.4""AaaIoocr77"
94493,https://m.media-amazon.com/images/I/6187qaYlEpS.jpg,764417,height,AocM3och33CM
94494,https://m.media-amazon.com/images/I/6187qqyyUZL.jpg,648011,depth,PRODUCT SPECIFICATIONSMulti Colors G40 LED Bulbs1.57 inOooredPurpleGreenOrangeABS2.36 inPlasticNot fragileEnergy Saving3609Multi colors360 Degree10000+E12 or C7 Candelabra BaseBeam AngleHours Lifespan
94495,https://m.media-amazon.com/images/I/6187qqyyUZL.jpg,648011,width,PRODUCT SPECIFICATIONSMulti Colors G40 LED Bulbs1.57 inOooredPurpleGreenOrangeABS2.36 inPlasticNot fragileEnergy Saving3609Multi colors360 Degree10000+E12 or C7 Candelabra BaseBeam AngleHours Lifespan
94496,https://m.media-amazon.com/images/I/6187qqyyUZL.jpg,648011,height,PRODUCT SPECIFICATIONSMulti Colors G40 LED Bulbs1.57 inOooredPurpleGreenOrangeABS2.36 inPlasticNot fragileEnergy Saving3609Multi colors360 Degree10000+E12 or C7 Candelabra BaseBeam AngleHours Lifespan
94497,https://m.media-amazon.com/images/I/6187touy7aS.jpg,860821,depth,4.3 inchporaxyparaxy10.6 inch
94498,https://m.media-amazon.com/images/I/6187touy7aS.jpg,860821,height,4.3 inchporaxyparaxy10.6 inch
94499,https://m.media-amazon.com/images/I/6188-xxgO4L.jpg,866516,depth,7.Scm5U33
94500,https://m.media-amazon.com/images/I/61880GDB0sL.jpg,630877,depth,5.9inchI0 15.6inch
94501,https://m.media-amazon.com/images/I/61880GDB0sL.jpg,630877,height,5.9inchI0 15.6inch
94502,https://m.media-amazon.com/images/I/61883+CEJrL.jpg,701880,maximum_weight_recommendation,Maximum load 2KG / 4.41bUniversal standard 1/4 screwAntimaterial is used to increase friction and effectively keep theequipment from slipping off easily:slip
94503,https://m.media-amazon.com/images/I/61883+CEJrL.jpg,701880,item_weight,Maximum load 2KG / 4.41bUniversal standard 1/4 screwAntimaterial is used to increase friction and effectively keep theequipment from slipping off easily:slip
94504,https://m.media-amazon.com/images/I/61887h2FUjL.jpg,149159,height,22cm44cm-32cm24cm34Ocm
94505,https://m.media-amazon.com/images/I/6188ARDffbL.jpg,311997,width,6Ocm40cm29cm8Ocm29cm53cm9cm37cm
94506,https://m.media-amazon.com/images/I/6188CGfGq4L.jpg,648011,height,1.5 in(4Omm)SPECIFICATIONVOLTAGE230vPOWER28wBASEG9LUMEN320LMKELVIN2800kCOLORWarm WhiteG9CRI>99230V 281BEAM ANGLE3600DIMMABLEYesLIFE SPAN2oo0hrs0.5 in(1 Smm)
94507,https://m.media-amazon.com/images/I/6188ERVBUfL.jpg,526954,width,19 cm /7.47 in4.84 in / 12.3 cm2.4 cm / 0.94 in
94508,https://m.media-amazon.com/images/I/6188ERVBUfL.jpg,526954,height,19 cm /7.47 in4.84 in / 12.3 cm2.4 cm / 0.94 in
94509,https://m.media-amazon.com/images/I/6188ERVBUfL.jpg,526954,depth,19 cm /7.47 in4.84 in / 12.3 cm2.4 cm / 0.94 in
94510,https://m.media-amazon.com/images/I/6188KDe5N4L.jpg,478357,width,"PRODUCT SIZE37.87""15.75""21.02""9.72""19.69""36.93""17.87""7.87""26.97"""
94511,https://m.media-amazon.com/images/I/6188KhC6BBL.jpg,849273,width,8.2inch7.SinchAprocaAproca
94512,https://m.media-amazon.com/images/I/6188KhC6BBL.jpg,849273,height,8.2inch7.SinchAprocaAproca
94513,https://m.media-amazon.com/images/I/6188LKvq3LL.jpg,695925,width,SPECIFICATIONW088AICvi(0VacuumPump9311.7in29.7.cmMade of natural wooden;safe and eco-friendly1
94514,https://m.media-amazon.com/images/I/6188LKvq3LL.jpg,695925,depth,SPECIFICATIONW088AICvi(0VacuumPump9311.7in29.7.cmMade of natural wooden;safe and eco-friendly1
94515,https://m.media-amazon.com/images/I/6188RxpDdlL.jpg,648011,depth,PRODUCT DIMENSIONS& SPECIFICATIONS1.97inch/sommWattage:7WVoltage:220-240vBeam Angle:380ILife Time:30000hWenkellyC€ %Dimmable:6000K 220-10%-100%CRI:Raz8oCool White 6000KGU1OBASE1000K3000K8000kGU1O-240v7W e
94516,https://m.media-amazon.com/images/I/6188RxpDdlL.jpg,648011,width,PRODUCT DIMENSIONS& SPECIFICATIONS1.97inch/sommWattage:7WVoltage:220-240vBeam Angle:380ILife Time:30000hWenkellyC€ %Dimmable:6000K 220-10%-100%CRI:Raz8oCool White 6000KGU1OBASE1000K3000K8000kGU1O-240v7W e
94517,https://m.media-amazon.com/images/I/6188S7QDH7L.jpg,579652,depth,TECHNICALSPECIFICATION6AQUASTICVolume: 20 [Length: 62 cmAQUASTIC
94518,https://m.media-amazon.com/images/I/6188S7QDH7L.jpg,579652,height,TECHNICALSPECIFICATION6AQUASTICVolume: 20 [Length: 62 cmAQUASTIC
94519,https://m.media-amazon.com/images/I/6188S9evICL.jpg,483370,width,9OCM4OCM7OCM{SOCM30CM0
94520,https://m.media-amazon.com/images/I/6188S9evICL.jpg,483370,height,9OCM4OCM7OCM{SOCM30CM0
94521,https://m.media-amazon.com/images/I/6188S9evICL.jpg,483370,depth,9OCM4OCM7OCM{SOCM30CM0
94522,https://m.media-amazon.com/images/I/6188Tcd0zcL.jpg,751532,width,63.6in1:0139216.4cm/85_14.3inh10.9cm/e62in2in
94523,https://m.media-amazon.com/images/I/6188auAVcQL.jpg,784538,depth,M: 21x3Ocm3pcsL: 31.5x45cm 3pcsXL: 42x60cm3pcs
94524,https://m.media-amazon.com/images/I/6188dzgiXJL.jpg,952470,width,Detailed size comparison1111.4cm9.7cm125.4cm25.4cm
94525,https://m.media-amazon.com/images/I/6188gaZApoL.jpg,242256,depth,%RRJ4.9 in3.54 inEE
94526,https://m.media-amazon.com/images/I/6188gbcV6eL.jpg,488964,depth,SWeet20inch26.7inch14.5inch21THHappy BiRTHDAYl9inch
94527,https://m.media-amazon.com/images/I/6188hj5fprL.jpg,235313,maximum_weight_recommendation,22Ibs.max
94528,https://m.media-amazon.com/images/I/6188ivZlWtL.jpg,965725,height,[17mm1282mm
94529,https://m.media-amazon.com/images/I/6188kmieN2S.jpg,675317,width,INFORMATION0.98 inch(25 mm)(2.56 inch0.15 inch(65 mm)(4 mm)0.78 inch0.47 inch(20 mm)(12 mm)0.70 inch0.98 inch(18 mm)(25 mm)
94530,https://m.media-amazon.com/images/I/6188ovJ6emL.jpg,625310,width,20 cm97cm24 cm
94531,https://m.media-amazon.com/images/I/6188x+0LszL.jpg,180410,height,+Zi] 20*4*1lcm iphone 13 pro IRKMAJ20cm4cm1lcm
94532,https://m.media-amazon.com/images/I/6188yI-vFSL.jpg,647208,height,Overall Size: Approx: 100 x 40 x 30mm / 3.9 x 1.6 x 1.2in30mm / 1.2in1/7.3.9in10Omm40mm.6in
94533,https://m.media-amazon.com/images/I/6188zB74qBL.jpg,549052,depth,"Best Gift for Cats,Small and Medium1.37Inches3.5cm7.8Inches20cmSIZELength:7.8Inches/2OcmWeight:47g/0.1lbsDogs"
94534,https://m.media-amazon.com/images/I/6188zB74qBL.jpg,549052,width,"Best Gift for Cats,Small and Medium1.37Inches3.5cm7.8Inches20cmSIZELength:7.8Inches/2OcmWeight:47g/0.1lbsDogs"
94535,https://m.media-amazon.com/images/I/6188zsU1YNL.jpg,667819,depth,FrontBack1Oinch10inchFV-NECKV-NECKFRONTBACK11CENTERCENTERADULT0ADULT1BACKFRONTCENTERCENTERYOUIHYOUTHBACKjFRONT1CENTERCENTERCHILDREN ~CHILDRENfFRONT8BACKCENTERCENTER
94536,https://m.media-amazon.com/images/I/6188zsU1YNL.jpg,667819,height,FrontBack1Oinch10inchFV-NECKV-NECKFRONTBACK11CENTERCENTERADULT0ADULT1BACKFRONTCENTERCENTERYOUIHYOUTHBACKjFRONT1CENTERCENTERCHILDREN ~CHILDRENfFRONT8BACKCENTERCENTER
94537,https://m.media-amazon.com/images/I/618963pgIgS.jpg,849273,height,"3""WIDTH1.25mm15""12"""
94538,https://m.media-amazon.com/images/I/618963pgIgS.jpg,849273,depth,"3""WIDTH1.25mm15""12"""
94539,https://m.media-amazon.com/images/I/61899d+PRXL.jpg,487566,height,"LET7[7GOZZEundhochwertigedichter; feiner FlorsehrfursHineinschmiegenvon unserfundenKissen' farblich dieseein echterVorder- und Ruckseite der Deckesich100 %kuscheligeundwollige150ein edlesCozzedas istQUALITA'ONSTERLANDI1Luxuriose EWendewohndeckeMERINOpassendeQualitatallerfeinsterausKombination HinguckerMERINOunterscheidenweicher -Wendewohndeckeweich -optischPolyesterBehaglichkeit,CMx200Weichheit -Aussehenunvergleichlich _Versprechenunser"
94540,https://m.media-amazon.com/images/I/6189BGaVo+L.jpg,844474,width,"8ZasZasZe:ZrZesFeZeree7""1Ipad MiniAPayFeSMeSSA43Pad11.6""/29.Scm59""'Latl'I15cm"
94541,https://m.media-amazon.com/images/I/6189CNluVRL.jpg,370720,maximum_weight_recommendation,4O0 Ibs1600 IbsEaci  WHcELMAXIMUMCAPAcIty
94542,https://m.media-amazon.com/images/I/6189FFYBsCL.jpg,120219,height,GiftMADE INKyaeDe?INDIATFSSMTW693482%818 19415 1624 25 2 2123inch2230 317inch2.5'2023JANUARY4.5inchinch
94543,https://m.media-amazon.com/images/I/6189KHQ4z3L.jpg,403664,depth,"8""8"""
94544,https://m.media-amazon.com/images/I/6189KHQ4z3L.jpg,403664,height,"8""8"""
94545,https://m.media-amazon.com/images/I/6189PKzfPgL.jpg,784538,depth,gTOM1HOLLAnd40in/102cm
94546,https://m.media-amazon.com/images/I/6189PKzfPgL.jpg,784538,width,gTOM1HOLLAnd40in/102cm
94547,https://m.media-amazon.com/images/I/6189TtVt7BS.jpg,625842,item_volume,Nusd]1SpJUSI121100% Spring Waiernalurally alkallneplant-based carton suslcinably sourced1692 FLOZ(106 PD) 500 MLJUSI1003Too%l Spring7100%WelerPaper-|[SpringPlaniebWalerResponCooleJolgIaMidcConeaIa
94548,https://m.media-amazon.com/images/I/6189Yj0YYvL.jpg,849273,height,18cm524cm
94549,https://m.media-amazon.com/images/I/6189bdVm5ML.jpg,258617,width,"Easy to InstallIt is easy to install your big shower curtain rod.2.6""Adjustable1.4"""
94550,https://m.media-amazon.com/images/I/6189bdVm5ML.jpg,258617,depth,"Easy to InstallIt is easy to install your big shower curtain rod.2.6""Adjustable1.4"""
94551,https://m.media-amazon.com/images/I/6189dNul4AL.jpg,838598,width,"Unique design andcolor perfeet fordecorating yourhome4.72x 5.51Stable and keepthe balacemore better84.7""X 4.7""6 bells willbring youwonderfulsound1.18X 1"
94552,https://m.media-amazon.com/images/I/6189eNWarzL.jpg,362818,height,15cm14cm20.5cm
94553,https://m.media-amazon.com/images/I/6189gfZRUEL.jpg,449021,depth,KARATE MITTSGLOVESIZEWIDTHCHILD8CMJUNIOR9CMSENIOR1OCM
94554,https://m.media-amazon.com/images/I/6189gfZRUEL.jpg,449021,height,KARATE MITTSGLOVESIZEWIDTHCHILD8CMJUNIOR9CMSENIOR1OCM
94555,https://m.media-amazon.com/images/I/6189sV+VXgL.jpg,784538,width,"3er set kinderzimmer poster21cmGrobe:3x A4 (21,Ocm x 29,7cm)#Extra dickes 300grlm?PapierGestochen scharfgedruckt29,7cmHochwertigePremium-QualitatWird sicher & plastikfreiverpackt (kein Verknickender Kanten)Versiegelte & matteOberflacheCOzKlimaneutral in DeutschlandNEUTRALhergestellt:"
94556,https://m.media-amazon.com/images/I/6189sV+VXgL.jpg,784538,depth,"3er set kinderzimmer poster21cmGrobe:3x A4 (21,Ocm x 29,7cm)#Extra dickes 300grlm?PapierGestochen scharfgedruckt29,7cmHochwertigePremium-QualitatWird sicher & plastikfreiverpackt (kein Verknickender Kanten)Versiegelte & matteOberflacheCOzKlimaneutral in DeutschlandNEUTRALhergestellt:"
94557,https://m.media-amazon.com/images/I/6189v+a6SFL.jpg,866516,width,624 INCH
94558,https://m.media-amazon.com/images/I/6189v+a6SFL.jpg,866516,depth,624 INCH
94559,https://m.media-amazon.com/images/I/618A0uE82RL.jpg,296366,width,T9479}2.8 in3.6 in18
94560,https://m.media-amazon.com/images/I/618A4Tgv7iL.jpg,721522,height,53EEAEF0EET3cm46.518.30in/24.92in/12.5cm
94561,https://m.media-amazon.com/images/I/618A5M40M3L.jpg,318770,wattage,3.3ft/1M
94562,https://m.media-amazon.com/images/I/618A6NzlZgS.jpg,838598,height,3.34inMLa JlngWindChimes26.77in11.22inW7W1{13.45in32.17in154in
94563,https://m.media-amazon.com/images/I/618AD4cd6YL.jpg,249345,width,PERFECT SIZE FOR FOOD STORAGE100PCSSmooth & TexturedDouble Sided5Pre-cut Mouth15cm
94564,https://m.media-amazon.com/images/I/618AD4cd6YL.jpg,249345,depth,PERFECT SIZE FOR FOOD STORAGE100PCSSmooth & TexturedDouble Sided5Pre-cut Mouth15cm
94565,https://m.media-amazon.com/images/I/618ADV-6SkL.jpg,276611,width,70 cm92 cm35 cm
94566,https://m.media-amazon.com/images/I/618AIq3Vc4L.jpg,483370,depth,19cml7.48in19cml7.84inScml1.96in25cm/9.84in16cm/6.3in
94567,https://m.media-amazon.com/images/I/618AK3pWoKS.jpg,192915,height,4.9Inches3.2Inches
94568,https://m.media-amazon.com/images/I/618AK3pWoKS.jpg,192915,depth,4.9Inches3.2Inches
94569,https://m.media-amazon.com/images/I/618ASN5TjQL.jpg,945489,width,"Unscrew the cap4.7cmcounterclockwise.Pour in the liquid:' , 1a1Tighten the cap clockwiseFlip open the cap and squeeze the liquid"
94570,https://m.media-amazon.com/images/I/618ASN5TjQL.jpg,945489,depth,"Unscrew the cap4.7cmcounterclockwise.Pour in the liquid:' , 1a1Tighten the cap clockwiseFlip open the cap and squeeze the liquid"
94571,https://m.media-amazon.com/images/I/618AYUoVI-L.jpg,452717,depth,"HIGH-QUALITY HANGERSholds weight up to 18LBS,With rotating hooks to make your wardrobe more beautiful18LBS71117.6"" (44.6cm)13"
94572,https://m.media-amazon.com/images/I/618AYVwtlaS.jpg,916768,height,"5 PACKUPGRADED SNAP LOCKING LIDSLifetime Guarantee398*366.5""0z"
94573,https://m.media-amazon.com/images/I/618AYpFYkiS.jpg,658892,width,"Y""16_6_113""1.3""7 -"
94574,https://m.media-amazon.com/images/I/618AYpFYkiS.jpg,658892,depth,"Y""16_6_113""1.3""7 -"
94575,https://m.media-amazon.com/images/I/618AZzi0gYL.jpg,453674,height,"Cyrder Pasta Pot12.5inch/32cm1.Sinch4cm4inch1Ocm8inch/zocmthe capacity 3 Quart, and the weight is 4 pounds/2kg:Size:12.5 X 8 x 5.5inchIt is 3 qt capacity, perfect for single or couples."
94576,https://m.media-amazon.com/images/I/618Ag9CiTML.jpg,351134,height,Product Size7cm/2.8inch2cm/o.8inch7cm/2.8inchPackage Included:1Opcs Boxes1Opcs paper coverX 10X10
94577,https://m.media-amazon.com/images/I/618AhEtyjgS.jpg,430434,width,(0D982.9cm / 1.1in1bbeOddi6.2cm2.4in
94578,https://m.media-amazon.com/images/I/618AhWJQyfL.jpg,292475,depth,Mcm4.3in3';
94579,https://m.media-amazon.com/images/I/618AkPk4HZS.jpg,907907,width,9/16in4.72in3.93inF 102in -0
94580,https://m.media-amazon.com/images/I/618AlGYd30L.jpg,478357,height,23.6 in15.7 in17.7 in15.7 inWaterproofAgainst Slight02GreenScratches
94581,https://m.media-amazon.com/images/I/618AlGYd30L.jpg,478357,width,23.6 in15.7 in17.7 in15.7 inWaterproofAgainst Slight02GreenScratches
94582,https://m.media-amazon.com/images/I/618AqEcoldL.jpg,886874,depth,"11"" / 28 cm9.84"" / 25cm"
94583,https://m.media-amazon.com/images/I/618AqEcoldL.jpg,886874,width,"11"" / 28 cm9.84"" / 25cm"
94584,https://m.media-amazon.com/images/I/618AsJSPe2L.jpg,237000,height,"Fier Pit CoverBeeeeFull Coverage36"" W36"" WI3SQUAREFits up to 36""L 36""W 24""H"
94585,https://m.media-amazon.com/images/I/618AwN4UzML.jpg,978900,height,"802"" [ 5 cm&:3310.8"" / 27.5 cmEach cavity volume: 4.6 0zH:1"" /2.6 cm"
94586,https://m.media-amazon.com/images/I/618AzSF1xDL.jpg,870865,depth,Product Dimensions & AccessoriesLow-ProfleMetal Clip5Pen holderHigh-Quality8.9inPolypropylene
94587,https://m.media-amazon.com/images/I/618AzSF1xDL.jpg,870865,width,Product Dimensions & AccessoriesLow-ProfleMetal Clip5Pen holderHigh-Quality8.9inPolypropylene
94588,https://m.media-amazon.com/images/I/618B0Wwap-L.jpg,764618,width,PRODUCT SIZE CHART12.2inch/31cmj10][D REAHHHIR BE SCUBA DIVINNG1We Recommend That You Measure firstBefore PurchasingMake Sure Thate The Upper Lip of The FrameWon't Cover The State Name Your License
94589,https://m.media-amazon.com/images/I/618B2jwFsuS.jpg,284992,depth,30 cm345 cmIMFAA
94590,https://m.media-amazon.com/images/I/618B2jwFsuS.jpg,284992,height,30 cm345 cmIMFAA
94591,https://m.media-amazon.com/images/I/618B2lLKTHL.jpg,816782,height,"Outdoor MatJVLHeavy duty scraper qualitiesIdeal for:Suitable for year round useDoorwaysShake or hose to easily cleanPatiosMaterial: 100% RubberGreenhousesPorchesSee reverse for care instructionsConservatories01-153Honeycomb RubberDoormat4Ox6Ocm approx5 ""017440011539"
94592,https://m.media-amazon.com/images/I/618BBmOXDGL.jpg,302672,height,BoBoLYNPerfect Size forSpaceUse with candles or wax meltsStylish designs to complementhome decor4.5 foot cord with an onloff switchBoboLynSCENTED WAX MELT WAAMERStarting Your Fragrance Journey3.4 in((4 inGift Box DetailsAnyyourVade NChYA /
94593,https://m.media-amazon.com/images/I/618BBmOXDGL.jpg,302672,depth,BoBoLYNPerfect Size forSpaceUse with candles or wax meltsStylish designs to complementhome decor4.5 foot cord with an onloff switchBoboLynSCENTED WAX MELT WAAMERStarting Your Fragrance Journey3.4 in((4 inGift Box DetailsAnyyourVade NChYA /
94594,https://m.media-amazon.com/images/I/618BDTEdAzL.jpg,141308,depth,25.5cm/10inWest'Is?m2L6biking9nimie
94595,https://m.media-amazon.com/images/I/618BDaKOIHL.jpg,594224,height,;12Sin.Scm/4.14cm/5.9in
94596,https://m.media-amazon.com/images/I/618BE0yoyDL.jpg,658003,height,2.Scm0.98in842cm/16.53in
94597,https://m.media-amazon.com/images/I/618BJZDgEAL.jpg,823083,depth,12 in10.5 in30.48 cm26.67 cm
94598,https://m.media-amazon.com/images/I/618BJZDgEAL.jpg,823083,height,12 in10.5 in30.48 cm26.67 cm
94599,https://m.media-amazon.com/images/I/618BJZDgEAL.jpg,823083,width,12 in10.5 in30.48 cm26.67 cm
94600,https://m.media-amazon.com/images/I/618BMHF0mxL.jpg,180410,width,"BIFOLDWALLETDIMENSIONS8.4"" X 3.55""3.5""MA RUSEHacenede nent8.4"""
94601,https://m.media-amazon.com/images/I/618BMHF0mxL.jpg,180410,height,"BIFOLDWALLETDIMENSIONS8.4"" X 3.55""3.5""MA RUSEHacenede nent8.4"""
94602,https://m.media-amazon.com/images/I/618BbBtNLeL.jpg,184557,depth,"ntPORSCHE3)PuzzleConecheStabil -ohneno glue requiredSolidesans colleStabilesenza collaCupcm / 9.9in:25,11 Radern'Mi bexveglichen wheelss inclusesworking =s fonctlonnelles /with LRoues [giranoTuoteKlebstoffSturdyMichelinCHOPARDEcSGloc|Ravensburger'911 G13Porsche ="
94603,https://m.media-amazon.com/images/I/618BbBtNLeL.jpg,184557,height,"ntPORSCHE3)PuzzleConecheStabil -ohneno glue requiredSolidesans colleStabilesenza collaCupcm / 9.9in:25,11 Radern'Mi bexveglichen wheelss inclusesworking =s fonctlonnelles /with LRoues [giranoTuoteKlebstoffSturdyMichelinCHOPARDEcSGloc|Ravensburger'911 G13Porsche ="
94604,https://m.media-amazon.com/images/I/618BdJAD8eL.jpg,752266,depth,"RECOMMENDEDBULBSBulb base:E26MAX 57""AdjustableLengthBULBS NOT INCLUDEDSPECIFICATIONS9Voltage:110A-CBulb wattage:60W MAXMaterial:Metal. Glasscolor:Brushed: Bronze7"""
94605,https://m.media-amazon.com/images/I/618BfsjjI5L.jpg,516127,height,10 x55 x75cmSize:Money Box3Krafters `Korper /Wooden24#78=DlYM8e8e}
94606,https://m.media-amazon.com/images/I/618Bl445n5L.jpg,430434,width,+~til)-4>) 7v2133608 @#5TWu+ g ()5OmmIsmmmI5mm
94607,https://m.media-amazon.com/images/I/618Bl445n5L.jpg,430434,height,+~til)-4>) 7v2133608 @#5TWu+ g ()5OmmIsmmmI5mm
94608,https://m.media-amazon.com/images/I/618Bl445n5L.jpg,430434,depth,+~til)-4>) 7v2133608 @#5TWu+ g ()5OmmIsmmmI5mm
94609,https://m.media-amazon.com/images/I/618Bpy2VkYL.jpg,558806,height,prodVcTINFORMATIONT;MauadVSuitable for many size cakes6.49in
94610,https://m.media-amazon.com/images/I/618Bpy2VkYL.jpg,558806,width,prodVcTINFORMATIONT;MauadVSuitable for many size cakes6.49in
94611,https://m.media-amazon.com/images/I/618Bpy2VkYL.jpg,558806,depth,prodVcTINFORMATIONT;MauadVSuitable for many size cakes6.49in
94612,https://m.media-amazon.com/images/I/618BqT5FiML.jpg,516098,item_weight,Magical Ingredients for the Modern CookmodernistpantryKitchen AlchemyVEGAAKETO~TENOPerfect Ice CreamStabilizationNET WT 400g/14 OZAfr&
94613,https://m.media-amazon.com/images/I/618BtxANKiL.jpg,693845,width,"SPECIFICATIONBattery: 12V 4.5AhMotor: 2 x 25wCharger: 8-12 HrsSpeed: 1.4 Mph2.8 MphSuitable Age: 3-5 yearsMaximun weight: 61.6lbsDimension: 39.17""(L) x 25.98""(W) x 27.95""(H)27.95""39.1725.98'0ax"
94614,https://m.media-amazon.com/images/I/618BveL78xL.jpg,192915,height,PRODUCTDIMENSIONS1F3WsizeWidthHeightRocker1.3in/3.4cm2.6in/6.7cmToggle0.4in/Icm0.9in/2.3cm6.38in/16.2cmNo Visible Gaps0.26in/0.65cmHAccessories:X6
94615,https://m.media-amazon.com/images/I/618BzX5bpDL.jpg,922872,depth,Suspension DesignSpace saving80{1.896.19
94616,https://m.media-amazon.com/images/I/618C5-XLoPL.jpg,140266,depth,ParametersPC low domeFull reverse polarity protection100% solid-state electronics and glue injection conformal coated:Rated for thousands of hours Of use4.7 INCH15.2 INCHVOLTAGEDC 12V-24VMATERIAL PC LENSESLIFE SPAN: SOOOOHOURSLAMP COLOR:'AmberMOUNTING SCREWSSIZE:5.2*4.7*2 inchPOWER 8WAPPLICATION:EMERGENCY WARNING SAFETY VEHICLESWATERPROOF RATE: IP67 WATERPROOF
94617,https://m.media-amazon.com/images/I/618C8mn56zL.jpg,530124,depth,Soft cloth surface with rubberbase ensures precise; accuratemouse control and consistentstability on your deskellolMyiemeiei1F-I-MMfi535.4in90Omm
94618,https://m.media-amazon.com/images/I/618C8mn56zL.jpg,530124,width,Soft cloth surface with rubberbase ensures precise; accuratemouse control and consistentstability on your deskellolMyiemeiei1F-I-MMfi535.4in90Omm
94619,https://m.media-amazon.com/images/I/618C9ltWoML.jpg,296366,item_weight,"Visible Fast Charging Effect(9)USB Type C supports PD3.0 / PD2.O fast chargingprotocol, making charging faster35nin|8o%75miiin(100%00uo117 wunoadare25349)*The above data is tested with 12V/2A PD3.0 power adapter:The data can be varied according to the power adapter withdifferent specifications:Aob"
94620,https://m.media-amazon.com/images/I/618CEyqQQTL.jpg,751532,width,"Queen SizeII5.12inch5.9inch013.1inch6.25inch81~60,Ibs'Weight Capacity700 IbsZinchZinch"
94621,https://m.media-amazon.com/images/I/618CFb6V3GL.jpg,529606,height,"12PCS14.5cm5.7in17cm6.6in16PCSP Py4cmBinhday1.57in3.3cm/1,.2inBithdodHopod"
94622,https://m.media-amazon.com/images/I/618CGovZ6iL.jpg,529606,width,35HOURS LONG BURN TIMEGIANT 2066. JAR CANDLE8OMMAroma Naturals9OMMIvs &[30s8o0HOME FRAGRANCEQE mbOvwuse
94623,https://m.media-amazon.com/images/I/618CGovZ6iL.jpg,529606,depth,35HOURS LONG BURN TIMEGIANT 2066. JAR CANDLE8OMMAroma Naturals9OMMIvs &[30s8o0HOME FRAGRANCEQE mbOvwuse
94624,https://m.media-amazon.com/images/I/618CHZmDp4L.jpg,953313,item_weight,"HIKVISIONSSDC1OO 2.5""SATA 6Gbls240C1ooGB25'SATAEEC{AlosATEDAMSSD(1c0;5'%R1a240GhHIK VISIONHIKVISION"
94625,https://m.media-amazon.com/images/I/618CQ+-kNfL.jpg,342931,width,KochutensilienSetHochtemperaturbestandig13.66in13.66inSilikon inLebensmittelqualitat44.72in4.72inEinfach zu reinigenIlIKein Geruch3.23in3.23in
94626,https://m.media-amazon.com/images/I/618CQ+-kNfL.jpg,342931,depth,KochutensilienSetHochtemperaturbestandig13.66in13.66inSilikon inLebensmittelqualitat44.72in4.72inEinfach zu reinigenIlIKein Geruch3.23in3.23in
94627,https://m.media-amazon.com/images/I/618CR099lXL.jpg,120219,height,39.5CM5.5CM27CMExpandable12.8CM9.9CM46.8CM
94628,https://m.media-amazon.com/images/I/618CTxYJRvL.jpg,149708,width,Product size02cm/0.78in7168cm/3.14in11cm/4.33in4cm/1.57in
94629,https://m.media-amazon.com/images/I/618CTxYJRvL.jpg,149708,depth,Product size02cm/0.78in7168cm/3.14in11cm/4.33in4cm/1.57in
94630,https://m.media-amazon.com/images/I/618CUIZMtvL.jpg,751862,item_weight,"RawHONEYWt 23.1 Ib0z. (652ofGoldWliteeeedunheatedNet ""7 02,grams)CanadaProduct"
94631,https://m.media-amazon.com/images/I/618CVAzhh6S.jpg,931856,depth,lin14CM3m/118.11?
94632,https://m.media-amazon.com/images/I/618CjEPnZhL.jpg,961155,width,Plug & Play for Various SystemsWindowsMac 10.2AndroidChrome OSLinux7/8/10/11or laterKDo not support M1based MacSupport smartphoneswith OTG function8inScm/1Horowavlink06in14.2cm/5.€
94633,https://m.media-amazon.com/images/I/618CmjDQ9RL.jpg,478357,width,@4R+(x1OOcm60cm22cm44~80.5cm45cm60cm101cm50cm60cm6.6cm
94634,https://m.media-amazon.com/images/I/618Cub8OIbL.jpg,278850,depth,Fsh-Iah-I-I4DeaceHoHohoH 0neEEyBELiEVE(itsNoEl:cQlwveQhrESKSc06 #8t:81.45inJoY913lWelifh YuWeRldToTHENGHTO8; 'Mt81.09in4458
94635,https://m.media-amazon.com/images/I/618CwDd2oVL.jpg,931247,depth,FarbeEingefasstGroke180 x 140cm66Form des ArtikelsRechteckigMaterialPolyvinylchlorid(PVC)VcO
94636,https://m.media-amazon.com/images/I/618D0wXfpHL.jpg,487566,width,i1t9t381e3m@oj0$tx2t)+471263t2708w0 < tz&l'8080801058013524024024026524029578s0ho07i+tx240788 0x8 0cmXvtn240
94637,https://m.media-amazon.com/images/I/618D0wXfpHL.jpg,487566,height,i1t9t381e3m@oj0$tx2t)+471263t2708w0 < tz&l'8080801058013524024024026524029578s0ho07i+tx240788 0x8 0cmXvtn240
94638,https://m.media-amazon.com/images/I/618D583sm3L.jpg,659650,depth,574955.38 in / 13.7 cm
94639,https://m.media-amazon.com/images/I/618D583sm3L.jpg,659650,height,574955.38 in / 13.7 cm
94640,https://m.media-amazon.com/images/I/618D5Q3gYgL.jpg,730429,width,6'IL 12923]07450]5CUARTZ[10.1cm(4in)
94641,https://m.media-amazon.com/images/I/618D5aZEKLL.jpg,416664,height,"29.5""35inch(9Ocm)8flashing modesTVEROF0""8Totally 60 LEDTime6h on/ 18h off )"
94642,https://m.media-amazon.com/images/I/618D5aZEKLL.jpg,416664,depth,"29.5""35inch(9Ocm)8flashing modesTVEROF0""8Totally 60 LEDTime6h on/ 18h off )"
94643,https://m.media-amazon.com/images/I/618D8pDWTyL.jpg,652661,height,13cm12cm30cm
94644,https://m.media-amazon.com/images/I/618DHPg2EIL.jpg,659650,height,Ad Window InsertFit size: 4.6 x 4.3 InchesAdverdisingYourBrand50%OFFNowORDER
94645,https://m.media-amazon.com/images/I/618DICBUSVL.jpg,764618,height,"0,29 ineh12,20 inch"
94646,https://m.media-amazon.com/images/I/618DJv0NC9L.jpg,243137,height,Width: 7ft (210cm)15ONA7iiiInPartyChildrenBirthdayProductVideoNewbornFestivalYou TubeIndoor
94647,https://m.media-amazon.com/images/I/618DJv0NC9L.jpg,243137,depth,Width: 7ft (210cm)15ONA7iiiInPartyChildrenBirthdayProductVideoNewbornFestivalYou TubeIndoor
94648,https://m.media-amazon.com/images/I/618DL7jPXVL.jpg,120219,width,4cm1.8in12.8cm Sin4cm1.8in12.8cm Sin9.8in25cm9.8in25cm
94649,https://m.media-amazon.com/images/I/618DL7jPXVL.jpg,120219,height,4cm1.8in12.8cm Sin4cm1.8in12.8cm Sin9.8in25cm9.8in25cm
94650,https://m.media-amazon.com/images/I/618DM3na4IL.jpg,784538,depth,E150cm(59in)
94651,https://m.media-amazon.com/images/I/618DV4aLwwL.jpg,648011,depth,DimensionsL 0125mm1T
94652,https://m.media-amazon.com/images/I/618DWAL9oTL.jpg,496169,depth,"3.9""II4324"""
94653,https://m.media-amazon.com/images/I/618DXwYHAML.jpg,561844,item_weight,Safety & Comfort<166gTet166g LightweightFoldable DesignEmergencyFunctionStop
94654,https://m.media-amazon.com/images/I/618DYiGhYYL.jpg,254046,height,3ZRMINATOR26.4CM39.5CMJatorCaspcro9nb000. SightingdevigekMainbodyx1(apackofzooo0)Silencecx1USBchaggecXlBatterXlGogglesxzMagazinexl
94655,https://m.media-amazon.com/images/I/618De3hroML.jpg,833373,depth,PRODUCT PARAMETERSCreat a healthy and comfortable life2I5645mm/1.77inTemperature measurement range:-20PC~608C ( 14'F~1409F )Temperature measurement accuracy:*1*Temperature resolution:0.18C (0.2*)Humidity range:10%-99%Humidity measurement accuracy:*5%Humidity resolution:1 %Power supply:3V CE2032*113mm/o.51in7501
94656,https://m.media-amazon.com/images/I/618Dg-XROqL.jpg,599772,height,"69.8""Adjustable Height16.5""27.1""8.1"""
94657,https://m.media-amazon.com/images/I/618DpWxwIbL.jpg,488883,height,25cm25cm4Ocm
94658,https://m.media-amazon.com/images/I/618DsyRoeOL.jpg,284992,depth,TotebagLarge Bag58individuallycraftedAll our bags areindividually crafted37 cmwith lots of lovelWe kindly ask foryourunderstandingas there might besome deviations(+/- 2.5 cm) from8the listedmeasurements.hello-bags
94659,https://m.media-amazon.com/images/I/618DxcZd7SL.jpg,347404,height,9.4 Liter24 cm29 cm18 cm5 cm
94660,https://m.media-amazon.com/images/I/618DxcZd7SL.jpg,347404,depth,9.4 Liter24 cm29 cm18 cm5 cm
94661,https://m.media-amazon.com/images/I/618Dzfm2RWL.jpg,146860,height,20cm26cm16cmHONEYGUARIBAN
94662,https://m.media-amazon.com/images/I/618E3bNEOsL.jpg,142748,height,65cm105cm33cmOPEN/CLOSEeasy to carryReflective Stripeyou 12 Ribs--WindproofAuto Open Closesafe atrainny night:keep
94663,https://m.media-amazon.com/images/I/618E3bNEOsL.jpg,142748,width,65cm105cm33cmOPEN/CLOSEeasy to carryReflective Stripeyou 12 Ribs--WindproofAuto Open Closesafe atrainny night:keep
94664,https://m.media-amazon.com/images/I/618E3bNEOsL.jpg,142748,depth,65cm105cm33cmOPEN/CLOSEeasy to carryReflective Stripeyou 12 Ribs--WindproofAuto Open Closesafe atrainny night:keep
94665,https://m.media-amazon.com/images/I/618E4u2YQAL.jpg,970563,height,"12cm10cmHigh30""Scm"
94666,https://m.media-amazon.com/images/I/618E7mtrMiL.jpg,687759,item_weight,"DIIMENSIONSWidth14.75""#WeightDepth36Lbs22"""
94667,https://m.media-amazon.com/images/I/618E8d2tyaL.jpg,945489,height,Allonger les tubulaires6Boucle de securite{200ml}{1Col filete5.5cm/2.16inch
94668,https://m.media-amazon.com/images/I/618E8d2tyaL.jpg,945489,width,Allonger les tubulaires6Boucle de securite{200ml}{1Col filete5.5cm/2.16inch
94669,https://m.media-amazon.com/images/I/618E8d2tyaL.jpg,945489,depth,Allonger les tubulaires6Boucle de securite{200ml}{1Col filete5.5cm/2.16inch
94670,https://m.media-amazon.com/images/I/618EB+MOEQL.jpg,480845,width,1200mm1
94671,https://m.media-amazon.com/images/I/618EBjntuAL.jpg,676087,depth,Premium FabricFineWorkmanship1X1IRRIIIAppropriate for a table thatcan seat 8-10 people275cm/108inchs7
94672,https://m.media-amazon.com/images/I/618EBjntuAL.jpg,676087,height,Premium FabricFineWorkmanship1X1IRRIIIAppropriate for a table thatcan seat 8-10 people275cm/108inchs7
94673,https://m.media-amazon.com/images/I/618ED5UNQtS.jpg,115666,width,104cm5cm34cm848cm104cm24cm24cm
