index,image_link,group_id,entity_name,e
93874,https://m.media-amazon.com/images/I/617kAutPaVL.jpg,625310,item_weight,~AonksDxI8Computer Phone Music PlayerIndependent audio adjustmentHIFI sound qualityDual speaker output2.0 channel 1OW subwooferprofessional desktop speake
93875,https://m.media-amazon.com/images/I/617kCWYgLvL.jpg,529606,depth,"2019187.5""17inches168h15141312111098654320.71""inches5Gedengni"
93876,https://m.media-amazon.com/images/I/617kCWYgLvL.jpg,529606,height,"2019187.5""17inches168h15141312111098654320.71""inches5Gedengni"
93877,https://m.media-amazon.com/images/I/617kDvPGd7L.jpg,945489,width,4.9 in / 12.5 cm2.3 in / 6 cm
93878,https://m.media-amazon.com/images/I/617kDvPGd7L.jpg,945489,height,4.9 in / 12.5 cm2.3 in / 6 cm
93879,https://m.media-amazon.com/images/I/617kELhVgOL.jpg,916768,width,16.5cm/2.56inch6.5cm/2.56inch
93880,https://m.media-amazon.com/images/I/617kI9z1fGL.jpg,553707,maximum_weight_recommendation,t083/ inF4522 cm)+35 in(89 cm)4 in(10 cm)533/4 in(136.5 cm)MAX2412 inCAPACITY(62 cm)500 Ibs.cm)in(290 -114 _cm)in(114fromadjust Outriggers
93881,https://m.media-amazon.com/images/I/617kLryjk8L.jpg,120219,height,PRODUCT SIZE6.4inchOpen Size:15.8 x 11.6x 2.1 inchClose Size:15.8 X 6.4x 2.1 inch0111.6inchSuitable for drawers higher than 2.1in size
93882,https://m.media-amazon.com/images/I/617kLzIAQTL.jpg,478357,height,"Product Size142LB8.625LBLI9.4M23.629.525LB9.442LBI1.9 ""M39311.8"
93883,https://m.media-amazon.com/images/I/617kNwPkFZL.jpg,120219,height,"24 Tabletts,3 verschiedene GroBen7,5cm7,5cm7,5cm*923,5cm4,5cmx916cm4,5cm23,5cmx64,5cmRutschfeste Pads"
93884,https://m.media-amazon.com/images/I/617kOJ7O6sL.jpg,347404,width,18cm19cm1Ocm
93885,https://m.media-amazon.com/images/I/617kOJ7O6sL.jpg,347404,height,18cm19cm1Ocm
93886,https://m.media-amazon.com/images/I/617kRQUT2IL.jpg,752266,depth,"05""13cm15""/38cm013""/33cm"
93887,https://m.media-amazon.com/images/I/617kSn2FxzL.jpg,516127,height,13cm/5.1in52Ff { e5015cm/5.9in
93888,https://m.media-amazon.com/images/I/617kSn2FxzL.jpg,516127,depth,13cm/5.1in52Ff { e5015cm/5.9in
93889,https://m.media-amazon.com/images/I/617kSn2FxzL.jpg,516127,width,13cm/5.1in52Ff { e5015cm/5.9in
93890,https://m.media-amazon.com/images/I/617kTRXOrGL.jpg,784538,depth,TapestrySize60 inch40 inch
93891,https://m.media-amazon.com/images/I/617kWVB7xML.jpg,752266,depth,1Ocm350cm100cm
93892,https://m.media-amazon.com/images/I/617kWVB7xML.jpg,752266,width,1Ocm350cm100cm
93893,https://m.media-amazon.com/images/I/617kduNJq+L.jpg,311997,height,"WARMREMINDERPlease use the fastening tools included in the pacakge to secure thebackboard, for enhancing the comprehensive stability of the shoe rackthank you for your support!22lb5.7""IIlb31.5511.8""F23.6"""
93894,https://m.media-amazon.com/images/I/617kiUDhSxS.jpg,275506,item_weight,Silent Disco KitSold SeperatelyThis product includes:Ix Silent Disco TransmitterIx Transmitter AC power cordIx RCA to AUX CableOnly compatible with Party Headphones brand headphonesRebIXRom
93895,https://m.media-amazon.com/images/I/617kk7lXq2L.jpg,983323,wattage,8'J4Omm831IO40mm0il
93896,https://m.media-amazon.com/images/I/617kk7lXq2L.jpg,983323,voltage,8'J4Omm831IO40mm0il
93897,https://m.media-amazon.com/images/I/617koytW1eL.jpg,516127,width,Large Card BoxLarge opening for large envelopes6_]Specially designed baseCan DIYWater Proof6inch/17cm1Oinch/25cm1Oinch/25cm
93898,https://m.media-amazon.com/images/I/617kq1lVmBL.jpg,913156,height,"SizeFit for 2"" diameter pillarScm/2.0""candles or led pillar candles7.5cm/3.0'[17.Scm/3.0"""
93899,https://m.media-amazon.com/images/I/617kv20EonL.jpg,696193,height,"Mini SizeThe thickness is as thin as 2.6cm,more suitable for embedding in various devices26mm64.8mm61.lmm"
93900,https://m.media-amazon.com/images/I/617kwKVVc2L.jpg,810266,depth,6cm6cm'VT0MillilitersUxivnk
93901,https://m.media-amazon.com/images/I/617kwKVVc2L.jpg,810266,height,6cm6cm'VT0MillilitersUxivnk
93902,https://m.media-amazon.com/images/I/617kyK3a42L.jpg,258617,depth,L.lin(2.8cm)1.45in(3.7cm)MATERIAL:Crystal GlassStainless Steel Hook
93903,https://m.media-amazon.com/images/I/617kyK3a42L.jpg,258617,width,L.lin(2.8cm)1.45in(3.7cm)MATERIAL:Crystal GlassStainless Steel Hook
93904,https://m.media-amazon.com/images/I/617lC0Nn2gL.jpg,178958,width,81.5 cm65.5 cm49.5 cm33.5 cm17.5 cm2624cmcm
93905,https://m.media-amazon.com/images/I/617lC0Nn2gL.jpg,178958,height,81.5 cm65.5 cm49.5 cm33.5 cm17.5 cm2624cmcm
93906,https://m.media-amazon.com/images/I/617lD24p9bL.jpg,276611,width,97.Scm77cm47cmToolsWww:Lbrilliant-tools:coMTooLsTooLsToolsToolsTooliDowdt co 'ToolsKsuosBRILLIANTToolsDowared(Soots)
93907,https://m.media-amazon.com/images/I/617lD24p9bL.jpg,276611,height,97.Scm77cm47cmToolsWww:Lbrilliant-tools:coMTooLsTooLsToolsToolsTooliDowdt co 'ToolsKsuosBRILLIANTToolsDowared(Soots)
93908,https://m.media-amazon.com/images/I/617lJZDmmkL.jpg,927393,width,FRONTSIDES-biner3mmZmmSmm7ZmmNITE1z €18mm22 : 4gHE:Z5VLZXF-JVMme :7s{Fvm (Aw#B5} )14kg
93909,https://m.media-amazon.com/images/I/617lLQLNoSL.jpg,611510,width,"MAX12.99""280 LBS20.09""15.36""37.8~46.06""24.41~28.74""17.72"""
93910,https://m.media-amazon.com/images/I/617lLTsZa2L.jpg,900156,depth,PRODUCT LENGTH(Fromto bottom of paddles)Length20.3cmWidth13.5cmFor best fit; we recommendmeasuring yoursize_toppalm
93911,https://m.media-amazon.com/images/I/617lLTsZa2L.jpg,900156,width,PRODUCT LENGTH(Fromto bottom of paddles)Length20.3cmWidth13.5cmFor best fit; we recommendmeasuring yoursize_toppalm
93912,https://m.media-amazon.com/images/I/617lLTsZa2L.jpg,900156,height,PRODUCT LENGTH(Fromto bottom of paddles)Length20.3cmWidth13.5cmFor best fit; we recommendmeasuring yoursize_toppalm
93913,https://m.media-amazon.com/images/I/617lNq3m1ML.jpg,752266,height,48w48OOLM15Ocm12Pack
93914,https://m.media-amazon.com/images/I/617lNq3m1ML.jpg,752266,width,48w48OOLM15Ocm12Pack
93915,https://m.media-amazon.com/images/I/617lNq3m1ML.jpg,752266,depth,48w48OOLM15Ocm12Pack
93916,https://m.media-amazon.com/images/I/617lPW-owFL.jpg,428871,item_weight,14-WAY ORGANIZER TOP WITHFULL-LeNGTH DIVIDERS
93917,https://m.media-amazon.com/images/I/617lWXxR2IL.jpg,784538,depth,"3cmCanvasPainting3AreaWhite border reserved->3cm3 cm white edge is default; if you needNo white edge, please send a message for us."
93918,https://m.media-amazon.com/images/I/617lWXxR2IL.jpg,784538,width,"3cmCanvasPainting3AreaWhite border reserved->3cm3 cm white edge is default; if you needNo white edge, please send a message for us."
93919,https://m.media-amazon.com/images/I/617lfTfVTvL.jpg,648011,depth,"Product Sizec AirUv:cPA Est:68Inches7.9'CELiWACE""Purier~CHN-,HVAC'97826-1inches"
93920,https://m.media-amazon.com/images/I/617lfTfVTvL.jpg,648011,width,"Product Sizec AirUv:cPA Est:68Inches7.9'CELiWACE""Purier~CHN-,HVAC'97826-1inches"
93921,https://m.media-amazon.com/images/I/617lfoQxpXL.jpg,752266,width,"E26BASERECOMMENDED BULBS5.51""14cm6.10""15.5cmBULBSARE NOTINCLUDED)28.14""71.5cm7.87"" /20cm"
93922,https://m.media-amazon.com/images/I/617lixzMVkL.jpg,126471,width,Premium materials8Don't settle for lessAnti-skid881base8?8<8838~48809.08D19Ocm x 137cm x 8cmIncreased airEven weightAntiAbsorbLongcirculationdistributiondust-mitemotion31[885]1[851188]190cm -3881lasting
93923,https://m.media-amazon.com/images/I/617llcrT1oL.jpg,701880,item_weight,Supports Heavier Set-ups10kg/22lb payloadPRQNM Wigo 12LBD
93924,https://m.media-amazon.com/images/I/617llcrT1oL.jpg,701880,maximum_weight_recommendation,Supports Heavier Set-ups10kg/22lb payloadPRQNM Wigo 12LBD
93925,https://m.media-amazon.com/images/I/617lvzaGpSL.jpg,926285,item_weight,"SIzingCHARTWomen'sApparel SizesWaist SizeBustYouth M10-1220-22""Youth L14-1622-24""Youth XL18-2024-26""Adult XS22-24""Adult $25-28""32-33.5""Adult M29-30""34-35.5""Adult L31-32""36-37.5""Adult XL33-34""38-39.5""Adult 2XL35-36""40-42"""
93926,https://m.media-amazon.com/images/I/617lxezWMpL.jpg,204245,height,Product Size1OOcm10Ocm200cm73cm94cm
93927,https://m.media-amazon.com/images/I/617m+BA6yEL.jpg,245959,width,00RK1:59inL: 47cm18.5inW: 22cm8.5inRtj:31V2in20.5cm(8in)
93928,https://m.media-amazon.com/images/I/617m2cx9KjL.jpg,932289,depth,"Ensure a Perfect FitMeasure Your AC Unit BeforeOrdering18""H825.5""L"
93929,https://m.media-amazon.com/images/I/617m2cx9KjL.jpg,932289,width,"Ensure a Perfect FitMeasure Your AC Unit BeforeOrdering18""H825.5""L"
93930,https://m.media-amazon.com/images/I/617m32samZL.jpg,658892,width,(L)68mm/2.7in(W1)19mm/0.Zin(W)24mm/o.9in
93931,https://m.media-amazon.com/images/I/617m3HhqcAL.jpg,648011,depth,WizSpaceSenseTm6 cm/2.36 in12.0 cm4.72 inWizCOLORS
93932,https://m.media-amazon.com/images/I/617m3HhqcAL.jpg,648011,height,WizSpaceSenseTm6 cm/2.36 in12.0 cm4.72 inWizCOLORS
93933,https://m.media-amazon.com/images/I/617m3eIKl5L.jpg,178778,height,"DimensionandMaterials12.5 cm / 5 ""Water-resistantDurableZipper7 cm / 2.75 ""24 cm / 9.5 """
93934,https://m.media-amazon.com/images/I/617m66LSbZL.jpg,366962,width,888.26 inch
93935,https://m.media-amazon.com/images/I/617m66LSbZL.jpg,366962,depth,888.26 inch
93936,https://m.media-amazon.com/images/I/617mA3dOjfL.jpg,311997,width,Breite:30cmDicke:hoch:1.55cm38cm14cm
93937,https://m.media-amazon.com/images/I/617mBG09vXL.jpg,758128,width,10 * 10Gozebo Curtain Only7ft1Oft1Oft
93938,https://m.media-amazon.com/images/I/617mFm5-LrL.jpg,730429,width,N0724. 5inchSize: 4.5 x 4.5 x 2.5 inchesWeight: 5.6 ouncesVoltage: 1.SV battery *3Material: ABS plasticMale English voice(North American accent)
93939,https://m.media-amazon.com/images/I/617mNO2QtPL.jpg,969033,width,32cm85Ocm
93940,https://m.media-amazon.com/images/I/617mNO2QtPL.jpg,969033,depth,32cm85Ocm
93941,https://m.media-amazon.com/images/I/617mNO2QtPL.jpg,969033,height,32cm85Ocm
93942,https://m.media-amazon.com/images/I/617mQxbiKnS.jpg,903603,height,"Pl3.7""17.8""8""Weight: 16.8lbPackage Content2483000 watts Inverter x 1Battery Cables x 1ManualX1Cable Lugs""VSEA,300Owiov240291"
93943,https://m.media-amazon.com/images/I/617mWX+Z7JL.jpg,142748,width,7FT8}4
93944,https://m.media-amazon.com/images/I/617mWuQJZ9L.jpg,142748,height,88cm50.5cmJJHZIgiDiuoou18cm
93945,https://m.media-amazon.com/images/I/617mWuQJZ9L.jpg,142748,depth,88cm50.5cmJJHZIgiDiuoou18cm
93946,https://m.media-amazon.com/images/I/617mXsUp+wL.jpg,120219,height,14.5m/5.70in14cmScm(5.5lin)(1.96in)9cm/3.54in7.Scm(2.95in)W18cm/7.O8in
93947,https://m.media-amazon.com/images/I/617mnzxJ-ZL.jpg,752266,width,DIY The Length You WantedThe rod of the island light can removableas you desired height requirement:19.5in39in
93948,https://m.media-amazon.com/images/I/617mnzxJ-ZL.jpg,752266,depth,DIY The Length You WantedThe rod of the island light can removableas you desired height requirement:19.5in39in
93949,https://m.media-amazon.com/images/I/617moKWW6sL.jpg,416664,height,33CM58CMMoKFoirt15CM
93950,https://m.media-amazon.com/images/I/617mqj5XcRL.jpg,648011,depth,"Dimensions13.4 inch34 cm0095 cmWith switch plug wire length 41.3 inch2Wall MountingGround MountingCeiling Mounting3/ ,8inch _"
93951,https://m.media-amazon.com/images/I/617mqj5XcRL.jpg,648011,width,"Dimensions13.4 inch34 cm0095 cmWith switch plug wire length 41.3 inch2Wall MountingGround MountingCeiling Mounting3/ ,8inch _"
93952,https://m.media-amazon.com/images/I/617mqj5XcRL.jpg,648011,height,"Dimensions13.4 inch34 cm0095 cmWith switch plug wire length 41.3 inch2Wall MountingGround MountingCeiling Mounting3/ ,8inch _"
93953,https://m.media-amazon.com/images/I/617mvl-O7YL.jpg,913156,height,"4.5""6"""
93954,https://m.media-amazon.com/images/I/617mvl-O7YL.jpg,913156,depth,"4.5""6"""
93955,https://m.media-amazon.com/images/I/617n3yCVdBL.jpg,245652,width,Product sizeT1inch9.3inch1.4inch
93956,https://m.media-amazon.com/images/I/617n3yCVdBL.jpg,245652,depth,Product sizeT1inch9.3inch1.4inch
93957,https://m.media-amazon.com/images/I/617n5pKNXDL.jpg,417434,height,1.18in2_23. 6in1. 57in2.22. 8in52in2. 8in7 _3in6in24in76in76in95in7lin95in9in
93958,https://m.media-amazon.com/images/I/617n940lVFL.jpg,416664,depth,75mm75mm75mm150mm125mm1OOmmLED Candle VS Traditional CandleOpen fireHigh frequencyBlowning out easilySmoke affects healthinduces fire houseof replacement
93959,https://m.media-amazon.com/images/I/617n940lVFL.jpg,416664,width,75mm75mm75mm150mm125mm1OOmmLED Candle VS Traditional CandleOpen fireHigh frequencyBlowning out easilySmoke affects healthinduces fire houseof replacement
93960,https://m.media-amazon.com/images/I/617nAbkdUaL.jpg,311997,width,Size introduction62 x OAPRIRE BlackFloating Shelves1Ox 3M Command Strips4x Cable Clos9.4cm/3.7in22.9cm/9in
93961,https://m.media-amazon.com/images/I/617nDJC46fL.jpg,750220,item_weight,"ORGANIC MEDJOOLNutrition FactsDA TESpik825Servings per containerServing Size1/2 cup (40gFAmount per servingNETWT.35.3 0z(2.2 LB) 1 KGCalories110Ingredients:Daily valueOrganic dates _MAY CONTAIN: PEANUTS, TREE NUTS, COCONUT;Total Fat0 gSOYSaturated Fat0.0Trans FatCholesterol0 mgSodium0 mgIoal CarohudratesDietary FiberTotal Sugars27 9Includes 0 gAdded SugarsProteinYU 5300101000USDViaminDmcqCalcium26 mgIronmqDistributed by: Tootsi Impex USA Incotassium280 mg28 Valley Road; SuiteMontclair_NJ 07042,USAThe % Daily Value tells you howmuchnutrientin .serving oifood contributesdaily diet 2000 caloriesdayused forenernutiion adviceProduct of United States0 5 5 0 90 0 2 4 3HauuColicCuI _Fertified organic by Ecocert Canada CA-91344"
93962,https://m.media-amazon.com/images/I/617nErl4n8L.jpg,494658,width,"635cm4 Icm43cm3cmReminder: The pillowcase can be removed and washed, andthe inner bladder can be put in a ventilated place for a period of time"
93963,https://m.media-amazon.com/images/I/617nFCT5J6L.jpg,955522,height,Product sizeCAPACITY : 100GTOTAL HEIGHT56MMDIAMETER : 7OMMI112.2inch / S6mm2.75inch / 7Omm100G / 3.40Z
93964,https://m.media-amazon.com/images/I/617nFCT5J6L.jpg,955522,width,Product sizeCAPACITY : 100GTOTAL HEIGHT56MMDIAMETER : 7OMMI112.2inch / S6mm2.75inch / 7Omm100G / 3.40Z
93965,https://m.media-amazon.com/images/I/617nHxeyjRL.jpg,150535,width,StandardSmartphoneSizeApproximately6 InchesHeightInchesHeight15 cmsLengthInches8 cmsInches length:LUGADE'SAMKLBELGAUMSINCE 1930450 gram sWeightLength&Breadth11 Inch
93966,https://m.media-amazon.com/images/I/617nJ9eABhL.jpg,279307,item_weight,"GeLuC#YQ ALLERGENGFILTERSYSTEMB7eHOUSEKEEPERDIS OsBLE FILTER BAGS12SAC  DiLTRATION JETABLESMOTOR FilterBOLSASLtROSFILTRE DU MOTEURDESCARTABLESFILTRO DE MotorFITS ALLHousekeedeo"" COHPACT CANSTER ModELSReorder K0PAQUET MtPKBB (2L _4"
93967,https://m.media-amazon.com/images/I/617nUQWfm6L.jpg,648011,depth,"ProductSpecification3.7 inBase Type: Medium E26Color Temp: 5000KPower: 8.5W (65W Equivalent)Lumen:65OLM5.1 inCRI: 80+SHiNESTAR650 LUMENSVoltage: ACIZOVSOOoK LED BR3OB,5W IPOVAC G0Hz E26DIMMABLE360Beam Angle: 11089zDimmable: YesKPlyriztsJNyLife Span: 13 Years8(Based on 3hrIday)STATESONEDOLL"
93968,https://m.media-amazon.com/images/I/617nUQWfm6L.jpg,648011,height,"ProductSpecification3.7 inBase Type: Medium E26Color Temp: 5000KPower: 8.5W (65W Equivalent)Lumen:65OLM5.1 inCRI: 80+SHiNESTAR650 LUMENSVoltage: ACIZOVSOOoK LED BR3OB,5W IPOVAC G0Hz E26DIMMABLE360Beam Angle: 11089zDimmable: YesKPlyriztsJNyLife Span: 13 Years8(Based on 3hrIday)STATESONEDOLL"
93969,https://m.media-amazon.com/images/I/617nUttp6kL.jpg,521308,height,DIMENSIONS94cm52cm81cm47cm92cm58cm12cm40cm74cm124cm
93970,https://m.media-amazon.com/images/I/617nWRi0zoL.jpg,119607,width,BAR4.72in/12cmWOpen818.66in/22cm
93971,https://m.media-amazon.com/images/I/617nWRi0zoL.jpg,119607,depth,BAR4.72in/12cmWOpen818.66in/22cm
93972,https://m.media-amazon.com/images/I/617naU-hekL.jpg,998545,item_weight,25LB25LB
93973,https://m.media-amazon.com/images/I/617ncwU5vrL.jpg,752266,width,"Wall to light distance9.65""245mmH:6.89""M175mmL:12""305mmIron materialGlass lampshadeE26 lampholder"
93974,https://m.media-amazon.com/images/I/617nmEb13YL.jpg,332892,width,"HD-108TECHNICAL SPECIFICATIONS26""4""Lifetime OREI Tech Support &12-Month Manufacturer's WarrantyWARRANTYCOMPACTSIZEpounds1.57Weight:Kom"
93975,https://m.media-amazon.com/images/I/617nqvV26mL.jpg,751532,width,"125,5 cm(49.4"")18153196cm(37.8"")205,=cm(80.9"")"
93976,https://m.media-amazon.com/images/I/617nr790OKL.jpg,220662,depth,30Z DISPOSABLEPAPER CUP DISPENSEREco-friendlyNon-toxicRobust &Smooth &&Safety& OdorlessWear-resistantRust-proof2.Sinch4.7inch3.2inch
93977,https://m.media-amazon.com/images/I/617nrR9tWQL.jpg,149159,height,11.8cm29cm23.lcm
93978,https://m.media-amazon.com/images/I/617nxoXiuxL.jpg,220662,width,16.5cmScm6.5cm4.8cm5.8cm6cm13
93979,https://m.media-amazon.com/images/I/617o+9sGfkL.jpg,675317,width,58mm4 R81mm12mm8mm1Omm
93980,https://m.media-amazon.com/images/I/617o-xKxfSL.jpg,311997,height,"11.8""59 ""11.8 ""11.8 ""=16.7"""
93981,https://m.media-amazon.com/images/I/617o0r-LKGL.jpg,243137,height,1.8m2.8m
93982,https://m.media-amazon.com/images/I/617o0r-LKGL.jpg,243137,width,1.8m2.8m
93983,https://m.media-amazon.com/images/I/617o17nzKhL.jpg,931856,depth,3.5CM/1.4IN1OCM/4INTOTAL LENGTH 35MX 3PCS
93984,https://m.media-amazon.com/images/I/617o17nzKhL.jpg,931856,width,3.5CM/1.4IN1OCM/4INTOTAL LENGTH 35MX 3PCS
93985,https://m.media-amazon.com/images/I/617o1RFmL9L.jpg,132401,height,"TAILLE D'OREILLER :U 6ox4ocmCONFIDENCEIN TEXTILESTested for harmful substancesaccording to Oeko-Tex"" Standard 100SHNO 099268testeX4OCM6OCM"
93986,https://m.media-amazon.com/images/I/617o1fR0-2L.jpg,276611,depth,I9Ocm4I8OcmTiefe:Slcm
93987,https://m.media-amazon.com/images/I/617o1fR0-2L.jpg,276611,height,I9Ocm4I8OcmTiefe:Slcm
93988,https://m.media-amazon.com/images/I/617o1fR0-2L.jpg,276611,width,I9Ocm4I8OcmTiefe:Slcm
93989,https://m.media-amazon.com/images/I/617oCCouy-L.jpg,149708,depth,18cm66cm23.5cm
93990,https://m.media-amazon.com/images/I/617oCCouy-L.jpg,149708,height,18cm66cm23.5cm
93991,https://m.media-amazon.com/images/I/617oCCouy-L.jpg,149708,width,18cm66cm23.5cm
93992,https://m.media-amazon.com/images/I/617oK3JR9aL.jpg,150535,height,PRODUCT SIZE2PCS12cm/o.79inch20cm/7.9inchBUENTYA
93993,https://m.media-amazon.com/images/I/617oK3JR9aL.jpg,150535,width,PRODUCT SIZE2PCS12cm/o.79inch20cm/7.9inchBUENTYA
93994,https://m.media-amazon.com/images/I/617oNm3GulL.jpg,658034,item_weight,"FloraFlexFloraFlexFloraFlexFloraFlexNutrientsNutentsAutranteNutnen&TMTMTMVIV2Bl""B2VEGETATIEVEGETATIVEBLOOMBLOOMIbPART 1(453PART 217-26(453PART4-0-22(,451PART 2 0,2818(453 kg)FloraFlexFloraFlexlde enisNutrientsBloomFoliarBFERTILIZER SpRAvA1lbBLOOM STIMULATOR0 - 14431030(453 kg)473530Ib(453 tgjFloraFlexMurenta'JFloraFlexBulkyNutrFullVegTilt""FoliarLATEBLOOMRIPENER 'SpraFERTILIZER"
93995,https://m.media-amazon.com/images/I/617oQubU+3L.jpg,296953,height,"DIMENSIONS14.75""1915.50""EXTERIOR: 14.75"" x 15.50"" x 19""INTERIOR: 13.25"" x 12"" x 14.75""60KEEPS ICECANFOR UP TO 3 DAYSTITAN"
93996,https://m.media-amazon.com/images/I/617oRZzgJSL.jpg,675680,height,{526cm/10.23in26cm/10.23in
93997,https://m.media-amazon.com/images/I/617oXMtg3jL.jpg,844474,height,"43cmA4 PAPEROVERHEAD VIEWPRESENTATIONMOCKUPV.01New 44 Psd Mock-Up WithPILe OF 44 PAPERSTo PResenT Your BRaND LetterheadAnD Other Stationery Design With STYLE-mbilnging,onalrersk Ottna hrstn AichFREE RESOURCEdar buauiituly celtd19cm31cm"
93998,https://m.media-amazon.com/images/I/617obRwNi4L.jpg,276611,height,"23.6""11.8""10""31.5""28.3""9.4""1.9""11.2"""
93999,https://m.media-amazon.com/images/I/617ocw8e7jL.jpg,947369,width,112mm57mm2Omm
94000,https://m.media-amazon.com/images/I/617oeVP2TZL.jpg,866516,depth,"Manual measurement, there may be some error1.57inchI4cmheight:0.48inch/2cm1.57inchl4cm"
94001,https://m.media-amazon.com/images/I/617oeVP2TZL.jpg,866516,width,"Manual measurement, there may be some error1.57inchI4cmheight:0.48inch/2cm1.57inchl4cm"
94002,https://m.media-amazon.com/images/I/617ofLfCqiL.jpg,478357,width,"35.81""19""25"""
94003,https://m.media-amazon.com/images/I/617onJTilxL.jpg,521308,width,"Dimensions130""65.7""12.2""26.415.4""58.3""24.8""29.1""26.4""30_36.2"""""
94004,https://m.media-amazon.com/images/I/617onTyLrbL.jpg,384298,height,17CM828CM
94005,https://m.media-amazon.com/images/I/617onTyLrbL.jpg,384298,depth,17CM828CM
94006,https://m.media-amazon.com/images/I/617opLi0SML.jpg,784538,depth,350gsmMattefadeCardstockFinishResistant4inAppiest OfOWEENWiSheS6in
94007,https://m.media-amazon.com/images/I/617opLi0SML.jpg,784538,height,350gsmMattefadeCardstockFinishResistant4inAppiest OfOWEENWiSheS6in
94008,https://m.media-amazon.com/images/I/617opLi0SML.jpg,784538,width,350gsmMattefadeCardstockFinishResistant4inAppiest OfOWEENWiSheS6in
94009,https://m.media-amazon.com/images/I/617otLlMPeL.jpg,292475,depth,15.1in/13cm
94010,https://m.media-amazon.com/images/I/617otLlMPeL.jpg,292475,height,15.1in/13cm
94011,https://m.media-amazon.com/images/I/617p0yAiGXL.jpg,180410,width,Product informationDREAMTraVEL018.5cm12.5cm09
94012,https://m.media-amazon.com/images/I/617p5BInL-L.jpg,752266,height,"Product Dimension4.7""Bulb not included6OW MaxCFLTotal:71""(Adjustabie)2IIO-I20VLEDE26 BaseINCANDESCENT7.4""10.2"""
94013,https://m.media-amazon.com/images/I/617p5BInL-L.jpg,752266,depth,"Product Dimension4.7""Bulb not included6OW MaxCFLTotal:71""(Adjustabie)2IIO-I20VLEDE26 BaseINCANDESCENT7.4""10.2"""
94014,https://m.media-amazon.com/images/I/617p5BInL-L.jpg,752266,width,"Product Dimension4.7""Bulb not included6OW MaxCFLTotal:71""(Adjustabie)2IIO-I20VLEDE26 BaseINCANDESCENT7.4""10.2"""
94015,https://m.media-amazon.com/images/I/617p7mdoYBL.jpg,932012,height,"Size95x72 InchColorBrown WithoutPrivacy BackingMaterialBambooMounting TypeInside Mount,OutsideMount"
94016,https://m.media-amazon.com/images/I/617p7mdoYBL.jpg,932012,depth,"Size95x72 InchColorBrown WithoutPrivacy BackingMaterialBambooMounting TypeInside Mount,OutsideMount"
94017,https://m.media-amazon.com/images/I/617pCdz-ysL.jpg,784538,depth,12inchOMctSet of 5 Prints2x [12 x 16] inches and3x [8 x 10] inches in size[Unframed printsComes off the press withUV resistant inksPrinted on 30Ogsm fine8inchart paperM m-Ic]KnereVOG7isuer
94018,https://m.media-amazon.com/images/I/617pCdz-ysL.jpg,784538,width,12inchOMctSet of 5 Prints2x [12 x 16] inches and3x [8 x 10] inches in size[Unframed printsComes off the press withUV resistant inksPrinted on 30Ogsm fine8inchart paperM m-Ic]KnereVOG7isuer
94019,https://m.media-amazon.com/images/I/617pDWYVMKL.jpg,311997,height,SvFz~-xbbSvFz~-KRANGHJZ1SvFz~-zSwFz~-zrtzEiiz^-Xel JETrE< < Eiklzetg3svFz^-Zrliz^-ZelFl7uttltago #It < +w$vz~-Zrnnlvuttl . 3^-ZIzsRt+ tl1bBEI66g90-go #t. Aa45cmlitojer?shl7m228874307. Tstoxhezibakvdo
94020,https://m.media-amazon.com/images/I/617pDWYVMKL.jpg,311997,depth,SvFz~-xbbSvFz~-KRANGHJZ1SvFz~-zSwFz~-zrtzEiiz^-Xel JETrE< < Eiklzetg3svFz^-Zrliz^-ZelFl7uttltago #It < +w$vz~-Zrnnlvuttl . 3^-ZIzsRt+ tl1bBEI66g90-go #t. Aa45cmlitojer?shl7m228874307. Tstoxhezibakvdo
94021,https://m.media-amazon.com/images/I/617pDWYVMKL.jpg,311997,width,SvFz~-xbbSvFz~-KRANGHJZ1SvFz~-zSwFz~-zrtzEiiz^-Xel JETrE< < Eiklzetg3svFz^-Zrliz^-ZelFl7uttltago #It < +w$vz~-Zrnnlvuttl . 3^-ZIzsRt+ tl1bBEI66g90-go #t. Aa45cmlitojer?shl7m228874307. Tstoxhezibakvdo
94022,https://m.media-amazon.com/images/I/617pHYzPP2L.jpg,810266,width,Grobe9cm3cm8E14.5cmFassungsvermogenvon etwa 200ml/7oz
94023,https://m.media-amazon.com/images/I/617pHkw8n4L.jpg,675317,depth,"productsize71112PCS00.31""/0.8cm1"
94024,https://m.media-amazon.com/images/I/617pRRng+3S.jpg,658003,width,"BATHTUB RACKRETRACTABLE DESIGN, UP TO 9OCMRETRACTABLEALL MADE OF STAINLESS STEELDESIGN"
94025,https://m.media-amazon.com/images/I/617pRRng+3S.jpg,658003,depth,"BATHTUB RACKRETRACTABLE DESIGN, UP TO 9OCMRETRACTABLEALL MADE OF STAINLESS STEELDESIGN"
94026,https://m.media-amazon.com/images/I/617pRRng+3S.jpg,658003,height,"BATHTUB RACKRETRACTABLE DESIGN, UP TO 9OCMRETRACTABLEALL MADE OF STAINLESS STEELDESIGN"
94027,https://m.media-amazon.com/images/I/617pX5FpC7L.jpg,847223,height,"PRODUCT SIZE6402400z3.5""2.9""7.5""8""OUTSIDE: 7.5"" x 2.9""OUTSIDE: 8"" x 3.5""EMPTY WEIGHT: 1.1 poundsEMPTY WEIGHT: 1.3 poundsVOLUME: 40 OZVOLUME: 64 OZ"
94028,https://m.media-amazon.com/images/I/617pX5FpC7L.jpg,847223,width,"PRODUCT SIZE6402400z3.5""2.9""7.5""8""OUTSIDE: 7.5"" x 2.9""OUTSIDE: 8"" x 3.5""EMPTY WEIGHT: 1.1 poundsEMPTY WEIGHT: 1.3 poundsVOLUME: 40 OZVOLUME: 64 OZ"
94029,https://m.media-amazon.com/images/I/617pcz3x9GL.jpg,826444,height,7.5cM0314CM
94030,https://m.media-amazon.com/images/I/617pcz3x9GL.jpg,826444,depth,7.5cM0314CM
94031,https://m.media-amazon.com/images/I/617pgYYuimL.jpg,944936,depth,44 SheetprieseaedtheUK210mm x 297mmPremium3oOgsm glosscoated card100%RecyclableCard Size145mm X 145mm
94032,https://m.media-amazon.com/images/I/617pioLua5L.jpg,804621,item_weight,1PC SALEBlue ColorProfessional Knee Brace
94033,https://m.media-amazon.com/images/I/617ppr8b4PL.jpg,549052,width,48in19cm/755cm/21.E.65in.14in1
94034,https://m.media-amazon.com/images/I/617pv-x4B6S.jpg,178778,height,5.1 INCH3 INCH7.3 INCH
94035,https://m.media-amazon.com/images/I/617pv-x4B6S.jpg,178778,depth,5.1 INCH3 INCH7.3 INCH
94036,https://m.media-amazon.com/images/I/617pyjeLMCL.jpg,752266,depth,"hofstein8cm;96Ocm),Scm"
94037,https://m.media-amazon.com/images/I/617q15cYlXL.jpg,366962,depth,BUSINESS CARD SIZE3.5 inchGOODJOB?NAME:2 inchAfter 10 punches I will earn:BLANK REVERSE SIDE CAN BE USEDTO WRITE CUSTOMIZED DETAILS
94038,https://m.media-amazon.com/images/I/617q5KYrWuL.jpg,529606,depth,Healthy Pure Patural FragranceALITTLE BIRDIEMEIT'S YOUR BIRTHDAY3.5inSoIATE IT.2.8in7 ozS0H burn timeEco-friendlyTOLD
94039,https://m.media-amazon.com/images/I/617q5KYrWuL.jpg,529606,height,Healthy Pure Patural FragranceALITTLE BIRDIEMEIT'S YOUR BIRTHDAY3.5inSoIATE IT.2.8in7 ozS0H burn timeEco-friendlyTOLD
94040,https://m.media-amazon.com/images/I/617q5KYrWuL.jpg,529606,width,Healthy Pure Patural FragranceALITTLE BIRDIEMEIT'S YOUR BIRTHDAY3.5inSoIATE IT.2.8in7 ozS0H burn timeEco-friendlyTOLD
94041,https://m.media-amazon.com/images/I/617q7oXYwtS.jpg,375438,width,Portable Power Sprayercebultca oreredios r0 rreron;ing fs &etytot&RomretoddeampeesejwurlasriStrelm %ryjz0cmMisst21cm24.ScmMAX2L@Baalxrta280g16.ScmRiidLawn & Garden (oreHousehold CoreSterlizotion
94042,https://m.media-amazon.com/images/I/617qIs6tpUL.jpg,524117,height,55 mm470 mm70 mm
94043,https://m.media-amazon.com/images/I/617qL1K7F5S.jpg,557758,item_volume,"VE'RE AWE'PsW30SertifiedCerCBcorporationRalas0Dise""fi#VE'RE AA""SertifiedCen.GitiedEALORIESCLEAMEnERGY""88""EOz(1P)'"
94044,https://m.media-amazon.com/images/I/617qNcuuEdL.jpg,296366,width,Product SizeDimension approx: 7.24inch5.83inch3.03inchCable length approx: 56inches/1.43M7.24inch15.83inch
94045,https://m.media-amazon.com/images/I/617qVoSoWVL.jpg,470067,width,"Dimension10.62""6.88""6.29""4.333""66.29""2.16"""
94046,https://m.media-amazon.com/images/I/617qXOs2BrL.jpg,725915,width,Product size details25N&J13782.Icm/0.82in2.7cml1.06in4PCS.6cm/o..63in.6cm/o.63in
94047,https://m.media-amazon.com/images/I/617qpCqV+cL.jpg,328024,item_weight,"LUsongshineStepping Motor17HS44O1SLot No:20190610NameNema 17 stepper motorModel17HS4401SStep Angle1,8* 0,09Rated voltage:DC 3. 6 VRated CurrentDC 1,5 A / PhaseHolding Torque:2 420mN. MMaximum no load2 1900 PPSStarling frequencyWeight255 g"
94048,https://m.media-amazon.com/images/I/617qwbpcPtL.jpg,208023,height,Size InformationInformacion de tamano7Inch12Inch7Inch12Inch
94049,https://m.media-amazon.com/images/I/617qwbpcPtL.jpg,208023,depth,Size InformationInformacion de tamano7Inch12Inch7Inch12Inch
94050,https://m.media-amazon.com/images/I/617qx1niKXL.jpg,478357,height,"unit:inchCp: Q4c4t15""JV4zWuchZaT JMBhN19""15""~2.8""4.5""17.5""11.4"""
94051,https://m.media-amazon.com/images/I/617qyE+W4hL.jpg,119607,depth,"DealMummyYOu MaI not have met me yet, but Our love is 50 StrongAlthough it feels like foreverit won't be that longIhear gour voice when'retalkingand Ifeelhappu insidesIcannot wait for the momentthat our two worlds collideJoue Qom4 x 4 inchYourBump"
94052,https://m.media-amazon.com/images/I/617qyE+W4hL.jpg,119607,width,"DealMummyYOu MaI not have met me yet, but Our love is 50 StrongAlthough it feels like foreverit won't be that longIhear gour voice when'retalkingand Ifeelhappu insidesIcannot wait for the momentthat our two worlds collideJoue Qom4 x 4 inchYourBump"
94053,https://m.media-amazon.com/images/I/617qyZJVXIL.jpg,783898,width,125cm/9.84inch[125.3cm/9.96inch
94054,https://m.media-amazon.com/images/I/617r-xV92iL.jpg,752266,height,"5.31 ""1.81Compatiblc with flat.sloped andvaultedcci [Ad,justable Chain5.9145Ad justable ChainTotal Lenght: 79in35. 434411.41ULApproved L1224Lampholder(Dont Include Bulb)40ings"
94055,https://m.media-amazon.com/images/I/617r0sO2yVL.jpg,949192,depth,17.Scm/6.88inI11
94056,https://m.media-amazon.com/images/I/617rEnqm2oL.jpg,847223,width,Product sizeGreenPinkPurple18cm/7 .O9in3cm/1.18in
94057,https://m.media-amazon.com/images/I/617rEnqm2oL.jpg,847223,height,Product sizeGreenPinkPurple18cm/7 .O9in3cm/1.18in
94058,https://m.media-amazon.com/images/I/617rMkiVisS.jpg,347404,width,Product Size]4.8in12cm/4.12cmle8in10cm/3.9in9in1Ocm/3.
94059,https://m.media-amazon.com/images/I/617rRuCZjRL.jpg,916768,width,Large Capacity of 340z3.4in(8.5 cm)4.2 in(10.7 cm)23.7 OZ(700 ml)6.9 in(17.5 cm)10.5 OZ1.9 in(310 ml)(4.8 cm)
94060,https://m.media-amazon.com/images/I/617rRuCZjRL.jpg,916768,depth,Large Capacity of 340z3.4in(8.5 cm)4.2 in(10.7 cm)23.7 OZ(700 ml)6.9 in(17.5 cm)10.5 OZ1.9 in(310 ml)(4.8 cm)
94061,https://m.media-amazon.com/images/I/617rVCkXo7L.jpg,931856,height,"Velener: Medium Agave (Yellow)22""55cm205Ocm6.3""16cmWaterproof and allergen friendlyFlexible to style in any way"
94062,https://m.media-amazon.com/images/I/617rVCkXo7L.jpg,931856,width,"Velener: Medium Agave (Yellow)22""55cm205Ocm6.3""16cmWaterproof and allergen friendlyFlexible to style in any way"
94063,https://m.media-amazon.com/images/I/617rZBHcjYL.jpg,918186,width,Jelele3326cm
94064,https://m.media-amazon.com/images/I/617rewJ9snL.jpg,734280,height,"SIZE CHARTNOTICEPleasemeasure your pet neckcircumference before ordering:WManual measurement has an errorof 0.4 Inches.LENGTHWIDTHS10.4""315.6""0.65""M12.7""E19.7""0.75""15.1""523""1'"
94065,https://m.media-amazon.com/images/I/617rewJ9snL.jpg,734280,depth,"SIZE CHARTNOTICEPleasemeasure your pet neckcircumference before ordering:WManual measurement has an errorof 0.4 Inches.LENGTHWIDTHS10.4""315.6""0.65""M12.7""E19.7""0.75""15.1""523""1'"
94066,https://m.media-amazon.com/images/I/617rjIYbXBL.jpg,801829,width,CHAIR DIMENSIONEASY TO ASSEMBLE330LBSWeight Capacity35.43in23.62in24.02in18.50in16.93in25.98in34.25in
94067,https://m.media-amazon.com/images/I/617roUE-q8L.jpg,145452,depth,"Lasulline1BOUTEILLEDIMENSIONSPETITBouchonBublimeLivree aveca visserBOUTEILLEune jolie boite67 M~Liaen kraftHlleup6NounowHounou500mLso0mlaelor inorydeblecollectionp 7,7 cmMATERIAUISOTHERMEAcier inoxydable8: Chaud12hFroid24hDe belles emotions signees MANAH-IABELLL{ualVond Mondl"
94068,https://m.media-amazon.com/images/I/617roUE-q8L.jpg,145452,width,"Lasulline1BOUTEILLEDIMENSIONSPETITBouchonBublimeLivree aveca visserBOUTEILLEune jolie boite67 M~Liaen kraftHlleup6NounowHounou500mLso0mlaelor inorydeblecollectionp 7,7 cmMATERIAUISOTHERMEAcier inoxydable8: Chaud12hFroid24hDe belles emotions signees MANAH-IABELLL{ualVond Mondl"
94069,https://m.media-amazon.com/images/I/617rq-aG5-L.jpg,849273,height,"14""(35cm)79L.15""(38cm)(.75 Ibper23""(58cm)14""(35cm)[23""(58cm)bag"
94070,https://m.media-amazon.com/images/I/617rt7Y8FDL.jpg,784538,height,"19cm/7.48""19cm/7.48"""
94071,https://m.media-amazon.com/images/I/617rt7Y8FDL.jpg,784538,width,"19cm/7.48""19cm/7.48"""
94072,https://m.media-amazon.com/images/I/617rxjhEffS.jpg,119607,width,23cm/9.Oin7]5
94073,https://m.media-amazon.com/images/I/617rxjhEffS.jpg,119607,depth,23cm/9.Oin7]5
