index,image_link,group_id,entity_name,e
90874,https://m.media-amazon.com/images/I/616+wWbOS3L.jpg,932012,depth,"INSIDE MOUNT26""SIZE SELECTION26""72""0.5""1/4"" less than the window width72""OUTSIDE MOUNT26""72""The fabric will be 1less than whole width4""-6"" wider than window width"
90875,https://m.media-amazon.com/images/I/616+wWbOS3L.jpg,932012,width,"INSIDE MOUNT26""SIZE SELECTION26""72""0.5""1/4"" less than the window width72""OUTSIDE MOUNT26""72""The fabric will be 1less than whole width4""-6"" wider than window width"
90876,https://m.media-amazon.com/images/I/616+zxa1NvL.jpg,106003,height,"Product information10cm3.94iniPhone3.Scm1.37in15.5cm6.1inAll parameters are measured by hand,due to different measurement methods the error of 1-3cm is normal.Weight:Style:About 135gCoinSize:15.Scm*10cm*3.ScmMaterial:First Oil waxStructure:2 main1hand strapbagbags;"
90877,https://m.media-amazon.com/images/I/616-6xx9U6L.jpg,599772,height,"EASY TO INSTALLINCLUDES 3 X SHELVES , SCREW FITTINGS AND INSTRUCTIONS3pack1.7 INCH2.6 INCH15 INCHMINIMALIST OPEN-END SHELVES & LOW FRONTLIP TO KEEP SPICES SECURE & LABELS VISIBLE"
90878,https://m.media-amazon.com/images/I/616-ADq0G4L.jpg,442321,width,8Ocm45cm74 . Scm2Foldable2YearWarranty
90879,https://m.media-amazon.com/images/I/616-AWTxhaL.jpg,849273,depth,11.8 in30 cm283
90880,https://m.media-amazon.com/images/I/616-AWTxhaL.jpg,849273,width,11.8 in30 cm283
90881,https://m.media-amazon.com/images/I/616-B-BjLvL.jpg,545902,depth,7.5 in / 19.0 cm8.6 in / 22.0 cm
90882,https://m.media-amazon.com/images/I/616-B-BjLvL.jpg,545902,width,7.5 in / 19.0 cm8.6 in / 22.0 cm
90883,https://m.media-amazon.com/images/I/616-Dj7c0BL.jpg,385140,depth,2W12V136mm11Omm
90884,https://m.media-amazon.com/images/I/616-Dj7c0BL.jpg,385140,width,2W12V136mm11Omm
90885,https://m.media-amazon.com/images/I/616-Ea0IkiL.jpg,292475,depth,6 inch075536-inch Small BowlKey Bowl
90886,https://m.media-amazon.com/images/I/616-Ea0IkiL.jpg,292475,height,6 inch075536-inch Small BowlKey Bowl
90887,https://m.media-amazon.com/images/I/616-FaIxvbL.jpg,483370,height,Dog stuffed animal9in76.69inA8in
90888,https://m.media-amazon.com/images/I/616-GjYs9yL.jpg,296366,depth,"PARAMETERSCITVoRK""LCRBROEERYNNNAMIMHni CD11cm23.5cmLCD Battery ChargerFor AAJAAA Ni-MHINi-CD BatteryMODEL NO: PL-NC30Input: 12V 2000mAOutput:AA 1.2x12500mA(€AAA 1.2Vx12250mACaution:Read instructions before charging. Can charge NI-MHINI-CDrechargeable batteries_Dry Location Only. Risk of Electric Shock."
90889,https://m.media-amazon.com/images/I/616-GjYs9yL.jpg,296366,width,"PARAMETERSCITVoRK""LCRBROEERYNNNAMIMHni CD11cm23.5cmLCD Battery ChargerFor AAJAAA Ni-MHINi-CD BatteryMODEL NO: PL-NC30Input: 12V 2000mAOutput:AA 1.2x12500mA(€AAA 1.2Vx12250mACaution:Read instructions before charging. Can charge NI-MHINI-CDrechargeable batteries_Dry Location Only. Risk of Electric Shock."
90890,https://m.media-amazon.com/images/I/616-K-cTpAL.jpg,866516,height,7[832cm/12.59in
90891,https://m.media-amazon.com/images/I/616-K-cTpAL.jpg,866516,depth,7[832cm/12.59in
90892,https://m.media-amazon.com/images/I/616-TX3d42L.jpg,243137,depth,Product Size1L65FI_Spandex Fitted Fabric4FTExquisite WorkmanshipWedding arch cover can be easily matchedwith other decorations to createra unique and beautiful scene:
90893,https://m.media-amazon.com/images/I/616-TX3d42L.jpg,243137,width,Product Size1L65FI_Spandex Fitted Fabric4FTExquisite WorkmanshipWedding arch cover can be easily matchedwith other decorations to createra unique and beautiful scene:
90894,https://m.media-amazon.com/images/I/616-V2e5qML.jpg,749917,item_weight,"BRAND:PMZBOW LENGTH:50""BOW WEIGHT: 0.66lbSTRING LENGTH:44""44""DRAW WEIGHT AT: 28""MAX DRAW LENGTH: 32""BRACE HEIGHTS:6.3""DRAW WEIGHT:30lbs-50lbsHAND ORIENTATION:AMBIDEXTROUS"
90895,https://m.media-amazon.com/images/I/616-d2ayQyL.jpg,866516,depth,01Ocm4Ocm
90896,https://m.media-amazon.com/images/I/616-d2ayQyL.jpg,866516,height,01Ocm4Ocm
90897,https://m.media-amazon.com/images/I/616-eRtWaDL.jpg,724384,depth,"GhoraYou can release your hands:Use polyester materialHang up your cell phone,printing processchain, ID card, etc.Soft and comfortable,reduce the pressureon the neck182.67 inch623.34 inchLength45cm (18 inch)Suitable for adults and childrenspecialkeyM@@Nitux"
90898,https://m.media-amazon.com/images/I/616-lPbUXoL.jpg,913156,height,328.Tin
90899,https://m.media-amazon.com/images/I/616-lPbUXoL.jpg,913156,depth,328.Tin
90900,https://m.media-amazon.com/images/I/616-m4HZkPL.jpg,480845,height,SHIPPING BOX12*10*4.5 inch50PERPACK10 inch4.5 inch12 inch
90901,https://m.media-amazon.com/images/I/616-uS7xbJL.jpg,711228,depth,CAPACITYIOML*21.57 INCH3.57 INCH1.18 INCH
90902,https://m.media-amazon.com/images/I/616-uS7xbJL.jpg,711228,height,CAPACITYIOML*21.57 INCH3.57 INCH1.18 INCH
90903,https://m.media-amazon.com/images/I/6160+WvqJYL.jpg,676087,depth,PREMIUM FABRIC72inch1Thanksgirina77-fapry
90904,https://m.media-amazon.com/images/I/6160+WvqJYL.jpg,676087,height,PREMIUM FABRIC72inch1Thanksgirina77-fapry
90905,https://m.media-amazon.com/images/I/61605dm-F6L.jpg,594224,width,[812.3cm/4.84in
90906,https://m.media-amazon.com/images/I/61605dm-F6L.jpg,594224,depth,[812.3cm/4.84in
90907,https://m.media-amazon.com/images/I/61608xMl53L.jpg,944936,depth,CARD SIZE5 X 4 INCHESWHEN FOLDED5 INCHES8(Thank Qyjqu
90908,https://m.media-amazon.com/images/I/61608xMl53L.jpg,944936,width,CARD SIZE5 X 4 INCHESWHEN FOLDED5 INCHES8(Thank Qyjqu
90909,https://m.media-amazon.com/images/I/61608xvsuKL.jpg,418233,width,300G/1pcs1Ocm/3.93in12cm/4.72in
90910,https://m.media-amazon.com/images/I/6160GG8b4KL.jpg,939129,height,PRODUCT SIZE8321cml21cm23cm23cm18cm18cm
90911,https://m.media-amazon.com/images/I/6160IUoOdmL.jpg,801829,height,36~_7326.8in68cmE
90912,https://m.media-amazon.com/images/I/6160JITPMyL.jpg,120219,height,"4.6""6.5""8.6"""
90913,https://m.media-amazon.com/images/I/6160MqI+HqL.jpg,526954,depth,"Safety Groove toLensFalling OutAntiskid Rubber1.25"" Barrel DiameterRubber EyecupThread forStandard 1.25"" FiltersStopRing(3"
90914,https://m.media-amazon.com/images/I/6160MqI+HqL.jpg,526954,width,"Safety Groove toLensFalling OutAntiskid Rubber1.25"" Barrel DiameterRubber EyecupThread forStandard 1.25"" FiltersStopRing(3"
90915,https://m.media-amazon.com/images/I/6160Nlu6eDL.jpg,524117,height,5 CM020 CM20 CM
90916,https://m.media-amazon.com/images/I/6160UBnzltS.jpg,292475,height,VASACASAGIFTINGHOMEWARESCapacity24 ozPerfect Size Design of Vasa CasaMaximum Capacity7.7in24 0Z1.8inNormal Capacity20 0z
90917,https://m.media-amazon.com/images/I/6160UBnzltS.jpg,292475,depth,VASACASAGIFTINGHOMEWARESCapacity24 ozPerfect Size Design of Vasa CasaMaximum Capacity7.7in24 0Z1.8inNormal Capacity20 0z
90918,https://m.media-amazon.com/images/I/6160WngTYFL.jpg,106003,height,Y35.9inF5.Iin
90919,https://m.media-amazon.com/images/I/6160WngTYFL.jpg,106003,depth,Y35.9inF5.Iin
90920,https://m.media-amazon.com/images/I/6160ZMaS4gL.jpg,237000,height,HOW TO CHOOSE RIGHT SIZEwidthlength52 inch82 inch68 inch82 inch82 inch86 inch082 inch96 inch82 inch108 inch82 inch120 inchwidth
90921,https://m.media-amazon.com/images/I/6160aZdjaxL.jpg,442321,height,"45""5A F16""31"""
90922,https://m.media-amazon.com/images/I/6160dj-wA8L.jpg,810266,height,SIZE: 120z2E-Mc'Mass-Energy86a IaAngularMomeneum9ZnssinoBQWeighe EquauionPCl31W-mg12Emr;2h~3.2 inchRrondLawCorRokationNaCl(MgohsmrvTheNaNo}Nazsou+1e
90923,https://m.media-amazon.com/images/I/6160dj-wA8L.jpg,810266,width,SIZE: 120z2E-Mc'Mass-Energy86a IaAngularMomeneum9ZnssinoBQWeighe EquauionPCl31W-mg12Emr;2h~3.2 inchRrondLawCorRokationNaCl(MgohsmrvTheNaNo}Nazsou+1e
90924,https://m.media-amazon.com/images/I/6160dj-wA8L.jpg,810266,depth,SIZE: 120z2E-Mc'Mass-Energy86a IaAngularMomeneum9ZnssinoBQWeighe EquauionPCl31W-mg12Emr;2h~3.2 inchRrondLawCorRokationNaCl(MgohsmrvTheNaNo}Nazsou+1e
90925,https://m.media-amazon.com/images/I/6160drW6+PL.jpg,288715,item_weight,HD120Ow pixel2.0 inch highOne buttonIntelligentSavingclear screensharingpowershutter
90926,https://m.media-amazon.com/images/I/6160lVj9jjL.jpg,296366,item_weight,"E32(jnCCFeWithCcmFATiBLMRILi-ion725500728500.205507283507207002870818500,21700_43350592700,'18700..166504785032500,4450041335074s50;1349016340(RER'23)SeX2anPUTOutPUT:4.2V =4V2X1AChimaMadeRohs"
90927,https://m.media-amazon.com/images/I/6160mIv7mbL.jpg,648011,height,euiy) uI apewNAObz-0zz9)KmosL135cmQoioiivF9.8cm
90928,https://m.media-amazon.com/images/I/6160mIv7mbL.jpg,648011,depth,euiy) uI apewNAObz-0zz9)KmosL135cmQoioiivF9.8cm
90929,https://m.media-amazon.com/images/I/6160uAnUkyL.jpg,442321,depth,"DIMENSIONSErgonomic Height and Width (inch)23.6""47.2""29.1"""
90930,https://m.media-amazon.com/images/I/6160uAnUkyL.jpg,442321,width,"DIMENSIONSErgonomic Height and Width (inch)23.6""47.2""29.1"""
90931,https://m.media-amazon.com/images/I/6161+eDWQgL.jpg,418233,width,"61112cm/4.72""8cm/3.15""12cm/4_72""10cm/3_94"""
90932,https://m.media-amazon.com/images/I/6161001Xf8L.jpg,142748,height,"Produktabmessungen426cm265cm217cm260cmHinweis: Wirempfehlen einen beschwerten Sockel (nicht im Lieferumfang enthalten)zurBefestigung des Schirms, um die Windfestigkeit zu erhohen."
90933,https://m.media-amazon.com/images/I/61610g6t+lL.jpg,240413,voltage,R0J0ktenneasud635JFee101Fha[13370-AEPP-BN16GB FC4-23400 DDR4-2933MHZ2RX8 ECC REGISTERED RDIMUDellEquia370-AEPPlae13QcInRcloftasteAnduaFanneinseGar1
90934,https://m.media-amazon.com/images/I/61610zU1LwL.jpg,844474,height,"PRODUCT DIMENSIONS#eeeFREEiauGHtWeight:0.33kgCapacity:20L15.8""6.3""9.8"""
90935,https://m.media-amazon.com/images/I/61611fyylBL.jpg,276611,height,4Scm17.5cmF28.5cm-39cm83.5cmF38.5cm51cm19.5-26-32.7cm6._JcmL3Ocm+
90936,https://m.media-amazon.com/images/I/6161Fa0URXL.jpg,748919,item_weight,OLD10aentennCHOPPEDGreen ChilesNEU45ErPasoCaloresFB2TESPEELELMILD5 02/127
90937,https://m.media-amazon.com/images/I/6161G+NgkoL.jpg,683885,width,"HIGHT QUALITYPOLYCHIFFON3CHIFFONWidthLENGTHWEIGHTQUANTI3, 8cm / 1 SinchTyardslroll66g / setBrolls / set(with fringe)21yardslsetJrollMATEPIALWAIN8cm/1 _POLY5n22g"
90938,https://m.media-amazon.com/images/I/6161G+NgkoL.jpg,683885,height,"HIGHT QUALITYPOLYCHIFFON3CHIFFONWidthLENGTHWEIGHTQUANTI3, 8cm / 1 SinchTyardslroll66g / setBrolls / set(with fringe)21yardslsetJrollMATEPIALWAIN8cm/1 _POLY5n22g"
90939,https://m.media-amazon.com/images/I/6161G+NgkoL.jpg,683885,depth,"HIGHT QUALITYPOLYCHIFFON3CHIFFONWidthLENGTHWEIGHTQUANTI3, 8cm / 1 SinchTyardslroll66g / setBrolls / set(with fringe)21yardslsetJrollMATEPIALWAIN8cm/1 _POLY5n22g"
90940,https://m.media-amazon.com/images/I/6161HdNROeL.jpg,801829,height,77.5cm40.6cm40.6cm
90941,https://m.media-amazon.com/images/I/6161K+WfT3L.jpg,618672,width,Strong Metal CoreSUltra-hard plastic coating0.33industrial gradecordTOUGH & DURABLE V-SHAPE SLOT FORWEIGHT DISTRIBUTION
90942,https://m.media-amazon.com/images/I/6161K+WfT3L.jpg,618672,depth,Strong Metal CoreSUltra-hard plastic coating0.33industrial gradecordTOUGH & DURABLE V-SHAPE SLOT FORWEIGHT DISTRIBUTION
90943,https://m.media-amazon.com/images/I/6161K+WfT3L.jpg,618672,height,Strong Metal CoreSUltra-hard plastic coating0.33industrial gradecordTOUGH & DURABLE V-SHAPE SLOT FORWEIGHT DISTRIBUTION
90944,https://m.media-amazon.com/images/I/6161O3aPj8L.jpg,648011,height,"FITS INFit in 4 inchcan4"" CANSPARZO Bulb is the perfect spotlight,Beam Anglehighlightingof interests like artwork,40architectural details, and landscape features40points"
90945,https://m.media-amazon.com/images/I/6161O3aPj8L.jpg,648011,width,"FITS INFit in 4 inchcan4"" CANSPARZO Bulb is the perfect spotlight,Beam Anglehighlightingof interests like artwork,40architectural details, and landscape features40points"
90946,https://m.media-amazon.com/images/I/6161O3aPj8L.jpg,648011,depth,"FITS INFit in 4 inchcan4"" CANSPARZO Bulb is the perfect spotlight,Beam Anglehighlightingof interests like artwork,40architectural details, and landscape features40points"
90947,https://m.media-amazon.com/images/I/6161VqTKSPL.jpg,734280,height,"Ducomi@ Maisoncollare bandanaSize chart41 cmXL sizei51 cm35 cmLsize42,5 cm30 cmM size36 cm23 cmS size27,5 cmSsizeM sizeL sizeXL sizeLunghezza31 cm40 cm46 cm55 cmLarghezza1cm1,5 cm2 cm2,4 cmDog'"
90948,https://m.media-amazon.com/images/I/6161WGKXvAL.jpg,810266,depth,oxo8.5 in/21.5 cm3.5 in/ 9.0 cm24OZ
90949,https://m.media-amazon.com/images/I/6161WGKXvAL.jpg,810266,width,oxo8.5 in/21.5 cm3.5 in/ 9.0 cm24OZ
90950,https://m.media-amazon.com/images/I/6161WHmKx6L.jpg,823884,maximum_weight_recommendation,10.3in / 260mm40.8 Lbs18.5 kggNet Weight17501bs (3/8ton)Max Load CapacityFFg1690mm33.3in27.2in845mm
90951,https://m.media-amazon.com/images/I/6161WHmKx6L.jpg,823884,item_weight,10.3in / 260mm40.8 Lbs18.5 kggNet Weight17501bs (3/8ton)Max Load CapacityFFg1690mm33.3in27.2in845mm
90952,https://m.media-amazon.com/images/I/6161YKOXQ4L.jpg,296275,width,56cm55cm36cm60cm20cmDIMENSION20kg20kg
90953,https://m.media-amazon.com/images/I/6161eon+KyL.jpg,558832,depth,"10 Pack Reusable Storage Bags SetIdeal for marinating meats; storing bulky items, snacks; sandwichand leftovers: Value package to replace disposable10 9/16'11""Gallon bagsbags:"
90954,https://m.media-amazon.com/images/I/6161eon+KyL.jpg,558832,height,"10 Pack Reusable Storage Bags SetIdeal for marinating meats; storing bulky items, snacks; sandwichand leftovers: Value package to replace disposable10 9/16'11""Gallon bagsbags:"
90955,https://m.media-amazon.com/images/I/6161iqjByRS.jpg,370720,maximum_weight_recommendation,TOTAL CAPACITY OF 750LBSECARBON STEELSMOOTH ANDMETAL BRACKETSILENT ROLLINGEASY TO INSTALLDOUBLE BEARING
90956,https://m.media-amazon.com/images/I/6161kHfi5iL.jpg,130202,depth,Inch1
90957,https://m.media-amazon.com/images/I/6161n0LZ1FL.jpg,764591,item_volume,Gentle &EffectiveNail Polish RemoverDissolvant pourvernis a onglesGently cleans and preps nallsNon-drying and acetone-freeNctoie er douceur et apprete les ongasFormule non assechante etaceiyeLight; Natural FragranceAcetone-FreekParaben & Cruelty-FreeMakingBeautyHealthy:8 I 0z / 177 mLNo Harsh IngredientsExtends the Life of Colorgars
90958,https://m.media-amazon.com/images/I/6161pRheA-L.jpg,302672,item_weight,"No residueNo cleaningLow noiseHANDMADEFREEFREELE MONETILE;   oRSleek; compact, and portableAdvanced cold airdiffusion technologyWaterless Nano-Mistlk+1Scents Up to 500 sq ftUser can customizefragrance intensitySmart-Touch controlpanelWeight: 2.76 IhDimensions: 4.4 X HinCRUELoRGAN;PRodueGREDI"
90959,https://m.media-amazon.com/images/I/6161w6acCOL.jpg,847223,width,Product size15cm/5.9in3518.5cm/7.28in
90960,https://m.media-amazon.com/images/I/6162+VGsFiL.jpg,278850,depth,Product Size36mm27mm65mm&Angel9mm
90961,https://m.media-amazon.com/images/I/6162+aXtTpL.jpg,396026,depth,3.15 inch5.9 inch@OK
90962,https://m.media-amazon.com/images/I/6162+aXtTpL.jpg,396026,height,3.15 inch5.9 inch@OK
90963,https://m.media-amazon.com/images/I/6162DmLVJoL.jpg,478357,height,"23.6""23.6""11.8"""
90964,https://m.media-amazon.com/images/I/6162DmLVJoL.jpg,478357,width,"23.6""23.6""11.8"""
90965,https://m.media-amazon.com/images/I/6162DtH0lRL.jpg,524117,height,7.Icm8.Scm7.Icm7.3cm6cm6cm21cm6cm23.Scm9.Scm
90966,https://m.media-amazon.com/images/I/6162EgB1l2L.jpg,648011,height,"0.51 inchAC 110-130V2.32 inch1 inch5J@ Gce EecsY/p00.59 inch40.47 inchBase Type:E12Power:7WCCT:6000kLumen:63OLMDimmable:YESPackage:8-PackTAFES4""CLLARN 1"
90967,https://m.media-amazon.com/images/I/6162QeWe6OL.jpg,208023,depth,Product size21cm/8.26in1Ten colors for A4 size
90968,https://m.media-amazon.com/images/I/6162QeWe6OL.jpg,208023,width,Product size21cm/8.26in1Ten colors for A4 size
90969,https://m.media-amazon.com/images/I/6162R0obDYL.jpg,589105,height,15.75inch/4Ocm14.17inch/36cm
90970,https://m.media-amazon.com/images/I/6162R0obDYL.jpg,589105,depth,15.75inch/4Ocm14.17inch/36cm
90971,https://m.media-amazon.com/images/I/6162U7PRr4L.jpg,276611,height,13 cm51 cm46 cm75 cm18 cm51 cm41 cm45 cm145 cm
90972,https://m.media-amazon.com/images/I/6162ULaGHeL.jpg,524117,height,EmatioasmartDesign NordiqueORIGINALTHEstoreTMFabrique en SuedeJINCE 1999I1cm38cm14cm
90973,https://m.media-amazon.com/images/I/6162YPnYy5L.jpg,801829,width,107CM97CM84CM
90974,https://m.media-amazon.com/images/I/6162YPnYy5L.jpg,801829,height,107CM97CM84CM
90975,https://m.media-amazon.com/images/I/6162YxEuttL.jpg,826444,depth,SIZE78cm/3.15111cm/4.33
90976,https://m.media-amazon.com/images/I/6162a0veOtL.jpg,752266,depth,Product Detailsc110.9in/28cmHookDriver1.Sm/SftHeat sink2835 LED40cm/1.67ftSealPC maskchip
90977,https://m.media-amazon.com/images/I/6162a0veOtL.jpg,752266,width,Product Detailsc110.9in/28cmHookDriver1.Sm/SftHeat sink2835 LED40cm/1.67ftSealPC maskchip
90978,https://m.media-amazon.com/images/I/6162gX4g63L.jpg,751532,width,"QUEEN SIZE80063.8""Ibs11.8""E5.9""83.9"""
90979,https://m.media-amazon.com/images/I/6162mT58b9L.jpg,358831,depth,89cm8cm
90980,https://m.media-amazon.com/images/I/6162mT58b9L.jpg,358831,height,89cm8cm
90981,https://m.media-amazon.com/images/I/6162nFiy+jL.jpg,220662,height,111.5cm/418cm/7.08in.52in
90982,https://m.media-amazon.com/images/I/6162ndHdySL.jpg,522832,height,3 Tiers FoldableElectric Clothes Drying Rack148CM70.5CM73CM
90983,https://m.media-amazon.com/images/I/6162o9vSAbL.jpg,178958,height,26cm38cm148cmOverallDimension33cm37cm26cmIlcm75cm33cm119cm
90984,https://m.media-amazon.com/images/I/6162v8kq0EL.jpg,242256,depth,There's a lot of excess rope5.12inDistance Adjustableare |6.6ftW EaneS9.8ftY 0 UiP[RlOTU| Diok 
90985,https://m.media-amazon.com/images/I/6162vGTVzuL.jpg,810266,height,"2.8""F18/8STAINLESSSTEELBPAFREE8.3""180zMaximum capacitySuitable for:15-1702 drinks.SHATTERPROOF"
90986,https://m.media-amazon.com/images/I/6162vGTVzuL.jpg,810266,depth,"2.8""F18/8STAINLESSSTEELBPAFREE8.3""180zMaximum capacitySuitable for:15-1702 drinks.SHATTERPROOF"
90987,https://m.media-amazon.com/images/I/6163+o52zJL.jpg,683885,depth,9cm/3.54inchlength:1.5m/59inch
90988,https://m.media-amazon.com/images/I/6163+o52zJL.jpg,683885,width,9cm/3.54inchlength:1.5m/59inch
90989,https://m.media-amazon.com/images/I/6163+o52zJL.jpg,683885,height,9cm/3.54inchlength:1.5m/59inch
90990,https://m.media-amazon.com/images/I/61635KlXmgL.jpg,145452,height,0O1sTWO BOTTLE BODY SIZES22.3 CM1OOOML2OOOML25 CM_ 9 CM12.2 CMeubixauzix
90991,https://m.media-amazon.com/images/I/61635KlXmgL.jpg,145452,width,0O1sTWO BOTTLE BODY SIZES22.3 CM1OOOML2OOOML25 CM_ 9 CM12.2 CMeubixauzix
90992,https://m.media-amazon.com/images/I/61636n4bPGL.jpg,931247,width,"Plastic Table Cover54""108""30 ColorsMinimalEasyPerfectTransperancyCleanupSize"
90993,https://m.media-amazon.com/images/I/61636n4bPGL.jpg,931247,height,"Plastic Table Cover54""108""30 ColorsMinimalEasyPerfectTransperancyCleanupSize"
90994,https://m.media-amazon.com/images/I/6163HCa81tL.jpg,594224,height,Product Dimensions:GRABCHOICEWxLxH: 11.5*8x8 inchGolden Mirror(SudhbUnbrakableMirrorGRABCHOICEWoodenBaseGunlon
90995,https://m.media-amazon.com/images/I/6163IjzH9IL.jpg,304120,height,14mm1115mm
90996,https://m.media-amazon.com/images/I/6163IjzH9IL.jpg,304120,depth,14mm1115mm
90997,https://m.media-amazon.com/images/I/6163RPPKq+L.jpg,661582,depth,"3"" Capacity-Slant3.5""600 SheetsSpineRing"
90998,https://m.media-amazon.com/images/I/6163SYwha5L.jpg,347320,width,One Order is 100 x 160 cmTwo Order is 200 x 160 cmFive Order is 500 x 160 cmAnd So OnWe Send Uncut PieceWhen You Order MoreIn Same ColorFabric Width is 160 cmUnit Sale By One Meter
90999,https://m.media-amazon.com/images/I/6163SYwha5L.jpg,347320,depth,One Order is 100 x 160 cmTwo Order is 200 x 160 cmFive Order is 500 x 160 cmAnd So OnWe Send Uncut PieceWhen You Order MoreIn Same ColorFabric Width is 160 cmUnit Sale By One Meter
91000,https://m.media-amazon.com/images/I/6163SYwha5L.jpg,347320,height,One Order is 100 x 160 cmTwo Order is 200 x 160 cmFive Order is 500 x 160 cmAnd So OnWe Send Uncut PieceWhen You Order MoreIn Same ColorFabric Width is 160 cmUnit Sale By One Meter
91001,https://m.media-amazon.com/images/I/6163XTyLa8L.jpg,120219,height,7cm17.Scm12cm6cm
91002,https://m.media-amazon.com/images/I/6163YJS+RtL.jpg,675317,width,"DIMENSIONS1.5790.47""4-3/4""3-1/4"""
91003,https://m.media-amazon.com/images/I/6163hdVSZZL.jpg,487566,height,"SIZE& SPECMaterialsSquareOuter Fabric: ""HEAT-PLUS""100% Polyester75in(280g/m2, 8mm Long-pile Flannel)Rug & TableLining: 100% Polyester (Fleece)NOT includedFilling:100% Polyester Fiberfill~75in(200g/m2)"
91004,https://m.media-amazon.com/images/I/6163hdVSZZL.jpg,487566,width,"SIZE& SPECMaterialsSquareOuter Fabric: ""HEAT-PLUS""100% Polyester75in(280g/m2, 8mm Long-pile Flannel)Rug & TableLining: 100% Polyester (Fleece)NOT includedFilling:100% Polyester Fiberfill~75in(200g/m2)"
91005,https://m.media-amazon.com/images/I/6163hdVSZZL.jpg,487566,depth,"SIZE& SPECMaterialsSquareOuter Fabric: ""HEAT-PLUS""100% Polyester75in(280g/m2, 8mm Long-pile Flannel)Rug & TableLining: 100% Polyester (Fleece)NOT includedFilling:100% Polyester Fiberfill~75in(200g/m2)"
91006,https://m.media-amazon.com/images/I/6163jvwnLCL.jpg,318770,wattage,3.3ft. magnetic self-windingType-c charging8
91007,https://m.media-amazon.com/images/I/6163nZDlypL.jpg,810266,height,(hat you willWzaytia2.83 inch20 0Z SKINNY3.15 inchIndividual Gift BoxWzaytia20 Oz SKINNY TUMBLERTuota?6 PACKE3box[F16 sthaw bhuah6 gilt box2.83 inch6 Atnaw6 tumbleh9.56 inchget:TUMBLERMumnownn  Yazdmdel eitel 'atewotkmiawith#70470530970466Eele-[75 823 =JanwENTKDU_EMED Tte akmny~sact?evialAytxd (6hvzcy rs-d puorkret078<outeh
91008,https://m.media-amazon.com/images/I/6163rvUi7PL.jpg,866516,height,BACK315cmSIDEMaterial:PVCFRONTProductSize13cm
91009,https://m.media-amazon.com/images/I/6163rvUi7PL.jpg,866516,depth,BACK315cmSIDEMaterial:PVCFRONTProductSize13cm
91010,https://m.media-amazon.com/images/I/6163x-8o6eL.jpg,230153,item_volume,DuradryPMGelCruelty-freeVegan0 <FL.Alcohol-free0Paraben-freePhthalate-freeUnscentedDuradryALUHINUM[CHLORIDE (HeXaHYDRATE)ANTIPERSPIRANTG (PMAntipere'spir(10.5 antmL)
91011,https://m.media-amazon.com/images/I/6164+kF6cmL.jpg,911827,item_volume,"o818OlterJheThe Champagne9ieCe~nlerTttrlOBe1@hampuue~bottles12 FL, 0Z.Ske'1903ESTD1858 !9tile""HighLife LIFEHIGH1gBeeueofBeetsIHuchLn|"
91012,https://m.media-amazon.com/images/I/61644lTuUNL.jpg,918186,width,32cm(12.6in)21cm (8.3in)(3.3in)8.5cm
91013,https://m.media-amazon.com/images/I/6164D0EXuML.jpg,550595,depth,14.5cm5.4cm
91014,https://m.media-amazon.com/images/I/6164D0EXuML.jpg,550595,width,14.5cm5.4cm
91015,https://m.media-amazon.com/images/I/6164DdrTysL.jpg,453674,height,6.5cm4.3cm19.Scm3.Icm3.4cm
91016,https://m.media-amazon.com/images/I/6164L03wixS.jpg,609588,depth,120cm40cm40cm
91017,https://m.media-amazon.com/images/I/6164L03wixS.jpg,609588,height,120cm40cm40cm
91018,https://m.media-amazon.com/images/I/6164O10xMOL.jpg,355666,item_weight,{x . 10 @8lmm108mm24 :1409MIZAR811
91019,https://m.media-amazon.com/images/I/6164R4LR+SL.jpg,120219,height,Fairy ]Jade WhiteSizeLong:22cmWide :22cm8High :35cmNot afraid oftall bottlesBigCanputponderwatemanyLaycred storageYanComos wthshow Ichts22cm22cm
91020,https://m.media-amazon.com/images/I/6164YbabC2L.jpg,169111,item_weight,Laresar6(Days Hands-Free Cleaning3L DustBag
91021,https://m.media-amazon.com/images/I/6164YbabC2L.jpg,169111,voltage,Laresar6(Days Hands-Free Cleaning3L DustBag
91022,https://m.media-amazon.com/images/I/6164Yi8tz-L.jpg,745326,depth,"Product size1OPCS15OMM/1,97inch"
91023,https://m.media-amazon.com/images/I/6164Yi8tz-L.jpg,745326,height,"Product size1OPCS15OMM/1,97inch"
91024,https://m.media-amazon.com/images/I/6164Yi8tz-L.jpg,745326,width,"Product size1OPCS15OMM/1,97inch"
91025,https://m.media-amazon.com/images/I/6164dJchrpS.jpg,894599,width,75 MMKristallklar8GroBe VisionRutschfester Griff
91026,https://m.media-amazon.com/images/I/6164dJchrpS.jpg,894599,depth,75 MMKristallklar8GroBe VisionRutschfester Griff
91027,https://m.media-amazon.com/images/I/6164dJchrpS.jpg,894599,height,75 MMKristallklar8GroBe VisionRutschfester Griff
91028,https://m.media-amazon.com/images/I/6164jEyjRLL.jpg,801829,height,"18. 5""10.2""1 _2""10""1 .8"""
91029,https://m.media-amazon.com/images/I/6164pasHX7L.jpg,939426,height,25.5CM
91030,https://m.media-amazon.com/images/I/6164pasHX7L.jpg,939426,depth,25.5CM
91031,https://m.media-amazon.com/images/I/6164suVLghL.jpg,668667,width,"Light Purple27.6"" HX 30.3"" W"
91032,https://m.media-amazon.com/images/I/6164suVLghL.jpg,668667,depth,"Light Purple27.6"" HX 30.3"" W"
91033,https://m.media-amazon.com/images/I/6164u5hNv6L.jpg,180410,width,Product SizeAutoinsunanCE'4DocumentsRegistraTign0.2 inch8:10.3 inchEsseniai
91034,https://m.media-amazon.com/images/I/6164wFWPLQL.jpg,149159,depth,"7785""15cm/5.9inch"
91035,https://m.media-amazon.com/images/I/6164xw2FZNL.jpg,844474,width,7.9 inch3.9 inch6.3 inch
91036,https://m.media-amazon.com/images/I/6164zANDv+L.jpg,594224,depth,9cm7cm
91037,https://m.media-amazon.com/images/I/6164zANDv+L.jpg,594224,height,9cm7cm
91038,https://m.media-amazon.com/images/I/6164zCQjpxL.jpg,276611,height,"25""W3.25""0.875""19""24""35.75"" H18.625""11,75""15.5""18"""
91039,https://m.media-amazon.com/images/I/61650uBSguL.jpg,745488,depth,Leave 30MM Safe GapE[7cm/2.Zinch
91040,https://m.media-amazon.com/images/I/61652lgjHUL.jpg,521308,height,"78""61""33""33""34""34"""
91041,https://m.media-amazon.com/images/I/61652lgjHUL.jpg,521308,width,"78""61""33""33""34""34"""
91042,https://m.media-amazon.com/images/I/61657weC+eL.jpg,881883,depth,W63 x H182cm / 24.8 x 71.65inch
91043,https://m.media-amazon.com/images/I/61658AD0BuL.jpg,881883,width,PRODUCT SIZE5 ftPack of 6 panels4 inchespocket for rod orentry at theand bottom ofeach ceiling drapes.10 ftpoletop
91044,https://m.media-amazon.com/images/I/61658AD0BuL.jpg,881883,depth,PRODUCT SIZE5 ftPack of 6 panels4 inchespocket for rod orentry at theand bottom ofeach ceiling drapes.10 ftpoletop
91045,https://m.media-amazon.com/images/I/6165C0UGkML.jpg,340151,height,87mm16mm24mm48mmBrand: HAGiBisProduct Name: Portable Switch Docking StationModel: SWC04Input: USB-COutput: HDMI: 4K/3OHZRJ45: 1OOMbpsPD: 1OOW MaxUSB3.O: 5GbpsForswitchUSB-C Hub
91046,https://m.media-amazon.com/images/I/6165D+cvWeL.jpg,276688,depth,Magnetic Rods6.49in/16.5cm]
91047,https://m.media-amazon.com/images/I/6165D+cvWeL.jpg,276688,height,Magnetic Rods6.49in/16.5cm]
91048,https://m.media-amazon.com/images/I/6165EifUpAL.jpg,173193,width,"SIZE1.377 inch3.38 inchPlease note:Please check the model, specification and size carefully before placing your order,if it is not the same please do notif you are not sure please contact us.3buy,"
91049,https://m.media-amazon.com/images/I/6165EifUpAL.jpg,173193,depth,"SIZE1.377 inch3.38 inchPlease note:Please check the model, specification and size carefully before placing your order,if it is not the same please do notif you are not sure please contact us.3buy,"
91050,https://m.media-amazon.com/images/I/6165G9f9WeS.jpg,648011,depth,"DIMENSIONS36inWattage8.5wCRI90+5,08 inBrightness650 LMENERGETICOgH [ | NBASEE26Beam Angle120"
91051,https://m.media-amazon.com/images/I/6165HM2wgTL.jpg,358831,depth,Thickened Anti-Collision10.28in/0.7cmthickness0.55in/1_StripAcm
91052,https://m.media-amazon.com/images/I/6165LIx6V8L.jpg,120219,width,6.3IN028. 4IN2IN9.21N
91053,https://m.media-amazon.com/images/I/6165TWMT6KL.jpg,192915,width,10Omm1I6omm
91054,https://m.media-amazon.com/images/I/6165clJ8EuL.jpg,676087,height,PRODUCT SIZETotal lenght:16.9 in43.0 cmDiameter: 11.4 in29.0 cm
91055,https://m.media-amazon.com/images/I/6165clJ8EuL.jpg,676087,depth,PRODUCT SIZETotal lenght:16.9 in43.0 cmDiameter: 11.4 in29.0 cm
91056,https://m.media-amazon.com/images/I/6165clJ8EuL.jpg,676087,width,PRODUCT SIZETotal lenght:16.9 in43.0 cmDiameter: 11.4 in29.0 cm
91057,https://m.media-amazon.com/images/I/6165d5PC3vL.jpg,267182,height,HisenseFIFA WORLD CUPQat ar2022OFFICIAL SPONSOR6C%8My Fresh Choice4 estrellas decongelacion854mmControl mecanicoCompresor Inverter479mm560mm
91058,https://m.media-amazon.com/images/I/6165kO7VX4L.jpg,296275,height,Dimension55cm55cm55cm6Ocm20cm8Ocm100m
91059,https://m.media-amazon.com/images/I/6165miYW39L.jpg,844474,width,"T15.6 inch laptop1BlW: 28cm/11.02""T:16cm/6.30""30I7DESIG#"
91060,https://m.media-amazon.com/images/I/6165nB8URiL.jpg,479564,item_weight,"NIGHT-VISIONS DEVICE3"" large digital screen108OP HD1080P@30FPS984 FT850nm1080 {Sx ZoomVideo/300MMInfrared LEDLlulull"
91061,https://m.media-amazon.com/images/I/6165yUmr7WL.jpg,713408,width,PICCOLO~LEGGERO9mm34mm34mmLeggero: 11g
91062,https://m.media-amazon.com/images/I/6165z6v6vTL.jpg,913156,height,"8cm/3.15"""
91063,https://m.media-amazon.com/images/I/6165z6v6vTL.jpg,913156,depth,"8cm/3.15"""
91064,https://m.media-amazon.com/images/I/6165z6v6vTL.jpg,913156,width,"8cm/3.15"""
91065,https://m.media-amazon.com/images/I/61664vjqcoL.jpg,916768,width,"ZOpcs)I{s, ,917,.07""4205mm/8_[59mm/2.32""8,.35""85mm/3."
91066,https://m.media-amazon.com/images/I/61669r9nmzS.jpg,816782,depth,5380 cm
91067,https://m.media-amazon.com/images/I/61669r9nmzS.jpg,816782,width,5380 cm
91068,https://m.media-amazon.com/images/I/6166HGJSMdL.jpg,226504,width,3 6 5D 1 A R Y8.25 in / 21 cm5.7 in / 14.5 cm
91069,https://m.media-amazon.com/images/I/6166HGJSMdL.jpg,226504,depth,3 6 5D 1 A R Y8.25 in / 21 cm5.7 in / 14.5 cm
91070,https://m.media-amazon.com/images/I/6166J+pJOjL.jpg,823083,depth,About Size513.94in/10cm1.57in/4cm
91071,https://m.media-amazon.com/images/I/6166Lik2XzL.jpg,140266,width,"88mm/3. 45in95mm/3. 73in128mm5. 03inSmal |sizePortable carry, Easyuse95mm!"
91072,https://m.media-amazon.com/images/I/6166QgtPIsL.jpg,927393,width,0.8inch1.8inch0.5inch
91073,https://m.media-amazon.com/images/I/6166R9hJqsL.jpg,734280,depth,"MessanleitungHalsband mit Rollschnalle2,5 cm038bis48 cm45bis55 cm52bis62 cm59bis69 cmE@VTPMentLENNIEDerBioThane Spezialist"
