index,image_link,group_id,entity_name,e
99074,https://m.media-amazon.com/images/I/61ArfSZwe1L.jpg,237000,depth,INDEPENDENT CARTONStretch spandex chair covers fit fornormat and high back armlesschairsUses:Dinning Wedding PartyEvent Banquet Decoration8Package:all chair covers are3packed in a carton17 inch17inch
99075,https://m.media-amazon.com/images/I/61Arp5xrKlS.jpg,358831,depth,"Length: 2.5M / 98.43""th] 3cm / 1.18"""
99076,https://m.media-amazon.com/images/I/61Arp5xrKlS.jpg,358831,height,"Length: 2.5M / 98.43""th] 3cm / 1.18"""
99077,https://m.media-amazon.com/images/I/61Arp5xrKlS.jpg,358831,width,"Length: 2.5M / 98.43""th] 3cm / 1.18"""
99078,https://m.media-amazon.com/images/I/61ArtzRPMDS.jpg,730429,width,1112 1n0_2938cm8476 54.5cm8cm'2MeeneeIlsnooze/Light{2'|speaker3{5;{4y{3PAlarm ONIOFF{4'|set the Time{6{S /set the Alarm{6}Battery Jar(Battery is not included)7
99079,https://m.media-amazon.com/images/I/61AryFQwTML.jpg,178778,height,SIZE SHOW736.2 in(16 cm)6.5 in9 in(17 cm)(23 cm)
99080,https://m.media-amazon.com/images/I/61As+jnQ5KL.jpg,530124,depth,Larger SizePerfect Movement Space4mmultra-thickWidthLengthLengthWidthA11.8inch/30cm31.Sinch/8OcmB15.7inch/4Ocm35.Sinch/9Ocm
99081,https://m.media-amazon.com/images/I/61As+jnQ5KL.jpg,530124,width,Larger SizePerfect Movement Space4mmultra-thickWidthLengthLengthWidthA11.8inch/30cm31.Sinch/8OcmB15.7inch/4Ocm35.Sinch/9Ocm
99082,https://m.media-amazon.com/images/I/61As+jnQ5KL.jpg,530124,height,Larger SizePerfect Movement Space4mmultra-thickWidthLengthLengthWidthA11.8inch/30cm31.Sinch/8OcmB15.7inch/4Ocm35.Sinch/9Ocm
99083,https://m.media-amazon.com/images/I/61As+w2XQRL.jpg,801829,width,Product Dimension42cm65cm79cm62cm79cm79cm145cm65cm28cm56cm184cm6Ocm12cm65cm
99084,https://m.media-amazon.com/images/I/61As+w2XQRL.jpg,801829,height,Product Dimension42cm65cm79cm62cm79cm79cm145cm65cm28cm56cm184cm6Ocm12cm65cm
99085,https://m.media-amazon.com/images/I/61As3zYrq6L.jpg,676087,depth,SizeInformation12 x 70 inch01PacksL18cm/70inch2 2 % 2 2ScmSuitable for a table[1.97inchthat can seat 10-12 people2 2 2 22 F
99086,https://m.media-amazon.com/images/I/61As4RQtr0L.jpg,801829,width,"62 cm94 cm4839 cm46,5 cm29 cm66,5 cmAlle Angaben ohne Gewahr!cm62,5cm"
99087,https://m.media-amazon.com/images/I/61As4c5xt7L.jpg,304120,height,Olneuise]Product Size4.13in01in85.5in
99088,https://m.media-amazon.com/images/I/61As7r9pd9L.jpg,145452,width,121BOROSIL5=750 mlF3.2 INCHES
99089,https://m.media-amazon.com/images/I/61AsCZqWy8L.jpg,145452,width,"0LEAK-PROOFLOCKING LIDL; 4.85""D; 4,85""H: 11.35""6402BIG CAPACITyello"
99090,https://m.media-amazon.com/images/I/61AsIltONnL.jpg,944936,depth,"1Esycom SFiO5 HALLowoRACEREAD ME WIIEN HaPPYAnxious3TRANKFULANGRYSADcoued BIBLE0447767yTo My PAtnWith7.5cm/2.95inLONELY""eKSSColokoedwtotaveoFiy49*0 5"
99091,https://m.media-amazon.com/images/I/61AsIltONnL.jpg,944936,width,"1Esycom SFiO5 HALLowoRACEREAD ME WIIEN HaPPYAnxious3TRANKFULANGRYSADcoued BIBLE0447767yTo My PAtnWith7.5cm/2.95inLONELY""eKSSColokoedwtotaveoFiy49*0 5"
99092,https://m.media-amazon.com/images/I/61AsKNGHI6L.jpg,292475,depth,21.5cm5126.5cm
99093,https://m.media-amazon.com/images/I/61AsKNGHI6L.jpg,292475,width,21.5cm5126.5cm
99094,https://m.media-amazon.com/images/I/61AsMRs04rL.jpg,347404,height,7.3 inches0.8 inchesSynellforest21.5 inches8SIZE:7.3inch-*6.5inch*10.6inchPlanting Space:7.linch*4.9inch*9.linch28
99095,https://m.media-amazon.com/images/I/61AsPenGT6L.jpg,748919,item_weight,CarmelinaeSan  hanran'G8WrrtAntLowFccGluIENWanlrLBODIVMELNET WI 91 0z (2550g)TomATOES)PEELEDVALIan
99096,https://m.media-amazon.com/images/I/61AsQapanhS.jpg,219211,item_weight,GUISveAZV2541000*4KCI5vM1A18AAC18ADC2PMG6soMolmradlie RatuIfesewil30 6ohfUv _9154VAC1-240 [#12vJ25JownputJJJV[136s0wJoow'OUTPutHatesPOWERMeaaccdTOTAL =StdWARNINGI 
99097,https://m.media-amazon.com/images/I/61AsQapanhS.jpg,219211,wattage,GUISveAZV2541000*4KCI5vM1A18AAC18ADC2PMG6soMolmradlie RatuIfesewil30 6ohfUv _9154VAC1-240 [#12vJ25JownputJJJV[136s0wJoow'OUTPutHatesPOWERMeaaccdTOTAL =StdWARNINGI 
99098,https://m.media-amazon.com/images/I/61AsUO4a3WL.jpg,106003,height,1OOmm110mm5Omm105mm
99099,https://m.media-amazon.com/images/I/61Asaa+vqXL.jpg,849273,width,5.1inch(29cm)(13cm)11.4inch80161{811.4inch(29cm)47cm/18.5inch
99100,https://m.media-amazon.com/images/I/61AsgKkyyJL.jpg,536334,width,2.7 inch1.7 inch0.9 inch1.1 inch
99101,https://m.media-amazon.com/images/I/61AsgVsGRzL.jpg,784538,height,Magiclove1BLACKWOMANCezyCharm60in/152cmstrong2IAMQueenkindElegantGorgeousBollFrankkdCoyalle
99102,https://m.media-amazon.com/images/I/61AsgVsGRzL.jpg,784538,depth,Magiclove1BLACKWOMANCezyCharm60in/152cmstrong2IAMQueenkindElegantGorgeousBollFrankkdCoyalle
99103,https://m.media-amazon.com/images/I/61Ash1FWg8L.jpg,483370,width,{31Ocm
99104,https://m.media-amazon.com/images/I/61Ash1FWg8L.jpg,483370,depth,{31Ocm
99105,https://m.media-amazon.com/images/I/61AsjAWp+PL.jpg,523195,depth,0214CM
99106,https://m.media-amazon.com/images/I/61AsjAWp+PL.jpg,523195,width,0214CM
99107,https://m.media-amazon.com/images/I/61Askdw5lCL.jpg,115666,height,"17.2""52.2""15.7"""
99108,https://m.media-amazon.com/images/I/61AsmF4A0pL.jpg,237000,width,"PRODUCT SIZE=10""8""13"
99109,https://m.media-amazon.com/images/I/61Asq8ou3fL.jpg,276611,width,"PRODUCT SIZE040302018394""08070660512111009CAPACITYAsingle box can hold about ten mobile phones228""16.57"""
99110,https://m.media-amazon.com/images/I/61AssY0g2oL.jpg,745387,width,"PRODUCT SIZE42.3""A19.8""8$15.6"""
99111,https://m.media-amazon.com/images/I/61AsugNhXPL.jpg,881883,height,"Window size selectionWindow 30*45cmWindow 40*60cmWindow S50*100cmThe smaller the window, the better the insulatioThe bigger the window, the better the light isPlease consider a goodThe default 30*45cm window,If you need to change the size of the windowas custom40 *60cm, price plus $ 250*100cm;plus $785*150cm, price plus$ 950*150cm,plus SllWindow 35*150cmWindow 50*150cmbuypriceprice"
99112,https://m.media-amazon.com/images/I/61AsyxPgseL.jpg,594224,width,DESIGNED IN0SWITZERLANDPREMIUM ITALIANNAPA LEATHERHEAVY NATURALMARBLE BASESTAINLESS STEELH: 6.69 INCHESW: 5.2 INCHESD: 5.2 INCHESFITS ALL SIZEWATCHES
99113,https://m.media-amazon.com/images/I/61At0uYw1AL.jpg,625310,width,1387mm57mm
99114,https://m.media-amazon.com/images/I/61At2Od3wrS.jpg,648011,height,Product Dimension10 VW3 W253.7 nm (UVC)2.12inE17 Base0.65in
99115,https://m.media-amazon.com/images/I/61At2Od3wrS.jpg,648011,depth,Product Dimension10 VW3 W253.7 nm (UVC)2.12inE17 Base0.65in
99116,https://m.media-amazon.com/images/I/61AtBrAFYmL.jpg,275506,item_weight,"Comfortable and FitWearing painlessly, starting from health,You can listen to the world without stopping your ears andkeep alert to your surroundings.15gLight Weight"
99117,https://m.media-amazon.com/images/I/61AtGKzUkHL.jpg,362818,height,14.5 cm5.7in21.2 cm8.34in4.5 cmLZZinl
99118,https://m.media-amazon.com/images/I/61AtIneHWtL.jpg,705487,depth,4m8 m
99119,https://m.media-amazon.com/images/I/61AtM73oxnL.jpg,145452,depth,7.4 inv872 2I92.8 in
99120,https://m.media-amazon.com/images/I/61AtM73oxnL.jpg,145452,height,7.4 inv872 2I92.8 in
99121,https://m.media-amazon.com/images/I/61AtOHgNwHL.jpg,355666,item_weight,20x-1180x6700Bioculars
99122,https://m.media-amazon.com/images/I/61AtOXN+-pL.jpg,529606,width,4.8 cm12 cm
99123,https://m.media-amazon.com/images/I/61AtSa5s-dS.jpg,478233,width,"3F=76mm/1, 421n5"
99124,https://m.media-amazon.com/images/I/61AtSa5s-dS.jpg,478233,depth,"3F=76mm/1, 421n5"
99125,https://m.media-amazon.com/images/I/61AtSa5s-dS.jpg,478233,height,"3F=76mm/1, 421n5"
99126,https://m.media-amazon.com/images/I/61AtUOu8MzL.jpg,908443,item_weight,"20KGSuper dragAdjustleft and right, quickly controlDeal with thefish calmlydragbig"
99127,https://m.media-amazon.com/images/I/61AtnK5xq0L.jpg,478357,width,"FARMHOUSE ENTRYWAY TABLE13.8""31.5""Study Wooden Legs13.8""15""(Magnetic Design34.65""11.77""Metal Corner Decor3.35""LMetal Handle"
99128,https://m.media-amazon.com/images/I/61AtnK5xq0L.jpg,478357,height,"FARMHOUSE ENTRYWAY TABLE13.8""31.5""Study Wooden Legs13.8""15""(Magnetic Design34.65""11.77""Metal Corner Decor3.35""LMetal Handle"
99129,https://m.media-amazon.com/images/I/61Atpmmn6PL.jpg,589105,height,12'317'
99130,https://m.media-amazon.com/images/I/61Au0aatFnL.jpg,825239,height,3580StehhoheAufbauzeit205 cm20 Minuten580in~100005000mmmmPackmass36x36*80 cm210Gewicht 28 kgGerma;Rersonenined
99131,https://m.media-amazon.com/images/I/61Au5AloXxL.jpg,126471,height,HIiTudio#~ 32+ / 771125cmRz125cm// 765X 120cmoz3#rtb-rv kk €v#t}
99132,https://m.media-amazon.com/images/I/61Au5HIpaML.jpg,784538,depth,"Dinosaurier Poster42,0 cmGrore: A2(42,0 cm x 59,4 cm)BraclilcsaururHochwertigePremium-QualitatTirauucsaurusGestochen scharfgedrucktVersiegelte und matte1OberflacheTrdccralopsWird sicher & plastikfreiSplnosaurusverpackt (keinVerknicken der Kanten)[VercdactyyStegc saurUSCOzKlimaneutral in DeutschlandNEUTRALhergestellt:"
99133,https://m.media-amazon.com/images/I/61Au5HIpaML.jpg,784538,width,"Dinosaurier Poster42,0 cmGrore: A2(42,0 cm x 59,4 cm)BraclilcsaururHochwertigePremium-QualitatTirauucsaurusGestochen scharfgedrucktVersiegelte und matte1OberflacheTrdccralopsWird sicher & plastikfreiSplnosaurusverpackt (keinVerknicken der Kanten)[VercdactyyStegc saurUSCOzKlimaneutral in DeutschlandNEUTRALhergestellt:"
99134,https://m.media-amazon.com/images/I/61AuF96urKL.jpg,107694,width,((51.Tin6.88inch1.18inch48inEasy to carry and storeIt is very suitable for traveling: It is light and doesnot take up space0
99135,https://m.media-amazon.com/images/I/61AuJ0Lwv5L.jpg,944936,depth,"INTERNOAPERTOINTERNAL GREETING CARD23,4 cm52"
99136,https://m.media-amazon.com/images/I/61AuJ0Lwv5L.jpg,944936,width,"INTERNOAPERTOINTERNAL GREETING CARD23,4 cm52"
99137,https://m.media-amazon.com/images/I/61AuJIsXUbL.jpg,983323,wattage,&&<(10101JMADENEMadE|10100{MadeineMadeu
99138,https://m.media-amazon.com/images/I/61AuJIsXUbL.jpg,983323,voltage,&&<(10101JMADENEMadE|10100{MadeineMadeu
99139,https://m.media-amazon.com/images/I/61AuJujm2vL.jpg,571756,height,"6cm/2.4""European plugTee-junctionWater inlet745Pressurized outletFaucet universalinterface1.6cm/0.6"""
99140,https://m.media-amazon.com/images/I/61AuLvvvVNL.jpg,525429,wattage,1technical parameter24H ice: 25KGPower: 160wAmount of ice: 1.5KG/150 piecesSingle ice: 12Single ice time: 8-12 minutesNet weight of the machine: 17KGWater inlet method: bottled water/manually add waterIce cube shape: round ice_1357mm
99141,https://m.media-amazon.com/images/I/61AuLvvvVNL.jpg,525429,voltage,1technical parameter24H ice: 25KGPower: 160wAmount of ice: 1.5KG/150 piecesSingle ice: 12Single ice time: 8-12 minutesNet weight of the machine: 17KGWater inlet method: bottled water/manually add waterIce cube shape: round ice_1357mm
99142,https://m.media-amazon.com/images/I/61AuNNqDrgL.jpg,683885,width,Product size2.2cm/o.87inch80X4.2cml1.65inch10Opcs0L8
99143,https://m.media-amazon.com/images/I/61AuPLvRy7L.jpg,866516,depth,38 CmsHeight22 CmsWidth58 CmsLength
99144,https://m.media-amazon.com/images/I/61AuPLvRy7L.jpg,866516,height,38 CmsHeight22 CmsWidth58 CmsLength
99145,https://m.media-amazon.com/images/I/61AuSIML96L.jpg,387046,height,"19.7""5.5""23.62""55.9"""
99146,https://m.media-amazon.com/images/I/61AuSRnV6SL.jpg,496169,depth,"24inch / 60km1XXL [24""x547 : More suitable for dothes between 47and 53"", Likelong dress"
99147,https://m.media-amazon.com/images/I/61AuSRnV6SL.jpg,496169,height,"24inch / 60km1XXL [24""x547 : More suitable for dothes between 47and 53"", Likelong dress"
99148,https://m.media-amazon.com/images/I/61AuTy+a1cL.jpg,181357,depth,"6FeetGInch7Inch"""
99149,https://m.media-amazon.com/images/I/61AuTy+a1cL.jpg,181357,height,"6FeetGInch7Inch"""
99150,https://m.media-amazon.com/images/I/61AuUB0xT1S.jpg,178778,height,5.1 INCH3 INCH(87.3 INCHJdsHas
99151,https://m.media-amazon.com/images/I/61AuXVWAAzL.jpg,849273,width,Large CapacityGreat for Kitchen Bag Storage20+Grocery Bags18.11 inch[46cm40+Trash Bags7.87 InchI20cm
99152,https://m.media-amazon.com/images/I/61AuXVWAAzL.jpg,849273,depth,Large CapacityGreat for Kitchen Bag Storage20+Grocery Bags18.11 inch[46cm40+Trash Bags7.87 InchI20cm
99153,https://m.media-amazon.com/images/I/61AuXnoLV-L.jpg,966823,height,0387cm/2.75in9cm/3_.Sin
99154,https://m.media-amazon.com/images/I/61Aua7BPeYL.jpg,149159,depth,HOW TO FNDBASKET WIDTHBasket Width 21 InchTelescopic SlideTelescopic SlideWidth 0.5 InchWidth 0.5 Inch(Light Side)(Right Side)Platform Internal Clear Width 22 InchBasket WidthPlatform internal Clear WidthTelescopic Slide Width (Left+Right Side)22 Inch _ (0.5+0.5)= 21Inch Basket Width
99155,https://m.media-amazon.com/images/I/61Aua7BPeYL.jpg,149159,height,HOW TO FNDBASKET WIDTHBasket Width 21 InchTelescopic SlideTelescopic SlideWidth 0.5 InchWidth 0.5 Inch(Light Side)(Right Side)Platform Internal Clear Width 22 InchBasket WidthPlatform internal Clear WidthTelescopic Slide Width (Left+Right Side)22 Inch _ (0.5+0.5)= 21Inch Basket Width
99156,https://m.media-amazon.com/images/I/61Aua7BPeYL.jpg,149159,width,HOW TO FNDBASKET WIDTHBasket Width 21 InchTelescopic SlideTelescopic SlideWidth 0.5 InchWidth 0.5 Inch(Light Side)(Right Side)Platform Internal Clear Width 22 InchBasket WidthPlatform internal Clear WidthTelescopic Slide Width (Left+Right Side)22 Inch _ (0.5+0.5)= 21Inch Basket Width
99157,https://m.media-amazon.com/images/I/61AueqhH5TL.jpg,459271,width,Product Size25mm/O.98in70mm/2.75in300mm/11.81in250mm/9.84in250mm/9.84in400mm/15.74in
99158,https://m.media-amazon.com/images/I/61Auj1h+kGL.jpg,952353,height,Size525mm363mm35mm290mm472mm20mmAccessoriesXTRONSUSER MANUALRENOTE CORTROL1x Remote Control6x NutsIx User Manual
99159,https://m.media-amazon.com/images/I/61AupOC2h3L.jpg,478357,height,"Product Dimension36""127520""35""824""11.5"""
99160,https://m.media-amazon.com/images/I/61AuppqsFxS.jpg,681045,width,100% NaturBambusstabeca; 105cm25 Stiick100% Naturprodukt0 ca. 8-10 mmLange ca. 105cm
99161,https://m.media-amazon.com/images/I/61AuppqsFxS.jpg,681045,height,100% NaturBambusstabeca; 105cm25 Stiick100% Naturprodukt0 ca. 8-10 mmLange ca. 105cm
99162,https://m.media-amazon.com/images/I/61AuppqsFxS.jpg,681045,depth,100% NaturBambusstabeca; 105cm25 Stiick100% Naturprodukt0 ca. 8-10 mmLange ca. 105cm
99163,https://m.media-amazon.com/images/I/61AuuTZFiBL.jpg,653767,depth,26 inches (66cm)N[1PILLOW/CUSHION COVER ONLY
99164,https://m.media-amazon.com/images/I/61AuznBzOKL.jpg,801829,height,LOADING WEIGHT37cm120kg15cm59cmWEIGHT6.4kg59cm190cm76cm
99165,https://m.media-amazon.com/images/I/61Av4HzDNVL.jpg,142748,height,6.5 FT0.65 FT5.8 FT5.4 FT3.9 FT3.6 FT
99166,https://m.media-amazon.com/images/I/61Av7nk0vGL.jpg,640408,height,PACKAGE CONTAINS:1.9inch20 PACK6inch2.Sinch
99167,https://m.media-amazon.com/images/I/61AvNVBrNaL.jpg,640408,height,2 in / 5.5 cm7.SL5858329937.9 in / 20 cm
99168,https://m.media-amazon.com/images/I/61AvO-3wJtL.jpg,877667,height,56cm44cm
99169,https://m.media-amazon.com/images/I/61AvO-3wJtL.jpg,877667,width,56cm44cm
99170,https://m.media-amazon.com/images/I/61AvO-3wJtL.jpg,877667,depth,56cm44cm
99171,https://m.media-amazon.com/images/I/61AvONYNDML.jpg,724384,height,surfacebelt clip4.1IN19.3 INUp 23.5 IN2.12 IN3.34 INbadge reel + badge holder weight : 1.7 OZlanyard weight : 0.48 OZcrystal
99172,https://m.media-amazon.com/images/I/61AvVf6aD8L.jpg,529606,depth,1.5 inch4 inch
99173,https://m.media-amazon.com/images/I/61AvVf6aD8L.jpg,529606,height,1.5 inch4 inch
99174,https://m.media-amazon.com/images/I/61AvWeQz9HL.jpg,849273,height,Sinch15.4inch6.7inchWeight:0.64lb
99175,https://m.media-amazon.com/images/I/61AvdHWETJL.jpg,241895,depth,A4 Laminator2 Colors for OptionPowERUFuJREADYOTouchCAUTONI KOT0HOT OFF COLD35.4cm/13.9inPoweRREADYMtaiHoncCAUTICNI KOTHOT OFF COLD
99176,https://m.media-amazon.com/images/I/61AvdHWETJL.jpg,241895,height,A4 Laminator2 Colors for OptionPowERUFuJREADYOTouchCAUTONI KOT0HOT OFF COLD35.4cm/13.9inPoweRREADYMtaiHoncCAUTICNI KOTHOT OFF COLD
99177,https://m.media-amazon.com/images/I/61AveabZOCL.jpg,219199,width,(7) 1 8mm(T) 18Omm0 < (m )29g[#T7bb#x ]I2cm18cm24cm28cm(TJ)72mm
99178,https://m.media-amazon.com/images/I/61AvkA-L1EL.jpg,844474,depth,Product size18I12cm21cm
99179,https://m.media-amazon.com/images/I/61AvkA-L1EL.jpg,844474,width,Product size18I12cm21cm
99180,https://m.media-amazon.com/images/I/61AvpYrVNAL.jpg,752266,height,19cm782cm55cm245in824cm/939.5cm/3.4in
99181,https://m.media-amazon.com/images/I/61Avq80YM6L.jpg,296275,width,8Ocm57cm35cm12cm58.5cm29.5cm8.5cm19.5cm2Ocm28cm28cm
99182,https://m.media-amazon.com/images/I/61Avw+gxx4L.jpg,810266,depth,PERFECT SIZEHolds 13 0z Liquid for AllExcursionsILHESTIASKO9cm/3.5inDay
99183,https://m.media-amazon.com/images/I/61AwBuomvfL.jpg,943839,width,"Fits all 1/2"" Drill and Larger1/2"""
99184,https://m.media-amazon.com/images/I/61AwBuomvfL.jpg,943839,depth,"Fits all 1/2"" Drill and Larger1/2"""
99185,https://m.media-amazon.com/images/I/61AwBuomvfL.jpg,943839,height,"Fits all 1/2"" Drill and Larger1/2"""
99186,https://m.media-amazon.com/images/I/61AwCZIRDNL.jpg,982714,height,130cm4.Scm
99187,https://m.media-amazon.com/images/I/61AwE5ABLZL.jpg,658003,width,39 5cm/15 55in27cm/10.63in619cm/3.54in{318cm/z.09in
99188,https://m.media-amazon.com/images/I/61AwHWKa9-L.jpg,724384,height,"{~^4oem)""space2 RlJIC Card C0sd1'91*56mmICI-""5iz86*54mmFP"
99189,https://m.media-amazon.com/images/I/61AwIwLZeSL.jpg,478233,height,Iriml{ OticN RicrorccrporTABLEOtcd tOnqx60[5I75.3cm/2.08inTHREE-COLOR MIXEdSCIENCECigInYste14.64inII.8cml _8
99190,https://m.media-amazon.com/images/I/61AwKGxwhzL.jpg,180410,height,8.7in/22cm8 5in121.5cm3.7in/9.Scm9No42.8in/TcmWALLET SIZE64.5in/11.5cm
99191,https://m.media-amazon.com/images/I/61AwPGj60ML.jpg,362818,height,23cmJav3y27cm12cmLunchBac
99192,https://m.media-amazon.com/images/I/61AwSy4oMCL.jpg,801829,height,"43""37""73"""
99193,https://m.media-amazon.com/images/I/61AwTWmUr2L.jpg,309902,item_weight,VERTICAL JUMP20LBSGravityHyperGravityGroundGroundReactionReactionForceForceMAXIMUM SPRINTINGCUTTING MOVEMENT
99194,https://m.media-amazon.com/images/I/61AwYKvPwXS.jpg,752266,width,"6cm02Night Light39#313Z#EEAC I10V2#8ite50/60HZ54+E#MAXEh O.5W2.3cmPSj R REieMhm % : BAM * > +-NaLED + / 65/ 6ktsit : WMEy+=R' (1p < t:3 2 K*T)0ijm Hk; : 6*2. 3*6cmtFT : ABS+PCEM#JJ : 0. 4VHJJEEEE : 100~220V/50~60HzWH]#F : Rr EyT) ^,6V#"
99195,https://m.media-amazon.com/images/I/61AwYKvPwXS.jpg,752266,height,"6cm02Night Light39#313Z#EEAC I10V2#8ite50/60HZ54+E#MAXEh O.5W2.3cmPSj R REieMhm % : BAM * > +-NaLED + / 65/ 6ktsit : WMEy+=R' (1p < t:3 2 K*T)0ijm Hk; : 6*2. 3*6cmtFT : ABS+PCEM#JJ : 0. 4VHJJEEEE : 100~220V/50~60HzWH]#F : Rr EyT) ^,6V#"
99196,https://m.media-amazon.com/images/I/61AwYVdW0EL.jpg,284992,height,"14""13"""
99197,https://m.media-amazon.com/images/I/61AwbVwT-YS.jpg,838598,depth,"ProductparametersProduct Name:Rotating OrnamentsSize: 184 cmMaterial: stainless steel, glass beads;pendantWeight: 49.5 gGlass bead colors: green; red; blue; lake blue, and purpleNote: the manual measurement error is inevitableApplicable environment: outdoor; home, pedestrian street; bars, offices, restaurants,milk tea shop, and sO oncrystal"
99198,https://m.media-amazon.com/images/I/61AwbVwT-YS.jpg,838598,width,"ProductparametersProduct Name:Rotating OrnamentsSize: 184 cmMaterial: stainless steel, glass beads;pendantWeight: 49.5 gGlass bead colors: green; red; blue; lake blue, and purpleNote: the manual measurement error is inevitableApplicable environment: outdoor; home, pedestrian street; bars, offices, restaurants,milk tea shop, and sO oncrystal"
99199,https://m.media-amazon.com/images/I/61Awdi7Ls0L.jpg,231838,height,"Gold design pump,beautiful and lasting longer1OashvCLEANINGFOR YOUYotionCLEANINGFOR YOU2.4in/6cm2.8in/7cmCOLLECTIO HOMEBocyCOLLECTIOAHOME"
99200,https://m.media-amazon.com/images/I/61Awdi7Ls0L.jpg,231838,depth,"Gold design pump,beautiful and lasting longer1OashvCLEANINGFOR YOUYotionCLEANINGFOR YOU2.4in/6cm2.8in/7cmCOLLECTIO HOMEBocyCOLLECTIOAHOME"
99201,https://m.media-amazon.com/images/I/61Awdi7Ls0L.jpg,231838,width,"Gold design pump,beautiful and lasting longer1OashvCLEANINGFOR YOUYotionCLEANINGFOR YOU2.4in/6cm2.8in/7cmCOLLECTIO HOMEBocyCOLLECTIOAHOME"
99202,https://m.media-amazon.com/images/I/61Awg10vtPL.jpg,916768,depth,11 cm/4.33 inch8383'
99203,https://m.media-amazon.com/images/I/61Awg10vtPL.jpg,916768,width,11 cm/4.33 inch8383'
99204,https://m.media-amazon.com/images/I/61Awg10vtPL.jpg,916768,height,11 cm/4.33 inch8383'
99205,https://m.media-amazon.com/images/I/61AwjZKVfjL.jpg,728511,width,xt-KIX->g .340mm510mmWAeln
99206,https://m.media-amazon.com/images/I/61AwjZKVfjL.jpg,728511,depth,xt-KIX->g .340mm510mmWAeln
99207,https://m.media-amazon.com/images/I/61AwjZKVfjL.jpg,728511,height,xt-KIX->g .340mm510mmWAeln
99208,https://m.media-amazon.com/images/I/61AwnAm+QgL.jpg,416664,depth,5inMobile power supplyUSB portFAAA batteryCOLOERROHS(€16 COLOROPERATEDSMARTENEGRYLED FREESAFETYDISPLAYBY USBBUTTONSAVINGCOMPLIANTCERTIFICATE
99209,https://m.media-amazon.com/images/I/61AwnAm+QgL.jpg,416664,height,5inMobile power supplyUSB portFAAA batteryCOLOERROHS(€16 COLOROPERATEDSMARTENEGRYLED FREESAFETYDISPLAYBY USBBUTTONSAVINGCOMPLIANTCERTIFICATE
99210,https://m.media-amazon.com/images/I/61AwnAm+QgL.jpg,416664,width,5inMobile power supplyUSB portFAAA batteryCOLOERROHS(€16 COLOROPERATEDSMARTENEGRYLED FREESAFETYDISPLAYBY USBBUTTONSAVINGCOMPLIANTCERTIFICATE
99211,https://m.media-amazon.com/images/I/61AwsKdsLfL.jpg,849273,depth,5.9 in15.0 cm8.6 in / 22.0 cm
99212,https://m.media-amazon.com/images/I/61AwsKdsLfL.jpg,849273,height,5.9 in15.0 cm8.6 in / 22.0 cm
99213,https://m.media-amazon.com/images/I/61Awuo5R9JL.jpg,120219,width,14.8 inch5.2 inch2 inch13.5 inch10.6 inch9.4 inch2.5 inch8.6 inch15.6 inchto Install28}4Easy
99214,https://m.media-amazon.com/images/I/61AwvpnfpwL.jpg,784538,depth,"4UA GTH ]Q UALITYA3 framesSet %The frames come with8Drotectron.daandic sovegA4 framesMDF backing to makethem the last longer:12.75 32.25 cm9.3"" 23.62 cm-akid5Mtecing598036 FRAME DIMENSION2 FRAME DIMENSIONA4A3"
99215,https://m.media-amazon.com/images/I/61Ax01PhR7L.jpg,916768,height,38114626cm10.2in3inScm
99216,https://m.media-amazon.com/images/I/61Ax0jpMoaL.jpg,763916,height,PRODUCTPARAMETERSSunshine_150cm8:050cm9nidlenu? 70cm
99217,https://m.media-amazon.com/images/I/61Ax3UXFyqL.jpg,931856,height,Bouquet Size:16.5 Inch (H) x 8.3 Inch (W)
99218,https://m.media-amazon.com/images/I/61Ax3UXFyqL.jpg,931856,depth,Bouquet Size:16.5 Inch (H) x 8.3 Inch (W)
99219,https://m.media-amazon.com/images/I/61Ax54v3xeL.jpg,675317,width,"1,.2 inch1.1 inch0.6 inch"
99220,https://m.media-amazon.com/images/I/61AxGOQXxoL.jpg,483370,width,"18""18"" Tall13"" Seated13.5""9'"
99221,https://m.media-amazon.com/images/I/61AxGOQXxoL.jpg,483370,height,"18""18"" Tall13"" Seated13.5""9'"
99222,https://m.media-amazon.com/images/I/61AxGOQXxoL.jpg,483370,depth,"18""18"" Tall13"" Seated13.5""9'"
99223,https://m.media-amazon.com/images/I/61AxIm7ThqL.jpg,192915,depth,"3.1""4.9"""
99224,https://m.media-amazon.com/images/I/61AxIm7ThqL.jpg,192915,height,"3.1""4.9"""
99225,https://m.media-amazon.com/images/I/61AxL+60BIL.jpg,507619,height,"SEITENFENSTERca. 8 x 14 cmETAGENDURCHGANGca. 0 20 cmFRONTEINGANGca. 17 x 24,5 cm"
99226,https://m.media-amazon.com/images/I/61AxMCDCAKL.jpg,119607,height,Noiov1BATHROOM0!designed by weytff42Inch (OR4LInch)
99227,https://m.media-amazon.com/images/I/61AxMCDCAKL.jpg,119607,width,Noiov1BATHROOM0!designed by weytff42Inch (OR4LInch)
99228,https://m.media-amazon.com/images/I/61AxMCDCAKL.jpg,119607,depth,Noiov1BATHROOM0!designed by weytff42Inch (OR4LInch)
99229,https://m.media-amazon.com/images/I/61AxOubSOOL.jpg,801829,height,23-91 cm123 cm60 cm28 cm23cm196 cm120 cm
99230,https://m.media-amazon.com/images/I/61AxVCqlXuL.jpg,558806,depth,4.96 inF5.53 int5tdBavkdavsNote: And please allowsome deviation in thelength due to manualmeasurement:
99231,https://m.media-amazon.com/images/I/61AxVCqlXuL.jpg,558806,height,4.96 inF5.53 int5tdBavkdavsNote: And please allowsome deviation in thelength due to manualmeasurement:
99232,https://m.media-amazon.com/images/I/61Axbg-FWFL.jpg,903603,height,"12 V8.5 A47.24 inch(120 cm)6.61 inch39.37 inch(16.8 cm)(100,cm)100-240 V50-60 Hz2.56 inch(6.5 cm)"
99233,https://m.media-amazon.com/images/I/61Axbg-FWFL.jpg,903603,width,"12 V8.5 A47.24 inch(120 cm)6.61 inch39.37 inch(16.8 cm)(100,cm)100-240 V50-60 Hz2.56 inch(6.5 cm)"
99234,https://m.media-amazon.com/images/I/61AxcWGkoLL.jpg,141308,height,Waterproof Bike Pannier337cm33cmBag
99235,https://m.media-amazon.com/images/I/61AxdkgmSOL.jpg,306956,width,20 cm28 cm40 cmKLARSTEIN
99236,https://m.media-amazon.com/images/I/61AxoEuS3gL.jpg,965725,height,8.1in3.75in3.15in3.0in3.5in3.5in1.7in2.3in2.3in
99237,https://m.media-amazon.com/images/I/61Axw4yiaiL.jpg,823083,height,12cm/4.72in8cm/3.14in.77in4.5cm/1
99238,https://m.media-amazon.com/images/I/61AxwXK-ePL.jpg,386873,item_weight,Comfortable for Your Eyes5.5-inch HD: ~8.a Nl Screen5.518.91440*720 PixelsAspect Ratio
99239,https://m.media-amazon.com/images/I/61Axx1j7KXL.jpg,407921,item_weight,"30% SMALLER THAN D30Super Mini Label Maker3""Weighs only2.9""Can be easily pocketed42.9,2.9""1.09""98g"
99240,https://m.media-amazon.com/images/I/61Axx1j7KXL.jpg,407921,wattage,"30% SMALLER THAN D30Super Mini Label Maker3""Weighs only2.9""Can be easily pocketed42.9,2.9""1.09""98g"
99241,https://m.media-amazon.com/images/I/61AxyU45+eL.jpg,202651,width,"producTSIZE35""2""3.4"""
99242,https://m.media-amazon.com/images/I/61AxyU45+eL.jpg,202651,height,"producTSIZE35""2""3.4"""
99243,https://m.media-amazon.com/images/I/61Ay4V152eL.jpg,436746,width,3[15cm?5.9in
99244,https://m.media-amazon.com/images/I/61Ay4V152eL.jpg,436746,depth,3[15cm?5.9in
99245,https://m.media-amazon.com/images/I/61Ay9n-jqNS.jpg,918186,width,"CoverInvestmentSlotLock29cm/11.4infeit =Tout&lfytojbxsu/i,i b~6_5cm/2.6in22cm/8.7inTetRopyPOSTALECARTE{ert8 Itt irkgicsus{_kt {Utcaur ={Bircirite{reis ,of Jahy =gatuuc _@CA4ssTns_#8:MTIAERIEet+BnatMad"
99246,https://m.media-amazon.com/images/I/61AyC62BNBS.jpg,347404,height,"18 cm15 cm12,8 cm"
99247,https://m.media-amazon.com/images/I/61AyE3mGx5L.jpg,276611,width,"26""31.5""13.8"""
99248,https://m.media-amazon.com/images/I/61AyFCG-eFL.jpg,635528,width,Ultra Compact with Light Design1.42in1.O1inChAN;3.16in86g949(3.150z)7%
99249,https://m.media-amazon.com/images/I/61AyOhr9JiL.jpg,608041,item_volume,methodFOAMINGHAND WASHRECHARGE DE SAVON MOUSSANT POUR LES MAINSfrench lavenderlavande francaiseWITH PLANT-BASED CLEANSERSmethodfrench lavenderREFILL 3Xnaturally derived foaming hand washrefills your bottle 2.8X (to be exact)lavande francaisesavon-mousse pour les mains828 mL (28 FL 02)derive de sources naturelles300mL (10 FL 0Z)
99250,https://m.media-amazon.com/images/I/61AyV-x+fmL.jpg,881883,height,"Size:Approx:150x180cm/59.06x70.87in,18Ox180cm/70.9x70.9in(Optional)("
99251,https://m.media-amazon.com/images/I/61Ayb2y5xJL.jpg,453674,width,PREMIUM STAINLESS STEEL1FLARGECAPACITYTHICKENING DESIGNBUTTER WARMER3.7 Inch^31.8 Inch00DISHWASHERSAFEInch4.3NNilc
99252,https://m.media-amazon.com/images/I/61Ayh7E22RL.jpg,849273,width,Backpack Size46CM18CM13CM25CM11CM23CM30CM2CM21CMBackpack/Lunch Box/Pencil Case
99253,https://m.media-amazon.com/images/I/61Ayh7E22RL.jpg,849273,height,Backpack Size46CM18CM13CM25CM11CM23CM30CM2CM21CMBackpack/Lunch Box/Pencil Case
99254,https://m.media-amazon.com/images/I/61AynJSESyL.jpg,478357,width,8I17.7 in(45cm)VGLEGERALDINE
99255,https://m.media-amazon.com/images/I/61AynJSESyL.jpg,478357,depth,8I17.7 in(45cm)VGLEGERALDINE
99256,https://m.media-amazon.com/images/I/61AyuTX1spL.jpg,296366,item_weight,BATTERY CHARGERDMW-BTC13 with USB 5V 1.8A portLUMKXG5.0Vs-=DMW-BLF19batteryNOT includedUSB cable0AC USB WALL PLUGVSKO81SFLUMIXGchaaGELUMIXCorporaton
99257,https://m.media-amazon.com/images/I/61AyxZs96YL.jpg,416664,height,Glass Diameter17 cm =6.7 inHeight16.5 in42 cmSpecial Varnished Metal BaseAntique View
99258,https://m.media-amazon.com/images/I/61AyxZs96YL.jpg,416664,depth,Glass Diameter17 cm =6.7 inHeight16.5 in42 cmSpecial Varnished Metal BaseAntique View
99259,https://m.media-amazon.com/images/I/61AyzHX62pS.jpg,998545,height,3cm20.5cmA4KgTRAINI-ARDQ18cm16cm4KGTrainHard VINYL KETTLERELL
99260,https://m.media-amazon.com/images/I/61Az36WtT0L.jpg,893692,width,48.9in16 5in14.5in8;828inch24inch20inch11.8in9.8in8.3in
99261,https://m.media-amazon.com/images/I/61Az36WtT0L.jpg,893692,depth,48.9in16 5in14.5in8;828inch24inch20inch11.8in9.8in8.3in
99262,https://m.media-amazon.com/images/I/61Az9yBZw2L.jpg,810266,width,8.5cm3.34in95I4.4cm1.73in
99263,https://m.media-amazon.com/images/I/61AzCVxZ+BL.jpg,478357,depth,20.8inch(52.8cm)18.Sinch(46.9cm)SiYAL
99264,https://m.media-amazon.com/images/I/61AzCVxZ+BL.jpg,478357,width,20.8inch(52.8cm)18.Sinch(46.9cm)SiYAL
99265,https://m.media-amazon.com/images/I/61AzHX2xmVL.jpg,801829,height,CELLBELLWaTsonA53 cmD61 cmHeight Sustainability5.2Ft- 6FtB76 cmE - 56 cmWeight Sustainability105 kgsC46-56 cmF - 119-132 cm
99266,https://m.media-amazon.com/images/I/61AzHX2xmVL.jpg,801829,width,CELLBELLWaTsonA53 cmD61 cmHeight Sustainability5.2Ft- 6FtB76 cmE - 56 cmWeight Sustainability105 kgsC46-56 cmF - 119-132 cm
99267,https://m.media-amazon.com/images/I/61AzVDPKgUL.jpg,675317,height,"PLEASE CONFIRM THE MEASUREMENTS BEFORE ORDERINGIF MEASUREMENTS ARE MORE THAN 1/8"" OFF THIS WILL NOT FIT YOUR MODEL.16 344""5"
99268,https://m.media-amazon.com/images/I/61AzafaiBqS.jpg,278850,height,2.95 inch4.72 inch
99269,https://m.media-amazon.com/images/I/61AzafaiBqS.jpg,278850,depth,2.95 inch4.72 inch
99270,https://m.media-amazon.com/images/I/61Azax1R5iL.jpg,752266,height,KYOTECHLED Ceiling Spotlighl1Color White6W 3000K 550LMWGX53 LED Bulb6IAC 220-240 Volt 50-60Hz#Size: 084x60rnm#cel1216|[KW@8
99271,https://m.media-amazon.com/images/I/61AzkpkmOHL.jpg,810266,height,"kook9.4OzFull Capacity6.3""1Perfect Condition GuaranteeShips out in Polyfoam Protection2"""
99272,https://m.media-amazon.com/images/I/61AzkpkmOHL.jpg,810266,depth,"kook9.4OzFull Capacity6.3""1Perfect Condition GuaranteeShips out in Polyfoam Protection2"""
99273,https://m.media-amazon.com/images/I/61AzlNtvWbL.jpg,844474,width,PRODUCT SIZE0931cm/12.2in14cm/5.51in14-inch laptopBooksiPadUmbrellaWater BottieFolders
