index,image_link,group_id,entity_name,e
93474,https://m.media-amazon.com/images/I/617WlkIC5tL.jpg,446789,width,125 cmnappy196 cm96 cm
93475,https://m.media-amazon.com/images/I/617WvUqa42L.jpg,386873,item_weight,6000mAhRwjnii? (ty bltl)/iw5'-195 [311o5z17 13Fio) #hmj14 Hahiot_=Jh56.6 13F1om3
93476,https://m.media-amazon.com/images/I/617WxrQ5peL.jpg,658003,height,"1.1""Elevated Foot PieceSmooth SurfaceRounded Edge11.22""5.91"""
93477,https://m.media-amazon.com/images/I/617WyMpOykL.jpg,638301,width,"TV COVERDIMENSIONSWIDTH:37""HEIGHT:23""DIAGONALMEASSUREMENT:(FIT 36-38"" TV)DEPTH: 5"""
93478,https://m.media-amazon.com/images/I/617XCZCDWEL.jpg,675317,height,"FITS STANDARD DOORS1-3/8"" to 1-3/4""DOOR THICKNESS:1-3/8"" to 1-3/4"" (35mm to 45mm)2.6""1Adjustable Latch:2-3/8""(60mm)2.2""L2-3/4""(70mm)"
93479,https://m.media-amazon.com/images/I/617XDf95E5L.jpg,801829,height,"28.3'23.222.432.323.25.1'18.9'""27.56"
93480,https://m.media-amazon.com/images/I/617XKdFAGkL.jpg,416664,width,PRODUCT DETAILSINCLUDE1101 BLUBSVOLTSW14InchTIMMING50FUNCTIONWATTS7.3InchBRIGHTNESSFLAMINGOADJUSTABLESHAPE8.5 Inch
93481,https://m.media-amazon.com/images/I/617XKdFAGkL.jpg,416664,depth,PRODUCT DETAILSINCLUDE1101 BLUBSVOLTSW14InchTIMMING50FUNCTIONWATTS7.3InchBRIGHTNESSFLAMINGOADJUSTABLESHAPE8.5 Inch
93482,https://m.media-amazon.com/images/I/617XNRzZ5SL.jpg,146860,depth,"lx Brush1x Tweezers1x Mesh Filter1XReplacement Filter1 x FilterSmart Pet Water FountainUser Manual(€rr2Telden  e4onFtollMdlcinaeo""younetiaRooHoctoconttaCughana:on1x Power adapter1 x Filter Holder1x Pump1 x Pre-filter sponge1x User Manual--I3inch:Ginch@2ichXy1 x Spiral Water Dish1x Water BasinTrayBago031-0'"
93483,https://m.media-amazon.com/images/I/617XSpC+4cL.jpg,664736,width,Product Dimension18cm45cm34cmINNER DIMENSIONSPLUCKABLE AREA42cm x 28cm38cmX24cm
93484,https://m.media-amazon.com/images/I/617XSwdJo5L.jpg,145452,width,"6.7cm6.7cm6,7em1I36Omi4OOmlSOOmi120z140217oz181g272g362gWidth 6.7cmWidth 6.7cmWidth 6.ScmHeight 18.7cmHeight 23.2cmHeight 26cmHAPIHAPIHAPI"
93485,https://m.media-amazon.com/images/I/617XSwdJo5L.jpg,145452,depth,"6.7cm6.7cm6,7em1I36Omi4OOmlSOOmi120z140217oz181g272g362gWidth 6.7cmWidth 6.7cmWidth 6.ScmHeight 18.7cmHeight 23.2cmHeight 26cmHAPIHAPIHAPI"
93486,https://m.media-amazon.com/images/I/617XX1GPa7L.jpg,292475,height,DIMENSIONS6.3 inches2 inchesBowl8.25 inches3 inchesPan
93487,https://m.media-amazon.com/images/I/617XdeibdmL.jpg,783898,depth,21.5cm14cmRiJHDAn9051
93488,https://m.media-amazon.com/images/I/617XhUsoxLL.jpg,866516,height,40mm40mm
93489,https://m.media-amazon.com/images/I/617XhUsoxLL.jpg,866516,depth,40mm40mm
93490,https://m.media-amazon.com/images/I/617XjVyZRXL.jpg,180410,width,3.94 in(1Ocm)1.1in(2.8cm)4.53 in(11.5cm)
93491,https://m.media-amazon.com/images/I/617XjenKfxL.jpg,358831,height,114MM3
93492,https://m.media-amazon.com/images/I/617XjenKfxL.jpg,358831,depth,114MM3
93493,https://m.media-amazon.com/images/I/617XlVXxWJL.jpg,276611,height,144 cmE88833340F78 cm9cm
93494,https://m.media-amazon.com/images/I/617XqnNa-iL.jpg,102234,item_weight,Two 45 lb. Bumper PlatesHigh-density virgin rubber construction ensures minimal bounce andsuperior durability4507LBGv33
93495,https://m.media-amazon.com/images/I/617XrevI4TL.jpg,801829,height,82cm72cm52cmi25cm48cm52cm55cm20cm22cm52cm63cm
93496,https://m.media-amazon.com/images/I/617Xy9tRPRL.jpg,931856,height,"~7.5~13"""
93497,https://m.media-amazon.com/images/I/617Xy9tRPRL.jpg,931856,width,"~7.5~13"""
93498,https://m.media-amazon.com/images/I/617Y1aHan7L.jpg,881883,width,N236 inch
93499,https://m.media-amazon.com/images/I/617Y1aHan7L.jpg,881883,height,N236 inch
93500,https://m.media-amazon.com/images/I/617Y1aHan7L.jpg,881883,depth,N236 inch
93501,https://m.media-amazon.com/images/I/617Y2GUfMdL.jpg,142748,width,92cm452[6.5cmUV-CUTWEIGHT90%190gALL WEATHERUV PROTECTIONCOMPACT SIZEWtimrm)UVtJ > [ 490%1XEJyngh#
93502,https://m.media-amazon.com/images/I/617Y3aCaAEL.jpg,866950,item_weight,"ELECTRIC AIRTHERMALLYPROTECTEDModol: 8211Outout AC ,1Ov DC 1Zv5078Ps04p2'acop 250Um nInterekPortable & LightweightETL CertificatePowerful MotorBetter Heat DissipationPUMPFiom"
93503,https://m.media-amazon.com/images/I/617Y9PrhJNL.jpg,849273,depth,SizeExpandable3cm in normal stateOpen the zipper will expand to 7cm
93504,https://m.media-amazon.com/images/I/617YALrCOAL.jpg,931856,height,~1x0nta3ZROT65Izabtrrhwklrsnzg20cm
93505,https://m.media-amazon.com/images/I/617YALrCOAL.jpg,931856,depth,~1x0nta3ZROT65Izabtrrhwklrsnzg20cm
93506,https://m.media-amazon.com/images/I/617YALrCOAL.jpg,931856,width,~1x0nta3ZROT65Izabtrrhwklrsnzg20cm
93507,https://m.media-amazon.com/images/I/617YAOiD-DL.jpg,524117,height,"19L11.6""16.1""8.7""Max Support Up to 66 lbsDon 't sit on top of it."
93508,https://m.media-amazon.com/images/I/617YEzxRrVL.jpg,470067,height,"OulantonTouch #e hppines19cm/7.48""40cm/15.74""22.Scm/8.85""9cm/3.54""p3""10.6cm/4.17""5.3cm/2""10cm/3 ."
93509,https://m.media-amazon.com/images/I/617YLibXsAL.jpg,362818,height,62mm213mm148mm
93510,https://m.media-amazon.com/images/I/617YM4JkymL.jpg,843434,width,"available sizes10""8""63.93""/10cm4Open Width20.2""/5.ImmGlass Thickness Ave4.53""/11.5cmExternal Height0.5""/12.7mmBase Thickness Ave5.91""/15cmExternal DiameterAll sizes are measured manually,subject to the actual product"
93511,https://m.media-amazon.com/images/I/617YMOlFikL.jpg,141308,height,LJa830cm/11.81inZ0cmI7.87in12cm/4.72in
93512,https://m.media-amazon.com/images/I/617YPHOdkqL.jpg,953313,item_weight,QuantumUltriumData4For use in LTO Ultrium 4WORMWrite OnceRead800 / 1600 GB0.5 InchCartridgeULTRIQM41134Cartridgedrives:ManyData
93513,https://m.media-amazon.com/images/I/617YPjreFBL.jpg,558806,height,Ptoducts includa2in3Cupcake Toppers x36
93514,https://m.media-amazon.com/images/I/617YPjreFBL.jpg,558806,width,Ptoducts includa2in3Cupcake Toppers x36
93515,https://m.media-amazon.com/images/I/617YPjreFBL.jpg,558806,depth,Ptoducts includa2in3Cupcake Toppers x36
93516,https://m.media-amazon.com/images/I/617YRlIjnwL.jpg,313539,item_weight,"Palm-Sized Mini Audio Mixer3.9""eISmm0.6""1 2.50zIOOmmMASTERIN3IN2INTMIXER SOUTTUSTmartOA70g"
93517,https://m.media-amazon.com/images/I/617YTTU3o1L.jpg,594224,height,3.1 in / 8.0 cm4.3 in / 11.0 cm6.4 in16.5cm
93518,https://m.media-amazon.com/images/I/617YUPhGhaL.jpg,598989,depth,S0cm5Ocm240cmPACKAGE INCLUDED:Ix Bed CanopyIx Steel ringIx Adhesive tape2x Screwsbotton circumference270cm
93519,https://m.media-amazon.com/images/I/617YUPhGhaL.jpg,598989,width,S0cm5Ocm240cmPACKAGE INCLUDED:Ix Bed CanopyIx Steel ringIx Adhesive tape2x Screwsbotton circumference270cm
93520,https://m.media-amazon.com/images/I/617YWP7fXRL.jpg,810266,depth,Perfect Size forIndoor and Outdoor5854.3in90z392'FBPA FREEBPA FreeLEAD FreeCold&HotDishwasher Safe
93521,https://m.media-amazon.com/images/I/617YWP7fXRL.jpg,810266,height,Perfect Size forIndoor and Outdoor5854.3in90z392'FBPA FREEBPA FreeLEAD FreeCold&HotDishwasher Safe
93522,https://m.media-amazon.com/images/I/617Ya7a-9SL.jpg,220662,height,265mm10.4in889mm / 3.5in!105mm / 4.1in128mm5.04in8mm / 0.3in28mm / 1.Tin
93523,https://m.media-amazon.com/images/I/617YglhbZEL.jpg,751532,width,Guide des dimensions du matelas2oocm160cm
93524,https://m.media-amazon.com/images/I/617YglhbZEL.jpg,751532,depth,Guide des dimensions du matelas2oocm160cm
93525,https://m.media-amazon.com/images/I/617YgyAaIwL.jpg,396159,height,SINGLELADYQck 8094t8Q5 % & %I00r5022*20cmDCS1
93526,https://m.media-amazon.com/images/I/617Yn1Ty-tS.jpg,978900,depth,OverallDimension2.75 inch / 7 cm8;F1.97 inch / 5 cm
93527,https://m.media-amazon.com/images/I/617Yp1XFR3L.jpg,545902,height,10.6cm14.5cm21cm
93528,https://m.media-amazon.com/images/I/617Yq8Dej-L.jpg,470067,width,ARRLSEAMORDERNWIDE-SPREAD BATHROOM FAUCETEXQUISITEEXCLUSIVETHE WIDE-SPREAD FAUCET HAS AMODERN DESIGN.THE LATEST STRUCTURALDESIGN. FIT THREE HOLES8-INCH CENTERSET CONFIGURATION
93529,https://m.media-amazon.com/images/I/617Yq8Dej-L.jpg,470067,depth,ARRLSEAMORDERNWIDE-SPREAD BATHROOM FAUCETEXQUISITEEXCLUSIVETHE WIDE-SPREAD FAUCET HAS AMODERN DESIGN.THE LATEST STRUCTURALDESIGN. FIT THREE HOLES8-INCH CENTERSET CONFIGURATION
93530,https://m.media-amazon.com/images/I/617Yq8Dej-L.jpg,470067,height,ARRLSEAMORDERNWIDE-SPREAD BATHROOM FAUCETEXQUISITEEXCLUSIVETHE WIDE-SPREAD FAUCET HAS AMODERN DESIGN.THE LATEST STRUCTURALDESIGN. FIT THREE HOLES8-INCH CENTERSET CONFIGURATION
93531,https://m.media-amazon.com/images/I/617YqGUTgoS.jpg,692563,maximum_weight_recommendation,"Double Action Spring HingeRegular ScrewMaterial ; 201 stainless steelMaterial : 201 stainless steelThickness; 3mmSIZE : M4,5x25mmLoad Capacityl1 pair}: 1Okg (2216)Opening angle: 1802Net Weight: 14,3 02 ( 405g]SIZE : SYx3xh"" (14Ox75xl9mm)"
93532,https://m.media-amazon.com/images/I/617YqmGwDEL.jpg,141308,height,Wa/+*5u#?25L5.7KGFbs_#L1834CM43CM
93533,https://m.media-amazon.com/images/I/617Yt8IgEAL.jpg,849273,height,"Product nameAVATA mini storageJ63emProduct color: grayMain material: polyesterProduct weight: 0.49lbProduct size: 7.87x7.48x7.87inPacking method:Packing list: Storagex1, partition x2bagbagbag"
93534,https://m.media-amazon.com/images/I/617YtngT-EL.jpg,245652,width,8.Scm4.Scm
93535,https://m.media-amazon.com/images/I/617YtngT-EL.jpg,245652,depth,8.Scm4.Scm
93536,https://m.media-amazon.com/images/I/617YvWSaKsL.jpg,488883,height,"24.815.4""24.8X24.8X15.4"
93537,https://m.media-amazon.com/images/I/617Yxk2opaL.jpg,711228,height,"COMPActoY FUNCIONALFAcIL DELLENARPara abrir y Ilenar; retira la tapa con unmovimiento giratorio, coloca lasespecias y cierra de nuevoIDEALCOMOREGALOMOLIDOPROGRESIVOOptimo rendimiento de molido con elnivel de molido ajustable de fino a gruesoDISENOCOMPACTOLARS NYSOMAltura:18,7cmDiametro:5,0 cmCapacidad:ca. 150 g"
93538,https://m.media-amazon.com/images/I/617Yxk2opaL.jpg,711228,width,"COMPActoY FUNCIONALFAcIL DELLENARPara abrir y Ilenar; retira la tapa con unmovimiento giratorio, coloca lasespecias y cierra de nuevoIDEALCOMOREGALOMOLIDOPROGRESIVOOptimo rendimiento de molido con elnivel de molido ajustable de fino a gruesoDISENOCOMPACTOLARS NYSOMAltura:18,7cmDiametro:5,0 cmCapacidad:ca. 150 g"
93539,https://m.media-amazon.com/images/I/617Yxk2opaL.jpg,711228,depth,"COMPActoY FUNCIONALFAcIL DELLENARPara abrir y Ilenar; retira la tapa con unmovimiento giratorio, coloca lasespecias y cierra de nuevoIDEALCOMOREGALOMOLIDOPROGRESIVOOptimo rendimiento de molido con elnivel de molido ajustable de fino a gruesoDISENOCOMPACTOLARS NYSOMAltura:18,7cmDiametro:5,0 cmCapacidad:ca. 150 g"
93540,https://m.media-amazon.com/images/I/617YxwZ6zpL.jpg,648011,depth,SAMSUNGV-TAC5 YEARLEDWARRANTYIlluminated1.2MetresFeetWhite4OOOk4800 LUMENS3OOO0 HOURSHIGHL 0 N GL | F ELUMENBRIGHTRATINGLIGHTING1200Deymmmm74.1
93541,https://m.media-amazon.com/images/I/617YxwZ6zpL.jpg,648011,width,SAMSUNGV-TAC5 YEARLEDWARRANTYIlluminated1.2MetresFeetWhite4OOOk4800 LUMENS3OOO0 HOURSHIGHL 0 N GL | F ELUMENBRIGHTRATINGLIGHTING1200Deymmmm74.1
93542,https://m.media-amazon.com/images/I/617Z-LJcspL.jpg,893692,height,"25 Cml9,8 IncDbinc820 [40 Cm/15,3 Inc16 litriBorsaIncCmlz,"
93543,https://m.media-amazon.com/images/I/617Z-Yw+qjL.jpg,417434,height,15.74in2.36in15.74inInsta Ilation hole distance13.19in1.97in2.75in0.99in1.97in1.97in6.3in6.5in2.36in1.97in1.97in1.97in1.77in1.77in1.77in
93544,https://m.media-amazon.com/images/I/617Z08z--ZL.jpg,245652,width,18cm8cm14.5cm
93545,https://m.media-amazon.com/images/I/617Z0eJ2+zL.jpg,949192,depth,PRODUCT SIZZE5.8ftSft6.6ft6.6ft
93546,https://m.media-amazon.com/images/I/617Z2eKeyML.jpg,355666,item_weight,PROFESSIONAL FEATURES18mm Eyepiece70mmOcular LensWaterproofBAKZ PrismFMC(Ensure excellent light(Fully multi-coated lensestransmission)for best picture)
93547,https://m.media-amazon.com/images/I/617Z34vR5HL.jpg,751532,height,"Size: Inch41,3""16.3""38.5""35.5""41.33""75.1'3.1""23""16.13.9""6.8""81.4""2.7""2.7""5.5""2.2"""
93548,https://m.media-amazon.com/images/I/617Z6Y3PkUL.jpg,145452,height,Sfee 170z Insulated Water Bottle1.3inch'Cleaning BrushIn The Bottle1112$2.Ginch
93549,https://m.media-amazon.com/images/I/617Z6Y3PkUL.jpg,145452,width,Sfee 170z Insulated Water Bottle1.3inch'Cleaning BrushIn The Bottle1112$2.Ginch
93550,https://m.media-amazon.com/images/I/617Z6Y3PkUL.jpg,145452,depth,Sfee 170z Insulated Water Bottle1.3inch'Cleaning BrushIn The Bottle1112$2.Ginch
93551,https://m.media-amazon.com/images/I/617ZEvKkxzS.jpg,178778,depth,Length: 8.9in(22.Scm)Width: 5.9in(15cm)Height: 5.4in(13.8cm)
93552,https://m.media-amazon.com/images/I/617ZF7NEiSL.jpg,416664,voltage,Fd UT 4o1DMEMaktsfemkeMTOHIY
93553,https://m.media-amazon.com/images/I/617ZHsw-XYL.jpg,145486,height,3cm9cm3.5cmDrivenoMini _Level'SCREAMERQuerdriueMOskyudio
93554,https://m.media-amazon.com/images/I/617ZJaYcGmL.jpg,549052,height,ForMedium/Large SizeD0.43inch20-60 Ibs/11-27 kg4.5 inch01.02inch3.0 inch
93555,https://m.media-amazon.com/images/I/617ZJsID1jL.jpg,599317,height,2.36in/6cm4.6ftl/140cm157inl4cm2.36in/6cm0.4inlIcm4.6ft/140cm
93556,https://m.media-amazon.com/images/I/617ZNZ6rChL.jpg,295706,height,"Product Size25mm / 0.9512.4""61mm36mm31.42"""
93557,https://m.media-amazon.com/images/I/617ZQB-epDL.jpg,881883,width,Height:84 inchWidth:72 inchFit forso many shapes of shower curtain rodsIncluded 12 Free Hooks72inch
93558,https://m.media-amazon.com/images/I/617ZQB-epDL.jpg,881883,depth,Height:84 inchWidth:72 inchFit forso many shapes of shower curtain rodsIncluded 12 Free Hooks72inch
93559,https://m.media-amazon.com/images/I/617ZUm2MC0L.jpg,483370,height,aaF113cm/5.12in
93560,https://m.media-amazon.com/images/I/617ZUm2MC0L.jpg,483370,depth,aaF113cm/5.12in
93561,https://m.media-amazon.com/images/I/617ZV3NDVaS.jpg,801829,maximum_weight_recommendation,"21.5""7""24""16.25""45""24""24""24""321""24""RecommendHeight:26.5""5'- 6'330LBSLoad bearing"
93562,https://m.media-amazon.com/images/I/617ZfDiY1KL.jpg,483370,depth,18cm/7.O9in
93563,https://m.media-amazon.com/images/I/617ZfDiY1KL.jpg,483370,height,18cm/7.O9in
93564,https://m.media-amazon.com/images/I/617ZfDiY1KL.jpg,483370,width,18cm/7.O9in
93565,https://m.media-amazon.com/images/I/617Zov5LrVL.jpg,810266,height,"2.7""60z2.7""3.3""Food GRADEDISHWASHER SAFEUNBREAKABLE304 STAINLESS"
93566,https://m.media-amazon.com/images/I/617ZtAj7G7L.jpg,784538,depth,S9inch150cm)11Machine WashableCan Be IronedDo Not Bleach
93567,https://m.media-amazon.com/images/I/617ZtAj7G7L.jpg,784538,height,S9inch150cm)11Machine WashableCan Be IronedDo Not Bleach
93568,https://m.media-amazon.com/images/I/617Zu+Mu-zL.jpg,881883,width,ca. 245 cmca. 60 cm
93569,https://m.media-amazon.com/images/I/617Zu+Mu-zL.jpg,881883,depth,ca. 245 cmca. 60 cm
93570,https://m.media-amazon.com/images/I/617Zx7B9b6L.jpg,762585,height,EASY TO CARRYWHEREVER YOU GO_7OMmZIG-ZAG
93571,https://m.media-amazon.com/images/I/617Zx7B9b6L.jpg,762585,depth,EASY TO CARRYWHEREVER YOU GO_7OMmZIG-ZAG
93572,https://m.media-amazon.com/images/I/617Zx7B9b6L.jpg,762585,width,EASY TO CARRYWHEREVER YOU GO_7OMmZIG-ZAG
93573,https://m.media-amazon.com/images/I/617ZygGzHNL.jpg,130202,height,ZmAmI#(xrTL-FottzZTB< #tlsGnCUTTIG135mmSTICKER65mmSHOES RAcK
93574,https://m.media-amazon.com/images/I/617ZygGzHNL.jpg,130202,depth,ZmAmI#(xrTL-FottzZTB< #tlsGnCUTTIG135mmSTICKER65mmSHOES RAcK
93575,https://m.media-amazon.com/images/I/617a-2X74ZL.jpg,675680,depth,SUCTION CUP INSTALLATION~IOCN3.94IN1111FIOCN3.94IN
93576,https://m.media-amazon.com/images/I/617a-2X74ZL.jpg,675680,width,SUCTION CUP INSTALLATION~IOCN3.94IN1111FIOCN3.94IN
93577,https://m.media-amazon.com/images/I/617a0tWIwYL.jpg,648011,depth,25.5mm/1inch18.5mm/O.73inch5W40W8J82E17 Ceramic BaseEll Mini Candelabra BaseE12 Candelabra BaseEl7 Intermediate Base13mmi0.51in21mm15mm(0.81in)(0.59in)11mm(0.43in)12mm17mm(0.47in)(0.67inch)Please check the base of your light fixture before purchasing
93578,https://m.media-amazon.com/images/I/617a0tWIwYL.jpg,648011,height,25.5mm/1inch18.5mm/O.73inch5W40W8J82E17 Ceramic BaseEll Mini Candelabra BaseE12 Candelabra BaseEl7 Intermediate Base13mmi0.51in21mm15mm(0.81in)(0.59in)11mm(0.43in)12mm17mm(0.47in)(0.67inch)Please check the base of your light fixture before purchasing
93579,https://m.media-amazon.com/images/I/617a13OVRGL.jpg,594224,width,33711.77in6.5cm4.5cm2.55in
93580,https://m.media-amazon.com/images/I/617aCC7+anL.jpg,478357,height,72cml61cm122cm
93581,https://m.media-amazon.com/images/I/617aJ9fMCgL.jpg,347404,height,25cm22cm19cm25cm22cm19cm15L10L7L
93582,https://m.media-amazon.com/images/I/617aLNylDWL.jpg,844474,height,16in(40.Scm)=11.5in8in(29.3cm)(20.3cm)TC0)803
93583,https://m.media-amazon.com/images/I/617aOCf-hJL.jpg,969033,height,"SIESTA DELUXE 848 cm74 cm18.89 in29.13 in25 cm9.8 in23259,5 cm82 cm23.4 in32.3 in"
93584,https://m.media-amazon.com/images/I/617aZXluR-L.jpg,932289,width,Please stick to the specified dimensions:UmbrellaJCenter27cm27+148=175148cmTip141cmThe sides of the triangle must be 141 x 175 cm;where the cap has a radius of 27 cm:The distance from the edge of the cap to the tip is 148 cm:CapTop
93585,https://m.media-amazon.com/images/I/617aZXluR-L.jpg,932289,height,Please stick to the specified dimensions:UmbrellaJCenter27cm27+148=175148cmTip141cmThe sides of the triangle must be 141 x 175 cm;where the cap has a radius of 27 cm:The distance from the edge of the cap to the tip is 148 cm:CapTop
93586,https://m.media-amazon.com/images/I/617agiEhhmL.jpg,604347,height,MMarAAf20.5cm/8.07in
93587,https://m.media-amazon.com/images/I/617agiEhhmL.jpg,604347,depth,MMarAAf20.5cm/8.07in
93588,https://m.media-amazon.com/images/I/617amiGxeJL.jpg,237000,height,"88 cm(34 5/8"")88 cm(34 5/8"")179 cm (70 1/2"")"
93589,https://m.media-amazon.com/images/I/617amiGxeJL.jpg,237000,depth,"88 cm(34 5/8"")88 cm(34 5/8"")179 cm (70 1/2"")"
93590,https://m.media-amazon.com/images/I/617avMB3esL.jpg,106003,depth,SIZE SHOW14.52in/11.Scm
93591,https://m.media-amazon.com/images/I/617avMB3esL.jpg,106003,height,SIZE SHOW14.52in/11.Scm
93592,https://m.media-amazon.com/images/I/617ayAfp1QL.jpg,292475,width,PRODUCT SIZEFood GradeSilicone12Dishwasher SafeDesign for20cm/7.8inchStanley Cup6.Scm/2 6inch
93593,https://m.media-amazon.com/images/I/617b+cosAVL.jpg,107694,depth,SIZE CHART2593 €95cm48cmAGE3-6 MONTHS6-12 MONTHS12-24 MONTHS2-6 YEARSWEIGHT4.98-9.07 kgSS9.07-13.6 kg13.6-18.1 kg18.1-22.6 kg98
93594,https://m.media-amazon.com/images/I/617b+cosAVL.jpg,107694,width,SIZE CHART2593 €95cm48cmAGE3-6 MONTHS6-12 MONTHS12-24 MONTHS2-6 YEARSWEIGHT4.98-9.07 kgSS9.07-13.6 kg13.6-18.1 kg18.1-22.6 kg98
93595,https://m.media-amazon.com/images/I/617b+kFAuBS.jpg,866516,height,49cm/15.5inch1
93596,https://m.media-amazon.com/images/I/617b+kFAuBS.jpg,866516,depth,49cm/15.5inch1
93597,https://m.media-amazon.com/images/I/617b+kYHG5L.jpg,752266,height,66DIMENSIONbulbs not included6OW MaxE26 BaseCFLLED LightIncandescentHardwired7.9 inch4.7inch8.7inch4.8 inch21.8 inch
93598,https://m.media-amazon.com/images/I/617b19QxSAL.jpg,347404,width,"vounot45.Scm17.9in30 cm /65LScm2in6cm2.4inScm2in13cm / 1.2inX1513.4in8;fX56;11.8in11.3cm4.4in""7.9cm _"
93599,https://m.media-amazon.com/images/I/617b5b7-0DL.jpg,916768,depth,"Choose the Sizethat's right for youZeruNeat BentoMini Bentowith Ice Pack(this item)9.3""w x 8.4""h7.4""w x 5.9""h"
93600,https://m.media-amazon.com/images/I/617b6yPEduL.jpg,478357,width,"0.78""1.18"" [1.18""x0.78""_25.50""12.75""18.25"""
93601,https://m.media-amazon.com/images/I/617b6yPEduL.jpg,478357,height,"0.78""1.18"" [1.18""x0.78""_25.50""12.75""18.25"""
93602,https://m.media-amazon.com/images/I/617b9BAyRML.jpg,931856,width,2.75 IN4.72 IN
93603,https://m.media-amazon.com/images/I/617b9BAyRML.jpg,931856,depth,2.75 IN4.72 IN
93604,https://m.media-amazon.com/images/I/617bDUhtKxL.jpg,416664,height,lve398love088cm14.88
93605,https://m.media-amazon.com/images/I/617bELa6dhL.jpg,386873,item_weight,"INFINITY-0 DISPLAYAIl eyes on the Infinity-0With barely-there bezels and a super small punch holefor the camera, the 6.5"" FHD Infinity-0 Display letsDisplayyou dive into gaming, streaming and video cawithout anything blocking your view:lling"
93606,https://m.media-amazon.com/images/I/617bFfV0MuL.jpg,418233,height,438cm/3.15in
93607,https://m.media-amazon.com/images/I/617bFfV0MuL.jpg,418233,depth,438cm/3.15in
93608,https://m.media-amazon.com/images/I/617bJesj0bL.jpg,695925,depth,6.5cm/2.6in diameterfit for 2.36in (6cm) to 3.1Sinch (8cm)95cm/3.74in diameterfit for 3.54in (9cm) to 4.33in (1cm)
93609,https://m.media-amazon.com/images/I/617bJesj0bL.jpg,695925,height,6.5cm/2.6in diameterfit for 2.36in (6cm) to 3.1Sinch (8cm)95cm/3.74in diameterfit for 3.54in (9cm) to 4.33in (1cm)
93610,https://m.media-amazon.com/images/I/617bLpjCFxL.jpg,478357,height,"SIZE: INCH7u5o7w20.5""198e12o274o8v1933""1861164m3.4w13.8"""
93611,https://m.media-amazon.com/images/I/617bNR--uUL.jpg,351134,height,OTAKU15cm125cm
93612,https://m.media-amazon.com/images/I/617bT8RkUJL.jpg,442321,height,49.2in(125cm)12.2in(31cm)16.9in.5cm)(43cm)8o29.1in(74cm)16.3in(41.5cm)S.9in(14-9cm)23.6in(6Ocm)18.3in/46.Zin(2o.7cm)11.4in(29cm)
93613,https://m.media-amazon.com/images/I/617bUAXCE5L.jpg,776220,width,"Product Parameters22OMM4OMM13OMM7MMoimbaect6o0/minStroke2.2MMAir inlet1/4impactsAirWorkconsumption0.3M /minpressure0.6MPAdameer30mMtacknees7MMdiBodeter4OMMWeight1,6KG1Joot"
93614,https://m.media-amazon.com/images/I/617bWrIbm4L.jpg,478357,height,"Product Size88 Ibs45cml22 Ibs16.9""9.3cm/3.6""60cm/23.6""110cm/43.3"""
93615,https://m.media-amazon.com/images/I/617bXt31FwL.jpg,521308,width,"118""85.43""327.68W656""27693""29.92""2756"""
93616,https://m.media-amazon.com/images/I/617bfYDm2bL.jpg,521308,maximum_weight_recommendation,"Product Size1000Sofa120.1""W x32.3""Dx33.5""HLBSOttoman : 35.4""W x21.7""Dx18.3""HWeight Capacity5.9""120.114.6""33.5""24.4'33.5'22.8""105.1""5.5""18.3""11.4'21.7""32.3'35.4""18.3""4.3""[21.7""35.4'"
93617,https://m.media-amazon.com/images/I/617bg-mV+8L.jpg,524117,height,14cmi14cm24cm
93618,https://m.media-amazon.com/images/I/617bmNcg2iL.jpg,149159,depth,16.7 in / 17 cm
93619,https://m.media-amazon.com/images/I/617bn0M4IxL.jpg,292475,width,Capacity22 OZNormal24/2OZ24 OZStandard Size for French OnionMaximum5.2 inch2.8inch;7 inchSoup
93620,https://m.media-amazon.com/images/I/617bvKY8HzL.jpg,810266,height,"5"" W4.5"" H"
93621,https://m.media-amazon.com/images/I/617bvKY8HzL.jpg,810266,depth,"5"" W4.5"" H"
93622,https://m.media-amazon.com/images/I/617bzjTL+hL.jpg,648011,depth,9.5 inchesE27 screw socket plug wire(with switch)4.7 inches6.5 feetLamp'E27/E26BuetoothName :CPO10Power50w(Hornpower :10w)Vo ltage:85-265VCap -
93623,https://m.media-amazon.com/images/I/617bzjTL+hL.jpg,648011,height,9.5 inchesE27 screw socket plug wire(with switch)4.7 inches6.5 feetLamp'E27/E26BuetoothName :CPO10Power50w(Hornpower :10w)Vo ltage:85-265VCap -
93624,https://m.media-amazon.com/images/I/617c-bN-Y6S.jpg,487566,height,Cobertor con BorregaKing SizeIncluye:Cobertor con BorregaMedidas: 250 cmx 220 cmCalidad Premium:Capitonado.Colores Extra Firmes:Ideal para Todo el Ano.BorregaUltra SuaveNivel de calormelocotton
93625,https://m.media-amazon.com/images/I/617c0cEQXUL.jpg,119607,depth,MMYSelf-standingVdvonlusdVivid printingThree sizes of wooden signpaintings can be combined togetherQuality naturalwoodMMYMay yourHOMENew Itome5.5inAdontybc4.6inbe a place where4.13inifiends meet;family eand loue growsHOME0.Zin4.13in0.9in4.6in5.5in1.18inHomeNEWHome.NEWSweet'gatherMemories1
93626,https://m.media-amazon.com/images/I/617c0cEQXUL.jpg,119607,width,MMYSelf-standingVdvonlusdVivid printingThree sizes of wooden signpaintings can be combined togetherQuality naturalwoodMMYMay yourHOMENew Itome5.5inAdontybc4.6inbe a place where4.13inifiends meet;family eand loue growsHOME0.Zin4.13in0.9in4.6in5.5in1.18inHomeNEWHome.NEWSweet'gatherMemories1
93627,https://m.media-amazon.com/images/I/617c3kZltfL.jpg,931247,height,110 cm110 cm
93628,https://m.media-amazon.com/images/I/617c3kZltfL.jpg,931247,width,110 cm110 cm
93629,https://m.media-amazon.com/images/I/617cA9TgmEL.jpg,263982,width,2.9in10.3inTyncGdurothsroncgtGnad s mr [afdeLeWamtenance;meb FdkeutnouchetsMrar IrliorDl eutrsmG nAeominrnd pceMoue surethat tampcrpesbonre drycren &T0Q E5 EMuanost IrnaantcauiioN: Em5ELSchancarnHpLWG.AC[CONteNTS MANUFACTURER:05132542(715]chviiom'Unoe pe>13t(90se2(90Weiz6724FeeairsIa062'34EModel / Modele : FESASLoponon86LISTeDCompact921TtNO:DesignCT4tr teAnedon~Dateaele6esrGuurInadr90mat9j neranVor(Mici2731
93630,https://m.media-amazon.com/images/I/617cA9TgmEL.jpg,263982,depth,2.9in10.3inTyncGdurothsroncgtGnad s mr [afdeLeWamtenance;meb FdkeutnouchetsMrar IrliorDl eutrsmG nAeominrnd pceMoue surethat tampcrpesbonre drycren &T0Q E5 EMuanost IrnaantcauiioN: Em5ELSchancarnHpLWG.AC[CONteNTS MANUFACTURER:05132542(715]chviiom'Unoe pe>13t(90se2(90Weiz6724FeeairsIa062'34EModel / Modele : FESASLoponon86LISTeDCompact921TtNO:DesignCT4tr teAnedon~Dateaele6esrGuurInadr90mat9j neranVor(Mici2731
93631,https://m.media-amazon.com/images/I/617cAf9V4hL.jpg,242256,depth,18cmH14cm
93632,https://m.media-amazon.com/images/I/617cBy9O1vS.jpg,730429,height,"SIZE SHOW1012""12"""
93633,https://m.media-amazon.com/images/I/617cBy9O1vS.jpg,730429,depth,"SIZE SHOW1012""12"""
93634,https://m.media-amazon.com/images/I/617cBy9O1vS.jpg,730429,width,"SIZE SHOW1012""12"""
93635,https://m.media-amazon.com/images/I/617cF5FlLxL.jpg,304120,height,Product Size7.28in5.9in6.54in
93636,https://m.media-amazon.com/images/I/617cF5FlLxL.jpg,304120,depth,Product Size7.28in5.9in6.54in
93637,https://m.media-amazon.com/images/I/617cGG3LAAL.jpg,866516,height,"Gewicht: 3,6 kg64'31 cm/12.2inJ"
93638,https://m.media-amazon.com/images/I/617cGRg3IXL.jpg,966823,depth,T.1in8.1 inCOTTEE
93639,https://m.media-amazon.com/images/I/617cGRg3IXL.jpg,966823,width,T.1in8.1 inCOTTEE
93640,https://m.media-amazon.com/images/I/617cGRg3IXL.jpg,966823,height,T.1in8.1 inCOTTEE
93641,https://m.media-amazon.com/images/I/617cKBtcn2L.jpg,242256,depth,H28in8DoBLESSALarge HouseFlag
93642,https://m.media-amazon.com/images/I/617cNJpcffL.jpg,599772,width,"15.783oursothers'Flat SteelMore stable placement of items, not easy to dumpinchinch9.4"
93643,https://m.media-amazon.com/images/I/617cNJpcffL.jpg,599772,height,"15.783oursothers'Flat SteelMore stable placement of items, not easy to dumpinchinch9.4"
93644,https://m.media-amazon.com/images/I/617cNfA1VUL.jpg,478357,width,90 cm48 cm49 cm36 cm37 cm60 cm
93645,https://m.media-amazon.com/images/I/617cQaxhsKS.jpg,681445,depth,[823.9 IN / 10 CM
93646,https://m.media-amazon.com/images/I/617cQaxhsKS.jpg,681445,width,[823.9 IN / 10 CM
93647,https://m.media-amazon.com/images/I/617cXAVIRRL.jpg,347404,height,PILA Color Storage1120approx10.9 inch7.6 US.liq gal1138I0Linchinch120 inch13.8F inch
93648,https://m.media-amazon.com/images/I/617cam2iA6L.jpg,986932,height,FOLDABLE FUNNEL1.7cm1Ocmfiszman9.5cmMaterial:siliconeTinch=2.54cmPlease allow differs due to manual measurement
93649,https://m.media-amazon.com/images/I/617cam2iA6L.jpg,986932,depth,FOLDABLE FUNNEL1.7cm1Ocmfiszman9.5cmMaterial:siliconeTinch=2.54cmPlease allow differs due to manual measurement
93650,https://m.media-amazon.com/images/I/617ccB17pvL.jpg,844474,width,"14.17in/36cm4.33in/11cm10.24in/26cm0week62Go to schoolWeekendPinsCosplayPut some booksA excursion, bringDesign own styleMatches the uniformlaptop, a umbrellasome change ofclothes"
93651,https://m.media-amazon.com/images/I/617ccB17pvL.jpg,844474,height,"14.17in/36cm4.33in/11cm10.24in/26cm0week62Go to schoolWeekendPinsCosplayPut some booksA excursion, bringDesign own styleMatches the uniformlaptop, a umbrellasome change ofclothes"
93652,https://m.media-amazon.com/images/I/617cdTRWeTL.jpg,384298,depth,1046cm/18.linch
93653,https://m.media-amazon.com/images/I/617cdwepCFL.jpg,810266,height,STRONGDURABLE& ELEGANTDESIGNEDTO LASTSTAINLESS STEELMATE CUP & BOMBILLA STRAWDISHWASHER SAFEStainless Steel Yerba Mate Gourd304 Food Grade Stainless Steel For Easy CleaningClean Thermal Yerba Mate GourdDishwasher Friendly - NoRequiredscmno clog bombilla#Lightwveight and Easy to Carry#Keeps Drinks at Areferred TemperatureHotor ColdCleanup is Quick and6 smEasy (Curng8[Eas}ocin
93654,https://m.media-amazon.com/images/I/617cdwepCFL.jpg,810266,depth,STRONGDURABLE& ELEGANTDESIGNEDTO LASTSTAINLESS STEELMATE CUP & BOMBILLA STRAWDISHWASHER SAFEStainless Steel Yerba Mate Gourd304 Food Grade Stainless Steel For Easy CleaningClean Thermal Yerba Mate GourdDishwasher Friendly - NoRequiredscmno clog bombilla#Lightwveight and Easy to Carry#Keeps Drinks at Areferred TemperatureHotor ColdCleanup is Quick and6 smEasy (Curng8[Eas}ocin
93655,https://m.media-amazon.com/images/I/617cfZbeohL.jpg,916768,width,25PCS[9.5cm/3.74in9.5cm/3.74inVINTAGE
93656,https://m.media-amazon.com/images/I/617cfZbeohL.jpg,916768,height,25PCS[9.5cm/3.74in9.5cm/3.74inVINTAGE
93657,https://m.media-amazon.com/images/I/617d-vWtwyL.jpg,866516,height,Adjustable3.5cm/1.4inch11cm4.3inch3.5cm/1.4inch4.5cm/ 1.8inch
93658,https://m.media-amazon.com/images/I/617d-vWtwyL.jpg,866516,depth,Adjustable3.5cm/1.4inch11cm4.3inch3.5cm/1.4inch4.5cm/ 1.8inch
93659,https://m.media-amazon.com/images/I/617d3174r0L.jpg,608041,item_volume,"ACNE FREEDERMATOLOGYINSPIRED CAREOIL FREEACNE CLEANSER2,5% BENZOYL PEROXIDEACNE TREATMENTtreats acneprevent new acne breakoutsfreeMICRONIZED BENZOYLPEROXIDETREATCERAMIDESCARE8 FL; OZ. 237ml'heles =fragrance-"
93660,https://m.media-amazon.com/images/I/617d4HX-WQL.jpg,675680,height,DimESiONInner Dimension43cm52cm33cm40cmOuter DimensionOpening Dimension21cm49cm18cm8153cmcm
93661,https://m.media-amazon.com/images/I/617d5JpWgqL.jpg,681445,width,Produce sizeLMS4.5cm3.8cm2.8cm08022cm18.5cm14cm
93662,https://m.media-amazon.com/images/I/617d5kcxPKS.jpg,558806,depth,Size about:11.8cm83Weight about:4.3gSizeabout.9.6cm310
93663,https://m.media-amazon.com/images/I/617d5kcxPKS.jpg,558806,width,Size about:11.8cm83Weight about:4.3gSizeabout.9.6cm310
93664,https://m.media-amazon.com/images/I/617d6yfgj-L.jpg,296366,height,125mmSinch'FLASLDWARRIORSHIELD =FLAME =4dOmm/l6inch1lOmm/4.33inch
93665,https://m.media-amazon.com/images/I/617d6yfgj-L.jpg,296366,width,125mmSinch'FLASLDWARRIORSHIELD =FLAME =4dOmm/l6inch1lOmm/4.33inch
93666,https://m.media-amazon.com/images/I/617dA0PljoL.jpg,386873,item_weight,"Android 11.0Offer You the BestThe latest and SmoothestIntelligent SystemAndroid 11.08GB RAM +128GB ROM6,39-6.39""HD-Display11Drop-Proof11Water ResistantNFC Support Google pay4Om Laser Rangefinder"
93667,https://m.media-amazon.com/images/I/617dAFUV-BL.jpg,244283,depth,"16.5"" XMagnetic Whiteboard+ 3erasable markers1eraser11.7""dry"
93668,https://m.media-amazon.com/images/I/617dAFUV-BL.jpg,244283,height,"16.5"" XMagnetic Whiteboard+ 3erasable markers1eraser11.7""dry"
93669,https://m.media-amazon.com/images/I/617dBzRXg-L.jpg,106003,depth,Product size33in6in
93670,https://m.media-amazon.com/images/I/617dBzRXg-L.jpg,106003,width,Product size33in6in
93671,https://m.media-amazon.com/images/I/617dBzRXg-L.jpg,106003,height,Product size33in6in
93672,https://m.media-amazon.com/images/I/617dJ2M4GwL.jpg,120219,width,Product parameters22CM4.3CM150 CM1OCM1.SCMUse the back door hookSuitable for doors less than 4.5 cm thick45 CMAll other hooks fit11CM4.5CM
93673,https://m.media-amazon.com/images/I/617dJ7Kaz6L.jpg,648011,height,"5.0""BulbmasterR4o9.1""Bulb1.05""MediumE26 Base1.03"""
