index,image_link,group_id,entity_name,e
94274,https://m.media-amazon.com/images/I/618+QssYQwL.jpg,115666,width,104cm4cm51cm35cm48cm103cm24cm8
94275,https://m.media-amazon.com/images/I/618+QssYQwL.jpg,115666,height,104cm4cm51cm35cm48cm103cm24cm8
94276,https://m.media-amazon.com/images/I/618+RRYdaML.jpg,801829,height,54 cm59.5cm44cm{585 cm1150 kg5.3kg
94277,https://m.media-amazon.com/images/I/618+UeUN8TL.jpg,784538,depth,"DEUTSCHLAND36""Auskunfte und Werbeschriften durch alle Reise: und Verkehrsburos des In- und Auslandes24"""
94278,https://m.media-amazon.com/images/I/618+UeUN8TL.jpg,784538,width,"DEUTSCHLAND36""Auskunfte und Werbeschriften durch alle Reise: und Verkehrsburos des In- und Auslandes24"""
94279,https://m.media-amazon.com/images/I/618+XOAmRKL.jpg,433914,depth,"55286-tesaPollenschutzgitterScHUTZPollen ScreenINSECTFtesaStop&Magnet-VorhangPROTECTIONLiftungAiringClear vieWmUrleadlyAlle zIestedOoodoCufenMagneti€Durchsicht3Jc1,50 21,30 m4****AnerhterJlchQ_ntJeactrtAr0ttECARELCARFu ucLorMnn .~lexeLurMowiart-"
94280,https://m.media-amazon.com/images/I/618+XOAmRKL.jpg,433914,width,"55286-tesaPollenschutzgitterScHUTZPollen ScreenINSECTFtesaStop&Magnet-VorhangPROTECTIONLiftungAiringClear vieWmUrleadlyAlle zIestedOoodoCufenMagneti€Durchsicht3Jc1,50 21,30 m4****AnerhterJlchQ_ntJeactrtAr0ttECARELCARFu ucLorMnn .~lexeLurMowiart-"
94281,https://m.media-amazon.com/images/I/618+bERPovL.jpg,625310,item_weight,"D3*ZR6.4135,5"" SUBWOOFERYo4Q6oow MAX3oow RMS42Ft LOuDLikt "
94282,https://m.media-amazon.com/images/I/618+dz7gvgL.jpg,142748,depth,38 INCHGl0 R DA NOESTD-19811=Fiberglass Middle RibsFibreglass ShaftOne Piece Umbrella Bead
94283,https://m.media-amazon.com/images/I/618+dz7gvgL.jpg,142748,height,38 INCHGl0 R DA NOESTD-19811=Fiberglass Middle RibsFibreglass ShaftOne Piece Umbrella Bead
94284,https://m.media-amazon.com/images/I/618+dz7gvgL.jpg,142748,width,38 INCHGl0 R DA NOESTD-19811=Fiberglass Middle RibsFibreglass ShaftOne Piece Umbrella Bead
94285,https://m.media-amazon.com/images/I/618+ny6YGUL.jpg,881883,width,"52""W*84""LTTTTTTTTTTTTTTTTTT7777777"
94286,https://m.media-amazon.com/images/I/618+ny6YGUL.jpg,881883,depth,"52""W*84""LTTTTTTTTTTTTTTTTTT7777777"
94287,https://m.media-amazon.com/images/I/618+ny6YGUL.jpg,881883,height,"52""W*84""LTTTTTTTTTTTTTTTTTT7777777"
94288,https://m.media-amazon.com/images/I/618+p3CzTzL.jpg,416664,height,"DIMENSIONS16"" (Adjustable)20""(Adjustable)1.44""14.8"""
94289,https://m.media-amazon.com/images/I/618+xiWItyL.jpg,470067,height,SAMODRATraditional BidetUltra-Slim BidetThicker: incompatble40.18cmSmm
94290,https://m.media-amazon.com/images/I/618+xiWItyL.jpg,470067,width,SAMODRATraditional BidetUltra-Slim BidetThicker: incompatble40.18cmSmm
94291,https://m.media-amazon.com/images/I/618-7lo4+NL.jpg,478357,height,"53.0430,03""38.22""15.9929.2518.33"
94292,https://m.media-amazon.com/images/I/618-I-EIjZL.jpg,721542,width,"255cm205cm8.56.836.67 ,6.67 '200cm20Ocm"
94293,https://m.media-amazon.com/images/I/618-JGwKBaL.jpg,550595,depth,11Ocm/3.93inweight:0.01-3kg
94294,https://m.media-amazon.com/images/I/618-JGwKBaL.jpg,550595,width,11Ocm/3.93inweight:0.01-3kg
94295,https://m.media-amazon.com/images/I/618-NagO0rL.jpg,288715,item_weight,Front Camera2.4INCHSwitch FiltersSwitch Front and Rear Camerabl0Take photo & print photoDiSwitch FiltersSetlReturnAlbum ButtonShutter'long press to recordSpeakerCharging PortReset HoleMemory Card SlotPackage List32GPrinting paperKids Digidal (UserCute stickerCardGift box32GB cardManual(Random deliver)readerCharging cablecomard
94296,https://m.media-amazon.com/images/I/618-XQLimBL.jpg,242256,height,Decoration MuraleDecoracion para ParedesBeistleBODY SILHOUETTE30 in X 5 f(2.5 ftx 1.67 yd)(76 cm x 1.52 m)
94297,https://m.media-amazon.com/images/I/618-XQLimBL.jpg,242256,width,Decoration MuraleDecoracion para ParedesBeistleBODY SILHOUETTE30 in X 5 f(2.5 ftx 1.67 yd)(76 cm x 1.52 m)
94298,https://m.media-amazon.com/images/I/618-bbMYTxL.jpg,478357,height,"20""23""15""6""17"""
94299,https://m.media-amazon.com/images/I/618-f-VaFLL.jpg,849273,width,3.2 in2 inTo=21825.25 in1=
94300,https://m.media-amazon.com/images/I/618-hycAA7L.jpg,749917,item_weight,"PRODUCT SPECIFICATIONSProduct Name // Compound Bow SetIBO Arrow Speed //Up to 260 fpsNet Weight / / 2.54lbsWheelbase //26""Bow height //6.5""Effort ratio //75%Tension // 10-31lbs, continuously adjustableBow GripReinforced Nylon+30% FiberglassBow pieces/ /Reinforced nylon+30% glass fiberSurface Treatment /_Matte/Camouflage WaterSaw //17-27'no bow openercam // double camMain String Length //48.6'Secondary String Length // 28.74"" X 2"
94301,https://m.media-amazon.com/images/I/618-p0LIw3L.jpg,810266,depth,10cm/3.94inFh
94302,https://m.media-amazon.com/images/I/618-p0LIw3L.jpg,810266,width,10cm/3.94inFh
94303,https://m.media-amazon.com/images/I/618-wsf26BL.jpg,524117,height,26 CM15.5 CM17.8CMAecs
94304,https://m.media-amazon.com/images/I/618-ywp2lYL.jpg,913156,width,"28""19""6.5""9.25""33"
94305,https://m.media-amazon.com/images/I/61804HDd2JL.jpg,752266,height,"30cm/11.8""5/4cm/21.3""10cn/3.9"""
94306,https://m.media-amazon.com/images/I/61805wTwwtL.jpg,749917,item_weight,Name: Lingfeng American hunting bowTension: 20-6Olbs (5lbs increments)Grip: 15 inchesBowstring: 145cmBow Length: 60 inchesDraw Length: 30 inchesBow file: 18-2OcmProductweight: lkg
94307,https://m.media-amazon.com/images/I/6180HKROePL.jpg,119607,width,20cmJUST FIVE1OcmMOREMINUTESSmm
94308,https://m.media-amazon.com/images/I/6180MzUfFBL.jpg,652519,item_weight,"22.5in00BQARD LENGTH42.SinBQARD WIDTH22.SinBQARD THICKNESS2.Sin42.5inBQARD WEIGHT3.95lbsRIDER WEIGHT120-200lbsRIDER HEIGHT5'5""-6'1""1"
94309,https://m.media-amazon.com/images/I/6180MzUfFBL.jpg,652519,maximum_weight_recommendation,"22.5in00BQARD LENGTH42.SinBQARD WIDTH22.SinBQARD THICKNESS2.Sin42.5inBQARD WEIGHT3.95lbsRIDER WEIGHT120-200lbsRIDER HEIGHT5'5""-6'1""1"
94310,https://m.media-amazon.com/images/I/6180V9kj61L.jpg,823083,width,Size comparison chart]g686.ZinIZcm11.8in30cm
94311,https://m.media-amazon.com/images/I/6180YprgJCL.jpg,752266,width,Warning: voltage is 11Ovto prevent burnout1D5OOmmspacebedroom6headarea05-15 mStepless dhring24wAPPremote controllerLED-dimming
94312,https://m.media-amazon.com/images/I/6180YprgJCL.jpg,752266,height,Warning: voltage is 11Ovto prevent burnout1D5OOmmspacebedroom6headarea05-15 mStepless dhring24wAPPremote controllerLED-dimming
94313,https://m.media-amazon.com/images/I/6180YprgJCL.jpg,752266,depth,Warning: voltage is 11Ovto prevent burnout1D5OOmmspacebedroom6headarea05-15 mStepless dhring24wAPPremote controllerLED-dimming
94314,https://m.media-amazon.com/images/I/6180dVdHXRL.jpg,478357,height,"12.5""66 Ibst5""3i05>"
94315,https://m.media-amazon.com/images/I/6180fssnrhL.jpg,652661,width,8.5cm/3.36in7781Ocm/3.95in
94316,https://m.media-amazon.com/images/I/6180h9XB2zL.jpg,238051,height,"INSTALLATION REQUIREMENTS:38.4mm space between drawer and cabinet3wallrequired,Left 19.2mmt0.3mm,Right 19.2mmtO.3mm:19.2+0.31422.4*0.3MM1422.4MM19.2mmto.3mm0.3 inch76mmThe slide rails on both sides remain parallel"
94317,https://m.media-amazon.com/images/I/6180iuOm2TL.jpg,916768,depth,Ba14cm/5 S1inch22cm/8.66inchJhePUZZLEStYLIshF4 $ / | 0 N A 0 L EE;
94318,https://m.media-amazon.com/images/I/6180l5dYcVL.jpg,178778,height,12cm12cm24cm
94319,https://m.media-amazon.com/images/I/6180qdM0dRL.jpg,745387,width,178'117127cm/10..62inch27cm/10.62inch65inch27cm/10.55cm/21..62inch30cm/1 -.62inch60cm/23.1.81inch
94320,https://m.media-amazon.com/images/I/6180qdM0dRL.jpg,745387,height,178'117127cm/10..62inch27cm/10.62inch65inch27cm/10.55cm/21..62inch30cm/1 -.62inch60cm/23.1.81inch
94321,https://m.media-amazon.com/images/I/6180qpIk3KL.jpg,276611,maximum_weight_recommendation,"15.75'31.5'44lbs2.3630.33122lbs23.23""11.02""31.5""14.96""5.51129.53MATERIALDIMENSIONSCAPACITYNatural RattanCountertop:44 Ibs31.50""x 15.75""x 31.50""H&PBelron&MDFStorage Shelf22lbs"
94322,https://m.media-amazon.com/images/I/6180t3bQRvL.jpg,416664,width,J8320157.Smm6.2in0a
94323,https://m.media-amazon.com/images/I/6180uB1vVHL.jpg,237000,height,DIVANO 2 POSTI284CM112CM82CM207CM53CM42CM35CM120CM
94324,https://m.media-amazon.com/images/I/6180zL09c3S.jpg,916768,height,"VENTILATIEGATENV 0 0 R0 P TMA LEC IRC ULATIE10,5 C M13,5 C MPERFECTEB E WAA RC 0 NDITIESV0 0 RB R 0 0 D18 , 5 €C M3 4,0 C M"
94325,https://m.media-amazon.com/images/I/6181+uprgiL.jpg,625310,item_weight,Wireless StereoPairingLatest ture wireless stereotechnology to double the audioexperience with a maximumpoower output of 2*5Wpeak
94326,https://m.media-amazon.com/images/I/61811lPVtaS.jpg,311997,width,11.8inch23.6inch50.3inch13inchADIUSTABLE LEG PADS(1-2CM)
94327,https://m.media-amazon.com/images/I/61812mQFLDL.jpg,801829,height,"55.11""27.95""6V.80""888124_21.65""29.92""29.-13"""
94328,https://m.media-amazon.com/images/I/6181EArvnrS.jpg,801829,width,FOLDABLE AND EASY TO CARRY94 CM12 CM65 CM
94329,https://m.media-amazon.com/images/I/6181RtDhCuL.jpg,276611,height,6cm19cm58cm35cm22cmi34cm57cm
94330,https://m.media-amazon.com/images/I/6181S89wjDL.jpg,396159,depth,"S: 11.8"" * 23.6""Fit for SmallPuppies and CatsM: 19.7"" x39.4""Fit for Small toMedium DogsEMMAL: 27.5"" * 55.1""Fit for Medium toLargeDogs,Dogs"
94331,https://m.media-amazon.com/images/I/6181YwbxK0L.jpg,701880,item_weight,PRODUCT SPECIFICATIONSIDE HANDLE WITH ARRI ROSETTE13Model:PA22-DWeight:219 gDimension: 72x 62x 110 mmMaterial:Aluminum+ABS + Silicone110mm72mmAlloy
94332,https://m.media-amazon.com/images/I/6181YwbxK0L.jpg,701880,maximum_weight_recommendation,PRODUCT SPECIFICATIONSIDE HANDLE WITH ARRI ROSETTE13Model:PA22-DWeight:219 gDimension: 72x 62x 110 mmMaterial:Aluminum+ABS + Silicone110mm72mmAlloy
94333,https://m.media-amazon.com/images/I/6181angcJ-L.jpg,676087,depth,4OCM3OCM
94334,https://m.media-amazon.com/images/I/6181jOi1YCL.jpg,826444,width,"3603360"" SurroundReplaceable FilterFlame-retardantSuctionMaterial3No Need to ChargeBottom SideBuilt-inExhaustAromatherapyTablets2.75inI7cm5.1in/13cm5.1in/13cm"
94335,https://m.media-amazon.com/images/I/6181xGo03+L.jpg,913156,depth,112.5cm/4.91inch
94336,https://m.media-amazon.com/images/I/6182+h2wDKL.jpg,483370,depth,"PERFECTSIzEnotnot small play withanywhere17.7 inchdark brownbrownwhite5.9 inch5.9 inch5.9 inch5.9 inchbig; ""dogspurple"
94337,https://m.media-amazon.com/images/I/6182+h2wDKL.jpg,483370,height,"PERFECTSIzEnotnot small play withanywhere17.7 inchdark brownbrownwhite5.9 inch5.9 inch5.9 inch5.9 inchbig; ""dogspurple"
94338,https://m.media-amazon.com/images/I/6182+tOy6FL.jpg,208023,width,"VA /PHOTOSIZE /Fits5x5"" photos4.6in816in"
94339,https://m.media-amazon.com/images/I/61823MfTGdL.jpg,758128,width,6.7ft12ft12ft
94340,https://m.media-amazon.com/images/I/61823MfTGdL.jpg,758128,height,6.7ft12ft12ft
94341,https://m.media-amazon.com/images/I/6182AlU2M3L.jpg,521308,height,"37.5""31.5""92"""
94342,https://m.media-amazon.com/images/I/6182AlU2M3L.jpg,521308,width,"37.5""31.5""92"""
94343,https://m.media-amazon.com/images/I/6182Gds1WdL.jpg,932289,width,65in78in31.5in17in
94344,https://m.media-amazon.com/images/I/6182IFDOwTL.jpg,478357,width,70cm60cm50cm43cm
94345,https://m.media-amazon.com/images/I/6182IFDOwTL.jpg,478357,height,70cm60cm50cm43cm
94346,https://m.media-amazon.com/images/I/6182Q2qacCL.jpg,386873,item_weight,"Support Most Apps0in Google Play StoreBasicSolutionAndroid 6.0RAM1GBROM8GBSize87*42*9mmWeight49g/1.7307Bands:WCDMA:850/2100MHzGSM:850/900/1800/1900MHzFront: 5.OMPCameraRear: 2.0MPEnglish Spanish,Italian,Language SupportTurkish,Russian Portuguese,German, French;etcYouLTube)"
94347,https://m.media-amazon.com/images/I/6182VBu9caL.jpg,204245,depth,0 0 685145cm/57.08in
94348,https://m.media-amazon.com/images/I/6182WZmMnbL.jpg,149159,depth,18cm18cm19cm19cm
94349,https://m.media-amazon.com/images/I/6182WZmMnbL.jpg,149159,height,18cm18cm19cm19cm
94350,https://m.media-amazon.com/images/I/6182dH7YMHL.jpg,141308,height,[918cm/7_Ogin9cm/3.54in
94351,https://m.media-amazon.com/images/I/6182o2ACnwL.jpg,825239,depth,102.4in / 260cm166in / LzOcm101183in210cm143in364cm
94352,https://m.media-amazon.com/images/I/6182q-l+1kL.jpg,978900,depth,"13.7CM2 PACK5""7These non-stick round cakepans are perfect for bakingcakes, cinnamon rolls, browniesand more. Non-stick surface is8great for easy cleanup and itsheavy gauge design meansevenheating for years of baking:19.7CM5 INCH / 13.7 CM3PRODUCT SIZE7 INCH19.7 CM"
94353,https://m.media-amazon.com/images/I/6183+M3NEoL.jpg,639508,height,"120L LARGE CAPACITY FOLDABLELAUNDRY HAMPER28.8""13.8""17.7""DOPASAYTHfcld"
94354,https://m.media-amazon.com/images/I/6183-Od6sjL.jpg,853009,depth,120cm/47.24in73
94355,https://m.media-amazon.com/images/I/6183-Od6sjL.jpg,853009,height,120cm/47.24in73
94356,https://m.media-amazon.com/images/I/61836GgwciL.jpg,844474,height,45cm/17.7in18cm/7in31cm/12.2in
94357,https://m.media-amazon.com/images/I/6183AWEmQOL.jpg,558806,width,"12,5 cm"
94358,https://m.media-amazon.com/images/I/6183AWEmQOL.jpg,558806,depth,"12,5 cm"
94359,https://m.media-amazon.com/images/I/6183AWEmQOL.jpg,558806,height,"12,5 cm"
94360,https://m.media-amazon.com/images/I/6183EkjM4XL.jpg,200507,depth,11
94361,https://m.media-amazon.com/images/I/6183J0qguoL.jpg,368364,width,PRODUKTSIZKENMeld ud portcblekonnd vele lelne Blased @ached288X6X6X6X
94362,https://m.media-amazon.com/images/I/6183J0qguoL.jpg,368364,depth,PRODUKTSIZKENMeld ud portcblekonnd vele lelne Blased @ached288X6X6X6X
94363,https://m.media-amazon.com/images/I/6183NFogYyL.jpg,711228,height,"Grinding the seasoningfrom fine to coarse foryour preference1/2 inch thinckness8premium clear acrylicbodyNarural rubber woodmarerial2.2"""
94364,https://m.media-amazon.com/images/I/6183NFogYyL.jpg,711228,depth,"Grinding the seasoningfrom fine to coarse foryour preference1/2 inch thinckness8premium clear acrylicbodyNarural rubber woodmarerial2.2"""
94365,https://m.media-amazon.com/images/I/6183W8K+KqL.jpg,178778,height,Product Size5.3 in7.3 in1.37 inl9.1 in/10.6 in10.6 in11.4 in7.8 in15.3 in7.3 in5.3in_1.37in6.2 in7.8 in11.4 in
94366,https://m.media-amazon.com/images/I/6183ZL9jeSL.jpg,311997,height,102 cm1-30cmcm30
94367,https://m.media-amazon.com/images/I/6183ZWskXUL.jpg,478357,width,54-INCH31-INCH30-INCH
94368,https://m.media-amazon.com/images/I/6183aFgupGL.jpg,658003,width,"mDESIGN4""10.2cm7.5""7.5""19.Icm19.Icm"
94369,https://m.media-amazon.com/images/I/6183hS5hxyL.jpg,810266,width,8.3cm/3.2inch07cm/2.7inch]10K5.4cm/2.1inch4.9cm/1.92inch20-ounce12-ounce12-ounce
94370,https://m.media-amazon.com/images/I/6183oujGY6L.jpg,120219,width,2.36 in / 6 cmin / 24 cmT278-33.1479.44cm
94371,https://m.media-amazon.com/images/I/6183sHlqzcL.jpg,991868,width,28inchesF-1Shelf size16inchesSinches32inches
94372,https://m.media-amazon.com/images/I/6184+qtmAWL.jpg,944936,width,Product DetailsThe Single card size:18cm18cm88envelope8foldunfoldContains 4 diamond cards:
94373,https://m.media-amazon.com/images/I/6184+qtmAWL.jpg,944936,depth,Product DetailsThe Single card size:18cm18cm88envelope8foldunfoldContains 4 diamond cards:
94374,https://m.media-amazon.com/images/I/61842-mfKUL.jpg,478357,depth,"PRODUCT SIZE413.2""16,8"""
94375,https://m.media-amazon.com/images/I/61842-mfKUL.jpg,478357,width,"PRODUCT SIZE413.2""16,8"""
94376,https://m.media-amazon.com/images/I/61842NRZpZL.jpg,903603,depth,3.1 inch33421112H14.7inch8Hhuezl3cord length33in/80cmfastening strap_
94377,https://m.media-amazon.com/images/I/61842NRZpZL.jpg,903603,height,3.1 inch33421112H14.7inch8Hhuezl3cord length33in/80cmfastening strap_
94378,https://m.media-amazon.com/images/I/61842NRZpZL.jpg,903603,width,3.1 inch33421112H14.7inch8Hhuezl3cord length33in/80cmfastening strap_
94379,https://m.media-amazon.com/images/I/61845DZCbkL.jpg,929719,height,Light and small3cmAScm9.5cm12cm
94380,https://m.media-amazon.com/images/I/61848OodgPL.jpg,403664,width,"20,5 cm8.07 in58"
94381,https://m.media-amazon.com/images/I/61848OodgPL.jpg,403664,depth,"20,5 cm8.07 in58"
94382,https://m.media-amazon.com/images/I/61849TYsD3L.jpg,142748,depth,200cm1180cm215cm7
94383,https://m.media-amazon.com/images/I/61849XHEdRL.jpg,347404,height,19 cm/7.4 inch817
94384,https://m.media-amazon.com/images/I/61849XHEdRL.jpg,347404,depth,19 cm/7.4 inch817
94385,https://m.media-amazon.com/images/I/6184AfKtfRL.jpg,599772,depth,Size Lnformation30CM/11.82IN18
94386,https://m.media-amazon.com/images/I/6184DUkKoSL.jpg,932012,width,"INSIDE MOUNTMaximum widthSIZE SELECTIONAll sizes have a 0.75 inch deductionWidth to ensure proper internal installation3""/75CM35.4inch/9OcmLengthTotal length -1.519cmOUTSIDE Maimumviath131/75cmLengthFABRIC WIDTHReduced by 1.5 inchesThan the size you chooseTotal length -1.50.75inch/"
94387,https://m.media-amazon.com/images/I/6184DUkKoSL.jpg,932012,height,"INSIDE MOUNTMaximum widthSIZE SELECTIONAll sizes have a 0.75 inch deductionWidth to ensure proper internal installation3""/75CM35.4inch/9OcmLengthTotal length -1.519cmOUTSIDE Maimumviath131/75cmLengthFABRIC WIDTHReduced by 1.5 inchesThan the size you chooseTotal length -1.50.75inch/"
94388,https://m.media-amazon.com/images/I/6184DWIzCUL.jpg,752266,height,18cm30cm
94389,https://m.media-amazon.com/images/I/6184DWIzCUL.jpg,752266,depth,18cm30cm
94390,https://m.media-amazon.com/images/I/6184Ejm5CjL.jpg,120219,width,"mDESIGN13""33cm3.75""9.Scm13""33cmcm136.2cm14.25""7.5""/19.1c"
94391,https://m.media-amazon.com/images/I/6184EqXGwlS.jpg,801829,height,410mm470mm875mm
94392,https://m.media-amazon.com/images/I/6184FYOqAXL.jpg,488964,height,STARS CUTOUTS25381Width 58 cm / 1 ft 11 in
94393,https://m.media-amazon.com/images/I/6184FYOqAXL.jpg,488964,depth,STARS CUTOUTS25381Width 58 cm / 1 ft 11 in
94394,https://m.media-amazon.com/images/I/6184FYOqAXL.jpg,488964,width,STARS CUTOUTS25381Width 58 cm / 1 ft 11 in
94395,https://m.media-amazon.com/images/I/6184FhpPleL.jpg,752266,height,"05.0""Max:63.38""Adjustable Nylon CordProduct SpecificationMaterial: Glass & MetalWattage:60W MaxLamp Base: E26Voltage:AC IOVWarranty:1 YearBulb NOT Included07.87'"
94396,https://m.media-amazon.com/images/I/6184FhpPleL.jpg,752266,depth,"05.0""Max:63.38""Adjustable Nylon CordProduct SpecificationMaterial: Glass & MetalWattage:60W MaxLamp Base: E26Voltage:AC IOVWarranty:1 YearBulb NOT Included07.87'"
94397,https://m.media-amazon.com/images/I/6184FxutxDL.jpg,801829,height,"PRODUCT DIMENSIONWeight250CapacityLBS29""30""12""2218.5""6.522""14.7""17""2.3""31.5"""
94398,https://m.media-amazon.com/images/I/6184M0dX6xL.jpg,243137,width,Product Size4FT(1.2M)3.3FT(1.OM)2.6FT(0.8M)~013292
94399,https://m.media-amazon.com/images/I/6184N8QGuKL.jpg,245652,width,14cm7cm14cm
94400,https://m.media-amazon.com/images/I/6184N8QGuKL.jpg,245652,depth,14cm7cm14cm
94401,https://m.media-amazon.com/images/I/6184PERLNmL.jpg,826444,height,"Produktgrole2,7 cm / 1,06 in7,7 cm / 3,03 in10 cm / 3,94 in6335'"
94402,https://m.media-amazon.com/images/I/6184VHaKY1L.jpg,311997,width,1Ocm15KG1.55cmA30*15*10cmB45.2*15*10cm60.2*15*10cm60.2cm45.2cm30cm
94403,https://m.media-amazon.com/images/I/6184ZEg4hcL.jpg,119607,depth,1inchRtS1theFeodbefore UstheFAMILYbeside uSad IheLOVEbetwveet ws@Anenb
94404,https://m.media-amazon.com/images/I/6184ZEg4hcL.jpg,119607,width,1inchRtS1theFeodbefore UstheFAMILYbeside uSad IheLOVEbetwveet ws@Anenb
94405,https://m.media-amazon.com/images/I/6184ZEg4hcL.jpg,119607,height,1inchRtS1theFeodbefore UstheFAMILYbeside uSad IheLOVEbetwveet ws@Anenb
94406,https://m.media-amazon.com/images/I/6184ck8rn0L.jpg,347830,width,"83XTRA4ZION -MPPT 4OAMx PV 1OOV, 12VI24V Auto185mm(7.28in)EPEVEPXTRAMPPTSOLAR'CHARGECONTROLLER11"
94407,https://m.media-amazon.com/images/I/6184gVFcDiL.jpg,119607,width,12inch (30cm)8inch (20cm)
94408,https://m.media-amazon.com/images/I/6184gVFcDiL.jpg,119607,depth,12inch (30cm)8inch (20cm)
94409,https://m.media-amazon.com/images/I/6184lE+6EWL.jpg,524117,height,80885Outer DimensionsLength- 8 Inch (2Ocm)Width- 5 Inch (12.7cm)Height- 2.3 Inch (6cm)Inner DimensionsLength- 6.8 Inch (17.Scm)Width-3.7 Inch (9.Scm)Height- 2 Inch (Scm)(20cm)InchInch(12.Z7cm)
94410,https://m.media-amazon.com/images/I/6184qcb67BL.jpg,640408,width,"ALUMINIO CLASSICLAKEN'LakenLAKEN'LAKEnRef:313233Volumen600 ml750 ml1.000 mlDiametro74 mm74 mm80 mmAltura180 mm231 mm253 mmPeso107 g125 g145 gDiameto33,5 mm33,5 mm33,5 mmde bocaColoresLakENLAKEN|cakenMakenLakencaken"
94411,https://m.media-amazon.com/images/I/6184qcb67BL.jpg,640408,depth,"ALUMINIO CLASSICLAKEN'LakenLAKEN'LAKEnRef:313233Volumen600 ml750 ml1.000 mlDiametro74 mm74 mm80 mmAltura180 mm231 mm253 mmPeso107 g125 g145 gDiameto33,5 mm33,5 mm33,5 mmde bocaColoresLakENLAKEN|cakenMakenLakencaken"
94412,https://m.media-amazon.com/images/I/6184tjfRg-S.jpg,658003,width,Tomy bestfieneBecause of you0laugh a little hardera little lessSandgea lot more4.4inch6Cry
94413,https://m.media-amazon.com/images/I/6184tjfRg-S.jpg,658003,depth,Tomy bestfieneBecause of you0laugh a little hardera little lessSandgea lot more4.4inch6Cry
94414,https://m.media-amazon.com/images/I/61853GxqKTL.jpg,276611,width,"32cm/12.5'32cm/12.5""0810cm/3.9""1[3128cm/3.14""On100cm/39.3""38cm/14."
94415,https://m.media-amazon.com/images/I/61856ISqVcL.jpg,648011,depth,60mmGlass CoverHigh Quality[Filament LedBase 27
94416,https://m.media-amazon.com/images/I/61856OeceSL.jpg,858439,width,HIGH QUALITITYSoft Scraper112cm112cm44in44inDens Bristles23cm23cm9in9inDurable Stainless Steel
94417,https://m.media-amazon.com/images/I/61856OeceSL.jpg,858439,depth,HIGH QUALITITYSoft Scraper112cm112cm44in44inDens Bristles23cm23cm9in9inDurable Stainless Steel
94418,https://m.media-amazon.com/images/I/61859+169JL.jpg,751532,height,96.5cm14Ocm202cm
94419,https://m.media-amazon.com/images/I/6185BQo54ZL.jpg,244283,depth,SizeIA4210SheetmmPer packthe magnet shop297mm0.4mm thickProduct Dimensionsthemagnetshop
94420,https://m.media-amazon.com/images/I/6185BdjOtNL.jpg,713763,depth,29cm/11.4in
94421,https://m.media-amazon.com/images/I/6185Hgrw8gL.jpg,242256,depth,L28inHINGTON WASHINGTONWASHINGTON WASHINGIINGFTASENTON WASHINGTONWASHINGVGTOKSTATE GTCASHIIOANGIINeTO-3HI]ON8NGTONON-FTON1889WASHINGThe EvergraHINGTASHINGTUSHINGTONLarge HouseTHE1HHIFlag
94422,https://m.media-amazon.com/images/I/6185HiQrmGL.jpg,161371,height,Product DimensionsMIcUsbitF MP3 PLAVER IouldoMUTE5 cmBIMODZANTCLK14 cm17.5 cmBAND
94423,https://m.media-amazon.com/images/I/6185PCudIeL.jpg,178958,height,Adjustable and Flexible40cm/15.715cm/630cm/11.8120cm/47.21120cm/47.230cm/11.8 '
94424,https://m.media-amazon.com/images/I/6185RDEwZkL.jpg,801829,width,40.4cmTWeight Capacity250LBS341.9cm40.9cm840cm45cm
94425,https://m.media-amazon.com/images/I/6185YntljYL.jpg,166383,width,"LARGERAREAto speed up your decoration processWidth3.3""12""1.8""Length 12""12""x 12'10""x 10""covers40% more areathan a 10""x 10"" tile covers"
94426,https://m.media-amazon.com/images/I/6185fKKZ1yL.jpg,784538,depth,PRODUCT SIZE52.5cmMaterial: High-quality iron*104Size: 52.5cm104cmcmProcess: Iron welding
94427,https://m.media-amazon.com/images/I/6185fKKZ1yL.jpg,784538,width,PRODUCT SIZE52.5cmMaterial: High-quality iron*104Size: 52.5cm104cmcmProcess: Iron welding
94428,https://m.media-amazon.com/images/I/6185gROowGL.jpg,931856,depth,14PCS
94429,https://m.media-amazon.com/images/I/6185gROowGL.jpg,931856,width,14PCS
94430,https://m.media-amazon.com/images/I/6185gROowGL.jpg,931856,height,14PCS
94431,https://m.media-amazon.com/images/I/6185jHslXdL.jpg,588284,item_volume,"DAPIBETTA WATERADD FISH INSTANILYUse when sching UP 0Beta oquoivm, odding6'chong ng wolerREADY TO USEJiao1(9167m)"
94432,https://m.media-amazon.com/images/I/6185kOmfjpL.jpg,272691,maximum_weight_recommendation,Ultra-Wide Wheel440lb Max Results& Wide Movements3.7in84.3in9
94433,https://m.media-amazon.com/images/I/6185kOmfjpL.jpg,272691,item_weight,Ultra-Wide Wheel440lb Max Results& Wide Movements3.7in84.3in9
94434,https://m.media-amazon.com/images/I/6185p2WE1TL.jpg,225251,height,"3~8Q11*21""38,1cm53,3cm /15"""
94435,https://m.media-amazon.com/images/I/6185pQKCgTL.jpg,288715,item_weight,Best Cift for KidsHD Video12MP PhotosWaterproof to 3m4axSupports microSDCard Up To 32G8Zoom In/Out2HDScreenSelf-timerShockproofPixels32GAIMTOMTuItII |'Mega -
94436,https://m.media-amazon.com/images/I/6185pZL69UL.jpg,184557,depth,"Perfectly sized for little hands1.5""1.5""3""fox8.3"""
94437,https://m.media-amazon.com/images/I/6185qkcCixL.jpg,416664,height,"63.5""8.25""10.25"""
94438,https://m.media-amazon.com/images/I/6185qkcCixL.jpg,416664,width,"63.5""8.25""10.25"""
94439,https://m.media-amazon.com/images/I/6185qkcCixL.jpg,416664,depth,"63.5""8.25""10.25"""
94440,https://m.media-amazon.com/images/I/6185t1sBrYL.jpg,347404,depth,10 InchWooden Stand9.1 Inch15.6 InchEmbossed DaisyPatternDrainage Hole
94441,https://m.media-amazon.com/images/I/6185t1sBrYL.jpg,347404,height,10 InchWooden Stand9.1 Inch15.6 InchEmbossed DaisyPatternDrainage Hole
94442,https://m.media-amazon.com/images/I/61868x5EcgL.jpg,281159,item_volume,"FORORGANCGARDENINGTrUSTED SINCE 1926BONIDE'CoPPER FUNGICIDEControls listed plant diseasesConcentrateslow concentrations of copperFor roses, listed fruits & listedvegetablesBlackACTIVE INGREDIENT:PowderySpotCopper OctanoateSoap)CAS Reg No20543-04-8.10.00%MildewOTHER INGREDIENTS_90.00%TOTAL:T00.00%DownyMetallicequivalent_8%Eelalis capper-equivEPA Reg: No. 67702-2-4MildewIntended For Residential Use OnlyKeep Out Of Reach Of Children Early Blight CAUTION FGee baorbgpSetenediodF811Precautonary Statements and First Aid]Net Contents 16 FL OZ (473 ML)FOR ORGANICGARDENINGCAPTAIN;JJAcKS?using (Copper:"
94443,https://m.media-amazon.com/images/I/61869cfGY2L.jpg,219211,wattage,AntecBS0whigh CURRENT80HMVGAMER64HeGDeslgned bvCelifornieIg2HISB4wv95318antes
94444,https://m.media-amazon.com/images/I/61869cfGY2L.jpg,219211,item_weight,AntecBS0whigh CURRENT80HMVGAMER64HeGDeslgned bvCelifornieIg2HISB4wv95318antes
94445,https://m.media-amazon.com/images/I/6186BizXS5L.jpg,745387,depth,Capacite de charge statiquemaximale de30 kg56cm93 cmY8cm
94446,https://m.media-amazon.com/images/I/6186BizXS5L.jpg,745387,height,Capacite de charge statiquemaximale de30 kg56cm93 cmY8cm
94447,https://m.media-amazon.com/images/I/6186On9QGcL.jpg,966823,width,33.533.5cm3144Large_SmallCM44.5 .ScmCM
94448,https://m.media-amazon.com/images/I/6186QzpBxxL.jpg,752266,depth,Product Size5.7 inch6;22 inch
94449,https://m.media-amazon.com/images/I/6186QzpBxxL.jpg,752266,height,Product Size5.7 inch6;22 inch
94450,https://m.media-amazon.com/images/I/6186R8wCPzL.jpg,292475,depth,"Large Capacity5.7u93.1""WOOUCHSTUD   0"
94451,https://m.media-amazon.com/images/I/6186R8wCPzL.jpg,292475,width,"Large Capacity5.7u93.1""WOOUCHSTUD   0"
94452,https://m.media-amazon.com/images/I/6186VGHx8ML.jpg,810266,depth,PRODUCT SIZE3.3in(8.5cm)1SMicrowave SafeDishwasher SafeFreezer SafeLight WeightTo CleanUnbreakableEasy
94453,https://m.media-amazon.com/images/I/6186VGHx8ML.jpg,810266,height,PRODUCT SIZE3.3in(8.5cm)1SMicrowave SafeDishwasher SafeFreezer SafeLight WeightTo CleanUnbreakableEasy
94454,https://m.media-amazon.com/images/I/6186YPiuy1L.jpg,304120,depth,"V6 & Old V7 interior24cmThis Roller ONLY fit for Dyson V6 direct drive head cleaner 35W and 50W versionOld V7model.V6 complete cleaningV6 absoluteV6 engine head V6 engine head exclusiveV6, SV05 UK absoluteReplace Part Number: 966821-01,966084-01Note:Please carefully check whether the size and insterior of your originalbrushroll is consistent with the one above our picture.4.5cm"
94455,https://m.media-amazon.com/images/I/6186YPiuy1L.jpg,304120,width,"V6 & Old V7 interior24cmThis Roller ONLY fit for Dyson V6 direct drive head cleaner 35W and 50W versionOld V7model.V6 complete cleaningV6 absoluteV6 engine head V6 engine head exclusiveV6, SV05 UK absoluteReplace Part Number: 966821-01,966084-01Note:Please carefully check whether the size and insterior of your originalbrushroll is consistent with the one above our picture.4.5cm"
94456,https://m.media-amazon.com/images/I/6186YahR6NL.jpg,470067,height,"TAMANO DEL PRODUCTO7.08""(18cm)7.08""18.89""(48cm)(18cm)3.54""(9cm)1.77""(4.5cm)Tamano del orificio de montaje: 1.4 a 1.5 pulgadasEl espesor maximo de la encimera: 2 pulgadas"
94457,https://m.media-amazon.com/images/I/6186YahR6NL.jpg,470067,width,"TAMANO DEL PRODUCTO7.08""(18cm)7.08""18.89""(48cm)(18cm)3.54""(9cm)1.77""(4.5cm)Tamano del orificio de montaje: 1.4 a 1.5 pulgadasEl espesor maximo de la encimera: 2 pulgadas"
94458,https://m.media-amazon.com/images/I/6186Yf1Xn-L.jpg,970563,width,MAXIMALE BELASTBARKEIT 44OKGGEWICHT: CA; I1KGKGMAX. LOAD CAPACITY 44OKGWEIGHT: APPROX. I1KGfo.4CM34CMDIMENSIONSABMESSUNGENZOCM8CM
94459,https://m.media-amazon.com/images/I/6186aujlIQL.jpg,192915,height,PRODUCT DIMENSIONS@110.4in/lcm1 |4.5in/11.ScmNO VISIBLE GAPS
94460,https://m.media-amazon.com/images/I/6186fgmv9PL.jpg,849273,width,"151055,9 cm(22"")022,9 cm35,1 cm(9"")(13,81"")PELI"
94461,https://m.media-amazon.com/images/I/6186iZvFncL.jpg,784538,width,62TEAMWORKThe chain is only as strong as the weakest link:61 cm24 inch
94462,https://m.media-amazon.com/images/I/6186iZvFncL.jpg,784538,depth,62TEAMWORKThe chain is only as strong as the weakest link:61 cm24 inch
94463,https://m.media-amazon.com/images/I/6186vPVemnL.jpg,208023,width,"amazonbasicsamazonbasics5"" x 7""5"" x 7""13 cm x 18 cm13 cm x 18 cm"
94464,https://m.media-amazon.com/images/I/6186vPVemnL.jpg,208023,depth,"amazonbasicsamazonbasics5"" x 7""5"" x 7""13 cm x 18 cm13 cm x 18 cm"
94465,https://m.media-amazon.com/images/I/6186wS05nJL.jpg,945489,height,50ml*8Pcs Pack4Pcs4Pcs5ml75mm/2.95inch115mm/4.53inch32mm /1.26inch
94466,https://m.media-amazon.com/images/I/6186wS05nJL.jpg,945489,depth,50ml*8Pcs Pack4Pcs4Pcs5ml75mm/2.95inch115mm/4.53inch32mm /1.26inch
94467,https://m.media-amazon.com/images/I/6187196AhhL.jpg,816782,height,SPECIFICATIONS29 IN1~welcemeFADERECYCLEDEASYRESISTANTRUBBER BACKINGTo CLEAN
94468,https://m.media-amazon.com/images/I/6187196AhhL.jpg,816782,depth,SPECIFICATIONS29 IN1~welcemeFADERECYCLEDEASYRESISTANTRUBBER BACKINGTo CLEAN
94469,https://m.media-amazon.com/images/I/61872TSof6L.jpg,567118,width,SMALL BLUEWATER CUBE8CM*8CM*1O.SCM
94470,https://m.media-amazon.com/images/I/6187A2lZEBL.jpg,681445,width,"GlosseomABOUT SIZE1.3""/3.4cm113.9""/10cm1.3""/3.3cm"
94471,https://m.media-amazon.com/images/I/6187AF-wjVL.jpg,145452,height,INSULATED STAINLESSSTEEL WATER BOTTLEBPAFREECUARANTEEBPA free255mmDiswasher SafeLeakproof73mm
94472,https://m.media-amazon.com/images/I/6187AF-wjVL.jpg,145452,width,INSULATED STAINLESSSTEEL WATER BOTTLEBPAFREECUARANTEEBPA free255mmDiswasher SafeLeakproof73mm
94473,https://m.media-amazon.com/images/I/6187AF-wjVL.jpg,145452,depth,INSULATED STAINLESSSTEEL WATER BOTTLEBPAFREECUARANTEEBPA free255mmDiswasher SafeLeakproof73mm
