index,image_link,group_id,entity_name,e
95474,https://m.media-amazon.com/images/I/618iEMg+vbL.jpg,784538,width,"SIZE12 x 15 inches""d83NgATERIAgrintsonpremium canvas,Waterproof;UV resistant5ToinveEEATURESystretched on solidwooden frames;goodReady to hangand uprightdayPERFECT GIFTProvide stylish andbeautifulfor yourlover, friends and family:12inchgifts"
95475,https://m.media-amazon.com/images/I/618iEMg+vbL.jpg,784538,depth,"SIZE12 x 15 inches""d83NgATERIAgrintsonpremium canvas,Waterproof;UV resistant5ToinveEEATURESystretched on solidwooden frames;goodReady to hangand uprightdayPERFECT GIFTProvide stylish andbeautifulfor yourlover, friends and family:12inchgifts"
95476,https://m.media-amazon.com/images/I/618iIry0pjL.jpg,200507,height,24cm34cm3.3cm Wide Fold Down LipHolds about 8.2cm thickbooks or 1500 pages.
95477,https://m.media-amazon.com/images/I/618iLTsNQrL.jpg,178778,height,9inch/23cm7.Sinch/19cm713Sinch/9cm2.Sinch/6.Scm
95478,https://m.media-amazon.com/images/I/618iPZJFwjL.jpg,550595,width,Launching Water Depth:lOOmm82mmOutlet Pipe Diameter:75/90mm11Omm1l0mm82mmI150mmLaunching Water Depth:lOOmm150mmOutlet Pipe Diameter:75/90/110mm
95479,https://m.media-amazon.com/images/I/618iZIwFseL.jpg,801829,width,"HOCHWERTIGE AUFLAGE MIT KISSENBelastbar bismax. 200 kg75,5 cm51 cm209 cm80cm"
95480,https://m.media-amazon.com/images/I/618iZIwFseL.jpg,801829,height,"HOCHWERTIGE AUFLAGE MIT KISSENBelastbar bismax. 200 kg75,5 cm51 cm209 cm80cm"
95481,https://m.media-amazon.com/images/I/618iaGpr87L.jpg,365756,height,passport holder pouchpassport holdermoney/card sleeve3 Inches/Perfect for76mmyour passporta fewcards & cashRFID protected4.9 inches/ 125mmcell phone holder pouchcell phone holdermoney/card sleeveFits mostphones:3 inches/for example:76mmiPhone 11Galaxay 106 inches/ ISSmmcell phone holder pouchxl cell phone holdermoney/card sleeveFits larger cell phones;3 inches/for example;76mmiPhone MaxGalaxay Note6.9 inches/ 17Smmcell;
95482,https://m.media-amazon.com/images/I/618iaGpr87L.jpg,365756,depth,passport holder pouchpassport holdermoney/card sleeve3 Inches/Perfect for76mmyour passporta fewcards & cashRFID protected4.9 inches/ 125mmcell phone holder pouchcell phone holdermoney/card sleeveFits mostphones:3 inches/for example:76mmiPhone 11Galaxay 106 inches/ ISSmmcell phone holder pouchxl cell phone holdermoney/card sleeveFits larger cell phones;3 inches/for example;76mmiPhone MaxGalaxay Note6.9 inches/ 17Smmcell;
95483,https://m.media-amazon.com/images/I/618idPmsFXL.jpg,783898,depth,9910.44 inch
95484,https://m.media-amazon.com/images/I/618ieVX0UhL.jpg,386873,item_weight,144HzRefresh Rate6.67 inchesFHDAMOLEDFZ
95485,https://m.media-amazon.com/images/I/618isvc47UL.jpg,810266,depth,CAPACITY40Onl8cm13.5cm42HandMash2YearWarrantyOnly
95486,https://m.media-amazon.com/images/I/618isvc47UL.jpg,810266,height,CAPACITY40Onl8cm13.5cm42HandMash2YearWarrantyOnly
95487,https://m.media-amazon.com/images/I/618itKSxYKL.jpg,675680,width,ADEPTNADIMENSION63816cm4F00631cm31cm
95488,https://m.media-amazon.com/images/I/618ivrfpI-L.jpg,276611,width,37in19.3in12in17.Jin34.8in17.7in32.3in17.7in
95489,https://m.media-amazon.com/images/I/618iyugUwOL.jpg,292475,height,Diameter = 94mm/3.7inchDiameter=82mm/3.2inchHeight4Omm1.6inchHeavy Shaving Soap bowl100% Stainless Steel
95490,https://m.media-amazon.com/images/I/618j-yT80ZL.jpg,373107,depth,"0.24""/6mm0.28""/7mm0.85""/22mm0.39""/9.9mm"
95491,https://m.media-amazon.com/images/I/618j2BjoVFL.jpg,362818,depth,Large Capacity19OOML/5O.70Z0.75 CUP1TBSP1.3 CUPS2.3 CUPS0.75 CUP11.7 CUPSFeE=21.5cm/8.SinchSET73L
95492,https://m.media-amazon.com/images/I/618j2frcqlL.jpg,734280,height,"SIEZ CHARTNoticePlease measure the dog's neckcircumference and choose a size:Our product does not includeAirTag:Manualmeasurement hasanerrorof 0.4inches.SIZELENGTHWIDTHINCHCMCMINCHM15""-18.5""38-473.81.5""16.5""-20.5""42-523.81.5""XL19.5""-24.8""50-633.81.5"""
95493,https://m.media-amazon.com/images/I/618j2frcqlL.jpg,734280,depth,"SIEZ CHARTNoticePlease measure the dog's neckcircumference and choose a size:Our product does not includeAirTag:Manualmeasurement hasanerrorof 0.4inches.SIZELENGTHWIDTHINCHCMCMINCHM15""-18.5""38-473.81.5""16.5""-20.5""42-523.81.5""XL19.5""-24.8""50-633.81.5"""
95494,https://m.media-amazon.com/images/I/618j3qwk94L.jpg,464488,width,SIZEWIDTH: 6inchHEIGHT: 10 1/2inch
95495,https://m.media-amazon.com/images/I/618j3qwk94L.jpg,464488,height,SIZEWIDTH: 6inchHEIGHT: 10 1/2inch
95496,https://m.media-amazon.com/images/I/618j3qwk94L.jpg,464488,depth,SIZEWIDTH: 6inchHEIGHT: 10 1/2inch
95497,https://m.media-amazon.com/images/I/618j4KfqM8L.jpg,594224,width,"30cm/11.82""3.8cm/1.50'=3.8cm/1.50""366cm/2.36""2.2cm/o.86""45""7cm/2.75""24cm/9."
95498,https://m.media-amazon.com/images/I/618j5IuVesL.jpg,784538,depth,SIZE INFORMATIONDoyoulikeGreen1EggsandHamZ40in(102cm)
95499,https://m.media-amazon.com/images/I/618j5IuVesL.jpg,784538,width,SIZE INFORMATIONDoyoulikeGreen1EggsandHamZ40in(102cm)
95500,https://m.media-amazon.com/images/I/618j8IPQOnL.jpg,386873,item_weight,"5.7-inch 18.9 FHDt DisplayTo A Wider WorldEquipped 5.7 inch all-screen display, Armor 3 would show more contentand wider vision than others:Whether you are reading a article or browsing social media, Armor 3 display lets you see more at once5.7""FHD+18.9All Screen1080*2160PXAspect Ratio"
95501,https://m.media-amazon.com/images/I/618jNyPxfxS.jpg,416664,width,38270mm18Omm14OmmC0b305
95502,https://m.media-amazon.com/images/I/618jQ6itSeL.jpg,599772,width,"MEASUREMENTS15.8""Weight:2.1 Lbs11.8""11.4"""
95503,https://m.media-amazon.com/images/I/618jT5jUYLL.jpg,524117,height,Gtorhoedpx99cm/39inDui61=okDuada42cm/16.Icm/24in3
95504,https://m.media-amazon.com/images/I/618jT5jUYLL.jpg,524117,width,Gtorhoedpx99cm/39inDui61=okDuada42cm/16.Icm/24in3
95505,https://m.media-amazon.com/images/I/618jWZBb+kL.jpg,521308,width,"77.5221.8821_211INCH{INCH64.2INCHINCH31.5 ""JINCHZINCH"
95506,https://m.media-amazon.com/images/I/618jY9krOpL.jpg,675676,maximum_weight_recommendation,3MCommandBRANDHOLDS STRONGLY0.5 lbHolds 0.5 Ib
95507,https://m.media-amazon.com/images/I/618jZLrQMxL.jpg,752266,height,"20-Ft Plug-in Cord17.3""511.8"""
95508,https://m.media-amazon.com/images/I/618jZLrQMxL.jpg,752266,depth,"20-Ft Plug-in Cord17.3""511.8"""
95509,https://m.media-amazon.com/images/I/618jZbIfhVL.jpg,949192,height,50 cm6468 cm276 cm50cm
95510,https://m.media-amazon.com/images/I/618jg4b91GL.jpg,860080,height,ANDADERA ORTOPEDICA   GalidadMedicalcon ruedas frontalesDvemiumStoresSE PLIEGAFACILMENTEocupandoMedlcalorepoco espacio84 cm1]Lto12 cm64 cmNUNCA REBASES EL PESO DE CARGA INDICADO
95511,https://m.media-amazon.com/images/I/618jiSRTnJL.jpg,472576,item_weight,PRODUCT SIZETotal weight207 g7.3ounces4.0 inch12.8cm53585.0 inch.13.Scm835533895.1 inch12.8cm88E3438.1 inch21.0 cm
95512,https://m.media-amazon.com/images/I/618jkSqt0AS.jpg,496169,height,1130cm50cm60cm60cm
95513,https://m.media-amazon.com/images/I/618jmyz+tIL.jpg,594224,height,NV22 cm1.7 cm12.5 cm24.5 cm
95514,https://m.media-amazon.com/images/I/618jqvwtDIL.jpg,598989,depth,ideale Gnofefur alle Baby- undKinderbettenLange des Hakens:6 cmoptionale Lange dank226 CMder Bander:0 - 50 cm226 cm6 cm Haken0 bis 50 cm BandSaumweite:260 cm
95515,https://m.media-amazon.com/images/I/618k+6Q2GgL.jpg,522832,height,PLATZSPARENDKlappbarer; an der Wand befestigter Waschestander80598Ocm359cm883
95516,https://m.media-amazon.com/images/I/618k3IZmymL.jpg,149708,depth,22cm2Ocm28cm8Ocm
95517,https://m.media-amazon.com/images/I/618k3vHdxdL.jpg,483370,depth,FRONTBACKRIGHT%823cm/9.05in
95518,https://m.media-amazon.com/images/I/618k4eMmcUL.jpg,752266,width,"GroBeres Solarpanel36 helle LED Perlen36Max 860 Lumen )Enono(iPhone Xs)I,3cmg3511583605"
95519,https://m.media-amazon.com/images/I/618k6wp4dUL.jpg,173193,width,S1E36.4MM1.431IN69.5 MM2.745 IN
95520,https://m.media-amazon.com/images/I/618k8COUWEL.jpg,751532,height,"QUEEN SIZE41""81""60""900Weight30 minsLBSCapacity30assemble"
95521,https://m.media-amazon.com/images/I/618k923LJVL.jpg,306956,width,"Superficie di8-10 persone1800 W3,5 kgcottura90 x 23 cm107827cmcm"
95522,https://m.media-amazon.com/images/I/618k923LJVL.jpg,306956,height,"Superficie di8-10 persone1800 W3,5 kgcottura90 x 23 cm107827cmcm"
95523,https://m.media-amazon.com/images/I/618kB8MwBxL.jpg,106003,height,BR# XX7.5cm4cm12.5cm
95524,https://m.media-amazon.com/images/I/618kJ85mD4L.jpg,648011,depth,45mmE14Base13.Smm25mmQNINEAC165-265V 6 Watt8CCor Gkabfe4AC165-265V6W540Lumen
95525,https://m.media-amazon.com/images/I/618kJ85mD4L.jpg,648011,height,45mmE14Base13.Smm25mmQNINEAC165-265V 6 Watt8CCor Gkabfe4AC165-265V6W540Lumen
95526,https://m.media-amazon.com/images/I/618kLE1xE0L.jpg,969033,height,48.4in123cm)22.2in(56.5cm)7.3in(18.5cm)47.2in(120cm)28.1in(71.5cm)5.7in(14.5cm)47.2in(12Ocm)83;
95527,https://m.media-amazon.com/images/I/618kN7PNC3L.jpg,276611,height,"cm90481210 cmcm _cmCm3 Ch _2,5 cm50 cm22,5 cm22,5 cmcmcm18,7 cm7,5 cmc52,5 ,28,589,5 ,"
95528,https://m.media-amazon.com/images/I/618kNXSLxOL.jpg,931247,height,SIZE SHOW60in(152.4cm)OVE60in(152.4cm)LOVELOVEL01
95529,https://m.media-amazon.com/images/I/618kNXSLxOL.jpg,931247,width,SIZE SHOW60in(152.4cm)OVE60in(152.4cm)LOVELOVEL01
95530,https://m.media-amazon.com/images/I/618kU3U6ubL.jpg,130202,width,NO-BR2271-100[Number BRZ27I] Brass Modern Curvy House Number100 mm4in70 mm4 mm2 13/16 in3/16 inMaterialBrassLength100 mm4inThickness4 mm3/16 inrckiEsHARDWA
95531,https://m.media-amazon.com/images/I/618kUpjr2aL.jpg,648011,width,"Simple&DesignNo Filter ReplacementsWhisper Quiet As It Works0Ultra-Compact & Portable5.517in3.34"" inPlugPlayclartifo)r)0"
95532,https://m.media-amazon.com/images/I/618kUpjr2aL.jpg,648011,depth,"Simple&DesignNo Filter ReplacementsWhisper Quiet As It Works0Ultra-Compact & Portable5.517in3.34"" inPlugPlayclartifo)r)0"
95533,https://m.media-amazon.com/images/I/618kk1e7xEL.jpg,498074,item_volume,NailtekThe Naturol Nail ExpertsDE EurTiFor AlIesrdztsktpiUztr74Nail Typesactesyett:#urrsu fael(rrl EExtendRe ktm;Hil klThe Natural Na | ExpertsPolish Thinner#ildExtendprofessional polish IhinnerQuttFoli-h ThinnerdillntTmiGeEnoonncldiluant de vernisongles professionnelcmentztMe enecuilic nrulttungladelgazante de esmalte prolesionalTtzi15 mL/0.5 fl ozNail Tek Extend is especially formulated torefresh and replace these essential solvents_With Nail Tek Extend; you never have towaste adrop.IayleWptort2a3508j 7uJatitVednJarei03tjcueNailtek
95534,https://m.media-amazon.com/images/I/618kll5zurL.jpg,730429,depth,AMPMEasy Setting7Min Snooze12/24 HoursDaily AlarmFormat1.5inch9.2815.Linch
95535,https://m.media-amazon.com/images/I/618kll5zurL.jpg,730429,width,AMPMEasy Setting7Min Snooze12/24 HoursDaily AlarmFormat1.5inch9.2815.Linch
95536,https://m.media-amazon.com/images/I/618kmJBqHIL.jpg,276611,height,63cm55cm27@107cm33cm
95537,https://m.media-amazon.com/images/I/618ktJqqphL.jpg,801829,width,"20.9""'18.6'27.9"" 20.1""20.9""13.7""'17.4"""
95538,https://m.media-amazon.com/images/I/618kwtkOkYL.jpg,816782,height,60Helle v6283cmInch23.6
95539,https://m.media-amazon.com/images/I/618kwtkOkYL.jpg,816782,width,60Helle v6283cmInch23.6
95540,https://m.media-amazon.com/images/I/618kwtkOkYL.jpg,816782,depth,60Helle v6283cmInch23.6
95541,https://m.media-amazon.com/images/I/618kxBO+nPL.jpg,146860,width,Included in Your PackageL;x Adapter1 x Filter1 x Water125MMpump175MM160MM4251XSpongePetFountainfilter4x Instruction78 4Manual1 x Pre-filterSpongsTU-3
95542,https://m.media-amazon.com/images/I/618l0xkbwqL.jpg,983323,wattage,MAG CORELIQUID 240R42 dBOTHER BRAND47 dBThe test result is tested with TTV method.Test Method: Intel TTVCPU Power Setting: 215WFan speed is 2000 RPM*Test results are based on the actual product testing:
95543,https://m.media-amazon.com/images/I/618l0xkbwqL.jpg,983323,voltage,MAG CORELIQUID 240R42 dBOTHER BRAND47 dBThe test result is tested with TTV method.Test Method: Intel TTVCPU Power Setting: 215WFan speed is 2000 RPM*Test results are based on the actual product testing:
95544,https://m.media-amazon.com/images/I/618l4L4apJL.jpg,452717,depth,"13/8 inches1Most rods are 1,.25 inch or 1,.5 inchThese will NOT fit the 1.5 inch rodsWill these fit my closet rod?Measure all the way around yourcloset rod2Yes, they will fit if measured lengthis 3.9 inches or smaller"
95545,https://m.media-amazon.com/images/I/618l4L4apJL.jpg,452717,height,"13/8 inches1Most rods are 1,.25 inch or 1,.5 inchThese will NOT fit the 1.5 inch rodsWill these fit my closet rod?Measure all the way around yourcloset rod2Yes, they will fit if measured lengthis 3.9 inches or smaller"
95546,https://m.media-amazon.com/images/I/618lCt4hKPL.jpg,119607,width,Hanging hole28cm / 11into42cm / 16.5inPiwunbe_
95547,https://m.media-amazon.com/images/I/618lCt4hKPL.jpg,119607,depth,Hanging hole28cm / 11into42cm / 16.5inPiwunbe_
95548,https://m.media-amazon.com/images/I/618lEXP5fAL.jpg,516127,height,@imensicnab dwwings11Alex17CW6.69IN3CM/I.18IN
95549,https://m.media-amazon.com/images/I/618lGWq0XQL.jpg,648011,height,"UP TO 90% ENERGYSAVINGEquivalent to 20 Watt incandescent bulbsButconsumes 2W power1Omm/o.4in1Omm/o.4inI0150330000Hrs16 v(5012000Hrs0z9I312v 20w32W64LED Bulb20W G4 Halogen BulbFlicker-free;zero harsh glares, well prevent eye fatigueReplace 10-2OW halogen bulb by 2W LED bulb.Save 90% on electricity bill of lighting:only"
95550,https://m.media-amazon.com/images/I/618lGWq0XQL.jpg,648011,depth,"UP TO 90% ENERGYSAVINGEquivalent to 20 Watt incandescent bulbsButconsumes 2W power1Omm/o.4in1Omm/o.4inI0150330000Hrs16 v(5012000Hrs0z9I312v 20w32W64LED Bulb20W G4 Halogen BulbFlicker-free;zero harsh glares, well prevent eye fatigueReplace 10-2OW halogen bulb by 2W LED bulb.Save 90% on electricity bill of lighting:only"
95551,https://m.media-amazon.com/images/I/618lGWq0XQL.jpg,648011,width,"UP TO 90% ENERGYSAVINGEquivalent to 20 Watt incandescent bulbsButconsumes 2W power1Omm/o.4in1Omm/o.4inI0150330000Hrs16 v(5012000Hrs0z9I312v 20w32W64LED Bulb20W G4 Halogen BulbFlicker-free;zero harsh glares, well prevent eye fatigueReplace 10-2OW halogen bulb by 2W LED bulb.Save 90% on electricity bill of lighting:only"
95552,https://m.media-amazon.com/images/I/618lObxyZkL.jpg,436746,depth,28 cm18 cm
95553,https://m.media-amazon.com/images/I/618lPnNJWGL.jpg,174276,height,"SIZEDETAILNAPKIN RINGSRing In One Size!Ocm/1, 57in4.Ocm/1.57inWeight:20g"
95554,https://m.media-amazon.com/images/I/618lPnNJWGL.jpg,174276,depth,"SIZEDETAILNAPKIN RINGSRing In One Size!Ocm/1, 57in4.Ocm/1.57inWeight:20g"
95555,https://m.media-amazon.com/images/I/618ldYY0rwL.jpg,549052,depth,620cm/7.87in
95556,https://m.media-amazon.com/images/I/618lgwSDhaL.jpg,866516,depth,0.98in/2.Scm1.37in/3.Scm
95557,https://m.media-amazon.com/images/I/618lgwSDhaL.jpg,866516,height,0.98in/2.Scm1.37in/3.Scm
95558,https://m.media-amazon.com/images/I/618lgwSDhaL.jpg,866516,width,0.98in/2.Scm1.37in/3.Scm
95559,https://m.media-amazon.com/images/I/618ll-uUooL.jpg,648011,width,"90% Saving 4W=40Wservice life > 30,000 hours018.9mm/0.74in2.4GHz WiFiW0.4-4WAC 2301APP control60Voice control4OLM-4OOLM17.Smm0%-100% DimmableXCCCTE-i9mmxWarm White to Cool White69 LED Bulb"
95560,https://m.media-amazon.com/images/I/618lnKifGuL.jpg,558832,depth,4FRUITSVEGETABLESCOSMETICSSTATIONERYToys658{824 cm22 cm22 cmSize may vary by Icm- ZcmTHE GREAT INDIAN CUPBOARDHOMESTRAPORGANIZATION SPECIALISTS8
95561,https://m.media-amazon.com/images/I/618log9cXUL.jpg,801829,height,19cm4Ocm77cm40cm45cm47cm47cm
95562,https://m.media-amazon.com/images/I/618lp9omDSL.jpg,525429,wattage,"C-131/21-B1133129030220/240V,50/60Hz6w000008484"
95563,https://m.media-amazon.com/images/I/618lp9omDSL.jpg,525429,voltage,"C-131/21-B1133129030220/240V,50/60Hz6w000008484"
95564,https://m.media-amazon.com/images/I/618lr2GfsUL.jpg,844474,height,Qye eN11.5in/29cm2.8in/7cm9.8in/25cmIOw
95565,https://m.media-amazon.com/images/I/618luw8Dl4L.jpg,558806,height,9cm6cm5335.4cm54cmZcm
95566,https://m.media-amazon.com/images/I/618luw8Dl4L.jpg,558806,depth,9cm6cm5335.4cm54cmZcm
95567,https://m.media-amazon.com/images/I/618luypdCdL.jpg,826444,width,(3.74in)9.Scmllcm(4.33in)l 7cm(2.75in)Capacity approx: 140ml
95568,https://m.media-amazon.com/images/I/618lv4MHpaL.jpg,558806,depth,5.11 in13 cm4.91 in12.5 cm
95569,https://m.media-amazon.com/images/I/618lv4MHpaL.jpg,558806,width,5.11 in13 cm4.91 in12.5 cm
95570,https://m.media-amazon.com/images/I/618lwAGwrKL.jpg,403664,width,350 ml123oo109cm7.Scm
95571,https://m.media-amazon.com/images/I/618lwAGwrKL.jpg,403664,depth,350 ml123oo109cm7.Scm
95572,https://m.media-amazon.com/images/I/618m5AVBRuL.jpg,178778,height,5.1INCH3 INCH7.3 INCH
95573,https://m.media-amazon.com/images/I/618m92DptnL.jpg,529606,width,CITCITRONELLAELLACANDLELEhome masterLOHRBURNTime500G | 9.SCM X 1LCMIGCMoutdoor USE ONLYONLY5004OHREACHOUTDOORBURN TIMEUSE
95574,https://m.media-amazon.com/images/I/618m92DptnL.jpg,529606,height,CITCITRONELLAELLACANDLELEhome masterLOHRBURNTime500G | 9.SCM X 1LCMIGCMoutdoor USE ONLYONLY5004OHREACHOUTDOORBURN TIMEUSE
95575,https://m.media-amazon.com/images/I/618mErNsPiL.jpg,220662,depth,"SIZEAll dimensions are measured manually,there may be a little error;please Don't mind.0'181312.24inch/5.77cm214inch/8cm"
95576,https://m.media-amazon.com/images/I/618mFpzvweL.jpg,416664,height,Parametros del productoCM19 CMAdaptador USBincluido )40 CM77 LEDsAumento del brilloCambiar modo de colorDisminucion del brilloONI OFF120 CMControlador del cableCMI25'
95577,https://m.media-amazon.com/images/I/618mHP2C-BL.jpg,348551,height,EDEL. SPARSAM. PLATZSPAREND:6 cm52 cm59 cm
95578,https://m.media-amazon.com/images/I/618mIMXC28L.jpg,784538,width,Z788833
95579,https://m.media-amazon.com/images/I/618mNqdyosL.jpg,434825,depth,4kinds of envelopes4 #Eino Niahr 3 # $2A > 7 014 $DttroNa0 EflottaBiEBQH<oultliirath0 : Hi88xw9Omm0: H9OxW9Omm85 #Axoliet=2tf)@A)4+_-AR8)tzT2+823160110dv.3#Lb*%0 $+A9+7 .=216n0#46*A24+5 ' v+46A):vGd#(zot00'JEzloNacodoltszratthOHItliratth69 : HlTSXWGSmm6 : Hgoxwgomm~Ar8tewpvav7p-F6A )500p14ows Wa4b47324690#+L6*A n $ +.19 $ $0*St-k8m3tnjan127 tt0
95580,https://m.media-amazon.com/images/I/618mST3Y4gL.jpg,295706,height,300mm11.81in420mm16.54in13Omm / 5.12in
95581,https://m.media-amazon.com/images/I/618mZhXjcgL.jpg,146860,depth,14.502(430ml)17oz(500ml)81L8.5cm/3.34in
95582,https://m.media-amazon.com/images/I/618mZhXjcgL.jpg,146860,width,14.502(430ml)17oz(500ml)81L8.5cm/3.34in
95583,https://m.media-amazon.com/images/I/618mauOneWL.jpg,955292,item_weight,30CMII 1.8in16mm22mm10
95584,https://m.media-amazon.com/images/I/618mauOneWL.jpg,955292,wattage,30CMII 1.8in16mm22mm10
95585,https://m.media-amazon.com/images/I/618mbbAdtjL.jpg,849273,depth,"DREAMWORKS@GABBSDeHeusiBack of Pencil Case5""9"
95586,https://m.media-amazon.com/images/I/618mbbAdtjL.jpg,849273,height,"DREAMWORKS@GABBSDeHeusiBack of Pencil Case5""9"
95587,https://m.media-amazon.com/images/I/618mfeds-4L.jpg,436746,width,3PCS62{20 CM / 7.9 IN
95588,https://m.media-amazon.com/images/I/618mfeds-4L.jpg,436746,depth,3PCS62{20 CM / 7.9 IN
95589,https://m.media-amazon.com/images/I/618mmzGspkL.jpg,955522,depth,6.3inch8.46inch4.72inch
95590,https://m.media-amazon.com/images/I/618mmzGspkL.jpg,955522,width,6.3inch8.46inch4.72inch
95591,https://m.media-amazon.com/images/I/618n0pdfLWL.jpg,119607,width,13.9 in / 35.5 cm8.6 in /22.0 cm
95592,https://m.media-amazon.com/images/I/618n0pdfLWL.jpg,119607,depth,13.9 in / 35.5 cm8.6 in /22.0 cm
95593,https://m.media-amazon.com/images/I/618n2RlHi4L.jpg,932289,width,"11.8""/3Ocm45.7""/116cm39.4"" /1Ocm47.2"" /120cm"
95594,https://m.media-amazon.com/images/I/618n37tkwDL.jpg,220662,width,14cm / 5.5in7.3cm / 2.9in
95595,https://m.media-amazon.com/images/I/618n37tkwDL.jpg,220662,depth,14cm / 5.5in7.3cm / 2.9in
95596,https://m.media-amazon.com/images/I/618n3cmQjJL.jpg,823083,width,Lieferumfang:25cm
95597,https://m.media-amazon.com/images/I/618n3cmQjJL.jpg,823083,height,Lieferumfang:25cm
95598,https://m.media-amazon.com/images/I/618n3cmQjJL.jpg,823083,depth,Lieferumfang:25cm
95599,https://m.media-amazon.com/images/I/618n4gv+iIL.jpg,237000,width,"PRODUCT SIZE DISPLAYLARGE6728""20""Right Chaise Sofa55""356728""67""28""20""55""35""Left Chaise Sofa67""28"""
95600,https://m.media-amazon.com/images/I/618n7NKnpaL.jpg,939129,height,7 inL17.8 cmCapacity:T0Inner7 inBucket5L17.8 cmOpening1.3 GAL.18.5 in47 cm10.8 in27.4 cm18 inF10.6 in20.3 cm26.9 cm
95601,https://m.media-amazon.com/images/I/618n8Wlxs8L.jpg,752266,height,"9.8""/25cmUnscrew thisscrew to adjustHangingwire 100cmthe wires lengthheight adjustable2.75""/7cm3.34""/8.Scm"
95602,https://m.media-amazon.com/images/I/618nBzlT9HL.jpg,478357,depth,66cm9cm23cm87cm40cm-72cm39cm
95603,https://m.media-amazon.com/images/I/618nBzlT9HL.jpg,478357,width,66cm9cm23cm87cm40cm-72cm39cm
95604,https://m.media-amazon.com/images/I/618nG7tWIuL.jpg,918474,depth,8122cm
95605,https://m.media-amazon.com/images/I/618nG7tWIuL.jpg,918474,width,8122cm
95606,https://m.media-amazon.com/images/I/618nJ1JkdeL.jpg,442321,depth,"Product Dimensions1Ergonmic height and width:4820'29"""
95607,https://m.media-amazon.com/images/I/618nJ1JkdeL.jpg,442321,width,"Product Dimensions1Ergonmic height and width:4820'29"""
95608,https://m.media-amazon.com/images/I/618nLInLCzL.jpg,810266,height,3.5inch / 8.89cm160Z470MLE5288Kate2.2inch| 5.588 cm
95609,https://m.media-amazon.com/images/I/618nQIVJPlL.jpg,866516,height,"Height and Width can vary due to the hand-carving process;2L3"""
95610,https://m.media-amazon.com/images/I/618nQIVJPlL.jpg,866516,depth,"Height and Width can vary due to the hand-carving process;2L3"""
95611,https://m.media-amazon.com/images/I/618nYSwC7GL.jpg,120219,width,"COpcobasics0.5KG2~{02~A{{XA2<6I1810""26CM _"
95612,https://m.media-amazon.com/images/I/618nZ1uhTNL.jpg,284992,depth,"PARotLopksLOi3OcmL8rusHyug""124cmSn8GNmbul@pari181cy' Huea @84@1vz?U5'@iiaS .Ala8pmum  8BeRyomVxGeo ~-@UAEans !Peisnuns'@""ntTe""PAR484Cua"
95613,https://m.media-amazon.com/images/I/618nZ1uhTNL.jpg,284992,height,"PARotLopksLOi3OcmL8rusHyug""124cmSn8GNmbul@pari181cy' Huea @84@1vz?U5'@iiaS .Ala8pmum  8BeRyomVxGeo ~-@UAEans !Peisnuns'@""ntTe""PAR484Cua"
95614,https://m.media-amazon.com/images/I/618nai7VRpL.jpg,142748,width,9 feetgag@=1.Sinch(3.8cm)3.9 feet8
95615,https://m.media-amazon.com/images/I/618nai7VRpL.jpg,142748,height,9 feetgag@=1.Sinch(3.8cm)3.9 feet8
95616,https://m.media-amazon.com/images/I/618nh2Oq5yL.jpg,333059,height,90*40cm60*30cmKI-FOTtT>MPULt-0TtTy88W 183T]xf+#l {Wptl)
95617,https://m.media-amazon.com/images/I/618nj3vRzeL.jpg,931856,width,12cm82Flowers88
95618,https://m.media-amazon.com/images/I/618nj3vRzeL.jpg,931856,depth,12cm82Flowers88
95619,https://m.media-amazon.com/images/I/618nl9q8o5L.jpg,149708,depth,1OOCM/39.3in
95620,https://m.media-amazon.com/images/I/618nl9q8o5L.jpg,149708,height,1OOCM/39.3in
95621,https://m.media-amazon.com/images/I/618nl9q8o5L.jpg,149708,width,1OOCM/39.3in
95622,https://m.media-amazon.com/images/I/618nnw8VtjL.jpg,192915,width,PRODUCTDIMENSIONS6V100.9in/2.4cm6.7in/17.2cm0.26in/0.65cm HVAAccessories:X6
95623,https://m.media-amazon.com/images/I/618npOpPWEL.jpg,483370,height,"11""9_"
95624,https://m.media-amazon.com/images/I/618npOpPWEL.jpg,483370,depth,"11""9_"
95625,https://m.media-amazon.com/images/I/618npOpPWEL.jpg,483370,width,"11""9_"
95626,https://m.media-amazon.com/images/I/618nr6yXJNL.jpg,375438,depth,Spec:2.2 in5 in
95627,https://m.media-amazon.com/images/I/618nr6yXJNL.jpg,375438,width,Spec:2.2 in5 in
95628,https://m.media-amazon.com/images/I/618nrRjjdiL.jpg,599317,depth,Height3.54 inDiameter1.06 in
95629,https://m.media-amazon.com/images/I/618nrRjjdiL.jpg,599317,height,Height3.54 inDiameter1.06 in
95630,https://m.media-amazon.com/images/I/618nvI9KJsL.jpg,243137,depth,WeddingPartyProductChildrenFestivalYouTubeVideoNewbornBirthdayOutdoor57FT
95631,https://m.media-amazon.com/images/I/618nxWhI50L.jpg,877667,height,10in9in9in
95632,https://m.media-amazon.com/images/I/618nz0IHpmL.jpg,990837,depth,SEAFON4.5 cm17 cm312{6.5 cmBusca enAmazon nuestrocatalogo de productos SEAFON.CU/JAR?A5MM_10
95633,https://m.media-amazon.com/images/I/618o4VPBIoL.jpg,347404,height,KG60 g020 cm313cm
95634,https://m.media-amazon.com/images/I/618o4VPBIoL.jpg,347404,width,KG60 g020 cm313cm
95635,https://m.media-amazon.com/images/I/618o5JnwmjL.jpg,208023,width,"6""x6L152mm xISZmmGapahHANDMADEWOoDENFRAME S1To HANG OR STAND EITHER WAY"
95636,https://m.media-amazon.com/images/I/618o5JnwmjL.jpg,208023,depth,"6""x6L152mm xISZmmGapahHANDMADEWOoDENFRAME S1To HANG OR STAND EITHER WAY"
95637,https://m.media-amazon.com/images/I/618o5JnwmjL.jpg,208023,height,"6""x6L152mm xISZmmGapahHANDMADEWOoDENFRAME S1To HANG OR STAND EITHER WAY"
95638,https://m.media-amazon.com/images/I/618oCkPJ8dL.jpg,810266,height,(hat you will202.83 inchGift Boxwith3.15 inchWzaytia20 Oz SKINNY TUMBLER2?0E3[F1 outeh box4 sthaw bhuah4 gilt box2.83 inch4 sthaw4 tumbloh9.56 inchget:WzaytiaVexMo uteWszdyTUMBLERSKINNY##5317OzatedtryundeIndividual =Eta arasznanomeze<88rrttte *0nodusJe ntalroiNFea rete 0%  Uuec ({€ec|A1arPeonerPACK
95639,https://m.media-amazon.com/images/I/618oFDKmWmL.jpg,416664,depth,5E92.8 in / 7.0 cm
95640,https://m.media-amazon.com/images/I/618oM6dwbOL.jpg,292475,depth,PRODUCT INFORMATIONGiFT2.9 in4.5 in180 ml400 ml7.7 in3 in11.5 in7.7 inl5.5 in9 in
95641,https://m.media-amazon.com/images/I/618oM6dwbOL.jpg,292475,width,PRODUCT INFORMATIONGiFT2.9 in4.5 in180 ml400 ml7.7 in3 in11.5 in7.7 inl5.5 in9 in
95642,https://m.media-amazon.com/images/I/618oSXz4mEL.jpg,244283,height,Weekly PlannerSunFamily meetingMonSchoolTues Mom '$birthdayWedCookThurvocationFriShoppingSatetic Fridge33*22cmDDo do listBoard
95643,https://m.media-amazon.com/images/I/618oSXz4mEL.jpg,244283,depth,Weekly PlannerSunFamily meetingMonSchoolTues Mom '$birthdayWedCookThurvocationFriShoppingSatetic Fridge33*22cmDDo do listBoard
95644,https://m.media-amazon.com/images/I/618oWrIe7lL.jpg,970563,depth,Product size2.9cml1.14inI3.8cml1.5in3cml1.18in4cm/1.6in
95645,https://m.media-amazon.com/images/I/618oWrIe7lL.jpg,970563,width,Product size2.9cml1.14inI3.8cml1.5in3cml1.18in4cm/1.6in
95646,https://m.media-amazon.com/images/I/618obp+lLgL.jpg,952470,height,Capacity35 Ltr46 cm28 cm
95647,https://m.media-amazon.com/images/I/618obp+lLgL.jpg,952470,width,Capacity35 Ltr46 cm28 cm
95648,https://m.media-amazon.com/images/I/618obp+lLgL.jpg,952470,depth,Capacity35 Ltr46 cm28 cm
95649,https://m.media-amazon.com/images/I/618ocGNqadL.jpg,442321,width,"24""6.5""11""30""23""79"""
95650,https://m.media-amazon.com/images/I/618ogq0634L.jpg,658003,height,29.5cm / 11.6in8;33.Ocm / 13.Oin
95651,https://m.media-amazon.com/images/I/618oj9Dew+S.jpg,648011,height,82Base: E2760 mm
95652,https://m.media-amazon.com/images/I/618oj9Dew+S.jpg,648011,depth,82Base: E2760 mm
95653,https://m.media-amazon.com/images/I/618osH6O29L.jpg,988675,height,Product size and weightLargest diameter IinMinimum diameter 0.8n2.36iniPnone 6Ficu WogkupWEIGHT 0.35LB ~
95654,https://m.media-amazon.com/images/I/618osH6O29L.jpg,988675,depth,Product size and weightLargest diameter IinMinimum diameter 0.8n2.36iniPnone 6Ficu WogkupWEIGHT 0.35LB ~
95655,https://m.media-amazon.com/images/I/618osH6O29L.jpg,988675,width,Product size and weightLargest diameter IinMinimum diameter 0.8n2.36iniPnone 6Ficu WogkupWEIGHT 0.35LB ~
95656,https://m.media-amazon.com/images/I/618osHOcakL.jpg,277856,width,"@s#Ne$%&235W ""ERTYUP3IX16VleV4 |y |KEHSiFHJ€blBAPX9EXCVBNM14 ;C | M | VTab6F87.09in/18cmG49"
95657,https://m.media-amazon.com/images/I/618osHOcakL.jpg,277856,depth,"@s#Ne$%&235W ""ERTYUP3IX16VleV4 |y |KEHSiFHJ€blBAPX9EXCVBNM14 ;C | M | VTab6F87.09in/18cmG49"
95658,https://m.media-amazon.com/images/I/618owVYXLTL.jpg,844474,depth,"7.9""{5.5""11.8"""
95659,https://m.media-amazon.com/images/I/618owVYXLTL.jpg,844474,height,"7.9""{5.5""11.8"""
95660,https://m.media-amazon.com/images/I/618p4RSo51L.jpg,362818,depth,8.5 in(21.5 cm)1/CuP6.5 in21CUPTBSP(16.5 cm)1/2CuP1/4CuPbeitgo Kids
95661,https://m.media-amazon.com/images/I/618p4RSo51L.jpg,362818,height,8.5 in(21.5 cm)1/CuP6.5 in21CUPTBSP(16.5 cm)1/2CuP1/4CuPbeitgo Kids
95662,https://m.media-amazon.com/images/I/618p5iZCjCL.jpg,842944,width,47mm55mm)IP69K52.8mmIR onZhanHongXiang'Rotation3609
95663,https://m.media-amazon.com/images/I/618pBMeg+4L.jpg,844474,height,"Size15 cm79 cm43,5 cm35,5 cm"
95664,https://m.media-amazon.com/images/I/618pHGvcxQL.jpg,311997,height,2440 cms40cms
95665,https://m.media-amazon.com/images/I/618pJiyL3KL.jpg,180410,width,113g21.5cm/8.46inJ1
95666,https://m.media-amazon.com/images/I/618pJiyL3KL.jpg,180410,height,113g21.5cm/8.46inJ1
95667,https://m.media-amazon.com/images/I/618pJiyL3KL.jpg,180410,depth,113g21.5cm/8.46inJ1
95668,https://m.media-amazon.com/images/I/618pLc7hvTL.jpg,351134,height,"157/8""6 3/8""9'617Vi""5/8137/16"""
95669,https://m.media-amazon.com/images/I/618pQMC9BWL.jpg,844474,depth,PRPRODUCT SIZEZEREFERENCE THING:1IPAD PRO 110PooJecBecaPoPoSchool story9@11.4inch/29cmGjMBAEI
95670,https://m.media-amazon.com/images/I/618pQMC9BWL.jpg,844474,height,PRPRODUCT SIZEZEREFERENCE THING:1IPAD PRO 110PooJecBecaPoPoSchool story9@11.4inch/29cmGjMBAEI
95671,https://m.media-amazon.com/images/I/618pRRbXhyL.jpg,978900,width,4{64.81NCH8.385INCH6INCH7.561INCH4INCH
95672,https://m.media-amazon.com/images/I/618pWfEWzwL.jpg,844474,width,High Quality Polyester FabricBreathable &to CleanWeight: 0.6KGMODE:43CMBEleIDEaReVF<38CM(Aut26CM30CMEasy111CM
95673,https://m.media-amazon.com/images/I/618pZ-8lfOS.jpg,944936,depth,"Large Size5.3*8""Our Cards5*7""Other Cards4*6""Regular Greeting Cards8yad=8336322=5353"
