index,image_link,group_id,entity_name,e
97874,https://m.media-amazon.com/images/I/61A8Mlo8IfL.jpg,991868,height,"'.:.1' 11 |Coc^a nthu |tTf:ViJitMf-'"".~`3J0 WAhIan 5F'rabk~u3~n:aShur un ad Dat ATferittons'jc !Eu~15TC85cmtfic:ttr IEuu:| 4 ]""E8FhfnouIEziou Wi- TlacrTectath <[3; .cattell cups~i1j|'IicictITIwlac duVeol TirsecckaTtett)mfti:ier4 '4f -4ndUnnctdtlie ""prII mratia|,[''~ 1Jtllzmainoquestioning',5,aFticw-rlc; Wfkcv'cedi""Ild ,W""nAmighrv ""pfcZf4 ,iec' H:n,Jfd]sthsatV,Tr, VJW;""Wfch,bold net[lc fncc[weTiali/5OcmSPIEGELGROBEl'oc"" 5TF""t57o27&:ST -4.ecrwdliti+nncijku:8{4 ,Atltti4'4tf 4"
97875,https://m.media-amazon.com/images/I/61A8Mlo8IfL.jpg,991868,depth,"'.:.1' 11 |Coc^a nthu |tTf:ViJitMf-'"".~`3J0 WAhIan 5F'rabk~u3~n:aShur un ad Dat ATferittons'jc !Eu~15TC85cmtfic:ttr IEuu:| 4 ]""E8FhfnouIEziou Wi- TlacrTectath <[3; .cattell cups~i1j|'IicictITIwlac duVeol TirsecckaTtett)mfti:ier4 '4f -4ndUnnctdtlie ""prII mratia|,[''~ 1Jtllzmainoquestioning',5,aFticw-rlc; Wfkcv'cedi""Ild ,W""nAmighrv ""pfcZf4 ,iec' H:n,Jfd]sthsatV,Tr, VJW;""Wfch,bold net[lc fncc[weTiali/5OcmSPIEGELGROBEl'oc"" 5TF""t57o27&:ST -4.ecrwdliti+nncijku:8{4 ,Atltti4'4tf 4"
97876,https://m.media-amazon.com/images/I/61A8Rt4IUTL.jpg,599317,height,92mm/3.6inch(eni75mm/ainch337mm/51.Sinch27mm/1Omm/1.Tinch0.4inch
97877,https://m.media-amazon.com/images/I/61A8WlVHiEL.jpg,479564,item_weight,HDWT:2OOg
97878,https://m.media-amazon.com/images/I/61A8X86Rb8L.jpg,849273,height,Size:20*10*7.5cmWeight:130g
97879,https://m.media-amazon.com/images/I/61A8mIIyPBL.jpg,416664,height,"4.3""48 LED BEADS15""4""SILICONE ANTI-SKID PAD"
97880,https://m.media-amazon.com/images/I/61A8mIIyPBL.jpg,416664,depth,"4.3""48 LED BEADS15""4""SILICONE ANTI-SKID PAD"
97881,https://m.media-amazon.com/images/I/61A8wwNNc1L.jpg,826444,depth,Dimension]4.7inch
97882,https://m.media-amazon.com/images/I/61A8wwNNc1L.jpg,826444,width,Dimension]4.7inch
97883,https://m.media-amazon.com/images/I/61A8wwNNc1L.jpg,826444,height,Dimension]4.7inch
97884,https://m.media-amazon.com/images/I/61A8y+7YL8L.jpg,507988,width,25.5cm19Ocm160cm
97885,https://m.media-amazon.com/images/I/61A93zrROcL.jpg,425150,depth,Load Bearing: 200kg / 440.9lb(approx:)24cm77cm88cmHeight After Folding: Approx: 81cm / 31.9inHeight After Open: Approx 77cm / 30.3inStool Surface Diameter: Approx 24cm / 9.4in
97886,https://m.media-amazon.com/images/I/61A93zrROcL.jpg,425150,width,Load Bearing: 200kg / 440.9lb(approx:)24cm77cm88cmHeight After Folding: Approx: 81cm / 31.9inHeight After Open: Approx 77cm / 30.3inStool Surface Diameter: Approx 24cm / 9.4in
97887,https://m.media-amazon.com/images/I/61A97c1SiOL.jpg,146860,height,Stylish minimalist designin5.2 in5.98 in7.68
97888,https://m.media-amazon.com/images/I/61A99hmBlDL.jpg,893692,height,PARAMETER45cm6INTD)YOHOIGIRLCRUSHT18cm32cm
97889,https://m.media-amazon.com/images/I/61A9HMdJX+L.jpg,558806,depth,111.9inch2.3inch
97890,https://m.media-amazon.com/images/I/61A9I-fTn1L.jpg,701880,maximum_weight_recommendation,Compatible DevicesMax: Load Capacity 3kg6.6 LbsVideo LightRing Light24ScrewMadeofstainlesssteelstrengthguaranteedPhone HolderProjectorCameraMini Softbox
97891,https://m.media-amazon.com/images/I/61A9I-fTn1L.jpg,701880,item_weight,Compatible DevicesMax: Load Capacity 3kg6.6 LbsVideo LightRing Light24ScrewMadeofstainlesssteelstrengthguaranteedPhone HolderProjectorCameraMini Softbox
97892,https://m.media-amazon.com/images/I/61A9JNnuG-L.jpg,296366,item_weight,"High Efficiency Mode5VI2.1A input: Charge 2 batteries at the sametime.Keep using:SONY01239hg2TthiouTod6 1DOEIFOUo848^{5""21I-Ou"
97893,https://m.media-amazon.com/images/I/61A9KXB+YDL.jpg,611510,height,032 cm65 cm3083cm
97894,https://m.media-amazon.com/images/I/61A9P6rMl5L.jpg,558806,depth,Different Sizes Cakes12cmUsing Effect:0HIRTY6 inchRIHeIRTY15.2cm8 inchLreIRTYNappy=Birtiback:10 inchKekk
97895,https://m.media-amazon.com/images/I/61A9P6rMl5L.jpg,558806,height,Different Sizes Cakes12cmUsing Effect:0HIRTY6 inchRIHeIRTY15.2cm8 inchLreIRTYNappy=Birtiback:10 inchKekk
97896,https://m.media-amazon.com/images/I/61A9Qx31qdL.jpg,944936,width,5 INCHESYou Re _NV_TED ToA[part)ForDAteTime1LOCATtonDRSVP
97897,https://m.media-amazon.com/images/I/61A9Qx31qdL.jpg,944936,height,5 INCHESYou Re _NV_TED ToA[part)ForDAteTime1LOCATtonDRSVP
97898,https://m.media-amazon.com/images/I/61A9Qx31qdL.jpg,944936,depth,5 INCHESYou Re _NV_TED ToA[part)ForDAteTime1LOCATtonDRSVP
97899,https://m.media-amazon.com/images/I/61A9XI3weqL.jpg,530318,item_weight,"kgkg82X19x61cmMax.35kg/78lbs12.5kg/28lbs32.3X7.5X24inch888ca122""cm1caca3""{8DCGGYHUi'114cm/44.9""72cm/28"
97900,https://m.media-amazon.com/images/I/61A9XI3weqL.jpg,530318,maximum_weight_recommendation,"kgkg82X19x61cmMax.35kg/78lbs12.5kg/28lbs32.3X7.5X24inch888ca122""cm1caca3""{8DCGGYHUi'114cm/44.9""72cm/28"
97901,https://m.media-amazon.com/images/I/61A9XUhPBnL.jpg,928606,height,Cuisinart10.20cloCr40.64cm24.13cm27.3cm
97902,https://m.media-amazon.com/images/I/61A9Z8GED8L.jpg,347320,width,"81Two pieces, vacuum packed19.68 in/50cm"
97903,https://m.media-amazon.com/images/I/61A9Z8GED8L.jpg,347320,depth,"81Two pieces, vacuum packed19.68 in/50cm"
97904,https://m.media-amazon.com/images/I/61A9Z8GED8L.jpg,347320,height,"81Two pieces, vacuum packed19.68 in/50cm"
97905,https://m.media-amazon.com/images/I/61A9ZHjE3eL.jpg,403664,depth,"22.8 cm9""CRYSTALLINEPbLEAD FREETRANSPARENCYDURABILITY87384RESISTANCETONE"
97906,https://m.media-amazon.com/images/I/61A9ZHjE3eL.jpg,403664,width,"22.8 cm9""CRYSTALLINEPbLEAD FREETRANSPARENCYDURABILITY87384RESISTANCETONE"
97907,https://m.media-amazon.com/images/I/61A9bYjx5UL.jpg,403664,width,3.5 in / 8.9cm2600ML5'85.3 in / 13.ScmSmall holeRectangularV-shaped spout designWidenedfiltrationpouring spoutdoes not splashhandle
97908,https://m.media-amazon.com/images/I/61A9fmI1P+L.jpg,271537,voltage,36V_210WaaanpSolar Pool PumpMax Pump rate: I20OLHMax Nead: TimOudet diameter: 0.75 inchPump Size: 3 inch OTDR
97909,https://m.media-amazon.com/images/I/61A9gqQt4BL.jpg,558806,depth,"6pcs star cake toppers (3pcs blue, 3pcs silver)-3.5cm -1+---1.9cm----F"
97910,https://m.media-amazon.com/images/I/61A9imM5cmL.jpg,142748,depth,118cm8105cm8THE LARGE SIZE &COMPACT DESIGNBig size provides full coverage for 2-3 peoples.
97911,https://m.media-amazon.com/images/I/61A9imM5cmL.jpg,142748,width,118cm8105cm8THE LARGE SIZE &COMPACT DESIGNBig size provides full coverage for 2-3 peoples.
97912,https://m.media-amazon.com/images/I/61A9lqYWUjL.jpg,970563,height,ActualIncrease1.3 inch/2.3inch0.27inch1.85 inch0.98inch2.550.98inchinch1.7 inch0.59inch2.71 inch
97913,https://m.media-amazon.com/images/I/61A9n0qI1BL.jpg,219211,item_weight,"5El,,] NCELECTRONICS. INC.#mABf# F##f75+IJRZA]ke2a2298*4F4SWITCHNNGPOWER sUPPLY#rea/snstrmetRT )IF#RV MITfwnMODEL(45/47TDPS-/200BRREVRIOOF8900#AUTORANGINGA/AA50/60Hz48AC INPUT(A/RA ) 1OOV-127v/13A((GseC€WEMU#f0AC INPUT(TA/RAZ00V-240VI8AR330307n/003coOUTPUT( #t#H) +12V/90A , +SVIAOA, +SVSBI3AH748#0#7*"" Mtrg De72 ILcET100w MAX/1OOv127VIG""sip Rev Dte Tops 120r3841200w MAX i2oov240vVftNameDELTA ELEC-RovicsPIN(Thaitand) PCL48Ro668-F0038-02IBM49(115)PN SN 31P1848YM11NHS2ICKXSInRGCCBT1507013725cUSE191396IBM FRU PNOORYOO3IBM ECH45578DATE CODE( 0MN4,1507MADE IN THAILAND IliG H : Ep/Niab:#4020.6107 Lilemnm: *(Y#AFail Z((XIm M FiErier"
97914,https://m.media-amazon.com/images/I/61A9n0qI1BL.jpg,219211,wattage,"5El,,] NCELECTRONICS. INC.#mABf# F##f75+IJRZA]ke2a2298*4F4SWITCHNNGPOWER sUPPLY#rea/snstrmetRT )IF#RV MITfwnMODEL(45/47TDPS-/200BRREVRIOOF8900#AUTORANGINGA/AA50/60Hz48AC INPUT(A/RA ) 1OOV-127v/13A((GseC€WEMU#f0AC INPUT(TA/RAZ00V-240VI8AR330307n/003coOUTPUT( #t#H) +12V/90A , +SVIAOA, +SVSBI3AH748#0#7*"" Mtrg De72 ILcET100w MAX/1OOv127VIG""sip Rev Dte Tops 120r3841200w MAX i2oov240vVftNameDELTA ELEC-RovicsPIN(Thaitand) PCL48Ro668-F0038-02IBM49(115)PN SN 31P1848YM11NHS2ICKXSInRGCCBT1507013725cUSE191396IBM FRU PNOORYOO3IBM ECH45578DATE CODE( 0MN4,1507MADE IN THAILAND IliG H : Ep/Niab:#4020.6107 Lilemnm: *(Y#AFail Z((XIm M FiErier"
97915,https://m.media-amazon.com/images/I/61A9onA+5BL.jpg,675317,width,Product size0.59inch2.16inchM12x1.250.83inch
97916,https://m.media-amazon.com/images/I/61A9xMNDSFL.jpg,916768,width,3.03in.77mm7.32 in.4.53in.186mm115mm
97917,https://m.media-amazon.com/images/I/61AA-hI5xmL.jpg,536334,height,28cm
97918,https://m.media-amazon.com/images/I/61AA-hI5xmL.jpg,536334,depth,28cm
97919,https://m.media-amazon.com/images/I/61AA-hI5xmL.jpg,536334,width,28cm
97920,https://m.media-amazon.com/images/I/61AA7SoJxDL.jpg,728511,height,1gTuek t2024 CALENDAR FOR TIRED-ASS WOMEN21cm/8.3in
97921,https://m.media-amazon.com/images/I/61AA7SoJxDL.jpg,728511,depth,1gTuek t2024 CALENDAR FOR TIRED-ASS WOMEN21cm/8.3in
97922,https://m.media-amazon.com/images/I/61AACZXhp-L.jpg,944936,depth,22S5(GfhankGladQyquClkuMeet USPSEnvelope Size RequirementsCan be Mailed Directly3.89Ihank GUgu Ihank Olygu;5.5249s77
97923,https://m.media-amazon.com/images/I/61AACZXhp-L.jpg,944936,width,22S5(GfhankGladQyquClkuMeet USPSEnvelope Size RequirementsCan be Mailed Directly3.89Ihank GUgu Ihank Olygu;5.5249s77
97924,https://m.media-amazon.com/images/I/61AALVBUCwL.jpg,549052,depth,6CMProductspecificationssize :6cmweight20g
97925,https://m.media-amazon.com/images/I/61AALVBUCwL.jpg,549052,height,6CMProductspecificationssize :6cmweight20g
97926,https://m.media-amazon.com/images/I/61AALVBUCwL.jpg,549052,width,6CMProductspecificationssize :6cmweight20g
97927,https://m.media-amazon.com/images/I/61AANCIdw9L.jpg,701880,maximum_weight_recommendation,"Lightweight and PortableMade of aluminumonly 28g. Easy to carry up.2802oalloy,SObONitze0706"
97928,https://m.media-amazon.com/images/I/61AANCIdw9L.jpg,701880,item_weight,"Lightweight and PortableMade of aluminumonly 28g. Easy to carry up.2802oalloy,SObONitze0706"
97929,https://m.media-amazon.com/images/I/61AAQ1QmCLL.jpg,208023,width,FRAMESIZESIzE84Ocm
97930,https://m.media-amazon.com/images/I/61AAQ1QmCLL.jpg,208023,depth,FRAMESIZESIzE84Ocm
97931,https://m.media-amazon.com/images/I/61AAQnBd4nL.jpg,594224,width,12.5cm/4.92 inch10.8cm/4.25 inch11cm9 .5cm14.33 inch13.74 inchHexagon display tray-BigHexagon display tray-Smallthickness: 2cm/ 0.79 inchthickness: 2cm/ 0.79 inchBigSmall
97932,https://m.media-amazon.com/images/I/61AAQnBd4nL.jpg,594224,height,12.5cm/4.92 inch10.8cm/4.25 inch11cm9 .5cm14.33 inch13.74 inchHexagon display tray-BigHexagon display tray-Smallthickness: 2cm/ 0.79 inchthickness: 2cm/ 0.79 inchBigSmall
97933,https://m.media-amazon.com/images/I/61AASdts17L.jpg,208023,width,"3pcs6.7 ininin4""x6""0.8 =7.71OXISCM"
97934,https://m.media-amazon.com/images/I/61AAUI62GyL.jpg,311997,height,"31.5""11.8""12.9""18.1""12.9""45.2""18.1""12.9""18.1"
97935,https://m.media-amazon.com/images/I/61AAVGClwiL.jpg,648011,depth,"ACCESSORIES10PCS4OPCS1OPCS4OPCS4OPCS9.8inches,1OPCS48inches,7PCS59inches,3Pcs3-prong Plug Power Cord(1.38"")1(1.30"")8FT(94"")"
97936,https://m.media-amazon.com/images/I/61AAVGClwiL.jpg,648011,height,"ACCESSORIES10PCS4OPCS1OPCS4OPCS4OPCS9.8inches,1OPCS48inches,7PCS59inches,3Pcs3-prong Plug Power Cord(1.38"")1(1.30"")8FT(94"")"
97937,https://m.media-amazon.com/images/I/61AAVGClwiL.jpg,648011,width,"ACCESSORIES10PCS4OPCS1OPCS4OPCS4OPCS9.8inches,1OPCS48inches,7PCS59inches,3Pcs3-prong Plug Power Cord(1.38"")1(1.30"")8FT(94"")"
97938,https://m.media-amazon.com/images/I/61AAX-c4QYL.jpg,311997,height,"109.8cm43.25""38cm / 15""34cm113.4""113.3cm44.6""34cm113,4""34cm32.Scm113,4""112.8""3lcm / 12.2""Blcm / 12.2""3cm12.2Net Weight : 55 ( Ib )"
97939,https://m.media-amazon.com/images/I/61AAYi9yYBS.jpg,434825,depth,"13.5cm18.5 cm""el17. cm123.5 cm"
97940,https://m.media-amazon.com/images/I/61AAcU0iRuL.jpg,276611,width,"41.1""14.3""6.4""3.9""14.3""19.8'12.9""15.7""63""30.3""34.3"""
97941,https://m.media-amazon.com/images/I/61AAdX3z3ZL.jpg,119607,depth,9. 5in15.7in1.Sm longUSB power cord16 kinds of light colors151
97942,https://m.media-amazon.com/images/I/61AAdX3z3ZL.jpg,119607,width,9. 5in15.7in1.Sm longUSB power cord16 kinds of light colors151
97943,https://m.media-amazon.com/images/I/61AAfAAdZLL.jpg,849273,height,12 centimeterPREMIUM MATERIAL*3D EMBOSSED PRINTSTURDyAND SPACIUS1CUTE THEME&VIBRANT COLOR(uigo2n5
97944,https://m.media-amazon.com/images/I/61AAfAAdZLL.jpg,849273,depth,12 centimeterPREMIUM MATERIAL*3D EMBOSSED PRINTSTURDyAND SPACIUS1CUTE THEME&VIBRANT COLOR(uigo2n5
97945,https://m.media-amazon.com/images/I/61AAfAAdZLL.jpg,849273,width,12 centimeterPREMIUM MATERIAL*3D EMBOSSED PRINTSTURDyAND SPACIUS1CUTE THEME&VIBRANT COLOR(uigo2n5
97946,https://m.media-amazon.com/images/I/61AAfL7dRYL.jpg,752266,depth,"Product Size7.08""9.05""60wEasy to installE26 socket11OVACmax wattage"
97947,https://m.media-amazon.com/images/I/61AAfL7dRYL.jpg,752266,width,"Product Size7.08""9.05""60wEasy to installE26 socket11OVACmax wattage"
97948,https://m.media-amazon.com/images/I/61AAgCtJjVL.jpg,452717,width,30 CM23 CMMEHUL43 CM
97949,https://m.media-amazon.com/images/I/61AAgCtJjVL.jpg,452717,height,30 CM23 CMMEHUL43 CM
97950,https://m.media-amazon.com/images/I/61AAh2njmpL.jpg,178778,height,5.1INCH Maw}3 INCH7.3INCH8Raey
97951,https://m.media-amazon.com/images/I/61AAoC35XgL.jpg,208023,depth,25.6CM1
97952,https://m.media-amazon.com/images/I/61AAoC35XgL.jpg,208023,width,25.6CM1
97953,https://m.media-amazon.com/images/I/61AAoC35XgL.jpg,208023,height,25.6CM1
97954,https://m.media-amazon.com/images/I/61AArWfXOZL.jpg,141308,height,Jshimanoxz16cm/6.30in17cm/6.69in
97955,https://m.media-amazon.com/images/I/61AAtyW2KDL.jpg,695925,depth,"Straw lid for Hydro Flask Wide Mouth Water BottleFLORAPELLSTRAW LIDHydro Flask 18021202 1602 20ozHydro Flask Coffee2.16 InchesWIDE MOUTHHydro Flask 3202Hydro Flask 400zCompatible with:Hydro Flask WIDE MOUTH water bottle 12 Oz 16 Oz 18 Oz 20 0z 32 Oz 40 0zNot for Other Brand: Not for other size. Not for Standard Mouth Bottle Type_Compatible:Incompatible:Lid for Hydro Flask Wide Mouth ONLYTAL2Straw lid only be compatible with CORRECT2, HYDRAPEAKbottle brand ONLY3 ,Hydro Flask Growler (32 oz64 0z)3Straw lid fits Hydro Flask Wide Mouth Water4 , Other Brand (Never use)Bottle (Outer Mouth Diameter 2.16 inches)5 ,FlaskGrowlerTumblerStandard MouthAny"
97956,https://m.media-amazon.com/images/I/61AAtyW2KDL.jpg,695925,height,"Straw lid for Hydro Flask Wide Mouth Water BottleFLORAPELLSTRAW LIDHydro Flask 18021202 1602 20ozHydro Flask Coffee2.16 InchesWIDE MOUTHHydro Flask 3202Hydro Flask 400zCompatible with:Hydro Flask WIDE MOUTH water bottle 12 Oz 16 Oz 18 Oz 20 0z 32 Oz 40 0zNot for Other Brand: Not for other size. Not for Standard Mouth Bottle Type_Compatible:Incompatible:Lid for Hydro Flask Wide Mouth ONLYTAL2Straw lid only be compatible with CORRECT2, HYDRAPEAKbottle brand ONLY3 ,Hydro Flask Growler (32 oz64 0z)3Straw lid fits Hydro Flask Wide Mouth Water4 , Other Brand (Never use)Bottle (Outer Mouth Diameter 2.16 inches)5 ,FlaskGrowlerTumblerStandard MouthAny"
97957,https://m.media-amazon.com/images/I/61AAtyW2KDL.jpg,695925,width,"Straw lid for Hydro Flask Wide Mouth Water BottleFLORAPELLSTRAW LIDHydro Flask 18021202 1602 20ozHydro Flask Coffee2.16 InchesWIDE MOUTHHydro Flask 3202Hydro Flask 400zCompatible with:Hydro Flask WIDE MOUTH water bottle 12 Oz 16 Oz 18 Oz 20 0z 32 Oz 40 0zNot for Other Brand: Not for other size. Not for Standard Mouth Bottle Type_Compatible:Incompatible:Lid for Hydro Flask Wide Mouth ONLYTAL2Straw lid only be compatible with CORRECT2, HYDRAPEAKbottle brand ONLY3 ,Hydro Flask Growler (32 oz64 0z)3Straw lid fits Hydro Flask Wide Mouth Water4 , Other Brand (Never use)Bottle (Outer Mouth Diameter 2.16 inches)5 ,FlaskGrowlerTumblerStandard MouthAny"
97958,https://m.media-amazon.com/images/I/61AAwtbTx+L.jpg,982714,height,Suitable for all kinds of ratmouse5miceEeoikeb5Rennua924 cm10 cmO(u
97959,https://m.media-amazon.com/images/I/61AAwyDHOFL.jpg,245959,height,4Ocm%oencf15.7IN55cm20cm21.6IN7.8INStrong cavuyng capacity
97960,https://m.media-amazon.com/images/I/61AAxMLKI0L.jpg,986932,depth,10.5cm/4.13in5899
97961,https://m.media-amazon.com/images/I/61AAxMLKI0L.jpg,986932,height,10.5cm/4.13in5899
97962,https://m.media-amazon.com/images/I/61AAyZnE6KL.jpg,939129,depth,47cm91cm
97963,https://m.media-amazon.com/images/I/61AAyZnE6KL.jpg,939129,height,47cm91cm
97964,https://m.media-amazon.com/images/I/61AB1fGAwqL.jpg,966823,height,13 inch(33cm)15 inch13 inch(38cm)(33cm)
97965,https://m.media-amazon.com/images/I/61ABAl+pA-L.jpg,860821,width,Gerauscharmer Betrieb Erweiterte AbdichtungMit RuckstauklappeABS-material1OOMMII SOMM
97966,https://m.media-amazon.com/images/I/61ABAl+pA-L.jpg,860821,depth,Gerauscharmer Betrieb Erweiterte AbdichtungMit RuckstauklappeABS-material1OOMMII SOMM
97967,https://m.media-amazon.com/images/I/61ABCCxEG-L.jpg,661582,width,"033A5+[zRtWZtet :217mm40M (Et4.Omm)2X210J2""Campus1 4mm~_162mmEw|Z :A (A5 . Nw 6X B#)x1o w, FFitXASt{Zlt2070Jb-XU_7ixmlTa d,"
97968,https://m.media-amazon.com/images/I/61ABGVIqHjL.jpg,477578,width,0.55in1.65in(1.4cm)(4.2cm)F2.6inGANK(6.6cm)
97969,https://m.media-amazon.com/images/I/61ABI4yTfvL.jpg,355666,item_weight,COMPACT SIZEWNLIGHT WEIGHT8.83 Oz0.55 Ib3. 3in/84mm1in/104mm1. 2in/30mmIN1181{1in/25. 4mm1
97970,https://m.media-amazon.com/images/I/61ABVAFULbL.jpg,142748,height,Product Dimensions92cmS2cm17cmD6cm
97971,https://m.media-amazon.com/images/I/61ABVAFULbL.jpg,142748,depth,Product Dimensions92cmS2cm17cmD6cm
97972,https://m.media-amazon.com/images/I/61ABgkJDoGL.jpg,701880,item_weight,"Rich ExpansionIn addition, the counterweight included is alsoequipped with 1/4-inch threaded holesthat can be stacked to expand larger weights:100g"
97973,https://m.media-amazon.com/images/I/61ABgkJDoGL.jpg,701880,maximum_weight_recommendation,"Rich ExpansionIn addition, the counterweight included is alsoequipped with 1/4-inch threaded holesthat can be stacked to expand larger weights:100g"
97974,https://m.media-amazon.com/images/I/61ABkTXWlLL.jpg,589105,height,"PROTECT YOUR CLOTHESfor linge-rie, panties, socks, scarf, t-shirt, shorts, etc.40 cm30 cm"
97975,https://m.media-amazon.com/images/I/61ABkTXWlLL.jpg,589105,depth,"PROTECT YOUR CLOTHESfor linge-rie, panties, socks, scarf, t-shirt, shorts, etc.40 cm30 cm"
97976,https://m.media-amazon.com/images/I/61ABm9FneGL.jpg,396159,depth,FtkitySizeMeasurementFyil5.9ft175cm43.3in110cmFLMLY35.5in9ocmSIZE:LARGE
97977,https://m.media-amazon.com/images/I/61ABm9FneGL.jpg,396159,width,FtkitySizeMeasurementFyil5.9ft175cm43.3in110cmFLMLY35.5in9ocmSIZE:LARGE
97978,https://m.media-amazon.com/images/I/61ABpWMVmGL.jpg,849273,width,"11.8""Internal Partition8.5 GallonCan hold up to 6 boxes of 10"" pizza boxInternal FramePizza Box10""x10""1Bottom Plate16.5""11.4""16.5"""
97979,https://m.media-amazon.com/images/I/61ABu9uDeLL.jpg,708102,height,PRODUCT SIZEPliableRubber magnet6cm6cm30 pack512cm
97980,https://m.media-amazon.com/images/I/61ABvILXRDL.jpg,656960,depth,6cm/2.36inch15.5cm/6.10inch
97981,https://m.media-amazon.com/images/I/61ABvILXRDL.jpg,656960,width,6cm/2.36inch15.5cm/6.10inch
97982,https://m.media-amazon.com/images/I/61AC0ClIRhL.jpg,866516,height,1Ocm
97983,https://m.media-amazon.com/images/I/61AC0ClIRhL.jpg,866516,depth,1Ocm
97984,https://m.media-amazon.com/images/I/61AC0ClIRhL.jpg,866516,width,1Ocm
97985,https://m.media-amazon.com/images/I/61AC0RNS2pL.jpg,784538,depth,63 cm88860 cmFrame: 63x63 cmPoster: 60x60 cm
97986,https://m.media-amazon.com/images/I/61AC0pKpQ+L.jpg,149708,width,"Swivel hook for easy hanging18""Eyelet at bottom for optional12""tail. Sold separately"
97987,https://m.media-amazon.com/images/I/61AC0pKpQ+L.jpg,149708,depth,"Swivel hook for easy hanging18""Eyelet at bottom for optional12""tail. Sold separately"
97988,https://m.media-amazon.com/images/I/61AC1U02f0L.jpg,178958,height,34cm8Ocm31cm11.5cm41.5cm42.5cm39.5cm180cm39.5cm39.5cm45.5cm30cm
97989,https://m.media-amazon.com/images/I/61AC5mqk42L.jpg,752266,depth,Empfehlung fur LeuchtmittelFassung: E27Max. Lampendurchmesser: 8OMMMax Lampenleistung: 4OW
97990,https://m.media-amazon.com/images/I/61AC5mqk42L.jpg,752266,height,Empfehlung fur LeuchtmittelFassung: E27Max. Lampendurchmesser: 8OMMMax Lampenleistung: 4OW
97991,https://m.media-amazon.com/images/I/61AC8GmD+mL.jpg,648011,height,"Technieche DaenElektrische DatenNennleistimgZDemessunoileiscundZNennsdannlnjJA0VLei gtungsaufnahma der herkommL113WLamdeNetzleitungafaktor /HennstromRettlehsfreouanz6FFnototetrischeDatenNennlichisttom1600 ImRemessino-ichiettori1603 IFardtempertur6302LichtarbeLichtfarbe gemat12464--DaylighiFamwederoabeingexLichutomemna i &M1HennlebanedauerendeFarbwiedergabestufeLichttechnigche VarenAufwarmzeit (60Z0l _50 72inAbtessungenGewicntKaxmalerDurchmesierJesamtlande19mthroduaTevichCTTemneramuirenUmgebung temeraturbereichLedensdaverNennlebendauer{oodBemessunc lampenledergdauer600dAnzantSchalz <en{oodZuatzliche ProdultdatenSorkel (Hormbezekhninguecksilberoehalt der LampeL-MoFachgerecht zv entsorgen nach WEEEcinsatzmoalichkeDinTharZentifikateStanoaro}Enerieeheienzkiass_Eneriev'erbralimkWviocohReinigungsanleitung bei ZerbrechenWNas ist ZU EUn, Yrenn e n? quecks lzerna.igeLt j zerdrcr?"
97992,https://m.media-amazon.com/images/I/61ACJK6ZklL.jpg,142748,height,UB4448 in:121.9 cm34 in:86.4 cmDIMENSIONS CLOSED:34 * 22 X 1.5in86.4 X 5.6 X 3.8 cm
97993,https://m.media-amazon.com/images/I/61ACK6Fv3pL.jpg,276611,width,105 cm92 cm35 cm
97994,https://m.media-amazon.com/images/I/61ACLqCvwML.jpg,611510,height,"43""19""__=18"""
97995,https://m.media-amazon.com/images/I/61ACM0JUBrL.jpg,823083,width,2cm0.78inch6cm2.36inch9.5cm3.74inch
97996,https://m.media-amazon.com/images/I/61ACME4k2AL.jpg,469317,width,"3 HOOKUPSTORAGE SPACE SAVING35.96""ERGONOMIC HANDLEEASY TO MOVE4CASTERS8.66""15.75""FOR SMOOTH MOVEMENT"
97997,https://m.media-amazon.com/images/I/61ACME4k2AL.jpg,469317,height,"3 HOOKUPSTORAGE SPACE SAVING35.96""ERGONOMIC HANDLEEASY TO MOVE4CASTERS8.66""15.75""FOR SMOOTH MOVEMENT"
97998,https://m.media-amazon.com/images/I/61ACPW0eM6S.jpg,521308,width,"76""82""36""28""550 0 00 0 05""00400 0.00900000000 0 0"
97999,https://m.media-amazon.com/images/I/61ACPW0eM6S.jpg,521308,height,"76""82""36""28""550 0 00 0 05""00400 0.00900000000 0 0"
98000,https://m.media-amazon.com/images/I/61ACUXd0PgL.jpg,752266,depth,"RRCHEERVDEEJEC 37Yzw)2x1 Omm?AVnCnTet""a1110Omm11881CccNewznadoJoVEsu0i046-60023oKEMAFKFUR6024340acCCCEuieSmmVsoov300229CaE."
98001,https://m.media-amazon.com/images/I/61ACVwcaIjL.jpg,931856,depth,"153.Scm/1,4in"
98002,https://m.media-amazon.com/images/I/61ACVwcaIjL.jpg,931856,height,"153.Scm/1,4in"
98003,https://m.media-amazon.com/images/I/61ACZUP4LML.jpg,752266,width,5 inch8.3 inch8.7 inch
98004,https://m.media-amazon.com/images/I/61ACbYGKhOL.jpg,347320,height,"Specifications:1yard (Qty-1)=1OOcm381.38m wide. Fabric is sold by the yard and cut to order.For example; order of 1(Qty-1) is 1.38m x lm. OrderSold by the Metref 3 yards (Qty-3) is 1.38m X 3m.Note:AIl of our rolls are hand cut and will vary slightlyin size, please notice before you make order.yard"
98005,https://m.media-amazon.com/images/I/61ACbYGKhOL.jpg,347320,depth,"Specifications:1yard (Qty-1)=1OOcm381.38m wide. Fabric is sold by the yard and cut to order.For example; order of 1(Qty-1) is 1.38m x lm. OrderSold by the Metref 3 yards (Qty-3) is 1.38m X 3m.Note:AIl of our rolls are hand cut and will vary slightlyin size, please notice before you make order.yard"
98006,https://m.media-amazon.com/images/I/61ACfpRDKkL.jpg,311997,height,536506Ocm15cm
98007,https://m.media-amazon.com/images/I/61ACgCbjsCL.jpg,434825,width,SIZEBackFrontFold63.23in
98008,https://m.media-amazon.com/images/I/61ACgCbjsCL.jpg,434825,depth,SIZEBackFrontFold63.23in
98009,https://m.media-amazon.com/images/I/61ACjLYVHZL.jpg,178958,width,"42.5""47.6""71.3""18.1""14.7""11""50.4"""
98010,https://m.media-amazon.com/images/I/61ACjLYVHZL.jpg,178958,height,"42.5""47.6""71.3""18.1""14.7""11""50.4"""
98011,https://m.media-amazon.com/images/I/61ACjWOxeBL.jpg,844474,depth,65612 inin
98012,https://m.media-amazon.com/images/I/61ACjeRppwL.jpg,752266,width,3.5 inch12 inchAcrylicLampshadeNickel-PlatedHardware Frame
98013,https://m.media-amazon.com/images/I/61ACjeRppwL.jpg,752266,depth,3.5 inch12 inchAcrylicLampshadeNickel-PlatedHardware Frame
98014,https://m.media-amazon.com/images/I/61ACrgRSIkL.jpg,944936,width,5 5/8 inches2(2 Flankkaks2NlwgktrfyuyYiendg
98015,https://m.media-amazon.com/images/I/61ACrgRSIkL.jpg,944936,height,5 5/8 inches2(2 Flankkaks2NlwgktrfyuyYiendg
98016,https://m.media-amazon.com/images/I/61ACrgRSIkL.jpg,944936,depth,5 5/8 inches2(2 Flankkaks2NlwgktrfyuyYiendg
98017,https://m.media-amazon.com/images/I/61ACvuEhsHL.jpg,347404,height,POT SIZE62cm/24.4in46cm/18.linFixed Plant Basket25.Scm/1in16cm/6.2in17-Seeee>12cm/4.7in
98018,https://m.media-amazon.com/images/I/61ACvuEhsHL.jpg,347404,width,POT SIZE62cm/24.4in46cm/18.linFixed Plant Basket25.Scm/1in16cm/6.2in17-Seeee>12cm/4.7in
98019,https://m.media-amazon.com/images/I/61AD1qWptnL.jpg,640408,depth,ON-THE-GOLebensgefahrte . Compagnon de vieCompanero de vidaCompagno di vitaLivspartnerLevensgezelZycie towarzysz1OOOml/32 0z11.2 in285mm31in8Omm
98020,https://m.media-amazon.com/images/I/61AD1qWptnL.jpg,640408,height,ON-THE-GOLebensgefahrte . Compagnon de vieCompanero de vidaCompagno di vitaLivspartnerLevensgezelZycie towarzysz1OOOml/32 0z11.2 in285mm31in8Omm
98021,https://m.media-amazon.com/images/I/61AD1qWptnL.jpg,640408,width,ON-THE-GOLebensgefahrte . Compagnon de vieCompanero de vidaCompagno di vitaLivspartnerLevensgezelZycie towarzysz1OOOml/32 0z11.2 in285mm31in8Omm
98022,https://m.media-amazon.com/images/I/61AD3PDJs9L.jpg,550840,height,"Size Chart(as per strap width and display size)Min Wrist Size: 2.2""Max Wrist Size: 3.5""Strap Width22mm1010[ Tnursday 231045.Imm10Thursday 2337.9mm"
98023,https://m.media-amazon.com/images/I/61AD6SIRV9L.jpg,594224,width,"8.3in/21cm5,3in/13 SemPerimeter7.2in/18.2cm73in/18.5cmIPerimeter6.5in/16.5cm7.1in/18cm2.7in/6.8cm1.2in/3cm"
98024,https://m.media-amazon.com/images/I/61AD6VTSjDL.jpg,594224,depth,18 cm36 cm
98025,https://m.media-amazon.com/images/I/61AD6VTSjDL.jpg,594224,width,18 cm36 cm
98026,https://m.media-amazon.com/images/I/61AD6vKAYwL.jpg,866516,depth,12 inch7.5 inch7.1 inch
98027,https://m.media-amazon.com/images/I/61AD6vKAYwL.jpg,866516,height,12 inch7.5 inch7.1 inch
98028,https://m.media-amazon.com/images/I/61AD9JguhTL.jpg,107694,height,"(f""l:'(!""Qu19cm/7.28in19cm/7.28in(!""ku:19cm/7.28inSwDISGsWIMpiScVScSwm"
98029,https://m.media-amazon.com/images/I/61AD9JguhTL.jpg,107694,depth,"(f""l:'(!""Qu19cm/7.28in19cm/7.28in(!""ku:19cm/7.28inSwDISGsWIMpiScVScSwm"
98030,https://m.media-amazon.com/images/I/61ADAR9vcLL.jpg,752266,width,PRODUCT PARAMETER DISPLAYData Presentation16CM/6.3IN12CM/4.7IN6CM/2.4IN105CM/41.3INMATERIALLIGHT SOURCEAPPLICABLE AREAHardwaretAcrylicLED Beads15-18m2
98031,https://m.media-amazon.com/images/I/61ADDE-utkL.jpg,752266,height,"Eddic12inCornidn55 counangLighiAlenNlotUanu5TNotpaacoctIworiIlin19inProduct InformationSize: 19""Fan Speed: 6 SpeedVoltage: (AC)IIOvColor Temperature: 3000-6000KSwitch Methods: Remote Control+APPMaterial: AcrylictIron"
98032,https://m.media-amazon.com/images/I/61ADEivj3eL.jpg,866516,height,9cml3.54in47cml18.5in32cml12.6in
98033,https://m.media-amazon.com/images/I/61ADK52TOpL.jpg,284992,height,3313cm34cm9TAGI
98034,https://m.media-amazon.com/images/I/61ADLD58jdL.jpg,524117,height,9.5cm/3.7inFit shoe sizes up to 7 (US Women)4.5 (UK Women)Perfect storage for babies'kids' shoes and smaller shoesPlease make sure the sizes serve your purse18cm/7.1in28cm/1Tin
98035,https://m.media-amazon.com/images/I/61ADM-wR0XL.jpg,145452,height,Dimensions:MILTONHeight: 29.3 CMWidth: 9.8 CMLength: 9.8 CM
98036,https://m.media-amazon.com/images/I/61ADO0KkQ-L.jpg,844474,width,4Ocm13cm3Ocm
98037,https://m.media-amazon.com/images/I/61ADQ1Z1QeL.jpg,208023,depth,6 inch8 inch
98038,https://m.media-amazon.com/images/I/61ADQ1Z1QeL.jpg,208023,width,6 inch8 inch
98039,https://m.media-amazon.com/images/I/61ADWcGVxCL.jpg,653767,width,17.7 in45 cm81
98040,https://m.media-amazon.com/images/I/61ADWcGVxCL.jpg,653767,depth,17.7 in45 cm81
98041,https://m.media-amazon.com/images/I/61ADpl8YB2L.jpg,931247,height,OoodooodHappBir hdTABLECOVERNAPPE54 IN. X 84 IN.1.37Mx2.13M
98042,https://m.media-amazon.com/images/I/61ADpl8YB2L.jpg,931247,depth,OoodooodHappBir hdTABLECOVERNAPPE54 IN. X 84 IN.1.37Mx2.13M
98043,https://m.media-amazon.com/images/I/61ADpl8YB2L.jpg,931247,width,OoodooodHappBir hdTABLECOVERNAPPE54 IN. X 84 IN.1.37Mx2.13M
98044,https://m.media-amazon.com/images/I/61ADxvmNJML.jpg,838598,width,8[285.3cm2.09inch
98045,https://m.media-amazon.com/images/I/61ADz7ynq9L.jpg,860821,depth,Product Size16.0cm/6.3 inchAdisableRainge;111.9cm/4.7 inch
98046,https://m.media-amazon.com/images/I/61AE7hA2qbL.jpg,276700,depth,"C1OFCGS5-21/32uWIDE3-1/2uVERTICAL4-15/16""CROWN MOLDING NESTEDmelabotpt0"
98047,https://m.media-amazon.com/images/I/61AE7hA2qbL.jpg,276700,width,"C1OFCGS5-21/32uWIDE3-1/2uVERTICAL4-15/16""CROWN MOLDING NESTEDmelabotpt0"
98048,https://m.media-amazon.com/images/I/61AEAhdYFPL.jpg,357074,height,5557A50104515Jex3402035253098mm/3.85in04in87mm/3.2
98049,https://m.media-amazon.com/images/I/61AEAhdYFPL.jpg,357074,depth,5557A50104515Jex3402035253098mm/3.85in04in87mm/3.2
98050,https://m.media-amazon.com/images/I/61AEB9vMcFL.jpg,701880,item_weight,"Package IncludesRosette handle for ARRI x 2171mm37mm46mmProduct ParameterBrandProduct DimensionsCompatibilitySmallRig171 * 46 * 37mmRossete Accessories for ARRIIDNet WeightMaterial2784390 +Aluminum Alloy,Rubber; Stainless Steel005g"
98051,https://m.media-amazon.com/images/I/61AEB9vMcFL.jpg,701880,maximum_weight_recommendation,"Package IncludesRosette handle for ARRI x 2171mm37mm46mmProduct ParameterBrandProduct DimensionsCompatibilitySmallRig171 * 46 * 37mmRossete Accessories for ARRIIDNet WeightMaterial2784390 +Aluminum Alloy,Rubber; Stainless Steel005g"
98052,https://m.media-amazon.com/images/I/61AEFUt6bCL.jpg,943839,height,"0T2353BiMDITLMETAL1,8mm_203mm1wigESEz1Ox5"
98053,https://m.media-amazon.com/images/I/61AEFUt6bCL.jpg,943839,depth,"0T2353BiMDITLMETAL1,8mm_203mm1wigESEz1Ox5"
98054,https://m.media-amazon.com/images/I/61AEFUt6bCL.jpg,943839,width,"0T2353BiMDITLMETAL1,8mm_203mm1wigESEz1Ox5"
98055,https://m.media-amazon.com/images/I/61AEFlNIWAL.jpg,846116,height,PRODUCTPARAMETERWeight: 48.5gMaterial: Aluminum alloyOperating voltage: 12vWorking current: O.IAService Iife: IOw (hours)Model: General Motors4.72inch0.59inch
98056,https://m.media-amazon.com/images/I/61AEFlNIWAL.jpg,846116,depth,PRODUCTPARAMETERWeight: 48.5gMaterial: Aluminum alloyOperating voltage: 12vWorking current: O.IAService Iife: IOw (hours)Model: General Motors4.72inch0.59inch
98057,https://m.media-amazon.com/images/I/61AEIsHw9ML.jpg,853009,height,35 cm55 cm34 cm
98058,https://m.media-amazon.com/images/I/61AEMnwyFqL.jpg,801829,height,"141 cm( 55.5""100965181753]cmk 2808849 cm( 19.3""I9336.6""70 cm( 27.6"" )'-1359~m(25.63cm(."
98059,https://m.media-amazon.com/images/I/61AEQZgSsmS.jpg,347404,height,21 cm18 cm15 cm
98060,https://m.media-amazon.com/images/I/61AET1CRvdL.jpg,986932,depth,8cm3PORTABLE KEYCHAIN2WHEYeaeIS7CARRY YOUR1OonWHEY3Bpafree. LEAK PRoOF . Upto 30g protenScm
98061,https://m.media-amazon.com/images/I/61AET1CRvdL.jpg,986932,height,8cm3PORTABLE KEYCHAIN2WHEYeaeIS7CARRY YOUR1OonWHEY3Bpafree. LEAK PRoOF . Upto 30g protenScm
98062,https://m.media-amazon.com/images/I/61AEo6Zpb3L.jpg,208023,width,Germany since 1907MO DE RNA RTPoRT RA IT RAHMENPoRTRAITFRAMEMETALLMETALBI LDFO RMATP I CT URESIZE10x10CM4x4INCHE Sgoldbuch
98063,https://m.media-amazon.com/images/I/61AEo6Zpb3L.jpg,208023,depth,Germany since 1907MO DE RNA RTPoRT RA IT RAHMENPoRTRAITFRAMEMETALLMETALBI LDFO RMATP I CT URESIZE10x10CM4x4INCHE Sgoldbuch
98064,https://m.media-amazon.com/images/I/61AEzlHPiKL.jpg,916768,depth,i6cmJo - ORUN2icm4.Scm
98065,https://m.media-amazon.com/images/I/61AEzlHPiKL.jpg,916768,height,i6cmJo - ORUN2icm4.Scm
98066,https://m.media-amazon.com/images/I/61AF-2Ua4aL.jpg,119607,depth,"1F11.6""Power  AdapterScrewsInstructionHanging Chain"
98067,https://m.media-amazon.com/images/I/61AF-2Ua4aL.jpg,119607,width,"1F11.6""Power  AdapterScrewsInstructionHanging Chain"
98068,https://m.media-amazon.com/images/I/61AF1u+QJjL.jpg,237000,height,BOSIEBOSMERBPROTECTOR6000ROTARY LINE COVERYEARGUARANTEE5tCMTHUNDER GREYIScMWsuuseoDaseladrKoiciorJoeCeMonguamDorunadaDralrWfEcLaNWaereeptuevteatiFenn(etan
98069,https://m.media-amazon.com/images/I/61AF1u+QJjL.jpg,237000,depth,BOSIEBOSMERBPROTECTOR6000ROTARY LINE COVERYEARGUARANTEE5tCMTHUNDER GREYIScMWsuuseoDaseladrKoiciorJoeCeMonguamDorunadaDralrWfEcLaNWaereeptuevteatiFenn(etan
98070,https://m.media-amazon.com/images/I/61AF3QoMwpL.jpg,784538,width,"16""24"""
98071,https://m.media-amazon.com/images/I/61AF3QoMwpL.jpg,784538,depth,"16""24"""
98072,https://m.media-amazon.com/images/I/61AF5waGE+L.jpg,347404,height,5.98 inch8.66 inch2.81 inch
98073,https://m.media-amazon.com/images/I/61AF5waGE+L.jpg,347404,depth,5.98 inch8.66 inch2.81 inch
