index,image_link,group_id,entity_name,e
97674,https://m.media-amazon.com/images/I/61A0osHPz8L.jpg,150535,depth,"OrganzaSet of 24Ribbon3D Spout andHandleaRe-3.5""Gold FoilsakskkasksSaskaskAccents3.9"""
97675,https://m.media-amazon.com/images/I/61A0pN6sKnL.jpg,751532,width,"36.1""88.3""63.6"""
97676,https://m.media-amazon.com/images/I/61A0pN6sKnL.jpg,751532,height,"36.1""88.3""63.6"""
97677,https://m.media-amazon.com/images/I/61A0qFws1fL.jpg,932289,width,"FITS UP TO 24""L X24""W X 30""HPlease Measure Air Conditioner Cover Before Purchasing24""30""24"""
97678,https://m.media-amazon.com/images/I/61A0u6tKrwL.jpg,916768,depth,Suitable for All Kinds of Food1[1'>236inch'inch
97679,https://m.media-amazon.com/images/I/61A0u6tKrwL.jpg,916768,height,Suitable for All Kinds of Food1[1'>236inch'inch
97680,https://m.media-amazon.com/images/I/61A0wbQ7w7L.jpg,524117,height,"MAX CAPACITY EACH BOX:19 GALLONS3.85""15.74""25.19""14.5""125.19"""
97681,https://m.media-amazon.com/images/I/61A0xPOsLeL.jpg,599772,width,"14.1in3.9in2.3inl4,9in15.5in35.4in2.7in5.5in16.3.1in15.5inSin_"
97682,https://m.media-amazon.com/images/I/61A0xPOsLeL.jpg,599772,height,"14.1in3.9in2.3inl4,9in15.5in35.4in2.7in5.5in16.3.1in15.5inSin_"
97683,https://m.media-amazon.com/images/I/61A0zVm+1UL.jpg,849273,height,8 cmk----->115 cm53JK------710 cmDimensionsDrynk GoBagHeight23.5 cmUpper Width8 cmLower Width10 cmShoulder Strap Length115 cmProduct Weight97 gms
97684,https://m.media-amazon.com/images/I/61A1+sMWQYL.jpg,648011,depth,"0.71""/ 18 MM0.5""/14 MM2.17"" /5w1.69""/55 MM43 MM695w 3o00k AC 110-|30vDlmmanic6ow5W KLG G9 LED60W G9 HalogenPlease check the size before purchase toensure fit for your fixture"
97685,https://m.media-amazon.com/images/I/61A1JZr94tL.jpg,849273,width,"""ligjic606.5WE50. KGLARGECAPACITem8.5 .cm"
97686,https://m.media-amazon.com/images/I/61A1JZr94tL.jpg,849273,depth,"""ligjic606.5WE50. KGLARGECAPACITem8.5 .cm"
97687,https://m.media-amazon.com/images/I/61A1MLvvgwL.jpg,442321,width,3160cm70cm160cm83370cm160cm
97688,https://m.media-amazon.com/images/I/61A1MguPBvL.jpg,810266,depth,Eei7Acm16.8cm1]200ml#ugruhnnng)TgoUEENXbEDRACING SPoRtS NETIORK
97689,https://m.media-amazon.com/images/I/61A1MguPBvL.jpg,810266,height,Eei7Acm16.8cm1]200ml#ugruhnnng)TgoUEENXbEDRACING SPoRtS NETIORK
97690,https://m.media-amazon.com/images/I/61A1NTXRFLL.jpg,752266,depth,"Ultra thin LED celing light390mm(15.3in)311Turn onloff305""30s delay switchIncrease brightnessKtIncrease color temperatureReduce color temperatureNight light modeRGBWegaColor temperature cycle modeReduce brightnessJoook6500KWarm White: 3000KRGB automodeCold White: 6500Kcycle"
97691,https://m.media-amazon.com/images/I/61A1NTXRFLL.jpg,752266,width,"Ultra thin LED celing light390mm(15.3in)311Turn onloff305""30s delay switchIncrease brightnessKtIncrease color temperatureReduce color temperatureNight light modeRGBWegaColor temperature cycle modeReduce brightnessJoook6500KWarm White: 3000KRGB automodeCold White: 6500Kcycle"
97692,https://m.media-amazon.com/images/I/61A1Po44LeL.jpg,553707,maximum_weight_recommendation,"15""200LBSWeight Limit:200 Ibs23.2""26.7""T27.2""1.9""26.7"""
97693,https://m.media-amazon.com/images/I/61A1R8vnBdL.jpg,149159,height,Product Size49L38cm36cm
97694,https://m.media-amazon.com/images/I/61A1R8vnBdL.jpg,149159,depth,Product Size49L38cm36cm
97695,https://m.media-amazon.com/images/I/61A1TOGpcoL.jpg,178778,height,SIZE SHOWY6.2 in(16 cm)006.5 in9 in(17 cm)(23 cm)6
97696,https://m.media-amazon.com/images/I/61A1Y0FBopL.jpg,180410,depth,{[87Y 0 Y |BraWallet10cm/3.93inchsize error of 0-0.5cm
97697,https://m.media-amazon.com/images/I/61A1aJ-0tbL.jpg,792578,height,"Environment protectingMachine washEnvironmentally-friendlymaterial80""(200cm)n29.10z(260g) weight"
97698,https://m.media-amazon.com/images/I/61A1aJ-0tbL.jpg,792578,depth,"Environment protectingMachine washEnvironmentally-friendlymaterial80""(200cm)n29.10z(260g) weight"
97699,https://m.media-amazon.com/images/I/61A1cIvaXmL.jpg,763916,height,"Product Information23.6*18.9*26.8 inches26.8""18.9""23.6"""
97700,https://m.media-amazon.com/images/I/61A1iknV6KL.jpg,658003,height,SIZEJ11.8in(30cm)9.8in(25cm)7.8in(2Ocm)
97701,https://m.media-amazon.com/images/I/61A1iknV6KL.jpg,658003,depth,SIZEJ11.8in(30cm)9.8in(25cm)7.8in(2Ocm)
97702,https://m.media-amazon.com/images/I/61A1jTZN9VL.jpg,579652,height,72CM28.3IN50CM/19.6IN
97703,https://m.media-amazon.com/images/I/61A1jTZN9VL.jpg,579652,depth,72CM28.3IN50CM/19.6IN
97704,https://m.media-amazon.com/images/I/61A1jTZN9VL.jpg,579652,width,72CM28.3IN50CM/19.6IN
97705,https://m.media-amazon.com/images/I/61A1sSnTcWL.jpg,347404,width,5858cm18 crhole_overflow3
97706,https://m.media-amazon.com/images/I/61A1wvoZajL.jpg,488964,height,BACKFRONT2128 InchesEasel DepthMade in the USA25 Inches Wide
97707,https://m.media-amazon.com/images/I/61A1wvoZajL.jpg,488964,width,BACKFRONT2128 InchesEasel DepthMade in the USA25 Inches Wide
97708,https://m.media-amazon.com/images/I/61A1zz-QSUL.jpg,113134,depth,3Ocm12inch23cm9inch
97709,https://m.media-amazon.com/images/I/61A29+6sYGL.jpg,244283,width,"41116)16.8"""
97710,https://m.media-amazon.com/images/I/61A29+6sYGL.jpg,244283,height,"41116)16.8"""
97711,https://m.media-amazon.com/images/I/61A29+6sYGL.jpg,244283,depth,"41116)16.8"""
97712,https://m.media-amazon.com/images/I/61A2BYNSM0L.jpg,483370,height,825cm
97713,https://m.media-amazon.com/images/I/61A2BYNSM0L.jpg,483370,depth,825cm
97714,https://m.media-amazon.com/images/I/61A2CcKg2IL.jpg,470067,height,Diametro dofuro deinstalacao35mmAltura42cmTO R ELargura27cmMALLA
97715,https://m.media-amazon.com/images/I/61A2CcKg2IL.jpg,470067,width,Diametro dofuro deinstalacao35mmAltura42cmTO R ELargura27cmMALLA
97716,https://m.media-amazon.com/images/I/61A2CwmfMJL.jpg,849273,depth,"Product SizeManual measurement;, please refer to the actual product:WATERPROOFSOFT ANDMACHINESOFT FABRICINNER LAYERNON-FADINGSTITCHINGCAN BE CURLED'cheetnq6KuRoMig21.5cm/8.46in"
97717,https://m.media-amazon.com/images/I/61A2Hl0QLsL.jpg,816782,width,7Ocm1
97718,https://m.media-amazon.com/images/I/61A2Hl0QLsL.jpg,816782,depth,7Ocm1
97719,https://m.media-amazon.com/images/I/61A2PIbCo7S.jpg,149159,height,24CM20CM20CM
97720,https://m.media-amazon.com/images/I/61A2Tatj0PL.jpg,529606,height,"2 , 76inchno MATTER HOWHARD LIFE GETSWATLEAST yoUDontHAVE1UGLuCHILDREn"
97721,https://m.media-amazon.com/images/I/61A2Tatj0PL.jpg,529606,depth,"2 , 76inchno MATTER HOWHARD LIFE GETSWATLEAST yoUDontHAVE1UGLuCHILDREn"
97722,https://m.media-amazon.com/images/I/61A2kuUMR+L.jpg,752266,width,"FEATURESPerfect for locations where height clearance is limited6.1Wattage12W0.94""Equivalentto 11Ow6.69""High Brightness1000 LMVoltage120vL[O RAdtalaVadLOCL'txnKcthery;SUMAllETCR DAV? [GeFcconanmtoulEudiannOaltoaccmaecsaAcCessARonLceYoReC - AtDMreRenTLy Drottcild40tyoyCi2240150LCCESREC-WJOLTIUS DUFTC JOaIE 720447033OTECDOTALHEEWDETCHI4.1""1.4""27"""
97723,https://m.media-amazon.com/images/I/61A2n+mqwJL.jpg,836556,height,5.8cm/2.28in3.2cm/1.25inMeasured Temperature24.0Start TemperatureON20.0Stop TemperatureOFF25.0;MODESETUPDOWN3.9cm/1.53inLine Length:1.8m/5.9ft
97724,https://m.media-amazon.com/images/I/61A2nW3D7gL.jpg,676087,width,SIZEWH13in70in13in9Oin14in72in16in72in18in72in13in36in13in72in13in108in13in120in
97725,https://m.media-amazon.com/images/I/61A2nW3D7gL.jpg,676087,depth,SIZEWH13in70in13in9Oin14in72in16in72in18in72in13in36in13in72in13in108in13in120in
97726,https://m.media-amazon.com/images/I/61A2vYNN7dL.jpg,202651,height,product size3'1.61inch1.61inch2inch2inch15inch2.95inch7.Sinch
97727,https://m.media-amazon.com/images/I/61A2xDUojFL.jpg,783898,width,"4""T4""2""2""5""1"""
97728,https://m.media-amazon.com/images/I/61A2zURctcL.jpg,295706,width,"in-3.94 insize4,37 in. 'cta} ( &6.85 in4,06 in2.99 in5.75 inStandardGFCI Outlet7.13Hola/UnnAHc"
97729,https://m.media-amazon.com/images/I/61A303XowlL.jpg,687759,width,"1-1/4""1-1/2""4.5inch1Flexible rubberldsconnectorHecanTlo3""_4m10.24inch1-1/2""1-1/2""6.69inch15.35inch"
97730,https://m.media-amazon.com/images/I/61A32t8rk2S.jpg,180410,width,810CM
97731,https://m.media-amazon.com/images/I/61A32t8rk2S.jpg,180410,height,810CM
97732,https://m.media-amazon.com/images/I/61A32t8rk2S.jpg,180410,depth,810CM
97733,https://m.media-amazon.com/images/I/61A39DjQQXL.jpg,428871,item_weight,3DividersWay
97734,https://m.media-amazon.com/images/I/61A3DTGOpML.jpg,681045,depth,"6cmScm1Stablange: 2,5cmVk"
97735,https://m.media-amazon.com/images/I/61A3HzTBGwL.jpg,735806,depth,"TAILLE8.9inFCPTEC231""COPTECx.. ^| :c.9.61in"
97736,https://m.media-amazon.com/images/I/61A3HzTBGwL.jpg,735806,width,"TAILLE8.9inFCPTEC231""COPTECx.. ^| :c.9.61in"
97737,https://m.media-amazon.com/images/I/61A3M-O+THL.jpg,130591,depth,"15 cm5.9""8R2,4kg85.3lbsCalminkl. Reparatursetincl  repairkitVQViD140 cm55.1""Keep 'When _4DIL""BeHly"" *boke"
97738,https://m.media-amazon.com/images/I/61A3M-O+THL.jpg,130591,width,"15 cm5.9""8R2,4kg85.3lbsCalminkl. Reparatursetincl  repairkitVQViD140 cm55.1""Keep 'When _4DIL""BeHly"" *boke"
97739,https://m.media-amazon.com/images/I/61A3QnrUxrL.jpg,825239,item_weight,"3'11""3'7""'F1'10""4'3""7'11""1'10""JAdequate2.58kg/windproofspace5.68lbsset up6Easy"
97740,https://m.media-amazon.com/images/I/61A3RBKmcTL.jpg,279307,item_weight,OPEN HEREOUVREZIcIBAGSGemplaeeraehacementique10 5AGSRemplacement RESEALABLEREFERMABLEBAG TYPETYPE DE SAC1DintICONTAINS10PackaqeEmballageCONTENU3-010348 001Ml3
97741,https://m.media-amazon.com/images/I/61A3TcB-y0L.jpg,208023,depth,HAMMElA € R Y L ! C $ | GN0 L D E R17 | | WE !A421cm x 29.7 cm
97742,https://m.media-amazon.com/images/I/61A3TcB-y0L.jpg,208023,width,HAMMElA € R Y L ! C $ | GN0 L D E R17 | | WE !A421cm x 29.7 cm
97743,https://m.media-amazon.com/images/I/61A3TcC0HEL.jpg,514726,depth,"High Quality FabricSkinFriendlyEasy to CareDoes Not Fade4"" hem2030"" |"
97744,https://m.media-amazon.com/images/I/61A3ZIPuMBL.jpg,459271,height,"AREROS36CMI9CM6-^9CM4CM6-9149157CMCM23CM14CM15CMiLLkA5CM<7-0.9CM9,5CM"
97745,https://m.media-amazon.com/images/I/61A3c5fRCtL.jpg,970563,width,6.5cm/2.6inF86534cm/1.6in
97746,https://m.media-amazon.com/images/I/61A3oB8Kz-L.jpg,579652,depth,Material1OOcmPolyester CanvasStructureDrawstring BackpackColorMyis teBlack50cm42cmCapacityTablet PCLaptopPhoneBooksBottlegcall .denyyouhs
97747,https://m.media-amazon.com/images/I/61A3oB8Kz-L.jpg,579652,height,Material1OOcmPolyester CanvasStructureDrawstring BackpackColorMyis teBlack50cm42cmCapacityTablet PCLaptopPhoneBooksBottlegcall .denyyouhs
97748,https://m.media-amazon.com/images/I/61A3sbbpAhL.jpg,279307,item_weight,SUITABLE FOR:sweevacditch ThOUSPANMODELBAGS SUITABLE FORSWEEPOVAC MODELSVS15OOBAG TYPESVB15OOQUANTiTY5 BAGSFILTERDouble Layer Two PlyFilcrationAntibacterialFilters IncludedTo reorder bags call us at 855-339-0010 or order online atWWWSWEEPOVACUSA.COMNznufacturers illustrations are for reference and Identification purposes onlyPE-LDMicroPaperFriendlyRicit
97749,https://m.media-amazon.com/images/I/61A3vYeK-jL.jpg,916768,height,3.9 inch3.5 inch
97750,https://m.media-amazon.com/images/I/61A3vYeK-jL.jpg,916768,depth,3.9 inch3.5 inch
97751,https://m.media-amazon.com/images/I/61A3we-KedL.jpg,426261,item_weight,Baby introductiontwistEmpty LineFixed feetFolding rockerBackstop switchFoot length 60mmWinding amountReel height O9mm0.18/240 0.20/1995 0.25/125(mm/m)The length o the reel is 1Olmm-614mm3/260 4/215 6/180(LB/YDS)Speed ratio 5.2.[Length: Stretch [.8m/shrink 4Ocm Total weight 300gStrongCup0.18/2407195
97752,https://m.media-amazon.com/images/I/61A3xBqJJOL.jpg,558806,depth,3.5em/1.38in4em/157in2em/0.79in2em/0.79in2em/0.79inSpesSpcsJlixo|Ipes_Ipes_Ipes1em/3.94in5em/1.97in5.5em/217in5pcs5pcsSpcs
97753,https://m.media-amazon.com/images/I/61A4-YfS1dL.jpg,347320,depth,11.8 in / 30 cm7.8 in20 cm
97754,https://m.media-amazon.com/images/I/61A4-YfS1dL.jpg,347320,width,11.8 in / 30 cm7.8 in20 cm
97755,https://m.media-amazon.com/images/I/61A46Uw-G-L.jpg,529489,maximum_weight_recommendation,Engineering Plastics BaseThe use of envionmentally friendy ABS engineeringplastics; grip tube diameter 3CM; Foot tube wallthickness SMM; load-bearing up to /OUKG
97756,https://m.media-amazon.com/images/I/61A46Uw-G-L.jpg,529489,item_weight,Engineering Plastics BaseThe use of envionmentally friendy ABS engineeringplastics; grip tube diameter 3CM; Foot tube wallthickness SMM; load-bearing up to /OUKG
97757,https://m.media-amazon.com/images/I/61A47jwxgGL.jpg,106003,width,7lcm]0.39inch11.5cm/4.53inch
97758,https://m.media-amazon.com/images/I/61A4BQN0uNL.jpg,823083,width,22CM50CM54CM
97759,https://m.media-amazon.com/images/I/61A4BQN0uNL.jpg,823083,depth,22CM50CM54CM
97760,https://m.media-amazon.com/images/I/61A4E71HQ9L.jpg,675680,height,"10-Frame Deep Box *29-5/8""BeeCastle19-7/8""16-1/4"""
97761,https://m.media-amazon.com/images/I/61A4MglMJOL.jpg,149159,height,22cm/8.66inchF11cm/4.33inch25.=Scm/10.03inch
97762,https://m.media-amazon.com/images/I/61A4MglMJOL.jpg,149159,width,22cm/8.66inchF11cm/4.33inch25.=Scm/10.03inch
97763,https://m.media-amazon.com/images/I/61A4PbwGiUL.jpg,243137,depth,WeddingPartyNewbornChildrenVideoProductYouTubeFestivalBirthdayOutdoorWWOFISweetTHE10FT(300cm)HERESScoop
97764,https://m.media-amazon.com/images/I/61A4PbwGiUL.jpg,243137,height,WeddingPartyNewbornChildrenVideoProductYouTubeFestivalBirthdayOutdoorWWOFISweetTHE10FT(300cm)HERESScoop
97765,https://m.media-amazon.com/images/I/61A4T-1Zx6L.jpg,881883,depth,PACKAGE INCLUDES01x Shower Curtain0 7x Plastic Curtain Hooks36in2
97766,https://m.media-amazon.com/images/I/61A4T-1Zx6L.jpg,881883,width,PACKAGE INCLUDES01x Shower Curtain0 7x Plastic Curtain Hooks36in2
97767,https://m.media-amazon.com/images/I/61A4URXJw7L.jpg,675680,height,"837"" )382cm(150,5""cm(75,192"
97768,https://m.media-amazon.com/images/I/61A4bsqeqzL.jpg,886344,depth,"DimensionA33831.Icm / 12.24"""
97769,https://m.media-amazon.com/images/I/61A4iNSkmQL.jpg,752266,height,"13.4""(340mm)Forsloped ceiling47.2""(1200mm)7.87""(200mm)5.52""(14Omm)23.6""(600mm)"
97770,https://m.media-amazon.com/images/I/61A4iRJwaQL.jpg,830996,height,"17.5cm/6.89""14cm/5.51""31cm/12.2"""
97771,https://m.media-amazon.com/images/I/61A4jNW0m6L.jpg,347404,depth,"PePerfect For OF42,-5*4""-5"" Flower Pot SIZE SIZE18cm612cm"
97772,https://m.media-amazon.com/images/I/61A4jNjaNCS.jpg,745387,height,"59 cm(23.2"" )33 cm(13""3In"
97773,https://m.media-amazon.com/images/I/61A4lIV4B7L.jpg,292475,depth,3g7.5cm2.95in
97774,https://m.media-amazon.com/images/I/61A4rW9CQ6L.jpg,978900,depth,DIMENSIONSL26cm/1OinchE23cm/9inch
97775,https://m.media-amazon.com/images/I/61A4vaCTjUL.jpg,550840,depth,"DIMENSIONMAX: 9.3 inch1.6 inch09MIN: 6.] inch08.07 Sat391.5 inchOPTIONAL WATCH FACES08/2012*09Swpq1Mon:230023003.65""258100%"
97776,https://m.media-amazon.com/images/I/61A4vaCTjUL.jpg,550840,width,"DIMENSIONMAX: 9.3 inch1.6 inch09MIN: 6.] inch08.07 Sat391.5 inchOPTIONAL WATCH FACES08/2012*09Swpq1Mon:230023003.65""258100%"
97777,https://m.media-amazon.com/images/I/61A4vaCTjUL.jpg,550840,height,"DIMENSIONMAX: 9.3 inch1.6 inch09MIN: 6.] inch08.07 Sat391.5 inchOPTIONAL WATCH FACES08/2012*09Swpq1Mon:230023003.65""258100%"
97778,https://m.media-amazon.com/images/I/61A4wjDM1kL.jpg,178778,depth,PRODUCT SIZE9.1IN/23CM81
97779,https://m.media-amazon.com/images/I/61A4y6uC4vL.jpg,488883,depth,855cm
97780,https://m.media-amazon.com/images/I/61A4z4oHFVL.jpg,483370,height,I15cm/5.9in
97781,https://m.media-amazon.com/images/I/61A4z4oHFVL.jpg,483370,depth,I15cm/5.9in
97782,https://m.media-amazon.com/images/I/61A5+35P0rL.jpg,993498,height,1.5in4cm2.5in6.5cmSwuetfHME
97783,https://m.media-amazon.com/images/I/61A5+35P0rL.jpg,993498,depth,1.5in4cm2.5in6.5cmSwuetfHME
97784,https://m.media-amazon.com/images/I/61A5+OpRNxL.jpg,219211,item_weight,"MEAN WELLMW500w Slim Type with PFC Switching SupplyUHP-500seriesQJusEH[ CB ( €GE-;-]MlnskEn6j3e0 tECea""2iGFeaturesApplicationsSlimLow profile (31mm)Industrial aulomalion machineryFanless design,500W convectionIndustrial control systemWithstand 300VAC surge input forsecondsMechanical and electricalequipmentBuilt-in active PFC functionElectronic instruments, equipments150%peak loadcapability( 1 OOms)apparatus20-70 € working temperatureLED display applicationProtections: Short circuilOverloadOvervoltageOver temperalureDC OK active signal and redundant function(option)Operating altitude up to 5000 meter (Note.5LED indicator for power on3 years warrantyDescriptionUHP-500 series is500w singoutput slim type power supply with 31mm of low profile design_Adopting the full range 90-264VAC input, the entire series provides an output voltage line of 4.2VSV, 12V, 15V36V and 48V. In addition to the high efficiency Up to 95%, that the whole seriesoperates from -20 €70 € under air convection without ian_UHP-5O0 has the complete protectiontunctions and 5G anti-vibration capabilityIt is complied with the international satety regulationssuchTUV EN6O95OUL6o950and GB4943, UHP-500 series serves ashigh performancepower supply solution for various industrial applications_Model EncodingUHP500Output VoltageBlankRated wattageSeries nameTypeDescriptionNoteBlankEnclosedIn StockBuit-in DC OKactiveugnaland redundantunctionBy requestFule NGmb ""#p-saa.SPECJ0T6JL75and24v ,"
97785,https://m.media-amazon.com/images/I/61A5+OpRNxL.jpg,219211,wattage,"MEAN WELLMW500w Slim Type with PFC Switching SupplyUHP-500seriesQJusEH[ CB ( €GE-;-]MlnskEn6j3e0 tECea""2iGFeaturesApplicationsSlimLow profile (31mm)Industrial aulomalion machineryFanless design,500W convectionIndustrial control systemWithstand 300VAC surge input forsecondsMechanical and electricalequipmentBuilt-in active PFC functionElectronic instruments, equipments150%peak loadcapability( 1 OOms)apparatus20-70 € working temperatureLED display applicationProtections: Short circuilOverloadOvervoltageOver temperalureDC OK active signal and redundant function(option)Operating altitude up to 5000 meter (Note.5LED indicator for power on3 years warrantyDescriptionUHP-500 series is500w singoutput slim type power supply with 31mm of low profile design_Adopting the full range 90-264VAC input, the entire series provides an output voltage line of 4.2VSV, 12V, 15V36V and 48V. In addition to the high efficiency Up to 95%, that the whole seriesoperates from -20 €70 € under air convection without ian_UHP-5O0 has the complete protectiontunctions and 5G anti-vibration capabilityIt is complied with the international satety regulationssuchTUV EN6O95OUL6o950and GB4943, UHP-500 series serves ashigh performancepower supply solution for various industrial applications_Model EncodingUHP500Output VoltageBlankRated wattageSeries nameTypeDescriptionNoteBlankEnclosedIn StockBuit-in DC OKactiveugnaland redundantunctionBy requestFule NGmb ""#p-saa.SPECJ0T6JL75and24v ,"
97786,https://m.media-amazon.com/images/I/61A5I6vyuYL.jpg,150535,width,PROFESSIONALFREEZER SAFEFOOD SAFEGRADE PORCELAINLOVECASA 4 PCS COMBI SETDISHWASHER SAVESPACE SAVINGx420.7cm/8.15inch4.5 cm/1.8inch020.7 cm Soup PlateFull: 1250 ml42 0zRecommend: 1150 ml / 38 0z
97787,https://m.media-amazon.com/images/I/61A5I6vyuYL.jpg,150535,depth,PROFESSIONALFREEZER SAFEFOOD SAFEGRADE PORCELAINLOVECASA 4 PCS COMBI SETDISHWASHER SAVESPACE SAVINGx420.7cm/8.15inch4.5 cm/1.8inch020.7 cm Soup PlateFull: 1250 ml42 0zRecommend: 1150 ml / 38 0z
97788,https://m.media-amazon.com/images/I/61A5MaxwVjL.jpg,149708,depth,24cm/9.4in73cm
97789,https://m.media-amazon.com/images/I/61A5MaxwVjL.jpg,149708,height,24cm/9.4in73cm
97790,https://m.media-amazon.com/images/I/61A5VEVN+gL.jpg,801829,width,24.41in24.41in10.23in18.I1in16.93in26.38in-30.31in17.91in-21.85in
97791,https://m.media-amazon.com/images/I/61A5eWtrYaL.jpg,453674,height,9cm2Ocm20cmMecoCk /3WeCook!ProfesionalMenaje
97792,https://m.media-amazon.com/images/I/61A5hndNR9L.jpg,464488,width,"6.5""H6.75"" W9.75"" LOverviewSizeStandard Adult UrnWeight15 LbsDimensions9.75""Lx6.75""Wx6.5""HMaterialCultured MarbleCapacity210 Cubic InchesOpeningThreaded Screw on Bottom"
97793,https://m.media-amazon.com/images/I/61A5iO9i8sL.jpg,846116,height,PROIDUCT' SIZI102mm4Smm1
97794,https://m.media-amazon.com/images/I/61A5mDsjQ5L.jpg,916768,width,IBREAD|BINHeight:25cm7Widyh:19.ScmF17Length:34cmA_-
97795,https://m.media-amazon.com/images/I/61A5mIJ4NAL.jpg,931247,width,"UpCOMPACT DESIGNWASTE FREEPREMIUM QUALITYEASY CLEAN54""XCUT-TO-SIZEPLASTIC TABLECLOTHBUILT IN SLIDE CUTTER INCLUDED300'"
97796,https://m.media-amazon.com/images/I/61A5mIJ4NAL.jpg,931247,height,"UpCOMPACT DESIGNWASTE FREEPREMIUM QUALITYEASY CLEAN54""XCUT-TO-SIZEPLASTIC TABLECLOTHBUILT IN SLIDE CUTTER INCLUDED300'"
97797,https://m.media-amazon.com/images/I/61A5mIJ4NAL.jpg,931247,depth,"UpCOMPACT DESIGNWASTE FREEPREMIUM QUALITYEASY CLEAN54""XCUT-TO-SIZEPLASTIC TABLECLOTHBUILT IN SLIDE CUTTER INCLUDED300'"
97798,https://m.media-amazon.com/images/I/61A5mS25PWL.jpg,242256,depth,5.12in7.09in(9.84ftEBJRIEWwITINNGlolvlIS
97799,https://m.media-amazon.com/images/I/61A5mS25PWL.jpg,242256,height,5.12in7.09in(9.84ftEBJRIEWwITINNGlolvlIS
97800,https://m.media-amazon.com/images/I/61A5mrH02DS.jpg,120219,height,13.8 in /35 cm5.5 in/14 cm10.6cmin/27
97801,https://m.media-amazon.com/images/I/61A5mrH02DS.jpg,120219,width,13.8 in /35 cm5.5 in/14 cm10.6cmin/27
97802,https://m.media-amazon.com/images/I/61A5pzmntEL.jpg,916768,depth,SET1.66inCONTAINS:16PACKCAPACITY:FOOD GRADE6oz180mLAcCESSORIES:BPA FREE0EASYVISIBILITYDISHWASHERSAFE2.1in
97803,https://m.media-amazon.com/images/I/61A5pzmntEL.jpg,916768,height,SET1.66inCONTAINS:16PACKCAPACITY:FOOD GRADE6oz180mLAcCESSORIES:BPA FREE0EASYVISIBILITYDISHWASHERSAFE2.1in
97804,https://m.media-amazon.com/images/I/61A5vNMoaxL.jpg,883833,height,89.51cm38.51cm40.49cmKORONA
97805,https://m.media-amazon.com/images/I/61A5zIRQejL.jpg,978900,height,24 cm
97806,https://m.media-amazon.com/images/I/61A5zIRQejL.jpg,978900,width,24 cm
97807,https://m.media-amazon.com/images/I/61A5zIRQejL.jpg,978900,depth,24 cm
97808,https://m.media-amazon.com/images/I/61A61iyTDyL.jpg,944936,depth,DOG4INEVER6INBESTDAD
97809,https://m.media-amazon.com/images/I/61A61iyTDyL.jpg,944936,width,DOG4INEVER6INBESTDAD
97810,https://m.media-amazon.com/images/I/61A62ldtguL.jpg,120219,height,PRODUCT SIZE10.4 inches9s5.2 inches
97811,https://m.media-amazon.com/images/I/61A62ldtguL.jpg,120219,width,PRODUCT SIZE10.4 inches9s5.2 inches
97812,https://m.media-amazon.com/images/I/61A68aBc1YL.jpg,407921,height,"Built-in 3 Rolls ofThermal Label PaperPhomemo2.75""x3.14"" (7Ox8Omm)2.36""x1.57"" (6Ox4Omm)1.57""x1.18"" (4Ox30mm)Suitable for Barcode, Address, File Folder Labels"
97813,https://m.media-amazon.com/images/I/61A6A+A0jlL.jpg,149708,depth,Product size0.983.54 inch1Oinch
97814,https://m.media-amazon.com/images/I/61A6BKdXwzL.jpg,784538,depth,ARCTC OcEANARCTIC OCEANCa nA dNORTHPACIFICU $ AOceanATLANTICPAcIFICinchOCEANOCeANSQuTH}PaciFICBAFL08844INDIANOCEANantarctica60  inch
97815,https://m.media-amazon.com/images/I/61A6BKdXwzL.jpg,784538,width,ARCTC OcEANARCTIC OCEANCa nA dNORTHPACIFICU $ AOceanATLANTICPAcIFICinchOCEANOCeANSQuTH}PaciFICBAFL08844INDIANOCEANantarctica60  inch
97816,https://m.media-amazon.com/images/I/61A6BKdXwzL.jpg,784538,height,ARCTC OcEANARCTIC OCEANCa nA dNORTHPACIFICU $ AOceanATLANTICPAcIFICinchOCEANOCeANSQuTH}PaciFICBAFL08844INDIANOCEANantarctica60  inch
97817,https://m.media-amazon.com/images/I/61A6CpD1O1L.jpg,245652,width,0.25cm432.3cn/0.9in
97818,https://m.media-amazon.com/images/I/61A6CpD1O1L.jpg,245652,depth,0.25cm432.3cn/0.9in
97819,https://m.media-amazon.com/images/I/61A6EO-0alL.jpg,745387,height,"6.50""29.87""6.02""19"" _7.87"""
97820,https://m.media-amazon.com/images/I/61A6EjC1TRL.jpg,917343,depth,ND;16S=1523.6in3.3ft4inDiamFrontSide11
97821,https://m.media-amazon.com/images/I/61A6IdSPR9L.jpg,478357,height,"0120 cm4,5 cm76 cm74,5 cm93 cm5 cm71,5 cm"
97822,https://m.media-amazon.com/images/I/61A6K8im4mL.jpg,288715,item_weight,"8XZoom2.7""TF18pixelsmMIg8X Zoom27""TP18 Mega pixels10 MeGA PixeLsF3.0DIGITaZ_LENSMegaF3.0DIGITAL _LENSf-7.45mm"
97823,https://m.media-amazon.com/images/I/61A6NX+C-wL.jpg,347404,width,42.5cm/16.7in31.5cm12.4in9bem/37in8.3cm/3.3in
97824,https://m.media-amazon.com/images/I/61A6QsvAXzL.jpg,318770,wattage,10OW PDFast Charging35mins testAINPOE 1OOW68%OTHER 60W32%OTHER 18W14%ZEONviv
97825,https://m.media-amazon.com/images/I/61A6RufpqWL.jpg,149159,height,"Kufutee2.65'Best Suitable Size13.77""2.75""9.84""9-7.87""7.87""84"""
97826,https://m.media-amazon.com/images/I/61A6ULfU7KL.jpg,178031,item_volume,"EtpcugiOOTtLI""PERVERY HonwJHELomlePaveryFOTELE""LUserveey GorLe""EveryYuotOVER 60% MOREVALd13""CoMPaRED To Ouriziolpowder WHEM MaDEaS dieectedVot8AnacuBRandNO O1 ouNo % =FED INAbbott417No BUN ouNo3Hhospitals|DRANDFED INAbholtHOspitalsOmficial GROMTH HOpM JNE""NEADT  hs teenskeSimilaceSimilac:Similac'ALIMENTUM'ALIMENTUMALIMENTUMhypoalleagenicFor Food Allergies and ColicFor FoodAllergiecs and ColicRdlDue to Protein Sensitivity""HMODue to Protein SensitivityhypoallergenicHYPOALLERGENICInfant Formula #HNDNTHSIMMUNEBRAIN & EYEsupportDEMALOPMEYNTcARolMWdERSupportDEVELOPMENTHMo0-122FLOZConoi Add WatERIFANTHMONET WIHIZDEadto Feed(59 mL)INFANT FORMUla HOH32FL 0Z ( QT) (946 ml)FORMuLA ,WIth IRonM2uEDhNonini"
97827,https://m.media-amazon.com/images/I/61A6XFmqF9L.jpg,220662,width,"U375""205CRAFTED FROM A SINGLEPIECE OF PLASTIC;175""MAKING IT VERY STURDYAND SIMPLE TO USE:0975"
97828,https://m.media-amazon.com/images/I/61A6XKm0PNL.jpg,648011,depth,"60mm(2.4in)]LUTuA6o 9W 900lm 6500KAC220-240v 50/60Hz202209USCBase: B22Power consumption: 9WEquivalency: 60 WattsCRI Colour Rendering Index: 82+Luminous flux: 9OOlmB22Input voltage: AC220-240VBaseColour: Cool White 6500KAverage life: 25,000 hours€RoHs"
97829,https://m.media-amazon.com/images/I/61A6XKm0PNL.jpg,648011,height,"60mm(2.4in)]LUTuA6o 9W 900lm 6500KAC220-240v 50/60Hz202209USCBase: B22Power consumption: 9WEquivalency: 60 WattsCRI Colour Rendering Index: 82+Luminous flux: 9OOlmB22Input voltage: AC220-240VBaseColour: Cool White 6500KAverage life: 25,000 hours€RoHs"
97830,https://m.media-amazon.com/images/I/61A6ZKFqpXS.jpg,675317,width,"10mm(o.39 743mm(1.69 750mm(1.96 7120mm(4.72""9"
97831,https://m.media-amazon.com/images/I/61A6Zi2LgKL.jpg,426261,item_weight,ICLOSED LENGIH OPEN LENGHHEIGHTSECTIONSTOPIDIABUTT DIA38cm165cm140gZmmI5mmPRODUCT PARAMETER INTRODUCTION38CM165CM'%adoo
97832,https://m.media-amazon.com/images/I/61A6e1ILyCL.jpg,847223,depth,13cm/5.1in_60.82in27cm/IC
97833,https://m.media-amazon.com/images/I/61A6eg16e8L.jpg,926285,item_weight,Great Gift for Your KidsPackage Includes2 ' Elbow Pads2 ' Knee Pads2 . Wrist Guards
97834,https://m.media-amazon.com/images/I/61A6euDFsHL.jpg,296366,height,PRODUCT SIZE50mm32mmSwanlakLithium 3 7V Baltery 18650/18500/14500/21700/26650/16340/32650A100%75%50%0.5A1A2A25%NIMH 1.2V Battery:1.2VIAAJAAA CID1
97835,https://m.media-amazon.com/images/I/61A6evxOU3L.jpg,279307,item_weight,"A MUST FORALLERGY SUFFERERSW 155CnvirocereTECHNOLOGIESMicro FiltrationVacuum Bags99.7% FiltrationTraps Microscopic Particles and AllergensFiltracion 99,7%Particles et Allergenes  Microscopiques de Pieges 99,7% FiltracionParticulas Alergenicos Microscopicos de los DesviosDesigned to Fit:Concus Pour: Disenado a Medida:General ElectricUprightStyle GE-1BAGS3SACSBOLSAS"
97836,https://m.media-amazon.com/images/I/61A6liUqiSL.jpg,106003,depth,28cm/1 1inchMONDAYI
97837,https://m.media-amazon.com/images/I/61A6s9vfgUL.jpg,594224,depth,33ANGWAY BECR=58 inch7 inchXINGWA:{BEER-
97838,https://m.media-amazon.com/images/I/61A6s9vfgUL.jpg,594224,height,33ANGWAY BECR=58 inch7 inchXINGWA:{BEER-
97839,https://m.media-amazon.com/images/I/61A6upXK4VL.jpg,916768,depth,Siize26cm8Detail 
97840,https://m.media-amazon.com/images/I/61A6upXK4VL.jpg,916768,height,Siize26cm8Detail 
97841,https://m.media-amazon.com/images/I/61A6ve7urQL.jpg,464488,depth,MiniKeeps akeUrnHold OnlyA_SmallAmountOfPetRemainsYYour1PawPrints Hre~toruenOnHeart1.18''(3cm)Olly
97842,https://m.media-amazon.com/images/I/61A6ve7urQL.jpg,464488,width,MiniKeeps akeUrnHold OnlyA_SmallAmountOfPetRemainsYYour1PawPrints Hre~toruenOnHeart1.18''(3cm)Olly
97843,https://m.media-amazon.com/images/I/61A7-vZ9IwL.jpg,478357,height,"137.2cm / 54""40.6cm16""78.7cm / 31""Inner dimension Drawer:W37.6cm / 14.8"" x D28.2cm11.1"" x Hllcm / 4.3"" x 3pcs53.Scm / 21""Net Weight : 68 ( lb )3cm / 1.2""70cm / 2.8"""
97844,https://m.media-amazon.com/images/I/61A70X2Bm4L.jpg,932289,width,Universal Fit for 74-76 InchOutdoor Chaise Lounge32inch16inch76inch34inch
97845,https://m.media-amazon.com/images/I/61A73L+3oiL.jpg,192915,width,PRODUCT1DIMENSIONS6.38in/16cm0 _NO VISIBLE GAPS64in/lcm
97846,https://m.media-amazon.com/images/I/61A74StS4YL.jpg,931247,height,CouleurGrisTaille1OOx14OcmForme de V'articleRectangulaireMateriauPolyester
97847,https://m.media-amazon.com/images/I/61A74StS4YL.jpg,931247,depth,CouleurGrisTaille1OOx14OcmForme de V'articleRectangulaireMateriauPolyester
97848,https://m.media-amazon.com/images/I/61A79WK3q9L.jpg,396159,height,"FIVE SIZES AVAILABLE40X72 inch XXL30X60 inch XL24x48 inch L16X32 inch S6 FEET12X24 inch XS9.8""6.7""6.7""Your Choice_Good LifeYourChoice4o86.7""5.7""7.5""7.5""XXLXLSaLife0ChoiceChoiceGood !~Your "
97849,https://m.media-amazon.com/images/I/61A7CfSG2cL.jpg,931856,width,30 Pcs3[232 Iricri
97850,https://m.media-amazon.com/images/I/61A7CfSG2cL.jpg,931856,depth,30 Pcs3[232 Iricri
97851,https://m.media-amazon.com/images/I/61A7DIZ1DSL.jpg,944936,height,"Jumbo CardRegularCardFyyu areNote CardOnmy Iind,8.5""X 11""5""x7 ""4""x5.25Carefullyfolded withthin overhangfor easyopening:alioys"
97852,https://m.media-amazon.com/images/I/61A7J5Ge0HL.jpg,119607,width,16.5IN/41.SCMH16.5IN/41.SCMV8v1 _3M 9884Double Co:1OPCS 3M adhesive
97853,https://m.media-amazon.com/images/I/61A7JWE-NML.jpg,242256,depth,ENGLANDFLAGSft x 3ft with EyeletsMade from thick and durable 100 denier fabricArmed with 2 brass grommets
97854,https://m.media-amazon.com/images/I/61A7REaLWJS.jpg,558806,width,2cmHAP[P)YH3BRTHDAYF1Total length 55cm
97855,https://m.media-amazon.com/images/I/61A7REaLWJS.jpg,558806,depth,2cmHAP[P)YH3BRTHDAYF1Total length 55cm
97856,https://m.media-amazon.com/images/I/61A7SiKA6KL.jpg,681445,width,About Size3.15in/8cm(013.94in/10cm
97857,https://m.media-amazon.com/images/I/61A7SiKA6KL.jpg,681445,depth,About Size3.15in/8cm(013.94in/10cm
97858,https://m.media-amazon.com/images/I/61A7VBSqYLL.jpg,119607,width,30cm/12inchLROUNDED CORNERS FOR SAFE HANDLINGPredriled Holes For Easy HangingHigh Quality MetalWater Proof Durable Rust-Free
97859,https://m.media-amazon.com/images/I/61A7VBSqYLL.jpg,119607,depth,30cm/12inchLROUNDED CORNERS FOR SAFE HANDLINGPredriled Holes For Easy HangingHigh Quality MetalWater Proof Durable Rust-Free
97860,https://m.media-amazon.com/images/I/61A7eDnJJSL.jpg,860821,width,"11.5""10.3""1.8""5.3""3.5"""
97861,https://m.media-amazon.com/images/I/61A7ebXoQSL.jpg,276611,height,"75""65""55""15.74""14.2521.65""14'18.905.91""78.84"""
97862,https://m.media-amazon.com/images/I/61A7fhTyncS.jpg,784538,depth,32. 5cm33. 5cm
97863,https://m.media-amazon.com/images/I/61A7fhTyncS.jpg,784538,width,32. 5cm33. 5cm
97864,https://m.media-amazon.com/images/I/61A7rALG6RL.jpg,311997,width,"335320cmJ}O""4Ocm6Ocm"
97865,https://m.media-amazon.com/images/I/61A7sRZE6kL.jpg,173193,height,"2Nichicon Hifi DIY High Grade Audio capacitor Kit II1OJUF 1Qv FC47JUf 10fW47F 16v FG220UF 18W FW47VF 25v FG6 ZmmX1tmm6 Smm X Zmm6. 3mmX "" Imm6 ZmmX1tmm6 SmmX' Imi1JPcS10PCS1OPCS1OPCS10Cs1CCJF 25"" FW1OUF 5Ov FG22UF S0v Fw1OUF 63v FW47VF 63V FW6 ZmmX1tomSmmX1""mmSmmX1""mmSmmX1tmm6 SmmX"" Imm10PcS10PCS10PCS10PcS10PCS"
97866,https://m.media-amazon.com/images/I/61A7tQwu6OL.jpg,119607,width,D322cm/8.Zin
97867,https://m.media-amazon.com/images/I/61A7tQwu6OL.jpg,119607,depth,D322cm/8.Zin
97868,https://m.media-amazon.com/images/I/61A7udNQ9pL.jpg,986932,width,"5.1""/13cm5""/12.8cm375.2""/13.3cm10.3""/0.8cmCapacity: 1200 ML4.7""/12cm"
97869,https://m.media-amazon.com/images/I/61A7wKhf3bL.jpg,751532,width,"FULLSIZE100olbs56""Weight Capacity10""42""18""12""77"""
97870,https://m.media-amazon.com/images/I/61A7xXudr1L.jpg,866516,width,Height : 6.5 inchLength:4.3 inch
97871,https://m.media-amazon.com/images/I/61A7xXudr1L.jpg,866516,height,Height : 6.5 inchLength:4.3 inch
97872,https://m.media-amazon.com/images/I/61A812x3atL.jpg,844474,height,"14.2""/36cm7.5""/19cm0.6""/1.5cmSize: Only 14.2*7.5*0.6in(36*19*1.5cm)Weight: Only 1649/0.36lbMaterial: 70% Nylon and 30% Polyester"
97873,https://m.media-amazon.com/images/I/61A8Mlo8IfL.jpg,991868,width,"'.:.1' 11 |Coc^a nthu |tTf:ViJitMf-'"".~`3J0 WAhIan 5F'rabk~u3~n:aShur un ad Dat ATferittons'jc !Eu~15TC85cmtfic:ttr IEuu:| 4 ]""E8FhfnouIEziou Wi- TlacrTectath <[3; .cattell cups~i1j|'IicictITIwlac duVeol TirsecckaTtett)mfti:ier4 '4f -4ndUnnctdtlie ""prII mratia|,[''~ 1Jtllzmainoquestioning',5,aFticw-rlc; Wfkcv'cedi""Ild ,W""nAmighrv ""pfcZf4 ,iec' H:n,Jfd]sthsatV,Tr, VJW;""Wfch,bold net[lc fncc[weTiali/5OcmSPIEGELGROBEl'oc"" 5TF""t57o27&:ST -4.ecrwdliti+nncijku:8{4 ,Atltti4'4tf 4"
