index,image_link,group_id,entity_name,e
95674,https://m.media-amazon.com/images/I/618pZ-8lfOS.jpg,944936,width,"Large Size5.3*8""Our Cards5*7""Other Cards4*6""Regular Greeting Cards8yad=8336322=5353"
95675,https://m.media-amazon.com/images/I/618pZ8WKOCL.jpg,683885,depth,Width:2SmmLength:23 MetresWidth:zSmm
95676,https://m.media-amazon.com/images/I/618pZ8WKOCL.jpg,683885,height,Width:2SmmLength:23 MetresWidth:zSmm
95677,https://m.media-amazon.com/images/I/618pcaaJdcL.jpg,208023,width,"Size Options& RecommendedfiguresLarge4.13""Medium1~5figures3.54""2.56""Small1~44.72""figures3.61Ilbsl2.28""2.76""3.94""1~32.37Ilbsfigures1.57""3.15""1.04 bsIMPORTANTFor the best results, please follow the recommended number of figures in the crystal you choose."
95678,https://m.media-amazon.com/images/I/618pcpVGQsL.jpg,530318,item_weight,"kg69.5*16*52 cm27.4*6.3*20.5 inchmax-40kg/88lbs12.-4kg/27lbs7 ""3@34""46CM6ZCM78.26.4""122CM62CM48""24."
95679,https://m.media-amazon.com/images/I/618pcpVGQsL.jpg,530318,maximum_weight_recommendation,"kg69.5*16*52 cm27.4*6.3*20.5 inchmax-40kg/88lbs12.-4kg/27lbs7 ""3@34""46CM6ZCM78.26.4""122CM62CM48""24."
95680,https://m.media-amazon.com/images/I/618pmFMTWfL.jpg,664736,height,H:8.9cmW;31cmD:26.Icm
95681,https://m.media-amazon.com/images/I/618po-jMs9L.jpg,932012,height,OutsideOutsideOutsideInside MountInside MountMount Only51cmScm fScmInside MountWindow Depth> ScmOrder Width-Window Width183~Final Fabric width+2.Scm2.SkmcmOutside MountThe actual fabric size will be 2.Scm narrowerOrder Width-Window Width+than the whole width due to the rollerExtra 4-8cm
95682,https://m.media-amazon.com/images/I/618po-jMs9L.jpg,932012,width,OutsideOutsideOutsideInside MountInside MountMount Only51cmScm fScmInside MountWindow Depth> ScmOrder Width-Window Width183~Final Fabric width+2.Scm2.SkmcmOutside MountThe actual fabric size will be 2.Scm narrowerOrder Width-Window Width+than the whole width due to the rollerExtra 4-8cm
95683,https://m.media-amazon.com/images/I/618pt3Y1iXL.jpg,589105,depth,6 Pack860cmDIRTWATERMILDEWINSECTSODORS
95684,https://m.media-amazon.com/images/I/618pwWgPs0L.jpg,579652,width,3.5in0.6in2.4ine5shoulder strap1adjutstable from16.9in-59in2.6in4.7in
95685,https://m.media-amazon.com/images/I/618pwtjHKBL.jpg,752266,depth,F579cm/31.1inLightLED light sourceColorWhiteSpace10-20mzTectureIrontAcrylicVoltage110VWattageLED 1441StyleModernLumen8000 ImLiving roomLength:31.linScenesIbedroomSizewidth:31.1inheight:6.lin
95686,https://m.media-amazon.com/images/I/618pwtjHKBL.jpg,752266,height,F579cm/31.1inLightLED light sourceColorWhiteSpace10-20mzTectureIrontAcrylicVoltage110VWattageLED 1441StyleModernLumen8000 ImLiving roomLength:31.linScenesIbedroomSizewidth:31.1inheight:6.lin
95687,https://m.media-amazon.com/images/I/618q3rSv9jL.jpg,784538,depth,MATISS EMATISSE8x ] OinchDlFRinanonn6pcsucurelemieCLEFIE MAFCHTeWaterproofMATISS ENIRSDcorsHigh QualityW@~4WerGLERIEMAECHTeeanPremium CanvasNot Including Any Frameset4K
95688,https://m.media-amazon.com/images/I/618q4QjaB1L.jpg,810266,height,"Fix""y8.8cmSIZEZ4""J12.8cm52mxk5o0mLZEhH40OmL"
95689,https://m.media-amazon.com/images/I/618q4QjaB1L.jpg,810266,depth,"Fix""y8.8cmSIZEZ4""J12.8cm52mxk5o0mLZEhH40OmL"
95690,https://m.media-amazon.com/images/I/618qHft7i0L.jpg,558806,depth,"Jzw5.3""3.9""Cb(r"
95691,https://m.media-amazon.com/images/I/618qHft7i0L.jpg,558806,width,"Jzw5.3""3.9""Cb(r"
95692,https://m.media-amazon.com/images/I/618qHrJyyeL.jpg,487566,height,"BLANKET MEASUREMENT CHARTTwinTwin XLFullQueenKingCal. King66"" x 90""90"" x 90""102"" x 90"""
95693,https://m.media-amazon.com/images/I/618qQOAm45L.jpg,278850,depth,0.60 IN(1.5 CM)2.75 IN(7 CM)0.60 IN(1.5 CM)S7 |1.18 IN(3 CM)
95694,https://m.media-amazon.com/images/I/618qTnPmBXL.jpg,494658,depth,"5[(30.5cm)-1F12""C"
95695,https://m.media-amazon.com/images/I/618qW7bl78L.jpg,656960,width,"SCOTT EDWARDAppr.12cmAppr.1OcmAppr:1OcmAppr.1OcmAppr 8cmAppr:15cmAppr:Appr:1Ocm13.5cmAppr:11.5cmAppr:29cmAppr:26cmAppr:21cmDriver WoodFairway woodHybridVolume>=460ccNIANIAPom PomAppr: 1Ocm(diameter)Appr: 1Ocm (diameter)Appr: 1Ocm(diameter)Main BodyAppr:12cm(W) 15cm(L)Appr:1Ocm(W)*13.5cm(L)Appr8cm(W)""11.Scm(L)SockAppr:12cm(W) 29cm(L)Appr:1Ocm(W) * 26cm(L)Appr.8cm(W)*21cm(L)Remark: All data are for informational purposes only:"
95696,https://m.media-amazon.com/images/I/618qW7bl78L.jpg,656960,depth,"SCOTT EDWARDAppr.12cmAppr.1OcmAppr:1OcmAppr.1OcmAppr 8cmAppr:15cmAppr:Appr:1Ocm13.5cmAppr:11.5cmAppr:29cmAppr:26cmAppr:21cmDriver WoodFairway woodHybridVolume>=460ccNIANIAPom PomAppr: 1Ocm(diameter)Appr: 1Ocm (diameter)Appr: 1Ocm(diameter)Main BodyAppr:12cm(W) 15cm(L)Appr:1Ocm(W)*13.5cm(L)Appr8cm(W)""11.Scm(L)SockAppr:12cm(W) 29cm(L)Appr:1Ocm(W) * 26cm(L)Appr.8cm(W)*21cm(L)Remark: All data are for informational purposes only:"
95697,https://m.media-amazon.com/images/I/618qWwTuyzL.jpg,150535,height,Product Dimensions.TableMattet83
95698,https://m.media-amazon.com/images/I/618qWwTuyzL.jpg,150535,width,Product Dimensions.TableMattet83
95699,https://m.media-amazon.com/images/I/618qWwTuyzL.jpg,150535,depth,Product Dimensions.TableMattet83
95700,https://m.media-amazon.com/images/I/618qcUe1adS.jpg,288715,item_weight,7CJ3200w pixel2.8 inch screenFace recognitionr74JDouble takenInteresting photosDontt need to focusbefore and after
95701,https://m.media-amazon.com/images/I/618qfd1wN1L.jpg,478357,width,40 cm30 cm83
95702,https://m.media-amazon.com/images/I/618qfd1wN1L.jpg,478357,height,40 cm30 cm83
95703,https://m.media-amazon.com/images/I/618qnRkboyL.jpg,184557,width,"O00 L8.46inch/21.,5cm[#6w5ePIECES PUZZLE1.97inchI000/Scm11.6 inch /29.5cm19.7 inchIS0cm29.5 inch75cm"
95704,https://m.media-amazon.com/images/I/618qnlKvYcL.jpg,130591,height,Air mattress815.7 in/40 cm53 in/135 cmFillX2Airpillow x2(can storage shoes)529cmInstruction15.7Car air pumpCAR MATTRESSFunnel kitsCarry1pierin/40bag
95705,https://m.media-amazon.com/images/I/618qqpCn2ML.jpg,218498,item_weight,8.7oz0.54ibs6 inch9 inch
95706,https://m.media-amazon.com/images/I/618qvB7ohsL.jpg,362879,width,"HOLD7.2cm / 2.83""HOLD4.4cm11.73"""
95707,https://m.media-amazon.com/images/I/618qwA0PGJS.jpg,276611,width,60 cm30 cm39
95708,https://m.media-amazon.com/images/I/618qwA0PGJS.jpg,276611,height,60 cm30 cm39
95709,https://m.media-amazon.com/images/I/618r+kRFtWL.jpg,311997,width,"PBODUCT SIZE ZE13.0""32.0""13.0""17.0"""
95710,https://m.media-amazon.com/images/I/618r+kRFtWL.jpg,311997,height,"PBODUCT SIZE ZE13.0""32.0""13.0""17.0"""
95711,https://m.media-amazon.com/images/I/618r0xtRmGL.jpg,931247,width,IPARTYLPLASTICNAPPE DETABLECOVERPLASTIQUEREUSABLE -WASHABLE . WATERPROOFREUTILSABLELAVABLEIMPERMEABLE54 IN X 108 IN:1.37M X274M
95712,https://m.media-amazon.com/images/I/618r0xtRmGL.jpg,931247,depth,IPARTYLPLASTICNAPPE DETABLECOVERPLASTIQUEREUSABLE -WASHABLE . WATERPROOFREUTILSABLELAVABLEIMPERMEABLE54 IN X 108 IN:1.37M X274M
95713,https://m.media-amazon.com/images/I/618r0xtRmGL.jpg,931247,height,IPARTYLPLASTICNAPPE DETABLECOVERPLASTIQUEREUSABLE -WASHABLE . WATERPROOFREUTILSABLELAVABLEIMPERMEABLE54 IN X 108 IN:1.37M X274M
95714,https://m.media-amazon.com/images/I/618r3w8g3RL.jpg,931856,width,14.5cn/5.70in5.8cm/2.28in.'
95715,https://m.media-amazon.com/images/I/618r3w8g3RL.jpg,931856,height,14.5cn/5.70in5.8cm/2.28in.'
95716,https://m.media-amazon.com/images/I/618rBZ47nYL.jpg,529606,depth,13
95717,https://m.media-amazon.com/images/I/618rBZ47nYL.jpg,529606,height,13
95718,https://m.media-amazon.com/images/I/618rCDZQXEL.jpg,178778,depth,Perfect Size & Large CapacityYou cananything you wantIphonefi_16.1inDosmall fancosmeticsunglassescellphonewalletpuittStu;Z3.6in/9cm10.7in/27cm
95719,https://m.media-amazon.com/images/I/618rDBoHktL.jpg,396159,width,2-Pieces Setl85Comfort Fabric1Precision Edging14.4 In36.5cm
95720,https://m.media-amazon.com/images/I/618rDBoHktL.jpg,396159,depth,2-Pieces Setl85Comfort Fabric1Precision Edging14.4 In36.5cm
95721,https://m.media-amazon.com/images/I/618rJd8m-SL.jpg,549052,depth,Product size535.8inX
95722,https://m.media-amazon.com/images/I/618rJd8m-SL.jpg,549052,width,Product size535.8inX
95723,https://m.media-amazon.com/images/I/618rWiawPfL.jpg,258617,depth,37.Smm1
95724,https://m.media-amazon.com/images/I/618rWiawPfL.jpg,258617,width,37.Smm1
95725,https://m.media-amazon.com/images/I/618rXSQc4uL.jpg,734280,depth,"Collar SizingPawstomizeSGWidth - 1""11 - 13""M @Width - 1""13.5 - 16.5""LCWidth - 1.25""17 - 20""XL8Width - 1.5""21 - 24""8"
95726,https://m.media-amazon.com/images/I/618rXSQc4uL.jpg,734280,height,"Collar SizingPawstomizeSGWidth - 1""11 - 13""M @Width - 1""13.5 - 16.5""LCWidth - 1.25""17 - 20""XL8Width - 1.5""21 - 24""8"
95727,https://m.media-amazon.com/images/I/618rXkAwDPL.jpg,243137,depth,PartyBirthdayProductChildrenYou TubeFestivalHlappy Bidhdag45FT
95728,https://m.media-amazon.com/images/I/618rXkAwDPL.jpg,243137,height,PartyBirthdayProductChildrenYou TubeFestivalHlappy Bidhdag45FT
95729,https://m.media-amazon.com/images/I/618rYeSPcML.jpg,464488,width,Cremation UrnOutside Dimensions: 3.5x3.5x3.5 inchesDesigned to hold a portion of ashes forchild or pet weighing 17 Ibs. or less.3.5 Inches15Phillips Head Screwdriver is needed totake out the screws to insert the ashes
95730,https://m.media-amazon.com/images/I/618rcIP8M-L.jpg,549052,height,Product Sizesize (inch)Height: 10 inch1086Width: 6.0 inch12size246810121416HeightWidthWeightSmallMediumLarge10 inch6.0 inch150 gToy
95731,https://m.media-amazon.com/images/I/618rcIP8M-L.jpg,549052,depth,Product Sizesize (inch)Height: 10 inch1086Width: 6.0 inch12size246810121416HeightWidthWeightSmallMediumLarge10 inch6.0 inch150 gToy
95732,https://m.media-amazon.com/images/I/618rj6vN5LL.jpg,849273,height,Specifications6.1inch3.5inch10.8inchBrand:ULANZIModel: BPO8Material: PolyesterProduct Size: 10.8*3.5*6.1 inchNet Weight: 0.8lbsUlanzi
95733,https://m.media-amazon.com/images/I/618roHRHWjL.jpg,120219,width,88125CM3OCM12.5CM30CM
95734,https://m.media-amazon.com/images/I/618roKmeNiL.jpg,558832,height,"SPECIFICATIONS 3.5 X 6.3 inchAvailable Space Size 3"" x 5""1inSin0.3in3in0.25in0.25inThe usable size of theis measured with no items inside.If youritems are similar in size, it is recommended to take one size up.bag"
95735,https://m.media-amazon.com/images/I/618rtichiEL.jpg,142748,width,Produktabmessung300cm214cm258cm107cm
95736,https://m.media-amazon.com/images/I/618rtichiEL.jpg,142748,height,Produktabmessung300cm214cm258cm107cm
95737,https://m.media-amazon.com/images/I/618rwKx13EL.jpg,866516,height,UL1aJuy25CM23CM27CM
95738,https://m.media-amazon.com/images/I/618rzzIEbqL.jpg,794161,item_weight,8 4917CORRECTION DU TEINTPLEINE COUVRANCEFINI NATURELelfCAMOCC CREAMCC CREMECAMOUFLAGECOLOR CORRECTINGFULL-COVERAGENATURAL FINISHSPF 30FPS 30DIN 02517531DIN 0251753130 g (1.05 0Z)
95739,https://m.media-amazon.com/images/I/618sAfwU8xL.jpg,231838,height,33.80z1oooml60Reusable3DurableEasy to pack2.97in2.97in
95740,https://m.media-amazon.com/images/I/618sElzmh3L.jpg,549052,width,Fit for Medium &innersqueaker in8both ends3338.7 inchLargeDogs
95741,https://m.media-amazon.com/images/I/618sElzmh3L.jpg,549052,depth,Fit for Medium &innersqueaker in8both ends3338.7 inchLargeDogs
95742,https://m.media-amazon.com/images/I/618sFAyHGML.jpg,860821,depth,12cm/4.ZinGi815
95743,https://m.media-amazon.com/images/I/618sGPyPJ5L.jpg,594224,width,"ProductSize0222.Scm03,8cm22.8cm9.2cmScm521.3cm"
95744,https://m.media-amazon.com/images/I/618sMRRvJVL.jpg,522832,width,"11{1420mm/ 16-9/16""11{1380mm / 14-15/16""200mm /7-7/8""9170mm/ 6-11/16"""
95745,https://m.media-amazon.com/images/I/618sNsmHkuL.jpg,653767,depth,45 cm8
95746,https://m.media-amazon.com/images/I/618sNsmHkuL.jpg,653767,width,45 cm8
95747,https://m.media-amazon.com/images/I/618sQKssufL.jpg,132401,depth,Product SIZE1650cm/19.68inch
95748,https://m.media-amazon.com/images/I/618sQKssufL.jpg,132401,width,Product SIZE1650cm/19.68inch
95749,https://m.media-amazon.com/images/I/618sVat9uAL.jpg,183388,height,"7.87""0.3""H2.263.25""5.3""8.47""PODUCT SIZE"
95750,https://m.media-amazon.com/images/I/618sdhJNaQL.jpg,470067,height,"3.54""2.21""6""DELTA"
95751,https://m.media-amazon.com/images/I/618sfaUXw7L.jpg,478357,height,50.4cm34cm34cm
95752,https://m.media-amazon.com/images/I/618sgBadwWL.jpg,681445,height,"About SizeIp1112.3cm/4.84""7.ScmI14.6cm12.95""13.3cm/5.70""15.24""9.6cm/3.78"""
95753,https://m.media-amazon.com/images/I/618sj2vBeHL.jpg,993498,width,91111
95754,https://m.media-amazon.com/images/I/618skZbrMKL.jpg,781426,height,"100% cAlgadanAdecuado paraColechoMoises:50 x 90 cmiPor que es importanteel algodon?Porque tu bebe es delicado y su pieltambien: El algodon es una fibra10O% natural, hipoalergenica y supersuave: No le dara erupciones nieccemas;Tu bebe dormira seguro y delicioso_"
95755,https://m.media-amazon.com/images/I/618t+bwBJtL.jpg,558806,depth,1.9inch_9N
95756,https://m.media-amazon.com/images/I/618t+bwBJtL.jpg,558806,width,1.9inch_9N
95757,https://m.media-amazon.com/images/I/618t1LFMfLL.jpg,573063,depth,2_67_inch8[150 pcsProduct SizeI0 colors62818has81]868]E62
95758,https://m.media-amazon.com/images/I/618t1LFMfLL.jpg,573063,height,2_67_inch8[150 pcsProduct SizeI0 colors62818has81]868]E62
95759,https://m.media-amazon.com/images/I/618t1LFMfLL.jpg,573063,width,2_67_inch8[150 pcsProduct SizeI0 colors62818has81]868]E62
95760,https://m.media-amazon.com/images/I/618t5gBldSL.jpg,752266,height,"Product Size6.29""10.62""14.56""E26Base601MAX11OVACW"
95761,https://m.media-amazon.com/images/I/618t630bV-L.jpg,844474,height,Product SizeBrand:FANDAREMaterial: NylonWeight: 0.7KGSuitable Object: Women45CMMMODE:BELLLEDEJOuRComme<38CMVEFauTAUDA26CM32CMLovELIFE 88
95762,https://m.media-amazon.com/images/I/618t6JoWgaL.jpg,652661,height,"STRUCTURE COMPONENTS SIZE145mm/5.7""70mm/2.76""80mm/3.15""35mm/1.38""1Omm/0.39"""
95763,https://m.media-amazon.com/images/I/618t6ac8b9L.jpg,721542,height,Product DimensionAnibos130cm120cm200cm65cmSPF 50+SunscreenQuick OpeningSuitable for2-3 persons1Ocm
95764,https://m.media-amazon.com/images/I/618t8oS1bzL.jpg,653767,depth,18 IN/45CM1BACK VIEW
95765,https://m.media-amazon.com/images/I/618t8oS1bzL.jpg,653767,width,18 IN/45CM1BACK VIEW
95766,https://m.media-amazon.com/images/I/618t8oS1bzL.jpg,653767,height,18 IN/45CM1BACK VIEW
95767,https://m.media-amazon.com/images/I/618tBikDHvL.jpg,966161,height,Product Parameters7Material: SUS304Size: 27mmX27mmX27mmWeight: 30g/+1.5gspecification: 8 capsules (withclip)boxApplicable: wine cooling. physical cooling. sports ice27mm/1.06inu19o !/uuLzice
95768,https://m.media-amazon.com/images/I/618tCuJ5AuL.jpg,589105,width,43.3in (Zipper)5()(L)Stuffed Animal BeanCover Only24in24in (Bag
95769,https://m.media-amazon.com/images/I/618tCuJ5AuL.jpg,589105,height,43.3in (Zipper)5()(L)Stuffed Animal BeanCover Only24in24in (Bag
95770,https://m.media-amazon.com/images/I/618tLJdaKsL.jpg,208023,depth,"FRAMANEXFREEZE YOUR MEMORIES48X33cmClassic Black FrameA3+,19X13"" ApproxPortraitLandscape"
95771,https://m.media-amazon.com/images/I/618tLWfIa2S.jpg,226504,width,350mm9Omm405mm2 Keys
95772,https://m.media-amazon.com/images/I/618tMWICTHL.jpg,521308,width,"28.35""40""64""|32""27""27""32""84""33"""
95773,https://m.media-amazon.com/images/I/618tMkhianL.jpg,180410,width,1.Scm8.5cm11cm0.4cm
95774,https://m.media-amazon.com/images/I/618tPK1TLsL.jpg,784538,height,5552.Scm
95775,https://m.media-amazon.com/images/I/618tPK1TLsL.jpg,784538,depth,5552.Scm
95776,https://m.media-amazon.com/images/I/618tUM18hfL.jpg,210293,height,"DIMENSIONSSIDE VIEW4.33""5,5.5""2.63""1.77""2.16""TOP VIEW1.77""1.18""2.63""2.63""2.63""8.58""85"""
95777,https://m.media-amazon.com/images/I/618tZsq9CoL.jpg,900671,voltage,OEM ODM11OV- 220V14OOWthe bigfire8 smart menu360'heatingTouch displayOil freeSUPE FACTORYIPcs deliver'FOBCIF USD15LHEAOEMODM.SKDAIR FRYER   OVENIdo glc IUA_UlbPAHSRohs(€ CB| shiBojAYuHEn oterda_com
95778,https://m.media-amazon.com/images/I/618tZsq9CoL.jpg,900671,wattage,OEM ODM11OV- 220V14OOWthe bigfire8 smart menu360'heatingTouch displayOil freeSUPE FACTORYIPcs deliver'FOBCIF USD15LHEAOEMODM.SKDAIR FRYER   OVENIdo glc IUA_UlbPAHSRohs(€ CB| shiBojAYuHEn oterda_com
95779,https://m.media-amazon.com/images/I/618ta+UVnYL.jpg,752266,height,90% ELECTRICITY SAVINGS63mm472mm[ Replaced612V LED Bulb 3.5w12V Halogen Bulb 35w
95780,https://m.media-amazon.com/images/I/618ta+UVnYL.jpg,752266,depth,90% ELECTRICITY SAVINGS63mm472mm[ Replaced612V LED Bulb 3.5w12V Halogen Bulb 35w
95781,https://m.media-amazon.com/images/I/618tez+segL.jpg,877667,height,"28cm/11'15cm/5.9""30cm/11.8"""
95782,https://m.media-amazon.com/images/I/618tg+H9iVL.jpg,106003,depth,"JEWELRY POUCHESPerfect SizeAll 4 Jewelry Pouchesare the same size_Length Unit : Inches3.3""0"
95783,https://m.media-amazon.com/images/I/618tlHdCORL.jpg,120219,width,3.5 in3.5 in86.7 in6.7 in3
95784,https://m.media-amazon.com/images/I/618tlN985rL.jpg,276688,width,23 CM223 CM6868
95785,https://m.media-amazon.com/images/I/618tse0zWTL.jpg,842895,height,1.5 inYo.6 in3.1in
95786,https://m.media-amazon.com/images/I/618tse0zWTL.jpg,842895,width,1.5 inYo.6 in3.1in
95787,https://m.media-amazon.com/images/I/618tuY92iRL.jpg,558806,height,1.18in1831.18in0:D1.18in1#81Opcs57ino9oSISL0.98in3338pcs1Opcs1.57in98in.57in3Oc3838pcs31Opcs3838pcs
95788,https://m.media-amazon.com/images/I/618tuY92iRL.jpg,558806,width,1.18in1831.18in0:D1.18in1#81Opcs57ino9oSISL0.98in3338pcs1Opcs1.57in98in.57in3Oc3838pcs31Opcs3838pcs
95789,https://m.media-amazon.com/images/I/618tzbtUIyL.jpg,276611,height,18cm30cm60cm18cm109cm59cm327cm
95790,https://m.media-amazon.com/images/I/618u+2AfEQL.jpg,241608,height,"312.20""21.26"""
95791,https://m.media-amazon.com/images/I/618u3NkYwKL.jpg,311997,width,39-8cm/ 15.7inW815cm/2in
95792,https://m.media-amazon.com/images/I/618u3q1C05L.jpg,892291,item_weight,"PDHigh-SpeedChargingFully charge Macbook Pro 13"" in 2 hours116au1838"
95793,https://m.media-amazon.com/images/I/618u3q1C05L.jpg,892291,wattage,"PDHigh-SpeedChargingFully charge Macbook Pro 13"" in 2 hours116au1838"
95794,https://m.media-amazon.com/images/I/618u42MYxLL.jpg,311997,height,"FOLDABLE, SPACE SAVING, AND EASY TO CARRY3.62 in11.80 in12.20"" in19.30 in"
95795,https://m.media-amazon.com/images/I/618u9PXca9L.jpg,441875,depth,5.91 in7.48 inCan be storedGift8114p1.77 inbag
95796,https://m.media-amazon.com/images/I/618u9PXca9L.jpg,441875,width,5.91 in7.48 inCan be storedGift8114p1.77 inbag
95797,https://m.media-amazon.com/images/I/618u9PXca9L.jpg,441875,height,5.91 in7.48 inCan be storedGift8114p1.77 inbag
95798,https://m.media-amazon.com/images/I/618u9wb-LfL.jpg,347320,depth,39in/1OOcmJ
95799,https://m.media-amazon.com/images/I/618u9wb-LfL.jpg,347320,width,39in/1OOcmJ
95800,https://m.media-amazon.com/images/I/618uAr7iHwL.jpg,847223,width,5.12IN3.94IN158092.56IN
95801,https://m.media-amazon.com/images/I/618uDMw5BBL.jpg,939129,depth,Zohent5~22cmTtoly
95802,https://m.media-amazon.com/images/I/618uDMw5BBL.jpg,939129,height,Zohent5~22cmTtoly
95803,https://m.media-amazon.com/images/I/618uI5BpdeL.jpg,347404,width,345mm295 mm83225 mm
95804,https://m.media-amazon.com/images/I/618uMDWiKzL.jpg,916768,height,"3.4""0.5Cup1.3Cup3.2Cup0.SCupWith 3 CompartmentsTotal Capacity:45.50Z8.3""5.9"""
95805,https://m.media-amazon.com/images/I/618uMVlwQBL.jpg,728511,height,"<012MONATEJAN-DEZ 2024MuMondayTUESDAYWeDNESDAYTHuRSDAYeeptemberenenaareKelkerbneFRIDAY18 x 20 CM'SUNDAYOurn #bgGig;tdCuna-6abeldDomrigo . QenenshzWeekPLATZ FiR8NOTIZEN1012131416151819202321STABILES DESIGN2422302526272829PLASTIC FREEIc %Ia  1""1 2 237 X6""14 25""9 #2uaeon;""5 Ic22 2]24  2530KLELLAerikSopu)nCi~SaTURDATSnbodoconnoDenarca9jEnoCotturg oAugustNotesOctober"
95806,https://m.media-amazon.com/images/I/618uPFlmyML.jpg,295706,width,Box InternalProduct Dimensions4 92 inchH8 rh55
95807,https://m.media-amazon.com/images/I/618uhzuWVNL.jpg,558806,depth,size6.0 in7.0 inl
95808,https://m.media-amazon.com/images/I/618uhzuWVNL.jpg,558806,height,size6.0 in7.0 inl
95809,https://m.media-amazon.com/images/I/618uninNqxL.jpg,119607,height,_PeasseSIGNOUR12guest Baolk8 INchES
95810,https://m.media-amazon.com/images/I/618uninNqxL.jpg,119607,depth,_PeasseSIGNOUR12guest Baolk8 INchES
95811,https://m.media-amazon.com/images/I/618uninNqxL.jpg,119607,width,_PeasseSIGNOUR12guest Baolk8 INchES
95812,https://m.media-amazon.com/images/I/618unkgMfGL.jpg,647208,item_weight,Anodic Oxidation SurfaceWeight: 1.850zBase Board Thickness:0.0g8lnFins:7 Pcs
95813,https://m.media-amazon.com/images/I/618uoCgdK-L.jpg,625310,width,Queen la caja66.18ULtNdcmcm80.3cmLED eteint0Adaptador deCable opticoCable de 2a 1 RCAMando a distanciacorriente12.4cm14cm30USER HAHUALcmTTMSoporte de paredMini cableManual de usuarioSubwooferhay
95814,https://m.media-amazon.com/images/I/618uqbW4i5L.jpg,844474,height,My BagStory31 cm12.04 inchesMI9 cm3.54 inches22 cm / 8.66 inchesNIEMUMI
95815,https://m.media-amazon.com/images/I/618usm52ENL.jpg,403664,depth,PRODUCT SIZE8008cm8cm8cm1000m]1200ml1500ml5HHeat ResistantLead FreeFood Grade Material
95816,https://m.media-amazon.com/images/I/618uvZlhYAL.jpg,784538,depth,60 cm70.10 cm
95817,https://m.media-amazon.com/images/I/618uvZlhYAL.jpg,784538,width,60 cm70.10 cm
95818,https://m.media-amazon.com/images/I/618uxDXs+SL.jpg,558806,height,"5.5cm2.2inch ) ,5.5cm2.2inch )3303878(B%3I05.Scm2.2inch ) 3.5cm1.4inch )C53DTAF[303!C[6{"
95819,https://m.media-amazon.com/images/I/618uxDXs+SL.jpg,558806,depth,"5.5cm2.2inch ) ,5.5cm2.2inch )3303878(B%3I05.Scm2.2inch ) 3.5cm1.4inch )C53DTAF[303!C[6{"
95820,https://m.media-amazon.com/images/I/618uxRJDPwL.jpg,823083,height,14cm18cm1Ocm
95821,https://m.media-amazon.com/images/I/618uzTc0J2L.jpg,931856,height,1339cm00V28cm28cm
95822,https://m.media-amazon.com/images/I/618v0w9i+AL.jpg,611510,height,"Maximum6.3""Weight33OLBS19.2971"
95823,https://m.media-amazon.com/images/I/618v0w9i+AL.jpg,611510,depth,"Maximum6.3""Weight33OLBS19.2971"
95824,https://m.media-amazon.com/images/I/618v1dBZ3sL.jpg,810266,width,8Omm75mm
95825,https://m.media-amazon.com/images/I/618v1dBZ3sL.jpg,810266,height,8Omm75mm
95826,https://m.media-amazon.com/images/I/618v3M+fQPL.jpg,311997,height,Wall MountStorage RackRemovableTU66Towel RackAnti-fall6 inch15.7 inchGuardrail5.9 inchAdditionalMetal Baskets6 inch15.7 inch
95827,https://m.media-amazon.com/images/I/618v3M+fQPL.jpg,311997,width,Wall MountStorage RackRemovableTU66Towel RackAnti-fall6 inch15.7 inchGuardrail5.9 inchAdditionalMetal Baskets6 inch15.7 inch
95828,https://m.media-amazon.com/images/I/618v5I9CgwL.jpg,278850,height,"#Hgtzlt-Ev# vkow tlshi""7+375v79(705_70w3E?SK7 (Fff)5 _7I8 8.4mm79v7917T_FR& 6.5mOwm (X-38.4mmKOKUYODUTLINER[Stamp#J 1Omm91mm31mm"
95829,https://m.media-amazon.com/images/I/618vK0oD4ZL.jpg,553707,maximum_weight_recommendation,44 Ibs15.3inch8 1.0 inch10 inchMAXMAX = 1.4 inch43inch10 inch12.8 inch
95830,https://m.media-amazon.com/images/I/618vLZWsGwL.jpg,913156,depth,326 CM
95831,https://m.media-amazon.com/images/I/618vLZWsGwL.jpg,913156,width,326 CM
95832,https://m.media-amazon.com/images/I/618vW4XliUL.jpg,501250,depth,"RADIATEUR DE LUXEDESIGI GAIN DE PLACE8Verre trempe8avec cadre enaciercmPOUR LE MOITAGE MURAL OU COMMIE CHAUFFAGEAUTOMOMEMATERIELDE MONTAGEINCLUSMobile grace auxroulettes & au cablede 1,5 m8351,5"
95833,https://m.media-amazon.com/images/I/618vZ7dcXKL.jpg,612552,depth,5=9310.23 in26 cm
95834,https://m.media-amazon.com/images/I/618vczQB-TL.jpg,347404,depth,Potting size855.5 inch
95835,https://m.media-amazon.com/images/I/618vczQB-TL.jpg,347404,height,Potting size855.5 inch
95836,https://m.media-amazon.com/images/I/618vfzZzmAL.jpg,849273,height,31KY10.8IN1
95837,https://m.media-amazon.com/images/I/618viFjNv5L.jpg,847223,width,3.26 inchTwin-screwDesiginFits all diameter 30mm and 38mmbottles:Fluorescent8Durable Rope 0Easy to find at night and takeby hand.Foldable LeafShaped BowlBig enough for your pets drankanywhere; made of 100% foodsilicon:grade
95838,https://m.media-amazon.com/images/I/618viFjNv5L.jpg,847223,depth,3.26 inchTwin-screwDesiginFits all diameter 30mm and 38mmbottles:Fluorescent8Durable Rope 0Easy to find at night and takeby hand.Foldable LeafShaped BowlBig enough for your pets drankanywhere; made of 100% foodsilicon:grade
95839,https://m.media-amazon.com/images/I/618vm3dropL.jpg,675317,depth,20 mm33
95840,https://m.media-amazon.com/images/I/618vm3dropL.jpg,675317,width,20 mm33
95841,https://m.media-amazon.com/images/I/618w2IVXV1L.jpg,483370,depth,Product Size1jee3nur@aiaie 6MobIle@RABy06.5cm/2.56ing
95842,https://m.media-amazon.com/images/I/618w44I5QWL.jpg,295706,depth,PRODUCT SIZEVarious specificationscan therefore be handled freelyeven in different usage scenarios_8I1708I013085ggPG7
95843,https://m.media-amazon.com/images/I/618w44I5QWL.jpg,295706,width,PRODUCT SIZEVarious specificationscan therefore be handled freelyeven in different usage scenarios_8I1708I013085ggPG7
95844,https://m.media-amazon.com/images/I/618w7SzrLkL.jpg,949192,depth,150cm52cm
95845,https://m.media-amazon.com/images/I/618w7SzrLkL.jpg,949192,height,150cm52cm
95846,https://m.media-amazon.com/images/I/618wCRJ3b1L.jpg,478357,height,"/15,7 inch40 cm24,4inch/91cm62inchcm35.8"
95847,https://m.media-amazon.com/images/I/618wDAeX1DL.jpg,764618,width,"12""76""JOHNDEERE"
95848,https://m.media-amazon.com/images/I/618wDAeX1DL.jpg,764618,depth,"12""76""JOHNDEERE"
95849,https://m.media-amazon.com/images/I/618wHEmPnhL.jpg,192915,height,"5.1""3.3""0.8""DIMENSIONS"
95850,https://m.media-amazon.com/images/I/618wLmz0iOL.jpg,953313,item_weight,76128~c04Sarchs (Oen uANn8edFepc'Reol 'ATARAALecleenLnro
95851,https://m.media-amazon.com/images/I/618wOu-YRsL.jpg,574059,width,"FOR US LETTER SIZEPAPERWORK 11""x 8 1/2""NOTEPAD INCLUDEDLEFTYFRIENDLYGavataePadLegal"
95852,https://m.media-amazon.com/images/I/618wOu-YRsL.jpg,574059,height,"FOR US LETTER SIZEPAPERWORK 11""x 8 1/2""NOTEPAD INCLUDEDLEFTYFRIENDLYGavataePadLegal"
95853,https://m.media-amazon.com/images/I/618wRV+-YML.jpg,866516,height,1{width 5.5 Inches
95854,https://m.media-amazon.com/images/I/618wRV+-YML.jpg,866516,depth,1{width 5.5 Inches
95855,https://m.media-amazon.com/images/I/618wRl3QCHL.jpg,916768,height,3.3 inches2.9 inches2.5 inches
95856,https://m.media-amazon.com/images/I/618wUe9TwNL.jpg,611510,height,6+aenojae45cm25cm6cm20@3:880gm#ritm}Vug2@Sxzit
95857,https://m.media-amazon.com/images/I/618wZn293RL.jpg,446789,height,158 cm96 cm196 cm
95858,https://m.media-amazon.com/images/I/618we2BbfHL.jpg,119607,depth,"Hanging hole17.5cm / 6.9in42cm / 16.5inQob""d"
95859,https://m.media-amazon.com/images/I/618we2BbfHL.jpg,119607,width,"Hanging hole17.5cm / 6.9in42cm / 16.5inQob""d"
95860,https://m.media-amazon.com/images/I/618wjWLEmmL.jpg,865020,height,"52""L(132cm)Kbss43""H(109cm)26""D(66cm)"
95861,https://m.media-amazon.com/images/I/618wkF58FPL.jpg,311997,height,"31.5""7.9'30 Ib7.9'14'100 Ib65.7""15""160 Ib34.3""15.6'160 Ib31.5""7.9""9"
95862,https://m.media-amazon.com/images/I/618wocSj51L.jpg,844474,height,Product Details6933.5 cm22 cm28 cm16 cmWater Repellent MaterialSide PocketsComfortable Handle
95863,https://m.media-amazon.com/images/I/618wt8-j4XL.jpg,638301,width,"Size measurement65 inch1429mmlength804mmScreen and frame Integrated models, pleasedirectly measure the border"
95864,https://m.media-amazon.com/images/I/618wt8-j4XL.jpg,638301,height,"Size measurement65 inch1429mmlength804mmScreen and frame Integrated models, pleasedirectly measure the border"
95865,https://m.media-amazon.com/images/I/618wt8-j4XL.jpg,638301,depth,"Size measurement65 inch1429mmlength804mmScreen and frame Integrated models, pleasedirectly measure the border"
95866,https://m.media-amazon.com/images/I/618wtw3b2PL.jpg,721542,width,PRODUCT SIZECOMBINATIONPOCKTE SIZEDoNot94cm/37in37.Scml | 4.8inPOOLCANOPYBASKETBALL HOOP1136.Scml | 4.3in1
95867,https://m.media-amazon.com/images/I/618wtw3b2PL.jpg,721542,depth,PRODUCT SIZECOMBINATIONPOCKTE SIZEDoNot94cm/37in37.Scml | 4.8inPOOLCANOPYBASKETBALL HOOP1136.Scml | 4.3in1
95868,https://m.media-amazon.com/images/I/618wtw3b2PL.jpg,721542,height,PRODUCT SIZECOMBINATIONPOCKTE SIZEDoNot94cm/37in37.Scml | 4.8inPOOLCANOPYBASKETBALL HOOP1136.Scml | 4.3in1
95869,https://m.media-amazon.com/images/I/618wxIXrhQL.jpg,276611,height,"FRONT VIEWSIDE VIEW24422'12"""
95870,https://m.media-amazon.com/images/I/618wzCJrAwL.jpg,115666,height,31.5 IN11.81 INsimplenome5.51 IN15.98 IN6.89 IN29.53 IN@ 0.98 IN
95871,https://m.media-amazon.com/images/I/618wzCJrAwL.jpg,115666,width,31.5 IN11.81 INsimplenome5.51 IN15.98 IN6.89 IN29.53 IN@ 0.98 IN
95872,https://m.media-amazon.com/images/I/618wzzu1wQL.jpg,437623,depth,18.6 cm/7.32 inch1
95873,https://m.media-amazon.com/images/I/618x+qGHvdL.jpg,140266,depth,"E883,8 cm /1.5"""
