index,image_link,group_id,entity_name,e
96874,https://m.media-amazon.com/images/I/619WnV6K6nL.jpg,148807,height,Aspect Ratio16.94.9 ft9 ft16 ft5.9 ftNOTE: The blower need to remain on to keepinflated  Please ZIP UP the zipper before inflating:11.6 ft9 ft4.6 ft
96875,https://m.media-amazon.com/images/I/619WtPzzhrL.jpg,276611,width,"46.75""15.5""14""7.75""30.25""23.5""12.5"""
96876,https://m.media-amazon.com/images/I/619Wth1cXvL.jpg,241608,width,"08188]883254 [1""10381. 0[15""]245. 0 [9 5/8""431,8 [17""]254. 0[10"" ]88Sink DimensionsExternal Size: 17"" x 19"" x 10""Drain Opening: 3.5""Internal Size: 15""x 16""x 10""Minimum Cabinet Size: 20""IgI?81V2""4IzF"
96877,https://m.media-amazon.com/images/I/619WumM23yL.jpg,347404,height,6SinScm/2.60cm/23.16in
96878,https://m.media-amazon.com/images/I/619X-6v1YgL.jpg,849273,height,"24.5""/62.2cm14""/35.6cm"
96879,https://m.media-amazon.com/images/I/619X2jsFQpL.jpg,276611,height,{8181 cm58cm
96880,https://m.media-amazon.com/images/I/619X38vzTGL.jpg,648011,width,0.95m10.95m200m1OOmm
96881,https://m.media-amazon.com/images/I/619X7QryZ+L.jpg,521308,height,"83.117.3""62.6""22.3""44.5""34.3""10.6""42.1""31.9""25.218.521.3""6.7""54.3"""
96882,https://m.media-amazon.com/images/I/619X90igcgL.jpg,529489,maximum_weight_recommendation,Pushup Handle holdsHigh sideup to 220 bs/1OO kg795I14cm/5.Tin
96883,https://m.media-amazon.com/images/I/619X90igcgL.jpg,529489,item_weight,Pushup Handle holdsHigh sideup to 220 bs/1OO kg795I14cm/5.Tin
96884,https://m.media-amazon.com/images/I/619XASGq-UL.jpg,478357,width,111.8in4Oin
96885,https://m.media-amazon.com/images/I/619XAt2gwnL.jpg,667819,depth,"5'10"""
96886,https://m.media-amazon.com/images/I/619XAt2gwnL.jpg,667819,width,"5'10"""
96887,https://m.media-amazon.com/images/I/619XBVJN7CL.jpg,713763,depth,"Happ ,0uiSpecuL (Yo{68cmFUnnyDUDE"
96888,https://m.media-amazon.com/images/I/619XDxW76pL.jpg,178778,height,5.1INCH3 INCH7.3INCH
96889,https://m.media-amazon.com/images/I/619XKF4epUL.jpg,478357,width,"8.75""10.75""18""19.5""11.25""7.25""3.75""2.25""215v17,.75""42.25""21,.75""11.25""19.5"""
96890,https://m.media-amazon.com/images/I/619XLDH69IL.jpg,599772,height,28cm5Extra ThickStable BaseSmooth Surface
96891,https://m.media-amazon.com/images/I/619XLDH69IL.jpg,599772,width,28cm5Extra ThickStable BaseSmooth Surface
96892,https://m.media-amazon.com/images/I/619XLDH69IL.jpg,599772,depth,28cm5Extra ThickStable BaseSmooth Surface
96893,https://m.media-amazon.com/images/I/619XR6G6MNL.jpg,162326,item_volume,"WeedFeedScotts:LIQUIDTurf BuilderWiTH PLUSZ. WEED CONTROLCon conirol de malezas PLUS 2""WEED & FEEDKILLS DANDELIONS; CLovER &OTHERLAWN WEEDS202 COVERS UPTO 600o 89 FT KEEPQU AFREAcH OF GHLOREKrtne4F2ME Lareoventsne sar""QAudi240Mcton0p-ODimathyamnesjir""""LS ?IbeRchlecnlon ?Dimaunamtesn"""" 10gther Ijrediets:5431PRECAUCNzhturIco0 TOTAL:NET COMTENTSCOHTENDO NETO *2 Nloz Q46m)LISTEDApE RLCANDEDELOSHRS"
96894,https://m.media-amazon.com/images/I/619XWn4WlCL.jpg,816782,width,17 INMonTVoo0.2 IN59 IN
96895,https://m.media-amazon.com/images/I/619XY9s+KnL.jpg,115666,height,72cmHlal056cm32cm
96896,https://m.media-amazon.com/images/I/619XZlzXSCL.jpg,276611,height,"Up toIbs70 Ibs15.75""5611""53.3""13.4""7.28""29.72""9.44""23.22""58"""
96897,https://m.media-amazon.com/images/I/619XqIPRa1L.jpg,659650,height,125mm4Omm130mm
96898,https://m.media-amazon.com/images/I/619XuYbkvES.jpg,208023,depth,A4AlulA4 frameAluminiumPost FrPhotTo HoldPortraitPost Frame/Print FrameFreestaPhotos & CertificatesTo Hold 210mm x 297mmFREEDELIERPortrait & Landscape DisplayFreestandingWall HangingFREEDELIERYRECYCLABLEMOSEA RON
96899,https://m.media-amazon.com/images/I/619XuYbkvES.jpg,208023,width,A4AlulA4 frameAluminiumPost FrPhotTo HoldPortraitPost Frame/Print FrameFreestaPhotos & CertificatesTo Hold 210mm x 297mmFREEDELIERPortrait & Landscape DisplayFreestandingWall HangingFREEDELIERYRECYCLABLEMOSEA RON
96900,https://m.media-amazon.com/images/I/619XzsmH4qL.jpg,594224,height,JJJJvNnd829 inchM{
96901,https://m.media-amazon.com/images/I/619Y0cO68GL.jpg,386873,item_weight,12nm MediaTekBased on a 12nm production process; theMediaTek Helio A22 processor is capableHelio A22of up to 2.OGHz clock speeds ensuringstable and smooth gaming andUp to 3GB + 16GBentertainment experience12nmProduction ProcessMediateKhelioA22Up to 2.0GHzClock SpeedsUp to 3GB + 16GBRAMROM
96902,https://m.media-amazon.com/images/I/619Y0zZQbYL.jpg,701880,maximum_weight_recommendation,"Mini Size, Mighty Load BearingDynamic load-bearing capacity:up toSkg5kg:"
96903,https://m.media-amazon.com/images/I/619Y0zZQbYL.jpg,701880,item_weight,"Mini Size, Mighty Load BearingDynamic load-bearing capacity:up toSkg5kg:"
96904,https://m.media-amazon.com/images/I/619Y3ICRmCL.jpg,919484,height,18 cm14 cm81r-7 8s
96905,https://m.media-amazon.com/images/I/619Y6m29kuL.jpg,469317,height,"Polyestercanvas21.2""38.3""22.1""31.1""Easy to collapsefor compact storageEasy to carry7.1""28.5""Folds flat"
96906,https://m.media-amazon.com/images/I/619Y6m29kuL.jpg,469317,depth,"Polyestercanvas21.2""38.3""22.1""31.1""Easy to collapsefor compact storageEasy to carry7.1""28.5""Folds flat"
96907,https://m.media-amazon.com/images/I/619Y9N85LjL.jpg,242256,height,"150cm/59.05in54&32$084 /""TRY THAT IN A7SMALL TOWN"
96908,https://m.media-amazon.com/images/I/619Y9N85LjL.jpg,242256,depth,"150cm/59.05in54&32$084 /""TRY THAT IN A7SMALL TOWN"
96909,https://m.media-amazon.com/images/I/619Y9NPmZJL.jpg,784538,depth,"10 INCHESChR | stophE RNOLA NILMINTCRcTcLLA R9HATHEHKcconaugheyAahi~HaimahayJESSICACMAETAIMMicuaclCA""NOVEMBERThE0 +R ELJor@@FTHEdARKKNGhTTR06Kndnception2eKua70VctsIMAX aD"
96910,https://m.media-amazon.com/images/I/619Y9NPmZJL.jpg,784538,width,"10 INCHESChR | stophE RNOLA NILMINTCRcTcLLA R9HATHEHKcconaugheyAahi~HaimahayJESSICACMAETAIMMicuaclCA""NOVEMBERThE0 +R ELJor@@FTHEdARKKNGhTTR06Kndnception2eKua70VctsIMAX aD"
96911,https://m.media-amazon.com/images/I/619YIVJjjpL.jpg,801829,width,12.99in20.08inF~20.0gin15.38in{g
96912,https://m.media-amazon.com/images/I/619YL3sIrjL.jpg,243137,depth,04ft120cm)6ft(18Ocm)
96913,https://m.media-amazon.com/images/I/619YVnf7oDL.jpg,145452,depth,780.O0mmSize / Talla12.1OzVolumeVolumen360mlWeightPeso300 g
96914,https://m.media-amazon.com/images/I/619YVua+zHL.jpg,478357,height,72CM15OCM9OCM72CM22OCM9OCM
96915,https://m.media-amazon.com/images/I/619YZgAJjxL.jpg,929719,height,Magnet icorDouble-s idedAdhes ive FixingMagnetic7. 3cm2.88inch11
96916,https://m.media-amazon.com/images/I/619YZgAJjxL.jpg,929719,width,Magnet icorDouble-s idedAdhes ive FixingMagnetic7. 3cm2.88inch11
96917,https://m.media-amazon.com/images/I/619Ybfwh6QL.jpg,276611,height,"DIMENSIONMaIliHICRICKAT25'43'25'3.5""22"""
96918,https://m.media-amazon.com/images/I/619Ybk-hWfL.jpg,487566,width,"ONE SIZE FOR ALL PERSON30""34""78'"
96919,https://m.media-amazon.com/images/I/619YbkYX9+L.jpg,279307,item_weight,DvCVACBAGSBolsasAspiradora Sacs & aspirateurDESIGNEDDISEMADOCONcu PourTOFTMedidasadaptenaEurekaFeGBAGS3BOLSASSACS
96920,https://m.media-amazon.com/images/I/619YdTvJy0S.jpg,318770,wattage,"0oCHARGING6zcYOUR MAC80esc80%23WERGOW-SD2XMacbook Air anda13"" MacBook Pro onlycontroloptioncommandGua"
96921,https://m.media-amazon.com/images/I/619Ydx9SE6S.jpg,687759,height,"8wiss dedi-senwell made forever14529251616 1/8""12""Rough-inSM-1T256MB15/1615/1615/1613/1615/16"
96922,https://m.media-amazon.com/images/I/619YfFYP1BL.jpg,810266,height,2.5 inchU5.5 inch~11 Z.2.1 inch
96923,https://m.media-amazon.com/images/I/619YfFYP1BL.jpg,810266,depth,2.5 inchU5.5 inch~11 Z.2.1 inch
96924,https://m.media-amazon.com/images/I/619YqXvuJDL.jpg,762585,height,[78mm/3.07inAlien [Go880mm/3.15in1 1/4 SIZE
96925,https://m.media-amazon.com/images/I/619Ys9iVZML.jpg,149159,height,"neatlyAII-Purpose OrganizerSimple yet super versatile953i3-713.4inchinch9.4k"""
96926,https://m.media-amazon.com/images/I/619Ys9iVZML.jpg,149159,width,"neatlyAII-Purpose OrganizerSimple yet super versatile953i3-713.4inchinch9.4k"""
96927,https://m.media-amazon.com/images/I/619YtQeLpCL.jpg,523195,height,3g8cm/3.Iin 3.8cm/1.Sin
96928,https://m.media-amazon.com/images/I/619Yu4FwS2L.jpg,931247,width,SIZE SHOWhc ticHohcH60inFhc(152.4cm)8Ho wha60in(152.4cm)HOho.HOHoha HO.[ho Ho
96929,https://m.media-amazon.com/images/I/619Yu4FwS2L.jpg,931247,depth,SIZE SHOWhc ticHohcH60inFhc(152.4cm)8Ho wha60in(152.4cm)HOho.HOHoha HO.[ho Ho
96930,https://m.media-amazon.com/images/I/619Z+Wxp59L.jpg,640408,depth,20cm18cm13cm9cm8cm6cm
96931,https://m.media-amazon.com/images/I/619Z+Wxp59L.jpg,640408,width,20cm18cm13cm9cm8cm6cm
96932,https://m.media-amazon.com/images/I/619Z+Wxp59L.jpg,640408,height,20cm18cm13cm9cm8cm6cm
96933,https://m.media-amazon.com/images/I/619Z2FgP6OL.jpg,823083,depth,{58520cm/8in14cm/5.Sin
96934,https://m.media-amazon.com/images/I/619ZGx3jQdL.jpg,675317,depth,Product SizeDimensionsDimeneter:1.4 inHeight:1.0 in1.4 inScrew Length0.78 in(22mm)1.77 in(4Smm)1.0 inSolid MaterialZincComes with two types of screwsfor perfectfit on all thicknesses ofwood:.Alloy
96935,https://m.media-amazon.com/images/I/619ZT0FIGPL.jpg,464488,depth,25 mm/O.98 inchStainless SteelIoEngraving Hereby my side1Bat? forever3in ry leant30 mm/1.18 inchSeries: Pet UrnWeight: About 30 g(1.06 02)TIPSmanual measuring permissible error(ongov
96936,https://m.media-amazon.com/images/I/619ZT0FIGPL.jpg,464488,height,25 mm/O.98 inchStainless SteelIoEngraving Hereby my side1Bat? forever3in ry leant30 mm/1.18 inchSeries: Pet UrnWeight: About 30 g(1.06 02)TIPSmanual measuring permissible error(ongov
96937,https://m.media-amazon.com/images/I/619ZTzoVsjL.jpg,483370,depth,Back7.8inch12inchHigh quality 3D rebound cottonSatisfy your delicate life needs
96938,https://m.media-amazon.com/images/I/619ZTzoVsjL.jpg,483370,height,Back7.8inch12inchHigh quality 3D rebound cottonSatisfy your delicate life needs
96939,https://m.media-amazon.com/images/I/619ZY4zLuAL.jpg,267182,depth,"Can hold hall-mounted beveragessmaller than 6.Scm in diameter2.5in6.5CM18cm7ind10.9cm4.2inReminder: Pure manual measurement, 1-3cm error is completely normal"
96940,https://m.media-amazon.com/images/I/619ZeViDD9L.jpg,640565,height,Modern style design14inch4 inchSuitable for AII Types of Cups
96941,https://m.media-amazon.com/images/I/619ZeViDD9L.jpg,640565,depth,Modern style design14inch4 inchSuitable for AII Types of Cups
96942,https://m.media-amazon.com/images/I/619ZeViDD9L.jpg,640565,width,Modern style design14inch4 inchSuitable for AII Types of Cups
96943,https://m.media-amazon.com/images/I/619ZlCz7OyL.jpg,140266,width,"Best Choice for Nano Cube Tank3.9""1.2""3.9""AdjustableBracket6""-11.8""6""-9.8"""
96944,https://m.media-amazon.com/images/I/619Zls669oL.jpg,284992,height,15in20in6in
96945,https://m.media-amazon.com/images/I/619ZvDyYhML.jpg,208023,width,LAURA ASHLEY12.5 in10.5 infits 8x10 photo
96946,https://m.media-amazon.com/images/I/619ZvDyYhML.jpg,208023,depth,LAURA ASHLEY12.5 in10.5 infits 8x10 photo
96947,https://m.media-amazon.com/images/I/619Zwb016RL.jpg,192915,height,"8.5""4.9"""
96948,https://m.media-amazon.com/images/I/619Zwb016RL.jpg,192915,depth,"8.5""4.9"""
96949,https://m.media-amazon.com/images/I/619aBch1T4L.jpg,611510,height,"18.11""14.17 in-13.77""F20.47 in14.96 in23.62 in32.67 in35.03 in43.30 in16.15 in"
96950,https://m.media-amazon.com/images/I/619aDHfGJtL.jpg,219211,item_weight,"1311 + MAAPDLC special power supply#STyp:130150wI10owI15012001300wI4001500wMAIN:ZACT1OVAC220vIM #OUT :IAC36VIAC48vIAC6ov#tSpec:DilzLtetgAPP8ATTENTIONGEE)EjeEtURkYBuilt-in replaceable fuseMESE,13M#874Please do not install with high voltageAtas-*eThniyPlease follow the arrow instructions to install127e'sFx#ia*IREIElectric supplySwitchIn PDLC Glass"
96951,https://m.media-amazon.com/images/I/619aDHfGJtL.jpg,219211,wattage,"1311 + MAAPDLC special power supply#STyp:130150wI10owI15012001300wI4001500wMAIN:ZACT1OVAC220vIM #OUT :IAC36VIAC48vIAC6ov#tSpec:DilzLtetgAPP8ATTENTIONGEE)EjeEtURkYBuilt-in replaceable fuseMESE,13M#874Please do not install with high voltageAtas-*eThniyPlease follow the arrow instructions to install127e'sFx#ia*IREIElectric supplySwitchIn PDLC Glass"
96952,https://m.media-amazon.com/images/I/619aIPya8ML.jpg,220662,depth,46.5in5.9in=72Heavier DesignMakes the coastermore stable
96953,https://m.media-amazon.com/images/I/619aIPya8ML.jpg,220662,height,46.5in5.9in=72Heavier DesignMakes the coastermore stable
96954,https://m.media-amazon.com/images/I/619aTZyaCxL.jpg,507988,width,12{MolaLLY2575'254avobu
96955,https://m.media-amazon.com/images/I/619aTuNJ8IL.jpg,242256,depth,3ft(gocm)5 ft(15ocm)
96956,https://m.media-amazon.com/images/I/619afyfIaiL.jpg,347404,width,"45""3.5""8.6""3.34""6.1"""
96957,https://m.media-amazon.com/images/I/619afyfIaiL.jpg,347404,height,"45""3.5""8.6""3.34""6.1"""
96958,https://m.media-amazon.com/images/I/619ajI5aIjL.jpg,116155,depth,List of packaged productsWve 4TOCOMCBagsHammergemstone guidewhite goggles0Glasses caseMagnifying glassWhistleDigging chisel 25*200mmDigging chisel 25*250mmDigging chisel 25*300mm
96959,https://m.media-amazon.com/images/I/619ajI5aIjL.jpg,116155,height,List of packaged productsWve 4TOCOMCBagsHammergemstone guidewhite goggles0Glasses caseMagnifying glassWhistleDigging chisel 25*200mmDigging chisel 25*250mmDigging chisel 25*300mm
96960,https://m.media-amazon.com/images/I/619ajgpAnAL.jpg,550840,height,22mm0.87inchGrobe100%45 mm245 mm1.77 zoll1028MAX: 9.65 zoll155 mmMIN:06 Thursday6.1 zoll35 mm1.38 zoll188255 mm10 zollLange Akkulaufzeit15TageStandby80%Tage3Normale NutzungStunde2Laden Sie
96961,https://m.media-amazon.com/images/I/619aokLTxyL.jpg,625310,item_weight,"16packPeakPYLE""PoowPowerPDIC61RD2-WAYIN-CEILINGSpeAKERSYSTEM6OneeraSisie4Rks 41SPEAKERMIDBASS =TWEETER1/2""DIRECTABLEwarrantyyear"
96962,https://m.media-amazon.com/images/I/619aotUzfOL.jpg,226504,height,4Ocm36cm32cm
96963,https://m.media-amazon.com/images/I/619asjrU6LL.jpg,208023,height,"IKEARIBBAMade in21x30 cmUnterUKEA Systems3"" )UKEA of Sweden AD(8 Vaxt15E-1430.6 kg1.2 Ibs24""13x1821675003.783.99(8 Vaxt1 %"")623PAPIva J092,Frei MontalCLSpA;Palmas 2796Yexico;RUT: 76.993.Av Paseo dado c241 28 900,de € V:L1OOQTel""MiquelIKEAMXLomas deInt; 403-en;TelePatameB,v70201Almhultcm21x30m(Sx7"")ChteSntugo;RencsEdujrdoPresidentePOLONIAAreniduIR50Hecho859-Muc;Impontadorfdistnbuidor;Cludud =CPMen co;Hidsloosupplsccin,Impontador distrbuidorCnapulteper""POL ONIA""404Hecho41-4532800-"
96964,https://m.media-amazon.com/images/I/619au8liH5L.jpg,181357,depth,150cm52cm
96965,https://m.media-amazon.com/images/I/619au8liH5L.jpg,181357,height,150cm52cm
96966,https://m.media-amazon.com/images/I/619b99XBevL.jpg,752266,width,2cm30cm3000K24W3000K1680LMIP2O185V-2561
96967,https://m.media-amazon.com/images/I/619bC2oNGHL.jpg,526954,width,16cm420mm18mm80mm
96968,https://m.media-amazon.com/images/I/619bCeFT5JL.jpg,386873,item_weight,"PowerVolume -Fingerprint unlockVolume+"" | X > |EarphoneCustomizedTYPE-CSlM?SImtMicroSDMicro SDISIM166*81.1*15.ImmCorning tempered720144018.96300mAhGlassKeyKey297g"
96969,https://m.media-amazon.com/images/I/619bFODjjbL.jpg,416664,depth,65-70cm/25.59-27.56in18200cm/78.74in25cm/9.84in
96970,https://m.media-amazon.com/images/I/619bFODjjbL.jpg,416664,width,65-70cm/25.59-27.56in18200cm/78.74in25cm/9.84in
96971,https://m.media-amazon.com/images/I/619bFogFQTL.jpg,521308,height,86.36cm194.06cm77.98cm
96972,https://m.media-amazon.com/images/I/619bHhskLkL.jpg,237000,height,"Patio Table Coverupto 84"" x 84"" x28""xHeight:28""Depth:84""Width: 84""Porch ShieldFully-covered Protection"
96973,https://m.media-amazon.com/images/I/619bMpq-rVL.jpg,145452,depth,Sizes1 Litre500ml320mm265mmproworksprowocks7lmm9OmmPerfect sizeSupersizewater bottlewater bottle
96974,https://m.media-amazon.com/images/I/619bToGR-mL.jpg,881883,depth,"HoW TO CHOOSE SIZECURTAIN SIZE52"" X63""52"" X84""|52"" X96""|Pole Width(suggestion)S2inchsct)30""-60""63inch84inch96 inchPleasea/ low sl ight deviationdueto handhemming:"
96975,https://m.media-amazon.com/images/I/619bU0XevLL.jpg,442321,height,"30.25""47.5""16.1"""
96976,https://m.media-amazon.com/images/I/619bXLN35AL.jpg,107694,height,0pELEVOH10.6 inch5.5 inch
96977,https://m.media-amazon.com/images/I/619bY+KcpoL.jpg,865691,depth,15EQ Y {ti+IE?IBL <23cm1
96978,https://m.media-amazon.com/images/I/619bY+KcpoL.jpg,865691,width,15EQ Y {ti+IE?IBL <23cm1
96979,https://m.media-amazon.com/images/I/619bbtIb2OL.jpg,529606,depth,98GIVA.5SCENTED CANDLES3Citrus &Lightinga flicker of hope imbuedwith classic fragrance285 g / 3 ozWWW .giva.co0cm23458Diameter: 75mmSage
96980,https://m.media-amazon.com/images/I/619bbtIb2OL.jpg,529606,width,98GIVA.5SCENTED CANDLES3Citrus &Lightinga flicker of hope imbuedwith classic fragrance285 g / 3 ozWWW .giva.co0cm23458Diameter: 75mmSage
96981,https://m.media-amazon.com/images/I/619bc6V+9IL.jpg,877667,width,127mm/SinCotton38mm/1.SinFilter out hair; sedimentand debris to clean waterActivated carbonAdsorb impurities and odor;keep the water fresh and cleanResinSoften water andreduce the chance of lithiasis8mm/0.31in]
96982,https://m.media-amazon.com/images/I/619bc6V+9IL.jpg,877667,height,127mm/SinCotton38mm/1.SinFilter out hair; sedimentand debris to clean waterActivated carbonAdsorb impurities and odor;keep the water fresh and cleanResinSoften water andreduce the chance of lithiasis8mm/0.31in]
96983,https://m.media-amazon.com/images/I/619bc9IKcIL.jpg,810266,height,"12pcs8.5cmlpcslcmFUTUREIlahiiee6cmIpcsFuTURE:Wahike8Nj"":"
96984,https://m.media-amazon.com/images/I/619biXJcMcL.jpg,478357,height,"Product Size12.6""_4.5""11.2""15.75'15.75""15.75""20.895.12"""
96985,https://m.media-amazon.com/images/I/619blCppF-L.jpg,442321,width,"66.14""49.21""29.53"""
96986,https://m.media-amazon.com/images/I/619bmGxToWL.jpg,766786,maximum_weight_recommendation,"Lightweight & Easy to CarryMax. Load: 6.6lbs18Tripod Weight: 1.4lbs50'895'29'17.7""17.5"""
96987,https://m.media-amazon.com/images/I/619bmGxToWL.jpg,766786,item_weight,"Lightweight & Easy to CarryMax. Load: 6.6lbs18Tripod Weight: 1.4lbs50'895'29'17.7""17.5"""
96988,https://m.media-amazon.com/images/I/619bqr7vmNL.jpg,810266,depth,Size#J10.5cmLem8.7cm8260gXgjzk75471}{450ml{350mlSnLess843377702
96989,https://m.media-amazon.com/images/I/619bqr7vmNL.jpg,810266,height,Size#J10.5cmLem8.7cm8260gXgjzk75471}{450ml{350mlSnLess843377702
96990,https://m.media-amazon.com/images/I/619bshKPObL.jpg,970563,height,"62I43.1 In3.1 InX4pieces28 InX 4pieces1 In0.3 InX28 piecesX4piecesA1,.2 In"
96991,https://m.media-amazon.com/images/I/619btItjCTL.jpg,115666,height,31.5in11in17.7in
96992,https://m.media-amazon.com/images/I/619btKuuFlL.jpg,844474,width,Fashion BackpackMaterial: Oxford ClothWeight:  0.52kg28cm30cm2 ]cmL12cm24cm[
96993,https://m.media-amazon.com/images/I/619btKuuFlL.jpg,844474,height,Fashion BackpackMaterial: Oxford ClothWeight:  0.52kg28cm30cm2 ]cmL12cm24cm[
96994,https://m.media-amazon.com/images/I/619by71gz9L.jpg,784538,width,860inch
96995,https://m.media-amazon.com/images/I/619by71gz9L.jpg,784538,depth,860inch
96996,https://m.media-amazon.com/images/I/619bzPbOeqL.jpg,886874,depth,"730,1Prodluct ParamelersThe wiper is made of apiece of silicon19SILICONEBLADEJCarCareProducts2cm/l9in"
96997,https://m.media-amazon.com/images/I/619bzPbOeqL.jpg,886874,width,"730,1Prodluct ParamelersThe wiper is made of apiece of silicon19SILICONEBLADEJCarCareProducts2cm/l9in"
96998,https://m.media-amazon.com/images/I/619c+hDrZEL.jpg,931856,height,3inchFull BlossomLife Like21 . 2inchEasy to Bent or Cut
96999,https://m.media-amazon.com/images/I/619c+hDrZEL.jpg,931856,width,3inchFull BlossomLife Like21 . 2inchEasy to Bent or Cut
97000,https://m.media-amazon.com/images/I/619c+hDrZEL.jpg,931856,depth,3inchFull BlossomLife Like21 . 2inchEasy to Bent or Cut
97001,https://m.media-amazon.com/images/I/619c1RfcCJL.jpg,752266,depth,Product Length12Qinch108inchIFT110inch1OQinch9Oinch8Oinch70inch/5.83FTZOinch6Oinch55inchl4.56FT23inchl1.9FT
97002,https://m.media-amazon.com/images/I/619c1RfcCJL.jpg,752266,width,Product Length12Qinch108inchIFT110inch1OQinch9Oinch8Oinch70inch/5.83FTZOinch6Oinch55inchl4.56FT23inchl1.9FT
97003,https://m.media-amazon.com/images/I/619c2ExEyaL.jpg,916768,height,1000 ML2.55inch0BPA FREEFOODLEAKFREEZERDISHWASHERMICROWAVESAFEPROOFSAFESAFESAFEcxoscaleGlassinch6.298.26inch
97004,https://m.media-amazon.com/images/I/619c2SQUTqS.jpg,235178,item_weight,Products Information1Brand:BESASA~/~|Frame:Metal + PC51mm19mmLens:PC143mmWeight:Gender:UnisexFunction: Anti Blue Light134mm25.4 g
97005,https://m.media-amazon.com/images/I/619cHyCCgOS.jpg,178778,depth,"Large capacity, big enough to hold dailyneeds cosmetics, makeup brushes as wellasbeauty sponge, etc:3.5 in(9 cm)Handle designed is convenient to carry,and the sturdy zipper can better protectyour cosmetics.3.1 in(8 cm)8.2 in(21 cm)"
97006,https://m.media-amazon.com/images/I/619cP18mGwL.jpg,866516,height,21cm~ R %llcm3 7WJz13cm
97007,https://m.media-amazon.com/images/I/619cP18mGwL.jpg,866516,depth,21cm~ R %llcm3 7WJz13cm
97008,https://m.media-amazon.com/images/I/619cS8B2gqL.jpg,594224,width,SIZE1.9inch3.9inch3.9inchIpcs
97009,https://m.media-amazon.com/images/I/619cU6BhqtL.jpg,801829,height,5Gcm5649 cm
97010,https://m.media-amazon.com/images/I/619cXHgYdsL.jpg,752266,width,The longest distancefrom the wall is 24cmBase length 20cmThe shortest distancefrom the wal] is 17cmBase height 5.ScmnLamp body length 7Ucm
97011,https://m.media-amazon.com/images/I/619cf-W4iyL.jpg,894599,height,Product Size35mm811
97012,https://m.media-amazon.com/images/I/619cf-W4iyL.jpg,894599,width,Product Size35mm811
97013,https://m.media-amazon.com/images/I/619cioD7ipS.jpg,752266,height,Product DimensionPlease read the dimension carefully before purchasing110mm117
97014,https://m.media-amazon.com/images/I/619cioD7ipS.jpg,752266,depth,Product DimensionPlease read the dimension carefully before purchasing110mm117
97015,https://m.media-amazon.com/images/I/619cioD7ipS.jpg,752266,width,Product DimensionPlease read the dimension carefully before purchasing110mm117
97016,https://m.media-amazon.com/images/I/619cpTOCJoL.jpg,549052,depth,Ball Size Fit Cat's Paw WellCat Won't Be Afraid It; Easier to Push It4.cmSmaller Than Others Cat Ball
97017,https://m.media-amazon.com/images/I/619cpTOCJoL.jpg,549052,height,Ball Size Fit Cat's Paw WellCat Won't Be Afraid It; Easier to Push It4.cmSmaller Than Others Cat Ball
97018,https://m.media-amazon.com/images/I/619ctj-1T+L.jpg,468949,height,"50 cm!11520"" ,3cm56 cm201 cm150 cm140 cm"
97019,https://m.media-amazon.com/images/I/619cznMKXlL.jpg,801829,height,HEIGHT:75CMFLOOR TOLOUNGER3OCMWIDTH:2OOCMDEPTH:52CM
97020,https://m.media-amazon.com/images/I/619d+72ywjL.jpg,469317,height,15.4inch/11.0inch28cm18.linch46cm11.8inch30cm10.10.6inch/ 27cm39cm12cm4.7inch/6inch/27cm12cm4.7inch/
97021,https://m.media-amazon.com/images/I/619d6YFSqIL.jpg,866516,width,8[1let thelittle childrencome to meMatthew6.3cm/2.48inch1119:16
97022,https://m.media-amazon.com/images/I/619d6YFSqIL.jpg,866516,depth,8[1let thelittle childrencome to meMatthew6.3cm/2.48inch1119:16
97023,https://m.media-amazon.com/images/I/619d6iEI3EL.jpg,784538,width,"9.8""18.9""25 X 2 X 48 cm / 9.8 X 0.8 X 18.9 inch2"
97024,https://m.media-amazon.com/images/I/619dC7vRrNL.jpg,810266,depth,"3.65""010OZHIGH QUALITYCAPACITYCERAMIC3.65""LIMITEDEDITIONTYEARS30OFBEINGDishwasherBRIGHTMRSsafeDURABLE INKALWAYS RIGHT4.95""LOVE ITGUARANTEEGrne"
97025,https://m.media-amazon.com/images/I/619dC7vRrNL.jpg,810266,height,"3.65""010OZHIGH QUALITYCAPACITYCERAMIC3.65""LIMITEDEDITIONTYEARS30OFBEINGDishwasherBRIGHTMRSsafeDURABLE INKALWAYS RIGHT4.95""LOVE ITGUARANTEEGrne"
97026,https://m.media-amazon.com/images/I/619dI9weiQL.jpg,258617,depth,I100PACK1.5 inch38.1mmFits up to 1.2 inchesor smaller diameter rod0083
97027,https://m.media-amazon.com/images/I/619dI9weiQL.jpg,258617,width,I100PACK1.5 inch38.1mmFits up to 1.2 inchesor smaller diameter rod0083
97028,https://m.media-amazon.com/images/I/619dII4ZfdL.jpg,784538,depth,78.7 inch/zOOcm59.1 inch[150cm
97029,https://m.media-amazon.com/images/I/619dIoT1EKL.jpg,180410,height,"SIZEWeight: 0.ogkg6.73.54Meous1.18""MeouCutecatLUck4.52"""
97030,https://m.media-amazon.com/images/I/619dP9ogGZL.jpg,140266,height,"13.3cm/1.3""62Ocm/7.9""9cm/3.6""WEIGHT: 0.58kg/1.28lbSCENESProg:INSERTPROJ:DELETESTAND10_CROSSDoWNSELECTTIMERcontrollerDmXEMini"
97031,https://m.media-amazon.com/images/I/619dTPBSyCL.jpg,470067,height,"17cm/6_69""15cm/2. 54""5cm/1 . 97""4. 5cm/1.77"
97032,https://m.media-amazon.com/images/I/619dU2BfoyL.jpg,844474,height,26CM110.241N9.5CM21CM13.74IN18.27INWeight:0.44kgPode #tbait#amlataU
97033,https://m.media-amazon.com/images/I/619dZbxkTPL.jpg,318770,wattage,881IOOVALMAXIOOW Power DeliveryBuilt-inE-marker Chip
97034,https://m.media-amazon.com/images/I/619depZID1L.jpg,783898,height,13x13cm<FK0@
97035,https://m.media-amazon.com/images/I/619depZID1L.jpg,783898,width,13x13cm<FK0@
97036,https://m.media-amazon.com/images/I/619dfWGrk1L.jpg,382782,width,285mm1043NO NEED TO CHARGEWriting and display consume noOne battery lasts a yearLOCK THE CONTENT(2
97037,https://m.media-amazon.com/images/I/619dfWGrk1L.jpg,382782,height,285mm1043NO NEED TO CHARGEWriting and display consume noOne battery lasts a yearLOCK THE CONTENT(2
97038,https://m.media-amazon.com/images/I/619dfWGrk1L.jpg,382782,depth,285mm1043NO NEED TO CHARGEWriting and display consume noOne battery lasts a yearLOCK THE CONTENT(2
97039,https://m.media-amazon.com/images/I/619diVte6nL.jpg,284992,height,SIZE AND QUANTITY DISPLAY19.9cm/7.8in6Bag size:7.87in*9.84inchesHand size: 3.4 by 8.5 inchesPack 0f 25
97040,https://m.media-amazon.com/images/I/619diVte6nL.jpg,284992,depth,SIZE AND QUANTITY DISPLAY19.9cm/7.8in6Bag size:7.87in*9.84inchesHand size: 3.4 by 8.5 inchesPack 0f 25
97041,https://m.media-amazon.com/images/I/619doPUVgGL.jpg,549052,depth,_3 PCS351 inch2.2 inchinch
97042,https://m.media-amazon.com/images/I/619dqLnKzlS.jpg,648011,width,"Specifications80mm150WDotanosInchCm""F'c4101S652820I74242309535DERNORD16409630150W 2c€220-240v20500429Made in China105mm2460822828708027308077253590752440IC07323Ceramic Heat Emitter Bulb99.9% Heat Efficiencykmp"
97043,https://m.media-amazon.com/images/I/619dqLnKzlS.jpg,648011,depth,"Specifications80mm150WDotanosInchCm""F'c4101S652820I74242309535DERNORD16409630150W 2c€220-240v20500429Made in China105mm2460822828708027308077253590752440IC07323Ceramic Heat Emitter Bulb99.9% Heat Efficiencykmp"
97044,https://m.media-amazon.com/images/I/619dqqTG0rL.jpg,944936,depth,CARD AND ENVELOPE DIMENSIONSEVEN THOUgH VM NOTFROM YOUR sackf30KNOW YOU stlllHAvE MY Backi5.7in5.3in1.5 in1..5 in
97045,https://m.media-amazon.com/images/I/619dsyGOomL.jpg,453674,height,SIZE5_11.42 inch6.50 inch5.12 inch~7.87 inch 
97046,https://m.media-amazon.com/images/I/619dwclf3rS.jpg,524117,height,33cmBE Auicos03Ocm33cm
97047,https://m.media-amazon.com/images/I/619e1R4MjsL.jpg,823083,height,4.6 inch/11.7 cmd18FJ2.83 inch/7.2 cm13
97048,https://m.media-amazon.com/images/I/619e42hLSFL.jpg,261553,depth,4Ocm/15.75in
97049,https://m.media-amazon.com/images/I/619e42hLSFL.jpg,261553,height,4Ocm/15.75in
97050,https://m.media-amazon.com/images/I/619e42hLSFL.jpg,261553,width,4Ocm/15.75in
97051,https://m.media-amazon.com/images/I/619eDoRkNyL.jpg,276611,height,")30 cm(11.8""7585cm(29.5"""
97052,https://m.media-amazon.com/images/I/619eISg4v-L.jpg,507619,depth,140cm/15.74in
97053,https://m.media-amazon.com/images/I/619eKgiil2L.jpg,861555,height,"5""(127mm)5""5""(127mm)(127mm){91"
97054,https://m.media-amazon.com/images/I/619eRUNvpEL.jpg,944936,width,Product sizeOCyd;QIOCG:QS.UQGUEOU 81152mm[3omm163mmCUUCCOCTJ
97055,https://m.media-amazon.com/images/I/619eUMdnNlL.jpg,784538,width,2Ocm / 7.87in3;
97056,https://m.media-amazon.com/images/I/619eUMdnNlL.jpg,784538,depth,2Ocm / 7.87in3;
97057,https://m.media-amazon.com/images/I/619eUY4ylnL.jpg,668667,width,"Total Width15.74""4Ocm)S|Total Length354.33""(9m)Gift"
97058,https://m.media-amazon.com/images/I/619eUY4ylnL.jpg,668667,depth,"Total Width15.74""4Ocm)S|Total Length354.33""(9m)Gift"
97059,https://m.media-amazon.com/images/I/619eUY4ylnL.jpg,668667,height,"Total Width15.74""4Ocm)S|Total Length354.33""(9m)Gift"
97060,https://m.media-amazon.com/images/I/619eVaaBGeL.jpg,849273,height,16cmbcon10cm23cmOggg
97061,https://m.media-amazon.com/images/I/619eb0sAMBL.jpg,757743,depth,"821 CM858~88#happv12Mue8YOUV^8828F82""342272"
97062,https://m.media-amazon.com/images/I/619eb0sAMBL.jpg,757743,height,"821 CM858~88#happv12Mue8YOUV^8828F82""342272"
97063,https://m.media-amazon.com/images/I/619eb0sAMBL.jpg,757743,width,"821 CM858~88#happv12Mue8YOUV^8828F82""342272"
97064,https://m.media-amazon.com/images/I/619ebDbp8wL.jpg,433914,height,"37.5in36in81.5in79in1.75in4-9/16""4in"
97065,https://m.media-amazon.com/images/I/619ebDbp8wL.jpg,433914,width,"37.5in36in81.5in79in1.75in4-9/16""4in"
97066,https://m.media-amazon.com/images/I/619eboC+5mL.jpg,608041,item_volume,WNTENSIVECLEANSINGulntcd+nIoLLAGENClarilyingIgrcdccensratcd(150 ml)48MEDiHEALINTENSIVEHYDRATINGCLEANSINGNMF8ClarifyingIngredientsTested50 fL oz. (150 ml8FOAMMediHEALFOAMINTENSIVEHYDRATINGraizing'CLEANSINGDencdNMFLlcenForulalClaritngMoisturizing _Darmatologist TesteNeturally 55.0 fl;FOAMFormulated _INTENSIV(Moisturizing -LIFTINGNalurally-derivedCLEANSI1 Dermalologist =Ctan;FormulaledCOLL
97067,https://m.media-amazon.com/images/I/619ecP7wRZL.jpg,488964,width,"YOURBIGGESTDadFAN7""23""DADHAPPYTHANKS FOR THe#1GOOD LOOKS9.5""FAther $DADDAy17""Photo Booth Picture Frame & Props"
97068,https://m.media-amazon.com/images/I/619ecP7wRZL.jpg,488964,depth,"YOURBIGGESTDadFAN7""23""DADHAPPYTHANKS FOR THe#1GOOD LOOKS9.5""FAther $DADDAy17""Photo Booth Picture Frame & Props"
97069,https://m.media-amazon.com/images/I/619edj2qYmL.jpg,810266,width,"HOLDS128 ]8.25""OUNCES805"
97070,https://m.media-amazon.com/images/I/619edj2qYmL.jpg,810266,depth,"HOLDS128 ]8.25""OUNCES805"
97071,https://m.media-amazon.com/images/I/619edj2qYmL.jpg,810266,height,"HOLDS128 ]8.25""OUNCES805"
97072,https://m.media-amazon.com/images/I/619ef6B0AbL.jpg,970563,depth,"Available In 5Heights3""/7cmSAVE50%MONEY2""/Scm1YEAR WARRANTYEasily order the right size for your application:Available in 3"", 4"", 5"", 6"", 8"""
97073,https://m.media-amazon.com/images/I/619ef6B0AbL.jpg,970563,width,"Available In 5Heights3""/7cmSAVE50%MONEY2""/Scm1YEAR WARRANTYEasily order the right size for your application:Available in 3"", 4"", 5"", 6"", 8"""
