index,image_link,group_id,entity_name,e
98074,https://m.media-amazon.com/images/I/61AFGZMT+BL.jpg,483370,depth,"13""13"" Tall9"" Seated9.75""6.57"
98075,https://m.media-amazon.com/images/I/61AFGZMT+BL.jpg,483370,height,"13""13"" Tall9"" Seated9.75""6.57"
98076,https://m.media-amazon.com/images/I/61AFRqIoZGL.jpg,648011,width,50mm/ |.97INCHBase Standard GUI05WCourant alternatif220-245VDuree de vie > 2O000H6350 LumensjRumicetFaisceau lumineux a120Blanc froid 3000k
98077,https://m.media-amazon.com/images/I/61AFRqIoZGL.jpg,648011,height,50mm/ |.97INCHBase Standard GUI05WCourant alternatif220-245VDuree de vie > 2O000H6350 LumensjRumicetFaisceau lumineux a120Blanc froid 3000k
98078,https://m.media-amazon.com/images/I/61AFRqIoZGL.jpg,648011,depth,50mm/ |.97INCHBase Standard GUI05WCourant alternatif220-245VDuree de vie > 2O000H6350 LumensjRumicetFaisceau lumineux a120Blanc froid 3000k
98079,https://m.media-amazon.com/images/I/61AFU3WwEyL.jpg,478357,height,29cm79cm82cm59cm22cm
98080,https://m.media-amazon.com/images/I/61AFVl2WhVL.jpg,810266,depth,0L13Cm
98081,https://m.media-amazon.com/images/I/61AFVl2WhVL.jpg,810266,width,0L13Cm
98082,https://m.media-amazon.com/images/I/61AFaXWlBPL.jpg,430434,height,"Walnuss trifft BucheGERICOUHolzveredlung im bicolor StyleMAN |TUREGERMAN COUTUREdesign meets quality9,5 cmwalnut meets beechwood finishing inbicolor style8 cm2,2 cmGERICQuMAN(THbkF:"
98083,https://m.media-amazon.com/images/I/61AFaXWlBPL.jpg,430434,width,"Walnuss trifft BucheGERICOUHolzveredlung im bicolor StyleMAN |TUREGERMAN COUTUREdesign meets quality9,5 cmwalnut meets beechwood finishing inbicolor style8 cm2,2 cmGERICQuMAN(THbkF:"
98084,https://m.media-amazon.com/images/I/61AFdlCPc0L.jpg,886874,depth,28.Scm{8
98085,https://m.media-amazon.com/images/I/61AFdzWevVL.jpg,784538,depth,Single Poster size4.5 inch12.5 inch
98086,https://m.media-amazon.com/images/I/61AFdzWevVL.jpg,784538,width,Single Poster size4.5 inch12.5 inch
98087,https://m.media-amazon.com/images/I/61AFh6QM1kL.jpg,653767,depth,KEHRSEITE20IN /50 CM1
98088,https://m.media-amazon.com/images/I/61AFiEIGIlL.jpg,416664,height,Product SizeSpecificationsProduct Name: 5 IN 1 Desk LampWatt: 8WCRI: 90Lumens: 80OLM((4) Wireless Charging: 1OW Max21.7inch3000k0l8 Color Temperature: 4000k5000kWhat s In the box5Desk LampAdapterUser Manual5.4inch~9inch
98089,https://m.media-amazon.com/images/I/61AFiEIGIlL.jpg,416664,depth,Product SizeSpecificationsProduct Name: 5 IN 1 Desk LampWatt: 8WCRI: 90Lumens: 80OLM((4) Wireless Charging: 1OW Max21.7inch3000k0l8 Color Temperature: 4000k5000kWhat s In the box5Desk LampAdapterUser Manual5.4inch~9inch
98090,https://m.media-amazon.com/images/I/61AFkTYXlSL.jpg,998545,item_weight,PRODUCT SPECIFICATION23cm/9.05in2OLB20cm/7.87in15cm5.9inZOLB
98091,https://m.media-amazon.com/images/I/61AFl4FPg9L.jpg,810266,height,81 mm114 mm
98092,https://m.media-amazon.com/images/I/61AFl4FPg9L.jpg,810266,depth,81 mm114 mm
98093,https://m.media-amazon.com/images/I/61AFp67pKpL.jpg,365756,height,Flexible7.53.5 inch4.5 inch4.5 inchFit most smartphonesAdjustable(size up to 6.5 inch)Waist BeltMin Length28 inch4.56.53.54.04.35.5Max Length40 inchinchFutusto?
98094,https://m.media-amazon.com/images/I/61AFxaCyZcL.jpg,978900,height,"11,7cm/4.61in!33727.8cm/10.94in"
98095,https://m.media-amazon.com/images/I/61AFyJAg-iL.jpg,524117,height,Tapa seguraSe mantiene abierta a 609 0 menosy se cierra cuando quedan 5 cm de espacio48 cm7640cmcm
98096,https://m.media-amazon.com/images/I/61AG0EQAVfL.jpg,442321,height,Product Dimensions140cm115cmto69cm60cm60cm8@u114cm
98097,https://m.media-amazon.com/images/I/61AG0EQAVfL.jpg,442321,width,Product Dimensions140cm115cmto69cm60cm60cm8@u114cm
98098,https://m.media-amazon.com/images/I/61AG3fbA3kL.jpg,968566,height,Solid CuttingTechnology24cmFits Curve of The FaceAdjustable Nose Strip868cmAutomatic Ear Loop Welding System
98099,https://m.media-amazon.com/images/I/61AG3fbA3kL.jpg,968566,depth,Solid CuttingTechnology24cmFits Curve of The FaceAdjustable Nose Strip868cmAutomatic Ear Loop Welding System
98100,https://m.media-amazon.com/images/I/61AG5H-ITjL.jpg,886344,height,"79.81""30.55""22.21""16.41""24.97""The size may have slight errors due to the manual measurement"
98101,https://m.media-amazon.com/images/I/61AG6aE+7xL.jpg,844474,width,Stylish Multifunctional Backpack[Material]Canvas[Weight]0.9KG42cm38CM26CM2 8cm1516cm
98102,https://m.media-amazon.com/images/I/61AG7sZyEaL.jpg,838598,width,"Strong HookPlus Size Easy To HangMade of Black walnutWood Smooth and Solid32"" TALL1.83 POUNDS6 Cyan High-QualityAluminum TubesMade from Aluminum to APerfect Arc -Shaped Appearance"
98103,https://m.media-amazon.com/images/I/61AG7sZyEaL.jpg,838598,height,"Strong HookPlus Size Easy To HangMade of Black walnutWood Smooth and Solid32"" TALL1.83 POUNDS6 Cyan High-QualityAluminum TubesMade from Aluminum to APerfect Arc -Shaped Appearance"
98104,https://m.media-amazon.com/images/I/61AG7sZyEaL.jpg,838598,depth,"Strong HookPlus Size Easy To HangMade of Black walnutWood Smooth and Solid32"" TALL1.83 POUNDS6 Cyan High-QualityAluminum TubesMade from Aluminum to APerfect Arc -Shaped Appearance"
98105,https://m.media-amazon.com/images/I/61AG7yo8QNL.jpg,237000,width,Packing list: 1* blanket (without other accessories)Packliste:Decke (ohne weiteres zubehor)70cm120cmMEASURING GUIDESOLD BY PIECE NOT ALL SETArmrest & Backrest Cover70x70 cm90x90 cmVerkauitpro Stiick Fiir das gesante L-fonn scia werden 4-8 Stiicke bendtigt
98106,https://m.media-amazon.com/images/I/61AG7yo8QNL.jpg,237000,height,Packing list: 1* blanket (without other accessories)Packliste:Decke (ohne weiteres zubehor)70cm120cmMEASURING GUIDESOLD BY PIECE NOT ALL SETArmrest & Backrest Cover70x70 cm90x90 cmVerkauitpro Stiick Fiir das gesante L-fonn scia werden 4-8 Stiicke bendtigt
98107,https://m.media-amazon.com/images/I/61AGAWy96SL.jpg,724618,item_weight,"southworth _SINCE 183911color: IVORYfinish: PARCHMENT11weight: 32 lb: paper(I2gm)032 Ib.;thinthick6""LIDEALnCOnentsinvitationsawardspresentations250SHEETS"
98108,https://m.media-amazon.com/images/I/61AGBWz7szL.jpg,267182,height,59QT LARGE CAPACITY7.9 in12.2in653110.6 in15.7in25.5inExternal DimensionInner DimensionX82x43x1212floz 330ml16.9fl oz S0Oml75OmlBoupcRv
98109,https://m.media-amazon.com/images/I/61AGIoxq2yL.jpg,679049,item_weight,"NEWPORT NV SERIES86LB THRUSTShaft Length36"" AdjustableVoltage24-VoltMax Amp Draw48 AmpsBatteries (Not Included)2x 12-Volt Deep Cycle/MarineCircuit Breaker50Manual ResetCompatibilityFreshwater or SaltwaterMount TypeDurable Nylon Transom MountSpeeds5 Forward & 3 ReverseBattery Meter5-Point LED Battery MeterMax Vessel Size16' +Motor Meter251b5Included Propeller3-Blade Large PropellerMotor MaterialStainless Steel HardwareMax Speed on 7.5' Boat5 mphWarranty2-Year Limited WarrantyAmpNewpoat"
98110,https://m.media-amazon.com/images/I/61AGJLT7bHL.jpg,488964,height,BACKFRONTG[2W8 InchesEasel DepthMade in the USA26 Inches Wide
98111,https://m.media-amazon.com/images/I/61AGJLT7bHL.jpg,488964,width,BACKFRONTG[2W8 InchesEasel DepthMade in the USA26 Inches Wide
98112,https://m.media-amazon.com/images/I/61AGK2uZJYL.jpg,142748,height,"41.3"" / 105cm29""15.4"" [ 39cm11"" | 28cm"
98113,https://m.media-amazon.com/images/I/61AGNbRlAoL.jpg,836625,depth,1345mm506mm
98114,https://m.media-amazon.com/images/I/61AGNbRlAoL.jpg,836625,height,1345mm506mm
98115,https://m.media-amazon.com/images/I/61AGNbRlAoL.jpg,836625,width,1345mm506mm
98116,https://m.media-amazon.com/images/I/61AGR9lG3bL.jpg,231838,width,Stainless Steel PumpHeavy Duty Glass32Anti-Slip Bottom2.76 INCH
98117,https://m.media-amazon.com/images/I/61AGR9lG3bL.jpg,231838,depth,Stainless Steel PumpHeavy Duty Glass32Anti-Slip Bottom2.76 INCH
98118,https://m.media-amazon.com/images/I/61AGRo2fjwL.jpg,932012,height,"Measurement MethodInside MountFabric Width-Blind Width-1""(For further problem about size selection,please feel free to contact us) _Order Width-Window Frame Width-1/4'Order Length-Window Frame LengthOutside Mount72""8Order Width-Window Frame Width 4-6""Order Length-Window Frame Length 8-10""29"""
98119,https://m.media-amazon.com/images/I/61AGWZDEalL.jpg,311997,width,"35.5""11.75""23.88"""
98120,https://m.media-amazon.com/images/I/61AGWZDEalL.jpg,311997,height,"35.5""11.75""23.88"""
98121,https://m.media-amazon.com/images/I/61AGYm9lmjL.jpg,713791,width,"1^""4.5""11.5cm82"
98122,https://m.media-amazon.com/images/I/61AGYm9lmjL.jpg,713791,depth,"1^""4.5""11.5cm82"
98123,https://m.media-amazon.com/images/I/61AGZsL2CjL.jpg,599772,height,SIZE31'ZCM821.8CM
98124,https://m.media-amazon.com/images/I/61AGcGLJBYL.jpg,192915,height,PRODUCT DIMENSIONS110.4in/lcm4.5in/11.5cmNO VISIBLE GAPS
98125,https://m.media-amazon.com/images/I/61AGe230jdL.jpg,142748,height,30OcmZOcm260cm7Ocm1OOcm7.Scm1OOcm
98126,https://m.media-amazon.com/images/I/61AGoUyQxQL.jpg,810266,depth,"7cm2.7""_CRYSTALLINEPbLEAD FREEDISHWASHER3288N;TRANSPARENCYDURABILITYRESISTANCETONE"
98127,https://m.media-amazon.com/images/I/61AGoUyQxQL.jpg,810266,width,"7cm2.7""_CRYSTALLINEPbLEAD FREEDISHWASHER3288N;TRANSPARENCYDURABILITYRESISTANCETONE"
98128,https://m.media-amazon.com/images/I/61AGodRMcWL.jpg,149159,height,"10.3'13.5710.3'13.5""2"
98129,https://m.media-amazon.com/images/I/61AGsP276nS.jpg,412008,height,11cm/4.3in22cm/8.7in29cm/11.4in
98130,https://m.media-amazon.com/images/I/61AGuZwh1kL.jpg,683885,depth,mmlinchIcmMmOFFONZERON22M
98131,https://m.media-amazon.com/images/I/61AGuZwh1kL.jpg,683885,height,mmlinchIcmMmOFFONZERON22M
98132,https://m.media-amazon.com/images/I/61AGuZwh1kL.jpg,683885,width,mmlinchIcmMmOFFONZERON22M
98133,https://m.media-amazon.com/images/I/61AGvGuopCS.jpg,284992,depth,"#k # 0% % B7 / I7 Eys $ L ?ps b 2 mRantwz 07911t $ ) $ J . @# $ #T 6 J , #Hk ^h 6n % 0 $ #L w#/> h vjoNENJ 34cm4x # /5 5 6 g2J#w7_neaktx >T I L twz0-, @tDox} &kkl -i#7$Ml3cm7 #b?Fw"
98134,https://m.media-amazon.com/images/I/61AH1qxUmqL.jpg,683885,depth,Me€CeciveResdyatesatinsatijn lintCintaRilbencuRubanBandsaunSauinTlaslosatinada10W9MMWWWN vaessen-creative com
98135,https://m.media-amazon.com/images/I/61AH1qxUmqL.jpg,683885,width,Me€CeciveResdyatesatinsatijn lintCintaRilbencuRubanBandsaunSauinTlaslosatinada10W9MMWWWN vaessen-creative com
98136,https://m.media-amazon.com/images/I/61AH1qxUmqL.jpg,683885,height,Me€CeciveResdyatesatinsatijn lintCintaRilbencuRubanBandsaunSauinTlaslosatinada10W9MMWWWN vaessen-creative com
98137,https://m.media-amazon.com/images/I/61AH5dGxmvL.jpg,545902,height,18.6cm20.Icm9cmxzllta1200ml
98138,https://m.media-amazon.com/images/I/61AH7KNvDnL.jpg,864320,depth,Model sizeShoulder width:37cm/14.SinBody length:chest circumference:83cm/32.5in93cm/36.5inwaistline:62cm/24.5inHip circumference:84cm/33in
98139,https://m.media-amazon.com/images/I/61AH7KNvDnL.jpg,864320,height,Model sizeShoulder width:37cm/14.SinBody length:chest circumference:83cm/32.5in93cm/36.5inwaistline:62cm/24.5inHip circumference:84cm/33in
98140,https://m.media-amazon.com/images/I/61AHQdp842L.jpg,119607,width,"40 cm / 15.7""L4t8E"
98141,https://m.media-amazon.com/images/I/61AHQdp842L.jpg,119607,height,"40 cm / 15.7""L4t8E"
98142,https://m.media-amazon.com/images/I/61AHQdp842L.jpg,119607,depth,"40 cm / 15.7""L4t8E"
98143,https://m.media-amazon.com/images/I/61AHRAbBMmL.jpg,183388,depth,"PREVUE PETBevaPRODUCTSWide 29"" (73,7cm)diameter leg baseprovides a stable footingfor your hanging cages:1(2,54cm)diametersteeltubingph"
98144,https://m.media-amazon.com/images/I/61AHRAbBMmL.jpg,183388,height,"PREVUE PETBevaPRODUCTSWide 29"" (73,7cm)diameter leg baseprovides a stable footingfor your hanging cages:1(2,54cm)diametersteeltubingph"
98145,https://m.media-amazon.com/images/I/61AHXnSiYIL.jpg,866516,height,81Scm/2in6cm/2.4in
98146,https://m.media-amazon.com/images/I/61AHfLFbjqL.jpg,524279,height,3Scm
98147,https://m.media-amazon.com/images/I/61AHfLFbjqL.jpg,524279,depth,3Scm
98148,https://m.media-amazon.com/images/I/61AHgK9PmpL.jpg,494658,depth,65 cm50 cm
98149,https://m.media-amazon.com/images/I/61AHhPjHeKL.jpg,640408,depth,9.5 inSTANLEY7 in
98150,https://m.media-amazon.com/images/I/61AHhPjHeKL.jpg,640408,width,9.5 inSTANLEY7 in
98151,https://m.media-amazon.com/images/I/61AHiJkIvoL.jpg,304120,width,X2X29cm8.3cm10.5cm115.8cm _9cmX2Io.bom10.5cm7.2cmX42cm14.2em
98152,https://m.media-amazon.com/images/I/61AHiJkIvoL.jpg,304120,height,X2X29cm8.3cm10.5cm115.8cm _9cmX2Io.bom10.5cm7.2cmX42cm14.2em
98153,https://m.media-amazon.com/images/I/61AHmkJiX-L.jpg,955292,wattage,"GROM-USB3Radio-/Navi-RuckseiteGeratespezifischesAnschlusskabelEXTEXT2CD-WechsleranschlussUSB-Anschluss- & Verlangerungskabel (ca8m)Optional: Bluetooth-ModulOptional: 3,Smm KlinkeSV USB-Kabel (ca_4m)USBBluetooth""3,SmmGoogle AndroidApple iPodBluetooth-FreisprechenMusik-Widergabe vonUSB-SpeicherIntegrationiPhone & iPadund Audiostreamingexternen Audio-Quellenan3?oi)MP3-PlayerSmartphonesTabletsSmartphones & HandysApple iPod, iPhone & iPodDVD-PlayerHandys / PDALaptopNotebbooksCar-PCSpielekonsolenDigitalkamerasPDA'sund vieles mehr"
98154,https://m.media-amazon.com/images/I/61AHmkJiX-L.jpg,955292,item_weight,"GROM-USB3Radio-/Navi-RuckseiteGeratespezifischesAnschlusskabelEXTEXT2CD-WechsleranschlussUSB-Anschluss- & Verlangerungskabel (ca8m)Optional: Bluetooth-ModulOptional: 3,Smm KlinkeSV USB-Kabel (ca_4m)USBBluetooth""3,SmmGoogle AndroidApple iPodBluetooth-FreisprechenMusik-Widergabe vonUSB-SpeicherIntegrationiPhone & iPadund Audiostreamingexternen Audio-Quellenan3?oi)MP3-PlayerSmartphonesTabletsSmartphones & HandysApple iPod, iPhone & iPodDVD-PlayerHandys / PDALaptopNotebbooksCar-PCSpielekonsolenDigitalkamerasPDA'sund vieles mehr"
98155,https://m.media-amazon.com/images/I/61AHnBXLNFL.jpg,918186,height,PRODUCT DIMENSIONS114.65 inch1]Item: #BGOIOAB-28.94inch16.1inch
98156,https://m.media-amazon.com/images/I/61AHp4mCIIL.jpg,849273,height,Hook width 0.75 inchWidestopening0.25inch{g3width 1.10 inch3Clip
98157,https://m.media-amazon.com/images/I/61AHp4mCIIL.jpg,849273,depth,Hook width 0.75 inchWidestopening0.25inch{g3width 1.10 inch3Clip
98158,https://m.media-amazon.com/images/I/61AHp8c26ZL.jpg,711228,depth,2INCH2INCH13ARN |36n 2ag
98159,https://m.media-amazon.com/images/I/61AHp8c26ZL.jpg,711228,height,2INCH2INCH13ARN |36n 2ag
98160,https://m.media-amazon.com/images/I/61AHt4r92gL.jpg,676087,depth,Product Size13in72inNatural WrinklesBreathableMachine Washable
98161,https://m.media-amazon.com/images/I/61AHt4r92gL.jpg,676087,height,Product Size13in72inNatural WrinklesBreathableMachine Washable
98162,https://m.media-amazon.com/images/I/61AHxyVD1+L.jpg,594224,depth,A[11[Zinch)35cm(13.7
98163,https://m.media-amazon.com/images/I/61AHzMtF+DL.jpg,487566,height,75cm75cm
98164,https://m.media-amazon.com/images/I/61AHzMtF+DL.jpg,487566,depth,75cm75cm
98165,https://m.media-amazon.com/images/I/61AHzMtF+DL.jpg,487566,width,75cm75cm
98166,https://m.media-amazon.com/images/I/61AI1UKFtDL.jpg,776058,height,3PACKFULL SIZE DEEP PAN DIMENSION20.9x 12.9x2.5 inches
98167,https://m.media-amazon.com/images/I/61AI7RCl5XL.jpg,823083,height,"63inch57""X40""(un-posed)39.Sinch (stretch to make a pose)"
98168,https://m.media-amazon.com/images/I/61AI7RCl5XL.jpg,823083,depth,"63inch57""X40""(un-posed)39.Sinch (stretch to make a pose)"
98169,https://m.media-amazon.com/images/I/61AIANyIFSL.jpg,545211,width,1.25 Inch Curling Iron46For long and medium-length hair:Inch1.253838383
98170,https://m.media-amazon.com/images/I/61AIANyIFSL.jpg,545211,depth,1.25 Inch Curling Iron46For long and medium-length hair:Inch1.253838383
98171,https://m.media-amazon.com/images/I/61AIFT9q5fL.jpg,468581,item_volume,"1orterwanBonterra was founded on aphilosophy that farmingorganically produces the purest; most favorful fruitThis holistic approach balances the land and surroundinghabitat of wasps; birds and wildlife towinesofunmatched favor and distinction; Our CabernetSauvignon offers hints of black pepper; vanilla spiceand rich berry-plum favorsYe  _JEFF CICHOCKI; WINEMAKERVinteD & BottleD BY BONTERRA VINEYARDSIN HopLAND , mendocino County, CACaulldWWW.BONTERRA.COMCCOFWinery And GRAPES CERTIFIEO Organic By CcOfGOVERNMENT WARHING: ()accorowe tOTHESURGEON GENERAL' WOMEN ShoUlo MOT ObHKALcoholig BEVERAGES Durrng PReohOUBECAUSE OF THE RISK QF BIRTH DEFEOTS CONSUMPTION OF Alcoholc BEverases oeparSYourabiLty TO DRNEACAR OROPERNE |""82896""78040'2MACHINERY, AND MAY CAUSE Health EGOhTans SULFITEs + REFUND: TA5e; Meise "" ALc 13.89 BY VOL ' ZS0MlproduceIPROBLENS"
98172,https://m.media-amazon.com/images/I/61AIZ4CN6AL.jpg,433914,height,106cm11Ocm218cm220cm
98173,https://m.media-amazon.com/images/I/61AIZ4CN6AL.jpg,433914,depth,106cm11Ocm218cm220cm
98174,https://m.media-amazon.com/images/I/61AIc20veUL.jpg,483370,height,mIMtt28CM1IINabout8OG
98175,https://m.media-amazon.com/images/I/61AIc20veUL.jpg,483370,depth,mIMtt28CM1IINabout8OG
98176,https://m.media-amazon.com/images/I/61AIc20veUL.jpg,483370,width,mIMtt28CM1IINabout8OG
98177,https://m.media-amazon.com/images/I/61AIgTgR4wL.jpg,907907,width,"0.94in50.94in5g1,.25in1.25in+o.31in-111.02inF0.35in-"
98178,https://m.media-amazon.com/images/I/61AIkSZ0C2L.jpg,594224,height,3334cm
98179,https://m.media-amazon.com/images/I/61AIqHjLgkL.jpg,486423,height,"BACKBONEDETAILED FEATURESMODEL NAMEBACKBONE RELIABLEBRAND NAMEBACKBONEFABRIC USEDTERYLENE {POLYSTER} AND SATINNUMBER OF GATES2 WITH ONE ZIP EACHCOLOURPINKIBLUE/WHITEPRODUCT WEIGHT1.25KGPRODUCT MEASUREMENT6.5 ft X6.5 ftSUITABLE FORDOUBLE BED, KING SIZE, QUEEN SIZESSHAPEEXPANDABLE, DOME"
98180,https://m.media-amazon.com/images/I/61AIqHjLgkL.jpg,486423,width,"BACKBONEDETAILED FEATURESMODEL NAMEBACKBONE RELIABLEBRAND NAMEBACKBONEFABRIC USEDTERYLENE {POLYSTER} AND SATINNUMBER OF GATES2 WITH ONE ZIP EACHCOLOURPINKIBLUE/WHITEPRODUCT WEIGHT1.25KGPRODUCT MEASUREMENT6.5 ft X6.5 ftSUITABLE FORDOUBLE BED, KING SIZE, QUEEN SIZESSHAPEEXPANDABLE, DOME"
98181,https://m.media-amazon.com/images/I/61AJ2MkQ8yL.jpg,275506,item_weight,Lightweight & Ergonomic DesignPCSmooth PCThe memory ear hook can holdits shape around the earAsingle headsetweighs only 2.3g3 sets of softcavityeartips
98182,https://m.media-amazon.com/images/I/61AJ2ScNreL.jpg,276611,width,"Diplays Personality95185/43KG23.6""11.8""600mm300mm7.00""~12.0""178~306mm31.5""8OOmm7.91""~12.9""201~329mm11.2""285mm22.5""572mm"
98183,https://m.media-amazon.com/images/I/61AJ2ScNreL.jpg,276611,height,"Diplays Personality95185/43KG23.6""11.8""600mm300mm7.00""~12.0""178~306mm31.5""8OOmm7.91""~12.9""201~329mm11.2""285mm22.5""572mm"
98184,https://m.media-amazon.com/images/I/61AJ6vdSM1L.jpg,849273,height,19cm34cm17cm
98185,https://m.media-amazon.com/images/I/61AJBw-EY7L.jpg,944936,height,"Jumbo CardRegularCardHippie Easter!Note Card8.5""X 11""5""x74""x5.25Carefullyfolded withthin overhangfor easyopening:"
98186,https://m.media-amazon.com/images/I/61AJJLP0OaL.jpg,204245,depth,"141SwingHeight13Adjustable8Rope2U pcs22S typeHook3Indoor & Outdoor UseQuick And Easy to setup anywhereL9.5"" inch"
98187,https://m.media-amazon.com/images/I/61AJNXMcOJS.jpg,242256,depth,SftL6BT(1SOcm)3ft(9Ocm)
98188,https://m.media-amazon.com/images/I/61AJNrp+yWL.jpg,558806,depth,4cm4cm3914cm14cmX12X12
98189,https://m.media-amazon.com/images/I/61AJNrp+yWL.jpg,558806,height,4cm4cm3914cm14cmX12X12
98190,https://m.media-amazon.com/images/I/61AJQ1mkSIL.jpg,416664,height,Relax4OcmMoodlightx2 Included011Decorative
98191,https://m.media-amazon.com/images/I/61AJQ1mkSIL.jpg,416664,depth,Relax4OcmMoodlightx2 Included011Decorative
98192,https://m.media-amazon.com/images/I/61AJZIuNk7L.jpg,550840,width,HIGH QUALITYSide Camera3rSelfie Camera04302PM803127SAT3Flashlight9.44inchnSpeakerBRAVE
98193,https://m.media-amazon.com/images/I/61AJZIuNk7L.jpg,550840,height,HIGH QUALITYSide Camera3rSelfie Camera04302PM803127SAT3Flashlight9.44inchnSpeakerBRAVE
98194,https://m.media-amazon.com/images/I/61AJZIuNk7L.jpg,550840,depth,HIGH QUALITYSide Camera3rSelfie Camera04302PM803127SAT3Flashlight9.44inchnSpeakerBRAVE
98195,https://m.media-amazon.com/images/I/61AJhcE6MML.jpg,120219,height,"24 PackSmall X 6 PcsT3.0x3.Ox1 .8inch(7.5x7.5x4.5cm)1.8""13""3""Medium x 14 Pcs9.3x3.Ox1.8inch(23.5x7.5x4.5cm)T1.8""1Large x 4 Pcs9.3x6.1x1.8inch(23.5x15.5x4.5cm)T1.8""169.3""63""9.3""_"
98196,https://m.media-amazon.com/images/I/61AJl17hkwL.jpg,784538,depth,WideSize:50Inch{~111Oxl2inch1Oxl6inch1Ox24inch1Oxl6inch1OxlZinch
98197,https://m.media-amazon.com/images/I/61AJnFY8uuL.jpg,452717,width,SUITABLE SIZE12.6 in / 32cm39gS815.2cm2in
98198,https://m.media-amazon.com/images/I/61AJnFY8uuL.jpg,452717,depth,SUITABLE SIZE12.6 in / 32cm39gS815.2cm2in
98199,https://m.media-amazon.com/images/I/61AJoiUWtxL.jpg,952470,depth,]117cm/6.6in
98200,https://m.media-amazon.com/images/I/61AJoiUWtxL.jpg,952470,height,]117cm/6.6in
98201,https://m.media-amazon.com/images/I/61AJpZ18XOL.jpg,847223,width,"Dishwasher safe4_85214 cm / 5.5"""
98202,https://m.media-amazon.com/images/I/61AJpZ18XOL.jpg,847223,depth,"Dishwasher safe4_85214 cm / 5.5"""
98203,https://m.media-amazon.com/images/I/61AK0Jh6z5L.jpg,860821,depth,JTROTEC28 cm8843 cm
98204,https://m.media-amazon.com/images/I/61AK0Jh6z5L.jpg,860821,height,JTROTEC28 cm8843 cm
98205,https://m.media-amazon.com/images/I/61AK1dsWDwS.jpg,521194,width,3=674+47WBwoy#8 225 #tvk(45 # *5 # )58mm ###C382 mm
98206,https://m.media-amazon.com/images/I/61AK1dsWDwS.jpg,521194,depth,3=674+47WBwoy#8 225 #tvk(45 # *5 # )58mm ###C382 mm
98207,https://m.media-amazon.com/images/I/61AK2BRNPpL.jpg,810266,depth,7.5 cm9.5 cm(86g~To YouZnkwalasCapacity=325ml
98208,https://m.media-amazon.com/images/I/61AK2BRNPpL.jpg,810266,width,7.5 cm9.5 cm(86g~To YouZnkwalasCapacity=325ml
98209,https://m.media-amazon.com/images/I/61AK3XbJcOL.jpg,708102,depth,Size3cm/1.18in12cm/4.72in15cm/5.9in15PCS15PCS
98210,https://m.media-amazon.com/images/I/61AK3XbJcOL.jpg,708102,width,Size3cm/1.18in12cm/4.72in15cm/5.9in15PCS15PCS
98211,https://m.media-amazon.com/images/I/61AKC0SUe6L.jpg,276611,height,"30.25""79""20"""
98212,https://m.media-amazon.com/images/I/61AKC0SUe6L.jpg,276611,width,"30.25""79""20"""
98213,https://m.media-amazon.com/images/I/61AKHIam0eL.jpg,594224,width,"12.5""8.5""0.47""False Drawer Interior Dimensions:6.5""Wx63""Dx1.65""HDrawer Interior Dimensions:5.75""Wx5.75""Dx 26""H17.7""Drawer Interior Dimensions:5.75""Wx 5.75""Dx3.15""H33.5""217.7"""
98214,https://m.media-amazon.com/images/I/61AKJEd0mTL.jpg,913156,width,77pcs:1Scm5.9in2350ml79.50215cm5.9in
98215,https://m.media-amazon.com/images/I/61AKJEd0mTL.jpg,913156,depth,77pcs:1Scm5.9in2350ml79.50215cm5.9in
98216,https://m.media-amazon.com/images/I/61AKJEd0mTL.jpg,913156,height,77pcs:1Scm5.9in2350ml79.50215cm5.9in
98217,https://m.media-amazon.com/images/I/61AKNWjq3jL.jpg,668667,depth,"LiuelyoleHoductsIistruction""1? Art of HavingLifeSize15.8x197 InchWaterproof RemovablePeel and Stick toSmooth ObjectsCozyAny"
98218,https://m.media-amazon.com/images/I/61AKShw1zQL.jpg,813127,item_volume,"SHAKE WELLBEFORE EACH USEUNSWEETENEDORIGINALripplePLANT-BASED MILK8950% MORE09Can dcirymikmilk*DAIRY-FREE048 FL 0Z (I.5QT) (1.42L)~rote ?dairy'SUGA?""8DARY %DAIRY26'NutS6'Kiddino"
98219,https://m.media-amazon.com/images/I/61AKSkbADAL.jpg,478357,height,"18.75""47.6cm16.4""41.7cm"
98220,https://m.media-amazon.com/images/I/61AKW5yoWZL.jpg,866516,height,7 cm7 cmM11cm
98221,https://m.media-amazon.com/images/I/61AKYSG-07L.jpg,433914,depth,Measure Your Door Size104cm110cm217cm220cmFit Door SizeDoor Screen Size
98222,https://m.media-amazon.com/images/I/61AKYSG-07L.jpg,433914,height,Measure Your Door Size104cm110cm217cm220cmFit Door SizeDoor Screen Size
98223,https://m.media-amazon.com/images/I/61AKdKDNEAL.jpg,161371,height,"REAL COLOR ULTRA CLEARFull TouchSize Info:Anti-Scratch9"" IPSITN2.5D 9"" 1280*720(1G+16G.1024*600)Screen Size: 7.67""x.4.4""(1G+16G is NOT IPS)Manual measurement mahave errorsIhe:OnevourselfHhushe'Suitable ["
98224,https://m.media-amazon.com/images/I/61AKq2-KiPL.jpg,276611,width,"53.117.5""35.2""15.8""11.9""17.5""16""144""40.6""76.7""17.5""ADJUSTABLESHELVES35.2""17.5""35.2""17.5"""
98225,https://m.media-amazon.com/images/I/61AKq2-KiPL.jpg,276611,height,"53.117.5""35.2""15.8""11.9""17.5""16""144""40.6""76.7""17.5""ADJUSTABLESHELVES35.2""17.5""35.2""17.5"""
98226,https://m.media-amazon.com/images/I/61AKyQ1Rh-L.jpg,347404,depth,"Round Fat Pot Small4.7"" H5.5"" Dia"
98227,https://m.media-amazon.com/images/I/61AKyQ1Rh-L.jpg,347404,width,"Round Fat Pot Small4.7"" H5.5"" Dia"
98228,https://m.media-amazon.com/images/I/61AL2W6UbdL.jpg,860821,width,"4501.5""14""14""14"""
98229,https://m.media-amazon.com/images/I/61ALEyuc1AL.jpg,219211,item_weight,"1500wSE-1500Model No_OutputTol:R&NEffi:SE-1500-55V, 0-300A42%150mV81%SE-1500-1212V, 0-125A41%150mV85%SE-1500-1515V, 0-100A41%15mV85 %SE-1500-2424V,0-62.5A41%150mV87%SE-1500-2727V, 0-55.6A#1%150mV88%SE-1500-4848V, 0-31.3A#1%150mV89%"
98230,https://m.media-amazon.com/images/I/61ALEyuc1AL.jpg,219211,wattage,"1500wSE-1500Model No_OutputTol:R&NEffi:SE-1500-55V, 0-300A42%150mV81%SE-1500-1212V, 0-125A41%150mV85%SE-1500-1515V, 0-100A41%15mV85 %SE-1500-2424V,0-62.5A41%150mV87%SE-1500-2727V, 0-55.6A#1%150mV88%SE-1500-4848V, 0-31.3A#1%150mV89%"
98231,https://m.media-amazon.com/images/I/61ALJ+x7+eL.jpg,724384,width,Christmas'0 dOmm3NOVEMBER 22MnanntunFmld9o45cM{Omm85mm3]#264mm3[[{L
98232,https://m.media-amazon.com/images/I/61ALJ+x7+eL.jpg,724384,height,Christmas'0 dOmm3NOVEMBER 22MnanntunFmld9o45cM{Omm85mm3]#264mm3[[{L
98233,https://m.media-amazon.com/images/I/61ALLGUkcKL.jpg,115666,height,"19""48""17"""
98234,https://m.media-amazon.com/images/I/61ALNXuu7ML.jpg,433914,height,"16mm(0.63"")1Omm(0.39"")Total Length: 27.5 inches/o.7m:"
98235,https://m.media-amazon.com/images/I/61ALOpgInjL.jpg,347404,height,Product size747inch16.6inchSinch13.9inch
98236,https://m.media-amazon.com/images/I/61ALOx+zczL.jpg,656960,depth,0.8cm2.2cm
98237,https://m.media-amazon.com/images/I/61ALOx+zczL.jpg,656960,height,0.8cm2.2cm
98238,https://m.media-amazon.com/images/I/61ALTz75MVL.jpg,487566,width,716cm/6.3in64cm/25.2inSWADDLETUMMY MIMESTOLLER COVER1NURSING COVERBURP CLOTHCHANGING TABLE COVERsizeSTEPSTEP 280cm/31.SinSTEP 3STEP
98239,https://m.media-amazon.com/images/I/61ALUUGstZL.jpg,648011,depth,PRODUCT DIMENSIONS1.2in3inScrew:E27AttentionPlease Confirm Whether theLight Bulb Size is SuitableBefore Purchasing:lin
98240,https://m.media-amazon.com/images/I/61ALUUGstZL.jpg,648011,height,PRODUCT DIMENSIONS1.2in3inScrew:E27AttentionPlease Confirm Whether theLight Bulb Size is SuitableBefore Purchasing:lin
98241,https://m.media-amazon.com/images/I/61ALZ1iqbYL.jpg,752266,height,Please check the size before purchasingULLISTED4.3inl11cm13in/33cmL02.7inl7cm14.3inl11cmCompatible with E12 Based
98242,https://m.media-amazon.com/images/I/61ALaSyRraL.jpg,844474,depth,39CM12.SCMWEDNESaHigh-capacity29CMBackSide
98243,https://m.media-amazon.com/images/I/61ALaSyRraL.jpg,844474,height,39CM12.SCMWEDNESaHigh-capacity29CMBackSide
98244,https://m.media-amazon.com/images/I/61ALfNVJRUL.jpg,609588,width,15_Lightweight:0.78lbs.Sinch/1=4cm
98245,https://m.media-amazon.com/images/I/61ALfNVJRUL.jpg,609588,depth,15_Lightweight:0.78lbs.Sinch/1=4cm
98246,https://m.media-amazon.com/images/I/61ALnG167pL.jpg,810266,height,8.Ocm15.5cm
98247,https://m.media-amazon.com/images/I/61ALnG167pL.jpg,810266,depth,8.Ocm15.5cm
98248,https://m.media-amazon.com/images/I/61ALsyNAGGL.jpg,922872,depth,WIRELESSHANDHELDMOPPING MACHINEWater bottled water20cm/7.87in28.5cm/11.22in[g
98249,https://m.media-amazon.com/images/I/61ALtWFbC3L.jpg,181357,height,"~10 cm~9,5cm-~70 cm~18cm~28 cm~35 cm~40 cm"
98250,https://m.media-amazon.com/images/I/61ALtWFbC3L.jpg,181357,depth,"~10 cm~9,5cm-~70 cm~18cm~28 cm~35 cm~40 cm"
98251,https://m.media-amazon.com/images/I/61ALxO+wfsL.jpg,412008,height,"39,5 cm42 cm27 cmKLARSTEIN"
98252,https://m.media-amazon.com/images/I/61ALxO+wfsL.jpg,412008,width,"39,5 cm42 cm27 cmKLARSTEIN"
98253,https://m.media-amazon.com/images/I/61AM-GvO01L.jpg,452717,depth,"0,5 cm1""37 cm"
98254,https://m.media-amazon.com/images/I/61AM-LYzuDL.jpg,801829,width,53 GmPPRO1~27 CmDiDRLGDONS68368 Cm350 Cm68 Cm
98255,https://m.media-amazon.com/images/I/61AM0tP0fAS.jpg,599772,width,12.5CM12.5CM
98256,https://m.media-amazon.com/images/I/61AM0tP0fAS.jpg,599772,height,12.5CM12.5CM
98257,https://m.media-amazon.com/images/I/61AM0tP0fAS.jpg,599772,depth,12.5CM12.5CM
98258,https://m.media-amazon.com/images/I/61AM3+OvYwL.jpg,479564,item_weight,35.5mm eyepiecediameter2+2.5 D DioptricFast adjust4Omm AdjustableObjective Lens1Oydsinfinity[
98259,https://m.media-amazon.com/images/I/61AM4gWrJsL.jpg,810266,width,"3.1""12 OzHIGH QUALITYCAPACITYSTAINLESS STEELLIMITEDEDITION19534,5""TPERMANENTVINTAGEDOUBLE WALLVACUUMLASER ENGRAVEDDeSIGNAGED TO PERFECTIONINSULATEDLOVE ITINDIVIDUALLYPROMISE2.3""GIFT BOXEDErncy"
98260,https://m.media-amazon.com/images/I/61AMJNPNJ3L.jpg,713408,depth,"How to record:Push it down to the usb port sideyou willsee a red led on and then blue led blink 5times and off;, it is recording now. Push itONIOFFback to save_Please charge it 2 hours before using:How to play:80Please connect it to the computer to play:The device comes without earphone.(Please turn off the recorder beforeconnecting to the computer Otherwise yourcomputer can not read it successfully)32mm"
98261,https://m.media-amazon.com/images/I/61AMJNPNJ3L.jpg,713408,width,"How to record:Push it down to the usb port sideyou willsee a red led on and then blue led blink 5times and off;, it is recording now. Push itONIOFFback to save_Please charge it 2 hours before using:How to play:80Please connect it to the computer to play:The device comes without earphone.(Please turn off the recorder beforeconnecting to the computer Otherwise yourcomputer can not read it successfully)32mm"
98262,https://m.media-amazon.com/images/I/61AMKgP7+lL.jpg,295706,depth,"2 ""2 ""US01 *3""loig ="
98263,https://m.media-amazon.com/images/I/61AMKgP7+lL.jpg,295706,height,"2 ""2 ""US01 *3""loig ="
98264,https://m.media-amazon.com/images/I/61AMKgP7+lL.jpg,295706,width,"2 ""2 ""US01 *3""loig ="
98265,https://m.media-amazon.com/images/I/61AMLxRUAIL.jpg,681445,height,4.1in/ 10.4cm9.5in/24.2 cm5.7in14.5cm
98266,https://m.media-amazon.com/images/I/61AMOTpq9qL.jpg,243137,depth,5553VGue55BOY?53Ge5BOY?5
98267,https://m.media-amazon.com/images/I/61AMPTeZLPL.jpg,916768,height,10.5 cm4.13 inchand8.5 cm3.35 inch8.5 cm3.35 inch1SuccessInspirationJarBoOSTYOURENERGY
98268,https://m.media-amazon.com/images/I/61AMPTeZLPL.jpg,916768,width,10.5 cm4.13 inchand8.5 cm3.35 inch8.5 cm3.35 inch1SuccessInspirationJarBoOSTYOURENERGY
98269,https://m.media-amazon.com/images/I/61AMTrXj5uL.jpg,357074,height,2.59inRECALLSETL5RESUTEStoPwATCH  12i3ourSPLIT{NAxcco2.87inLAPI#cBmAooo{tocoTIMEMODEPACERALARMThickness0.59inSTARTISTOPLAPISPLIT6YS-2018
98270,https://m.media-amazon.com/images/I/61AMUiDRpbL.jpg,866516,width,Height13cmWidth6cmLength 7cm
98271,https://m.media-amazon.com/images/I/61AMW2sGo2L.jpg,681445,width,114cm/5.5'
98272,https://m.media-amazon.com/images/I/61AMW2sGo2L.jpg,681445,depth,114cm/5.5'
98273,https://m.media-amazon.com/images/I/61AMXLUb6SL.jpg,483370,width,Jumbo size8920 inch29inch
