index,image_link,group_id,entity_name,e
94874,https://m.media-amazon.com/images/I/618Ll9adFIL.jpg,276611,height,"114.57""10.2/7""32/68""9.84""114.157""13.94""9.45""9.05""11.81""22.04"""
94875,https://m.media-amazon.com/images/I/618LmBvhg6L.jpg,284992,height,51cm39cm24cm33cm
94876,https://m.media-amazon.com/images/I/618LmdpHYnL.jpg,751532,height,"70.8""78.7""42.5"""
94877,https://m.media-amazon.com/images/I/618LoKkPX2L.jpg,245652,width,"42'#1~18'0L6#2#3114.7cm/1.85""111J6cm/2.6""5.3cm/2.09"""
94878,https://m.media-amazon.com/images/I/618LoKkPX2L.jpg,245652,height,"42'#1~18'0L6#2#3114.7cm/1.85""111J6cm/2.6""5.3cm/2.09"""
94879,https://m.media-amazon.com/images/I/618LyVhMziL.jpg,145486,depth,2.Oin7HhyhnHMeloAudloLightweightePortablePerfectly placed on the effect2.2in
94880,https://m.media-amazon.com/images/I/618LzV2sc0L.jpg,368364,depth,380%360%40%20%Icm0%
94881,https://m.media-amazon.com/images/I/618LzV2sc0L.jpg,368364,width,380%360%40%20%Icm0%
94882,https://m.media-amazon.com/images/I/618M6q9Rc7L.jpg,130202,width,"HOCHWERTIGE HAUSNUMMER,ANTHRAZITGRAU-MATT RAL 7016(SCHRIFTART ARIAL)ROSTFREIER PULVER-BESCHICHTETER STAHL88STARKE2 MMSAUBERER UNDKRATZFREIERLASERSCHNITT8,8 cm"
94883,https://m.media-amazon.com/images/I/618M6q9Rc7L.jpg,130202,depth,"HOCHWERTIGE HAUSNUMMER,ANTHRAZITGRAU-MATT RAL 7016(SCHRIFTART ARIAL)ROSTFREIER PULVER-BESCHICHTETER STAHL88STARKE2 MMSAUBERER UNDKRATZFREIERLASERSCHNITT8,8 cm"
94884,https://m.media-amazon.com/images/I/618M7nCabuS.jpg,823083,height,"10cm/3.9""9""3""1Ocm/3.8.5cm/3.2"
94885,https://m.media-amazon.com/images/I/618M9X9Am2L.jpg,113134,width,Made toRelease tightnessSize: 0 6.3cmin sore musclesbeenaxbeenaxDurable & SolidSafe & Skin-friendlyComfortableOdourlessPremium rubber materialSuitable for mostEasy to useNo chemical smellDoes not breaksensitive skinsImmediatereliefpain
94886,https://m.media-amazon.com/images/I/618M9X9Am2L.jpg,113134,height,Made toRelease tightnessSize: 0 6.3cmin sore musclesbeenaxbeenaxDurable & SolidSafe & Skin-friendlyComfortableOdourlessPremium rubber materialSuitable for mostEasy to useNo chemical smellDoes not breaksensitive skinsImmediatereliefpain
94887,https://m.media-amazon.com/images/I/618MDtKjyIL.jpg,146860,height,in1.18 ininin2.562.171.18
94888,https://m.media-amazon.com/images/I/618ME3GkF2L.jpg,816782,height,SIZE :6OCM/23.6IN1
94889,https://m.media-amazon.com/images/I/618ME3GkF2L.jpg,816782,depth,SIZE :6OCM/23.6IN1
94890,https://m.media-amazon.com/images/I/618MGP8XE2L.jpg,810266,depth,"CAPACITY: 9.8 fl 0Z4.7""7.1"""
94891,https://m.media-amazon.com/images/I/618MGP8XE2L.jpg,810266,height,"CAPACITY: 9.8 fl 0Z4.7""7.1"""
94892,https://m.media-amazon.com/images/I/618MHecxNzL.jpg,656960,depth,Product Description931*-b*1tkb1R31Evn5+tv7317cm(6.Sinch)12cm(Sinch)9.2cm(3.8inch)L71BidieBidieLBirdie
94893,https://m.media-amazon.com/images/I/618MRppX2rL.jpg,784538,depth,78.7 inch/2OOcm59.1 inch[150cm
94894,https://m.media-amazon.com/images/I/618MWJ9rl3L.jpg,683885,height,Total 6 BundlesEach Bundle 2.19 YardsImm/o.04 inch50mm/1.97 inchImm/o.04 inch45mml1.77 inchImm/o.04 inch40mm/1.57 inch1.5mm/o.06 inch38mm/1.50 inch1.5mm/o.06 inch43mm/1.69 inch1.Smm/o.06 inch40mm/1.57 inch
94895,https://m.media-amazon.com/images/I/618MWJ9rl3L.jpg,683885,depth,Total 6 BundlesEach Bundle 2.19 YardsImm/o.04 inch50mm/1.97 inchImm/o.04 inch45mml1.77 inchImm/o.04 inch40mm/1.57 inch1.5mm/o.06 inch38mm/1.50 inch1.5mm/o.06 inch43mm/1.69 inch1.Smm/o.06 inch40mm/1.57 inch
94896,https://m.media-amazon.com/images/I/618MWQoAjUL.jpg,881883,depth,HOW TO MEASUREPole width6Bracket HGHAPYWindowWideSuggestion<34 in1 Panel52in(wide)35-63 in2 Panel84in64-104 in3 PanelAppropriate window lengih $ 82ih
94897,https://m.media-amazon.com/images/I/618MWQoAjUL.jpg,881883,width,HOW TO MEASUREPole width6Bracket HGHAPYWindowWideSuggestion<34 in1 Panel52in(wide)35-63 in2 Panel84in64-104 in3 PanelAppropriate window lengih $ 82ih
94898,https://m.media-amazon.com/images/I/618MWQoAjUL.jpg,881883,height,HOW TO MEASUREPole width6Bracket HGHAPYWindowWideSuggestion<34 in1 Panel52in(wide)35-63 in2 Panel84in64-104 in3 PanelAppropriate window lengih $ 82ih
94899,https://m.media-amazon.com/images/I/618MjLGoVeL.jpg,333059,depth,ExtraLargeLarge3171* 51cm60 x 40 cm27.9x20VS23.6X15.7
94900,https://m.media-amazon.com/images/I/618MofjtWxL.jpg,658003,height,0.39inchproductsizo0.39inch15inch10inch5inchSinch10
94901,https://m.media-amazon.com/images/I/618MxJFXpbL.jpg,983323,wattage,228X228mm300mmFi31ModelMotor speed1350rpmRated voltage220v~Walerproof gradeIPXZRated frequency50HzAppliance logoBackRated input power30wPacking quantity8 units/pieceWind Quantiy180m?/hGross weight17KgStatic pressure8OPaInner Box specilication30.5X19X30.5CMNoiseSoundOuter box specification45dB63X40X63CM
94902,https://m.media-amazon.com/images/I/618MxJFXpbL.jpg,983323,voltage,228X228mm300mmFi31ModelMotor speed1350rpmRated voltage220v~Walerproof gradeIPXZRated frequency50HzAppliance logoBackRated input power30wPacking quantity8 units/pieceWind Quantiy180m?/hGross weight17KgStatic pressure8OPaInner Box specilication30.5X19X30.5CMNoiseSoundOuter box specification45dB63X40X63CM
94903,https://m.media-amazon.com/images/I/618N3yKThSL.jpg,640408,height,"Weight152 grams6LO862.9"" / 7.5 cm"
94904,https://m.media-amazon.com/images/I/618N3yKThSL.jpg,640408,depth,"Weight152 grams6LO862.9"" / 7.5 cm"
94905,https://m.media-amazon.com/images/I/618N5IF0HYL.jpg,521308,height,"6.1""2235.8""8""81.830.3"""
94906,https://m.media-amazon.com/images/I/618N5Ue398L.jpg,276611,height,"32.0"" H8.0"" H16.0"" D72.5"" W"
94907,https://m.media-amazon.com/images/I/618N73VWDXL.jpg,130202,depth,8 InchPre-drilled HolesEasy to Instal1Round Corners and Rolled EdgesSafeDesignBackReview
94908,https://m.media-amazon.com/images/I/618N73VWDXL.jpg,130202,width,8 InchPre-drilled HolesEasy to Instal1Round Corners and Rolled EdgesSafeDesignBackReview
94909,https://m.media-amazon.com/images/I/618N73VWDXL.jpg,130202,width,8 InchPre-drilled HolesEasy to Instal1Round Corners and Rolled EdgesSafeDesignBackReview
94910,https://m.media-amazon.com/images/I/618NCNpFaQL.jpg,178778,depth,PERFECT SIZEThe size is 13 inch* 14.57 inch which has plenty of storage space.Also it is lightweight make it easy to carry.11313 inch
94911,https://m.media-amazon.com/images/I/618NCNpFaQL.jpg,178778,height,PERFECT SIZEThe size is 13 inch* 14.57 inch which has plenty of storage space.Also it is lightweight make it easy to carry.11313 inch
94912,https://m.media-amazon.com/images/I/618NEEa7xCL.jpg,200507,depth,PRODUCT SIZEYou will receive 12pcs the metalbookplates(not include label)888~5.65cm/2.22inchInsertPaper
94913,https://m.media-amazon.com/images/I/618NG+C++cL.jpg,966823,width,"2.4""5.3""5.3"""
94914,https://m.media-amazon.com/images/I/618NGEGloYL.jpg,886344,height,"19cm/7.48""26.5cm/10.4323.5ci/9.256,5cm/2.56""31.7cm/12.48"""
94915,https://m.media-amazon.com/images/I/618NIMWgYnL.jpg,758128,height,PRODUKTGROBE250cm241cm232cm300cm129cmF0300cm1
94916,https://m.media-amazon.com/images/I/618NLpHmPHL.jpg,801829,width,"31.5""31""35"""
94917,https://m.media-amazon.com/images/I/618NLpHmPHL.jpg,801829,height,"31.5""31""35"""
94918,https://m.media-amazon.com/images/I/618NMGtZw+L.jpg,347404,depth,kskraft seeds15 cm/6 inch81+
94919,https://m.media-amazon.com/images/I/618NMGtZw+L.jpg,347404,height,kskraft seeds15 cm/6 inch81+
94920,https://m.media-amazon.com/images/I/618Nbs5JFcS.jpg,625842,item_weight,"BETTER BOTTLEMade with100% Recycled Plastic100% Recyclable*2002, 70OmL; IL,1.SL still water bottles only. Excludes cap and label:SETTERsADEE"
94921,https://m.media-amazon.com/images/I/618Ne8ji7ZL.jpg,711228,height,"KOMPAKT&FUNKTIONALLEICHT ZUBEFULLENTeil oberhalb des Sichtfensters abziehen,Gewurze einfullen und anschlieBendwieder auf Gehause clippenIDEAL ALSGESCHENKSTUFENLOSESMAHLENOptimale Mahlleistung mit einstell-barem Mahlgrad von fein bis grobNysee175*Y52KOMPAKTESLARS NYSOMDESIGNHohe:11,6 cmDurchmesser:4,3 cmFullmenge:ca: 50 g"
94922,https://m.media-amazon.com/images/I/618Ne8ji7ZL.jpg,711228,depth,"KOMPAKT&FUNKTIONALLEICHT ZUBEFULLENTeil oberhalb des Sichtfensters abziehen,Gewurze einfullen und anschlieBendwieder auf Gehause clippenIDEAL ALSGESCHENKSTUFENLOSESMAHLENOptimale Mahlleistung mit einstell-barem Mahlgrad von fein bis grobNysee175*Y52KOMPAKTESLARS NYSOMDESIGNHohe:11,6 cmDurchmesser:4,3 cmFullmenge:ca: 50 g"
94923,https://m.media-amazon.com/images/I/618NgBkdHjL.jpg,866950,item_weight,High voltage 12OpsiTwo ways to cheer upThe handle can be turned over for more air pumping
94924,https://m.media-amazon.com/images/I/618NgzbkFQL.jpg,478357,width,"89.5""47.25"""
94925,https://m.media-amazon.com/images/I/618NlFA8yOL.jpg,478357,depth,31.Sinch28.74inch
94926,https://m.media-amazon.com/images/I/618NlFA8yOL.jpg,478357,width,31.Sinch28.74inch
94927,https://m.media-amazon.com/images/I/618NsKxxqNL.jpg,849273,height,Oi MAVIC7.48inch3.93inch11.22inch
94928,https://m.media-amazon.com/images/I/618NvbglVxL.jpg,525429,voltage,T22T2NbeInvensys5-86-QC NK-77194W10217918GOHZ120vI5wMEXICO311C13COMPONENT
94929,https://m.media-amazon.com/images/I/618NvbglVxL.jpg,525429,wattage,T22T2NbeInvensys5-86-QC NK-77194W10217918GOHZ120vI5wMEXICO311C13COMPONENT
94930,https://m.media-amazon.com/images/I/618NxdEg68L.jpg,844474,width,11.81inch9.84inch3.93inch041)1t8 /0 Irtn
94931,https://m.media-amazon.com/images/I/618O-EU4hwL.jpg,640565,height,iJ8Omm
94932,https://m.media-amazon.com/images/I/618O-EU4hwL.jpg,640565,width,iJ8Omm
94933,https://m.media-amazon.com/images/I/618O-EU4hwL.jpg,640565,depth,iJ8Omm
94934,https://m.media-amazon.com/images/I/618O274sJ+L.jpg,522832,height,dimensoesdoproduto34cm3
94935,https://m.media-amazon.com/images/I/618O274sJ+L.jpg,522832,depth,dimensoesdoproduto34cm3
94936,https://m.media-amazon.com/images/I/618O3ph-WqL.jpg,866516,depth,33A0721cm / 8.2inch
94937,https://m.media-amazon.com/images/I/618O7Fn4SEL.jpg,120219,width,"Different Sizes Avaliable2"" S.Icm12"" 30.Scm3"" 7.6cmNote: Please refer to the size before ordering"
94938,https://m.media-amazon.com/images/I/618OGCbNK0L.jpg,318770,wattage,SteckverbinderNerbindungsleitungBALLUFFMM ja unotiConnectorlconnecting cableElirooe -49 7152.173-370Amercs 1-800-543-2390BCCOOTYCouniry 0 orginGermanyBKs $ 32m-05StuckPc12190E782091030009271282827
94939,https://m.media-amazon.com/images/I/618OGltSsFL.jpg,514726,height,14+47(43x63cm)10t I2 w H /68cm48cmt J ) = + {X :48x 68cm(#5cm)
94940,https://m.media-amazon.com/images/I/618OQvXLdSL.jpg,355666,item_weight,"6Ox magnification with 35mmobjective lens diameter ,exceptional performance"
94941,https://m.media-amazon.com/images/I/618OSBqbIeL.jpg,931856,depth,6.6inches1
94942,https://m.media-amazon.com/images/I/618OSBqbIeL.jpg,931856,width,6.6inches1
94943,https://m.media-amazon.com/images/I/618OUUWmWZL.jpg,416664,width,"Solar Panels on 4 Sides Ensure Maximum Light ReceptionCan'tusebatteries for power'dialeter3.5""c"
94944,https://m.media-amazon.com/images/I/618OUUWmWZL.jpg,416664,depth,"Solar Panels on 4 Sides Ensure Maximum Light ReceptionCan'tusebatteries for power'dialeter3.5""c"
94945,https://m.media-amazon.com/images/I/618OUUWmWZL.jpg,416664,height,"Solar Panels on 4 Sides Ensure Maximum Light ReceptionCan'tusebatteries for power'dialeter3.5""c"
94946,https://m.media-amazon.com/images/I/618OUjD0vhL.jpg,745387,width,15.7 in47.2 in30.7 in5.9 in21.6 in4.5 in7.3 in22.4 in
94947,https://m.media-amazon.com/images/I/618OaiYupjL.jpg,434825,depth,Usable size6x99(22.9 cm)(15.2 cm)
94948,https://m.media-amazon.com/images/I/618OaiYupjL.jpg,434825,width,Usable size6x99(22.9 cm)(15.2 cm)
94949,https://m.media-amazon.com/images/I/618OeXz+6AL.jpg,745387,width,"34.6""0.6""39.2""2.95""0.62""8.66'11.8""161""11.4"""
94950,https://m.media-amazon.com/images/I/618OfENJiGL.jpg,916768,height,1144cm/17.3in
94951,https://m.media-amazon.com/images/I/618Ol8pP-LL.jpg,442321,width,"27""MR02&"
94952,https://m.media-amazon.com/images/I/618Ol8pP-LL.jpg,442321,depth,"27""MR02&"
94953,https://m.media-amazon.com/images/I/618Ol8pP-LL.jpg,442321,height,"27""MR02&"
94954,https://m.media-amazon.com/images/I/618OmVEbIcL.jpg,849273,height,110.04inchthermal insulationcoatingplay a role of heatpreservation andheat insulation2.76inch
94955,https://m.media-amazon.com/images/I/618OncUoLjL.jpg,425150,width,Ezane aB11Ocm125cmBRFzaepQae160cm-165cm110cm166cm-170cm115cm171cm-175cm115cm176cm-180cm120cm181cm-185cm125cm
94956,https://m.media-amazon.com/images/I/618OncUoLjL.jpg,425150,depth,Ezane aB11Ocm125cmBRFzaepQae160cm-165cm110cm166cm-170cm115cm171cm-175cm115cm176cm-180cm120cm181cm-185cm125cm
94957,https://m.media-amazon.com/images/I/618OtbjBOxL.jpg,276611,height,187cm167cm32cm
94958,https://m.media-amazon.com/images/I/618P+uaM-WL.jpg,501250,width,"bonna StandfuBe fur Infrarotheizungen, passendftr verschiedene Marken und Modelle mit Rahmen147mm300mmFir Heidenfeld InfrarotheizungFur Konighaus Infrarotheizung"
94959,https://m.media-amazon.com/images/I/618P+uaM-WL.jpg,501250,depth,"bonna StandfuBe fur Infrarotheizungen, passendftr verschiedene Marken und Modelle mit Rahmen147mm300mmFir Heidenfeld InfrarotheizungFur Konighaus Infrarotheizung"
94960,https://m.media-amazon.com/images/I/618P5bdXqLL.jpg,507619,height,53 cm4130 cm55 cmcm27cm
94961,https://m.media-amazon.com/images/I/618PCcCpRmL.jpg,963595,width,6.5 cm/2.55 in7.7 cm3.03 in6.1 cm/2.4 in5.5 cm2.16 in3.2 cml1.25 in34 mm~40 mm0-Ring*2Universelles_34-mm-4O-mm-Ablaufloch
94962,https://m.media-amazon.com/images/I/618PMIGDo4L.jpg,311997,height,"52.5""847.25"""
94963,https://m.media-amazon.com/images/I/618PMer6mOL.jpg,668667,depth,135cm/13.78inJ
94964,https://m.media-amazon.com/images/I/618PMer6mOL.jpg,668667,height,135cm/13.78inJ
94965,https://m.media-amazon.com/images/I/618PMer6mOL.jpg,668667,width,135cm/13.78inJ
94966,https://m.media-amazon.com/images/I/618PO25FswL.jpg,652661,height,"io5"""
94967,https://m.media-amazon.com/images/I/618PQ-UMpGL.jpg,292475,depth,MODERNMGCGIFT CENTREB UILDINGTRUST SINCE 197224 Cm8 CmLDOPPlain Urali No 9Ipc weight600 gmmodern_gift_centre1+91 93532 68240
94968,https://m.media-amazon.com/images/I/618PQ-UMpGL.jpg,292475,height,MODERNMGCGIFT CENTREB UILDINGTRUST SINCE 197224 Cm8 CmLDOPPlain Urali No 9Ipc weight600 gmmodern_gift_centre1+91 93532 68240
94969,https://m.media-amazon.com/images/I/618Pb7jOqTL.jpg,464488,depth,"UNIQUEDESTGN1.26inchWeight:6.2g0.24inch -20""2""ExtensionLarge space screw hole,Shining blue diamonds,Chain Lengthto install ashbeautiful and generousEasy"
94970,https://m.media-amazon.com/images/I/618Pb7jOqTL.jpg,464488,height,"UNIQUEDESTGN1.26inchWeight:6.2g0.24inch -20""2""ExtensionLarge space screw hole,Shining blue diamonds,Chain Lengthto install ashbeautiful and generousEasy"
94971,https://m.media-amazon.com/images/I/618PbZlYdOL.jpg,208023,depth,"SILSILVER -PLATEDFhatoFraniearahsh 5KesistantPLATEDVER_FramePhotoResitantarnth6x4"""
94972,https://m.media-amazon.com/images/I/618PdkCLyNL.jpg,452717,height,8.66in22cm17.28in0.47in44cm1.2cm
94973,https://m.media-amazon.com/images/I/618PdkCLyNL.jpg,452717,width,8.66in22cm17.28in0.47in44cm1.2cm
94974,https://m.media-amazon.com/images/I/618Plk4223L.jpg,594224,depth,75.7cm/2.24'1
94975,https://m.media-amazon.com/images/I/618PouGZdTL.jpg,524117,width,1326mm238mm
94976,https://m.media-amazon.com/images/I/618PrG8BMKL.jpg,276221,width,12.5cm/4.92in7313.5cm/53Iin20cm/7.13.8cm/5.43in'.87in
94977,https://m.media-amazon.com/images/I/618Ps9noF3L.jpg,892291,item_weight,Input power is enough 5V 1AFull chargedFull chargedEneron
94978,https://m.media-amazon.com/images/I/618Ps9noF3L.jpg,892291,wattage,Input power is enough 5V 1AFull chargedFull chargedEneron
94979,https://m.media-amazon.com/images/I/618PzWgVkML.jpg,174276,height,SIZEDETAILNAPKIN RINGSRing In One Size]02169F105576iN44cm/1.S7inWeight:14g
94980,https://m.media-amazon.com/images/I/618PzWgVkML.jpg,174276,depth,SIZEDETAILNAPKIN RINGSRing In One Size]02169F105576iN44cm/1.S7inWeight:14g
94981,https://m.media-amazon.com/images/I/618Q-GB4cZL.jpg,318770,wattage,30ft.RoHSHighFlowlessUninterruptedApprovedbandwidthConnectionConnectionIong
94982,https://m.media-amazon.com/images/I/618Q59LQSyL.jpg,342931,depth,Hang HookDon't Bend | Don't Melt0TorFteratgre408C to+2308CHigh Heat-ResistantStructure Provides0Sondstico adedr EdoeDishwasher SafeF10cm
94983,https://m.media-amazon.com/images/I/618Q59LQSyL.jpg,342931,width,Hang HookDon't Bend | Don't Melt0TorFteratgre408C to+2308CHigh Heat-ResistantStructure Provides0Sondstico adedr EdoeDishwasher SafeF10cm
94984,https://m.media-amazon.com/images/I/618Q8PLY-WL.jpg,436746,depth,happy homewares5XoZlcm/8.2in25.5cm/1OinSuitable for E2Z/E14 Fittings -6OW MaximumLinen FinishUkSELLER _~SELL43773513S
94985,https://m.media-amazon.com/images/I/618Q8PLY-WL.jpg,436746,width,happy homewares5XoZlcm/8.2in25.5cm/1OinSuitable for E2Z/E14 Fittings -6OW MaximumLinen FinishUkSELLER _~SELL43773513S
94986,https://m.media-amazon.com/images/I/618QSFqoweL.jpg,955292,wattage,Connector 1:Connector 2:USB Type-A FemaleUSB Type-C MaleLength: 0.5Feet(1Scm)
94987,https://m.media-amazon.com/images/I/618QSFqoweL.jpg,955292,item_weight,Connector 1:Connector 2:USB Type-A FemaleUSB Type-C MaleLength: 0.5Feet(1Scm)
94988,https://m.media-amazon.com/images/I/618QUG5q95L.jpg,966823,width,PRODUCT SIZESpcs[13.9cm/1.54inchCapacity: 1Oml(0.34 fl. 0z)
94989,https://m.media-amazon.com/images/I/618QUG5q95L.jpg,966823,depth,PRODUCT SIZESpcs[13.9cm/1.54inchCapacity: 1Oml(0.34 fl. 0z)
94990,https://m.media-amazon.com/images/I/618QUG5q95L.jpg,966823,height,PRODUCT SIZESpcs[13.9cm/1.54inchCapacity: 1Oml(0.34 fl. 0z)
94991,https://m.media-amazon.com/images/I/618QWIClI0L.jpg,483370,width,8 cm
94992,https://m.media-amazon.com/images/I/618QWIClI0L.jpg,483370,height,8 cm
94993,https://m.media-amazon.com/images/I/618QWIClI0L.jpg,483370,depth,8 cm
94994,https://m.media-amazon.com/images/I/618QcHcvI3L.jpg,140266,depth,Z0cm9
94995,https://m.media-amazon.com/images/I/618QdIvEipS.jpg,639508,depth,Tg15cm4Rome)15cmPEacebestthe
94996,https://m.media-amazon.com/images/I/618QdIvEipS.jpg,639508,height,Tg15cm4Rome)15cmPEacebestthe
94997,https://m.media-amazon.com/images/I/618QdIvEipS.jpg,639508,width,Tg15cm4Rome)15cmPEacebestthe
94998,https://m.media-amazon.com/images/I/618Qi3voVCL.jpg,522832,width,2 layerJ3 layer30._81~30.31in/77cm131in/77cm
94999,https://m.media-amazon.com/images/I/618QjGKzn6L.jpg,185935,depth,17.8cmEdGE150817.8cmEOGE180017.9cm8EDGE24017.7cm1.cmShixer {Ooo/*0oo8FEX100/180ImFlex 200/28017.8cm8FLEX2201280A.am{lX 1Co/1zo17.8cm0.cm(oclSHINER1ooo/4000Me0.ScmScm[oci0
95000,https://m.media-amazon.com/images/I/618QpGkbVtL.jpg,219211,item_weight,EVSA88EB0PLUS550w GOLDGAGOLdSUPPLYKo)550POWEREVsA
95001,https://m.media-amazon.com/images/I/618QpGkbVtL.jpg,219211,wattage,EVSA88EB0PLUS550w GOLDGAGOLdSUPPLYKo)550POWEREVsA
95002,https://m.media-amazon.com/images/I/618QvPFYsCL.jpg,752266,width,4.3cm26cm8cm5cm21cm18cm
95003,https://m.media-amazon.com/images/I/618Qwe7WmfL.jpg,860821,width,150 mm72 mm0088123 mm29mms43 mm150 nim100 mm2001580?104 Mm
95004,https://m.media-amazon.com/images/I/618Qx2s42vL.jpg,106003,depth,PRODUCT SIZE88Thickness: 7mm78.5mm/3.0ginch
95005,https://m.media-amazon.com/images/I/618R-H6spuL.jpg,311997,height,2inl35cm711in/28cm(0PerforacionAutoadhesivo8.26/21cm
95006,https://m.media-amazon.com/images/I/618R4yzhh9L.jpg,536583,height,"Well-PackedH5401firstinfd RattE_jz##a#4xX rej]For trimming and fine finishing of wood surfaces_FT Vou NEESPerfect for model making:Hb4utTrimming PlaneAn adjustable screw adjusts the target anddepth of the cutter you need_Portable size. Dimension3.38 x 1.14 x 0.94 inches (86x 29x 24 cm)ARIRMIIAERMHWame##""IA+@ameOhrjhzrXotmhi+HEWIzaJ+kZL-L:-ti7 #QOFIIFIz5@,Work safely with tools by wearing safety gogglesand gloves.Thi ; *Ce U*1#ntbfms#rr0ialmma5z2M""AItEe#erGalTtl #{9LNewXOOOUTSCGV1Lightweight Woodworking Trimming PlaneJwwWfirstinfo com twFirstinfoH5401MADE IN TAIWANAi:"
95007,https://m.media-amazon.com/images/I/618R7uat-oL.jpg,944936,depth,"5'whyatt Hurry UP withthat kidney,PetersonPop7""ObsesSive ComPressive Disorder:irresistible Urge to burstbubble WrapFRAGILEORGAN DONORThe"
95008,https://m.media-amazon.com/images/I/618R7uat-oL.jpg,944936,width,"5'whyatt Hurry UP withthat kidney,PetersonPop7""ObsesSive ComPressive Disorder:irresistible Urge to burstbubble WrapFRAGILEORGAN DONORThe"
95009,https://m.media-amazon.com/images/I/618R7uat-oL.jpg,944936,height,"5'whyatt Hurry UP withthat kidney,PetersonPop7""ObsesSive ComPressive Disorder:irresistible Urge to burstbubble WrapFRAGILEORGAN DONORThe"
95010,https://m.media-amazon.com/images/I/618RIcjNxHL.jpg,866516,width,"PRODUCT SIZEFigure height about 9.1-11.3cmBox about 6.5cmXb ScmX11.ScmIphone13 height about 14.6cmPOp MARTAzura Pop MARTAZURA10.24Tuesday; September 13~ZUR"" +NO.0035bPOP MARIGirlQNaeAzUpA}"
95011,https://m.media-amazon.com/images/I/618RJPX3+GL.jpg,347404,height,Extra Large Windowsill Planter3A0.Zin/9.6cmScm15.9in/eL132.8in/7 ..Icm
95012,https://m.media-amazon.com/images/I/618RLhDW6UL.jpg,416664,width,"?ACKINGLISDECORATIVELED SHIER TREE20in / 5Oem | Gold /SLVERFolded Tree LightBase wl Touch Switch140"" USB Power Cable"
95013,https://m.media-amazon.com/images/I/618RLhDW6UL.jpg,416664,depth,"?ACKINGLISDECORATIVELED SHIER TREE20in / 5Oem | Gold /SLVERFolded Tree LightBase wl Touch Switch140"" USB Power Cable"
95014,https://m.media-amazon.com/images/I/618RLhDW6UL.jpg,416664,height,"?ACKINGLISDECORATIVELED SHIER TREE20in / 5Oem | Gold /SLVERFolded Tree LightBase wl Touch Switch140"" USB Power Cable"
95015,https://m.media-amazon.com/images/I/618RR2gIAbS.jpg,347320,depth,Product size descriptionThe size you bought1piece=10Ocmwidthwidth145cm145cmLength ImThe fixed width is ]45cm; the length can be purchased according to your needsAll orders are sent continuously without cutting
95016,https://m.media-amazon.com/images/I/618RR2gIAbS.jpg,347320,height,Product size descriptionThe size you bought1piece=10Ocmwidthwidth145cm145cmLength ImThe fixed width is ]45cm; the length can be purchased according to your needsAll orders are sent continuously without cutting
95017,https://m.media-amazon.com/images/I/618RWbJzooL.jpg,926285,item_weight,"obimiASize(inch)] S(Kids)M(Youth)L(Adult)A8.26""-9.848.26""-9.84""9.84""-11.41""ElbowpadB7.87""-9.45""7.87""-9.45""9.45""-11.02""7.48""-9.448.66""-9.44""9.44""-10.23""Wrist Guard)D5.5""-6.29""6.69""-7.48""7.48""-7.26""Size(inch)S(Kids)M(Youth)L(Adult)E9.05""-12.58""9.45""-14.16""12.2""-15.73""Knee PadF8.66""-11.41""9.05""-11.8""11.81""-14.56""obuszd"
95018,https://m.media-amazon.com/images/I/618Rc6jozkL.jpg,932012,depth,The size of the roller blind fitting kitO0Bead chain (74 inch/6.16ft long in total)39mm111
95019,https://m.media-amazon.com/images/I/618Rc6jozkL.jpg,932012,height,The size of the roller blind fitting kitO0Bead chain (74 inch/6.16ft long in total)39mm111
95020,https://m.media-amazon.com/images/I/618RdrFywcL.jpg,844474,depth,"SIZE15.6"" LAPTOPFITS UP TO115.6in9.7in712.5in(32cm)Sin(19cm)"
95021,https://m.media-amazon.com/images/I/618RdrFywcL.jpg,844474,width,"SIZE15.6"" LAPTOPFITS UP TO115.6in9.7in712.5in(32cm)Sin(19cm)"
95022,https://m.media-amazon.com/images/I/618Rep1AsRL.jpg,178778,height,5.1 INCH3 INCH7.3 INCHGHIcKE GHIckc'
95023,https://m.media-amazon.com/images/I/618RgwXBDgL.jpg,826444,width,2.23in3.34in3.14in
95024,https://m.media-amazon.com/images/I/618RjKV1aEL.jpg,926285,item_weight,"HARTShi;hrYouth & Adult Sizing ChartOrder oneRUNSFITSRUNSsize UP fromSMALLPERFECTLARGEnormal size:SIZECHESTWAISTYouth-S22-_22-26""Youth-M25-28""23-25""Youth-L27-3224-27""Adult-S29-34""26-29""Adult-M33-39""28-32""Adult-L35-42""30-35""Adult-XL38-45""32-38Sizing refers to body measurements, not garment dimensions.26"""
95025,https://m.media-amazon.com/images/I/618RtnR9okL.jpg,106003,height,9.5 cm1 cm12cmSIZE:Long 12High 9.5Thick 1 (cm)WEIGHT:0_.056(kg)COLOR:PinkYellowBlueKhakiGreenBlackSTRUCTURE:5 Card Compartments1Zipperbag
95026,https://m.media-amazon.com/images/I/618RtnR9okL.jpg,106003,width,9.5 cm1 cm12cmSIZE:Long 12High 9.5Thick 1 (cm)WEIGHT:0_.056(kg)COLOR:PinkYellowBlueKhakiGreenBlackSTRUCTURE:5 Card Compartments1Zipperbag
95027,https://m.media-amazon.com/images/I/618RtnR9okL.jpg,106003,width,9.5 cm1 cm12cmSIZE:Long 12High 9.5Thick 1 (cm)WEIGHT:0_.056(kg)COLOR:PinkYellowBlueKhakiGreenBlackSTRUCTURE:5 Card Compartments1Zipperbag
95028,https://m.media-amazon.com/images/I/618RtnR9okL.jpg,106003,height,9.5 cm1 cm12cmSIZE:Long 12High 9.5Thick 1 (cm)WEIGHT:0_.056(kg)COLOR:PinkYellowBlueKhakiGreenBlackSTRUCTURE:5 Card Compartments1Zipperbag
95029,https://m.media-amazon.com/images/I/618Rtt07+fL.jpg,261553,depth,5.9 in / 15 cm883
95030,https://m.media-amazon.com/images/I/618Rw6c97xL.jpg,241608,height,"68*45*21cm(Outer diameter,SUS304 stainless steel,Brushed gunmetal grey process;_Thickened panel 3mmNano anti-bacterial sinkDesktop opening size:65.5*42.5cmSinkInternal basinDrainer basket| Cutting boardFaucetsHot/coldSwitch/ Drainclean FaucetsCup washersAngle valve x2water pipesfitting"
95031,https://m.media-amazon.com/images/I/618S1LeY+wL.jpg,681445,depth,"SIZE723/8""/6cm"
95032,https://m.media-amazon.com/images/I/618S3XutApL.jpg,969033,width,50cm55cm60cm15cm0 90 cm
95033,https://m.media-amazon.com/images/I/618S4-4zMHL.jpg,521308,height,"SOFA: 74.8"" x 30.3"" x 30.7""H(INCH)74.8""3""2430."
95034,https://m.media-amazon.com/images/I/618S6F5TD6L.jpg,823083,depth,GRODuc1EiE1|6cm/2.36in6cm/2.36in
95035,https://m.media-amazon.com/images/I/618S6F5TD6L.jpg,823083,height,GRODuc1EiE1|6cm/2.36in6cm/2.36in
95036,https://m.media-amazon.com/images/I/618S6J2w0wL.jpg,784538,depth,1837.4 inch
95037,https://m.media-amazon.com/images/I/618S8YPe1kL.jpg,442321,width,"SXZEzINcY29.5""60""39.4""23.6""29.5"""
95038,https://m.media-amazon.com/images/I/618S8YPe1kL.jpg,442321,height,"SXZEzINcY29.5""60""39.4""23.6""29.5"""
95039,https://m.media-amazon.com/images/I/618S9kKzQKL.jpg,204245,depth,"Adjustable HangingRope 40""-63""TentHeight 52""330 Ibs40WidePlay"
95040,https://m.media-amazon.com/images/I/618SBLchgyL.jpg,751532,height,"Product DimensionMattress SizeProduct Weight49.3 lbsLength: 79.5""Width: 75.6"" Height: 14""Length: 80"" Width: 76""Weight Capacity3500 lbsKing14""75,6""79.5"""
95041,https://m.media-amazon.com/images/I/618SCOZg-qL.jpg,658003,height,13 inch9C
95042,https://m.media-amazon.com/images/I/618SCOZg-qL.jpg,658003,depth,13 inch9C
95043,https://m.media-amazon.com/images/I/618SPNkNn2L.jpg,810266,height,MORE SIZE CHOICESSOpcsSOpcsW_S512cm12cm12cm4.7 Inch4.7 Inch4.7 Inch15cm5.9 Inch5OpcS6OpcS
95044,https://m.media-amazon.com/images/I/618SPNkNn2L.jpg,810266,width,MORE SIZE CHOICESSOpcsSOpcsW_S512cm12cm12cm4.7 Inch4.7 Inch4.7 Inch15cm5.9 Inch5OpcS6OpcS
95045,https://m.media-amazon.com/images/I/618SPNkNn2L.jpg,810266,depth,MORE SIZE CHOICESSOpcsSOpcsW_S512cm12cm12cm4.7 Inch4.7 Inch4.7 Inch15cm5.9 Inch5OpcS6OpcS
95046,https://m.media-amazon.com/images/I/618SPdNYvzL.jpg,916768,width,#48+4717.8cm17.8cm10.Ocm
95047,https://m.media-amazon.com/images/I/618SPdNYvzL.jpg,916768,height,#48+4717.8cm17.8cm10.Ocm
95048,https://m.media-amazon.com/images/I/618SQn5zW-L.jpg,181357,height,18Ocm65cm
95049,https://m.media-amazon.com/images/I/618SQn5zW-L.jpg,181357,depth,18Ocm65cm
95050,https://m.media-amazon.com/images/I/618SZeE9UxL.jpg,243137,depth,5FT(1SOCM)ZFT(210CM)
95051,https://m.media-amazon.com/images/I/618Si+CALvL.jpg,881883,width,Product Size20Ocm78.74inch180cm70.87inch
95052,https://m.media-amazon.com/images/I/618Si+CALvL.jpg,881883,depth,Product Size20Ocm78.74inch180cm70.87inch
95053,https://m.media-amazon.com/images/I/618SiIqE8mL.jpg,861555,height,"What is TissueCaddy?Tissue Caddy offers &stylish and ECOconscious solution forstoring and dispensing6""toilet orpaper inadecorative andpractical manner.<co6""tissue<QIEndl;FRIE"
95054,https://m.media-amazon.com/images/I/618SiIqE8mL.jpg,861555,depth,"What is TissueCaddy?Tissue Caddy offers &stylish and ECOconscious solution forstoring and dispensing6""toilet orpaper inadecorative andpractical manner.<co6""tissue<QIEndl;FRIE"
95055,https://m.media-amazon.com/images/I/618Sipedz6L.jpg,145452,depth,Capacity1 LitreHeight31.6 cmMILTONDiameter8.9 cm
95056,https://m.media-amazon.com/images/I/618Sipedz6L.jpg,145452,height,Capacity1 LitreHeight31.6 cmMILTONDiameter8.9 cm
95057,https://m.media-amazon.com/images/I/618StRttoEL.jpg,470067,height,"GIMILIArt0 f living-SPOUT HEIGHT:9.2inchesHEIGHT:16inchesSPOUT HEIGHT:7.6inchesBOTTOM LENGTH:1OinchesSingle-holeMIOC*127.5""_9/161.Mounting hole size:1.3~1.6""2.The maximum thicknessThree-holeof countertop: 1""3.3 holePlateCover 2 Useless9/16"" standardSide Hole to Make Faucet Beautiful.pipe connectionMay"
95058,https://m.media-amazon.com/images/I/618StRttoEL.jpg,470067,width,"GIMILIArt0 f living-SPOUT HEIGHT:9.2inchesHEIGHT:16inchesSPOUT HEIGHT:7.6inchesBOTTOM LENGTH:1OinchesSingle-holeMIOC*127.5""_9/161.Mounting hole size:1.3~1.6""2.The maximum thicknessThree-holeof countertop: 1""3.3 holePlateCover 2 Useless9/16"" standardSide Hole to Make Faucet Beautiful.pipe connectionMay"
95059,https://m.media-amazon.com/images/I/618SxgVBBFL.jpg,237000,height,"MEASURING GUIDEOVERSIZEDSOFAFOR SEATWIDTHS UP TO 78""46""22""78""277""40"""
95060,https://m.media-amazon.com/images/I/618Sz0zUopL.jpg,272691,maximum_weight_recommendation,)(Load bearing is up to 150kg3
95061,https://m.media-amazon.com/images/I/618Sz0zUopL.jpg,272691,item_weight,)(Load bearing is up to 150kg3
95062,https://m.media-amazon.com/images/I/618T-kA1zRL.jpg,545902,width,"30LB01.3""2.6""9.5""30LB7.9""5.14"""
95063,https://m.media-amazon.com/images/I/618T0Y+vJgL.jpg,683885,width,+rz2Ommmhm#XEZi21_13
95064,https://m.media-amazon.com/images/I/618T0Y+vJgL.jpg,683885,height,+rz2Ommmhm#XEZi21_13
95065,https://m.media-amazon.com/images/I/618T0Y+vJgL.jpg,683885,depth,+rz2Ommmhm#XEZi21_13
95066,https://m.media-amazon.com/images/I/618T2o32JfL.jpg,731252,width,Stainless steel mesh screen5.5 inches wide mouth to reduce overflow
95067,https://m.media-amazon.com/images/I/618T2o32JfL.jpg,731252,depth,Stainless steel mesh screen5.5 inches wide mouth to reduce overflow
95068,https://m.media-amazon.com/images/I/618T2o32JfL.jpg,731252,height,Stainless steel mesh screen5.5 inches wide mouth to reduce overflow
95069,https://m.media-amazon.com/images/I/618T7H9QQJL.jpg,267182,height,8884Ocm36cm40.Scm
95070,https://m.media-amazon.com/images/I/618T7HiPBfL.jpg,516127,width,2.8cm(1.10in)618cm/7.08in
95071,https://m.media-amazon.com/images/I/618T8K4ktWL.jpg,673806,depth,"20""ACanvases16"""
95072,https://m.media-amazon.com/images/I/618T8K4ktWL.jpg,673806,width,"20""ACanvases16"""
95073,https://m.media-amazon.com/images/I/618T8Mz15EL.jpg,483370,depth,5.11INCH7.48INCH19.68INCH
