index,image_link,group_id,entity_name,e
96274,https://m.media-amazon.com/images/I/6199nziYhQL.jpg,823083,depth,12.2in7.48in11.81inN6sOGFGSSOER
96275,https://m.media-amazon.com/images/I/6199nziYhQL.jpg,823083,height,12.2in7.48in11.81inN6sOGFGSSOER
96276,https://m.media-amazon.com/images/I/6199rKPtMuS.jpg,241608,width,Fine R angle design220MM9 Scr4mm
96277,https://m.media-amazon.com/images/I/6199rKPtMuS.jpg,241608,depth,Fine R angle design220MM9 Scr4mm
96278,https://m.media-amazon.com/images/I/619A2fu2nrL.jpg,347404,depth,14cm12cm2YearWarrantyHandPrinted
96279,https://m.media-amazon.com/images/I/619A2fu2nrL.jpg,347404,width,14cm12cm2YearWarrantyHandPrinted
96280,https://m.media-amazon.com/images/I/619A53UfVtL.jpg,483370,depth,Product size387Age 6+IuSIQad398489SKEEDcSdddld-SudmlknCOL8xZ.6in3
96281,https://m.media-amazon.com/images/I/619A5h5P5sL.jpg,396159,height,Figur bestehtaus:lx Handtuch'd150x1OOcm weif'XTAlx Gastetuch3Ox50cm weifWaschhandschuhlx 15x2lcm weiflx 15x2lcm hellgrauure4vip:VIP
96282,https://m.media-amazon.com/images/I/619AF5JBZbL.jpg,858439,width,16cm6.3in30cm11.8in6.5cm2.6in
96283,https://m.media-amazon.com/images/I/619ANIb5dXL.jpg,658003,height,"422.2""6.5""10""GOAL"
96284,https://m.media-amazon.com/images/I/619APK2gRUL.jpg,810266,width,3.8inch4Ooz1200mlCAPACITYSOFT HANDLE1CUP HOLDERFRIENDLYSILICONE BOOTF2.95inch-
96285,https://m.media-amazon.com/images/I/619AR6wSBvL.jpg,953313,item_weight,20TBEXPANSESAN HDDOooOolWATZRPANTHER
96286,https://m.media-amazon.com/images/I/619AUd0W0LL.jpg,106003,height,4.3 in / 11.0 cm4.3 in / 11.0 cm
96287,https://m.media-amazon.com/images/I/619Af2cIdVL.jpg,311997,height,"T3.15""43.3""11.61""7.87""39"""
96288,https://m.media-amazon.com/images/I/619AfYxarTL.jpg,180410,height,"Products Size5.04in1488USAA1211831CASHBACK RewaRDS ALus75577759 @71543 Z10011[fVEvaeEARBMEMEERAnxiN;111HENisysUnmomRESRERDSS(011U7534567 57010gTnbp?,22812CARDHOLDERTostnman5E1321022 &5;10OM11KResKtulYOUNG1JL1kwd FICE NAMEKELLER NI10.24in12{"
96289,https://m.media-amazon.com/images/I/619AfYxarTL.jpg,180410,depth,"Products Size5.04in1488USAA1211831CASHBACK RewaRDS ALus75577759 @71543 Z10011[fVEvaeEARBMEMEERAnxiN;111HENisysUnmomRESRERDSS(011U7534567 57010gTnbp?,22812CARDHOLDERTostnman5E1321022 &5;10OM11KResKtulYOUNG1JL1kwd FICE NAMEKELLER NI10.24in12{"
96290,https://m.media-amazon.com/images/I/619AkfcGj6L.jpg,844474,depth,82OCM8CM
96291,https://m.media-amazon.com/images/I/619AkfcGj6L.jpg,844474,height,82OCM8CM
96292,https://m.media-amazon.com/images/I/619Ao66L-zL.jpg,932289,depth,Products Dimension34 INCH ( 1 TON )
96293,https://m.media-amazon.com/images/I/619Ao66L-zL.jpg,932289,width,Products Dimension34 INCH ( 1 TON )
96294,https://m.media-amazon.com/images/I/619Ao66L-zL.jpg,932289,height,Products Dimension34 INCH ( 1 TON )
96295,https://m.media-amazon.com/images/I/619AoM9Y2gL.jpg,292475,height,7.87in5.7in2.16in9.05in2.55in]6.49in12.59in10.62in2.95in7.48in
96296,https://m.media-amazon.com/images/I/619AqquMLyL.jpg,276611,width,"30.7""F11.2""32""12""5.7""32""13.3""11.8""14.3"""
96297,https://m.media-amazon.com/images/I/619Ax-WMx6L.jpg,970563,width,"M8181,38""/35mm1(Thi)o.08""/2mm=21.38""/35mm"
96298,https://m.media-amazon.com/images/I/619B2sSvrHL.jpg,208023,depth,"OUR FIRSTBfathevsDaddy, Id tell you ifcould thatlove you sO.There are SO manythingsthat /hope you knowSoonhold me closeto you, and your love iswhat I'Il feel. Although I can'tyou back, my love4"" x6""for you is very realcan't wait to meet you,EDaddy;Oayphotoyou'ilhugyet"
96299,https://m.media-amazon.com/images/I/619B8wXhUWL.jpg,104874,height,"1OOpcs Disposable Napkins'3-PLYTHICKGOLDCONSTRUCTION&ABSORBENTFOIL DESIGNFolded4.5""4.5""FoldedUl 3""~s"
96300,https://m.media-amazon.com/images/I/619B8wXhUWL.jpg,104874,depth,"1OOpcs Disposable Napkins'3-PLYTHICKGOLDCONSTRUCTION&ABSORBENTFOIL DESIGNFolded4.5""4.5""FoldedUl 3""~s"
96301,https://m.media-amazon.com/images/I/619B8wXhUWL.jpg,104874,width,"1OOpcs Disposable Napkins'3-PLYTHICKGOLDCONSTRUCTION&ABSORBENTFOIL DESIGNFolded4.5""4.5""FoldedUl 3""~s"
96302,https://m.media-amazon.com/images/I/619BC6TluoL.jpg,913156,width,"693036.25 cm6.25 cm /2.5"" inch2.5"" inch"
96303,https://m.media-amazon.com/images/I/619BOmZ21RL.jpg,844474,depth,NMJiMa6110.7inch/26cm
96304,https://m.media-amazon.com/images/I/619BPUceJaL.jpg,849273,height,PINKLarge Capacity2Ribbons220*110*85mmHold about 200 pensItype}
96305,https://m.media-amazon.com/images/I/619BTH6aVGL.jpg,640408,depth,"Dimension(+)Material""TPU+TPE11.20z(m : TPU+TPE)3824cm19.4""50ml15.8cm[2.3""35g"
96306,https://m.media-amazon.com/images/I/619BTH6aVGL.jpg,640408,height,"Dimension(+)Material""TPU+TPE11.20z(m : TPU+TPE)3824cm19.4""50ml15.8cm[2.3""35g"
96307,https://m.media-amazon.com/images/I/619BaLhnPiL.jpg,696193,height,2.4in/6.2cm3.7in/9.ScmL4 1S15.Sin/14cm
96308,https://m.media-amazon.com/images/I/619BcHaEt1L.jpg,478357,width,DIMENSIONNet Weioght: 16.3 LBS47_inch24.inch29 inch24 inchThree-speed19 inchadjustable height38 inch16 inchManual measurement; there is <O.5incherror.
96309,https://m.media-amazon.com/images/I/619BcHaEt1L.jpg,478357,height,DIMENSIONNet Weioght: 16.3 LBS47_inch24.inch29 inch24 inchThree-speed19 inchadjustable height38 inch16 inchManual measurement; there is <O.5incherror.
96310,https://m.media-amazon.com/images/I/619BgNjwjkL.jpg,612552,depth,PRODUCT DIMENSIONSHDESRecord88FatEkhT?Mer itineFrodDUckE@LoeED043cm1BRZOT1Jrhjinnia 5cusslonsE5VolConlcolEllogSongT Racerd43New_plcrun23ELECTRONICKEYBOARDScm9
96311,https://m.media-amazon.com/images/I/619BgNjwjkL.jpg,612552,width,PRODUCT DIMENSIONSHDESRecord88FatEkhT?Mer itineFrodDUckE@LoeED043cm1BRZOT1Jrhjinnia 5cusslonsE5VolConlcolEllogSongT Racerd43New_plcrun23ELECTRONICKEYBOARDScm9
96312,https://m.media-amazon.com/images/I/619Bgn+OUmL.jpg,844474,height,Jrr 173in24MAin51inKOBEBEIEEII
96313,https://m.media-amazon.com/images/I/619Bj5OJUUL.jpg,810266,height,115 mm79 mm117 mm88230 mm
96314,https://m.media-amazon.com/images/I/619Br7msdJS.jpg,178778,height,13cm7.5cm18.5 cm
96315,https://m.media-amazon.com/images/I/619Bt7FGwJL.jpg,498074,item_volume,1DOCtORVISIBLE RESULTSRCOMMeNdedSTART IN 2 DAYSADifferenceKerasalFungal NailRenewal!Sparesiranceviggstail2 DAYSReduces discolorationHelps normalize thicknessNalRcpar ScluionCLINICALLY PROVEN033floz (IOmL)INGREDIENTS
96316,https://m.media-amazon.com/images/I/619BvyuidgL.jpg,982714,height,Small Size Mouse3.86in/9.8cm1.85in/4.7cmTrap
96317,https://m.media-amazon.com/images/I/619BvyuidgL.jpg,982714,depth,Small Size Mouse3.86in/9.8cm1.85in/4.7cmTrap
96318,https://m.media-amazon.com/images/I/619Bw+Ach8L.jpg,507619,depth,10-Pack11in30cmx2016 in20PCS Upholstery4ocmPins INCLUDED(ONLY for Cloth Sofa)10PCS
96319,https://m.media-amazon.com/images/I/619Bw+Ach8L.jpg,507619,height,10-Pack11in30cmx2016 in20PCS Upholstery4ocmPins INCLUDED(ONLY for Cloth Sofa)10PCS
96320,https://m.media-amazon.com/images/I/619BxnKIyFL.jpg,558806,height,3.4cm2.Tcm
96321,https://m.media-amazon.com/images/I/619BxnKIyFL.jpg,558806,depth,3.4cm2.Tcm
96322,https://m.media-amazon.com/images/I/619C6k6ccLL.jpg,931856,height,24cm9.45in9.6cm3.78in8.7cm3.43in6.3cm2.48in
96323,https://m.media-amazon.com/images/I/619CB2loicL.jpg,276611,width,"13""Specifiedtious13.5""15.5""19.5""16.5""24.5""4.5""12""17.50"
96324,https://m.media-amazon.com/images/I/619CFuP83oL.jpg,304120,depth,"Product Size3.2""8.75""5 Pack Pool Vacuum Replacement Filter Set"
96325,https://m.media-amazon.com/images/I/619CFuP83oL.jpg,304120,height,"Product Size3.2""8.75""5 Pack Pool Vacuum Replacement Filter Set"
96326,https://m.media-amazon.com/images/I/619CLaRJIGL.jpg,459271,width,"28771""187"" WIDTHHANDRAILINSIDEHEIGHT10""EXTENDEDHANDRAILS12"" TOP RAILCLEARANCETREAD HEIGHTS 10%""OVERALLWIDTHLADDER IS ADJUSTABLEANTT-ENTRAPMENT BARRIERFROM 48"" TO 56""INCLUDED BUT NOT SHOWN"
96327,https://m.media-amazon.com/images/I/619CLaRJIGL.jpg,459271,depth,"28771""187"" WIDTHHANDRAILINSIDEHEIGHT10""EXTENDEDHANDRAILS12"" TOP RAILCLEARANCETREAD HEIGHTS 10%""OVERALLWIDTHLADDER IS ADJUSTABLEANTT-ENTRAPMENT BARRIERFROM 48"" TO 56""INCLUDED BUT NOT SHOWN"
96328,https://m.media-amazon.com/images/I/619CLpNBVQL.jpg,237000,width,"MEASURINGGUIDELUXURY VELVET RECLINERRecommendedFor seat Widths UP to 28""9122""27""28"""
96329,https://m.media-amazon.com/images/I/619CQgJW5BL.jpg,844474,width,852cm18cm33cm
96330,https://m.media-amazon.com/images/I/619CRTsaqML.jpg,929719,depth,[91cm3 in7.5
96331,https://m.media-amazon.com/images/I/619CVCD8COL.jpg,944936,width,1BrRTR1315cm/5.91in16cm/6.29in3g11cm/4.33inPANIRUHL
96332,https://m.media-amazon.com/images/I/619CWLImadL.jpg,752266,width,5888=22~1 Litre WaterBottle3.4 Inch / 8.3 cm7.2 Inch18.4 cm
96333,https://m.media-amazon.com/images/I/619CX-xfYaL.jpg,752266,height,"13""II12"
96334,https://m.media-amazon.com/images/I/619CYvPm5bL.jpg,801829,width,"32.75""24""32"""
96335,https://m.media-amazon.com/images/I/619CYvPm5bL.jpg,801829,height,"32.75""24""32"""
96336,https://m.media-amazon.com/images/I/619CeuR4ZtL.jpg,906725,depth,Arcclampconform to the shape of eyelashhes[Control handleconvenientfor handeld0.Zinch
96337,https://m.media-amazon.com/images/I/619CeuR4ZtL.jpg,906725,width,Arcclampconform to the shape of eyelashhes[Control handleconvenientfor handeld0.Zinch
96338,https://m.media-amazon.com/images/I/619CeuR4ZtL.jpg,906725,height,Arcclampconform to the shape of eyelashhes[Control handleconvenientfor handeld0.Zinch
96339,https://m.media-amazon.com/images/I/619CkL40i4L.jpg,816782,depth,24 IN-17 INPERFECT SIZE
96340,https://m.media-amazon.com/images/I/619Clm0-0yL.jpg,658003,width,SOPCS24cm(9.4in)1.2cm/o.Sin
96341,https://m.media-amazon.com/images/I/619Clm0-0yL.jpg,658003,height,SOPCS24cm(9.4in)1.2cm/o.Sin
96342,https://m.media-amazon.com/images/I/619Cp5MzVAL.jpg,434825,depth,Pillow15.7inch1[24inch
96343,https://m.media-amazon.com/images/I/619CtREDfOL.jpg,132401,width,1141cm/16.1Iin
96344,https://m.media-amazon.com/images/I/619Cwp4CRwL.jpg,558806,width,Q8k~JFARHU81mm/3 Zin165mm/6.Sinsize
96345,https://m.media-amazon.com/images/I/619Cwp4CRwL.jpg,558806,depth,Q8k~JFARHU81mm/3 Zin165mm/6.Sinsize
96346,https://m.media-amazon.com/images/I/619Cwq92YML.jpg,658003,height,"2.5cm/1""(0.68""*O-pcmi130cm/11_"
96347,https://m.media-amazon.com/images/I/619Cxkrh3oL.jpg,237000,width,Packing Iist: 1* blanket (without other accessories)Packliste:1*Decke (ohne weiteres zubehor)70mZOcmMEASURING GUIDESOLD BY PIECE NOT ALL SETArmrest & Backrest Cover70x70 cm90x90 cmVerkauitpro Stiick Fiir das gesamte L-fonn scia Werden 4-8 Sticke bendtigt
96348,https://m.media-amazon.com/images/I/619Cxkrh3oL.jpg,237000,height,Packing Iist: 1* blanket (without other accessories)Packliste:1*Decke (ohne weiteres zubehor)70mZOcmMEASURING GUIDESOLD BY PIECE NOT ALL SETArmrest & Backrest Cover70x70 cm90x90 cmVerkauitpro Stiick Fiir das gesamte L-fonn scia Werden 4-8 Sticke bendtigt
96349,https://m.media-amazon.com/images/I/619D+ddf9qL.jpg,120219,height,"12cm/4.7""22cm/8.5""5.5cm/2"""
96350,https://m.media-amazon.com/images/I/619D09o0R3L.jpg,237000,height,8119.7inch/5Ocm
96351,https://m.media-amazon.com/images/I/619D09o0R3L.jpg,237000,depth,8119.7inch/5Ocm
96352,https://m.media-amazon.com/images/I/619D3Hq2pwL.jpg,478357,width,7.5cm/3inch2Opcs11*LE1.9cm/0.7inch1'12pcs
96353,https://m.media-amazon.com/images/I/619D8Je35HL.jpg,281159,item_volume,"25% MORE""S3202SEBIOADVANCEDScIENcE-BASED SOLUTIONSCOMPLETEBRANDINSECT KILLERFor Soil &Turf Concentrate2-WAY FORMULAKulbKills Surface InsectsGl2m)in 24 HoursGunchantspKills Soil Insects""for upto 3 MonthsMosquitoo)IDGrubsEatkatoEwRAINPROOF1Hour After Application6,667SaFt""EdpieontNET CONTENTS 40 Fl 02/ml}"
96354,https://m.media-amazon.com/images/I/619D8cOquJS.jpg,549052,depth,012cm/4.72in8[109cm/3.54in7.Scm/2.95in
96355,https://m.media-amazon.com/images/I/619DHk9YxXL.jpg,332892,width,"UHD-401TECHNICALSPECIFICATIONSCOMPACTSIZEWeight:13.4 ounces2.56""4.53""7.99""Lifetime OREI Tech Support &12-Month Manufacturer's WarrantyWARRANTY18GOutRCIAudio with2.0 Switch -HDMI41UHD-401"
96356,https://m.media-amazon.com/images/I/619DHk9YxXL.jpg,332892,height,"UHD-401TECHNICALSPECIFICATIONSCOMPACTSIZEWeight:13.4 ounces2.56""4.53""7.99""Lifetime OREI Tech Support &12-Month Manufacturer's WarrantyWARRANTY18GOutRCIAudio with2.0 Switch -HDMI41UHD-401"
96357,https://m.media-amazon.com/images/I/619DM0XbP-L.jpg,963595,width,3951.97 inch
96358,https://m.media-amazon.com/images/I/619DM0XbP-L.jpg,963595,depth,3951.97 inch
96359,https://m.media-amazon.com/images/I/619DO-Bp7NL.jpg,866516,height,PRODUCT SIZE13.34in7toemne.
96360,https://m.media-amazon.com/images/I/619DO-Bp7NL.jpg,866516,depth,PRODUCT SIZE13.34in7toemne.
96361,https://m.media-amazon.com/images/I/619DOoFMYUL.jpg,173193,depth,"Rated Capacity: 25uFTolerance: +5%Rated Voltage: 450VRated Frequency: 50/60Hz(€1850mm / 1.96""CbB65CAPACITOR25pFt5%450VAC50/60HzSH,C.52=25/85/21"
96362,https://m.media-amazon.com/images/I/619DPoiawqL.jpg,827377,width,6.5 CM~2|11320.5 CM0J6$1121{HHgk237.5 CM2Anti-slip Rubber Footpad
96363,https://m.media-amazon.com/images/I/619DUu97faS.jpg,681445,depth,Different Sizes & ColorsPLANTS ARE NOT INCLUDED4.72in5.51in3.15in3.15in5.Iin5.7in2.95in3.15in
96364,https://m.media-amazon.com/images/I/619DUu97faS.jpg,681445,width,Different Sizes & ColorsPLANTS ARE NOT INCLUDED4.72in5.51in3.15in3.15in5.Iin5.7in2.95in3.15in
96365,https://m.media-amazon.com/images/I/619DXRdSHoL.jpg,801829,height,39.5CM81CM48CM42CM45.5CMKG6.0150KG
96366,https://m.media-amazon.com/images/I/619DYzvjZnL.jpg,501250,height,12cm22cm52cm
96367,https://m.media-amazon.com/images/I/619Dc-LdRfL.jpg,362818,width,8.3INCHES|4.6INCHESSwellV
96368,https://m.media-amazon.com/images/I/619Dc-LdRfL.jpg,362818,depth,8.3INCHES|4.6INCHESSwellV
96369,https://m.media-amazon.com/images/I/619DfIsp7-L.jpg,492988,maximum_weight_recommendation,"Overall Dimensions: 27.6"" Lx 18.5"" Wx 19.5"" HFolding Size: 27.6"" Lx 18.5""Wx 1.25"" HStep Size: 15.7"" x 9.06""Weight Capacity: 110 LB9.06""15.750S18 5""27..6"""
96370,https://m.media-amazon.com/images/I/619DtMDkRpL.jpg,347404,height,zizinBottomless Garden Bed4FT8FTFTDimensions: 8(L)x4(W)xI(H) FTSoil Capacity: 239Gal
96371,https://m.media-amazon.com/images/I/619Dv1Y6l3L.jpg,510899,height,"135cm/13.77"""
96372,https://m.media-amazon.com/images/I/619Dv1Y6l3L.jpg,510899,width,"135cm/13.77"""
96373,https://m.media-amazon.com/images/I/619DvmQLDfL.jpg,929719,depth,[322mm/0.866in
96374,https://m.media-amazon.com/images/I/619DwQuAOYL.jpg,302672,width,9.7cm/3.8inFFlat-BottomedFluted DishHand-madeGlassEnergy-SLED LightUKTouch SwitchSavingPlug
96375,https://m.media-amazon.com/images/I/619DwQuAOYL.jpg,302672,depth,9.7cm/3.8inFFlat-BottomedFluted DishHand-madeGlassEnergy-SLED LightUKTouch SwitchSavingPlug
96376,https://m.media-amazon.com/images/I/619E-5dhIqL.jpg,428871,item_weight,"5Divider5 Way Divider , You can easily put down10 clubs, and can reduce the collisionbetween the club headsBracket designThe stentadopts theof glass fiber,WRiCehas strong toughness:Comfortable handleMore convenient to carry,more durable handleWear-resistant baseMade of wear-resistant material,there is abracket to supportthe ballWaylayersmallbag"
96377,https://m.media-amazon.com/images/I/619E-BTuL2L.jpg,886344,height,"36.81""#T1 LI [835.39""The size may have slight errors due to the manual measurement"
96378,https://m.media-amazon.com/images/I/619E1JVV6KL.jpg,752266,width,Product Size11.2cm5_9cmX4CLAINEAX410.7cm89X4Two Ways Easier InstallationOu94QoQo04684AFrontBackp2208DC12E04D8
96379,https://m.media-amazon.com/images/I/619E36cYszL.jpg,653767,depth,45 cm0E8R 0S
96380,https://m.media-amazon.com/images/I/619E36cYszL.jpg,653767,width,45 cm0E8R 0S
96381,https://m.media-amazon.com/images/I/619E3wmzv-L.jpg,860821,height,%3L30cm/11.81in(0307
96382,https://m.media-amazon.com/images/I/619EA3kgyAL.jpg,180410,height,SLIM & BILFOLD WALLETPerfectly Fits Up to 11 Card . Easily store your money in Icoin pocket andfull-length compartment:5.3 inch0.3 inch1.2 inch3.9 inch
96383,https://m.media-amazon.com/images/I/619EJdI1nnL.jpg,711228,depth,F_2.56 inch / 6.Scm85333ID
96384,https://m.media-amazon.com/images/I/619EMkJ8TzL.jpg,592333,width,MORE GRIP & COMFORTCONCAVE LOW-RISEDOMED LOW-RISETHUMBSTICKTHUMBSTICKAdds 1Omm in heightAdds 1Omm in heightfor added comfort andforoptimal precisionimproved control
96385,https://m.media-amazon.com/images/I/619EMkJ8TzL.jpg,592333,height,MORE GRIP & COMFORTCONCAVE LOW-RISEDOMED LOW-RISETHUMBSTICKTHUMBSTICKAdds 1Omm in heightAdds 1Omm in heightfor added comfort andforoptimal precisionimproved control
96386,https://m.media-amazon.com/images/I/619EMkJ8TzL.jpg,592333,depth,MORE GRIP & COMFORTCONCAVE LOW-RISEDOMED LOW-RISETHUMBSTICKTHUMBSTICKAdds 1Omm in heightAdds 1Omm in heightfor added comfort andforoptimal precisionimproved control
96387,https://m.media-amazon.com/images/I/619EWweJV4L.jpg,243137,depth,BirthdeyPartyWeddingVideoProductChildrenNewbornFestivalYouTubeOutdoor7FT (210cm)4FOUNDMI N1Sqwee3HERSHE
96388,https://m.media-amazon.com/images/I/619EWweJV4L.jpg,243137,height,BirthdeyPartyWeddingVideoProductChildrenNewbornFestivalYouTubeOutdoor7FT (210cm)4FOUNDMI N1Sqwee3HERSHE
96389,https://m.media-amazon.com/images/I/619EYQNJ5KS.jpg,929719,width,3.5cm(1.37 inch)5.5cm(216 inch)2. 2cm(0.98 inch)
96390,https://m.media-amazon.com/images/I/619EbCg2AaL.jpg,241608,height,"SINK SIZE:Exterior: 15""(L)x15""(W)x9""(H)Interior: 13""(L)x11""(W)x9""(H)Drain Opening: 03-1/2""Min Cabinet: 18""8~228.6 [9""]d42218-[8  5/8'29820 [03 4A8{ke8-025.4 [1""]330.2[13""]381. 0[15""]5I?Ez090.42"" [[04044 0"
96391,https://m.media-amazon.com/images/I/619EcQLhKoL.jpg,752266,width,"21.7""LSize1.6""L48W&47.2""L*Please Note this product is not suitable for installation on North American light boxesand need t0 be drilled holes.21.7""L1.8""Lmax 59""L1.8""L1.8""L47.2""L"
96392,https://m.media-amazon.com/images/I/619EfroaKpL.jpg,918186,height,CARTE POSTALETous les gateaux son faitCUROPAavec les ingredients18frais et la sincerits.XuviCes-staux of_B_Iy1SneS:-Kusicus.lnePasePoun _CYD_tz.3PATISSERIE0paCantatneNous VENONS DE KoBE8.53 in / 21.7 cm[hendbne _
96393,https://m.media-amazon.com/images/I/619EfroaKpL.jpg,918186,depth,CARTE POSTALETous les gateaux son faitCUROPAavec les ingredients18frais et la sincerits.XuviCes-staux of_B_Iy1SneS:-Kusicus.lnePasePoun _CYD_tz.3PATISSERIE0paCantatneNous VENONS DE KoBE8.53 in / 21.7 cm[hendbne _
96394,https://m.media-amazon.com/images/I/619EfroaKpL.jpg,918186,width,CARTE POSTALETous les gateaux son faitCUROPAavec les ingredients18frais et la sincerits.XuviCes-staux of_B_Iy1SneS:-Kusicus.lnePasePoun _CYD_tz.3PATISSERIE0paCantatneNous VENONS DE KoBE8.53 in / 21.7 cm[hendbne _
96395,https://m.media-amazon.com/images/I/619EgpCRKqL.jpg,801829,width,"30""5.75""35""22""19.75""18""30.5""30""25"""
96396,https://m.media-amazon.com/images/I/619EhuOxKZL.jpg,119607,width,RePr8:{8RO28cm / 11in
96397,https://m.media-amazon.com/images/I/619EhuOxKZL.jpg,119607,depth,RePr8:{8RO28cm / 11in
96398,https://m.media-amazon.com/images/I/619ErSfBH8S.jpg,953313,item_weight,54742213HMBITB3DNVMeSLCNANDAdvancedCachingLDPCXPGXPGGAMMIX55M.22280PCleGen3x4SSD
96399,https://m.media-amazon.com/images/I/619EtS6tesL.jpg,844474,height,SIZE25cm15cm24cm
96400,https://m.media-amazon.com/images/I/619EzTrI1eL.jpg,178778,depth,1l40}t ~Yoga27.55 in70 cm4X19.68 in50 cm
96401,https://m.media-amazon.com/images/I/619F45ZzRCL.jpg,668889,depth,4oomm150mm
96402,https://m.media-amazon.com/images/I/619F45ZzRCL.jpg,668889,width,4oomm150mm
96403,https://m.media-amazon.com/images/I/619FA3fnu5L.jpg,178778,height,5.1 INCH3 INCH7.3 INCH
96404,https://m.media-amazon.com/images/I/619FBU6a-AL.jpg,648011,width,E276OMM25000H14W-40W2700k47OLMFassung
96405,https://m.media-amazon.com/images/I/619FBU6a-AL.jpg,648011,height,E276OMM25000H14W-40W2700k47OLMFassung
96406,https://m.media-amazon.com/images/I/619FBU6a-AL.jpg,648011,depth,E276OMM25000H14W-40W2700k47OLMFassung
96407,https://m.media-amazon.com/images/I/619FF3W+AfS.jpg,529606,height,1OinchBottom diameter 1.8cm
96408,https://m.media-amazon.com/images/I/619FF3W+AfS.jpg,529606,width,1OinchBottom diameter 1.8cm
96409,https://m.media-amazon.com/images/I/619FF3W+AfS.jpg,529606,depth,1OinchBottom diameter 1.8cm
96410,https://m.media-amazon.com/images/I/619FFndmFrL.jpg,180410,height,3.94 inunjouxM1OcmTaom164.53 inl11.5cm0.98in12.5cm
96411,https://m.media-amazon.com/images/I/619FFndmFrL.jpg,180410,width,3.94 inunjouxM1OcmTaom164.53 inl11.5cm0.98in12.5cm
96412,https://m.media-amazon.com/images/I/619FH6ZilBL.jpg,558806,depth,4.lin/10.ScmpHApp !2ExeuHDAY8
96413,https://m.media-amazon.com/images/I/619FH6ZilBL.jpg,558806,width,4.lin/10.ScmpHApp !2ExeuHDAY8
96414,https://m.media-amazon.com/images/I/619FH6ZilBL.jpg,558806,height,4.lin/10.ScmpHApp !2ExeuHDAY8
96415,https://m.media-amazon.com/images/I/619FORucsrL.jpg,784538,width,Package contains two pieces20cm30cm13cm8Ocm15cm43cm30cm15cm30cm15cm
96416,https://m.media-amazon.com/images/I/619FP2mncEL.jpg,235178,item_weight,"COASION Product InformationNFORMAT |ON133mmFrame materialPlasticLensMaterialPlasticPolarized LensNo4SmmUV4O0 ProtectionYes15mmSize MapMediumNet weight:48mmGenderWomenGLASSES SIZELens Width48mmFrame Height45mmFrame Width133mm143mmNose Bridge1SmmTemple Length143mmNOTE: The size is measured by hand,There will be silght difference,Thanks for your understand:229"
96417,https://m.media-amazon.com/images/I/619FQNiYV9L.jpg,816782,depth,Kompakt und extrem leichtCompact and extremely lightFiir 2 PersonenGewicht: weniger alsFor 2 personsWeight: less than90 gSicgvollAlle Malle sind ungefahre Angaben:All dimensions are approximate150 cm52
96418,https://m.media-amazon.com/images/I/619FTpcn-ML.jpg,963595,height,65mm134mm3434mm4OMM
96419,https://m.media-amazon.com/images/I/619FTpcn-ML.jpg,963595,width,65mm134mm3434mm4OMM
96420,https://m.media-amazon.com/images/I/619FVHhEMSL.jpg,436746,depth,"1,65inch(4.2CM)73.94inch(1OCM)E26 Socket Ring not included"
96421,https://m.media-amazon.com/images/I/619FVHhEMSL.jpg,436746,width,"1,65inch(4.2CM)73.94inch(1OCM)E26 Socket Ring not included"
96422,https://m.media-amazon.com/images/I/619FWCUuauL.jpg,358831,width,"Lenght:16.4Ft7cm/2.76"""
96423,https://m.media-amazon.com/images/I/619FWCUuauL.jpg,358831,height,"Lenght:16.4Ft7cm/2.76"""
96424,https://m.media-amazon.com/images/I/619FWCUuauL.jpg,358831,depth,"Lenght:16.4Ft7cm/2.76"""
96425,https://m.media-amazon.com/images/I/619FXbzmtnL.jpg,243137,width,Skeletal SystemSkullClavicleMandibleScapulaSize: 6x6FtCervicalSeamlessVertebraeSternumThoracicNon-GlossVertebraeRibsLumbarHumerusILight HeightVertebraeRadiusPelvisISuper DurableSacrumUlnaCoccyxCarpalsReusableFemurMetacarpalsPatellaPhalangesTarsals-TibiaFibulaMetatarsalsPhalange
96426,https://m.media-amazon.com/images/I/619FXbzmtnL.jpg,243137,height,Skeletal SystemSkullClavicleMandibleScapulaSize: 6x6FtCervicalSeamlessVertebraeSternumThoracicNon-GlossVertebraeRibsLumbarHumerusILight HeightVertebraeRadiusPelvisISuper DurableSacrumUlnaCoccyxCarpalsReusableFemurMetacarpalsPatellaPhalangesTarsals-TibiaFibulaMetatarsalsPhalange
96427,https://m.media-amazon.com/images/I/619FbF+1WqL.jpg,932012,depth,widthwidthwidthheightheightheight3x5ft or 4xSftNormal window3x7ft or 4x7ftMedium size Glass window3x9ft or 4xgftAvailable sizesLong Glass windowwxh (feet)3x5 feet4x5 feet3x7 feet4x7 feet3x9 feet4x9 feetsize can be customizedQIRRO
96428,https://m.media-amazon.com/images/I/619FdDsvUDL.jpg,433914,width,5.7inch[7?6inch7.O8inchCut out/NeckDoor DimensionsOverall DimensionsDimensionsOpening7.08 inch x 7.08 inch6 inch x 6 inch5.7 inch x 5.7 inch
96429,https://m.media-amazon.com/images/I/619FdDsvUDL.jpg,433914,height,5.7inch[7?6inch7.O8inchCut out/NeckDoor DimensionsOverall DimensionsDimensionsOpening7.08 inch x 7.08 inch6 inch x 6 inch5.7 inch x 5.7 inch
96430,https://m.media-amazon.com/images/I/619Fwh67iSL.jpg,130202,width,3Se1.57 inch
96431,https://m.media-amazon.com/images/I/619Fwh67iSL.jpg,130202,height,3Se1.57 inch
96432,https://m.media-amazon.com/images/I/619Fwh67iSL.jpg,130202,depth,3Se1.57 inch
96433,https://m.media-amazon.com/images/I/619G1NCivLL.jpg,931247,height,SIZE MARKINGWeddingPartyBirthdayOutdoors220cm/87in130cm/51in
96434,https://m.media-amazon.com/images/I/619G1NCivLL.jpg,931247,depth,SIZE MARKINGWeddingPartyBirthdayOutdoors220cm/87in130cm/51in
96435,https://m.media-amazon.com/images/I/619G1NCivLL.jpg,931247,width,SIZE MARKINGWeddingPartyBirthdayOutdoors220cm/87in130cm/51in
96436,https://m.media-amazon.com/images/I/619GEcmTUqL.jpg,844474,depth,Xtra Large Drawstring Size 14W7Scm x H1OScm
96437,https://m.media-amazon.com/images/I/619GH62BA8L.jpg,119607,depth,IF THERE EVERcomesQWHEN WE CAN'T BE3FOGETHER KEEP ME INRianTLL STAY THERE{fvevWINNIEPOOH7'd7 inch~OgsTuvTHE5'
96438,https://m.media-amazon.com/images/I/619GH62BA8L.jpg,119607,width,IF THERE EVERcomesQWHEN WE CAN'T BE3FOGETHER KEEP ME INRianTLL STAY THERE{fvevWINNIEPOOH7'd7 inch~OgsTuvTHE5'
96439,https://m.media-amazon.com/images/I/619GH62BA8L.jpg,119607,height,IF THERE EVERcomesQWHEN WE CAN'T BE3FOGETHER KEEP ME INRianTLL STAY THERE{fvevWINNIEPOOH7'd7 inch~OgsTuvTHE5'
96440,https://m.media-amazon.com/images/I/619GK32iPaL.jpg,120219,height,150 cm59.05 inch50 cm19.68 inch
96441,https://m.media-amazon.com/images/I/619GK32iPaL.jpg,120219,depth,150 cm59.05 inch50 cm19.68 inch
96442,https://m.media-amazon.com/images/I/619GNnR2bqS.jpg,823083,depth,3.15in-/8cmF_1.96in.
96443,https://m.media-amazon.com/images/I/619GNnR2bqS.jpg,823083,height,3.15in-/8cmF_1.96in.
96444,https://m.media-amazon.com/images/I/619GNnR2bqS.jpg,823083,width,3.15in-/8cmF_1.96in.
96445,https://m.media-amazon.com/images/I/619GNnR2bqS.jpg,823083,height,3.15in-/8cmF_1.96in.
96446,https://m.media-amazon.com/images/I/619GSrTqLaL.jpg,521308,height,"Size specification31.51617.831.5121.3626,921.817.5"
96447,https://m.media-amazon.com/images/I/619GTM2nxRL.jpg,836556,depth,COMPUTHERM85mmOO85mm
96448,https://m.media-amazon.com/images/I/619GTM2nxRL.jpg,836556,width,COMPUTHERM85mmOO85mm
96449,https://m.media-amazon.com/images/I/619GWaCz-bL.jpg,611510,height,"37""23""17"""
96450,https://m.media-amazon.com/images/I/619GXZrweOL.jpg,412008,width,225meingmochn19CM19CM
96451,https://m.media-amazon.com/images/I/619GY20U4iL.jpg,550595,height,UNIQUE SHAPE FLOOR DRAINDrain Height>2.36inchPrevents odor and drain backflowKeep dirty water flow quickly
96452,https://m.media-amazon.com/images/I/619GY20U4iL.jpg,550595,depth,UNIQUE SHAPE FLOOR DRAINDrain Height>2.36inchPrevents odor and drain backflowKeep dirty water flow quickly
96453,https://m.media-amazon.com/images/I/619GY20U4iL.jpg,550595,width,UNIQUE SHAPE FLOOR DRAINDrain Height>2.36inchPrevents odor and drain backflowKeep dirty water flow quickly
96454,https://m.media-amazon.com/images/I/619Gbp9kOCL.jpg,849273,height,85.Scm21.5cm
96455,https://m.media-amazon.com/images/I/619Gn9dAG5L.jpg,746096,height,96.39 cm37.95 inch43H11g619.25 cm7.58 inchWeight includingWeight not includingbase77.9kgbase7.3kg108cm inch
96456,https://m.media-amazon.com/images/I/619Go0s80SL.jpg,120219,depth,Size6Waterproof;Movable8.4 inch
96457,https://m.media-amazon.com/images/I/619Go0s80SL.jpg,120219,height,Size6Waterproof;Movable8.4 inch
96458,https://m.media-amazon.com/images/I/619Guq62JXL.jpg,192915,depth,PRODUCT DIMENSIONS032.76in/7cm
96459,https://m.media-amazon.com/images/I/619Guq62JXL.jpg,192915,height,PRODUCT DIMENSIONS032.76in/7cm
96460,https://m.media-amazon.com/images/I/619GvL07EOL.jpg,730429,width,250 mmX XI *cQpIsDuAkIIA # M *33017
96461,https://m.media-amazon.com/images/I/619GvL07EOL.jpg,730429,depth,250 mmX XI *cQpIsDuAkIIA # M *33017
96462,https://m.media-amazon.com/images/I/619GwQ0MGLL.jpg,911827,item_volume,"sustinsHustin)DRY CIDERdRY CIdERDRY CIDERHewdo ycu bke tnem apples?""How do you like themtKowdo wou like them cI2FL.02 (355ML)   ALC. 5%k BY VOL,42 FL. 02 (355ML)  ALC. 5% BY VOL.42 FL, 02 (355ML) }ALC. 5% BY VOL;Shutin)EASTCIDERSEASTCIDERSEASTCIDERSVhiginalOhigingykgnigirgyapples?""apples?"""
96463,https://m.media-amazon.com/images/I/619Gz-+TldL.jpg,866516,height,8cm6cm
96464,https://m.media-amazon.com/images/I/619Gz-+TldL.jpg,866516,depth,8cm6cm
96465,https://m.media-amazon.com/images/I/619GzLGrHVL.jpg,885644,height,"POP10.1""4.5""9.6"""
96466,https://m.media-amazon.com/images/I/619H2C3CjpL.jpg,453674,width,24 cm
96467,https://m.media-amazon.com/images/I/619H2C3CjpL.jpg,453674,height,24 cm
96468,https://m.media-amazon.com/images/I/619H2C3CjpL.jpg,453674,depth,24 cm
96469,https://m.media-amazon.com/images/I/619H5XI+C3L.jpg,403664,depth,5545506457.8cm8.7cm
96470,https://m.media-amazon.com/images/I/619H5XI+C3L.jpg,403664,width,5545506457.8cm8.7cm
96471,https://m.media-amazon.com/images/I/619H7vfo4yL.jpg,594224,width,4.8 INCHES2.3 INCHES8 INCHES
96472,https://m.media-amazon.com/images/I/619H7vfo4yL.jpg,594224,height,4.8 INCHES2.3 INCHES8 INCHES
96473,https://m.media-amazon.com/images/I/619HA3+rd4L.jpg,337011,item_volume,WINSOR&NEWTONWINTONTMOIL COLOURCADMIUMYELLOWPALE HUE20Oml
