index,image_link,group_id,entity_name,e
90274,https://m.media-amazon.com/images/I/615dXMOZSQL.jpg,810266,depth,"{(EURIG12 oz InsulatedTravel MugPRODUCTDIMENSIONS5.7"" Height3.3"" Width{(EURIG5.7""TiAca3.3""W7etWe7e7eFrWrTur7e78 (SfberzeVscsc"
90275,https://m.media-amazon.com/images/I/615dXMOZSQL.jpg,810266,height,"{(EURIG12 oz InsulatedTravel MugPRODUCTDIMENSIONS5.7"" Height3.3"" Width{(EURIG5.7""TiAca3.3""W7etWe7e7eFrWrTur7e78 (SfberzeVscsc"
90276,https://m.media-amazon.com/images/I/615da0bqTiL.jpg,288715,item_weight,"2.Oin IPS screenEquipped with 2.0in IPS screen, eve-friendly and clear;not hurting children' $ eyes."
90277,https://m.media-amazon.com/images/I/615ddY8QOqL.jpg,549052,width,Corn Grind Teeth Stick(TPR)Cottonbite ropeLength : 4.40 inDiameter2.2 inWeight7.10 0zdog
90278,https://m.media-amazon.com/images/I/615ddY8QOqL.jpg,549052,height,Corn Grind Teeth Stick(TPR)Cottonbite ropeLength : 4.40 inDiameter2.2 inWeight7.10 0zdog
90279,https://m.media-amazon.com/images/I/615ddY8QOqL.jpg,549052,depth,Corn Grind Teeth Stick(TPR)Cottonbite ropeLength : 4.40 inDiameter2.2 inWeight7.10 0zdog
90280,https://m.media-amazon.com/images/I/615dfj6lLSL.jpg,113134,depth,3Ocm12inch23cm9inch
90281,https://m.media-amazon.com/images/I/615dg+9w-7L.jpg,844474,height,"14cm41CM""ye31CMhype"
90282,https://m.media-amazon.com/images/I/615dg+9w-7L.jpg,844474,depth,"14cm41CM""ye31CMhype"
90283,https://m.media-amazon.com/images/I/615dipUtRkL.jpg,220662,height,"DescriptionA convenient way to hold the cup and phone with quick reach;Unique 2 in 1 cup & phone holder is & convenient solution forboth mom and baby;cup holdermobile phone slotDesign for mobile phoneslincd, covers)mesumed W*H3,15""*0.46"" (8OmmT1,7mm)"
90284,https://m.media-amazon.com/images/I/615dm6U6q4L.jpg,953313,item_weight,mSi2TBM46]SPATHUM
90285,https://m.media-amazon.com/images/I/615dvPi2eRL.jpg,337011,item_volume,GRUMBACHERTITANIUMBLANC DE TITANEBLANCO TITANIOAcADEMYACRYLIQUEC212 . 90 ML * 3 FL OZWHITEAcRildACRYLIC(US)
90286,https://m.media-amazon.com/images/I/615dwkCDXqL.jpg,483370,depth,SIZE28cm/llinch
90287,https://m.media-amazon.com/images/I/615dwkCDXqL.jpg,483370,height,SIZE28cm/llinch
90288,https://m.media-amazon.com/images/I/615dwkCDXqL.jpg,483370,width,SIZE28cm/llinch
90289,https://m.media-amazon.com/images/I/615e2JJNuTL.jpg,849273,height,7.4 in / 19 cm5.5 in / 14 cm
90290,https://m.media-amazon.com/images/I/615e2JJNuTL.jpg,849273,width,7.4 in / 19 cm5.5 in / 14 cm
90291,https://m.media-amazon.com/images/I/615e2JJNuTL.jpg,849273,depth,7.4 in / 19 cm5.5 in / 14 cm
90292,https://m.media-amazon.com/images/I/615e2nALcyL.jpg,231838,height,100MMEADAS ELBOWEADAS-ELBOW241MM170MM218MM77MM
90293,https://m.media-amazon.com/images/I/615e65wV0yL.jpg,916768,width,"PERFEKTVERSTAUTDie durchdachte Ordnung0FicwEaaaae24,6 cm1,9L16 cm1,25L8 Gm600 ML"
90294,https://m.media-amazon.com/images/I/615e65wV0yL.jpg,916768,depth,"PERFEKTVERSTAUTDie durchdachte Ordnung0FicwEaaaae24,6 cm1,9L16 cm1,25L8 Gm600 ML"
90295,https://m.media-amazon.com/images/I/615e65wV0yL.jpg,916768,height,"PERFEKTVERSTAUTDie durchdachte Ordnung0FicwEaaaae24,6 cm1,9L16 cm1,25L8 Gm600 ML"
90296,https://m.media-amazon.com/images/I/615eO0zSdoL.jpg,953313,item_weight,"DRIVE2.5""SATA IIIISOUD STATE E#dinland'SOUDSTATEEPROFESSIONAL25SATA III6Gbls@inland""SOLID STATE DRVEPROFESSIONAL2.5""SATA IlI6Gb/sREAD SPEEDgm520v81s12068ulTtMaTEKries?EE0_2GAMIS8410wEIsSOLUTIONREAd SPEED_E520w8/s120G8ULTIMATEWRIE SPEED_2GamingL1OwBIsSOLUTIONLaptopPCiMacPROFESSIONALainland6Gb/sDRNE"
90297,https://m.media-amazon.com/images/I/615eOsAjq5L.jpg,115666,width,"XFilla63""F14.4""17.9""1.97""48.4""12.6"""
90298,https://m.media-amazon.com/images/I/615eOsAjq5L.jpg,115666,height,"XFilla63""F14.4""17.9""1.97""48.4""12.6"""
90299,https://m.media-amazon.com/images/I/615eRVFX0CL.jpg,752266,width,"04.72""0.98""11.68""017.52"""
90300,https://m.media-amazon.com/images/I/615eVjaigML.jpg,763916,height,"18440,31Omm390mm"
90301,https://m.media-amazon.com/images/I/615eYz9Y1UL.jpg,180410,width,SizeFRONTSIDE2cmBACK9.5cm19.Scm22 : #J150g
90302,https://m.media-amazon.com/images/I/615ebayp-PL.jpg,276611,height,20cm39cm8cm37cm56cm89cm58cm39cm28cm28cm89cm40cm
90303,https://m.media-amazon.com/images/I/615ebldPiQS.jpg,120219,width,"Large CapacityCatchall6.9""_~1.5""3.353.35.7""6EyewearStationeryRemote ControlMakeup BrushesPen5.5"""
90304,https://m.media-amazon.com/images/I/615ecIfrvoL.jpg,470067,depth,CONVIENT A LA PLUPART DES EVIERS3/8Longueur 260mm11{71]831Ursid
90305,https://m.media-amazon.com/images/I/615edk7wIjL.jpg,276611,height,"31.5""24""15"""
90306,https://m.media-amazon.com/images/I/615ek1cyfPL.jpg,507467,width,Pocket Flashlight with KeychainMini work lightto carryLightweight2.3inL-1.8in0.8inWeight:1.560zEasy
90307,https://m.media-amazon.com/images/I/615ekp2HPlL.jpg,146860,depth,Unsere tragbareMineralwasserflascheAndereHundewasserflasche6.9 cm20 cm22.6 cm27.1cm14.2 OZ18 OZ13 OzDrehbares DesignGegenEinhandbedienungVerschmutzung
90308,https://m.media-amazon.com/images/I/615ekp2HPlL.jpg,146860,height,Unsere tragbareMineralwasserflascheAndereHundewasserflasche6.9 cm20 cm22.6 cm27.1cm14.2 OZ18 OZ13 OzDrehbares DesignGegenEinhandbedienungVerschmutzung
90309,https://m.media-amazon.com/images/I/615en95kuyL.jpg,488964,depth,6.3in9in64.7in9.Sin8o9.SinMA
90310,https://m.media-amazon.com/images/I/615epCUjFOL.jpg,325604,maximum_weight_recommendation,ACKSTABILIZER Lbbr49O00 QBS
90311,https://m.media-amazon.com/images/I/615esB99xUL.jpg,752266,depth,"140MMISCOFFEEThE MOrLDS""puccino150MMCALI9"
90312,https://m.media-amazon.com/images/I/615ete3dSaL.jpg,681445,width,3.8cr /1.SinL71lcm/4.3in
90313,https://m.media-amazon.com/images/I/615ete3dSaL.jpg,681445,depth,3.8cr /1.SinL71lcm/4.3in
90314,https://m.media-amazon.com/images/I/615ete3dSaL.jpg,681445,height,3.8cr /1.SinL71lcm/4.3in
90315,https://m.media-amazon.com/images/I/615eysL9DdL.jpg,883361,depth,size28cm10cm8{36pcs6pcs
90316,https://m.media-amazon.com/images/I/615eysL9DdL.jpg,883361,width,size28cm10cm8{36pcs6pcs
90317,https://m.media-amazon.com/images/I/615f+JnCfwL.jpg,842944,height,22 mm545 mm22 mm8311mm
90318,https://m.media-amazon.com/images/I/615f-VQt9yL.jpg,865691,width,IN11 INFORNARROWSEATS2.5INNOT FORWIDE SEATS
90319,https://m.media-amazon.com/images/I/615f0QPG4mL.jpg,276611,width,"52""H8""D6.5""W"
90320,https://m.media-amazon.com/images/I/615f0QPG4mL.jpg,276611,height,"52""H8""D6.5""W"
90321,https://m.media-amazon.com/images/I/615fAt8cFxL.jpg,792578,depth,Length:74.8inchWidth:35.4inch
90322,https://m.media-amazon.com/images/I/615fAt8cFxL.jpg,792578,width,Length:74.8inchWidth:35.4inch
90323,https://m.media-amazon.com/images/I/615fAt8cFxL.jpg,792578,height,Length:74.8inchWidth:35.4inch
90324,https://m.media-amazon.com/images/I/615fGWZ6RhS.jpg,351134,height,"Thickness: 2mm/o.08""16cm/6.3""11cm/4.3""11cm/4.3"""
90325,https://m.media-amazon.com/images/I/615fK+wuYpL.jpg,944936,height,SIZEDISPLAYpm@LPARTY &8PLEASE JOIN US IN CELEBRATING(0FORDATETIMEPLACERSVP4 inch
90326,https://m.media-amazon.com/images/I/615fK+wuYpL.jpg,944936,depth,SIZEDISPLAYpm@LPARTY &8PLEASE JOIN US IN CELEBRATING(0FORDATETIMEPLACERSVP4 inch
90327,https://m.media-amazon.com/images/I/615fK+wuYpL.jpg,944936,width,SIZEDISPLAYpm@LPARTY &8PLEASE JOIN US IN CELEBRATING(0FORDATETIMEPLACERSVP4 inch
90328,https://m.media-amazon.com/images/I/615fMMJRvpL.jpg,658892,width,]1Ocm/3.9inJ
90329,https://m.media-amazon.com/images/I/615fMMJRvpL.jpg,658892,depth,]1Ocm/3.9inJ
90330,https://m.media-amazon.com/images/I/615fNejVkpL.jpg,370720,maximum_weight_recommendation,MAX LOAD IOOOLBS811l81#tIt
90331,https://m.media-amazon.com/images/I/615fRNt2LqL.jpg,866516,depth,8CT89cm/3.Sinch13cm/5.1inch171g
90332,https://m.media-amazon.com/images/I/615fUynuGxL.jpg,478357,height,"30""36""36"""
90333,https://m.media-amazon.com/images/I/615fZJNQiJL.jpg,442321,depth,TAILLE DU PLATEAU60CM120CMCoins ArrondisC F R =Devoko
90334,https://m.media-amazon.com/images/I/615fZJNQiJL.jpg,442321,height,TAILLE DU PLATEAU60CM120CMCoins ArrondisC F R =Devoko
90335,https://m.media-amazon.com/images/I/615fZxH9ubL.jpg,949192,depth,"A-XFL0Z7TF3t71*###tiv9n6R1b& n(7"" >atv|~wlty.mi120cm54120cm8x7>atv|1813%atv6Fz)L"
90336,https://m.media-amazon.com/images/I/615fZxH9ubL.jpg,949192,height,"A-XFL0Z7TF3t71*###tiv9n6R1b& n(7"" >atv|~wlty.mi120cm54120cm8x7>atv|1813%atv6Fz)L"
90337,https://m.media-amazon.com/images/I/615fdR+iHWL.jpg,903603,height,Durabie Cigarette Lighterplug and play; built-in 24 inch quality cigarette lighter;compact and sturdyJOMSW2OO-GREV
90338,https://m.media-amazon.com/images/I/615fdR+iHWL.jpg,903603,depth,Durabie Cigarette Lighterplug and play; built-in 24 inch quality cigarette lighter;compact and sturdyJOMSW2OO-GREV
90339,https://m.media-amazon.com/images/I/615fdR+iHWL.jpg,903603,width,Durabie Cigarette Lighterplug and play; built-in 24 inch quality cigarette lighter;compact and sturdyJOMSW2OO-GREV
90340,https://m.media-amazon.com/images/I/615fdryNrMS.jpg,278850,width,Wooden handle: smooth1BrassDetachable3cm/1.18inchReplaceable
90341,https://m.media-amazon.com/images/I/615fehLb9OL.jpg,276611,depth,I9OcmI8OcmTiefe:Slcm
90342,https://m.media-amazon.com/images/I/615fehLb9OL.jpg,276611,height,I9OcmI8OcmTiefe:Slcm
90343,https://m.media-amazon.com/images/I/615ffctZ+sL.jpg,653767,depth,"20""(50cm8~"
90344,https://m.media-amazon.com/images/I/615fgITrxbL.jpg,312608,depth,"SizeSingle 3 FEET,Height 24 INCHESMaterialWood, Fabric, FoamFrame MaterialWood"
90345,https://m.media-amazon.com/images/I/615fmpIoGhL.jpg,784538,depth,2X30*40cm1in=2.54cm4XA4/21*3Ocm
90346,https://m.media-amazon.com/images/I/615fmpIoGhL.jpg,784538,width,2X30*40cm1in=2.54cm4XA4/21*3Ocm
90347,https://m.media-amazon.com/images/I/615foiALDUL.jpg,442321,width,"29.52""62.99""3129.52"".49""70.86""17.71""35.43""17.71"""
90348,https://m.media-amazon.com/images/I/615freXfx+L.jpg,682898,height,Alloy-Shoe CPads SizeT8I0.6in1.5mm0.45in1.15mm
90349,https://m.media-amazon.com/images/I/615fruI2zoL.jpg,311997,height,"0163{17*If waterany liquid is spilled on thesurface of the shelf,wipe it immediatelyfor years to come28cm _35.4""9Ocm11"""
90350,https://m.media-amazon.com/images/I/615fruI2zoL.jpg,311997,width,"0163{17*If waterany liquid is spilled on thesurface of the shelf,wipe it immediatelyfor years to come28cm _35.4""9Ocm11"""
90351,https://m.media-amazon.com/images/I/615fs-mxq1L.jpg,949192,height,PRODUCT SIZE3.93inch12.08inch313.58inch4.17inch4.33inch13.58 inch13.58inch4.72inch
90352,https://m.media-amazon.com/images/I/615g+3yqfQL.jpg,180410,height,"Not bulky butSLIM & SPACIOUSORGANIZED and NEAT Avoid a mess ofcash and cards in your pocket orwiththis stylish bifold card wallet.olt will holds up to 8 cards plus cash neatly;6Our""The68,TorantheWo _The4.52n1o7mmnOutthe3.15""SummeStaybag-thetannedCOUUTan Icather productsZ8brand ""This 5grained _Card holder =and |Tanned Cowwith ,Saffiano =used [Thas highest €elegant look:'high-€made_leatheralways end Ieathertrom =quality _The !trieone .leather Is highly =want [matelappreclate of the =would =final Eproducts .ensure highetouch Is very .that you =that and increasing =grateful If you =duratFchose =product ,painternttp [annraandpurchase =cjn .the klndly =servlce amaronconvinetannedcowOutshare =mctYour =Your revlow"
90353,https://m.media-amazon.com/images/I/615g+3yqfQL.jpg,180410,depth,"Not bulky butSLIM & SPACIOUSORGANIZED and NEAT Avoid a mess ofcash and cards in your pocket orwiththis stylish bifold card wallet.olt will holds up to 8 cards plus cash neatly;6Our""The68,TorantheWo _The4.52n1o7mmnOutthe3.15""SummeStaybag-thetannedCOUUTan Icather productsZ8brand ""This 5grained _Card holder =and |Tanned Cowwith ,Saffiano =used [Thas highest €elegant look:'high-€made_leatheralways end Ieathertrom =quality _The !trieone .leather Is highly =want [matelappreclate of the =would =final Eproducts .ensure highetouch Is very .that you =that and increasing =grateful If you =duratFchose =product ,painternttp [annraandpurchase =cjn .the klndly =servlce amaronconvinetannedcowOutshare =mctYour =Your revlow"
90354,https://m.media-amazon.com/images/I/615g4fYFt0L.jpg,276611,width,181.7cm32cm59.8cm
90355,https://m.media-amazon.com/images/I/615g7-g+VOL.jpg,952353,depth,ViewSonic2x 2-wattintegrated speakers1OOxIOOmm VESAcompatible mountx2 HDMI 1.4xl DisplayPort Inxl Audio (Out)FUTURE-PROOF INPUTSFor flexible connectivity
90356,https://m.media-amazon.com/images/I/615g7-g+VOL.jpg,952353,width,ViewSonic2x 2-wattintegrated speakers1OOxIOOmm VESAcompatible mountx2 HDMI 1.4xl DisplayPort Inxl Audio (Out)FUTURE-PROOF INPUTSFor flexible connectivity
90357,https://m.media-amazon.com/images/I/615g7-g+VOL.jpg,952353,height,ViewSonic2x 2-wattintegrated speakers1OOxIOOmm VESAcompatible mountx2 HDMI 1.4xl DisplayPort Inxl Audio (Out)FUTURE-PROOF INPUTSFor flexible connectivity
90358,https://m.media-amazon.com/images/I/615gAqBLbdL.jpg,924759,width,"44780,SIZE DISPLAY77&XXAWBABY BIBAE#m++15178-76080'3940Rte4mCongratulationsMew~E-K#uftikw!l9.5cm25cm24.5cm"
90359,https://m.media-amazon.com/images/I/615gDOBvSCL.jpg,140266,depth,[0REDBLACKAC 220vmhiteCohwomAc DC I2vGREYBRONNAC/dciovAc DC 24v9cm/3.Sinch
90360,https://m.media-amazon.com/images/I/615gGx0ugJL.jpg,119607,depth,HEY BATTERBATTER1SWING5.8inchesmeTake Mesame8OUT TO THE1PEANUTSBallgameCRACKERV4.3inchesSinches0Buy#HKJACKS11
90361,https://m.media-amazon.com/images/I/615gGx0ugJL.jpg,119607,height,HEY BATTERBATTER1SWING5.8inchesmeTake Mesame8OUT TO THE1PEANUTSBallgameCRACKERV4.3inchesSinches0Buy#HKJACKS11
90362,https://m.media-amazon.com/images/I/615gJ5ZL1TL.jpg,860821,depth,YOHINSIZRechargeable BatteryCompatible with all USB charging port1.4 inpower bankYOHINSIZ5 inlsocket1carcharger
90363,https://m.media-amazon.com/images/I/615gJ5ZL1TL.jpg,860821,height,YOHINSIZRechargeable BatteryCompatible with all USB charging port1.4 inpower bankYOHINSIZ5 inlsocket1carcharger
90364,https://m.media-amazon.com/images/I/615gLrHXE1L.jpg,953313,item_weight,XPGX81OONP1TB0*#ITT-CFe ( €2LQ881X2ANEAL @DJJAZJKoltsUmovi0RR-A9g-ASX8 OONP
90365,https://m.media-amazon.com/images/I/615gMYRtfHL.jpg,119607,width,8815cm/5.91inch
90366,https://m.media-amazon.com/images/I/615gMYRtfHL.jpg,119607,depth,8815cm/5.91inch
90367,https://m.media-amazon.com/images/I/615ggGEtcoL.jpg,558832,depth,BOLSACELOFanConADHESIVOSolapa3 cmAlto10 * 13 cm13 cmAncho10 cmameaddress
90368,https://m.media-amazon.com/images/I/615ggGEtcoL.jpg,558832,height,BOLSACELOFanConADHESIVOSolapa3 cmAlto10 * 13 cm13 cmAncho10 cmameaddress
90369,https://m.media-amazon.com/images/I/615gl5AYKdL.jpg,553707,maximum_weight_recommendation,OursOthers6 Durable Nylon Straps4 NormalStrapsMax 20Olbs Bearing CapacityLow Load-bearing CapacityThickened Bamboo MaterialFlimsy Wood MaterialVs
90370,https://m.media-amazon.com/images/I/615gmieEzhL.jpg,208023,width,Size & Package ContentsLED Light x145in1.37in0.4inClip x30Hook x117in
90371,https://m.media-amazon.com/images/I/615gmxnbAbL.jpg,276611,height,"18.5""5.9""12.6""17.3"""
90372,https://m.media-amazon.com/images/I/615gtnlbM8L.jpg,693845,item_weight,Suitable for 1-2years old BabyKG8.7in  (22cm)3.85lbT.75kgs838.Bwa(50.5cm)19.9in46in(21.Scm)
90373,https://m.media-amazon.com/images/I/615h32GujQS.jpg,241608,width,{120mm
90374,https://m.media-amazon.com/images/I/615h32GujQS.jpg,241608,depth,{120mm
90375,https://m.media-amazon.com/images/I/615h32GujQS.jpg,241608,height,{120mm
90376,https://m.media-amazon.com/images/I/615hDSZYMVL.jpg,276611,width,74.8cm21.65cm37.4cm
90377,https://m.media-amazon.com/images/I/615hHu5YgGL.jpg,810266,depth,"PERFECT SIZEHolds 13 oz Liquid for AIIExcursionsPertect for Coffee,Tea, Water and Soda189cm/3.SinDay"
90378,https://m.media-amazon.com/images/I/615hNd50AIL.jpg,142748,height,OursOthersXVSThick and Sturdy EnoughThin and Weak38 in34 inVS8-Ribs to be More Sturdy6-Ribs to be More Flimsy
90379,https://m.media-amazon.com/images/I/615hNd50AIL.jpg,142748,width,OursOthersXVSThick and Sturdy EnoughThin and Weak38 in34 inVS8-Ribs to be More Sturdy6-Ribs to be More Flimsy
90380,https://m.media-amazon.com/images/I/615hNd50AIL.jpg,142748,depth,OursOthersXVSThick and Sturdy EnoughThin and Weak38 in34 inVS8-Ribs to be More Sturdy6-Ribs to be More Flimsy
90381,https://m.media-amazon.com/images/I/615hQYRxkkL.jpg,932012,depth,"0.5""FABRIC SIZE0.5""7.9""SHADE SIZE7.9""RECOMMENDED INSTALLATIONLOCATION 7.9"" ON EACH SIDESHADE SIZEShade order widefabric + (0.5""+0.5""Jwide bracketsShade order Height =The maximumlength 72""Color: CoffeeSize:28x75 inch30 x 75 inch34x75 inch35x 75 inch36 x 75 inch46x75 inch48 x 75 inch58x75 inch60 x 75 inch71x75 inchFABRIC SIZEThe fabric with in 1 inch shorterthan the shade widedrop"
90382,https://m.media-amazon.com/images/I/615hQYRxkkL.jpg,932012,width,"0.5""FABRIC SIZE0.5""7.9""SHADE SIZE7.9""RECOMMENDED INSTALLATIONLOCATION 7.9"" ON EACH SIDESHADE SIZEShade order widefabric + (0.5""+0.5""Jwide bracketsShade order Height =The maximumlength 72""Color: CoffeeSize:28x75 inch30 x 75 inch34x75 inch35x 75 inch36 x 75 inch46x75 inch48 x 75 inch58x75 inch60 x 75 inch71x75 inchFABRIC SIZEThe fabric with in 1 inch shorterthan the shade widedrop"
90383,https://m.media-amazon.com/images/I/615hSi2pCfL.jpg,119607,width,to stickonwall8CHILLPILL4100 mg517.3 % inchEasy
90384,https://m.media-amazon.com/images/I/615hSi2pCfL.jpg,119607,depth,to stickonwall8CHILLPILL4100 mg517.3 % inchEasy
90385,https://m.media-amazon.com/images/I/615hTkSgkJL.jpg,658003,height,"1.7CM/O.6619CM/7.4828CM/11.02""SmoothPolished surfaceCarved out of marbleedge"
90386,https://m.media-amazon.com/images/I/615hgYyI--L.jpg,752266,depth,"PRODUCT DIMENSIONAdjustable ChainPRODUCT SPECIFICATIONMax 39.37""(Update)Voltage: 11OVBulb Wattage: MAX 6OWMaterial: MetalFinish: PaintedColor: BlackBulb Base: E26*8 (bulb not included)16.35""23.64"""
90387,https://m.media-amazon.com/images/I/615hgYyI--L.jpg,752266,height,"PRODUCT DIMENSIONAdjustable ChainPRODUCT SPECIFICATIONMax 39.37""(Update)Voltage: 11OVBulb Wattage: MAX 6OWMaterial: MetalFinish: PaintedColor: BlackBulb Base: E26*8 (bulb not included)16.35""23.64"""
90388,https://m.media-amazon.com/images/I/615hkE+m-cL.jpg,640408,depth,"16 OZ8.5""450 ML2"""
90389,https://m.media-amazon.com/images/I/615hkE+m-cL.jpg,640408,height,"16 OZ8.5""450 ML2"""
90390,https://m.media-amazon.com/images/I/615htSD17WL.jpg,119607,depth,"9.84in16.5in""Udosoney"
90391,https://m.media-amazon.com/images/I/615htSD17WL.jpg,119607,width,"9.84in16.5in""Udosoney"
90392,https://m.media-amazon.com/images/I/615hwNoL-qL.jpg,784538,width,24in16in516inSk16in
90393,https://m.media-amazon.com/images/I/615hwNoL-qL.jpg,784538,depth,24in16in516inSk16in
90394,https://m.media-amazon.com/images/I/615i+yUWypL.jpg,653767,depth,SIZE18inch18inch[1FrontBack
90395,https://m.media-amazon.com/images/I/615i+yUWypL.jpg,653767,width,SIZE18inch18inch[1FrontBack
90396,https://m.media-amazon.com/images/I/615i0eGW5oL.jpg,913156,depth,7[[3g56.68cm/2.63in6.68cm/2.63in6.68cm/2.63in
90397,https://m.media-amazon.com/images/I/615i6GhycsL.jpg,640408,height,8.5cm/3.315in16Oz4001430o1020cm/7.8in26o6cm/2.34inNhlso ~
90398,https://m.media-amazon.com/images/I/615iEFjNEYL.jpg,483370,height,5.Ocm3.Ocm
90399,https://m.media-amazon.com/images/I/615iEFjNEYL.jpg,483370,width,5.Ocm3.Ocm
90400,https://m.media-amazon.com/images/I/615iEGarbIL.jpg,488964,depth,FRONTBACKTODAYAM87wwvahs|3II4.666Premium Quality
90401,https://m.media-amazon.com/images/I/615iEGarbIL.jpg,488964,height,FRONTBACKTODAYAM87wwvahs|3II4.666Premium Quality
90402,https://m.media-amazon.com/images/I/615iEGarbIL.jpg,488964,width,FRONTBACKTODAYAM87wwvahs|3II4.666Premium Quality
90403,https://m.media-amazon.com/images/I/615iFWAckgL.jpg,849273,height,Can hold 750ml conventional wine bottlesUTEIL ICHATEAUNO.8LALLIER LABORIEELEVE EN FOTS DE CHENEBORDEAUX1 9 9 91WSEX BQUTEILLEPSOPSIETE750ml16cmVt DE:KORDEAUXGRAND =
90404,https://m.media-amazon.com/images/I/615iFWAckgL.jpg,849273,depth,Can hold 750ml conventional wine bottlesUTEIL ICHATEAUNO.8LALLIER LABORIEELEVE EN FOTS DE CHENEBORDEAUX1 9 9 91WSEX BQUTEILLEPSOPSIETE750ml16cmVt DE:KORDEAUXGRAND =
90405,https://m.media-amazon.com/images/I/615iFWAckgL.jpg,849273,width,Can hold 750ml conventional wine bottlesUTEIL ICHATEAUNO.8LALLIER LABORIEELEVE EN FOTS DE CHENEBORDEAUX1 9 9 91WSEX BQUTEILLEPSOPSIETE750ml16cmVt DE:KORDEAUXGRAND =
90406,https://m.media-amazon.com/images/I/615iUodNsML.jpg,849273,width,PRODUCT SIZE512cm
90407,https://m.media-amazon.com/images/I/615iUodNsML.jpg,849273,depth,PRODUCT SIZE512cm
90408,https://m.media-amazon.com/images/I/615ijE3BhAL.jpg,810266,height,PREMIUM QUALITYSUPERIOR FINISHING INSIDE & OUTStainResistantBPA Toxin FreePREMIUMKeeps Liquids3 inchCold for 9 HoursKeeps liquidsHot for 3 HoursDouble WallMILFVacuum Insulation4.5 inchEST. 2023Rust ProofV12 oz CapacitySweat ProofNo needfor coastersKLUBI2.4 inchCRFATIVF GIFTS
90409,https://m.media-amazon.com/images/I/615ijE3BhAL.jpg,810266,depth,PREMIUM QUALITYSUPERIOR FINISHING INSIDE & OUTStainResistantBPA Toxin FreePREMIUMKeeps Liquids3 inchCold for 9 HoursKeeps liquidsHot for 3 HoursDouble WallMILFVacuum Insulation4.5 inchEST. 2023Rust ProofV12 oz CapacitySweat ProofNo needfor coastersKLUBI2.4 inchCRFATIVF GIFTS
90410,https://m.media-amazon.com/images/I/615ilV2u7qL.jpg,978900,height,7cmi17cm17cm
90411,https://m.media-amazon.com/images/I/615ioAtOPqL.jpg,681445,depth,4.1 inch7 inch
90412,https://m.media-amazon.com/images/I/615ioAtOPqL.jpg,681445,height,4.1 inch7 inch
90413,https://m.media-amazon.com/images/I/615iqBUvT9L.jpg,648011,width,"5.6""4.8"""
90414,https://m.media-amazon.com/images/I/615iqBUvT9L.jpg,648011,depth,"5.6""4.8"""
90415,https://m.media-amazon.com/images/I/615iqBUvT9L.jpg,648011,height,"5.6""4.8"""
90416,https://m.media-amazon.com/images/I/615isYTjceL.jpg,464488,depth,333Width1.8 InIiTABLESP21
90417,https://m.media-amazon.com/images/I/615isYTjceL.jpg,464488,height,333Width1.8 InIiTABLESP21
90418,https://m.media-amazon.com/images/I/615ixWWP49L.jpg,849273,width,[LSTRONG ZIPPERSCRATCH-RESISTANT8.25IN'25IN 
90419,https://m.media-amazon.com/images/I/615ixWWP49L.jpg,849273,height,[LSTRONG ZIPPERSCRATCH-RESISTANT8.25IN'25IN 
90420,https://m.media-amazon.com/images/I/615j06lhahL.jpg,120219,width,101mm375mm307mm
90421,https://m.media-amazon.com/images/I/615j11ZqR2S.jpg,783898,depth,"Produc€ Size1N4J8.5cm/3.3inch3,"
90422,https://m.media-amazon.com/images/I/615j8Te7XoL.jpg,963595,width,PRODUCT2.lin/5.ScmSIZE1.41in/3.bcm3.93in/1Ocm0.98in2.Scm
90423,https://m.media-amazon.com/images/I/615jFNcCr8L.jpg,681445,depth,1ocm17.52.91.7 inJ&cm
90424,https://m.media-amazon.com/images/I/615jKoigneL.jpg,178778,height,13 cm8.5cm17.5 cm
90425,https://m.media-amazon.com/images/I/615jMazqw9L.jpg,478357,height,"Di:W: 47""11.8""15'1D:11.8""13.2""34.6"""
90426,https://m.media-amazon.com/images/I/615jXCS5PqL.jpg,521308,maximum_weight_recommendation,"21""-35'24.5""TTK5""17.5""476""33""Limited1 YEAR600LBWarrantyWeight CapacityIl_--="
90427,https://m.media-amazon.com/images/I/615je84Cy0S.jpg,279307,item_weight,"GenuinoMediaCningcsrgJuT FILTBRdirs SalsGulDesigned Io Fil Concous PourMedlaSHOP VAC*andDrainVac*3tank sizes:10, 12, andBags ~acs Bolsas14 gallonsFiltor7osw9Disenadoadean"
90428,https://m.media-amazon.com/images/I/615jhbkrzQL.jpg,483370,depth,"ROUND SHAPESAFE PLAYING18.5cmI1.5cm16cmStateI(O):Turn off the robot;State2(I):Lights flashing only;State3:Dance with music and lights;Size:16cm-6.3 in,11.Scm-4.53 in,18.5cm=7.3 in"
90429,https://m.media-amazon.com/images/I/615jk4UwxSL.jpg,656960,width,SCOTT EDWARDAppr 9cmAppr 9cmAppr:8cmAppr:8cmAppr 9cmAppr:15cmAppr:Appr:38cm13.5cmAppr:11.5cmAppr:30cmAppr:28cmAppr:21cmDriver WoodFairway woodHybridVolume>=460ccNIANIAPom PomAppr 8cm(diameter)Appr8cm(diameter)Appr8cm(diameter)Main BodyAppr:12cm(W)*15(L)Appr: 1Ocm(W)*13.5(L)Appr 8cm(W)*11.5(L)SockAppr 8cm(W)*30(L)Appr. 7cm(W) *28(L)Appr 6cm(W) *21(L)Remark: All data are for informational purposes only:
90430,https://m.media-amazon.com/images/I/615jp5eRvmL.jpg,416664,height,2M3Sat18.9cm/7.4in
90431,https://m.media-amazon.com/images/I/615jp5eRvmL.jpg,416664,width,2M3Sat18.9cm/7.4in
90432,https://m.media-amazon.com/images/I/615jq85gsiL.jpg,132401,width,"Aircraft version trumpet slingScope of application: aircraft economy class11,.4in17.7inIt is flush with the seat suitable for children:1"
90433,https://m.media-amazon.com/images/I/615jqu-XF3L.jpg,907907,item_weight,weight:3SO9/PrsEnnHEX WRENCH45OroTECHNICAL INFORMATION:'Body Material: 6061 aluminium1Amm111mm'Material Axle: 4130 CrMo steelASize: 10OmmxlllmmxzOmm~Bearing: 3 bearingsASeal: durable rubber'Pins: steel1OOmm~Max Weight: 350gZOMMPROTMzOCAm
90434,https://m.media-amazon.com/images/I/615jsWjwNtL.jpg,119607,depth,"10.6""8.2""Dimmer switchFixing screwCrystal lineUSB connector"
90435,https://m.media-amazon.com/images/I/615jsWjwNtL.jpg,119607,width,"10.6""8.2""Dimmer switchFixing screwCrystal lineUSB connector"
90436,https://m.media-amazon.com/images/I/615juv1hU5L.jpg,823083,width,"40""5""8"""
90437,https://m.media-amazon.com/images/I/615jwl2dNBL.jpg,784538,width,45.7cm/18pouce45.7cm/18pouce
90438,https://m.media-amazon.com/images/I/615jwl2dNBL.jpg,784538,depth,45.7cm/18pouce45.7cm/18pouce
90439,https://m.media-amazon.com/images/I/615jwl2dNBL.jpg,784538,height,45.7cm/18pouce45.7cm/18pouce
90440,https://m.media-amazon.com/images/I/615jz3gNdRL.jpg,150535,depth,"Love6Nature17,5 cmEcofriendlyFully CompostableOK compost certyfikateTUv1OK compostAUSTRIACan be used in microwaveSUGARCANE80190"
90441,https://m.media-amazon.com/images/I/615jz3gNdRL.jpg,150535,height,"Love6Nature17,5 cmEcofriendlyFully CompostableOK compost certyfikateTUv1OK compostAUSTRIACan be used in microwaveSUGARCANE80190"
90442,https://m.media-amazon.com/images/I/615jz3gNdRL.jpg,150535,width,"Love6Nature17,5 cmEcofriendlyFully CompostableOK compost certyfikateTUv1OK compostAUSTRIACan be used in microwaveSUGARCANE80190"
90443,https://m.media-amazon.com/images/I/615jzc-81oL.jpg,480845,height,"20 PACK11""x8""x2"" Shipping BoxesV12 oz. / 355ml185.Ocm/2""26.9cm/10.6""27.9cm/11""SpecificationLengthWidthHeightAvailable Size10.6""7.9""1.9""Outer Size11""8""2""Each Box Weight3.2 ounces (May vary due to air humidity:)"
90444,https://m.media-amazon.com/images/I/615jzx0gbUL.jpg,752266,height,5Omm53mmLED SpotlightGU1O 18SMD SwAC220-240v 50/60Hz2700-3000K
90445,https://m.media-amazon.com/images/I/615jzx0gbUL.jpg,752266,depth,5Omm53mmLED SpotlightGU1O 18SMD SwAC220-240v 50/60Hz2700-3000K
90446,https://m.media-amazon.com/images/I/615k02JZ0kL.jpg,639508,height,"22.89""~20.8"""
90447,https://m.media-amazon.com/images/I/615k0aQQGdL.jpg,452717,height,PROduCTSIZE:14 inNon-slip VelvetNotched ShouldersRotating Hook
90448,https://m.media-amazon.com/images/I/615k0aQQGdL.jpg,452717,depth,PROduCTSIZE:14 inNon-slip VelvetNotched ShouldersRotating Hook
90449,https://m.media-amazon.com/images/I/615k9OowaIL.jpg,810266,width,3.75 inch[6%[2.4 inch
90450,https://m.media-amazon.com/images/I/615kBT8nLAL.jpg,801829,width,"16.9""18.5""3.1""18.1""31.1""18.9""23.6""22.4"""
90451,https://m.media-amazon.com/images/I/615kG6Tl-8L.jpg,801829,height,Width64.5 (cm)Height91 cmDepth56.5(cm)
90452,https://m.media-amazon.com/images/I/615kLMjXjWL.jpg,816782,width,Produkte Groke1Ocml3.93in3cml1.18in11Ocml43.3in9.5/3.TinGeringes Gewicht60g7Ocm/27.Sin
90453,https://m.media-amazon.com/images/I/615kSMgBVJL.jpg,752266,height,"HoneywellPRODUCT DIMENSIONS4inch downrod included with purchase52""1 4""14.1"""
90454,https://m.media-amazon.com/images/I/615kSMgBVJL.jpg,752266,depth,"HoneywellPRODUCT DIMENSIONS4inch downrod included with purchase52""1 4""14.1"""
90455,https://m.media-amazon.com/images/I/615kYwAfqnL.jpg,611510,depth,32cm(12.6in)28cm(11.02in)
90456,https://m.media-amazon.com/images/I/615kYwAfqnL.jpg,611510,height,32cm(12.6in)28cm(11.02in)
90457,https://m.media-amazon.com/images/I/615kZvrOimL.jpg,311997,height,"24.8""11.8""27.56"""
90458,https://m.media-amazon.com/images/I/615keQevuuL.jpg,347404,width,654939cmcm
90459,https://m.media-amazon.com/images/I/615kg5SLUcL.jpg,713791,depth,"BASICNOTEBOOK1. 180Fm13m % I aEAmafhe ,180+m,, 360 #AEEJ]B 8 6x AR % Z2. 53+2144Em#MD#_aj@wE/tM*/+EIyk g/E7k4431+-+5FJk/ Ai/Ei/3.S8m4I744/+#16/11t44HH1OOg I Jj +'tTiA6tllTI = 6 R 9 - %B #105*148mmEif#SEvzmn"
90460,https://m.media-amazon.com/images/I/615klmGco6L.jpg,983323,voltage,"Product Details1800+10RPM'Reduce computer  temperatureHigh-quality motorRGB FAN,Automatically change colors"
90461,https://m.media-amazon.com/images/I/615klmGco6L.jpg,983323,wattage,"Product Details1800+10RPM'Reduce computer  temperatureHigh-quality motorRGB FAN,Automatically change colors"
90462,https://m.media-amazon.com/images/I/615kncWo63L.jpg,430434,depth,Cigarettes 2Opcs King Size77.5MM13OMM
90463,https://m.media-amazon.com/images/I/615kncWo63L.jpg,430434,width,Cigarettes 2Opcs King Size77.5MM13OMM
90464,https://m.media-amazon.com/images/I/615kvGBFpSL.jpg,866516,depth,131Ocm/3.94in
90465,https://m.media-amazon.com/images/I/615kvGBFpSL.jpg,866516,width,131Ocm/3.94in
90466,https://m.media-amazon.com/images/I/615kyjELxpL.jpg,318770,wattage,PD1OOWIZAZoAQ3089.9SuperchargingOpdTw1OOW/ZA
90467,https://m.media-amazon.com/images/I/615kzAgJ-FL.jpg,810266,height,7cm/2.7inFwz8[223izl[39cm/3.Sincapacity-45Oml1[3{
90468,https://m.media-amazon.com/images/I/615l2J+dqkL.jpg,375438,height,4cm6cm14cm
90469,https://m.media-amazon.com/images/I/615l3vjcFsL.jpg,866516,depth,Product Size9cmWeight:0.23kg
90470,https://m.media-amazon.com/images/I/615l3vjcFsL.jpg,866516,width,Product Size9cmWeight:0.23kg
90471,https://m.media-amazon.com/images/I/615l3vjcFsL.jpg,866516,height,Product Size9cmWeight:0.23kg
90472,https://m.media-amazon.com/images/I/615l4x1HpEL.jpg,751862,item_volume,"F0S64-40'3'Fact1JoVtUENERGY SUPPORTBEST QUAUTY250 mll 8 fl.oz:Sp0PROTECSNOILJJOdd~z7v3SYOURbse;VatnScn WOjialaii;AnEtacRopl HeneysaeteDualn [EtndGo""Aharamal ^(JutLb~GtoweEoaTaAMJuadiataKnnaAlanC=#"
90473,https://m.media-amazon.com/images/I/615l8kVdGYL.jpg,284992,depth,Lepanlait;POCKETBAGDMENSIONSPETIT+100% cotonLavable en machine a 30&Fermeture a bouton pressionBudenie8Marraineannet4Drke enteiiele39 cmDe belles emotions signees MANAH-IIAMNNNIA
