index,image_link,group_id,entity_name,e
91874,https://m.media-amazon.com/images/I/616ZgRaQx-L.jpg,311997,width,22cm140cm130cmS1cm33EE22cm32cm18@028cm
91875,https://m.media-amazon.com/images/I/616ZjHxTj3L.jpg,235693,width,6888cmdm8.5 cm36 cm00
91876,https://m.media-amazon.com/images/I/616Zjk+3feL.jpg,478357,height,"30""33.8""33.8"""
91877,https://m.media-amazon.com/images/I/616ZllL3n5L.jpg,823083,width,18cmllcmIlcm
91878,https://m.media-amazon.com/images/I/616ZpXvcOCL.jpg,303395,height,"Standard ShapeStandard size, comfortable to use1.02inch/26mm1"
91879,https://m.media-amazon.com/images/I/616ZpXvcOCL.jpg,303395,depth,"Standard ShapeStandard size, comfortable to use1.02inch/26mm1"
91880,https://m.media-amazon.com/images/I/616ZpXvcOCL.jpg,303395,width,"Standard ShapeStandard size, comfortable to use1.02inch/26mm1"
91881,https://m.media-amazon.com/images/I/616ZxVT8YCL.jpg,362879,width,PRODUCT DIMENSIONS7.7CM7.7CM(3.03IN)(3.03IN)2x74CM(1.S7IN)4CM(1.S7IN)7.2CM5.8CM(2.83IN)(2.28IN)2X J-3.7CM(1.45IN)3.8CM(1.49IN)
91882,https://m.media-amazon.com/images/I/616a1DAz9GL.jpg,801829,height,20 cm4279-89 cm4437-47 cm65 cm55 cmCMCi
91883,https://m.media-amazon.com/images/I/616a1mpZMkL.jpg,784538,height,Baeeonewall artNo Frame included:No FrameSet of 3 printsThick Cotton CanvasAfter-Sales Service^Baccone Wall ArtSl{16 inches
91884,https://m.media-amazon.com/images/I/616a1mpZMkL.jpg,784538,width,Baeeonewall artNo Frame included:No FrameSet of 3 printsThick Cotton CanvasAfter-Sales Service^Baccone Wall ArtSl{16 inches
91885,https://m.media-amazon.com/images/I/616a1mpZMkL.jpg,784538,depth,Baeeonewall artNo Frame included:No FrameSet of 3 printsThick Cotton CanvasAfter-Sales Service^Baccone Wall ArtSl{16 inches
91886,https://m.media-amazon.com/images/I/616a4IWTWWL.jpg,943839,height,"TODLMANITEM:STHO02FINE FINISH8,000MAX RPM7 94""BLADEFin FGASh Orosscuts intoDIAMETERHardwood Softwood,PlywooaChipboard,and laminateThin kerf with Nitro Shieldnon-slick coatingCARBIDEConstruction grade CJ carbide24Shock-resistant brazingTEETHATBRazor sharp cutting edges05/8""ARBOR SIZEWARNINGWEAREYE PROTECTIONT0 PREVENT SERiOUS inJUR ANd AMPUTATONMo 4f|colrvesened for MacendandDo Aol exceed MA} RpMOnly cut mateKsted cn Blade Mountpn !D0l cesigne? fcr listec maieria $ 3Scoanec: I0oPowe: &nd reac (oolmanual betore ista IationSececivalblade and blace Bai""~Wear ANSEapprozed samel; %o9yaneheainGlwcn:cbes wnenanclingMcuci 5D 3i0#5 maicn DladeInspeci beiole everv UseCc noiusedamaged"
91887,https://m.media-amazon.com/images/I/616a4IWTWWL.jpg,943839,depth,"TODLMANITEM:STHO02FINE FINISH8,000MAX RPM7 94""BLADEFin FGASh Orosscuts intoDIAMETERHardwood Softwood,PlywooaChipboard,and laminateThin kerf with Nitro Shieldnon-slick coatingCARBIDEConstruction grade CJ carbide24Shock-resistant brazingTEETHATBRazor sharp cutting edges05/8""ARBOR SIZEWARNINGWEAREYE PROTECTIONT0 PREVENT SERiOUS inJUR ANd AMPUTATONMo 4f|colrvesened for MacendandDo Aol exceed MA} RpMOnly cut mateKsted cn Blade Mountpn !D0l cesigne? fcr listec maieria $ 3Scoanec: I0oPowe: &nd reac (oolmanual betore ista IationSececivalblade and blace Bai""~Wear ANSEapprozed samel; %o9yaneheainGlwcn:cbes wnenanclingMcuci 5D 3i0#5 maicn DladeInspeci beiole everv UseCc noiusedamaged"
91888,https://m.media-amazon.com/images/I/616aAJzI3aL.jpg,357074,height,"L82mm1262 mm3 21P28694CiP[ S[ 91goobay"""
91889,https://m.media-amazon.com/images/I/616aAJzI3aL.jpg,357074,depth,"L82mm1262 mm3 21P28694CiP[ S[ 91goobay"""
91890,https://m.media-amazon.com/images/I/616aAJzI3aL.jpg,357074,width,"L82mm1262 mm3 21P28694CiP[ S[ 91goobay"""
91891,https://m.media-amazon.com/images/I/616aBTEIpoL.jpg,745387,height,"70LBSMax Loading3.5'11.3""COLRenTmTtrai25.1""Product Size6""20.5""{dln?23.E13.4"""
91892,https://m.media-amazon.com/images/I/616aEsmyCoL.jpg,881883,depth,PRODUCT SIZESft(60 Inch)Pack of 6 panels4 inchespocket for rod Orentry at theand bottom ofeach ceiling drapes.1Oft(120 Inch)poletop
91893,https://m.media-amazon.com/images/I/616aEsmyCoL.jpg,881883,width,PRODUCT SIZESft(60 Inch)Pack of 6 panels4 inchespocket for rod Orentry at theand bottom ofeach ceiling drapes.1Oft(120 Inch)poletop
91894,https://m.media-amazon.com/images/I/616aFnykxmL.jpg,433914,height,78 3/4in (199cm)34 1/4in (83cm)3 1/4in (8cm)Yeoer
91895,https://m.media-amazon.com/images/I/616aG1r9n+L.jpg,192915,width,PRODUCTDIMENSIONS06C3[1.3in/3.35cm -8in/20.2cm0.26in/0.65cm HNo Visible GapsAccessories:X8
91896,https://m.media-amazon.com/images/I/616aHvTO-rL.jpg,801829,depth,BEACH CHAIR5#I1inHEIGHT31inSEATBASEinWIDTH23 inHelmox
91897,https://m.media-amazon.com/images/I/616aHvTO-rL.jpg,801829,width,BEACH CHAIR5#I1inHEIGHT31inSEATBASEinWIDTH23 inHelmox
91898,https://m.media-amazon.com/images/I/616aM1adlaL.jpg,292475,height,"TOPBOTTOM5.7""14.5cm5.7""14.5cm3.15""24 Oz8cmSIDECopyright EUODIA TMAIl Rights Reserved"
91899,https://m.media-amazon.com/images/I/616aM1adlaL.jpg,292475,width,"TOPBOTTOM5.7""14.5cm5.7""14.5cm3.15""24 Oz8cmSIDECopyright EUODIA TMAIl Rights Reserved"
91900,https://m.media-amazon.com/images/I/616aOODdSnL.jpg,866950,item_weight,"DURABLESTEECBARRELStrong steel barrel andeasy touseMaximum pressureupto 160 PSI34"" Iong rubber hose"
91901,https://m.media-amazon.com/images/I/616aOSaP5xL.jpg,701880,maximum_weight_recommendation,"Package IncludedCage x 1M3 Screw * 8Product ParametersMaterialNet WeightProduct DimensionsAluminum Alloy, Stainless Steel272 * Sg160 * 164 * 69.4mmCompatibilityFor Nikon Z 9The cage is not compatible with WR-RT 1 for Nikon remote controllerSmallnig"
91902,https://m.media-amazon.com/images/I/616aOSaP5xL.jpg,701880,item_weight,"Package IncludedCage x 1M3 Screw * 8Product ParametersMaterialNet WeightProduct DimensionsAluminum Alloy, Stainless Steel272 * Sg160 * 164 * 69.4mmCompatibilityFor Nikon Z 9The cage is not compatible with WR-RT 1 for Nikon remote controllerSmallnig"
91903,https://m.media-amazon.com/images/I/616aXH0i1jL.jpg,844474,width,PRODugt SIZECompared with flat plate43cm12cm30cmgood~luck
91904,https://m.media-amazon.com/images/I/616aYatxILL.jpg,749917,item_weight,Net Weight: 2.5 LBS8.5inch31inch
91905,https://m.media-amazon.com/images/I/616aa4zEUrS.jpg,976920,item_volume,"GINGERVITAMIN €WBRIGHT SPOTTATONIC""J1BRIGHSFRINGTONERUTONIQUETONIQUE ECLAIRCISSANTCONTRE LES TACHES BRUNESI30ML4.39 FL.OZ"
91906,https://m.media-amazon.com/images/I/616afBfq76L.jpg,145452,height,Silver13cm3000ml;RS42cm
91907,https://m.media-amazon.com/images/I/616afBfq76L.jpg,145452,depth,Silver13cm3000ml;RS42cm
91908,https://m.media-amazon.com/images/I/616afaL2x0L.jpg,991868,width,"9 Inch7 Inch6,5lnch8 Inch13,65,2 InchInch12.,8 InchSInch1OX7XvS5,2 Inch5,3 InchOursOthers8 Inch7 InchRechargeableBattery Powered3 Color LightsOnly White Light1OX Magnifying7X Magnifying"
91909,https://m.media-amazon.com/images/I/616ajQzJdiL.jpg,470067,height,"ERGONOMI DESIGN FAUCET FITS MOST KITCHENSSPOUT REACHTinchesCAN BE PULLED17.7 inchesHEIGHT19.6 inchesSPOUT HEIGHT10 inches10ESCUTCHEONinches""wide"
91910,https://m.media-amazon.com/images/I/616ajQzJdiL.jpg,470067,depth,"ERGONOMI DESIGN FAUCET FITS MOST KITCHENSSPOUT REACHTinchesCAN BE PULLED17.7 inchesHEIGHT19.6 inchesSPOUT HEIGHT10 inches10ESCUTCHEONinches""wide"
91911,https://m.media-amazon.com/images/I/616aoNoDPQS.jpg,801829,height,84 cm71 cm69 cm
91912,https://m.media-amazon.com/images/I/616aoNoDPQS.jpg,801829,depth,84 cm71 cm69 cm
91913,https://m.media-amazon.com/images/I/616aqpIuEsL.jpg,518578,width,88365mm
91914,https://m.media-amazon.com/images/I/616aqpIuEsL.jpg,518578,depth,88365mm
91915,https://m.media-amazon.com/images/I/616auqzoy4L.jpg,145486,height,#E11.7cmPanasonleEH-3g90GngUaLEiJ16cm
91916,https://m.media-amazon.com/images/I/616avKKpxmL.jpg,436746,width,47.2in(120cm)23.6in(60cm)
91917,https://m.media-amazon.com/images/I/616avKKpxmL.jpg,436746,depth,47.2in(120cm)23.6in(60cm)
91918,https://m.media-amazon.com/images/I/616awG2Rt5L.jpg,616171,height,"DIMENSIONS EXTERIEURES ET INTERIEURESHauteur exterieure48,5 cmHauteur utile interieure47,5 cmProfondeur exterieure30 cmLongueur exterieure : 31 cmProfondeur utile interieure26,5 cmLongueur utile interieure27 cm"
91919,https://m.media-amazon.com/images/I/616ay5rG8HL.jpg,347404,depth,"Product ParametersTotal Length:  10 InchesHeight:8 InchesWide: 0.63 Inches3Weight: 0.33 Ib/ Count2F8IUU13Height8 """
91920,https://m.media-amazon.com/images/I/616azgPPyfL.jpg,681445,depth,12.5cm/4.92in1g12.3cm/4.84in
91921,https://m.media-amazon.com/images/I/616b0NLX26L.jpg,220662,height,product size2.12 in1C16.816.02
91922,https://m.media-amazon.com/images/I/616b0o17dRL.jpg,966823,height,5.3 inch(13.5cm)8.3 inch(21cm)19.7 inch11.2 inch(SOcm)(28.5cm)
91923,https://m.media-amazon.com/images/I/616b7zp90rL.jpg,318770,wattage,H;04CAT6 UTP PATCH CORD0.2M/O.65FT
91924,https://m.media-amazon.com/images/I/616b8IxkrSL.jpg,763916,height,74.0 cm107.Ocm71.0 cm
91925,https://m.media-amazon.com/images/I/616b974CGCL.jpg,752266,width,10CM20OCMAd justable19CM25CM
91926,https://m.media-amazon.com/images/I/616bDz0BaDL.jpg,675012,width,03cm/1.18in[12cm/4.72in3
91927,https://m.media-amazon.com/images/I/616bDz0BaDL.jpg,675012,height,03cm/1.18in[12cm/4.72in3
91928,https://m.media-amazon.com/images/I/616bJQAao0L.jpg,416664,width,10.4cm7cm30.6cm29cmONIOFF SELECT
91929,https://m.media-amazon.com/images/I/616bJwszFvL.jpg,119607,depth,Hanging hole48cm18.89in26cm / 10.2in
91930,https://m.media-amazon.com/images/I/616bJwszFvL.jpg,119607,width,Hanging hole48cm18.89in26cm / 10.2in
91931,https://m.media-amazon.com/images/I/616bKVtRBvL.jpg,132401,width,20.86in/53cm10.63in/27cm23.23in/59cmFULLMODERATESOFTADJUSTS TO YOUR COMFORT BASED ON THE AMOUNT OF INFLATION
91932,https://m.media-amazon.com/images/I/616bMA9zT4L.jpg,553707,maximum_weight_recommendation,Product SizeM26.7in22.6inMax Static LoadCapacity: 100 Ib14.8in14 3in27in
91933,https://m.media-amazon.com/images/I/616bOmgL3VL.jpg,130202,height,4inchPre-drilled holes1IFIREEXTINGUISHERINSIDEFrontBack
91934,https://m.media-amazon.com/images/I/616bOmgL3VL.jpg,130202,depth,4inchPre-drilled holes1IFIREEXTINGUISHERINSIDEFrontBack
91935,https://m.media-amazon.com/images/I/616bXf83FJS.jpg,478357,width,160 cm75 cm120 cm
91936,https://m.media-amazon.com/images/I/616bYGW+ErL.jpg,730429,width,Product Size11 12 1102938847 6 59Ocm
91937,https://m.media-amazon.com/images/I/616bYGW+ErL.jpg,730429,depth,Product Size11 12 1102938847 6 59Ocm
91938,https://m.media-amazon.com/images/I/616bd0e1S+L.jpg,838598,width,Size13cm38
91939,https://m.media-amazon.com/images/I/616bd0e1S+L.jpg,838598,height,Size13cm38
91940,https://m.media-amazon.com/images/I/616bd0e1S+L.jpg,838598,depth,Size13cm38
91941,https://m.media-amazon.com/images/I/616bmTnmu4L.jpg,955522,depth,"(Produet _Size51mm/2in50ml[g12pCS35mm round 24 stickers1Omm/o.39in]71,~3pcs3mm white marker'FlyseacLIQUIDCHALK _MARKER}Imm/2.82in"
91942,https://m.media-amazon.com/images/I/616bmTnmu4L.jpg,955522,height,"(Produet _Size51mm/2in50ml[g12pCS35mm round 24 stickers1Omm/o.39in]71,~3pcs3mm white marker'FlyseacLIQUIDCHALK _MARKER}Imm/2.82in"
91943,https://m.media-amazon.com/images/I/616bme6j6sL.jpg,988675,depth,Product sizeFrontReverse side702PCS3.7cml1.4in
91944,https://m.media-amazon.com/images/I/616bme6j6sL.jpg,988675,width,Product sizeFrontReverse side702PCS3.7cml1.4in
91945,https://m.media-amazon.com/images/I/616byHY1o6L.jpg,801829,width,28cm524cm67cm53s0cm50cm60cm
91946,https://m.media-amazon.com/images/I/616c+bWKW1L.jpg,558806,depth,size8.0 in9.0 inBiuCbl
91947,https://m.media-amazon.com/images/I/616c+bWKW1L.jpg,558806,height,size8.0 in9.0 inBiuCbl
91948,https://m.media-amazon.com/images/I/616c0uZnbeL.jpg,192915,depth,PRODUCT DIMENSIONSgF32.76in/7cm
91949,https://m.media-amazon.com/images/I/616cC+xomDL.jpg,237000,width,"Chair Measuring GuideEasy-Going38""24""35""825.5""22""3335.5"
91950,https://m.media-amazon.com/images/I/616cDjG4sBL.jpg,550595,depth,PRODUCT SIZE4mm/o.16inch1130pcsPremium Package110mm/4.33inchSuitable for all types of floor drains
91951,https://m.media-amazon.com/images/I/616cDloKe3S.jpg,507619,height,Liegefache25 cm =Liegeflache25 cmLiegeflache 0 25 cmHohle24 x 24 x 27 cm170cmSisalpfosten7 cmHohle50 x 24 x 25 cmBodenplatte49 X49 cm3
91952,https://m.media-amazon.com/images/I/616cEbnCq1L.jpg,982714,width,10inch5'14inch
91953,https://m.media-amazon.com/images/I/616cEbnCq1L.jpg,982714,depth,10inch5'14inch
91954,https://m.media-amazon.com/images/I/616cHMGI9rL.jpg,311997,height,"39.37""_125,51969.29""24.8""HlL311862.99""11.81"""
91955,https://m.media-amazon.com/images/I/616cHUWhRmL.jpg,119607,width,30 cm/11.81 inch{13
91956,https://m.media-amazon.com/images/I/616cHUWhRmL.jpg,119607,depth,30 cm/11.81 inch{13
91957,https://m.media-amazon.com/images/I/616cJ8-SwbL.jpg,711228,depth,"With LED Light81Requires 6 AAA Batteries(Batteries Not Included)3.3inHigh Capacity4.8cm/1,89inch"
91958,https://m.media-amazon.com/images/I/616cSpoANBL.jpg,916768,height,"GLASERBMUERDOSEHEND =5,95 cmH = 5,84 cm125 ml FassungsvermogenSilberner Twist-Oft Verschluss"
91959,https://m.media-amazon.com/images/I/616cSpoANBL.jpg,916768,depth,"GLASERBMUERDOSEHEND =5,95 cmH = 5,84 cm125 ml FassungsvermogenSilberner Twist-Oft Verschluss"
91960,https://m.media-amazon.com/images/I/616cXBIpEaL.jpg,675317,width,"5"" Handle SizeWidth:0.71""3""5""Height:1.37""Adhesive Sticker(76mm)TotalLength:(128mm)"
91961,https://m.media-amazon.com/images/I/616cfcHo-CL.jpg,866516,depth,32.4in
91962,https://m.media-amazon.com/images/I/616cfcHo-CL.jpg,866516,height,32.4in
91963,https://m.media-amazon.com/images/I/616ci-7tzoL.jpg,403664,width,1200m |30517. 6cm/6.9in
91964,https://m.media-amazon.com/images/I/616ci-7tzoL.jpg,403664,depth,1200m |30517. 6cm/6.9in
91965,https://m.media-amazon.com/images/I/616ciDE8nCL.jpg,683885,depth,+rz4Ommmm#XEZi21_13
91966,https://m.media-amazon.com/images/I/616ciDE8nCL.jpg,683885,height,+rz4Ommmm#XEZi21_13
91967,https://m.media-amazon.com/images/I/616ciDE8nCL.jpg,683885,width,+rz4Ommmm#XEZi21_13
91968,https://m.media-amazon.com/images/I/616cjzD-HkS.jpg,881883,depth,"RECOMMENDEDMAXWIDTHC10""49.5""69 6689Please allow slight deviation of 1"" due to manual measurements"
91969,https://m.media-amazon.com/images/I/616cjzD-HkS.jpg,881883,width,"RECOMMENDEDMAXWIDTHC10""49.5""69 6689Please allow slight deviation of 1"" due to manual measurements"
91970,https://m.media-amazon.com/images/I/616coFZK9HL.jpg,675317,width,6 kinds of adjustment;There is always one that you like1 2 3 45 64Omm/1.68in194mm/7.63in
91971,https://m.media-amazon.com/images/I/616coFZK9HL.jpg,675317,height,6 kinds of adjustment;There is always one that you like1 2 3 45 64Omm/1.68in194mm/7.63in
91972,https://m.media-amazon.com/images/I/616cwwLM4qL.jpg,752266,depth,Maximum stretch 28cmAdjustable Arm
91973,https://m.media-amazon.com/images/I/616cwwLM4qL.jpg,752266,height,Maximum stretch 28cmAdjustable Arm
91974,https://m.media-amazon.com/images/I/616cwwLM4qL.jpg,752266,width,Maximum stretch 28cmAdjustable Arm
91975,https://m.media-amazon.com/images/I/616cx5XI1BL.jpg,464488,depth,"MINIURNSIZE2Its a mini keepsake urn,used to share a few amount of asheswith families or friends|2Your ""2.76 inJoreverKemembered5VVissed1.77 inWings =2)Jorever"
91976,https://m.media-amazon.com/images/I/616cx5XI1BL.jpg,464488,height,"MINIURNSIZE2Its a mini keepsake urn,used to share a few amount of asheswith families or friends|2Your ""2.76 inJoreverKemembered5VVissed1.77 inWings =2)Jorever"
91977,https://m.media-amazon.com/images/I/616czAWl-0L.jpg,131797,depth,Einfache 3-Tasten-Fernbedienung; leicht zU tragen6.2cm2.44in3.8cm1.49inpasstmotorradTascheGeldbeutelRucksackschlusselanhanger
91978,https://m.media-amazon.com/images/I/616czAWl-0L.jpg,131797,width,Einfache 3-Tasten-Fernbedienung; leicht zU tragen6.2cm2.44in3.8cm1.49inpasstmotorradTascheGeldbeutelRucksackschlusselanhanger
91979,https://m.media-amazon.com/images/I/616d5tLDY1L.jpg,308430,depth,8cm39cm
91980,https://m.media-amazon.com/images/I/616d5tLDY1L.jpg,308430,height,8cm39cm
91981,https://m.media-amazon.com/images/I/616dBlzUFUL.jpg,952353,height,"Mutiple Interfaces SupportBuilt-in Dual SpeakerAV8HDMI<Mini USBTo VGACPomeeAhetdJool7 inch0.8 inchTOfor power supply,NalHpport data transfer)USB PortIeticdcoidanantod0C0DC 12VDGzvPucl Boutrga 430SSEMCFUNISCPOWERDC ErNsn1 |Dual Speaker0.3 inch"
91982,https://m.media-amazon.com/images/I/616dHBgx6FL.jpg,437623,height,6.6cm/2.6in32.5cm/12.79in115.3cm/6.02in7
91983,https://m.media-amazon.com/images/I/616dHdTfYuL.jpg,928606,width,"VBUNN)13.8""Ji> (70BUNN""6WARMER ONOFF7.7""12.7"""
91984,https://m.media-amazon.com/images/I/616dKFTuO1L.jpg,783898,width,585A3i24.13 in / 10.5 cm
91985,https://m.media-amazon.com/images/I/616dKFTuO1L.jpg,783898,depth,585A3i24.13 in / 10.5 cm
91986,https://m.media-amazon.com/images/I/616dNtgTINL.jpg,416664,depth,"[36cm70.5""[179cm/30cm14""12"""
91987,https://m.media-amazon.com/images/I/616dWoEW8ML.jpg,452717,width,"711""casafield"
91988,https://m.media-amazon.com/images/I/616dWoEW8ML.jpg,452717,depth,"711""casafield"
91989,https://m.media-amazon.com/images/I/616dbfXJbxL.jpg,801829,height,"INTHE BOXTwo chairs and one table included:12.59""14.96""19.29""29.92""46.06""40.35""13.97""22.83""64.56"""
91990,https://m.media-amazon.com/images/I/616dd-RGWoL.jpg,507619,height,"13.3""34cm8.6""22cm8.6""22cm13.3""40.34cm102. 8cm18.8""48cm9.4""24cm8.6""22cm13.3""34cm8.6""22cm1848cm18. 848cm"
91991,https://m.media-amazon.com/images/I/616dmThr9XL.jpg,949192,width,58F100 cm
91992,https://m.media-amazon.com/images/I/616dmThr9XL.jpg,949192,depth,58F100 cm
91993,https://m.media-amazon.com/images/I/616dxBwXRoL.jpg,119607,width,NEON SIGN SIZE3[97.76 inches/19.7 cm0.59 inches/1.5 cm
91994,https://m.media-amazon.com/images/I/616dxBwXRoL.jpg,119607,depth,NEON SIGN SIZE3[97.76 inches/19.7 cm0.59 inches/1.5 cm
91995,https://m.media-amazon.com/images/I/616e-9ge4KL.jpg,292475,width,22 0 € M155 €M6i21 46M6 CM
91996,https://m.media-amazon.com/images/I/616e0BySfcL.jpg,751532,height,"77""42""79"""
91997,https://m.media-amazon.com/images/I/616e3kWmh9L.jpg,249638,item_weight,Put the Non-Slip Pad into thePeloton Phone Holder before Use1Non-slip Mat1Phone Holder2 Set of Bends
91998,https://m.media-amazon.com/images/I/616e3kWmh9L.jpg,249638,maximum_weight_recommendation,Put the Non-Slip Pad into thePeloton Phone Holder before Use1Non-slip Mat1Phone Holder2 Set of Bends
91999,https://m.media-amazon.com/images/I/616e5dudXZL.jpg,801829,width,"18.5""13""Q812.5""72.753364.13""8.66""3].97""339220""20""26""24"""
92000,https://m.media-amazon.com/images/I/616eFC+XxSL.jpg,823083,height,2in0.8in0.8in2.2in2.4in2.7in
92001,https://m.media-amazon.com/images/I/616eH6FZytL.jpg,858439,depth,Xe8712cm/4.Zinch[
92002,https://m.media-amazon.com/images/I/616eL-IvudL.jpg,745326,depth,8211cml4.3IN
92003,https://m.media-amazon.com/images/I/616eOHBLfFL.jpg,487566,depth,WEIGHTEDBLANKETIOaxIs2cm10152x203cm20TganMTtcAbn
92004,https://m.media-amazon.com/images/I/616eSFqj35L.jpg,860821,width,20Omm25mm250mm150mm
92005,https://m.media-amazon.com/images/I/616eSFqj35L.jpg,860821,height,20Omm25mm250mm150mm
92006,https://m.media-amazon.com/images/I/616ebIvG+qL.jpg,931856,width,2Ocm /7.87in17
92007,https://m.media-amazon.com/images/I/616ebIvG+qL.jpg,931856,depth,2Ocm /7.87in17
92008,https://m.media-amazon.com/images/I/616eo-M4EcL.jpg,944936,depth,Fe5.5inchesHAPPY BBIRRTHDDAY5.5 inchesLa
92009,https://m.media-amazon.com/images/I/616eo-M4EcL.jpg,944936,width,Fe5.5inchesHAPPY BBIRRTHDDAY5.5 inchesLa
92010,https://m.media-amazon.com/images/I/616erIhLkKL.jpg,279307,item_weight,"10-14GALLONS38-53LITRESEmeRsonTCCl CompanySlLeuis,Ho 14800-47434436aepnaCCauEedaVF2005RabetIRSTALLATION CPTIONSOptions dnstallationOpciones de InstalacionJeKotarrccrice fetie e tecoictad C4€acottd Et snce #eCesa3Snb nstnodmenmdsrcaGrhrrtcome#ccepXooleceare  er uconligee 0808isiolaCcarctet.sarsounniamac rvcad'Gett(ormalceck CopContt:{PaSeaeic<eCafncae[upatonn887caadct8cdkdeneKcpCa  urmurrGseGCrCe?0"
92011,https://m.media-amazon.com/images/I/616esvyQh7L.jpg,638301,depth,"Confirm Your Laptop Screen SizeNotIncluding The Outer FrameNot for Laptop 13.3"" 16:9WIDTH11.3inch (286mm)617ASPECT RATIOWIDTHHEIGHTSCREENSIZE13.3""(16:10)115/16""71/16"""
92012,https://m.media-amazon.com/images/I/616eyadMKhL.jpg,752266,height,"9.4""/24cmMm7.8""/20cm7.8""/20cm3.5""9cm7.8""/20cm7.8""/20cm7.8""/20cm20.8""/53cm"
92013,https://m.media-amazon.com/images/I/616f-XGLJAS.jpg,721542,height,"COLORSAVAILABLEFits 2 Kids1and Parents!8Mahel143"" |EASY UPUPF 50+BetterMACHANISMProtectionVentilation72cm28"" /82"" 208cm109cm120cm47'"
92014,https://m.media-amazon.com/images/I/616f-uMGImL.jpg,483370,height,The size of this doll is 25cmK3cr%TOYSJHAI ?95MonngEHCINght6AR
92015,https://m.media-amazon.com/images/I/616f-uMGImL.jpg,483370,depth,The size of this doll is 25cmK3cr%TOYSJHAI ?95MonngEHCINght6AR
92016,https://m.media-amazon.com/images/I/616f-uMGImL.jpg,483370,width,The size of this doll is 25cmK3cr%TOYSJHAI ?95MonngEHCINght6AR
92017,https://m.media-amazon.com/images/I/616f5P71DkL.jpg,311997,width,"WIDTHLENGTH9.25""9.25"""
92018,https://m.media-amazon.com/images/I/616f5P71DkL.jpg,311997,depth,"WIDTHLENGTH9.25""9.25"""
92019,https://m.media-amazon.com/images/I/616f5P71DkL.jpg,311997,height,"WIDTHLENGTH9.25""9.25"""
92020,https://m.media-amazon.com/images/I/616f60a2yBL.jpg,991868,width,lin / 26.4mm40 in / 1016mmA010X3.6 in / 93mm3S_S717.1in / 180mmTouch SensorThree Color ModesDimmable Light StripIOx Magnification
92021,https://m.media-amazon.com/images/I/616f6FLJMoL.jpg,276611,height,23cm/9.0Sin19cm/7.Sin19cm/7.Sin75cm/29.5in33cm/13in20cm/7.87in
92022,https://m.media-amazon.com/images/I/616f6FLJMoL.jpg,276611,width,23cm/9.0Sin19cm/7.Sin19cm/7.Sin75cm/29.5in33cm/13in20cm/7.87in
92023,https://m.media-amazon.com/images/I/616f8bD7tcL.jpg,810266,height,22cm8.5 inchParateck6.5cm2.5 inch
92024,https://m.media-amazon.com/images/I/616f8bD7tcL.jpg,810266,depth,22cm8.5 inchParateck6.5cm2.5 inch
92025,https://m.media-amazon.com/images/I/616fIJR6FZL.jpg,171418,height,"14""11.4""16.5""21""9.4""36""126""26""21"""
92026,https://m.media-amazon.com/images/I/616fIg5-ZAL.jpg,784538,depth,Size Description16inch12 inch
92027,https://m.media-amazon.com/images/I/616fIg5-ZAL.jpg,784538,width,Size Description16inch12 inch
92028,https://m.media-amazon.com/images/I/616fKfT5CNL.jpg,579652,width,7.5cml1.97in12.5cm/4.92in
92029,https://m.media-amazon.com/images/I/616fP5QjwRL.jpg,131797,width,TV PowerBackHomeVolumecontrolOkMuteInstant replayOptionsgRWD scanFWD scan5ChannelNETFLXDiw +shortcutbuttonshluVUD1.65 inF-o.81 in-|
92030,https://m.media-amazon.com/images/I/616fP5QjwRL.jpg,131797,height,TV PowerBackHomeVolumecontrolOkMuteInstant replayOptionsgRWD scanFWD scan5ChannelNETFLXDiw +shortcutbuttonshluVUD1.65 inF-o.81 in-|
92031,https://m.media-amazon.com/images/I/616fPULkvML.jpg,347404,height,]2cm/0.78in2.2cm/0.87in
92032,https://m.media-amazon.com/images/I/616fQBsMrvL.jpg,120219,height,31CM8. 5CM9CM28. 5Cm28CM
92033,https://m.media-amazon.com/images/I/616fQBsMrvL.jpg,120219,width,31CM8. 5CM9CM28. 5Cm28CM
92034,https://m.media-amazon.com/images/I/616fRsd-WJL.jpg,507988,width,"25""12""52""52""12""73""52""4"""
92035,https://m.media-amazon.com/images/I/616fc2h7FPS.jpg,881883,depth,"2.4 inch-1.6 inch-Top of GrommetW 42'6 silver grommetsW 52""8 silver grommetsW 60'10 silver grommets"
92036,https://m.media-amazon.com/images/I/616frodbmrL.jpg,966823,height,1Scm/5.9in0'183
92037,https://m.media-amazon.com/images/I/616ftep8aZL.jpg,524117,height,Couvercle securiseReste solidement ouvert a nimporte quel anglepour eviter les fermetures accidentelles046 cm40cm-80cm
92038,https://m.media-amazon.com/images/I/616fuAGhGlL.jpg,396159,depth,"El)+gltrztigtgilagttl)+(Z€tthb+g<+SjUizeitilo""2Ocm""J16cmFaz4w#Fb(zablasssEl)t(ZIZbzIstl)_Immbt##pgl) /"
92039,https://m.media-amazon.com/images/I/616fvkK4rkL.jpg,347404,height,"6""5.7""3.5"""
92040,https://m.media-amazon.com/images/I/616fvkK4rkL.jpg,347404,width,"6""5.7""3.5"""
92041,https://m.media-amazon.com/images/I/616fyA9h6vL.jpg,849273,width,a wise womana wise womanonce saidEoncesaid@oula hereImoulla hereand she lived3and she livedhappilyhappilyever aftereverafter6.3 inch
92042,https://m.media-amazon.com/images/I/616fyA9h6vL.jpg,849273,height,a wise womana wise womanonce saidEoncesaid@oula hereImoulla hereand she lived3and she livedhappilyhappilyever aftereverafter6.3 inch
92043,https://m.media-amazon.com/images/I/616fyA9h6vL.jpg,849273,depth,a wise womana wise womanonce saidEoncesaid@oula hereImoulla hereand she lived3and she livedhappilyhappilyever aftereverafter6.3 inch
92044,https://m.media-amazon.com/images/I/616g5teAzwS.jpg,494658,height,0swoot16inchScc (843inch
92045,https://m.media-amazon.com/images/I/616g5teAzwS.jpg,494658,depth,0swoot16inchScc (843inch
92046,https://m.media-amazon.com/images/I/616g6cVLGXL.jpg,210293,height,Toothbrush11IV20.5cmToothposteComb7.ScmTowel888
92047,https://m.media-amazon.com/images/I/616g6cVLGXL.jpg,210293,depth,Toothbrush11IV20.5cmToothposteComb7.ScmTowel888
92048,https://m.media-amazon.com/images/I/616g6cVLGXL.jpg,210293,width,Toothbrush11IV20.5cmToothposteComb7.ScmTowel888
92049,https://m.media-amazon.com/images/I/616gBCuzrwL.jpg,113134,height,Informazionisul prodotto1.45in / 3.7cm;313.15in / 8cm
92050,https://m.media-amazon.com/images/I/616gBCuzrwL.jpg,113134,depth,Informazionisul prodotto1.45in / 3.7cm;313.15in / 8cm
92051,https://m.media-amazon.com/images/I/616gIqD7nuL.jpg,292475,width,25cm14cm9cm
92052,https://m.media-amazon.com/images/I/616gKUZCGmL.jpg,178958,width,Weight Capacity: 450LBS15.7 in35.4 in78.7 in73 in
92053,https://m.media-amazon.com/images/I/616gN7BEYHL.jpg,731252,width,18cml7.09in9.5cm13.74in.87in20cml7
92054,https://m.media-amazon.com/images/I/616gN7BEYHL.jpg,731252,height,18cml7.09in9.5cm13.74in.87in20cml7
92055,https://m.media-amazon.com/images/I/616gQ31Di1L.jpg,276611,width,"30 cm120 cm0o?35 cm(11.8""(47""113.8"""
92056,https://m.media-amazon.com/images/I/616gQ31Di1L.jpg,276611,height,"30 cm120 cm0o?35 cm(11.8""(47""113.8"""
92057,https://m.media-amazon.com/images/I/616gRSCZV7L.jpg,594224,height,50010407397cm
92058,https://m.media-amazon.com/images/I/616gRSCZV7L.jpg,594224,depth,50010407397cm
92059,https://m.media-amazon.com/images/I/616gTHOyBIL.jpg,276611,height,45cmi152.4cm39.5cm
92060,https://m.media-amazon.com/images/I/616gZDXO93L.jpg,243137,depth,300cm/8.5ft (max)|13Kg Load Capacity
92061,https://m.media-amazon.com/images/I/616gZDXO93L.jpg,243137,height,300cm/8.5ft (max)|13Kg Load Capacity
92062,https://m.media-amazon.com/images/I/616gZfx4eVL.jpg,927393,width,Parameter0.39 inch2.9inch3.34.4inchinch1ayamaya0.95 1inch1g
92063,https://m.media-amazon.com/images/I/616gaCo6riL.jpg,478357,height,"21.65""20.87""15.75"""
92064,https://m.media-amazon.com/images/I/616gcbHs70L.jpg,446789,height,138 cmloue196 cm96 cm
92065,https://m.media-amazon.com/images/I/616gg1FQWxL.jpg,658003,depth,PRODUCT DIMENSIONS9.8 inch63@coldQcold
92066,https://m.media-amazon.com/images/I/616ghws4G1L.jpg,571756,height,"E#EE:110V5OHz@HE:0. 04 ~1.WR#Z:1. 8kg/2. SkgEzk [IE:IPX4@Ji:++3 6 7) : E_%-0a4,*; 210455750n283#R+ / X:210*55*15Omm#= =6: %v $+v € =Y210mm150mm0055mm2Mpa"
92067,https://m.media-amazon.com/images/I/616gkZI1cJL.jpg,745326,depth,523*
92068,https://m.media-amazon.com/images/I/616gkZI1cJL.jpg,745326,width,523*
92069,https://m.media-amazon.com/images/I/616gkZI1cJL.jpg,745326,height,523*
92070,https://m.media-amazon.com/images/I/616griQ++AL.jpg,296275,depth,145cm
92071,https://m.media-amazon.com/images/I/616gwR5-zAL.jpg,347404,width,"1840809)cm(15.7""cm(31.5"""
92072,https://m.media-amazon.com/images/I/616gwVjlN-L.jpg,846116,height,"3The ArrowLPDA AntennaIf You TurnIt Like ThisIt Kinda LooksLike a Treel*43""Tree mode does notrepresent properinstallation orientation:It'sjust pretty.+Beauty iS, of course, in2""the eye of the beholder.8"""
92073,https://m.media-amazon.com/images/I/616gwVjlN-L.jpg,846116,depth,"3The ArrowLPDA AntennaIf You TurnIt Like ThisIt Kinda LooksLike a Treel*43""Tree mode does notrepresent properinstallation orientation:It'sjust pretty.+Beauty iS, of course, in2""the eye of the beholder.8"""
