index,image_link,group_id,entity_name,e
98674,https://m.media-amazon.com/images/I/61AcPPGKObL.jpg,801829,height,"LOVE-IT OR 100 DAY RETURNS41.33""33.07""19.29""16.93""ManufactureLIFETIME WARRANTYGUARANTEE"
98675,https://m.media-amazon.com/images/I/61AcSCSqNoL.jpg,483370,depth,1sizeProduct
98676,https://m.media-amazon.com/images/I/61AcSCSqNoL.jpg,483370,width,1sizeProduct
98677,https://m.media-amazon.com/images/I/61AcSCSqNoL.jpg,483370,height,1sizeProduct
98678,https://m.media-amazon.com/images/I/61AcUFrCTDL.jpg,801829,width,"35038E47cm( 18.5"" )LF6957 cm()069cm( -22.4""27.2"""
98679,https://m.media-amazon.com/images/I/61AcVKlarDS.jpg,683885,width,eomsIOmm-Ice Beige
98680,https://m.media-amazon.com/images/I/61AcVKlarDS.jpg,683885,depth,eomsIOmm-Ice Beige
98681,https://m.media-amazon.com/images/I/61AcVKlarDS.jpg,683885,height,eomsIOmm-Ice Beige
98682,https://m.media-amazon.com/images/I/61AcXRisoYL.jpg,944936,height,5.3MX WCTCIS THB MOSTAMADING3AXCANAWITH THE MoSTAMAZINGINCHBOtt
98683,https://m.media-amazon.com/images/I/61AcXRisoYL.jpg,944936,depth,5.3MX WCTCIS THB MOSTAMADING3AXCANAWITH THE MoSTAMAZINGINCHBOtt
98684,https://m.media-amazon.com/images/I/61AcXRisoYL.jpg,944936,width,5.3MX WCTCIS THB MOSTAMADING3AXCANAWITH THE MoSTAMAZINGINCHBOtt
98685,https://m.media-amazon.com/images/I/61AcdjavzzL.jpg,140266,width,6.37inch(I62mm).Sinch(38mm)1.Sinch(38mm)2inch(SImm)
98686,https://m.media-amazon.com/images/I/61AcfY4VBkL.jpg,292475,depth,#{7: #] 0 18mmXH5OmmM : W57Ept+ : Ax /KRW
98687,https://m.media-amazon.com/images/I/61AcfY4VBkL.jpg,292475,height,#{7: #] 0 18mmXH5OmmM : W57Ept+ : Ax /KRW
98688,https://m.media-amazon.com/images/I/61AcgGSrl8L.jpg,107694,depth,CONS IGLIATAPERZ-6ARHIPESITRA 15-30VGPHTROL5R15MMONdOIcm
98689,https://m.media-amazon.com/images/I/61AcgGSrl8L.jpg,107694,width,CONS IGLIATAPERZ-6ARHIPESITRA 15-30VGPHTROL5R15MMONdOIcm
98690,https://m.media-amazon.com/images/I/61AchROBhUL.jpg,150535,depth,7.09in7.68in
98691,https://m.media-amazon.com/images/I/61AciAxhS9L.jpg,721522,width,DTMENSzoNSCam be easilyStoged by haugfug19.5 im84 in
98692,https://m.media-amazon.com/images/I/61AciAxhS9L.jpg,721522,depth,DTMENSzoNSCam be easilyStoged by haugfug19.5 im84 in
98693,https://m.media-amazon.com/images/I/61Acrgmy6-L.jpg,801829,height,"38.5""17""26.75"""
98694,https://m.media-amazon.com/images/I/61AcxxcBrrL.jpg,916768,height,8g12.5cmg8cm29cm0
98695,https://m.media-amazon.com/images/I/61AczAp2jOL.jpg,120219,width,17cmi45.72cm24.5cm
98696,https://m.media-amazon.com/images/I/61AczAp2jOL.jpg,120219,height,17cmi45.72cm24.5cm
98697,https://m.media-amazon.com/images/I/61Ad-GS1lqL.jpg,140266,width,"MINI SIZE 2 LIGHT IN WEIGHTEasy for you t0 carry out and store, you can just put it in your carry-on4cm4.5cmbag"
98698,https://m.media-amazon.com/images/I/61Ad-GS1lqL.jpg,140266,depth,"MINI SIZE 2 LIGHT IN WEIGHTEasy for you t0 carry out and store, you can just put it in your carry-on4cm4.5cmbag"
98699,https://m.media-amazon.com/images/I/61Ad0SCueeL.jpg,241895,height,"DIMENSIONSHightWidthLenghtWeight)5""11""33""'0.8KGW SoqestaRecdyPOwe5""INSERTSEALED EDGE FIRSTLEVELS HOTOFF COLDI0 133""WU Soqesta"
98700,https://m.media-amazon.com/images/I/61Ad0SCueeL.jpg,241895,width,"DIMENSIONSHightWidthLenghtWeight)5""11""33""'0.8KGW SoqestaRecdyPOwe5""INSERTSEALED EDGE FIRSTLEVELS HOTOFF COLDI0 133""WU Soqesta"
98701,https://m.media-amazon.com/images/I/61Ad2k6qqbL.jpg,849273,height,16.2 in160mmStrong & Smooth ZipperHard EVA MaterialComfortable Hand Strap!8
98702,https://m.media-amazon.com/images/I/61AdEeZjg9L.jpg,437623,depth,Album Stzeinstax212112~~NEE @11.5CM/4.5INUs?4:FOcjsJW'2cmozIn
98703,https://m.media-amazon.com/images/I/61AdIhkH07L.jpg,385140,depth,Height4165Cm105 cm(41.3 inch)54 cm(21.3 inch)
98704,https://m.media-amazon.com/images/I/61AdIhkH07L.jpg,385140,width,Height4165Cm105 cm(41.3 inch)54 cm(21.3 inch)
98705,https://m.media-amazon.com/images/I/61AdJfG3UcL.jpg,150913,height,"Product DetailsBrand NameStarAndDaisyProduct NameSunriseIncluded ComponentMosquito Net, Back Pocket, BasketSuitable Age0-8 Years98 CM3830 CM6553StARAcDusyCMCM"
98706,https://m.media-amazon.com/images/I/61AdLUIktxL.jpg,611510,height,39CM57TT111438.5CMEKE
98707,https://m.media-amazon.com/images/I/61AdLUIktxL.jpg,611510,width,39CM57TT111438.5CMEKE
98708,https://m.media-amazon.com/images/I/61AdM5MDHYL.jpg,365756,height,Produet Sizze730cm/11.81inAdjustable range of straps60-147cm/23.6-57.8in[18cm/7.Iin7.5cmiz.9in1
98709,https://m.media-amazon.com/images/I/61AdN9XWqZL.jpg,752266,depth,Solar Pathway LightsONOFF14.7cml5.ZinchYou need to unplug the floor plug27cmlfirst and then install it.10.6inch
98710,https://m.media-amazon.com/images/I/61AdN9XWqZL.jpg,752266,width,Solar Pathway LightsONOFF14.7cml5.ZinchYou need to unplug the floor plug27cmlfirst and then install it.10.6inch
98711,https://m.media-amazon.com/images/I/61AdThmRemL.jpg,953313,item_weight,"0F27468CAPACE?Y-SOTBMADEIN THAILAND4LeNNPmuuVmzXzHAHmgmRATED: Sv400mA  12v550mADCS/N:SGKZSRZFW:355GB/sSPTAZeo8R86HUH7Z1OIOAL501advnhccdTypeUSTSALISCREANFS_v?TBvEEORY [BROBEN _aFForMnIAujHGSTJapan. LtdEl82115KGZRGuB. ETPbura* 6845GURNTEYEGRRZANDSK *(€{64548#TheMasterin RenewedHDD033373RohsUSTBAEfooHGj -100CAN ICES-3 (B) /NMB-3 ( B)MDDSMaxDigitalDataRENEWEDZero Bad Sectors, Id0% Health5-YEAR WARRANTYJ t"
98712,https://m.media-amazon.com/images/I/61AdUnZ70uL.jpg,683885,width,DOT GROSGRAIN RIBBONS0.8in100 Yards
98713,https://m.media-amazon.com/images/I/61AdUnZ70uL.jpg,683885,depth,DOT GROSGRAIN RIBBONS0.8in100 Yards
98714,https://m.media-amazon.com/images/I/61AdUnZ70uL.jpg,683885,height,DOT GROSGRAIN RIBBONS0.8in100 Yards
98715,https://m.media-amazon.com/images/I/61AdgSbGbzL.jpg,752266,depth,30 CM8OCMAdjustable32 CM17 CM
98716,https://m.media-amazon.com/images/I/61AdrPOOrmL.jpg,881883,width,18OCM~18OCM
98717,https://m.media-amazon.com/images/I/61AdrPOOrmL.jpg,881883,height,18OCM~18OCM
98718,https://m.media-amazon.com/images/I/61AdtqON15L.jpg,784538,height,"1OPENYouDAILYPICKPUMPKINS30CM/12""FRESHFARM"
98719,https://m.media-amazon.com/images/I/61AdtqON15L.jpg,784538,depth,"1OPENYouDAILYPICKPUMPKINS30CM/12""FRESHFARM"
98720,https://m.media-amazon.com/images/I/61Adu3zxuNL.jpg,745387,height,1115Emm3501104 _mm346mm396mmmm326320mm
98721,https://m.media-amazon.com/images/I/61Ae0c2Dk1S.jpg,478357,height,90 cm220 cm9
98722,https://m.media-amazon.com/images/I/61Ae4ajsvhL.jpg,810266,height,Product info3020F-38.20FSize: 1602Material:Borosiliicate glassStraw lenght: 7.785.9 InchPackage: Zpcs3.2 Inch
98723,https://m.media-amazon.com/images/I/61Ae4ajsvhL.jpg,810266,depth,Product info3020F-38.20FSize: 1602Material:Borosiliicate glassStraw lenght: 7.785.9 InchPackage: Zpcs3.2 Inch
98724,https://m.media-amazon.com/images/I/61AeBC+pQeS.jpg,115666,height,"40'14591632.6""23.6""38""5""23.6""40.="
98725,https://m.media-amazon.com/images/I/61AeHXKENgL.jpg,311997,height,"50""8.5""9.25"""
98726,https://m.media-amazon.com/images/I/61AeXf37oxL.jpg,119607,width,"The switch is convenient: The hangingdesign can also be placed on the table8.26""Waterproof lamp beads, the light is1.77""soft andnot hot, not dazzling,4.92""Requires two AA batteries(Not included)topmminch '360OFF ["
98727,https://m.media-amazon.com/images/I/61AeZprlyLL.jpg,231838,height,3.25 Inch3.7 Inch8.3 InchSoakPumbCaddm
98728,https://m.media-amazon.com/images/I/61AebwqJQZL.jpg,675680,height,"'34015.1""20.6""cat litter boxcat shovel hook"
98729,https://m.media-amazon.com/images/I/61AebwqJQZL.jpg,675680,width,"'34015.1""20.6""cat litter boxcat shovel hook"
98730,https://m.media-amazon.com/images/I/61AecsSEcmL.jpg,478357,width,"23.6""18.7""23.8""411.8"""
98731,https://m.media-amazon.com/images/I/61AeecshGmL.jpg,658892,depth,hedueBUCHENHOLZSCHMIEGEMit geschlitzter Zunge30 CM84cm30
98732,https://m.media-amazon.com/images/I/61Aeg8APUmL.jpg,944936,depth,~17.5 cm(~6.9 inch)23 cm(9.1 inch)48
98733,https://m.media-amazon.com/images/I/61Aeg8APUmL.jpg,944936,width,~17.5 cm(~6.9 inch)23 cm(9.1 inch)48
98734,https://m.media-amazon.com/images/I/61Aeg9hHlgL.jpg,721522,width,Hoher Winkel46cm8Ocm392cmNiedriger Winkel79cm106cm
98735,https://m.media-amazon.com/images/I/61AeqyMIQyL.jpg,574059,depth,"For 8.5x11"" Letter Size Paper9.35""11.5""Business Card5""SlotEach Pocket Fits50+ Sheets"
98736,https://m.media-amazon.com/images/I/61Aev+roS3L.jpg,916768,depth,"6.5""4.25""25"""
98737,https://m.media-amazon.com/images/I/61Aex-Fj22L.jpg,759408,width,"7.9""/20cmLarge holsterpouch casefits all size phones,dual phones,phones with case on,power banks1.6""/4.0cm4.3""M11cm"
98738,https://m.media-amazon.com/images/I/61AeySSgP8L.jpg,120219,depth,085gg9.82 in / 25.00 cm
98739,https://m.media-amazon.com/images/I/61AeySSgP8L.jpg,120219,height,085gg9.82 in / 25.00 cm
98740,https://m.media-amazon.com/images/I/61Af+mumO0L.jpg,784538,depth,12.8in/7cm
98741,https://m.media-amazon.com/images/I/61Af+mumO0L.jpg,784538,width,12.8in/7cm
98742,https://m.media-amazon.com/images/I/61Af3NOTRRL.jpg,178778,depth,"<`'65'i:17 .TSA APPROVEDBPA FreeCapacity 9OmlDimension ehHomeTripSPAGYM43""8Face4""quatish"
98743,https://m.media-amazon.com/images/I/61Af3NOTRRL.jpg,178778,width,"<`'65'i:17 .TSA APPROVEDBPA FreeCapacity 9OmlDimension ehHomeTripSPAGYM43""8Face4""quatish"
98744,https://m.media-amazon.com/images/I/61AfEhjLpeL.jpg,784538,depth,"Size In Proportion45""30"""
98745,https://m.media-amazon.com/images/I/61AfHpUdaqL.jpg,801829,maximum_weight_recommendation,"DimensionsAdjustable Height of Chair:30.7""-33.5""Adjustable Height of Seat:17.5""-19.5""Weight Capacity:220 LBS15""18""30.7-33.5""16""17.5-19.5""23.2""22.8""-"
98746,https://m.media-amazon.com/images/I/61AfQJeyWbS.jpg,483370,height,BONECOSINFORMACOES:Bw0-08QiaharPERSONAGEM: JPCBTUPALTURA: 27 cmMATERIAL: VinilMARCA:Baby BrinkORICINAL: Sim:JAACESSORIOS: Nao:MUSICAL: Nao.ARTICULADO: Sim_BonedoJPWirticilade INFOS NADESCRICAo
98747,https://m.media-amazon.com/images/I/61AfQJeyWbS.jpg,483370,width,BONECOSINFORMACOES:Bw0-08QiaharPERSONAGEM: JPCBTUPALTURA: 27 cmMATERIAL: VinilMARCA:Baby BrinkORICINAL: Sim:JAACESSORIOS: Nao:MUSICAL: Nao.ARTICULADO: Sim_BonedoJPWirticilade INFOS NADESCRICAo
98748,https://m.media-amazon.com/images/I/61AfQJeyWbS.jpg,483370,depth,BONECOSINFORMACOES:Bw0-08QiaharPERSONAGEM: JPCBTUPALTURA: 27 cmMATERIAL: VinilMARCA:Baby BrinkORICINAL: Sim:JAACESSORIOS: Nao:MUSICAL: Nao.ARTICULADO: Sim_BonedoJPWirticilade INFOS NADESCRICAo
98749,https://m.media-amazon.com/images/I/61AfaJ1z5NL.jpg,752266,depth,"Parameter display(Material Science]Hardware lamp body[Colour]Black +[Light Source] Highlight LED light source[Size]10-15m266cm/25.9inThe hanging line height isadjustable, and the lengthis 47.2in/12Ocm39.8cm[15.6in107cm/42.1ingold"
98750,https://m.media-amazon.com/images/I/61AfaJ1z5NL.jpg,752266,height,"Parameter display(Material Science]Hardware lamp body[Colour]Black +[Light Source] Highlight LED light source[Size]10-15m266cm/25.9inThe hanging line height isadjustable, and the lengthis 47.2in/12Ocm39.8cm[15.6in107cm/42.1ingold"
98751,https://m.media-amazon.com/images/I/61AfhKXTKqL.jpg,927393,height,LTSmm10mmMI4mm8mmSI3mm6mmDual CarabinerDual CarabinerDual CarabinerJuaN
98752,https://m.media-amazon.com/images/I/61AfhKXTKqL.jpg,927393,width,LTSmm10mmMI4mm8mmSI3mm6mmDual CarabinerDual CarabinerDual CarabinerJuaN
98753,https://m.media-amazon.com/images/I/61AfhelLULL.jpg,953313,item_weight,SSD 512GB USB 3.1 Gen 1 PortableHigh-performanceyou can carryanywhereUSB 3.1Type-CO16SlimLargeHigh SpeedConnectorStylingCapacitystor-Port
98754,https://m.media-amazon.com/images/I/61AfjpafypL.jpg,493268,width,20mm/o.78inProduct Size11mm17Omm6.69inSmm14mm/o.55in
98755,https://m.media-amazon.com/images/I/61AfqJKu+EL.jpg,701880,maximum_weight_recommendation,"Lightweight DesignOnly weight at 124g, reducing burdens on arms1249#Maximum load capacity is 1OkgSmallnig"
98756,https://m.media-amazon.com/images/I/61AfqJKu+EL.jpg,701880,item_weight,"Lightweight DesignOnly weight at 124g, reducing burdens on arms1249#Maximum load capacity is 1OkgSmallnig"
98757,https://m.media-amazon.com/images/I/61AfwmCsdNL.jpg,478357,height,45cm/17.7in30.5cm/11.9in19.5cm46cm7.6in18.lin40cm/15.7in
98758,https://m.media-amazon.com/images/I/61Ag0YrkdBL.jpg,866516,height,28OCM 430CM4340CM- 
98759,https://m.media-amazon.com/images/I/61Ag0YrkdBL.jpg,866516,depth,28OCM 430CM4340CM- 
98760,https://m.media-amazon.com/images/I/61Ag1tp4xzL.jpg,308430,height,84mm18Omm125mm
98761,https://m.media-amazon.com/images/I/61Ag7YE+xHL.jpg,181357,width,7 Ft6 inch7 inch
98762,https://m.media-amazon.com/images/I/61Ag7YE+xHL.jpg,181357,height,7 Ft6 inch7 inch
98763,https://m.media-amazon.com/images/I/61AgADWL7TL.jpg,130202,width,"GrarursSLAP-STICRZ""Great fo; Indoor or ouldoo: USc. Sick t0 cars; boats wallsIile cablnets and morel Laminaled and prlnted with waler andUV (esisiant inksPEELHEREGEAUXMIGE66""4"""
98764,https://m.media-amazon.com/images/I/61AgADWL7TL.jpg,130202,depth,"GrarursSLAP-STICRZ""Great fo; Indoor or ouldoo: USc. Sick t0 cars; boats wallsIile cablnets and morel Laminaled and prlnted with waler andUV (esisiant inksPEELHEREGEAUXMIGE66""4"""
98765,https://m.media-amazon.com/images/I/61AgGEpsxKL.jpg,549052,depth,"311"""
98766,https://m.media-amazon.com/images/I/61AgGEpsxKL.jpg,549052,width,"311"""
98767,https://m.media-amazon.com/images/I/61AgME448KL.jpg,955292,wattage,OBuilt-in DACSupport Up to 60WSupport 384KHz/32 bitPD Fast ChargingEnjoy HiFi MusicUP to 60wQK08Chip
98768,https://m.media-amazon.com/images/I/61AgME448KL.jpg,955292,item_weight,OBuilt-in DACSupport Up to 60WSupport 384KHz/32 bitPD Fast ChargingEnjoy HiFi MusicUP to 60wQK08Chip
98769,https://m.media-amazon.com/images/I/61AgQyvwiTL.jpg,311997,height,"183cmProduktabmessung28,5cmGewichtskapazitat jedesRegals: 20 kg52cm114,5cm29cm21,5cm66,5cm31,5cm7Ocm23cm"
98770,https://m.media-amazon.com/images/I/61AgZdJ6RFL.jpg,963595,width,Product Sizeapprox.0.79 inch(1-7/8 inch to 2 inch1-5/8 inch to 1-3/4 inch()1-3/8 inch to 1-1/2 inch1-1/8 inch to 1-1/4 inch
98771,https://m.media-amazon.com/images/I/61AgZdJ6RFL.jpg,963595,depth,Product Sizeapprox.0.79 inch(1-7/8 inch to 2 inch1-5/8 inch to 1-3/4 inch()1-3/8 inch to 1-1/2 inch1-1/8 inch to 1-1/4 inch
98772,https://m.media-amazon.com/images/I/61AgcdomTCL.jpg,849273,height,"131.96in/Scm8einnamorolewarm heari;wagging toil;8,26in/2Icmond & smile just for youl1CinnamoroleCinnamorollwoyging Iail4on8in/20cm7Long-garedwondamCanoralLon3 ""Loorsjuar loi roui6.3in/16cm1lin/28cmtot2Cinnamo""Sin/13cmSin/22cm"
98773,https://m.media-amazon.com/images/I/61AggWVBYRL.jpg,631052,maximum_weight_recommendation,SPECIFICATIONS3500LBS2313-way32FT4;1 8:12WAYRatchetToughGear Ratio2SPEEDlmW622rHand Winch[CaFICI:35OOLBsStrap
98774,https://m.media-amazon.com/images/I/61Aghh+JbiL.jpg,483370,width,5.5 in13.97 cm
98775,https://m.media-amazon.com/images/I/61Aghh+JbiL.jpg,483370,depth,5.5 in13.97 cm
98776,https://m.media-amazon.com/images/I/61Aghh+JbiL.jpg,483370,height,5.5 in13.97 cm
98777,https://m.media-amazon.com/images/I/61AgiPszkBL.jpg,594224,height,"1I71435cm/13.77""14cm/2.91"""
98778,https://m.media-amazon.com/images/I/61Agl-RG3vL.jpg,483370,width,1Ocml3.93inBox packaging
98779,https://m.media-amazon.com/images/I/61Agl-RG3vL.jpg,483370,height,1Ocml3.93inBox packaging
98780,https://m.media-amazon.com/images/I/61Agl-RG3vL.jpg,483370,depth,1Ocml3.93inBox packaging
98781,https://m.media-amazon.com/images/I/61AgzhWny1L.jpg,521194,depth,"STUDIENPLANER 23/24DIN A5Hardcover2324A5RUNDEECKENLEBENSK   MPASSfollowGOLDPRAGUNG3GUMMIBANDSTudIENPLANER23/242 LESEBANDERHARDCOVER14,8 CMAugSepgoalsyour"
98782,https://m.media-amazon.com/images/I/61AgzhWny1L.jpg,521194,height,"STUDIENPLANER 23/24DIN A5Hardcover2324A5RUNDEECKENLEBENSK   MPASSfollowGOLDPRAGUNG3GUMMIBANDSTudIENPLANER23/242 LESEBANDERHARDCOVER14,8 CMAugSepgoalsyour"
98783,https://m.media-amazon.com/images/I/61AgzhWny1L.jpg,521194,width,"STUDIENPLANER 23/24DIN A5Hardcover2324A5RUNDEECKENLEBENSK   MPASSfollowGOLDPRAGUNG3GUMMIBANDSTudIENPLANER23/242 LESEBANDERHARDCOVER14,8 CMAugSepgoalsyour"
98784,https://m.media-amazon.com/images/I/61Ah1PTn6KL.jpg,323811,depth,Product Size16cm/2.36in7cm/2.75in
98785,https://m.media-amazon.com/images/I/61Ah1PTn6KL.jpg,323811,width,Product Size16cm/2.36in7cm/2.75in
98786,https://m.media-amazon.com/images/I/61Ah87+iT1S.jpg,113134,depth,PadISTFind yourself in differentL2.36inFacial Massage5
98787,https://m.media-amazon.com/images/I/61Ah87+iT1S.jpg,113134,width,PadISTFind yourself in differentL2.36inFacial Massage5
98788,https://m.media-amazon.com/images/I/61AhAc-2vXL.jpg,724384,width,Retractable LanyardDIMENSIONS2.2 in11.8 in2.9 in 0.79 in4.7 in43 in0.95 in1.65 in3.6 in2.52 in:
98789,https://m.media-amazon.com/images/I/61AhAeYaU9L.jpg,727145,depth,"S45CM1,97""I1888X11M2.8CM1.10 ""1CM0.39"
98790,https://m.media-amazon.com/images/I/61AhCzpD2vL.jpg,120219,width,27cm31cm1lcm11.5m20cm23cmSM36cm13cm27cm
98791,https://m.media-amazon.com/images/I/61AhEuoCF1L.jpg,927180,depth,"Package Content91-25.7""9.4""Rainfall Shower HeadHandheld Shower Head860"" Stainless Steel HoseTeflon Tape"
98792,https://m.media-amazon.com/images/I/61AhEuoCF1L.jpg,927180,width,"Package Content91-25.7""9.4""Rainfall Shower HeadHandheld Shower Head860"" Stainless Steel HoseTeflon Tape"
98793,https://m.media-amazon.com/images/I/61AhKTbAV9L.jpg,146860,height,Material ;PP +PETCapucity:48Oml22cmDogsRabbitsCatsGuinea Pigs16cm13cm15cm
98794,https://m.media-amazon.com/images/I/61AhLNyRkYL.jpg,659650,height,5.51 inch5.9inch -6.29inch
98795,https://m.media-amazon.com/images/I/61AhNSofR5L.jpg,478357,width,"31.75""15.75""45.25"""
98796,https://m.media-amazon.com/images/I/61AhSRLgtRL.jpg,931856,width,Lorgitud total:unos20cm
98797,https://m.media-amazon.com/images/I/61AhSRLgtRL.jpg,931856,depth,Lorgitud total:unos20cm
98798,https://m.media-amazon.com/images/I/61AhSRLgtRL.jpg,931856,height,Lorgitud total:unos20cm
98799,https://m.media-amazon.com/images/I/61AhSo2moZL.jpg,639508,height,"Ergonomic DesignThe height of hamper (31.5"")fits the great majority peoplecm16.1""/41 cm31.5""8Ocm8119335.9""/15cm66cm/3011.81"" '/33.517.7""//4513.19"" _"
98800,https://m.media-amazon.com/images/I/61AhUwQa7TS.jpg,963595,width,62mm365mm1Smm14Imm1
98801,https://m.media-amazon.com/images/I/61AhXrbEY+L.jpg,241608,height,Sink sizeI6inch_16inch1.7in[4716inch11.8inch0
98802,https://m.media-amazon.com/images/I/61AhdwQF3vL.jpg,611510,width,4Ocm1O1cm70.5cm_50.5cm
98803,https://m.media-amazon.com/images/I/61AhoBswN5L.jpg,416664,width,D14Omm(5.51inch)2081High-strength8metal shaft836hourshourshighest outputlowest outputBuild in High-Capacity5200 mAH Battery
98804,https://m.media-amazon.com/images/I/61AhoBswN5L.jpg,416664,depth,D14Omm(5.51inch)2081High-strength8metal shaft836hourshourshighest outputlowest outputBuild in High-Capacity5200 mAH Battery
98805,https://m.media-amazon.com/images/I/61AhtmbkntL.jpg,558806,width,8cm/ 3.15inch351Ocm/ 3.93inch
98806,https://m.media-amazon.com/images/I/61AhtmbkntL.jpg,558806,depth,8cm/ 3.15inch351Ocm/ 3.93inch
98807,https://m.media-amazon.com/images/I/61AhuIBPmwL.jpg,141308,width,8cmIS3nONod _19.5cm9cm
98808,https://m.media-amazon.com/images/I/61Ai3XINN1L.jpg,955522,width,PACKAGE CONTAINS:6 PACKCAPACITY:240z6.89in3.86in
98809,https://m.media-amazon.com/images/I/61Ai3XINN1L.jpg,955522,depth,PACKAGE CONTAINS:6 PACKCAPACITY:240z6.89in3.86in
98810,https://m.media-amazon.com/images/I/61Ai3lXbxrL.jpg,752266,width,22cm1OOcm
98811,https://m.media-amazon.com/images/I/61Ai3lXbxrL.jpg,752266,height,22cm1OOcm
98812,https://m.media-amazon.com/images/I/61Ai3lXbxrL.jpg,752266,depth,22cm1OOcm
98813,https://m.media-amazon.com/images/I/61Ai5Hb4trL.jpg,296953,width,AProper SizeJust the right size to meet your daily needs andcan fit in youreasily.4.72inchHAYODA8.27inch3.14inchbag
98814,https://m.media-amazon.com/images/I/61Ai9iHHtEL.jpg,823083,width,1(099.24.9cm 9.8in14cm3.6in
98815,https://m.media-amazon.com/images/I/61AiEhKkWxL.jpg,866516,depth,"4""2.25"""
98816,https://m.media-amazon.com/images/I/61AiEhKkWxL.jpg,866516,width,"4""2.25"""
98817,https://m.media-amazon.com/images/I/61AiF7D4QhL.jpg,944936,depth,LaMpaenanteCARTEFORMATA6PETIT+Bords arrondisLivrees avec 5Ya bieenveloppes kraftest pleine deSURPRISES !55CARTESGalte IcePERSONNALISEREcris ton10 cmMeacageMATERIAUPapier cartonne de5pastilles a gratterqualite superieureDe belles emotions signees MANAH-IIA
98818,https://m.media-amazon.com/images/I/61AiF7D4QhL.jpg,944936,width,LaMpaenanteCARTEFORMATA6PETIT+Bords arrondisLivrees avec 5Ya bieenveloppes kraftest pleine deSURPRISES !55CARTESGalte IcePERSONNALISEREcris ton10 cmMeacageMATERIAUPapier cartonne de5pastilles a gratterqualite superieureDe belles emotions signees MANAH-IIA
98819,https://m.media-amazon.com/images/I/61AiHrOLTcL.jpg,225091,item_weight,JUST TREAT THECATIEASYTO USEIcudt'VEDFLEA & TICKPREVENTIONTREATSNET WT. 10 0Z
98820,https://m.media-amazon.com/images/I/61AiMj0M4zL.jpg,478357,width,0.47in23.82inO.6in11..82in15.75in
98821,https://m.media-amazon.com/images/I/61AiNz3LUoL.jpg,362818,depth,"LARGE CAPACITY13OOMLIOcm(3.9"")21.BPA-FREEDISHWASHERMICROWAVEFREEZER SAFESAFESAFEBugucat1Scm (8.5"")"
98822,https://m.media-amazon.com/images/I/61AiPX4PD1L.jpg,594224,depth,15cm1Ocm
98823,https://m.media-amazon.com/images/I/61AiPX4PD1L.jpg,594224,height,15cm1Ocm
98824,https://m.media-amazon.com/images/I/61AiPgz3kcL.jpg,944592,depth,DIMENSIONDouble sidedthick bristles0.Scm211CM
98825,https://m.media-amazon.com/images/I/61AiPgz3kcL.jpg,944592,width,DIMENSIONDouble sidedthick bristles0.Scm211CM
98826,https://m.media-amazon.com/images/I/61AiRcO-i9L.jpg,276688,height,Was ist in der Box?Der Bausatz enthalt:BlaulGruner Hintergrund X16.5ft/2m Lichtstander X1Backdrop-Clip X1Tragetasche (nur fur Kulissen) X1
98827,https://m.media-amazon.com/images/I/61AiRcO-i9L.jpg,276688,depth,Was ist in der Box?Der Bausatz enthalt:BlaulGruner Hintergrund X16.5ft/2m Lichtstander X1Backdrop-Clip X1Tragetasche (nur fur Kulissen) X1
98828,https://m.media-amazon.com/images/I/61Aid5dzIQL.jpg,598989,depth,2 feet7.9feetDD
98829,https://m.media-amazon.com/images/I/61Aid5dzIQL.jpg,598989,width,2 feet7.9feetDD
98830,https://m.media-amazon.com/images/I/61Aih433W0S.jpg,965725,width,"6,6cm13cm"
98831,https://m.media-amazon.com/images/I/61AikMHY-iL.jpg,721542,height,"*+lt313+76rHiMo 0+5-L 710uita375+ Fitj_JLMttenrltlit;*m;-TpsvhvbiB023mm027.5mm031.5mm280035.6mm'.Smm'.3mmRmzIa. #W*AbBTI@# mheAr: 961Z35.6mm. 1yiz31.Smm-27.Smm-23mmEOE+ (""J):795mm.635mm;600mm;  570mm#RE(""J):L.3mm; 1.3mm;1.5mm:1.SmmEHoraIt""j80cmRROR+It4g260cm570mm600mm635mm260cm80cm~795mm"
98832,https://m.media-amazon.com/images/I/61Aim2EDwhL.jpg,347830,height,"133mm/5.2""126mm/5""SOLAR CHARGE CONTROLLERoUcuContoUSBMa807Drovccu1~T32mm/1.3""LED displayAll necessary protections equippedAdjustable controlling parameter of the systemPWM battery charging"
98833,https://m.media-amazon.com/images/I/61Aizi8S3hL.jpg,944936,depth,"Perfect Size 4"" x 6""6""4""~hank_s_aau~hank_?_yau"
98834,https://m.media-amazon.com/images/I/61Aizi8S3hL.jpg,944936,width,"Perfect Size 4"" x 6""6""4""~hank_s_aau~hank_?_yau"
98835,https://m.media-amazon.com/images/I/61Aj+AtzUML.jpg,866516,height,"30 cm12 inches36 cm /Measures 14"" Height &14 inches12"" Width"
98836,https://m.media-amazon.com/images/I/61Aj+AtzUML.jpg,866516,depth,"30 cm12 inches36 cm /Measures 14"" Height &14 inches12"" Width"
98837,https://m.media-amazon.com/images/I/61Aj-BvU1DL.jpg,276611,height,80cml100cm29cm
98838,https://m.media-amazon.com/images/I/61Aj3CfYcML.jpg,180726,height,0.98in0 Z1in_80.35in0.79in#100.2inlsmm0.79in/zomm027I0.98in/25mm
98839,https://m.media-amazon.com/images/I/61Aj7JPuyqL.jpg,119607,depth,"6""HUSTLE17""Nails,USB connectorDimmer SwitchCrystal linePlastic Wall PlugPress to turn onloffLong press to adjust brightnesspower banknotebook pcsocketphone chargerAvailable Places"
98840,https://m.media-amazon.com/images/I/61Aj7JPuyqL.jpg,119607,width,"6""HUSTLE17""Nails,USB connectorDimmer SwitchCrystal linePlastic Wall PlugPress to turn onloffLong press to adjust brightnesspower banknotebook pcsocketphone chargerAvailable Places"
98841,https://m.media-amazon.com/images/I/61Aj8N0m7JL.jpg,978900,height,7.19cm30.2cm41cm
98842,https://m.media-amazon.com/images/I/61Aj9NFvHcL.jpg,949192,depth,Product Size032113.3FT(1.OM)2.6FT(0.8M)2.2FT(O.65M)
98843,https://m.media-amazon.com/images/I/61AjD-Nv2XS.jpg,801829,height,"F19.5733.5""39.2""22.4""26.5""_28.7""30719.3""62"""
98844,https://m.media-amazon.com/images/I/61AjFZMmz2L.jpg,489118,item_weight,SENSATIONSTHAI~SWEETCHILLIFuvouR [PoinotCrsdsEeod
98845,https://m.media-amazon.com/images/I/61AjI1wrgCL.jpg,276611,height,"16.5""12""11.25""11.25""46.75""11.25""11.25"""
98846,https://m.media-amazon.com/images/I/61AjMsJJwAL.jpg,145452,height,Best ProductVERY GOODLARS NYSOMInsulated Water Bottlevergleich org/trinkflasche-I-liter/Vergleich orgMore: vergleich orglwie-wir-arbeitenl =Retrieved: 25.06.202TESTEDMoDEL:10 0 0 MLINC0L0 RNUD EXZSAN Scvt3 5 0 ML10 0 %18 C MLEA KPR 0 0 F0 6 . 8 C MMINIMALIS TA N D0 U TS TA ND I N GDES I G N51
98847,https://m.media-amazon.com/images/I/61AjMsJJwAL.jpg,145452,depth,Best ProductVERY GOODLARS NYSOMInsulated Water Bottlevergleich org/trinkflasche-I-liter/Vergleich orgMore: vergleich orglwie-wir-arbeitenl =Retrieved: 25.06.202TESTEDMoDEL:10 0 0 MLINC0L0 RNUD EXZSAN Scvt3 5 0 ML10 0 %18 C MLEA KPR 0 0 F0 6 . 8 C MMINIMALIS TA N D0 U TS TA ND I N GDES I G N51
98848,https://m.media-amazon.com/images/I/61AjRP9SKyL.jpg,347404,height,9.3 in / 23.5 cm4.3 in / 11 cm
98849,https://m.media-amazon.com/images/I/61AjRP9SKyL.jpg,347404,depth,9.3 in / 23.5 cm4.3 in / 11 cm
98850,https://m.media-amazon.com/images/I/61AjRP9SKyL.jpg,347404,width,9.3 in / 23.5 cm4.3 in / 11 cm
98851,https://m.media-amazon.com/images/I/61AjS0YUvSL.jpg,892291,wattage,FAST CHARGING15W_& WIDER RANGEUpgrade fast charge panel; full-range coverage2
98852,https://m.media-amazon.com/images/I/61AjS0YUvSL.jpg,892291,item_weight,FAST CHARGING15W_& WIDER RANGEUpgrade fast charge panel; full-range coverage2
98853,https://m.media-amazon.com/images/I/61AjYwbhOiL.jpg,939129,height,Cabinet Installation Size RequirementsFULL ACCESSFACE FRAMEFrameless18 inch18 inch14 inch14 inch18 inch18 inchMinimum width: 14 inchesMinimum height: 18 inchesMinimum Depth: 18 inches
98854,https://m.media-amazon.com/images/I/61AjpqThfSL.jpg,730429,width,6cm16cm2.5cm
98855,https://m.media-amazon.com/images/I/61AjuPZPd+S.jpg,437623,height,PRODUCTSIZE7.87inches3.35inches2.17 inches8.26inches
98856,https://m.media-amazon.com/images/I/61AjwOK327L.jpg,347404,width,"18""43.5"""
98857,https://m.media-amazon.com/images/I/61AjxJMcImL.jpg,737148,height,Patented technologyTightly fit3 inchesWidely outletPatented design2.3 inches3.9 inches
98858,https://m.media-amazon.com/images/I/61Ak+8wTpGL.jpg,142748,width,#R33cmAK#(XEik:1O6cm4RHFF:HE12Ocm40m:1248#FWECRz.33cm4018.41471gEj.j#A-7t3h'VF)L ABSTTHEP#6Fil3t)63cmUxiHi?-_=N#Rm:PUL +=120cm3
98859,https://m.media-amazon.com/images/I/61Ak+8wTpGL.jpg,142748,depth,#R33cmAK#(XEik:1O6cm4RHFF:HE12Ocm40m:1248#FWECRz.33cm4018.41471gEj.j#A-7t3h'VF)L ABSTTHEP#6Fil3t)63cmUxiHi?-_=N#Rm:PUL +=120cm3
98860,https://m.media-amazon.com/images/I/61Ak8vxE7hL.jpg,810266,depth,MAXIMUM:130z4.8in / 12.3cm3.7in9.5cmHEIGHT:3.7in / 9.5cm
98861,https://m.media-amazon.com/images/I/61Ak8vxE7hL.jpg,810266,width,MAXIMUM:130z4.8in / 12.3cm3.7in9.5cmHEIGHT:3.7in / 9.5cm
98862,https://m.media-amazon.com/images/I/61Ak8vxE7hL.jpg,810266,height,MAXIMUM:130z4.8in / 12.3cm3.7in9.5cmHEIGHT:3.7in / 9.5cm
98863,https://m.media-amazon.com/images/I/61Ak9LfEWLL.jpg,823083,depth,4Ocm
98864,https://m.media-amazon.com/images/I/61Ak9LfEWLL.jpg,823083,height,4Ocm
98865,https://m.media-amazon.com/images/I/61Ak9LfEWLL.jpg,823083,width,4Ocm
98866,https://m.media-amazon.com/images/I/61AkAuN-RbL.jpg,120219,height,Productsize3 3.3inch9Suitable for pens up to0.35 inches in diameterTinch11.inchIzo.35inch
98867,https://m.media-amazon.com/images/I/61AkH55svBL.jpg,478357,height,"Malangaben sind Circa-Male100 cm200 cm3,5 cm68 x 4 cm138cm"
98868,https://m.media-amazon.com/images/I/61AkPZ85+GL.jpg,292475,depth,9 in903 inLIFVER360Z BOWLUnique boat-shaped designSpecial aesthetically feeling
98869,https://m.media-amazon.com/images/I/61AkPZ85+GL.jpg,292475,height,9 in903 inLIFVER360Z BOWLUnique boat-shaped designSpecial aesthetically feeling
98870,https://m.media-amazon.com/images/I/61AkPwxygdL.jpg,849273,depth,"Product Details833Ocm15cmPU OXFORD CLOTHSunscreen and waterproof, you are not afraid to travel in rainy days."
98871,https://m.media-amazon.com/images/I/61AkRfMGupL.jpg,231838,height,SIZE [NFORTTETION180m738cm/3.15in
98872,https://m.media-amazon.com/images/I/61AkRfMGupL.jpg,231838,depth,SIZE [NFORTTETION180m738cm/3.15in
98873,https://m.media-amazon.com/images/I/61AkZrU6hVL.jpg,573063,height,22.5cm/8.86in234567891011121381415N161718202122232425262728293031
