index,image_link,group_id,entity_name,e
97474,https://m.media-amazon.com/images/I/619uLnu0+KL.jpg,347404,height,"I l) 3 6)I 6 5 Wtl)HFzk(+314KHHizk(*3125Knwtvhb3-IJANA_F#++4X (mm)Arh'Jlitz#XXF2XHBE""JL=30 #0300x68201,500F59 mm410916410923"
97475,https://m.media-amazon.com/images/I/619uRRhNjlL.jpg,120219,height,1[2.36inch37.87inch73110.24inch0
97476,https://m.media-amazon.com/images/I/619uRRhNjlL.jpg,120219,width,1[2.36inch37.87inch73110.24inch0
97477,https://m.media-amazon.com/images/I/619uToy3pOL.jpg,470067,height,Mounting hole diameter:3.2-3.8cm410mm21Omm!32-38mm
97478,https://m.media-amazon.com/images/I/619ucYQqBNL.jpg,752266,height,54mm[38mm
97479,https://m.media-amazon.com/images/I/619ucYQqBNL.jpg,752266,depth,54mm[38mm
97480,https://m.media-amazon.com/images/I/619udUKqGqL.jpg,258617,depth,"L.lin(2.8cm)1,45in(3.7cm)MATERIAL:Crystal GlassStainless Steel Hook"
97481,https://m.media-amazon.com/images/I/619udUKqGqL.jpg,258617,width,"L.lin(2.8cm)1,45in(3.7cm)MATERIAL:Crystal GlassStainless Steel Hook"
97482,https://m.media-amazon.com/images/I/619ufHSfFdL.jpg,752266,depth,"9.4""1240mm7.9""/200mm6Ip67"
97483,https://m.media-amazon.com/images/I/619ui3liHtL.jpg,478357,width,50LB42.9 in9.8 inf85'34.5 in
97484,https://m.media-amazon.com/images/I/619untjIUbL.jpg,886874,depth,Retractable Rear View Mirror Wiper6.5 cm2.56 inch21.2 cm/8.35 inchThis rainy cleaning supplies adopts a retractable design98 cm/38.58 inch
97485,https://m.media-amazon.com/images/I/619urfiELYL.jpg,476311,height,Security WallMount PlusPrecise hole positionExcellent materialRustproofSimple installation3.64 in2.97 inTTTCTTTTTTV
97486,https://m.media-amazon.com/images/I/619urfiELYL.jpg,476311,depth,Security WallMount PlusPrecise hole positionExcellent materialRustproofSimple installation3.64 in2.97 inTTTCTTTTTTV
97487,https://m.media-amazon.com/images/I/619uuIU2gUL.jpg,599772,width,50Omm350mm725mm
97488,https://m.media-amazon.com/images/I/619uxh8RNGL.jpg,483370,depth,LLGray Cat Doll SizeFI2inch:~1Oinchvacuum packagingj
97489,https://m.media-amazon.com/images/I/619v2LRv5-L.jpg,681445,depth,1.3 inch8072.6 inchDevzz
97490,https://m.media-amazon.com/images/I/619v2LRv5-L.jpg,681445,height,1.3 inch8072.6 inchDevzz
97491,https://m.media-amazon.com/images/I/619v39mauEL.jpg,564236,depth,"=+]129cm/11.4""Easy touch operationEnglish panelTiming/Spinning/Washing/SwitchASmin10min15minQuick washStandardDelicatecleaningcleaning"
97492,https://m.media-amazon.com/images/I/619v39mauEL.jpg,564236,height,"=+]129cm/11.4""Easy touch operationEnglish panelTiming/Spinning/Washing/SwitchASmin10min15minQuick washStandardDelicatecleaningcleaning"
97493,https://m.media-amazon.com/images/I/619v6ldu6rL.jpg,784538,depth,297MMA3XdlSss420MM297MMm2TW0u 42 9xA4210MMnffiz7@ezAbusya'
97494,https://m.media-amazon.com/images/I/619vAdXNHDL.jpg,963595,width,53mmZmm30mm79mm
97495,https://m.media-amazon.com/images/I/619vT8o4CPL.jpg,148807,width,BefestigungsartWandmontageAnzeigeabmessungen220 x 220 cmBeschreibung derLeinwandoberflacheFull-hd
97496,https://m.media-amazon.com/images/I/619vT8o4CPL.jpg,148807,depth,BefestigungsartWandmontageAnzeigeabmessungen220 x 220 cmBeschreibung derLeinwandoberflacheFull-hd
97497,https://m.media-amazon.com/images/I/619vTP8bpuL.jpg,279307,item_weight,CnvrrocorTecieaeBESTSELLERFREESHIPPING
97498,https://m.media-amazon.com/images/I/619vbRqqLfL.jpg,810266,width,HERZLICHENGLUCKWUNSCH60JAHREHOLGER238 mm
97499,https://m.media-amazon.com/images/I/619vbRqqLfL.jpg,810266,height,HERZLICHENGLUCKWUNSCH60JAHREHOLGER238 mm
97500,https://m.media-amazon.com/images/I/619vbRqqLfL.jpg,810266,depth,HERZLICHENGLUCKWUNSCH60JAHREHOLGER238 mm
97501,https://m.media-amazon.com/images/I/619vc-1817L.jpg,514726,depth,"SizeKing(20""x36"")Color0605MaterialCottonFabric Type100% Cotton"
97502,https://m.media-amazon.com/images/I/619vc-1817L.jpg,514726,height,"SizeKing(20""x36"")Color0605MaterialCottonFabric Type100% Cotton"
97503,https://m.media-amazon.com/images/I/619vc-1817L.jpg,514726,width,"SizeKing(20""x36"")Color0605MaterialCottonFabric Type100% Cotton"
97504,https://m.media-amazon.com/images/I/619vcc2iW5L.jpg,178778,height,10cm19cm9cm
97505,https://m.media-amazon.com/images/I/619viVKYl2L.jpg,442321,width,79 cm62.5 cm55 cm120 cm
97506,https://m.media-amazon.com/images/I/619viVKYl2L.jpg,442321,height,79 cm62.5 cm55 cm120 cm
97507,https://m.media-amazon.com/images/I/619vnBomxVL.jpg,916768,width,1121010Product Dimensionsllcm High x lOcm x Wide x lOcm Deep
97508,https://m.media-amazon.com/images/I/619vnHI+26L.jpg,913156,depth,About Size[558cm/3.15in4cm/1.57in
97509,https://m.media-amazon.com/images/I/619vrFzH2EL.jpg,436746,depth,1 SetDrum Lamp Shades01.65-Inch812-Inch
97510,https://m.media-amazon.com/images/I/619vrFzH2EL.jpg,436746,height,1 SetDrum Lamp Shades01.65-Inch812-Inch
97511,https://m.media-amazon.com/images/I/619vuunLCXL.jpg,142748,depth,888338953
97512,https://m.media-amazon.com/images/I/619vuunLCXL.jpg,142748,width,888338953
97513,https://m.media-amazon.com/images/I/619vvblzR+L.jpg,119607,height,35cm/13.7inDjt(Jm(utcaLli1LHAPMLO@as
97514,https://m.media-amazon.com/images/I/619vvblzR+L.jpg,119607,depth,35cm/13.7inDjt(Jm(utcaLli1LHAPMLO@as
97515,https://m.media-amazon.com/images/I/619vvblzR+L.jpg,119607,width,35cm/13.7inDjt(Jm(utcaLli1LHAPMLO@as
97516,https://m.media-amazon.com/images/I/619vxFApUXL.jpg,278850,depth,88PLUSID3.3 inchGuardYour81.5
97517,https://m.media-amazon.com/images/I/619vxFApUXL.jpg,278850,height,88PLUSID3.3 inchGuardYour81.5
97518,https://m.media-amazon.com/images/I/619vzOo5ZSL.jpg,174276,depth,2.6 in / 6.7 cm1.5 in / 4 cm
97519,https://m.media-amazon.com/images/I/619w-PA8ceL.jpg,494219,item_volume,"PATRONANEJOTEQUILA750 MLTEQUILA100%DE AGAVEANEJOPATRONHECHO ENMEXICO4096750 mlMADE IN MexicO""alc_/vol.180 PROOF|"
97520,https://m.media-amazon.com/images/I/619w0lqRx-L.jpg,318770,wattage,1OOW Digital DisplayMaster the charging status of your device38J0
97521,https://m.media-amazon.com/images/I/619w95ML5QL.jpg,658003,height,SIZE~ 2 sizes are available3 cm11.5 cm3 cm14.5 cm
97522,https://m.media-amazon.com/images/I/619w95ML5QL.jpg,658003,depth,SIZE~ 2 sizes are available3 cm11.5 cm3 cm14.5 cm
97523,https://m.media-amazon.com/images/I/619wCFyqk4L.jpg,681445,depth,2IcmIIcm
97524,https://m.media-amazon.com/images/I/619wCFyqk4L.jpg,681445,height,2IcmIIcm
97525,https://m.media-amazon.com/images/I/619wE3qAU-L.jpg,558806,height,HAIPPlyiBI@RHDIAIY223.8CM31CM
97526,https://m.media-amazon.com/images/I/619wE3qAU-L.jpg,558806,width,HAIPPlyiBI@RHDIAIY223.8CM31CM
97527,https://m.media-amazon.com/images/I/619wLB+7K-L.jpg,751532,height,272 kgMax. weight capacity190 x 137cmApplicable Mattress Size82 cmAD50 cmcm137190cm@t32 cm19636 cmemcm142
97528,https://m.media-amazon.com/images/I/619wVBuERcL.jpg,219211,item_weight,"Mining power75OW mining power adapter0ce417to#tAte8440m""8IntaHeaAlpaComeanFC3n0N279 5numat3odal3771r0otIVUM MII HII MIbIBotar?-4aKE42v581024007430SAOXFQBLLZIMM MhpVM MIQeAB-LLHi-Pol_Pass'Pase'Pass,"
97529,https://m.media-amazon.com/images/I/619wVBuERcL.jpg,219211,wattage,"Mining power75OW mining power adapter0ce417to#tAte8440m""8IntaHeaAlpaComeanFC3n0N279 5numat3odal3771r0otIVUM MII HII MIbIBotar?-4aKE42v581024007430SAOXFQBLLZIMM MhpVM MIQeAB-LLHi-Pol_Pass'Pase'Pass,"
97530,https://m.media-amazon.com/images/I/619wex4tApL.jpg,844474,height,43 cm16.9inl132 cm14cmin55in126
97531,https://m.media-amazon.com/images/I/619wkU6phlL.jpg,312608,height,SIZE1{1300mm8J1300mm
97532,https://m.media-amazon.com/images/I/619wkd0f6yL.jpg,810266,width,DISHWASHER SAFE5.5 inMICROWAVE SAFEEpacityFREEZER SAFE2.95in
97533,https://m.media-amazon.com/images/I/619wkd0f6yL.jpg,810266,depth,DISHWASHER SAFE5.5 inMICROWAVE SAFEEpacityFREEZER SAFE2.95in
97534,https://m.media-amazon.com/images/I/619wkwLBCrL.jpg,231838,height,"7,5 cm1f280ml"
97535,https://m.media-amazon.com/images/I/619wkwLBCrL.jpg,231838,depth,"7,5 cm1f280ml"
97536,https://m.media-amazon.com/images/I/619wkwLBCrL.jpg,231838,width,"7,5 cm1f280ml"
97537,https://m.media-amazon.com/images/I/619wlH3lQCL.jpg,276611,height,33cm13in33cm13in29cm[11.4in169cm166.5in65.7cm[25.9in
97538,https://m.media-amazon.com/images/I/619wrW2VeaL.jpg,853009,maximum_weight_recommendation,Space to AdjustPet ProbesPet Hair Maybe Stuckin theZipperSuitable For Small Dogs And Cats6lbs7lbs8lbs9lbs1Olbs1olbs
97539,https://m.media-amazon.com/images/I/619wrW2VeaL.jpg,853009,item_weight,Space to AdjustPet ProbesPet Hair Maybe Stuckin theZipperSuitable For Small Dogs And Cats6lbs7lbs8lbs9lbs1Olbs1olbs
97540,https://m.media-amazon.com/images/I/619wvt6jYhL.jpg,119607,width,"Product SizeHAVE YOURSELF A4Inch(1Ocm)Ilevy_Rittte Cwistzas16 Inch(40cm)WATERPROOFFOLDED EDGE DESIGNThe metal sign is waterproof andFoldeddesign, effectively reducecan be used indoors and outdoorsthedanger and improveEASY TO INSTALLHIGH DEFINITION PRINTINGTin sign comes with 4 pre-drilled holesHDExcellent high definition printing;in the corner; easy to installno color lossedgesafety"
97541,https://m.media-amazon.com/images/I/619wvt6jYhL.jpg,119607,depth,"Product SizeHAVE YOURSELF A4Inch(1Ocm)Ilevy_Rittte Cwistzas16 Inch(40cm)WATERPROOFFOLDED EDGE DESIGNThe metal sign is waterproof andFoldeddesign, effectively reducecan be used indoors and outdoorsthedanger and improveEASY TO INSTALLHIGH DEFINITION PRINTINGTin sign comes with 4 pre-drilled holesHDExcellent high definition printing;in the corner; easy to installno color lossedgesafety"
97542,https://m.media-amazon.com/images/I/619wzuq8aTL.jpg,272691,item_weight,Thickened and extended steel pipeLightweightand easy to carryGuaranteed safetyEnvironmentally friendly materialsHigh quality thick steel pipeLightweight and compact; takes up no spaceLoad capacity up to200kg
97543,https://m.media-amazon.com/images/I/619wzuq8aTL.jpg,272691,maximum_weight_recommendation,Thickened and extended steel pipeLightweightand easy to carryGuaranteed safetyEnvironmentally friendly materialsHigh quality thick steel pipeLightweight and compact; takes up no spaceLoad capacity up to200kg
97544,https://m.media-amazon.com/images/I/619x-uyGJcL.jpg,752266,width,1Ocm2cm1OOcmAmon15cm420cmTIPS:We used small E27bulb G60 bulbD6cm )with G6o(D6cm) bulbwith G80(@8cm) bulb
97545,https://m.media-amazon.com/images/I/619x-uyGJcL.jpg,752266,depth,1Ocm2cm1OOcmAmon15cm420cmTIPS:We used small E27bulb G60 bulbD6cm )with G6o(D6cm) bulbwith G80(@8cm) bulb
97546,https://m.media-amazon.com/images/I/619x2r3bFQL.jpg,752266,height,"11""11""38.5"""
97547,https://m.media-amazon.com/images/I/619x2r3bFQL.jpg,752266,depth,"11""11""38.5"""
97548,https://m.media-amazon.com/images/I/619x7lfpW0L.jpg,436746,depth,15.11in/13cm
97549,https://m.media-amazon.com/images/I/619x7lfpW0L.jpg,436746,height,15.11in/13cm
97550,https://m.media-amazon.com/images/I/619xB-DZkgL.jpg,292475,height,PRODUCT SIZE6.5cm/2.55inch174.Scml1.77inchContains SOPCSSpoon 50PCS
97551,https://m.media-amazon.com/images/I/619xB-DZkgL.jpg,292475,width,PRODUCT SIZE6.5cm/2.55inch174.Scml1.77inchContains SOPCSSpoon 50PCS
97552,https://m.media-amazon.com/images/I/619xBw7soGL.jpg,752266,depth,"6""H5PRODUCTDIMENSIONS10""12.9""42""1OinchAirflow:42"":3928 CFMSinchRecommended applicable space:150-220 sq.ftWater resistanceAnti-corrosionRemote ControlSlanted CeilingRemote ControlIndoor/Outdoor"
97553,https://m.media-amazon.com/images/I/619xLfpe+1L.jpg,478357,width,"36.2""31.5""55.1"""
97554,https://m.media-amazon.com/images/I/619xOTkGu0L.jpg,664736,height,"43-PIECE TOOL SETweight:3.Ikgsize:31Omm*230mm""7OmmTtypenlersscrewdiver handleFlat tp screrrdritersPhelpiversUulyy kuifeScrewdriver head( OpcsPrecizion :clewdnterMini sawTest pencilAdjustable wzenchPants setHammerMini flashlightSocket set(9pcs)Needlenoseplier;ViseHexagor#ocket ""TeschElectncal tapeTape"""
97555,https://m.media-amazon.com/images/I/619xOynymsL.jpg,181357,height,9ft3.3ft
97556,https://m.media-amazon.com/images/I/619xOynymsL.jpg,181357,depth,9ft3.3ft
97557,https://m.media-amazon.com/images/I/619xPQn1ZuL.jpg,849273,width,"41OOmm01< t#suvizmttli""5+vliw5Oliw=u-bl<ina7swvirWa7a31-Fija0165mm#140mmFz : 0150g"
97558,https://m.media-amazon.com/images/I/619xQIbYE3L.jpg,311997,height,DIMENSIONS11inch13 inch16 inch
97559,https://m.media-amazon.com/images/I/619xQIbYE3L.jpg,311997,depth,DIMENSIONS11inch13 inch16 inch
97560,https://m.media-amazon.com/images/I/619xVMPza9L.jpg,810266,width,120z/350ml set of 43.1 inch2 inch124.3 inchOz213160zFull
97561,https://m.media-amazon.com/images/I/619xVyOUllL.jpg,557758,item_volume,"FlavorCherry, Cola,Suppert  Digualcaa Heollh&hDigeslrva Heallhpor/a Digeslive HeothDigus liveDigealiveorls Digealive HeathVanillaVintagentageintagentageintagentageColaColaColaZolaColaColaSparkling Tonicrkling Tonicorkling Tonicrkling TonicTonicirkling Tonicie (esnlMer(JSSEL)7es (355eL1Aef(355707 Moz (as5mLiAot[3ssmItem Volume12.0 Fluid OuncesS-Fports Digeelive Haclnorh D-acilivu HacithDicealma Heulih4u Dioosltt HeutthAA  Diaostne EeolllcHDiquate EeplaClassiclassictsSiclassiclassiclassicRoot Beerst BeerBeerxt Beerst Beerst BeerSporkling Tonicirkling Tonicling lonicTonicrkling TonicTonicUnit Count#oIzu [355aUeSSSmLiL(JSStLi404 (J55uM0r (JSU""Wlo(JeSe]12.0 CountPoa""APoaPoa""Poa""ApoaPoaOLI;arklingPoa ApoaPoaApoaPoaAPoaOLI;nklingrtling"
97562,https://m.media-amazon.com/images/I/619xW+Fz9TL.jpg,296366,height,"CmfSSa38.5""Powered B"" Schumacher2004Engine Stari42TSOAizvBousl25A12vBcost25A24vRooslOAi2vCharge11.75"""
97563,https://m.media-amazon.com/images/I/619xW+Fz9TL.jpg,296366,depth,"CmfSSa38.5""Powered B"" Schumacher2004Engine Stari42TSOAizvBousl25A12vBcost25A24vRooslOAi2vCharge11.75"""
97564,https://m.media-amazon.com/images/I/619xXrnV5rL.jpg,311997,width,"15.35""29.33""13""13""33.19"""
97565,https://m.media-amazon.com/images/I/619xXrnV5rL.jpg,311997,height,"15.35""29.33""13""13""33.19"""
97566,https://m.media-amazon.com/images/I/619xcx4j5nL.jpg,479564,item_weight,"Weight0.86 |bLength12.4 inch4(315mm)4inch""OX4OEG"
97567,https://m.media-amazon.com/images/I/619xkTsXaLL.jpg,616171,width,SPECIFICATIONSMATERIALCold Rolled SteelRACK SPACE16U / 16 RUTHICKNESS2mmMEETS EIA/ECA-310-E STANDARDSDepth1.55in(39.25mm)Length0.62in (15.75mm)Height27.99in (7llmm)
97568,https://m.media-amazon.com/images/I/619xoUL1YkL.jpg,843434,height,615 mm435 mm305 mm725 mm306 mm609 mm
97569,https://m.media-amazon.com/images/I/619y-Hc3DQL.jpg,640031,height,"Gardez toujours un weil sur le climat interieur18""€40-60%18PCSignale la temperature etInformations precises surI'humiditele climat de la piece55 mmGigaset55 mm55 mm27 mm"
97570,https://m.media-amazon.com/images/I/619y3tMn2wL.jpg,276611,width,"13""42""15""12""34""15""13""27""8.5""11""4""11"
97571,https://m.media-amazon.com/images/I/619yPre2QLL.jpg,311997,height,PRODUCT SIZE10.8in/27.Scm13.5in/34.5cm
97572,https://m.media-amazon.com/images/I/619yPre2QLL.jpg,311997,depth,PRODUCT SIZE10.8in/27.Scm13.5in/34.5cm
97573,https://m.media-amazon.com/images/I/619yRmr3JSL.jpg,312608,width,"146 cm57.5"" )31087066)4 cm( 1.6"" ))6cm( 26""cm( 2.4"""
97574,https://m.media-amazon.com/images/I/619yar4uqFL.jpg,218498,item_weight,Lightweight and Portable16.5oz/1.03lbs00inches
97575,https://m.media-amazon.com/images/I/619yijiRvsL.jpg,478357,width,"SIZE: INCH18.5""7.2""5.3""19.7""19.7""18.8"""
97576,https://m.media-amazon.com/images/I/619yq2sRQwL.jpg,579652,height,38cmS0R7529cm38cm
97577,https://m.media-amazon.com/images/I/619yrxLzsEL.jpg,681445,depth,29.5cm28cm
97578,https://m.media-amazon.com/images/I/619yrxLzsEL.jpg,681445,height,29.5cm28cm
97579,https://m.media-amazon.com/images/I/619ys+pyyHL.jpg,292475,depth,PRODUCT FEATURES4.5cm/1.8in20.3cm/8inREUSABLEFOOD GRADE SILICONEDISHWASHER SAFEDESIGN FORSTANLEY CUP
97580,https://m.media-amazon.com/images/I/619ys+pyyHL.jpg,292475,width,PRODUCT FEATURES4.5cm/1.8in20.3cm/8inREUSABLEFOOD GRADE SILICONEDISHWASHER SAFEDESIGN FORSTANLEY CUP
97581,https://m.media-amazon.com/images/I/619yyrCx-sL.jpg,241608,height,"75,80cm/28,30,31in3975cm/30in43cm/13,16,17in72,340,E"
97582,https://m.media-amazon.com/images/I/619z26111WL.jpg,579652,height,Large Capacity _6029F1818'
97583,https://m.media-amazon.com/images/I/619z3fp-ORL.jpg,986984,height,450mm36 54-ZulonJulIlI3490mm
97584,https://m.media-amazon.com/images/I/619z3fp-ORL.jpg,986984,width,450mm36 54-ZulonJulIlI3490mm
97585,https://m.media-amazon.com/images/I/619z7PcVDhL.jpg,487566,width,22.8cmPocket for PhoneRemote63.5cm19cm185cmSleeve Circumference129cmCircumference45pm
97586,https://m.media-amazon.com/images/I/619zBKL1o5L.jpg,931856,width,4AZ16cm6cm
97587,https://m.media-amazon.com/images/I/619zBKL1o5L.jpg,931856,height,4AZ16cm6cm
97588,https://m.media-amazon.com/images/I/619zBSGGY-L.jpg,284992,height,0?7cm2.7in22cm/8.6in
97589,https://m.media-amazon.com/images/I/619zJhrycML.jpg,494658,depth,53cm60
97590,https://m.media-amazon.com/images/I/619zMjzu8IL.jpg,276611,width,12.55 in3.28 in31.9 cm8.34cm19.97 in50.7 cm24.29 in61.7 cm12.55 in6.14 in31.9 cm15.6 cm19.97 in50.7 cm20.71 in52.6 cm15.51 in39.4 cm
97591,https://m.media-amazon.com/images/I/619zMjzu8IL.jpg,276611,height,12.55 in3.28 in31.9 cm8.34cm19.97 in50.7 cm24.29 in61.7 cm12.55 in6.14 in31.9 cm15.6 cm19.97 in50.7 cm20.71 in52.6 cm15.51 in39.4 cm
97592,https://m.media-amazon.com/images/I/619zRXRbbwL.jpg,241608,height,415MM140MM415MM
97593,https://m.media-amazon.com/images/I/619zRXRbbwL.jpg,241608,width,415MM140MM415MM
97594,https://m.media-amazon.com/images/I/619zWOAdClL.jpg,296275,depth,"He~E1141 inch29cm6.69inch/17cmNOTE: The diameter of the bottle should be less than 7.2 cm/2.83""_1"
97595,https://m.media-amazon.com/images/I/619zWOAdClL.jpg,296275,width,"He~E1141 inch29cm6.69inch/17cmNOTE: The diameter of the bottle should be less than 7.2 cm/2.83""_1"
97596,https://m.media-amazon.com/images/I/619zXRdxC4L.jpg,986932,depth,"Stainless steel funnel100% food-grade, safetyrust-resistant:The funnel with a width of10.3 cm, 12.5cm and 14.5 cmis perfect for filling ortransferring small contentsinto different bottles orcontainers_"
97597,https://m.media-amazon.com/images/I/619zXRdxC4L.jpg,986932,height,"Stainless steel funnel100% food-grade, safetyrust-resistant:The funnel with a width of10.3 cm, 12.5cm and 14.5 cmis perfect for filling ortransferring small contentsinto different bottles orcontainers_"
97598,https://m.media-amazon.com/images/I/619zZGAHA9L.jpg,416664,depth,"16""10""16""27.5""5"" dia_"
97599,https://m.media-amazon.com/images/I/619zZGAHA9L.jpg,416664,width,"16""10""16""27.5""5"" dia_"
97600,https://m.media-amazon.com/images/I/619zbK2xdML.jpg,276611,height,36 cm150 cm200 cm139 cm55 cm43 cm58 cm150 cm
97601,https://m.media-amazon.com/images/I/619zegaH5HL.jpg,916768,depth,CAPACITY:1.7oz/50ml1.2 in2.55 in
97602,https://m.media-amazon.com/images/I/619zegaH5HL.jpg,916768,height,CAPACITY:1.7oz/50ml1.2 in2.55 in
97603,https://m.media-amazon.com/images/I/619zgHqQg2L.jpg,913156,depth,"18cm/7""70cm/27.6""18cm/7"""
97604,https://m.media-amazon.com/images/I/619zgHqQg2L.jpg,913156,width,"18cm/7""70cm/27.6""18cm/7"""
97605,https://m.media-amazon.com/images/I/619zgHqQg2L.jpg,913156,height,"18cm/7""70cm/27.6""18cm/7"""
97606,https://m.media-amazon.com/images/I/619zvjSJzyL.jpg,386873,item_weight,"6.1"" OLED FullvisionTM DisplayStunning Picture Minimalist DesignLG G8 ThinQT is crafted with smooth; contoured glass for a gorgeous; uncompromising streamlined designFeaturingouredge-to-edge 6.1"" OLED Fullvision"" display the LG G8 ThinQr lets you enjoy striking clarity;beautiful contrast, and vibrant color for some of the best picture quality ever from LG:The96"
97607,https://m.media-amazon.com/images/I/619zzzPk6FL.jpg,276611,height,":1#FiQIlfi @Eza;l #lira#pihljl IIIiw9Oxn2Oxh8ScmPJwhI X 4t2s504_ 1""Jgme90cm' E@{=20cmOHRE^ _>7v."
97608,https://m.media-amazon.com/images/I/61A+-HYiSTL.jpg,237000,width,FarfallarossaDIVANO 4 POSTI22OCM53CM42CM82CM
97609,https://m.media-amazon.com/images/I/61A+20so+QL.jpg,931247,width,385cm
97610,https://m.media-amazon.com/images/I/61A+20so+QL.jpg,931247,depth,385cm
97611,https://m.media-amazon.com/images/I/61A+B3-cO5L.jpg,483370,height,SIZE COMPARISONOverall heightOverall heightOverall height25cm/9.84in30cm/11.8in40cm/15.7in
97612,https://m.media-amazon.com/images/I/61A+B3-cO5L.jpg,483370,width,SIZE COMPARISONOverall heightOverall heightOverall height25cm/9.84in30cm/11.8in40cm/15.7in
97613,https://m.media-amazon.com/images/I/61A+B3-cO5L.jpg,483370,depth,SIZE COMPARISONOverall heightOverall heightOverall height25cm/9.84in30cm/11.8in40cm/15.7in
97614,https://m.media-amazon.com/images/I/61A+K5azFlL.jpg,200507,height,"Width/ Height Adjustable4""810.03""Bendable Steel WireSolid Iron1.97""0.39'"
97615,https://m.media-amazon.com/images/I/61A+LjwfSGL.jpg,558832,width,{!12cm7cm
97616,https://m.media-amazon.com/images/I/61A+LjwfSGL.jpg,558832,depth,{!12cm7cm
97617,https://m.media-amazon.com/images/I/61A+P984+VL.jpg,849273,height,31cm3E820cm25cm#The actual size shall prevail and the pictures are for reference only
97618,https://m.media-amazon.com/images/I/61A+UOpWkDL.jpg,916768,height,4 inPRODUCT SIZE3 large capacity food molds6.3 inw514 in5.1 inTREATS
97619,https://m.media-amazon.com/images/I/61A+aVLr-SL.jpg,611510,height,60.96cm35.56cm43.18cm
97620,https://m.media-amazon.com/images/I/61A+cGgposL.jpg,261553,width,Product Size1OPCS13mm9inch/23cm0.71 inch/1.8cm2.76 inch1OPCS17cm1inch/2.Scm
97621,https://m.media-amazon.com/images/I/61A+d+EWgwL.jpg,745488,width,1 25mm)20mm 17mmJJRJJR0.Amm0.6mm25XI7mm50X2OmmsOn25mm 25mmJXJRJJR0.6mm0.6mm50X25mm50X25mmsumns0mm
97622,https://m.media-amazon.com/images/I/61A+fHeqAvL.jpg,558806,depth,8xX=16.5cm/2.6in
97623,https://m.media-amazon.com/images/I/61A+fHeqAvL.jpg,558806,width,8xX=16.5cm/2.6in
97624,https://m.media-amazon.com/images/I/61A+fkJhYlL.jpg,853009,item_weight,SPACIOUS SPACEHeightMax Length40cml 16 inch42cm16.5inMaxWeight15 LBSRecommed Size ChartLengthRecommend up to I6inchHeightRecommend up to I2inchWidthRecommend up to Ilinch28cm/ 11 in33cm13 in
97625,https://m.media-amazon.com/images/I/61A+fkJhYlL.jpg,853009,maximum_weight_recommendation,SPACIOUS SPACEHeightMax Length40cml 16 inch42cm16.5inMaxWeight15 LBSRecommed Size ChartLengthRecommend up to I6inchHeightRecommend up to I2inchWidthRecommend up to Ilinch28cm/ 11 in33cm13 in
97626,https://m.media-amazon.com/images/I/61A+lQs05vL.jpg,664736,depth,HbI IAPENGGONG8cm/3.15in24cm/9.4Sin
97627,https://m.media-amazon.com/images/I/61A+lQs05vL.jpg,664736,height,HbI IAPENGGONG8cm/3.15in24cm/9.4Sin
97628,https://m.media-amazon.com/images/I/61A+zuNitJL.jpg,745326,depth,95Agg3.34 in / 8.50 cm
97629,https://m.media-amazon.com/images/I/61A+zuNitJL.jpg,745326,height,95Agg3.34 in / 8.50 cm
97630,https://m.media-amazon.com/images/I/61A-1q5ll3L.jpg,181357,width,210cm75cm
97631,https://m.media-amazon.com/images/I/61A-1q5ll3L.jpg,181357,depth,210cm75cm
97632,https://m.media-amazon.com/images/I/61A-4e4WdsL.jpg,521308,width,"LBSWeight Capacity: 330lbsseat138.60""10.00""123.50""4.50""34.65""34.65'26.00""34.65""15.4""1.97'Ship in6PackagesArrive Separately69.30""May"
97633,https://m.media-amazon.com/images/I/61A-9GqrOwL.jpg,801829,height,"30.3""4""26.68.9"""
97634,https://m.media-amazon.com/images/I/61A-Be0EvrL.jpg,426261,item_weight,spinning reel parametersmaxdragweightmodelgear ratioball bearingsline capacity(mmlm)(kgllbs)(gllbs)12kg230g30005.2:114+10.20/230 0.23/170 0.28/11026.5ibs0.51lbs
97635,https://m.media-amazon.com/images/I/61A-D6SBOUL.jpg,311997,width,"PRODUCTDIMENSIONS413""12""39712""227"""
97636,https://m.media-amazon.com/images/I/61A-DcWlroL.jpg,180410,width,9.5cm3
97637,https://m.media-amazon.com/images/I/61A-DcWlroL.jpg,180410,depth,9.5cm3
97638,https://m.media-amazon.com/images/I/61A-H+ggqyL.jpg,675317,width,1214.2cm5.s9inch8cm/5.03inch
97639,https://m.media-amazon.com/images/I/61A-H+ggqyL.jpg,675317,depth,1214.2cm5.s9inch8cm/5.03inch
97640,https://m.media-amazon.com/images/I/61A-PP3ml1L.jpg,120219,height,2.Zin9.84in6.3in
97641,https://m.media-amazon.com/images/I/61A-YMbURML.jpg,571756,width,56in08208{12m/47.24inScm/2..76in7cm/2.19cm/7.48in
97642,https://m.media-amazon.com/images/I/61A-bQs3T4L.jpg,237000,height,80/150110/180Divanodueda110a 180cmposti
97643,https://m.media-amazon.com/images/I/61A-cqq0+0L.jpg,245652,depth,6311.5cm{
97644,https://m.media-amazon.com/images/I/61A-e-PEaPL.jpg,758128,height,"Universal side wall sizeLifts for 10 x 10 canopy in the marketWARNING !Our Canopy Wall Only Fit TheFrame With Below Detail Size,Please Check It Before Your OrderAbccANOPY6.6FT10FT"
97645,https://m.media-amazon.com/images/I/61A-e-PEaPL.jpg,758128,depth,"Universal side wall sizeLifts for 10 x 10 canopy in the marketWARNING !Our Canopy Wall Only Fit TheFrame With Below Detail Size,Please Check It Before Your OrderAbccANOPY6.6FT10FT"
97646,https://m.media-amazon.com/images/I/61A-jaywSKL.jpg,810266,width,"10.4cm/4.09""17.8cm/3.07"""
97647,https://m.media-amazon.com/images/I/61A-jb76M9L.jpg,478357,height,"15,5.91""12.99""WaterproofFinish9.25""2SpaciousDrawersExquisite MetalHandlesSturdy Metal Legs11.81""75"""
97648,https://m.media-amazon.com/images/I/61A-qBAafRL.jpg,237000,height,"ULTCOVERULTIMATE PATIO COVERSFits Adirondack Chair Upto32""(W) x 38""(D)x 36""(H)Anti-UVWaterproofWindproofPrGteotion36""ULT COVERuaeocoren338""32""_"
97649,https://m.media-amazon.com/images/I/61A-tRLAmtL.jpg,478357,width,"15.75""4~815.75"""
97650,https://m.media-amazon.com/images/I/61A-tRLAmtL.jpg,478357,height,"15.75""4~815.75"""
97651,https://m.media-amazon.com/images/I/61A-vegIOlL.jpg,816782,depth,"36""24""CENEROUS SIZE"
97652,https://m.media-amazon.com/images/I/61A00mEZr5L.jpg,658003,depth,3Ocm/11 8inch25cm/9.84inch2Ocm/7 87inch0I0
97653,https://m.media-amazon.com/images/I/61A01fptF0L.jpg,988675,depth,Icm0.4in3cm/1.2in3ebeerbeerbeersaverssaverssaversbbeerbeerbeerSaversSeesaversPrrte
97654,https://m.media-amazon.com/images/I/61A01fptF0L.jpg,988675,height,Icm0.4in3cm/1.2in3ebeerbeerbeersaverssaverssaversbbeerbeerbeerSaversSeesaversPrrte
97655,https://m.media-amazon.com/images/I/61A01fptF0L.jpg,988675,width,Icm0.4in3cm/1.2in3ebeerbeerbeersaverssaverssaversbbeerbeerbeerSaversSeesaversPrrte
97656,https://m.media-amazon.com/images/I/61A03WX2j7L.jpg,692827,item_volume,"5418726ODUCT0SPAINOrganicEvOOBLENDOIL FROM SPAINBEST WITH TURKEY OR LAMB,SALMON; SEAFOOD, mushroOMS:VEGETABLES, STIR-FRY, EGGS_SALADS: RICE: PASTAS OR DIPPING.Superior category olive oll oblaineddirectly Irom olives and solely bymechanical meansNutrition FactsSaning Su~Tbtp (ISmLE1Calorles12011Total Fat 149Ja Urle}Fa 20Tacs Fai0?Pornsaturdted [40Cholouterol Ganoa1Sodlum OngTotal Carbohydrata 0g1Dcan FitatTotal 8ug 03 Adood Suqurs11EJ1Iron 0mPobssium 0791Viatin E 2amn1Keep incool and dark place_Produced by:Aceitcs Garcfa dcCruz SL_CI Royes Catolicos45710 Madridejos (Toledo) SpainWVN garciadclacruzoliveoil comCertitied Organic by SohisccrtES-ECO-002-CM""Nel content:8.5 fl.OzBest boforoSPAINCma1"
97657,https://m.media-amazon.com/images/I/61A07aioVuL.jpg,304120,width,Product Size112cm/4.72inch[[6.8cm/2.67inch11cm/4.33inch6cm/2.36inch117cm/6.7inch
97658,https://m.media-amazon.com/images/I/61A08pX0mSL.jpg,861555,height,21 CM13 CM6 CM1 Pack Of TissuePaper (100 Papers)
97659,https://m.media-amazon.com/images/I/61A0D28Ys4L.jpg,849273,height,Scm019.E1
97660,https://m.media-amazon.com/images/I/61A0DaCu3SL.jpg,931856,depth,"Adjustable flower head63cmFlower diameter: Icm24. 8inchl12PCSCut to meet your needThe built-in steel wire is Lmm,it is recommended to cutwith strong scissors."
97661,https://m.media-amazon.com/images/I/61A0DaCu3SL.jpg,931856,height,"Adjustable flower head63cmFlower diameter: Icm24. 8inchl12PCSCut to meet your needThe built-in steel wire is Lmm,it is recommended to cutwith strong scissors."
97662,https://m.media-amazon.com/images/I/61A0DaCu3SL.jpg,931856,width,"Adjustable flower head63cmFlower diameter: Icm24. 8inchl12PCSCut to meet your needThe built-in steel wire is Lmm,it is recommended to cutwith strong scissors."
97663,https://m.media-amazon.com/images/I/61A0Fc+cH9L.jpg,523149,item_weight,3.7mm4mm/0.3ct(15-17)pcs moissanites4mmTotal Weight ~4.50gReal 925 Sterling SilverThickplatedEnsure wearing time and effectRinggold
97664,https://m.media-amazon.com/images/I/61A0IYT4YCL.jpg,178778,height,"46.7""3""Sincc the size abovc is Manual Mcasurement; thc size of thc actual itemyou received could be slightly different from the size above."
97665,https://m.media-amazon.com/images/I/61A0W8RXAYL.jpg,295706,width,"]L8.7in/222mm8.0in/203mmFor morespecific data, please check the following detail dimensionimage,or download the PDFICAD file in Technical Specification(Allowable error=#Zmm)"
97666,https://m.media-amazon.com/images/I/61A0auFT3lL.jpg,243137,height,eeeeceeegPartyWeddingChildren BirthdayProductFestival NewbornVideoYouTubeHouse1#7ft (210CM)
97667,https://m.media-amazon.com/images/I/61A0auFT3lL.jpg,243137,depth,eeeeceeegPartyWeddingChildren BirthdayProductFestival NewbornVideoYouTubeHouse1#7ft (210CM)
97668,https://m.media-amazon.com/images/I/61A0cckKzhL.jpg,721542,height,"4 Sizes Accommodate Different Numbers of People715963""48""3 PersonPerson6 Person8 PersonSize3 Person;4 Person6 Person8 PersonCapacity3 Person4-5 Person6-7 Person8-10 PersonOpen Size(LNIH)86.6"" x 59"" X 48""102.4"" x 65"" x 59""106,3""x106.3""x63""118,1""x118.1""x70.9""Package Size716.5"" x 3.9""x 3.9""16.5""X 5.5""x4.7""16.5"" x 5.9"" x 5.1""16.9"" X 8.3""x7.9""Weight3.5 Lbs4.8 Lbs6.6 Lbs11.7 Lbs"
97669,https://m.media-amazon.com/images/I/61A0eFnyqYL.jpg,916768,height,"22CM,8.66inch40Oml150ml250mlACM,1.57i250ml150ml28CM,11.O2inch28.22.5cm/8.9""Scm[112"""
97670,https://m.media-amazon.com/images/I/61A0k6dP7pL.jpg,639508,width,CURVERInfinity60L10O%Tm made fromRECYCLEDPLASTICHbocmW3ScmD4Lcm
97671,https://m.media-amazon.com/images/I/61A0nYBNH5L.jpg,292475,depth,24 cm14 cm
97672,https://m.media-amazon.com/images/I/61A0nYBNH5L.jpg,292475,width,24 cm14 cm
97673,https://m.media-amazon.com/images/I/61A0osHPz8L.jpg,150535,width,"OrganzaSet of 24Ribbon3D Spout andHandleaRe-3.5""Gold FoilsakskkasksSaskaskAccents3.9"""
