index,image_link,group_id,entity_name,e
91074,https://m.media-amazon.com/images/I/6166RX6IkrL.jpg,953313,item_weight,8OGB
91075,https://m.media-amazon.com/images/I/6166RkqZFQL.jpg,296366,height,"NITECORECOMPACT AND HIGhLY PORTABLEUNKI and original Nikon charger side by side comparisonNITECORENikonBATTERY CHARGER MH-24UNKICHArGEEND4.57""3.34""2.090z1.96""3.7""6,3802UNKI  USB Dual slot travel charger for NikonCopyrighto 2016. Sysmax Industry Co. All rights reserved:"
91076,https://m.media-amazon.com/images/I/6166V3gJW6L.jpg,681445,height,"6.1-15.5cm5.51-14cm4.72""12cm16.5""14.2""12.642cm36cm32cm5.511 14cm5.5114cm5.51114cmLMS"
91077,https://m.media-amazon.com/images/I/6166aC9ufAL.jpg,640408,depth,10013[E319Ae+8.6cm/3.4inch
91078,https://m.media-amazon.com/images/I/6166aC9ufAL.jpg,640408,width,10013[E319Ae+8.6cm/3.4inch
91079,https://m.media-amazon.com/images/I/6166aC9ufAL.jpg,640408,height,10013[E319Ae+8.6cm/3.4inch
91080,https://m.media-amazon.com/images/I/6166acIVNHL.jpg,752266,depth,5cm]19cmLamp diameter 6OcmLeaf diameter 43cmNew Ceiling Fan LightMaterial:ABS + ironMotor power: MAXs3WOverall HeightDiameterLight SourceTurn to360924CM6OCMLED 4OW10-20m?RotatecrystalRange
91081,https://m.media-amazon.com/images/I/6166e55kOlL.jpg,311997,height,estanteria de5 niveles de180 x 120 x 45 cm180cm120cm45cm
91082,https://m.media-amazon.com/images/I/6166eWMegHL.jpg,120219,width,83mm705395mmmm2330635mm280mm585mm
91083,https://m.media-amazon.com/images/I/6166efCOLpL.jpg,550840,height,Tamano del producto4Smm9mm520mm830mm248mm88Maximum wrist length:24cmMinimum wrist length:15.9cmMaximum wrist length: 23.6cm(Header unincluded)Minimum wrist length :19.7cm   (Header unincluded)
91084,https://m.media-amazon.com/images/I/6166h5Clz4L.jpg,966823,height,WaterproofFree of FormaldehydeS storggeLxWxH:13x13x13 Inch
91085,https://m.media-amazon.com/images/I/6166iP42IvL.jpg,130202,depth,38830 cmWIND- UNDUV-SCHUTZMADE INWETTERFESTGERMANY
91086,https://m.media-amazon.com/images/I/6166iP42IvL.jpg,130202,width,38830 cmWIND- UNDUV-SCHUTZMADE INWETTERFESTGERMANY
91087,https://m.media-amazon.com/images/I/6166nvKedSL.jpg,386873,item_weight,69mm6.9mm][6.9mm5.0 Inch1169mm
91088,https://m.media-amazon.com/images/I/6166tE1MOyL.jpg,752266,height,Size Comparison9W6W%94 56Thursday; February 214.514.72in6.10in3.74inSwipe uUp to unlock
91089,https://m.media-amazon.com/images/I/6166tE1MOyL.jpg,752266,depth,Size Comparison9W6W%94 56Thursday; February 214.514.72in6.10in3.74inSwipe uUp to unlock
91090,https://m.media-amazon.com/images/I/61673lDwo3L.jpg,478233,depth,;[12.5cm / 4 92inch'
91091,https://m.media-amazon.com/images/I/616784nPsFL.jpg,192915,height,568!30.27 Inches6.8 Inches
91092,https://m.media-amazon.com/images/I/616784nPsFL.jpg,192915,width,568!30.27 Inches6.8 Inches
91093,https://m.media-amazon.com/images/I/6167AuvOq5L.jpg,737148,width,Product Size12PackI8.4cm/3.3in
91094,https://m.media-amazon.com/images/I/6167AuvOq5L.jpg,737148,depth,Product Size12PackI8.4cm/3.3in
91095,https://m.media-amazon.com/images/I/6167Kz5PvLL.jpg,883833,width,PoigneesintegreesShinco83cm4x3608 roulettes44.3cm34cmpoids net: 29kgpoids brut:34kg
91096,https://m.media-amazon.com/images/I/6167OwW2dxL.jpg,931856,height,8.7in/22cm10.79in
91097,https://m.media-amazon.com/images/I/6167OwW2dxL.jpg,931856,width,8.7in/22cm10.79in
91098,https://m.media-amazon.com/images/I/6167QznpP1L.jpg,311997,height,65in 63in10.6in10.6in63in10.6in10.6in10.6in11in20in
91099,https://m.media-amazon.com/images/I/6167XGrK6-L.jpg,648011,height,PRODUCT SPECIFICATIONSLED Filament Bulb2.3inch(59.Smm)Product Type:Dimmable 6W ST58CRI: 95+Inscandescent Equivalent:  6OWatts5.1inchBrightness:800 Lumens(13mm)Dimmable:Voltage:120vView Angle360 DegreeLifespan:25000+ HoursMaterials:Environmental glass & Aluminum nickelE26WarmLight AppearanceCoolBASE10OOKs00OK10 OOOK
91100,https://m.media-amazon.com/images/I/6167XGrK6-L.jpg,648011,width,PRODUCT SPECIFICATIONSLED Filament Bulb2.3inch(59.Smm)Product Type:Dimmable 6W ST58CRI: 95+Inscandescent Equivalent:  6OWatts5.1inchBrightness:800 Lumens(13mm)Dimmable:Voltage:120vView Angle360 DegreeLifespan:25000+ HoursMaterials:Environmental glass & Aluminum nickelE26WarmLight AppearanceCoolBASE10OOKs00OK10 OOOK
91101,https://m.media-amazon.com/images/I/6167XGrK6-L.jpg,648011,depth,PRODUCT SPECIFICATIONSLED Filament Bulb2.3inch(59.Smm)Product Type:Dimmable 6W ST58CRI: 95+Inscandescent Equivalent:  6OWatts5.1inchBrightness:800 Lumens(13mm)Dimmable:Voltage:120vView Angle360 DegreeLifespan:25000+ HoursMaterials:Environmental glass & Aluminum nickelE26WarmLight AppearanceCoolBASE10OOKs00OK10 OOOK
91102,https://m.media-amazon.com/images/I/6167dO9q1KL.jpg,507619,height,"PRODUGTSIZE100% NaturalNo chemicals5.9""5.9""5.9"""
91103,https://m.media-amazon.com/images/I/6167kw6w9BL.jpg,549052,height,"6.6""/17cm1.6""/4cm"
91104,https://m.media-amazon.com/images/I/6167kw6w9BL.jpg,549052,depth,"6.6""/17cm1.6""/4cm"
91105,https://m.media-amazon.com/images/I/6167seuukdL.jpg,966823,height,"PRODUCT DIMENSIONSLARGE AND SPACIOUS CUBE STORAGE BIN913""13""13"""
91106,https://m.media-amazon.com/images/I/6167tywvlsL.jpg,115666,width,24.09 in.W16.65 in.H11.3 in. H11.3 in. W14.61 in.DCLOSETMAID2018 ClosetMaid LLC
91107,https://m.media-amazon.com/images/I/6167vEdBjOL.jpg,407808,height,inefawitterungs-temperatur-bestandigunempfindlich200 cmweich-alterungs - &macherfreifarbbestandigInkgCERMANYbelastbar &schlagfest5 cm2 mmMADE
91108,https://m.media-amazon.com/images/I/6167vEdBjOL.jpg,407808,width,inefawitterungs-temperatur-bestandigunempfindlich200 cmweich-alterungs - &macherfreifarbbestandigInkgCERMANYbelastbar &schlagfest5 cm2 mmMADE
91109,https://m.media-amazon.com/images/I/6167wXDmPRL.jpg,892291,wattage,Compatible with Ryobi 18V ONE+ Cordless Power Tools613i(Without Battery)MtIorNL4784vns
91110,https://m.media-amazon.com/images/I/6167wXDmPRL.jpg,892291,item_weight,Compatible with Ryobi 18V ONE+ Cordless Power Tools613i(Without Battery)MtIorNL4784vns
91111,https://m.media-amazon.com/images/I/6167xNnKEqL.jpg,142748,depth,CLOMNFISHRAIN W E A R45 CM118 CM2104 CM
91112,https://m.media-amazon.com/images/I/6167yshs0cL.jpg,365756,height,"Product sizeE8.26in20""31""35""48""1.96in"
91113,https://m.media-amazon.com/images/I/61685wjBNHS.jpg,931856,width,Flower headLeaf detail20in/52cmStem detail
91114,https://m.media-amazon.com/images/I/61685wjBNHS.jpg,931856,height,Flower headLeaf detail20in/52cmStem detail
91115,https://m.media-amazon.com/images/I/61685wjBNHS.jpg,931856,depth,Flower headLeaf detail20in/52cmStem detail
91116,https://m.media-amazon.com/images/I/6168C-SyP7L.jpg,357074,width,541oz62}18mm474365mm36mm32n84DVASEIun2l'sIBS10IDonoc085IvOSE3631ASJ
91117,https://m.media-amazon.com/images/I/6168ELj5GYL.jpg,975942,width,"Allwinner H3,40 x 40 mm; UbuntuA7Quad-core256/512MB1OOMbpsUSB 2.0*3Kernel 4.1440*40mmCortex""-A7DDR3 RAMEthernetUbuntu 16.04sizeReady"
91118,https://m.media-amazon.com/images/I/6168ELj5GYL.jpg,975942,depth,"Allwinner H3,40 x 40 mm; UbuntuA7Quad-core256/512MB1OOMbpsUSB 2.0*3Kernel 4.1440*40mmCortex""-A7DDR3 RAMEthernetUbuntu 16.04sizeReady"
91119,https://m.media-amazon.com/images/I/6168aK+DZBL.jpg,844474,height,"16.5""11.8""5.9""Please refer to the size of the travel backpack before buyingReferenceT-shirt*3Pants*2Toiletries15.6 inch laptopBook*2"
91120,https://m.media-amazon.com/images/I/6168bh-AEkL.jpg,558806,height,253666.3cm (2.Sinch)3.7cm (1.4inch)1Sa50603.6cm (1.4inch)7.Scm (2.9inch)36
91121,https://m.media-amazon.com/images/I/6168bh-AEkL.jpg,558806,depth,253666.3cm (2.Sinch)3.7cm (1.4inch)1Sa50603.6cm (1.4inch)7.Scm (2.9inch)36
91122,https://m.media-amazon.com/images/I/6168ern1yhL.jpg,998545,height,"25 LB11.4""Y1.6""II8.7-25LB7.2""14.9""30 ,25 LBVINYL COATED KETTLEBELL"
91123,https://m.media-amazon.com/images/I/6168gBVhcXL.jpg,351134,height,11inch-10inch -13.3inchInterior depth16.3inchnail x 5Plastic anchor x 2Screw x 22.7inch1AinchhJinchI2inchinchFixing
91124,https://m.media-amazon.com/images/I/6168geJINML.jpg,347404,height,5.2 inch3.6 inch814.9inch6.1 inch
91125,https://m.media-amazon.com/images/I/6168hfs6wUL.jpg,784538,depth,WideSize:50Inch{~111Oxl2inch1Oxl6inch1Ox24inch1Oxl6inch1OxlZinch
91126,https://m.media-amazon.com/images/I/6168sgAWTyL.jpg,966823,height,K-cups Loading Capacity:  30 Pods=3inch15.5
91127,https://m.media-amazon.com/images/I/6168sgAWTyL.jpg,966823,width,K-cups Loading Capacity:  30 Pods=3inch15.5
91128,https://m.media-amazon.com/images/I/6168sgAWTyL.jpg,966823,depth,K-cups Loading Capacity:  30 Pods=3inch15.5
91129,https://m.media-amazon.com/images/I/6168shlgknL.jpg,944592,depth,menzerna0 150 mmPREMIUMPADMEDIUM CUTPolishing PadHOCHSTEMENZERNAQUALITAT
91130,https://m.media-amazon.com/images/I/6168shlgknL.jpg,944592,height,menzerna0 150 mmPREMIUMPADMEDIUM CUTPolishing PadHOCHSTEMENZERNAQUALITAT
91131,https://m.media-amazon.com/images/I/6168shlgknL.jpg,944592,width,menzerna0 150 mmPREMIUMPADMEDIUM CUTPolishing PadHOCHSTEMENZERNAQUALITAT
91132,https://m.media-amazon.com/images/I/6168wJOHJtL.jpg,866516,depth,16X16X16395cm5cm5cmX16X16X168034cm4cm4cmX1616X168{{3.5cm3.5cm3.5cm3
91133,https://m.media-amazon.com/images/I/6168ztvV8EL.jpg,783898,width,14.06in
91134,https://m.media-amazon.com/images/I/6168ztvV8EL.jpg,783898,depth,14.06in
91135,https://m.media-amazon.com/images/I/61691iutlAL.jpg,931856,width,14cm16cm
91136,https://m.media-amazon.com/images/I/61691iutlAL.jpg,931856,depth,14cm16cm
91137,https://m.media-amazon.com/images/I/61691ojVytS.jpg,640408,depth,"IOOML1OOML1OOMLICOML8OML8OML8OML8OML555GOML11GOML116OML11GOML11""4OML4OML4OML2OML2OML1OML1OML4OML2oML2OML1OML1OML"
91138,https://m.media-amazon.com/images/I/61691ojVytS.jpg,640408,width,"IOOML1OOML1OOMLICOML8OML8OML8OML8OML555GOML11GOML116OML11GOML11""4OML4OML4OML2OML2OML1OML1OML4OML2oML2OML1OML1OML"
91139,https://m.media-amazon.com/images/I/61691ziR+xL.jpg,362879,width,"70C<6.7cm12.64""4.3cm11.69"""
91140,https://m.media-amazon.com/images/I/61691ziR+xL.jpg,362879,depth,"70C<6.7cm12.64""4.3cm11.69"""
91141,https://m.media-amazon.com/images/I/61693zNvpVL.jpg,459271,width,5.1 ft6 ft4 ftL
91142,https://m.media-amazon.com/images/I/61693zNvpVL.jpg,459271,depth,5.1 ft6 ft4 ftL
91143,https://m.media-amazon.com/images/I/61693zNvpVL.jpg,459271,height,5.1 ft6 ft4 ftL
91144,https://m.media-amazon.com/images/I/61696DUycvL.jpg,174276,depth,5.1in8.4in-3.3in
91145,https://m.media-amazon.com/images/I/61696DUycvL.jpg,174276,width,5.1in8.4in-3.3in
91146,https://m.media-amazon.com/images/I/61697zwd-bL.jpg,119607,width,"Product DetailL1amazingyou areimportant>WELCOME HEREL11.8""/3OCM60.5cm/o.2inchStrong RopeHD PrintingThick 0.5cm131eSmartrincredibleAlovedyou9OME _"
91147,https://m.media-amazon.com/images/I/6169FZEoNTL.jpg,907907,item_weight,Product DetailNylon composite bodyWeight : 0.831bj111J4.1 inch0.8 inch
91148,https://m.media-amazon.com/images/I/6169I52cRjL.jpg,276611,height,"130 cm(51.18 inch)15 cm(5.90 inch)10 cm(3.93 inch)25 cm(9.84 inch)21.2 cmIdeal TV Size for(8.34 inch)32""| 40""[ 43""90 cm12 cm(4.72 inch)(35.43inch)25 cm(9.82 inch)Gnikaa41.3 cm12 cm15 cm(16.26 inch)(4.72 inch)(5.90 inch)130 cm(51.18 inch)"
91149,https://m.media-amazon.com/images/I/6169I52cRjL.jpg,276611,width,"130 cm(51.18 inch)15 cm(5.90 inch)10 cm(3.93 inch)25 cm(9.84 inch)21.2 cmIdeal TV Size for(8.34 inch)32""| 40""[ 43""90 cm12 cm(4.72 inch)(35.43inch)25 cm(9.82 inch)Gnikaa41.3 cm12 cm15 cm(16.26 inch)(4.72 inch)(5.90 inch)130 cm(51.18 inch)"
91150,https://m.media-amazon.com/images/I/6169LpCLIBL.jpg,178778,depth,9cm13cml7cm
91151,https://m.media-amazon.com/images/I/6169M2lCUUL.jpg,442321,width,"55""23.5""5.5'14""8.5""30'16"""
91152,https://m.media-amazon.com/images/I/6169MkZfieL.jpg,894599,width,4 in3.3in-04 in5.5 Inches Large Size Lens
91153,https://m.media-amazon.com/images/I/6169XE6kfaL.jpg,838598,height,5 inch5 inch25 inch3.94 inch
91154,https://m.media-amazon.com/images/I/6169XE6kfaL.jpg,838598,depth,5 inch5 inch25 inch3.94 inch
91155,https://m.media-amazon.com/images/I/6169Yk7Qy6L.jpg,931856,height,"15cm/5.9""95cm/3 7-9cm/3.5""7w[[0{06.5cm/2.6"""
91156,https://m.media-amazon.com/images/I/6169oxDKFfL.jpg,970563,height,"Smm/0.2""60mm/2.3""50mm/2""50mm/2""100mm/4"""
91157,https://m.media-amazon.com/images/I/6169qgcSwEL.jpg,574059,width,Perfect Size32.5cm12.79in1.2cm /0.47inMerr) Nine STATIONERY wxncoueGaan81MerrY Nine29.8cm11.73inMerTanttMerr) NineMetr) Ninc Mrrr) NineMcrr} NincMerr) Nine
91158,https://m.media-amazon.com/images/I/6169tgQFqgL.jpg,784538,depth,2125CM
91159,https://m.media-amazon.com/images/I/6169xDsypEL.jpg,801829,width,"72""66""60""6 Ft54""72 Inches48""42""36""30""24""118""12""56""6""17.71Inches20.07Inches"
91160,https://m.media-amazon.com/images/I/6169xDsypEL.jpg,801829,depth,"72""66""60""6 Ft54""72 Inches48""42""36""30""24""118""12""56""6""17.71Inches20.07Inches"
91161,https://m.media-amazon.com/images/I/616A+uN1RkL.jpg,129650,item_weight,LIGHTWEIGHT&SAVES SPACEWeight: 0.355683608040psi8212020RP1409HVLP101bar'/4-inch NPT Air inletloutleth2.87 in77.28 cmkgs_
91162,https://m.media-amazon.com/images/I/616A3X-8iAL.jpg,844474,height,"PRODUCT DIMENSIONSFREEKGHTWeight:0.33kgCapacity.20L15.8""6.3""9.8""Katont"
91163,https://m.media-amazon.com/images/I/616AB0ZGLyL.jpg,823083,depth,PRODUCT SIZE26CM8
91164,https://m.media-amazon.com/images/I/616AB0ZGLyL.jpg,823083,width,PRODUCT SIZE26CM8
91165,https://m.media-amazon.com/images/I/616ABP62nqL.jpg,470067,width,"02.2""Min.01.6""Hole DiaMax.01.97""7.2""Hole Dia4.7""044.48""1.25""24""3/8""6.3""2.4"""
91166,https://m.media-amazon.com/images/I/616ABr-OX4L.jpg,488883,depth,"4.5cm2.5cm""TeHaaSnJaiNatural HerbalFelIngredientsUaa0EnSkin& CommonnWarts Treatment20gsodWARTREMOVER OINTMENTRaaIR9: Fm@itfTag"
91167,https://m.media-amazon.com/images/I/616AF9evRbL.jpg,705487,depth,1300cmX8pcsX8pcsX8pcsIron groundWindbreakSky Curtainnail: 20cmrope: 300cmPole:200cm
91168,https://m.media-amazon.com/images/I/616AF9evRbL.jpg,705487,width,1300cmX8pcsX8pcsX8pcsIron groundWindbreakSky Curtainnail: 20cmrope: 300cmPole:200cm
91169,https://m.media-amazon.com/images/I/616AIUOfBjL.jpg,970563,height,Auxiliary diameter14mm/o.51in200/250/300/350/400mm7.87/9.84/11.8/13.77/15.74inMain diameter14mm/o.55in4mm/o.16in30mm/1.18in[33Omm/1.18in83mm/3.26in
91170,https://m.media-amazon.com/images/I/616AT7QaCvL.jpg,149159,height,15cm5.91 inch20 cm30 cm7.87 inch11.81 inch
91171,https://m.media-amazon.com/images/I/616AbWmomWL.jpg,174276,width,1.69 inches/4_3cm118
91172,https://m.media-amazon.com/images/I/616AbWmomWL.jpg,174276,height,1.69 inches/4_3cm118
91173,https://m.media-amazon.com/images/I/616AbWmomWL.jpg,174276,depth,1.69 inches/4_3cm118
91174,https://m.media-amazon.com/images/I/616AeGZmD7L.jpg,241608,width,Product model:Size: 410x340x150mm41Omm410mm340mm150mm240mm
91175,https://m.media-amazon.com/images/I/616AeGZmD7L.jpg,241608,height,Product model:Size: 410x340x150mm41Omm410mm340mm150mm240mm
91176,https://m.media-amazon.com/images/I/616AnLdzSLL.jpg,861555,width,33735cm13_5cm
91177,https://m.media-amazon.com/images/I/616Anrd6fXL.jpg,375438,width,Volumen 1.7 litros21cm14 cm13 cm
91178,https://m.media-amazon.com/images/I/616Anrd6fXL.jpg,375438,height,Volumen 1.7 litros21cm14 cm13 cm
91179,https://m.media-amazon.com/images/I/616AqOFeBKL.jpg,991868,width,2 hangendes LochLeicht zum Aufhangen an der Wand stabil8cm8cm33cm15cmHinweis: Bitte messen Sie vor dem Kauf die Einbauraumgrofse aus.
91180,https://m.media-amazon.com/images/I/616AtHpiHJL.jpg,864320,height,Shoulder width:4ScmHeight:75cmChest circumference:96cmWaistline:82cmHips:93cmAdjustable Height:125-185cm
91181,https://m.media-amazon.com/images/I/616AtHpiHJL.jpg,864320,depth,Shoulder width:4ScmHeight:75cmChest circumference:96cmWaistline:82cmHips:93cmAdjustable Height:125-185cm
91182,https://m.media-amazon.com/images/I/616Ay4spKcL.jpg,142748,width,86cm1Ocm103cm0E #1O.39kg
91183,https://m.media-amazon.com/images/I/616Ay4spKcL.jpg,142748,height,86cm1Ocm103cm0E #1O.39kg
91184,https://m.media-amazon.com/images/I/616AyDkB2RL.jpg,130202,depth,"BABCkwKELLERWILLIAMSInteral Key to Fix Arm4""x4"" Flat CapAGENT NAMEand PostSnap into the post555.555.5555FOR SALEMeunadotiteRlder Clips to HoldHeavy Duty Steel Sign6""x24"" Rider SignClips to Hang up to 24"" sigl2EHigh Quality Vinyl Post3.5""x2"" Arm End CapsWon't Peel, Pit and RotFIA"
91185,https://m.media-amazon.com/images/I/616AyDkB2RL.jpg,130202,height,"BABCkwKELLERWILLIAMSInteral Key to Fix Arm4""x4"" Flat CapAGENT NAMEand PostSnap into the post555.555.5555FOR SALEMeunadotiteRlder Clips to HoldHeavy Duty Steel Sign6""x24"" Rider SignClips to Hang up to 24"" sigl2EHigh Quality Vinyl Post3.5""x2"" Arm End CapsWon't Peel, Pit and RotFIA"
91186,https://m.media-amazon.com/images/I/616B149j4KL.jpg,823083,depth,"Sailing CultureRepresents freedom, adventure, unity117.lin/18cm5.3in/13.Scm"
91187,https://m.media-amazon.com/images/I/616B149j4KL.jpg,823083,width,"Sailing CultureRepresents freedom, adventure, unity117.lin/18cm5.3in/13.Scm"
91188,https://m.media-amazon.com/images/I/616BB+6Qr2L.jpg,276611,width,70 cm92 cm35 cm
91189,https://m.media-amazon.com/images/I/616BCOfdNrL.jpg,428871,item_weight,14-WAY ORGANIZER TOP WITHFULL-LeNGTH DIVIDERS
91190,https://m.media-amazon.com/images/I/616BDS82UPL.jpg,396026,depth,"6.22in7.Sin4.6in2.8in2.8in2.8in18""200z24=280z30 - 320zSmallMediumLarge"
91191,https://m.media-amazon.com/images/I/616BDvs4RIL.jpg,849273,height,SIZE42cm/16.Sinches3 PACKLarge Size3Ocm/ 11.8inches42cm/16.Sinches3Ocm/11.8inches6 PACK35cm/13.8inchesMedium Size3Ocm/ 11.8inches35cm/ 13.8inches3Ocm/ 11.8inches3 PACK2Ocm/7.87inchesSmall Size2Ocm/ 7.87inches3Ocm/ 11.8inches3Ocm / 11.8inches
91192,https://m.media-amazon.com/images/I/616BDvs4RIL.jpg,849273,depth,SIZE42cm/16.Sinches3 PACKLarge Size3Ocm/ 11.8inches42cm/16.Sinches3Ocm/11.8inches6 PACK35cm/13.8inchesMedium Size3Ocm/ 11.8inches35cm/ 13.8inches3Ocm/ 11.8inches3 PACK2Ocm/7.87inchesSmall Size2Ocm/ 7.87inches3Ocm/ 11.8inches3Ocm / 11.8inches
91193,https://m.media-amazon.com/images/I/616BDvs4RIL.jpg,849273,width,SIZE42cm/16.Sinches3 PACKLarge Size3Ocm/ 11.8inches42cm/16.Sinches3Ocm/11.8inches6 PACK35cm/13.8inchesMedium Size3Ocm/ 11.8inches35cm/ 13.8inches3Ocm/ 11.8inches3 PACK2Ocm/7.87inchesSmall Size2Ocm/ 7.87inches3Ocm/ 11.8inches3Ocm / 11.8inches
91194,https://m.media-amazon.com/images/I/616BK-yNdrL.jpg,648011,width,1OmmGooKNatural_DaylightsodokAuting LED BULBNaturaDavlighiLDM L19Includes natural light and daylight coolertones provide ideal reading conditions;3NATURAL DAYLIGHT
91195,https://m.media-amazon.com/images/I/616BK-yNdrL.jpg,648011,depth,1OmmGooKNatural_DaylightsodokAuting LED BULBNaturaDavlighiLDM L19Includes natural light and daylight coolertones provide ideal reading conditions;3NATURAL DAYLIGHT
91196,https://m.media-amazon.com/images/I/616BK-yNdrL.jpg,648011,height,1OmmGooKNatural_DaylightsodokAuting LED BULBNaturaDavlighiLDM L19Includes natural light and daylight coolertones provide ideal reading conditions;3NATURAL DAYLIGHT
91197,https://m.media-amazon.com/images/I/616BMDmzw9L.jpg,522832,height,"11Desmontable1724.3609Drenaje 360Gran CapacidadMaterial EngrosadoKGFacil InstalacionVentilacionCojinete de Carga Fuerte36cm ,.65inScm.17in"
91198,https://m.media-amazon.com/images/I/616BMKME4+L.jpg,386873,item_weight,"6.1inch HD ScreenMany functions, you can watch video, listen to musicA1191219""SearchCalculateyMusig32VdecePuy JueSeube RecorderGallelyEw RacieSerlc;9 0 0 0Dowilcdsud Re _"
91199,https://m.media-amazon.com/images/I/616BPOelf5L.jpg,752266,width,"5711.8 in/3Ocm25.2 in/64cmCanopy diameter: 13 in/33cmSPECIFICATIONSPower Input: 110-265V, 50/60HZWind Speed: 6 LevelsMaterial: Metal, AcrylicCCT: 3000k-6500kControl Method: Remote/APP ControlApplicable Area:15-25M"
91200,https://m.media-amazon.com/images/I/616BVxQccKL.jpg,846116,height,10.3cm/3.9inch5.9cm/2.3inch'BfwuNote:The antenna signal amplifieris notequipped withan antennaXVAVIdIH AQINYuuoisn)punosoine
91201,https://m.media-amazon.com/images/I/616BWjpix4L.jpg,849273,width,SIZE35CM35CM15CM15CM6PCS6PCS4.5CM9.5CM1PCS12PCS
91202,https://m.media-amazon.com/images/I/616BWjpix4L.jpg,849273,height,SIZE35CM35CM15CM15CM6PCS6PCS4.5CM9.5CM1PCS12PCS
91203,https://m.media-amazon.com/images/I/616BWjpix4L.jpg,849273,depth,SIZE35CM35CM15CM15CM6PCS6PCS4.5CM9.5CM1PCS12PCS
91204,https://m.media-amazon.com/images/I/616BaEfMbNL.jpg,928606,depth,3 Sizes to Choose60IOcmIlcm12.Icm4 Cup6Cup9 Cup
91205,https://m.media-amazon.com/images/I/616Bduwlu-L.jpg,776220,depth,"Easy t0 carryweight: 80z16 1/10"""
91206,https://m.media-amazon.com/images/I/616Bduwlu-L.jpg,776220,height,"Easy t0 carryweight: 80z16 1/10"""
91207,https://m.media-amazon.com/images/I/616BeaiSvHL.jpg,365756,height,"Product Size5.12""Dimensions:7.5""*2.0""*5.12""2.0""Volume:IL7.5""5.12""7.5"""
91208,https://m.media-amazon.com/images/I/616Bk4rKaJL.jpg,751532,height,60815 cm+I-2 cmcm200180cmcm214187cm
91209,https://m.media-amazon.com/images/I/616BoHNMoAL.jpg,488883,height,6845 cm
91210,https://m.media-amazon.com/images/I/616BoHNMoAL.jpg,488883,depth,6845 cm
91211,https://m.media-amazon.com/images/I/616BqYhj7BL.jpg,827377,width,SUPER:LctraSU 926U .'.1Cable2m/6.56ftHe3811881:1L6.5cm/2.56in3.Icml1.22in
91212,https://m.media-amazon.com/images/I/616Br0ifNyL.jpg,648011,height,2.7in4000KNatural WhiteCRI8025000hrs5.4inWattage6/14/20wMLumens500/1600/2200MayJazzVoltage120vV/60HZWatts EquivSo/1oo/150wLED 3-Way Light BulbsENERGY SAVINGThe light is softand does not irritate the eyes
91213,https://m.media-amazon.com/images/I/616Br0ifNyL.jpg,648011,depth,2.7in4000KNatural WhiteCRI8025000hrs5.4inWattage6/14/20wMLumens500/1600/2200MayJazzVoltage120vV/60HZWatts EquivSo/1oo/150wLED 3-Way Light BulbsENERGY SAVINGThe light is softand does not irritate the eyes
91214,https://m.media-amazon.com/images/I/616BsviueaL.jpg,351134,depth,112.752.38.96'
91215,https://m.media-amazon.com/images/I/616BsviueaL.jpg,351134,height,112.752.38.96'
91216,https://m.media-amazon.com/images/I/616C3vNqOGL.jpg,594224,height,8cm1OcmSawea
91217,https://m.media-amazon.com/images/I/616C3vNqOGL.jpg,594224,depth,8cm1OcmSawea
91218,https://m.media-amazon.com/images/I/616C7cTWQ6L.jpg,107694,depth,"C1.07 m42""DesiwaySUMMERFLAVORS""T | 0"
91219,https://m.media-amazon.com/images/I/616C7cTWQ6L.jpg,107694,width,"C1.07 m42""DesiwaySUMMERFLAVORS""T | 0"
91220,https://m.media-amazon.com/images/I/616C7cTWQ6L.jpg,107694,height,"C1.07 m42""DesiwaySUMMERFLAVORS""T | 0"
91221,https://m.media-amazon.com/images/I/616CN1l0n+L.jpg,881883,depth,EXCLUSIVEHOMETWO CURTAINS INCLUDED52 IN (132 CM)52 IN (132 CM)84 IN (213 CM)84 IN (213 CM)
91222,https://m.media-amazon.com/images/I/616CQ4HXfbL.jpg,478357,width,"30""Height23.5""23.5""DepthWidth"
91223,https://m.media-amazon.com/images/I/616CT9TRhfL.jpg,130202,depth,"Thickness: 0.6mm / 0.02""Ceme in we'reIOPEN30cm / 11.81"""
91224,https://m.media-amazon.com/images/I/616CYbHzkzL.jpg,810266,width,14cm9.5cm
91225,https://m.media-amazon.com/images/I/616CYbHzkzL.jpg,810266,depth,14cm9.5cm
91226,https://m.media-amazon.com/images/I/616CcQV7q1L.jpg,204245,height,22 INCH8SS82 INCH1V60 INCH15 INCH15 INCH
91227,https://m.media-amazon.com/images/I/616Cr26Ym4L.jpg,611510,height,"PRODUCTDIMENSIONCounter-heightbar stoolo33.8Weight Capacity300 Ibs24to Assemble15.8Easy20 """
91228,https://m.media-amazon.com/images/I/616Cr26Ym4L.jpg,611510,width,"PRODUCTDIMENSIONCounter-heightbar stoolo33.8Weight Capacity300 Ibs24to Assemble15.8Easy20 """
91229,https://m.media-amazon.com/images/I/616Cs0LldLL.jpg,838598,height,Sinch1.Sinch25inch3.Sinch0.5inch3.Sinch
91230,https://m.media-amazon.com/images/I/616Cs0LldLL.jpg,838598,width,Sinch1.Sinch25inch3.Sinch0.5inch3.Sinch
91231,https://m.media-amazon.com/images/I/616Csaty5qL.jpg,178958,height,48cm51.5cm29.5cm
91232,https://m.media-amazon.com/images/I/616Csaty5qL.jpg,178958,width,48cm51.5cm29.5cm
91233,https://m.media-amazon.com/images/I/616CuQSfEeL.jpg,784538,depth,50inch60inch
91234,https://m.media-amazon.com/images/I/616CwnSRvgL.jpg,113134,height,Ergonomic HandleFully Stretch Your Palm t0 Savve EffortL:10 cm(3.9 in)W:9 cm(3.5 in)SIZEH:6.4 cm(2.5 in)Palm ShapeLarger Hand Rest8ses
91235,https://m.media-amazon.com/images/I/616CxgVEmhL.jpg,701880,maximum_weight_recommendation,"Leofoto""CNC HORIZONTAL PANORAMIC CARBON FIBER CENTER COLUMN SYSTEMHC-32Specs:Product list:Height:  610mm1. Toothed lock systemWeight:   520g2. Carbon fiber center columnanti-twist grooveTube diameter:32mm3. Mounting platform with 3 set screwsMax load for reference: 0~12kg4. Weight hookPanning base diameter:    46mm5. Reversible 1/4"" &3/8"" studMounting platform diameter:  54mmAllen wrenchwith"
91236,https://m.media-amazon.com/images/I/616CxgVEmhL.jpg,701880,item_weight,"Leofoto""CNC HORIZONTAL PANORAMIC CARBON FIBER CENTER COLUMN SYSTEMHC-32Specs:Product list:Height:  610mm1. Toothed lock systemWeight:   520g2. Carbon fiber center columnanti-twist grooveTube diameter:32mm3. Mounting platform with 3 set screwsMax load for reference: 0~12kg4. Weight hookPanning base diameter:    46mm5. Reversible 1/4"" &3/8"" studMounting platform diameter:  54mmAllen wrenchwith"
91237,https://m.media-amazon.com/images/I/616D9B5t6AL.jpg,558806,depth,"4.9""2.5""1.4""1.7""5.5""1.9""1,.2""95.9""1.7""1.7""9"
91238,https://m.media-amazon.com/images/I/616D9oPRwDS.jpg,781426,height,"width 28""35"
91239,https://m.media-amazon.com/images/I/616D9oPRwDS.jpg,781426,width,"width 28""35"
91240,https://m.media-amazon.com/images/I/616DAgf+bpL.jpg,416664,width,Das aufgeristete groBe Solarpanel4*4CMHotrUnser Neuester EntwurfAndere VerkauferBlitzzeit: 8-12 StundenBlitzzeit: < 8 StundenSchnelle Vollladung: 4-6 StundenSchnelle Vollladung8 StundenSonnenkollektor: 3.7V 1400MASonnenkollektor: 2V 60MABeleuchtungs-Modus: 8 ModiBeleuchtungs-Modus: NeinHelligkeit: EinstellbarDas originellste Design
91241,https://m.media-amazon.com/images/I/616DAgf+bpL.jpg,416664,height,Das aufgeristete groBe Solarpanel4*4CMHotrUnser Neuester EntwurfAndere VerkauferBlitzzeit: 8-12 StundenBlitzzeit: < 8 StundenSchnelle Vollladung: 4-6 StundenSchnelle Vollladung8 StundenSonnenkollektor: 3.7V 1400MASonnenkollektor: 2V 60MABeleuchtungs-Modus: 8 ModiBeleuchtungs-Modus: NeinHelligkeit: EinstellbarDas originellste Design
91242,https://m.media-amazon.com/images/I/616DIZizNiL.jpg,178778,height,Size01L4.4inchl11.2cm10.5inch/26.5cm
91243,https://m.media-amazon.com/images/I/616DKOPuCwL.jpg,483370,height,13inch5.1inch9.4inch
91244,https://m.media-amazon.com/images/I/616DRjAUHJL.jpg,892291,item_weight,DURABLE BOXUDoti2048 AIReIntelligence ChipAutomotive RepairABS MaterialLCD DisplaymonitorCable Length:LCD Display Status23.6FT3
91245,https://m.media-amazon.com/images/I/616DRjAUHJL.jpg,892291,wattage,DURABLE BOXUDoti2048 AIReIntelligence ChipAutomotive RepairABS MaterialLCD DisplaymonitorCable Length:LCD Display Status23.6FT3
91246,https://m.media-amazon.com/images/I/616DTiy6sYL.jpg,347404,height,Ceramic TrayDrainage  Hole8 inZ=2.36 in3Ceramic Pots
91247,https://m.media-amazon.com/images/I/616DTiy6sYL.jpg,347404,depth,Ceramic TrayDrainage  Hole8 inZ=2.36 in3Ceramic Pots
91248,https://m.media-amazon.com/images/I/616DTiy6sYL.jpg,347404,width,Ceramic TrayDrainage  Hole8 inZ=2.36 in3Ceramic Pots
91249,https://m.media-amazon.com/images/I/616DWg16Q4L.jpg,436746,height,"01-5/8""5-1/2""15-1/2""E26 Socket Ring Not Included"
91250,https://m.media-amazon.com/images/I/616DWg16Q4L.jpg,436746,depth,"01-5/8""5-1/2""15-1/2""E26 Socket Ring Not Included"
91251,https://m.media-amazon.com/images/I/616DY1F3krL.jpg,200507,height,0.4 inch10.2 inch_1.4 inch15.3 inch35.4 inch0.7 inch20.8 inch10.6_inch8.85 inch23.42 inch
91252,https://m.media-amazon.com/images/I/616DZxrwQ5L.jpg,861555,height,3.9in/10.Ocm7.9in/20.0cm4.7in/12.0cm
91253,https://m.media-amazon.com/images/I/616DePM6olL.jpg,881883,width,CARE INSTRUCTIONS372in30MachineDo notDo NotBelowDo notWashablebleachTumble Dry110*CcleanDry
91254,https://m.media-amazon.com/images/I/616DePM6olL.jpg,881883,depth,CARE INSTRUCTIONS372in30MachineDo notDo NotBelowDo notWashablebleachTumble Dry110*CcleanDry
91255,https://m.media-amazon.com/images/I/616Djx8RRhL.jpg,816782,depth,PRODUCT SIZE2PCg35320in / S1cm16in / 41cm
91256,https://m.media-amazon.com/images/I/616Dn-Q56yL.jpg,752266,height,Dimensions15.75in3.6inTop view2.4inSide viewSpecificationsdimmablecordless & wirelessrechargeablewarroogght3.5 W & 27 LmAluminum1
91257,https://m.media-amazon.com/images/I/616DsP1neSL.jpg,357074,height,6ezcdorange0ez001yellow6ez^purple6z^)red0.98inch/2.5cm0.98inch/2.Scm
91258,https://m.media-amazon.com/images/I/616Dt43HeyL.jpg,752266,depth,13.7in/35cm31.5in/80cm2 PCS
91259,https://m.media-amazon.com/images/I/616Dt43HeyL.jpg,752266,width,13.7in/35cm31.5in/80cm2 PCS
91260,https://m.media-amazon.com/images/I/616Du-x15dL.jpg,858439,width,8Omm60mm
91261,https://m.media-amazon.com/images/I/616Du-x15dL.jpg,858439,depth,8Omm60mm
91262,https://m.media-amazon.com/images/I/616Dy4pHDUL.jpg,478357,width,"59.1""0.6""3.7""17.6""31.7""1.7""58.5""13.44""1.6""6.1"
91263,https://m.media-amazon.com/images/I/616DzIdiSrL.jpg,966823,height,"09919.75""2.75""DURABLE CRYSTALEASY CLEANSAFE 100% BPACLEAR MATERIALHAND WASH& TOXIN FREE14"""
91264,https://m.media-amazon.com/images/I/616E+6Zq23L.jpg,611510,height,"ISIZEINFORMATION12""18""14""34""24""8'19""19"""
91265,https://m.media-amazon.com/images/I/616E1ZYr5bL.jpg,174276,width,SIZEDETAILNAPKIN RINGS{1In One Size64.Ocm/1.57in)4.5cm/1.77in6/12/24PcsEco-friendlyPackingDurable MetalWeight: 15gRing
91266,https://m.media-amazon.com/images/I/616E3ta--FL.jpg,681045,width,"13.2""20.0""9.0"""
91267,https://m.media-amazon.com/images/I/616E3ta--FL.jpg,681045,depth,"13.2""20.0""9.0"""
91268,https://m.media-amazon.com/images/I/616E3ta--FL.jpg,681045,width,"13.2""20.0""9.0"""
91269,https://m.media-amazon.com/images/I/616EGJivdZL.jpg,288715,item_weight,SONY(eamount&2 5/8in.45/8 in:113/16 in:Sensor typePixcel countWeightAPS-C typeApproxApproxExmor CMOS24.2MP12.1Oz_sensor(effective)(with battery & memory card)
91270,https://m.media-amazon.com/images/I/616EGNR7puL.jpg,416664,height,15cm/6 inch51esdLOl<
91271,https://m.media-amazon.com/images/I/616EGNR7puL.jpg,416664,depth,15cm/6 inch51esdLOl<
91272,https://m.media-amazon.com/images/I/616EJQsfvzL.jpg,558806,depth,9cmBIRTHDAY9cm2PCS1.5mmkapna
91273,https://m.media-amazon.com/images/I/616EJQsfvzL.jpg,558806,height,9cmBIRTHDAY9cm2PCS1.5mmkapna
