index,image_link,group_id,entity_name,e
99674,https://m.media-amazon.com/images/I/61BBbSLN3WL.jpg,849273,depth,3.2in2.7inSEthe max high is 3.2in
99675,https://m.media-amazon.com/images/I/61BBbSLN3WL.jpg,849273,height,3.2in2.7inSEthe max high is 3.2in
99676,https://m.media-amazon.com/images/I/61BBblKkB3L.jpg,883361,depth,"Meet the Chamos Montessori PlacematNon-slip grip keepsHole forthe placematHehahanginginplace15.9"" x 11.8""100% foodgrade siliconeOutlines let kidsRaised edgesknow wherecontaineverything goes.the mess"
99677,https://m.media-amazon.com/images/I/61BBkAykBhL.jpg,140266,height,"5.2""4in1.6""Gin9.5""8in12in"
99678,https://m.media-amazon.com/images/I/61BBmhaityL.jpg,296366,item_weight,"Auto-selected current forspeedy chargingItintelligently select the charging current in mode 0.5A*2, 1A*2 and 2A*1, andfull charge18850 2500mAh battery as fast as 1.5 hours with 2A current.0,5A26h1A * 23h3822A1.5hwill231""88884321""88884EIXGL"
99679,https://m.media-amazon.com/images/I/61BBpa2nvTL.jpg,883361,depth,4.7inDouble-layer thick designFits perfectly under your glassware
99680,https://m.media-amazon.com/images/I/61BBpa2nvTL.jpg,883361,height,4.7inDouble-layer thick designFits perfectly under your glassware
99681,https://m.media-amazon.com/images/I/61BBpa2nvTL.jpg,883361,width,4.7inDouble-layer thick designFits perfectly under your glassware
99682,https://m.media-amazon.com/images/I/61BBuHSQDWL.jpg,529606,depth,100% SOYWAXVanilla Scented5~2 inHand Made2.56 ozleach
99683,https://m.media-amazon.com/images/I/61BBuHSQDWL.jpg,529606,width,100% SOYWAXVanilla Scented5~2 inHand Made2.56 ozleach
99684,https://m.media-amazon.com/images/I/61BC4xlzDJL.jpg,192915,height,DOUBLE TOGGLESingle switch/double socketlswitch+socketlsocket+USB83.14in0.23inPlease make sure to check your size before purchase.
99685,https://m.media-amazon.com/images/I/61BC4xlzDJL.jpg,192915,width,DOUBLE TOGGLESingle switch/double socketlswitch+socketlsocket+USB83.14in0.23inPlease make sure to check your size before purchase.
99686,https://m.media-amazon.com/images/I/61BCAU7T2AL.jpg,656960,depth,5.5 inch5 inch
99687,https://m.media-amazon.com/images/I/61BCAU7T2AL.jpg,656960,width,5.5 inch5 inch
99688,https://m.media-amazon.com/images/I/61BCHVyVElL.jpg,478357,height,18cm60cm72cm134cm60 cm18cm
99689,https://m.media-amazon.com/images/I/61BCLciBS0L.jpg,468581,item_volume,"DECOYCalifornia2020PINOTNOIREstablished more than 30 years ago by legendary vintners Danand Margaret Duckhorn, our roots run deep at Decoy: Fromvine to bottle, we craft our wines to the highest standards,using grapes from exceptional vineyards, including from ourown estateproperties We hope that you enjoy sharing thiswine with your friends and family as much as we do with ours.T H ED U C K H 0 R NP 0 R T F 0 L I 0To learn about our Duckhorn portfolio of wines:(707) 945-1812DecoyWines.comCELLARED AND BOTTLED BY DECOY, HOPLAND, CAGOVERNMENT WARNING: (7 ) ACCORDING TOTHESURGEON GENERAL, WOMEN SHOULD8NOT DRINK ALCOHOLIC beverageS DURING pregnancy because OF tHE RISK OFBIRTH  deFECTS. (2) CONSUMPTION OF ALCOHOLIC  BEVERAGES IMPAIRS   YOUR{AbiLITy TO DRIVE A CAR OR OpERATE MACHINERV,AND MAY CAuSE HEALTH PROBLEMS.750MLALc 13.9% BY VOLCONTAINS SULFITES"
99690,https://m.media-amazon.com/images/I/61BCMkPnazL.jpg,237000,depth,SIZECHART@ULength:79'3Jw_)Size:LargeBack Width:18-26in(46-66cm)BackHeight:18-40in(46-102cm)3Seat Length:15-26in(38-66cm)Seat Width:18-26in(46-66cm)Width:21
99691,https://m.media-amazon.com/images/I/61BCMkPnazL.jpg,237000,height,SIZECHART@ULength:79'3Jw_)Size:LargeBack Width:18-26in(46-66cm)BackHeight:18-40in(46-102cm)3Seat Length:15-26in(38-66cm)Seat Width:18-26in(46-66cm)Width:21
99692,https://m.media-amazon.com/images/I/61BCMw5XW1S.jpg,881883,height,FIND THE PERFECT FIT45in (114CM)54in (137CM)63in (160CM)Please allow slightdeviationdue to differentmeasurement.72in (183CM)FLOOR84in (214CM)
99693,https://m.media-amazon.com/images/I/61BCTvKODyL.jpg,599772,width,Product size0.23 in17 in0.5 in2.1 in1.6 in1.6 inin1.6 in3.7 in7.4 in3.7 in1.6
99694,https://m.media-amazon.com/images/I/61BCW2ZLhlL.jpg,514726,depth,Three SizeThe Perfect Size For YouFinest SewingPrecision Fit20inch)Standard 26 inchQueen 30 inchKing 40 inch
99695,https://m.media-amazon.com/images/I/61BCuYLPV+L.jpg,237000,width,808h 6-875 cm300cmcm30075 cm
99696,https://m.media-amazon.com/images/I/61BCxg+0GdL.jpg,849273,width,30cm20cm
99697,https://m.media-amazon.com/images/I/61BCxg+0GdL.jpg,849273,depth,30cm20cm
99698,https://m.media-amazon.com/images/I/61BD04DGcYL.jpg,625310,width,0FCCNQAVRZRPLalsg8mTronsmart6(cfe&RoHS8n182202221169.Smm / 6.67inch40.Zmm1.6inch
99699,https://m.media-amazon.com/images/I/61BD04DGcYL.jpg,625310,height,0FCCNQAVRZRPLalsg8mTronsmart6(cfe&RoHS8n182202221169.Smm / 6.67inch40.Zmm1.6inch
99700,https://m.media-amazon.com/images/I/61BD0U-gBhL.jpg,516127,height,LxHxW-26cmxlScmxlIcm/ 10.2inx5.9inx4.3in
99701,https://m.media-amazon.com/images/I/61BD0U-gBhL.jpg,516127,width,LxHxW-26cmxlScmxlIcm/ 10.2inx5.9inx4.3in
99702,https://m.media-amazon.com/images/I/61BD4ELET8L.jpg,434825,depth,"300 Pack3 Sizepoo ,16.7 inchpi0O0pieces100[20.5 inch9.8 inch"
99703,https://m.media-amazon.com/images/I/61BD4x9fr5L.jpg,656960,depth,Product Size71617cm(6.Sinch)12cm(Sinch)9.2cm(3.8inch)
99704,https://m.media-amazon.com/images/I/61BD8fOkm3L.jpg,913156,height,2.17 in2.17 in2in313.6
99705,https://m.media-amazon.com/images/I/61BDDqkrC3S.jpg,311997,height,"60cm/23.62""elet;18.5cm/7.28""20cm/7.87""29cm/11.42""95cm/37.40""29cm/11.42""18.Scm/7.28""50cm/19.69"""
99706,https://m.media-amazon.com/images/I/61BDGWBgc5L.jpg,276611,height,77.4cm1Ocm39.5cm
99707,https://m.media-amazon.com/images/I/61BDKVRm7wL.jpg,174276,depth,6 PIECES3g4cm/1.S7in
99708,https://m.media-amazon.com/images/I/61BDKmaSjAL.jpg,693967,item_volume,"REDKEN5 ThAVENU ENYCacidicbondingconcentrateleave-in treatmenttraitement sans rincageintense conditioning;heat protection,stylingaidhydratation intense,protectioncontrela chaleur;aideau coiffageregimen forlgamme pour:demanding;processedhaircheveuxexigeants,traitesensalonCITRIC ACID+SALON%EXPERT5bondingCONCENTRATIONcarecomplex1floz 30mle"
99709,https://m.media-amazon.com/images/I/61BDNOtv+ZL.jpg,524117,width,PRODUCT DIMENSIONS313155cm/61in64cm/25.2in
99710,https://m.media-amazon.com/images/I/61BDO-d-AML.jpg,480845,height,37 @37 @103 cm37 @61 @38 cm41 cm
99711,https://m.media-amazon.com/images/I/61BDSZcqEOS.jpg,752266,depth,14 cm14 cm
99712,https://m.media-amazon.com/images/I/61BDSZcqEOS.jpg,752266,width,14 cm14 cm
99713,https://m.media-amazon.com/images/I/61BDUaaMpfL.jpg,521308,height,"DESCRIPTIONDIMENSIONWxDxh )MATERIALSSofa71 1/2X32X35""HFaux LeatherChaise74 1/2x32X35""HHigh QualityOttoman37X24 1/2X16 1/2""HMicrofiber74 1/2103 1/2{{55372471 1/21/2"
99714,https://m.media-amazon.com/images/I/61BDWDAhBLL.jpg,752266,height,Product Size4.3in-7 |8in10.82in
99715,https://m.media-amazon.com/images/I/61BDYGs7csL.jpg,931856,width,ApcsI4.72in/12cm10.23in/26cm
99716,https://m.media-amazon.com/images/I/61BDYGs7csL.jpg,931856,depth,ApcsI4.72in/12cm10.23in/26cm
99717,https://m.media-amazon.com/images/I/61BDm7qHWnL.jpg,292475,height,"20OzNormal Capacity22OzLimit Capacity6""2.7""OXNon-ToxicOven SafeMicrowave SafeDishwasher Safe"
99718,https://m.media-amazon.com/images/I/61BDm7qHWnL.jpg,292475,depth,"20OzNormal Capacity22OzLimit Capacity6""2.7""OXNon-ToxicOven SafeMicrowave SafeDishwasher Safe"
99719,https://m.media-amazon.com/images/I/61BDqRB2XhL.jpg,254046,item_weight,80The FPS UPtOABOUT %61 ShootSUPt0300 GeL BALLS PER MIN4IIL70FT
99720,https://m.media-amazon.com/images/I/61BDtQ6GcEL.jpg,801829,height,59cm16d49cm5061c14dm41mS7cIc87cm78cm40cm36cm
99721,https://m.media-amazon.com/images/I/61BDwrUTtSL.jpg,916768,height,24pcs8.9cm/3.5in14.5cm/5.Zin1412.6cm/4.96inthank youthank youthank you2Apcsthank youthankthank you16.7cmthank you3.8cm/1.Sin6.57inthank youthank youthank you3.8cm/1.5inthank youthank youthank youScm/5.7inYou _
99722,https://m.media-amazon.com/images/I/61BE-Na0+NS.jpg,296275,height,"Boom size can be customized45cmlcm=0.4""60cm/80cm/100cm/ 120cm1"
99723,https://m.media-amazon.com/images/I/61BEAMY30xL.jpg,801829,height,"23.25""F19.25""38.5""219.25E19.25""19.25""23""1DESIGNED AND ENGINEERED IN THE USABLACK SIERRAEQIPMENT"
99724,https://m.media-amazon.com/images/I/61BEEPftOqL.jpg,589105,depth,Mav01Wide 52cm
99725,https://m.media-amazon.com/images/I/61BEEPftOqL.jpg,589105,width,Mav01Wide 52cm
99726,https://m.media-amazon.com/images/I/61BEIMOAMCL.jpg,623491,depth,Suit forCID Cup2.9inchAdjustable length3.15inch4.3inch
99727,https://m.media-amazon.com/images/I/61BELqGippL.jpg,178778,height,Product Specification10T*#2.8in/7cm5.9in/15cm
99728,https://m.media-amazon.com/images/I/61BEQfRfxCL.jpg,284992,height,"11.1inch8inch(28cm)(20cm)J ' ""11. 1inch(28cm)21 . 7inch(55cm)"
99729,https://m.media-amazon.com/images/I/61BERfN3YKL.jpg,347404,width,6in4.1inL4.3in3.2inM3.5in0.6inS2.8in0.4in5.1in5.5in3.4in0.4in3.7in2.75in2.95inMaximumMaximumwater capacity3.4inwater capacity2.2inMaximum240z6.80zwater capacity2in3.90z4.3in3in2.4in
99730,https://m.media-amazon.com/images/I/61BEad7m7eL.jpg,342931,height,BIGBIGBIGSPOONULASPATULASLOTTED TURNER27.5 cm27.5 cm30 cm10.8 in10.8 in11.8 in1351:5610386 cm / 2.4in5.5 cm | 2.2 in8 cm | 31in
99731,https://m.media-amazon.com/images/I/61BEaqSHVGL.jpg,916768,height,SIZEYERAOLIVIA JAR850MLPISTA GREENSET OF 2PCS.125mm110mm
99732,https://m.media-amazon.com/images/I/61BEaqSHVGL.jpg,916768,depth,SIZEYERAOLIVIA JAR850MLPISTA GREENSET OF 2PCS.125mm110mm
99733,https://m.media-amazon.com/images/I/61BEbYse8aL.jpg,308430,depth,13cm5
99734,https://m.media-amazon.com/images/I/61BEbYse8aL.jpg,308430,height,13cm5
99735,https://m.media-amazon.com/images/I/61BEblYTvqL.jpg,558806,height,59inchQ4Oinch18h168
99736,https://m.media-amazon.com/images/I/61BEblYTvqL.jpg,558806,depth,59inchQ4Oinch18h168
99737,https://m.media-amazon.com/images/I/61BEcdlZNbL.jpg,478357,width,"Height Adjustable25.6""20.47""11.8""17.7"""
99738,https://m.media-amazon.com/images/I/61BEcdlZNbL.jpg,478357,height,"Height Adjustable25.6""20.47""11.8""17.7"""
99739,https://m.media-amazon.com/images/I/61BEdN4QPPL.jpg,437623,depth,"17*24""1-Pack"
99740,https://m.media-amazon.com/images/I/61BEdN4QPPL.jpg,437623,height,"17*24""1-Pack"
99741,https://m.media-amazon.com/images/I/61BEgXW5vHL.jpg,362818,width,+1X:4143x43cmAxwMADE IN JAPAN)0*47803
99742,https://m.media-amazon.com/images/I/61BEgXW5vHL.jpg,362818,height,+1X:4143x43cmAxwMADE IN JAPAN)0*47803
99743,https://m.media-amazon.com/images/I/61BEmiUWsVL.jpg,784538,depth,"Set of 3 printsForknow the planshavef8 X 10 inches in sizeUnframed printsFaithNou faith is the substance1High precision printing usingof things hoped for,the9state of the high-resolution imageevidence of things not seen.Comes off the press with UVresistant inksHEBREWS I1:I1Have a unique sheenPearl Art Paper8 inchesYtepe"
99744,https://m.media-amazon.com/images/I/61BEmiUWsVL.jpg,784538,width,"Set of 3 printsForknow the planshavef8 X 10 inches in sizeUnframed printsFaithNou faith is the substance1High precision printing usingof things hoped for,the9state of the high-resolution imageevidence of things not seen.Comes off the press with UVresistant inksHEBREWS I1:I1Have a unique sheenPearl Art Paper8 inchesYtepe"
99745,https://m.media-amazon.com/images/I/61BEpT-jX-L.jpg,790427,height,Larger Build VolumeThe 300*300*320 mm build volume enableslarge model printing and small parts printing at a time1CneaktCREALIt]300mmz0om
99746,https://m.media-amazon.com/images/I/61BEqhZDLbL.jpg,478357,width,4OCM4OCMOCM36CM{
99747,https://m.media-amazon.com/images/I/61BEqrj+aXL.jpg,130591,width,12cm1OcmKG1.84 kg32cmGENIESSEN SIE IHREN CAMPING TRIP17cm190cm129cm
99748,https://m.media-amazon.com/images/I/61BEx7ZaCRL.jpg,858439,width,25mm25mm115mm115mm69mm69mm
99749,https://m.media-amazon.com/images/I/61BF19hmKpL.jpg,178778,height,Size and ColerLaD;Ofno026cmK0#amoMANStrose 1
99750,https://m.media-amazon.com/images/I/61BF19hmKpL.jpg,178778,depth,Size and ColerLaD;Ofno026cmK0#amoMANStrose 1
99751,https://m.media-amazon.com/images/I/61BF3BOIZPL.jpg,648011,height,14mm/o.Sin12^8
99752,https://m.media-amazon.com/images/I/61BF3BOIZPL.jpg,648011,depth,14mm/o.Sin12^8
99753,https://m.media-amazon.com/images/I/61BFBY6-OHL.jpg,711228,depth,"MagneticLIDSopen and close5.5""140 mm2.5""63 mmEasy"
99754,https://m.media-amazon.com/images/I/61BFBY6-OHL.jpg,711228,height,"MagneticLIDSopen and close5.5""140 mm2.5""63 mmEasy"
99755,https://m.media-amazon.com/images/I/61BFGIVTA3L.jpg,357074,width,"10cm2,5cm2,5 cm"
99756,https://m.media-amazon.com/images/I/61BFGSdt7nL.jpg,529606,width,"1""1.5"""
99757,https://m.media-amazon.com/images/I/61BFGSdt7nL.jpg,529606,depth,"1""1.5"""
99758,https://m.media-amazon.com/images/I/61BFGSzmjkL.jpg,479564,item_weight,Short 5-pin sightLength: 16cm Weight: 180gFor left and right hands5-core 0.019 imported fiberHorizontal and vertical fine adjustmentCNC aluminumprocessingalloy
99759,https://m.media-amazon.com/images/I/61BFJIPVXrL.jpg,430434,depth,1Sin37mml1_71mm/2.8in
99760,https://m.media-amazon.com/images/I/61BFJIPVXrL.jpg,430434,width,1Sin37mml1_71mm/2.8in
99761,https://m.media-amazon.com/images/I/61BFNw2IEXL.jpg,801829,depth,"Stvffed withand surprisingly tough.Safety-Lock22""pvff29""32"""
99762,https://m.media-amazon.com/images/I/61BFR1GXXjL.jpg,752266,depth,15.5ft35 in5.5in12.2 in
99763,https://m.media-amazon.com/images/I/61BFR1GXXjL.jpg,752266,width,15.5ft35 in5.5in12.2 in
99764,https://m.media-amazon.com/images/I/61BFS54PkJL.jpg,396159,depth,"BATH SHEET40""x7o""BATH TOWEL30X56""coverwdeRull-ctewel"
99765,https://m.media-amazon.com/images/I/61BFS54PkJL.jpg,396159,height,"BATH SHEET40""x7o""BATH TOWEL30X56""coverwdeRull-ctewel"
99766,https://m.media-amazon.com/images/I/61BFWmq5TDL.jpg,895485,height,216mm0a Nseres330mm173mm6115.9kgT7KINGSI20AhLNMMLfI =BATTERYLtum(onwcTgCAUTOK
99767,https://m.media-amazon.com/images/I/61BFXIFQBkL.jpg,120219,height,#at77ho1-60€16h83t0(tr2t21)|#l791t5986J1e18cmrizkltittnrtpt-rb oaeULRTST26cm38cm
99768,https://m.media-amazon.com/images/I/61BFZHltUZL.jpg,507619,width,"15.75'Replaceablemachine washable15.75""11.8145.28""1more cushionChic & Modern23.62'"
99769,https://m.media-amazon.com/images/I/61BFnH2hGjL.jpg,366962,height,IInTheofficeYour office solutions@75 inches
99770,https://m.media-amazon.com/images/I/61BFnH2hGjL.jpg,366962,depth,IInTheofficeYour office solutions@75 inches
99771,https://m.media-amazon.com/images/I/61BFos35Z8L.jpg,931856,width,8Ocm1.S5kg
99772,https://m.media-amazon.com/images/I/61BFos35Z8L.jpg,931856,depth,8Ocm1.S5kg
99773,https://m.media-amazon.com/images/I/61BFos35Z8L.jpg,931856,height,8Ocm1.S5kg
99774,https://m.media-amazon.com/images/I/61BFqJ0NMHL.jpg,913156,depth,"FlickeringLed CandleIncluded9""+VOTIVE CUP+BATTERIES4.2"""
99775,https://m.media-amazon.com/images/I/61BFqJ0NMHL.jpg,913156,height,"FlickeringLed CandleIncluded9""+VOTIVE CUP+BATTERIES4.2"""
99776,https://m.media-amazon.com/images/I/61BFuHZUanL.jpg,658003,width,3.1 in / 8 cm12.9 in / 33 cm
99777,https://m.media-amazon.com/images/I/61BFuHZUanL.jpg,658003,depth,3.1 in / 8 cm12.9 in / 33 cm
99778,https://m.media-amazon.com/images/I/61BG0xtppoL.jpg,801829,height,"44""23.5""33"""
99779,https://m.media-amazon.com/images/I/61BG2F0cS7L.jpg,810266,width,5.4 INgoodque4.95 IN
99780,https://m.media-amazon.com/images/I/61BG2F0cS7L.jpg,810266,depth,5.4 INgoodque4.95 IN
99781,https://m.media-amazon.com/images/I/61BG4F2rYoL.jpg,276700,height,9280gVEVORTOUGH TOOLS HALF PRICESuppoEennt CnKasotlaCUT-OFF MACHINEUSER MANUAL26.1Item Model Number: J1G-ZB-355BRated Power: 23001Voltage: AC1ZOV 60 HzNo Load Speed: 3600rpmBlade Diameter:14 in / 35.5 cmNet Weight: 30 Ibs13.8 kgPivoting Fence Angle: 0-45 DegreesProduct Size: 18.54 X10.27 X25.91 in8cm10.2747.1inlinl18.54cm
99782,https://m.media-amazon.com/images/I/61BG4oVgGnL.jpg,816782,height,21 IN34 INPerfect SizeRollingPackage
99783,https://m.media-amazon.com/images/I/61BG8ipmgnL.jpg,764417,maximum_weight_recommendation,350Pounds82Q8G517 in15.5in
99784,https://m.media-amazon.com/images/I/61BGBGrYdRL.jpg,945489,width,4cm1Ocm30mL2.8cm6Opcs
99785,https://m.media-amazon.com/images/I/61BGBGrYdRL.jpg,945489,depth,4cm1Ocm30mL2.8cm6Opcs
99786,https://m.media-amazon.com/images/I/61BGIUKFy0L.jpg,119607,width,"5""Iworkhard somy10""DGcan havea betterlife._2019 Honcy Dew Gilts75622"
99787,https://m.media-amazon.com/images/I/61BGIUKFy0L.jpg,119607,depth,"5""Iworkhard somy10""DGcan havea betterlife._2019 Honcy Dew Gilts75622"
99788,https://m.media-amazon.com/images/I/61BGIUKFy0L.jpg,119607,height,"5""Iworkhard somy10""DGcan havea betterlife._2019 Honcy Dew Gilts75622"
99789,https://m.media-amazon.com/images/I/61BGRiGepcL.jpg,362818,height,017cm1J1O.6cmij6cm0945OmlSurerNARTO8-77
99790,https://m.media-amazon.com/images/I/61BGchePDGL.jpg,969033,height,"MMEDIUMOverall: 30""x20""x 3""Up to 35 IbsSleep Surface: 23""x 16.5""LLARGEOverall: 36""x 27"" x 3""Up to 55 IbsSleep Surface: 28"" x 23""JUMBOJUMBOOverall: 40""x 32""x4""to 95 IbsSleep Surface: 30"" x 27""Up"
99791,https://m.media-amazon.com/images/I/61BGddz6yYL.jpg,883833,height,"(D)21193mm(W)845mmINVERTER'STARBLUE 24,5"
99792,https://m.media-amazon.com/images/I/61BGeNUOc9L.jpg,838598,height,"PERFECT SIZE25.5"" Overall Length3.2""0.4""25.5""OverallLength10.2""1.7""0.3""DadGone but not (ongottenTube diameter:3.3""Sewtmore than you know.Missed by ell wkokngw you -0.47""And Gebyou Lhad t0 80 Thankful for the mcntorit thatEisgov thourh you've sone:~2.5""_"
99793,https://m.media-amazon.com/images/I/61BGi26BJmL.jpg,382782,width,Metal PlateNon-slip MatDlpLcnsrch oanMan sptonDakaJmn Tamanaeerinbedlnchnr1Fccee:442mmBrightness Adjustment Button12.5mmUSB-C PortPower ButtonReversible Connectivity)ARTISUL
99794,https://m.media-amazon.com/images/I/61BGikquphL.jpg,970563,height,"0.31'(7.9mm)HeightAdjustable0.91""/23mm0.24""/6mm1.08''/27.Smm"
99795,https://m.media-amazon.com/images/I/61BGikquphL.jpg,970563,width,"0.31'(7.9mm)HeightAdjustable0.91""/23mm0.24""/6mm1.08''/27.Smm"
99796,https://m.media-amazon.com/images/I/61BGjT8iq7L.jpg,836556,depth,PRODUCT SIZE2PCSI[Thread size m30*1.51318c26mm(SmmSoool sizeIsmm33mm/1.29inch
99797,https://m.media-amazon.com/images/I/61BGnSB3BSL.jpg,311997,width,23cm355cm
99798,https://m.media-amazon.com/images/I/61BGnSB3BSL.jpg,311997,depth,23cm355cm
99799,https://m.media-amazon.com/images/I/61BH86EAZGL.jpg,208023,depth,PHOTOL;}P15x20 cm17 cmMDF HolzAcrylglasAufhangerAufstellerMDF woodacrylic glasswall mountfreestanding111111{03
99800,https://m.media-amazon.com/images/I/61BHBEDNonL.jpg,478357,width,"0 79 cmDickeThickness70,5 cm18 mm"
99801,https://m.media-amazon.com/images/I/61BHBEDNonL.jpg,478357,depth,"0 79 cmDickeThickness70,5 cm18 mm"
99802,https://m.media-amazon.com/images/I/61BHBeuXtNL.jpg,470067,height,"210mm262mm220mml15mmEinfache Montage:Flexible Anschlussschlauchemit 400 mmLange und 3/8""Mutter. Hahnlochbohrungmit 35mm Durchmesserbenotigt:"
99803,https://m.media-amazon.com/images/I/61BHIKe+K8L.jpg,130202,height,063.8cm/1.Sinch
99804,https://m.media-amazon.com/images/I/61BHIKe+K8L.jpg,130202,depth,063.8cm/1.Sinch
99805,https://m.media-amazon.com/images/I/61BHIKe+K8L.jpg,130202,width,063.8cm/1.Sinch
99806,https://m.media-amazon.com/images/I/61BHK-ymVcL.jpg,767202,item_weight,"73.8ZZZDEVELOPGELB497.8g xCARTAIDGEYELLOW00JAUNEKONICA MINOLTA BUSINESS SOLUTIONS EUROPE GmbHTONER MADE IN JAPANA33KZDOEUROPAALLEE 17, 30855 LANGENHAGEN; GERMANYTEL +49 (0) 511 7404-0wWW develop.euASSEMBLED IN FRANCEToner TN321YA33K2D0"
99807,https://m.media-amazon.com/images/I/61BHNE3xaaL.jpg,944936,height,"Speziell passende; haftklebende Umschlage20 x 12,5 cmEinfache und zeitsparende HandhabungSauber und hygienisch; kein Anfeuchten notig"
99808,https://m.media-amazon.com/images/I/61BHOP0OujL.jpg,142748,width,"AUTO OPEN CANOPYWith a push button,easy and quick to open with one hand_62inch68inchNON-LIP FOAM RUBBER HANDLEThe engineering handle provides a better grip feeling and reduce wrist fatigue."
99809,https://m.media-amazon.com/images/I/61BHOP0OujL.jpg,142748,depth,"AUTO OPEN CANOPYWith a push button,easy and quick to open with one hand_62inch68inchNON-LIP FOAM RUBBER HANDLEThe engineering handle provides a better grip feeling and reduce wrist fatigue."
99810,https://m.media-amazon.com/images/I/61BHQSIXTFL.jpg,235693,height,"Musiclily81mm(3.189"")17.5mm52.5mm(17.5*3)(0.689"")(2.067"")44mmO9mm(1.732"")(0.354"")19mm38mm(19*2)(0.748"")(1.496"")"
99811,https://m.media-amazon.com/images/I/61BHYoTABPS.jpg,358831,height,"23. 6in/60cm2, Tin7cmFront door si l | bar15.7in/40cm2,Tin/TcmRear  door  si l | bar"
99812,https://m.media-amazon.com/images/I/61BHoWJq7RL.jpg,237000,height,16Ocm2OOcm75cm(2 meters)BARLBOROUGH
99813,https://m.media-amazon.com/images/I/61BHpAsvdDL.jpg,594224,height,"5.5""17514.5""47.5""42""8.5""3""3""5.5""3.5""12.5""6.5""10.5""4.5""14.5"""
99814,https://m.media-amazon.com/images/I/61BHugaQT4L.jpg,751532,height,93.2cm189.2cm74.8cm2Ocm193.2cm91cm
99815,https://m.media-amazon.com/images/I/61BHv1Ap-RL.jpg,292475,depth,21cm3
99816,https://m.media-amazon.com/images/I/61BHv1Ap-RL.jpg,292475,width,21cm3
99817,https://m.media-amazon.com/images/I/61BI+SwDe9L.jpg,276611,height,31.5in(8Ocm)8.7in(22cm)15.7in(4Ocm)7.7in(19.5cm)
99818,https://m.media-amazon.com/images/I/61BI3r7VjzL.jpg,784538,depth,Size:4X6 inchesQuantity:30Material:Premium Canvas Paper
99819,https://m.media-amazon.com/images/I/61BI7JIXEHL.jpg,944936,height,2OCM19CM18CM8CM16CM8CM
99820,https://m.media-amazon.com/images/I/61BI8savGQL.jpg,931856,depth,19200mm/7.87in
99821,https://m.media-amazon.com/images/I/61BI9qacDzL.jpg,745387,width,=!403mm1564mm
99822,https://m.media-amazon.com/images/I/61BIDX-GnXL.jpg,640408,width,"12.56""312.27"""
99823,https://m.media-amazon.com/images/I/61BIDX-GnXL.jpg,640408,height,"12.56""312.27"""
99824,https://m.media-amazon.com/images/I/61BIKlDy+6L.jpg,952470,width,13in113in9. 65in7. 87in
99825,https://m.media-amazon.com/images/I/61BIKlDy+6L.jpg,952470,height,13in113in9. 65in7. 87in
99826,https://m.media-amazon.com/images/I/61BILDE63IL.jpg,648011,width,"13mm0.51inch27.4mm1.08inch12vAC9mmG4 Bi-Pin Base0.36inchAmm0.16inchThe LED bulb is slightly longer thanhalogen bulb, please check the sizebefore purchase.G4 LED BulbG4 Halogen Bulb2V"
99827,https://m.media-amazon.com/images/I/61BIOV2HxzL.jpg,693845,height,12-36 Monate25 kg38cm63cm28cmVBeureo
99828,https://m.media-amazon.com/images/I/61BIQClumHL.jpg,784538,depth,518 in
99829,https://m.media-amazon.com/images/I/61BIiG1fZAL.jpg,648011,height,"1.34 inch34mm12w1180LUMEN6500K624d-3COLOR5.9 inch150mmAIGOSTARLED B5 PLC 2U 12W 6500K""TO5MA #_801m 82190232624d-3 220-240V~ 50160Hz"
99830,https://m.media-amazon.com/images/I/61BIiG1fZAL.jpg,648011,depth,"1.34 inch34mm12w1180LUMEN6500K624d-3COLOR5.9 inch150mmAIGOSTARLED B5 PLC 2U 12W 6500K""TO5MA #_801m 82190232624d-3 220-240V~ 50160Hz"
99831,https://m.media-amazon.com/images/I/61BIiRa-3oL.jpg,658003,height,19cm/2 Abin1512cm/472in
99832,https://m.media-amazon.com/images/I/61BInIHoa4L.jpg,978900,depth,3cm14cm10.5cm20cm7.Scm
99833,https://m.media-amazon.com/images/I/61BInIHoa4L.jpg,978900,height,3cm14cm10.5cm20cm7.Scm
99834,https://m.media-amazon.com/images/I/61BInare0ZL.jpg,396026,depth,6.22in7.Sin4.6in2.8in2.8in2.8in18-200z24=280z30 - 320zSmallMediumLarge
99835,https://m.media-amazon.com/images/I/61BInare0ZL.jpg,396026,width,6.22in7.Sin4.6in2.8in2.8in2.8in18-200z24=280z30 - 320zSmallMediumLarge
99836,https://m.media-amazon.com/images/I/61BIpMnTBqL.jpg,478357,height,"37.25""16""19.5"""
99837,https://m.media-amazon.com/images/I/61BIpMnTBqL.jpg,478357,width,"37.25""16""19.5"""
99838,https://m.media-amazon.com/images/I/61BItSeaRvL.jpg,705487,depth,"13 FEET Rain Fly Tent Tarp3g18x Tie Downs36x Aluminum Stakes13 feet (157"")Package IncludeGecarPhanocrs6x NylonIx Rain Fly TentIx Light Portable157inchRobem)Carrying BagTarp"
99839,https://m.media-amazon.com/images/I/61BItSeaRvL.jpg,705487,height,"13 FEET Rain Fly Tent Tarp3g18x Tie Downs36x Aluminum Stakes13 feet (157"")Package IncludeGecarPhanocrs6x NylonIx Rain Fly TentIx Light Portable157inchRobem)Carrying BagTarp"
99840,https://m.media-amazon.com/images/I/61BIvpGqTIL.jpg,249638,maximum_weight_recommendation,Package includeF81-strong adhesive *4 2-soft plastic strip*1 3-clip 4-holder5-12*25.4mm washer*1 6-12*22.Zmm washer*17-Rotating components8-screws fixing accessories 9-anti-theft hex screws 10 special wrench for anti-theft screws
99841,https://m.media-amazon.com/images/I/61BIvpGqTIL.jpg,249638,item_weight,Package includeF81-strong adhesive *4 2-soft plastic strip*1 3-clip 4-holder5-12*25.4mm washer*1 6-12*22.Zmm washer*17-Rotating components8-screws fixing accessories 9-anti-theft hex screws 10 special wrench for anti-theft screws
99842,https://m.media-amazon.com/images/I/61BJ7Zf1xqS.jpg,492950,height,32.Scm16cm31.2Scm
99843,https://m.media-amazon.com/images/I/61BJBOb0KNL.jpg,244283,height,"LFEKRAFTSFOR YOUR WELL BEINGErase MagneticWhiteboard OrganiserSize17*11 InchesFeaturesFull Magnetic BackingStrong Grip50 Mil Premium MagnetWater ResistantMade With Premiumand Dry Erase LaminationTo Erase:Damp orSoft Dry Cloth to Wipe CleanGreat for8AppointmentsTo Do ListsMenu1MessagesRemindersSpecial Events|GoalsKids Draw Pad, Chores& Much More8Your Package Arrives New2Damage FreeDryVinyl11Use1111111and"
99844,https://m.media-amazon.com/images/I/61BJBOb0KNL.jpg,244283,depth,"LFEKRAFTSFOR YOUR WELL BEINGErase MagneticWhiteboard OrganiserSize17*11 InchesFeaturesFull Magnetic BackingStrong Grip50 Mil Premium MagnetWater ResistantMade With Premiumand Dry Erase LaminationTo Erase:Damp orSoft Dry Cloth to Wipe CleanGreat for8AppointmentsTo Do ListsMenu1MessagesRemindersSpecial Events|GoalsKids Draw Pad, Chores& Much More8Your Package Arrives New2Damage FreeDryVinyl11Use1111111and"
99845,https://m.media-amazon.com/images/I/61BJEttcyTL.jpg,683885,depth,"2.2 in / 5.7 cmveYouLf""YouILoveYou@ouILoveYouYou1LoveYouILoveYouYapILoveYou1ILoveYou4[You11Love You_Yov1IYouI LoveYou3.1 in / 8 cmLoveLove =LoveLoveYouLveYouLoveYouLoveLove [LoveLoveNoYouLorloveLoveYou"
99846,https://m.media-amazon.com/images/I/61BJGpzi2TS.jpg,640031,depth,UmiittoDoor Window AlarKeep YourWidely UseChildren Safeuttke{5i4 FunctionsEasy Operation1.65in3.35inOPEN1
99847,https://m.media-amazon.com/images/I/61BJGpzi2TS.jpg,640031,width,UmiittoDoor Window AlarKeep YourWidely UseChildren Safeuttke{5i4 FunctionsEasy Operation1.65in3.35inOPEN1
99848,https://m.media-amazon.com/images/I/61BJR0bQqRL.jpg,599772,depth,PRODUCT SIZE13.78in21.65in2PACK9.84in
99849,https://m.media-amazon.com/images/I/61BJR0bQqRL.jpg,599772,height,PRODUCT SIZE13.78in21.65in2PACK9.84in
99850,https://m.media-amazon.com/images/I/61BJe1DbKFL.jpg,931856,height,66cm/25.98in
99851,https://m.media-amazon.com/images/I/61BJe1DbKFL.jpg,931856,width,66cm/25.98in
99852,https://m.media-amazon.com/images/I/61BJe1DbKFL.jpg,931856,depth,66cm/25.98in
99853,https://m.media-amazon.com/images/I/61BJjsXp67L.jpg,488883,height,30cm35cm30cm
99854,https://m.media-amazon.com/images/I/61BJnC547AL.jpg,238409,item_weight,"Avala:SAFE1o8R0(8-PIECESE7SOUND5KIT DE SURVIE,ENSEMBLE DE 8 PIECESPLASTIC PADDED CASEEMER Co ""pREMD EtUX Rexbourre Em PLASTIQUESuRvivor8-PIECECKUETchelAND"
99855,https://m.media-amazon.com/images/I/61BJryK71CL.jpg,240413,voltage,"TMPREMIUMAICOH""HlaPl8GB 2400MHz ModuleFor ASUSX51OUARATTENTIONELECTROSTATICsensInve devIcE]51053462l00000TmLIFETIME WARRANTYA-TccH"
99856,https://m.media-amazon.com/images/I/61BK7Rly5HS.jpg,272691,item_weight,"Steel ball reinforced skeleton railsPortable at home""Lose weight at any time withoutThe product is compact and portable, and can be easily used inboth bedrooms androoms. The net weight of the product isonly 0.6kg:delayliving"
99857,https://m.media-amazon.com/images/I/61BK7Rly5HS.jpg,272691,maximum_weight_recommendation,"Steel ball reinforced skeleton railsPortable at home""Lose weight at any time withoutThe product is compact and portable, and can be easily used inboth bedrooms androoms. The net weight of the product isonly 0.6kg:delayliving"
99858,https://m.media-amazon.com/images/I/61BK8Upl66L.jpg,658003,height,Product Size6.3inch13.39inch9inch11.8inchprinCE88
99859,https://m.media-amazon.com/images/I/61BKIqbitnL.jpg,145452,height,100%6Made of 304GuatanteeStainless SteelHeightVacuum25 CMInsulatedLeakProofSIMPARTEDoubleWidthWalled7 CM500 ML / 0.5 LTRSAINLESS 'STEEL
99860,https://m.media-amazon.com/images/I/61BKIqbitnL.jpg,145452,depth,100%6Made of 304GuatanteeStainless SteelHeightVacuum25 CMInsulatedLeakProofSIMPARTEDoubleWidthWalled7 CM500 ML / 0.5 LTRSAINLESS 'STEEL
99861,https://m.media-amazon.com/images/I/61BKLe9m5OL.jpg,860821,width,Portable Small Size14.4cmF3.4cmS_lfE20.4cm)81
99862,https://m.media-amazon.com/images/I/61BKM+Wh5wL.jpg,658892,depth,6inch1
99863,https://m.media-amazon.com/images/I/61BKM+Wh5wL.jpg,658892,height,6inch1
99864,https://m.media-amazon.com/images/I/61BKNCKBIwL.jpg,658003,width,62629.8 IN / 25 CM
99865,https://m.media-amazon.com/images/I/61BKNCKBIwL.jpg,658003,depth,62629.8 IN / 25 CM
99866,https://m.media-amazon.com/images/I/61BKPTGIhiL.jpg,944936,height,"Jumbo CardRegular CardNote Card8V2"" x 11""5""4"" x 514""Carefullyfolded withthin overhangfor easyopening:x7"""
99867,https://m.media-amazon.com/images/I/61BKUyD8hsL.jpg,524117,height,5.71in;10.24in
99868,https://m.media-amazon.com/images/I/61BKcF1AvKL.jpg,311997,width,"3.71""9.76""6.25""21.26""3.71'9.76""6.25""5.85""23.43"""
99869,https://m.media-amazon.com/images/I/61BKgVOPCrL.jpg,478357,width,"20""'Ibs18""6615""22.5""Ibs66Wide Application2.5""7813 16 Living RoomBedroomOffice"
99870,https://m.media-amazon.com/images/I/61BKnbaQtbL.jpg,659650,width,s32.6 inch5.7 inch
99871,https://m.media-amazon.com/images/I/61BKqy6gYdL.jpg,311997,height,"16.6""5.4""29.9""16.9""73"""
99872,https://m.media-amazon.com/images/I/61BKtBDAbxS.jpg,208023,height,"UdnTHE OTHER SOCKNEVER GOES MISSING 10,2+15. 2c3photoPoperKUSJEOp je hartUititIF YOU DON'T'VETAKE YOURLIFETIME TO DO IT;YOU WILL REGRET IT.16"" 10.2ca NotompCT2 15."
99873,https://m.media-amazon.com/images/I/61BKx0n0Y-L.jpg,567118,width,113mmCHD%'75h%4b#s#'DatEMovihDAYz8iimit 7X:37SUN RiseMoon PhaSEVCON RiseswSun SETCOUnTRY CityVoon SET#ER224626.5mm
