index,image_link,group_id,entity_name,e
93274,https://m.media-amazon.com/images/I/617OS3PVzoL.jpg,830996,height,111.97inch3.15inch113812.88inch1
93275,https://m.media-amazon.com/images/I/617OTFGFw9L.jpg,126471,width,72 inch60 inch(6 feet)(5 feet)Mattress cover size7-8inchadjustablePlease check your mattress size*
93276,https://m.media-amazon.com/images/I/617OTFGFw9L.jpg,126471,height,72 inch60 inch(6 feet)(5 feet)Mattress cover size7-8inchadjustablePlease check your mattress size*
93277,https://m.media-amazon.com/images/I/617OWEGJVoS.jpg,478357,height,"AREROS3OCM182CM43CM3OCM91CM8,5CM"
93278,https://m.media-amazon.com/images/I/617OZY-hRhL.jpg,705487,height,"300x300cm9.8x9.8ft}400x30Ocm13.1x9.8ftsoox300cm16.5x9.8ft81819Tie Downs668Aluminum Stakes68Nylon Ropes12.4""x7.4""14.5""x8.5""16""x10""Portable Bag"
93279,https://m.media-amazon.com/images/I/617OaIixJQL.jpg,433914,height,"196""L 5cm4.33""6.7""[1cm/17cm1.37""12.6""32cm3.54""9cmThe gap between door and wall is 5/8""/1.6cmbased on 1 9/16""(4cm) thick door:1,5"" / 3.8cm"
93280,https://m.media-amazon.com/images/I/617OaIixJQL.jpg,433914,width,"196""L 5cm4.33""6.7""[1cm/17cm1.37""12.6""32cm3.54""9cmThe gap between door and wall is 5/8""/1.6cmbased on 1 9/16""(4cm) thick door:1,5"" / 3.8cm"
93281,https://m.media-amazon.com/images/I/617ObyTnaQL.jpg,681445,height,"SIZE2.68inch3.15inch24.2cm!'9.5""02.36inch16.5inch5.3inch3.15inch"
93282,https://m.media-amazon.com/images/I/617OgCK0l2S.jpg,276688,height,30cm30cm30cm
93283,https://m.media-amazon.com/images/I/617OwomCeRL.jpg,347404,height,"14,9cm13.5cmllcm"
93284,https://m.media-amazon.com/images/I/617OyLp+aML.jpg,865691,height,"10.6""5.5""10.6""FIT FOR MOST BIKESMountain bikeRoad bikeRacing bikeTravel bikeCruisersExercise bike"
93285,https://m.media-amazon.com/images/I/617OyLp+aML.jpg,865691,width,"10.6""5.5""10.6""FIT FOR MOST BIKESMountain bikeRoad bikeRacing bikeTravel bikeCruisersExercise bike"
93286,https://m.media-amazon.com/images/I/617OyLp+aML.jpg,865691,depth,"10.6""5.5""10.6""FIT FOR MOST BIKESMountain bikeRoad bikeRacing bikeTravel bikeCruisersExercise bike"
93287,https://m.media-amazon.com/images/I/617P-R+5GQL.jpg,704724,height,for children aged 3-890-140cm height70cm35cm55cm
93288,https://m.media-amazon.com/images/I/617P0kAf4JL.jpg,675317,depth,"Measurements2.212""2.638""Installation KitTIV"
93289,https://m.media-amazon.com/images/I/617P0kAf4JL.jpg,675317,width,"Measurements2.212""2.638""Installation KitTIV"
93290,https://m.media-amazon.com/images/I/617PELG6nxL.jpg,944936,width,5 inAnd THen THEre WERE FOUR.-7 in
93291,https://m.media-amazon.com/images/I/617PELG6nxL.jpg,944936,depth,5 inAnd THen THEre WERE FOUR.-7 in
93292,https://m.media-amazon.com/images/I/617PF6Fn5TL.jpg,208023,width,"Picture frame15cmxzOcm6"" x 8"""
93293,https://m.media-amazon.com/images/I/617PF6Fn5TL.jpg,208023,depth,"Picture frame15cmxzOcm6"" x 8"""
93294,https://m.media-amazon.com/images/I/617PGQ4iyjL.jpg,308856,item_weight,"ReAL INGREDIENTSNever cookedrocesgedInstinctThe RAWBRANDrawMEALSFREEZE-DRIEDREAL BEEF RECIPEMADEe WITHGUT GRaIk; corM , WHEAT, SOy, Legumes, ARTIfIcIaL coLorsOR PRESERVaTVES3xMore REAL BEEF &NON VEGETABLESORGANS ThAN Kibble""GMO & FRUITSMaturllhutpitION TODEDTuPour(269 9)CHIENSNET WT:Teor adul] DogsIouai9.507"
93295,https://m.media-amazon.com/images/I/617PHUPP7ZL.jpg,693845,height,"FIRSTRIvE10"" H13"" W8"" L"
93296,https://m.media-amazon.com/images/I/617PMpFMgfS.jpg,991868,height,31cm*22cm
93297,https://m.media-amazon.com/images/I/617PMpFMgfS.jpg,991868,width,31cm*22cm
93298,https://m.media-amazon.com/images/I/617PO66NrfL.jpg,611510,height,"177""23.6""4.5""8.3""9.3"""
93299,https://m.media-amazon.com/images/I/617PQBvzSDL.jpg,866516,width,13 cm15.8 cm6.3 inch5.1 inch
93300,https://m.media-amazon.com/images/I/617PQBvzSDL.jpg,866516,height,13 cm15.8 cm6.3 inch5.1 inch
93301,https://m.media-amazon.com/images/I/617PQBvzSDL.jpg,866516,depth,13 cm15.8 cm6.3 inch5.1 inch
93302,https://m.media-amazon.com/images/I/617PQRhiNRL.jpg,311997,height,"609.8""24.8cm5131.5""8OcmNoteThere is a possible difference <0.5"" formeasurements.9.7""24..6cm23.7""2cm22.7""bcmall"
93303,https://m.media-amazon.com/images/I/617PSU77LvL.jpg,417434,height,4.Icm4.Icm1.6in1.6in11.7cm4.6in4.Icm1.6in_Scm6.5cm2in2.6in4.Icm1.6in15.7in7.Sin19cm40cm
93304,https://m.media-amazon.com/images/I/617PZnt4exL.jpg,932289,width,"SanGloryOthers1300G6506Lt_High quality thickened waterproof materials, provide better protection to your furniture_I5242cm/95.3in162cm/63.8in"
93305,https://m.media-amazon.com/images/I/617PdaPg9KL.jpg,385140,width,3g319cm / 7.5in17.Sin319cm59
93306,https://m.media-amazon.com/images/I/617Pi+nU+ZL.jpg,347404,depth,14.7516
93307,https://m.media-amazon.com/images/I/617Pi+nU+ZL.jpg,347404,height,14.7516
93308,https://m.media-amazon.com/images/I/617Pi2G0DxL.jpg,178778,height,Product SizeCapacity: 60ML1[5OMM5OMM
93309,https://m.media-amazon.com/images/I/617PjBPVnxL.jpg,916768,height,3.35 in.85mm7.20 in.9.57 in.183mm243mm
93310,https://m.media-amazon.com/images/I/617Plvi6WVL.jpg,220662,depth,DD3inch3.1inch[75mm][8Omm]Width can be adjustedBONIKNON
93311,https://m.media-amazon.com/images/I/617Plvi6WVL.jpg,220662,width,DD3inch3.1inch[75mm][8Omm]Width can be adjustedBONIKNON
93312,https://m.media-amazon.com/images/I/617Pvft02BL.jpg,724384,width,098L]80080J0960I9ISd5.4cm/2.12inch6.9cm/271inch45cm/17.71inch
93313,https://m.media-amazon.com/images/I/617PyCdNPVL.jpg,145486,height,"1/1.50in93mm/3.66inzp2832mm/1.26in38mm,.~badaten"
93314,https://m.media-amazon.com/images/I/617Q-lgLnAL.jpg,387046,height,s00mms90mm1200mmAIl Measuremenbs are Approximabe
93315,https://m.media-amazon.com/images/I/617Q2fmLvtL.jpg,365756,height,29CM11.4lin6CM15CM2.36in5.90in
93316,https://m.media-amazon.com/images/I/617Q4K-xt7S.jpg,545902,height,Medium capacity-2.8QUARTHigh-end features-high quality materials guarantee the body stainlesssteel and design(SUS304:Food grade stainless steel)22.5cm8.86in18.5cm / 7.28incHVQNHHGF _(LUXGRACE)EREMIUM
93317,https://m.media-amazon.com/images/I/617Q6y8CzbL.jpg,801829,height,"45.47""25.98""35.4"""
93318,https://m.media-amazon.com/images/I/617Q9MqECcL.jpg,881883,width,9~72 inch
93319,https://m.media-amazon.com/images/I/617Q9MqECcL.jpg,881883,depth,9~72 inch
93320,https://m.media-amazon.com/images/I/617QAyXTEuL.jpg,417434,height,3cm333S !TV21Ocm36cm7cm2222212
93321,https://m.media-amazon.com/images/I/617QDrgq5NL.jpg,219199,depth,Adatto a entrambe le manifacile da impugnareIcmIcmE000{
93322,https://m.media-amazon.com/images/I/617QDrgq5NL.jpg,219199,width,Adatto a entrambe le manifacile da impugnareIcmIcmE000{
93323,https://m.media-amazon.com/images/I/617QH0H3lPL.jpg,558806,depth,"prqdVcTINFORMATION5OWfftorSuitable for many size cakes6.1inerAer12""10""8dlapbibyAtapplylaypilyYapilyJkapptly"
93324,https://m.media-amazon.com/images/I/617QH0H3lPL.jpg,558806,width,"prqdVcTINFORMATION5OWfftorSuitable for many size cakes6.1inerAer12""10""8dlapbibyAtapplylaypilyYapilyJkapptly"
93325,https://m.media-amazon.com/images/I/617QJDQ8WbL.jpg,638301,height,"Edge39H11111IxS6.51KitLIBERTYGUARDPremiumMateriolEdgeHardnessAntiScratchAntiShockPROMAXMAXInchCLEARFULL COVER 'CLEARtempered ROUNDED ""screenEDGEGlassPRoTEctorInstallation"
93326,https://m.media-amazon.com/images/I/617QJDQ8WbL.jpg,638301,depth,"Edge39H11111IxS6.51KitLIBERTYGUARDPremiumMateriolEdgeHardnessAntiScratchAntiShockPROMAXMAXInchCLEARFULL COVER 'CLEARtempered ROUNDED ""screenEDGEGlassPRoTEctorInstallation"
93327,https://m.media-amazon.com/images/I/617QJDQ8WbL.jpg,638301,width,"Edge39H11111IxS6.51KitLIBERTYGUARDPremiumMateriolEdgeHardnessAntiScratchAntiShockPROMAXMAXInchCLEARFULL COVER 'CLEARtempered ROUNDED ""screenEDGEGlassPRoTEctorInstallation"
93328,https://m.media-amazon.com/images/I/617QLU107gL.jpg,653767,height,"FashionSIZE TIPS722""22""22""Cover's SizeInsert NeededPillow Cover Only"
93329,https://m.media-amazon.com/images/I/617QLU107gL.jpg,653767,depth,"FashionSIZE TIPS722""22""22""Cover's SizeInsert NeededPillow Cover Only"
93330,https://m.media-amazon.com/images/I/617QLU107gL.jpg,653767,width,"FashionSIZE TIPS722""22""22""Cover's SizeInsert NeededPillow Cover Only"
93331,https://m.media-amazon.com/images/I/617QSP9WmWS.jpg,918474,depth,20 inchDiameter36inch(91.Lcm)ColorRed & BlueBlue & YellowMaterialERubber + IronFloding4 fold~MZ0Number of leg663Size36x36inch(LxW)36 inch
93332,https://m.media-amazon.com/images/I/617QTQIJjtL.jpg,653767,height,0Set of 2Suit for insert size 18 X 18 inchNo insert includedDouble-sided printing18 inch3
93333,https://m.media-amazon.com/images/I/617QTQIJjtL.jpg,653767,depth,0Set of 2Suit for insert size 18 X 18 inchNo insert includedDouble-sided printing18 inch3
93334,https://m.media-amazon.com/images/I/617QTQIJjtL.jpg,653767,width,0Set of 2Suit for insert size 18 X 18 inchNo insert includedDouble-sided printing18 inch3
93335,https://m.media-amazon.com/images/I/617QWCzEJsL.jpg,130202,depth,"9""3""CAUTIONWatch YourIncludes self-adhesive stripsto mount sign on the wallStep"
93336,https://m.media-amazon.com/images/I/617QWCzEJsL.jpg,130202,height,"9""3""CAUTIONWatch YourIncludes self-adhesive stripsto mount sign on the wallStep"
93337,https://m.media-amazon.com/images/I/617QclyX7IL.jpg,931856,width,0.39 inch0.98inch1.18inch
93338,https://m.media-amazon.com/images/I/617QclyX7IL.jpg,931856,depth,0.39 inch0.98inch1.18inch
93339,https://m.media-amazon.com/images/I/617QfakCXJL.jpg,483370,height,12 Inch Baby Doll2F80~555J0Ny907
93340,https://m.media-amazon.com/images/I/617QfakCXJL.jpg,483370,depth,12 Inch Baby Doll2F80~555J0Ny907
93341,https://m.media-amazon.com/images/I/617QfakCXJL.jpg,483370,width,12 Inch Baby Doll2F80~555J0Ny907
93342,https://m.media-amazon.com/images/I/617QhrSg+QS.jpg,978900,depth,8.2cm854.5cm
93343,https://m.media-amazon.com/images/I/617Qj7CqQ4L.jpg,469317,width,Gutotark88 cm37.5 cm77.5 cm
93344,https://m.media-amazon.com/images/I/617Qj7CqQ4L.jpg,469317,height,Gutotark88 cm37.5 cm77.5 cm
93345,https://m.media-amazon.com/images/I/617QoipKmQL.jpg,801829,height,"17.75""17.75""33""20.5""9.75""19.75""-18""29""32.25"""
93346,https://m.media-amazon.com/images/I/617QyDXFxBL.jpg,311997,height,25cm39.5cm5cm22.5cm19.5cm3cm39.5cmScm
93347,https://m.media-amazon.com/images/I/617QzqyDSML.jpg,279307,item_weight,"HYPOALLERGENICEARTH FRIENDLYGreat for Homes withGoVaccum's mainallergy Sufferspurpose is to producebiodegradable, earthfriendly products of thehighest quality:ZVACFJMSIMPLEFM2+88PREMIUMINSTALLATIONMULTI-LAYERFILTRATIONVACUUM BAGSBags connect easilyEnsures Dust & Dirt:Wont LEak out Qualit)15 BAGSproduct with a durablbuild for long-lastingVALUEPACKusage:EXACT FITDesigned andEngineered in USAHEAVY DUTYmeeting strict OEMstandardsCARDBOARDTightly hold bag inplace & won't tear"
93348,https://m.media-amazon.com/images/I/617R-XPgitL.jpg,932289,height,"TRAMPOLINE COVER SIZE DETAILjumprly{104.3""ne=Jutanq168"""
93349,https://m.media-amazon.com/images/I/617R-XPgitL.jpg,932289,depth,"TRAMPOLINE COVER SIZE DETAILjumprly{104.3""ne=Jutanq168"""
93350,https://m.media-amazon.com/images/I/617R-vCtENS.jpg,145452,width,4540358.5 CM307.5 CM256.5 CM201529 CM25 CM1019 CM100265 ML475 ML750 ML9 0z16 0225 02
93351,https://m.media-amazon.com/images/I/617R-vCtENS.jpg,145452,depth,4540358.5 CM307.5 CM256.5 CM201529 CM25 CM1019 CM100265 ML475 ML750 ML9 0z16 0225 02
93352,https://m.media-amazon.com/images/I/617R4gGOsiL.jpg,943839,depth,Size1lnch / 25mmWhole Length: 9OmmShank Diameter: 10mmMaftIInch25mmBlade length: 1IInch/25mmTriangular ShankPilot Drill Bit Length: 67mm
93353,https://m.media-amazon.com/images/I/617R4gGOsiL.jpg,943839,height,Size1lnch / 25mmWhole Length: 9OmmShank Diameter: 10mmMaftIInch25mmBlade length: 1IInch/25mmTriangular ShankPilot Drill Bit Length: 67mm
93354,https://m.media-amazon.com/images/I/617R4gGOsiL.jpg,943839,width,Size1lnch / 25mmWhole Length: 9OmmShank Diameter: 10mmMaftIInch25mmBlade length: 1IInch/25mmTriangular ShankPilot Drill Bit Length: 67mm
93355,https://m.media-amazon.com/images/I/617R7yjmHfL.jpg,292475,depth,30 0zConventional32 0zMaximum5.57 inch{x
93356,https://m.media-amazon.com/images/I/617R7yjmHfL.jpg,292475,width,30 0zConventional32 0zMaximum5.57 inch{x
93357,https://m.media-amazon.com/images/I/617RA5uwO-L.jpg,524117,height,2.6 cm /1.02 inch8.3cm13.27inch8785
93358,https://m.media-amazon.com/images/I/617RAoXcx3L.jpg,478357,height,46cm35cm50cm25cm
93359,https://m.media-amazon.com/images/I/617REe9dG2L.jpg,739328,item_volume,"KtobIcdKidsACI)Ki#1KIDSRINSEBRANDIACDANTICAVITYFLUORIDE RINSEPunch;helps Prevent CavitiesSwish Away Particlesbrushingmay missalcohol freeSodium Fluoride 0.05%ADAIMPORTANT: EAcccolccdirections for proper Use,16.9floz (500 mL) 0100411-01KidsACDKideACDKidsRECOMMENDEDDENTISTEasPineappieRead"
93360,https://m.media-amazon.com/images/I/617RKmGDLqL.jpg,237000,width,"Recommended For Seat Widths Up To 70""BackFold Over Back Of The SofaElastic Stripe43""22""22""23in Tucking Located on3 sides under the cover14""Front68""Not Including ArmsMEASURE FOR A GOOD FITRMEASURING GUIDEZiftZlay"
93361,https://m.media-amazon.com/images/I/617RTWoMT-L.jpg,969033,height,Small1382length 65cm
93362,https://m.media-amazon.com/images/I/617RUhx8OTL.jpg,297246,height,"16,2.Scm/Sinlin3LaptopPadPhoneHard diskKeyboardCharger4ao'Scm/6.4inScm/1."
93363,https://m.media-amazon.com/images/I/617RVUSYr7L.jpg,149708,height,SIZE DETAIL3 inch10.3 inch1.5 inch2 inch
93364,https://m.media-amazon.com/images/I/617RVUSYr7L.jpg,149708,width,SIZE DETAIL3 inch10.3 inch1.5 inch2 inch
93365,https://m.media-amazon.com/images/I/617RVUSYr7L.jpg,149708,depth,SIZE DETAIL3 inch10.3 inch1.5 inch2 inch
93366,https://m.media-amazon.com/images/I/617RZ7-hSeL.jpg,652661,height,"SIZE5"" Diameter2.6""11"" Diameter"
93367,https://m.media-amazon.com/images/I/617RZ7-hSeL.jpg,652661,depth,"SIZE5"" Diameter2.6""11"" Diameter"
93368,https://m.media-amazon.com/images/I/617Rf0f+ckL.jpg,365756,height,"PEFECT SIZEAN ADJUSTABLE STRAP LETS YOU CARRY IT AROUND YOUR WAIST ,OVER THE SHOULDER, OR CROSSBODY.5 INIphone 13Pro Max2.75 IN8 IN€Latmao34 INWELatmap52 IN"
93369,https://m.media-amazon.com/images/I/617Rhl2sc8L.jpg,711228,height,"KOMPAKT&FUNKTIONA LLEICHT ZUBEFULLENZum Offnen & Befullen Verschlusskappe miteiner Drehbewegung abziehen, Gewurzeeinfullen & wieder verschlieBenIDEAL ALSGESCHENKSTUFENLOSESMAHLENOptimale Mahlleistung mit einstell-barem Mahlgrad von fein bis grobKOMPAKTESDESIGNLARS NYSOMHohe:18,7 cmDurchmesser:5,0 cmFullmenge:ca: 150 g"
93370,https://m.media-amazon.com/images/I/617Rhl2sc8L.jpg,711228,width,"KOMPAKT&FUNKTIONA LLEICHT ZUBEFULLENZum Offnen & Befullen Verschlusskappe miteiner Drehbewegung abziehen, Gewurzeeinfullen & wieder verschlieBenIDEAL ALSGESCHENKSTUFENLOSESMAHLENOptimale Mahlleistung mit einstell-barem Mahlgrad von fein bis grobKOMPAKTESDESIGNLARS NYSOMHohe:18,7 cmDurchmesser:5,0 cmFullmenge:ca: 150 g"
93371,https://m.media-amazon.com/images/I/617Rhl2sc8L.jpg,711228,depth,"KOMPAKT&FUNKTIONA LLEICHT ZUBEFULLENZum Offnen & Befullen Verschlusskappe miteiner Drehbewegung abziehen, Gewurzeeinfullen & wieder verschlieBenIDEAL ALSGESCHENKSTUFENLOSESMAHLENOptimale Mahlleistung mit einstell-barem Mahlgrad von fein bis grobKOMPAKTESDESIGNLARS NYSOMHohe:18,7 cmDurchmesser:5,0 cmFullmenge:ca: 150 g"
93372,https://m.media-amazon.com/images/I/617Rj8aJTPL.jpg,145452,height,SANLEY9.5 in3.2 in
93373,https://m.media-amazon.com/images/I/617Rj8aJTPL.jpg,145452,width,SANLEY9.5 in3.2 in
93374,https://m.media-amazon.com/images/I/617Rl1CQ07L.jpg,347404,depth,0 28 Cm83
93375,https://m.media-amazon.com/images/I/617Rl1CQ07L.jpg,347404,width,0 28 Cm83
93376,https://m.media-amazon.com/images/I/617RufJ8rdL.jpg,966823,height,"mDESIGN10""6""25.4cm15.2cm6""15.2cm5.22""9.22""13.3cm23.4cm"
93377,https://m.media-amazon.com/images/I/617RuxK49oL.jpg,311997,width,"15.45""39.2 cm35.71""90.7 cm72.13""183.2 cm"
93378,https://m.media-amazon.com/images/I/617RvUYwgJL.jpg,355666,item_weight,*50mm
93379,https://m.media-amazon.com/images/I/617RyEhRPeL.jpg,242256,depth,Disposable Banner21CM1PCS27.5CM*10 Triangle FlagsBanner Rope length :2.3M
93380,https://m.media-amazon.com/images/I/617RyI7F6RL.jpg,844474,height,"A SIZE FORWHATEVERYOUNEED8555LITER35LITER3,5 IbsLITER3 Ibs2.5 Ibs25'21119""16""@ARRRP9@QPRovEQT14""_~18"".hot61-11"" "
93381,https://m.media-amazon.com/images/I/617RzNYATzL.jpg,558806,height,Cm45'632.55 in / 6.5 cm
93382,https://m.media-amazon.com/images/I/617RzNYATzL.jpg,558806,depth,Cm45'632.55 in / 6.5 cm
93383,https://m.media-amazon.com/images/I/617S+IIM+zL.jpg,784538,depth,4Ocm75cmMETAL WALL ARtMETAL BIRD DECOR 3D WALL SILHOUETTEMETAL WALL DECOR
93384,https://m.media-amazon.com/images/I/617S07PbxXL.jpg,521308,height,"28.5""84""34.5"""
93385,https://m.media-amazon.com/images/I/617S1WmN8JL.jpg,675317,width,0.43 in / 1.1 cm[53532.2 in / 5.6 cm
93386,https://m.media-amazon.com/images/I/617S7AV+RML.jpg,208023,depth,AI841*594mmB2728*515mmA2594*420mmB3515*364mmPOSTER FRAME719-LeeorInEenetninnn515.124puhojleL4 DD0-504 410Bal-S6NotullbtPo0-Jco10no 7
93387,https://m.media-amazon.com/images/I/617S8q4wK-L.jpg,752266,width,THE NEW UPGRADE5*5CM4*4CMOURSVSOTHERSLighting Time8-13hoursLighting Time< 8 hoursFast full charge6-8 hoursFast full charge> 8 hoursSolar Panel2V 160mAhSolar Panel 2V 6OMASxSCM Absorbs More Energy4x4CM Absorbs Less EnergyOur batteryOther batteryNiMH batteriesNickel-cadmium batteries81.2V AA 6OOMAHNot enough 600MAH1Voltage stabilizationOnly 30OMAH6Long useShort usetimetime
93388,https://m.media-amazon.com/images/I/617S8q4wK-L.jpg,752266,depth,THE NEW UPGRADE5*5CM4*4CMOURSVSOTHERSLighting Time8-13hoursLighting Time< 8 hoursFast full charge6-8 hoursFast full charge> 8 hoursSolar Panel2V 160mAhSolar Panel 2V 6OMASxSCM Absorbs More Energy4x4CM Absorbs Less EnergyOur batteryOther batteryNiMH batteriesNickel-cadmium batteries81.2V AA 6OOMAHNot enough 600MAH1Voltage stabilizationOnly 30OMAH6Long useShort usetimetime
93389,https://m.media-amazon.com/images/I/617SHpecfKL.jpg,470067,width,"Airuipa9.05""Spout reach:6.9""IAU6""5.1""PRODUCT SIZE"
93390,https://m.media-amazon.com/images/I/617SHpecfKL.jpg,470067,height,"Airuipa9.05""Spout reach:6.9""IAU6""5.1""PRODUCT SIZE"
93391,https://m.media-amazon.com/images/I/617SOERFrqL.jpg,276611,height,"26.5""5.4""3.7527.4""11.8""11.8""11.2""6.1""21.5""10.8""11.7""15.7""594""33.5"""
93392,https://m.media-amazon.com/images/I/617SP2MS2bL.jpg,442321,maximum_weight_recommendation,"PRODUCT DIMENSION176Weight Capacity 176 LBSLBS310.6""3.1""8.1""29.8""17.9"".5""19.7"""
93393,https://m.media-amazon.com/images/I/617SRIUPbNL.jpg,675317,depth,Packing include:12 x Knob(about 30mm/1.18 INCH12x Screw (about 25mm/1 INCH)715
93394,https://m.media-amazon.com/images/I/617SRIUPbNL.jpg,675317,width,Packing include:12 x Knob(about 30mm/1.18 INCH12x Screw (about 25mm/1 INCH)715
93395,https://m.media-amazon.com/images/I/617STB8zVfL.jpg,843434,height,Product size9.3in13in5.5in6.TinZinZin
93396,https://m.media-amazon.com/images/I/617STjyi8PL.jpg,220662,height,"SIZE7cm/2.8""0.65cm/0.26""Icm/o.4""9cm/3.5""10.8cm/4.3"""
93397,https://m.media-amazon.com/images/I/617SUdYDm6L.jpg,844474,height,"Lightweight: only 450g042cm[16.5""Fit 14"" laptop14cm/5.5'30cm/11.8"""
93398,https://m.media-amazon.com/images/I/617SXxfw9JL.jpg,711228,width,G13.5cm/5.3in6.4cm/2.Sin( ( ( ((( ( ( e
93399,https://m.media-amazon.com/images/I/617SXxfw9JL.jpg,711228,depth,G13.5cm/5.3in6.4cm/2.Sin( ( ( ((( ( ( e
93400,https://m.media-amazon.com/images/I/617SXxfw9JL.jpg,711228,height,G13.5cm/5.3in6.4cm/2.Sin( ( ( ((( ( ( e
93401,https://m.media-amazon.com/images/I/617SY125kNL.jpg,242256,width,interpara Standard Schirmstander rund51mmAdapter41 mmAdapter0 51 mm58 mm280 mm480 mm65 mm
93402,https://m.media-amazon.com/images/I/617SY3hJl8L.jpg,276611,width,56cm]37cm7Ocm
93403,https://m.media-amazon.com/images/I/617SZSva5GL.jpg,180410,width,2.8in4.6in5.7in5.7in
93404,https://m.media-amazon.com/images/I/617SbqHTnoL.jpg,752266,width,58cm2.5cm15Ocm1Scm12cm16cm
93405,https://m.media-amazon.com/images/I/617Sf4vLMOL.jpg,459271,height,4step154cm19.ScmI95CMExtended47(W)*83(D)x154(H)cmClose size: 47(W)x8.5(D)x168.5(H)cm83cm47cmFully
93406,https://m.media-amazon.com/images/I/617SsCGro6L.jpg,648011,depth,60mm2.36 INIIOmm4.33 INSOCLE E26Facile a installer
93407,https://m.media-amazon.com/images/I/617T-ao5rNL.jpg,866516,height,25cm1Ocm1Ocm
93408,https://m.media-amazon.com/images/I/617TLfSr91S.jpg,763916,height,"1X Clothes Model1 x Trousers Model1x Aromatics Plate/Water1XHangerBlocking Panel39.5""1x Horizontal Bar5 x Elastic Clip9.5""COSTWAY14""9.5""Ccdnal13.5'COSTWAY ""60427"""
93409,https://m.media-amazon.com/images/I/617TUyOeJsL.jpg,599772,depth,Product SizePure manual measurement; there may be an error of +-2cm16cm616cm
93410,https://m.media-amazon.com/images/I/617TUyOeJsL.jpg,599772,height,Product SizePure manual measurement; there may be an error of +-2cm16cm616cm
93411,https://m.media-amazon.com/images/I/617TZROiEjL.jpg,876642,depth,"120mmProduct Parameters:Material: Abs+tempered GlassIruullesCable Length: i.5mHEATNGVoltage: 22ov/sohzCQASTER""Wa{# 3o""fModel-AQgTemperature: 40*C-60*CSwitch Method: TouchLs"" lemscrsluvHijh T#TCel nr9Satlhy1eroltsg89"
93412,https://m.media-amazon.com/images/I/617TbOS0Z3L.jpg,708102,depth,212cm/4..7in#appyRetirementenjoythenextchapter90Scm/1in
93413,https://m.media-amazon.com/images/I/617TbOS0Z3L.jpg,708102,width,212cm/4..7in#appyRetirementenjoythenextchapter90Scm/1in
93414,https://m.media-amazon.com/images/I/617TgKQLBCL.jpg,838598,depth,"Dimension9.5"" inches(Height )1.75"" inches(Width)"
93415,https://m.media-amazon.com/images/I/617TgKQLBCL.jpg,838598,height,"Dimension9.5"" inches(Height )1.75"" inches(Width)"
93416,https://m.media-amazon.com/images/I/617Thh7+5HL.jpg,480845,height,11.8 cmAltura18 cm33 cmProfundidadAncho
93417,https://m.media-amazon.com/images/I/617Tj8E8VIL.jpg,683885,depth,Dimensions:Width: 24mmLength: 2524mmyard
93418,https://m.media-amazon.com/images/I/617Tj8E8VIL.jpg,683885,height,Dimensions:Width: 24mmLength: 2524mmyard
93419,https://m.media-amazon.com/images/I/617Tj8E8VIL.jpg,683885,width,Dimensions:Width: 24mmLength: 2524mmyard
93420,https://m.media-amazon.com/images/I/617Tk3eTq9L.jpg,970563,depth,60MMTIOMM8MM31MM
93421,https://m.media-amazon.com/images/I/617Tk3eTq9L.jpg,970563,height,60MMTIOMM8MM31MM
93422,https://m.media-amazon.com/images/I/617TkVEC8QL.jpg,403664,height,3.15in115.12incapacity:1800ML
93423,https://m.media-amazon.com/images/I/617TkVEC8QL.jpg,403664,depth,3.15in115.12incapacity:1800ML
93424,https://m.media-amazon.com/images/I/617ToW3dHQL.jpg,784538,width,"29.5cm/11.61""37cm/14.56""21cm/8.26""))"
93425,https://m.media-amazon.com/images/I/617ToW3dHQL.jpg,784538,depth,"29.5cm/11.61""37cm/14.56""21cm/8.26""))"
93426,https://m.media-amazon.com/images/I/617TprSmT1L.jpg,164209,depth,165mm195mmCOCHE FAMILIAR PEQUENOCARSUVMPV2.3-2.5KG /CM?2.5KG I/CM?2.3-2.5KG/CM?
93427,https://m.media-amazon.com/images/I/617TxTZqhQL.jpg,640408,height,6.3CM/2.481NCHSET CONTAINS:8Bottles5.9CM/2.3INCHCAPACITY:16Oz5112 0z when used11for freeze500ml1375ml when usedfor freeze6.1CM/2.4INCH
93428,https://m.media-amazon.com/images/I/617U4RnvgcL.jpg,903603,height,8mm/o.3lin8mm/o.3linSC25-8SC25-8SC25_8SC25-8Cable Length:50cm/19.68in4AWG/20mm?
93429,https://m.media-amazon.com/images/I/617U4RnvgcL.jpg,903603,depth,8mm/o.3lin8mm/o.3linSC25-8SC25-8SC25_8SC25-8Cable Length:50cm/19.68in4AWG/20mm?
93430,https://m.media-amazon.com/images/I/617U8p0Ef0L.jpg,276611,height,"66.5""23.25""8.25"""
93431,https://m.media-amazon.com/images/I/617U8z4tjyL.jpg,358831,depth,TRAVERSE7cm/TRAVERSE2.75in60cm/23.6inTRAVERSE7cmTRAVERSE2.75in40cm/15.7in
93432,https://m.media-amazon.com/images/I/617UCsHXw2L.jpg,553707,maximum_weight_recommendation,150lb25.2in22.4in26.7in221b15inF4.9in-
93433,https://m.media-amazon.com/images/I/617UGC37M9L.jpg,932289,width,"ULTCOVERULTIMATE PATIO COVERSFits Square Fire Pit Table Upto40""(L) x 40""(W)x 20""(H)Anti-UVWaterproofWindproofSnowProtection20""40""40""ULTCOVER""@LTINEPATOCOVERS"
93434,https://m.media-amazon.com/images/I/617UJkZxXWL.jpg,231838,width,BODY WASHSHAMPoOCONDITIONERCCM 'CtaolTtComlonebe TmeCon-crable TinleHAND SOAPLotioNDISHS0 A PCcT canl jmeComlanata ICcT 'craol lime3.3 in8 . 5cmCMEEECEEDOTEFF3in7.6cm7.3 in18.5 cmBO DYW /Comfortable TilimeCONDITIONERComfortable TimeY | $1602Includes:S0 Y | $160216 0z brown bottleX 3Waterproof IabelX6Funnel x12.6 in6.7cm
93435,https://m.media-amazon.com/images/I/617ULdNdsWL.jpg,658003,height,"2""14.68""12""12""~"
93436,https://m.media-amazon.com/images/I/617UWR1WXeL.jpg,464488,height,2.8inch
93437,https://m.media-amazon.com/images/I/617UWR1WXeL.jpg,464488,width,2.8inch
93438,https://m.media-amazon.com/images/I/617UWR1WXeL.jpg,464488,depth,2.8inch
93439,https://m.media-amazon.com/images/I/617UaYNGU3L.jpg,115666,height,"15.744'7.8717.7""10.2""3513.9"""
93440,https://m.media-amazon.com/images/I/617UaYNGU3L.jpg,115666,width,"15.744'7.8717.7""10.2""3513.9"""
93441,https://m.media-amazon.com/images/I/617UbYfY-8L.jpg,652661,depth,20cm/7.87in
93442,https://m.media-amazon.com/images/I/617UbYfY-8L.jpg,652661,width,20cm/7.87in
93443,https://m.media-amazon.com/images/I/617UiH3Gh1L.jpg,752266,width,"70mm54mm499SiSS 'Yass? ""n52mm -umeyYOJcol5 )179 MOZ XVW AZILosooz Iapow"
93444,https://m.media-amazon.com/images/I/617Utqeg3kL.jpg,478357,width,10Ocm{60cm
93445,https://m.media-amazon.com/images/I/617V8UcWGfL.jpg,810266,depth,AlhuWHAT'S IN THE PACKAGE?S H 0 P9OzDisposable Paper Cups30 PCS2.9inch1.9inch3.14inchMerryks'gwind
93446,https://m.media-amazon.com/images/I/617V8UcWGfL.jpg,810266,height,AlhuWHAT'S IN THE PACKAGE?S H 0 P9OzDisposable Paper Cups30 PCS2.9inch1.9inch3.14inchMerryks'gwind
93447,https://m.media-amazon.com/images/I/617VF9CDtXL.jpg,844474,height,"Scm(1.96"")iPad Minican beplaced!14.96""HGnoles $ oesioniPadExc-@4.33""W11.02""LPRODUCT INFORMATIONBrand: CnolesMaterial:LeatherLining material: fabricStructure:Main1,Zipperl,Inner patch pocket * 1,Compartment1Weight: 1.275kg_2.81poundsSize:11.02""Lx4.33""Wx 14.96""H (28x lx38CM)Handle: Scm(1.96"")Shoulder Straps: 42-58cm (16.5-22.8"")Function: both shoulders,single shoulder; portableCowbagpocketbag"
93448,https://m.media-amazon.com/images/I/617VI+bjtoL.jpg,810266,depth,Smooth Edges0Solid Base2.48inch
93449,https://m.media-amazon.com/images/I/617VI+bjtoL.jpg,810266,width,Smooth Edges0Solid Base2.48inch
93450,https://m.media-amazon.com/images/I/617VKQ4lzFS.jpg,849273,height,"Exterior dimensions: 10.47' x 9.68"" X 6.875Interior dimensions: 9.17 x 7"" x 6.126.85 INCMIiIN17.49.682210.47CM26.6"
93451,https://m.media-amazon.com/images/I/617VLNAQsTL.jpg,470067,height,284MM237MM315MM~~'To34MMTROU DE MONTAGE0 35MM-38MM5OMMbachleina
93452,https://m.media-amazon.com/images/I/617VR+xuV1L.jpg,783898,depth,"1PCS67.8mm#A98mm""3p268"
93453,https://m.media-amazon.com/images/I/617VVWem+-L.jpg,106003,width,5cm12inch12cm / 4.7inch6cm12.4inch
93454,https://m.media-amazon.com/images/I/617VahvdT3L.jpg,478357,height,"23.6""23.6""27.6""23.6""27.6"""
93455,https://m.media-amazon.com/images/I/617Vjpg6-VL.jpg,478357,width,26 x 26 cm50 cm26 cm26 cm
93456,https://m.media-amazon.com/images/I/617Vjpg6-VL.jpg,478357,height,26 x 26 cm50 cm26 cm26 cm
93457,https://m.media-amazon.com/images/I/617Vk78VlIL.jpg,279307,item_weight,GenuineMedia122SWCnviroCareTECHNOLOGIES3Designed t0 Fit:Concus Pour: DisenadoMedida:3DIRT YDEVIL*3BAGSGBOLSASRegistered TRADEMARK Of ROYAL APPLIANCE MfGcoFilter
93458,https://m.media-amazon.com/images/I/617VmH3zkOL.jpg,208023,width,Large CapacityPicture FrameHighCapacity0.7810.4in8.3in8F;56.Sin
93459,https://m.media-amazon.com/images/I/617VpYZoxFL.jpg,823083,width,"7.87""7.87""2Ocm2Ocm2.36"" /6cm2.36""/6cm5.51""/14cm5.51""/14cm7.87""2OcmGA2.36""/6cm5.51""/14cm"
93460,https://m.media-amazon.com/images/I/617VsfywOrL.jpg,416664,width,Supports the working height:16.9in-20.8in18.linch0.78inch15.Sinch18.1-Inch Super Wide Light BarFlexible Neck4)'8.26inch7.08inchIntelligent Touch ControlStable Base8
93461,https://m.media-amazon.com/images/I/617W+OLoEvL.jpg,630390,item_weight,DymatizePROIERBo6.50 269ISQIOU H Y 0 A 0 [Y1[DymatizePRDTEIN POWDERT00% WHEY PROTEINISDLIIE71 SERVINGSRETWTslb(2akg)OOUAMET CHOCDLTE259
93462,https://m.media-amazon.com/images/I/617W11Tti0L.jpg,178778,depth,12.99 in33.0 cmg5'53
93463,https://m.media-amazon.com/images/I/617WD+ornHL.jpg,801829,width,98 cm44 cm45 cm44 cm56 cm
93464,https://m.media-amazon.com/images/I/617WDJNJCyL.jpg,810266,depth,PERFECT SIZEJumb lery2.9 inchinchSleiwog2088.3
93465,https://m.media-amazon.com/images/I/617WDJNJCyL.jpg,810266,height,PERFECT SIZEJumb lery2.9 inchinchSleiwog2088.3
93466,https://m.media-amazon.com/images/I/617WH3+4TqL.jpg,945489,width,Handy Travel SizeCapacity:Sml9.3 cmF1.9 cm-
93467,https://m.media-amazon.com/images/I/617WH3+4TqL.jpg,945489,depth,Handy Travel SizeCapacity:Sml9.3 cmF1.9 cm-
93468,https://m.media-amazon.com/images/I/617WOnWNojL.jpg,488883,width,"24""17.5""17.7""24xl7.5xl7.7"""
93469,https://m.media-amazon.com/images/I/617WOnWNojL.jpg,488883,height,"24""17.5""17.7""24xl7.5xl7.7"""
93470,https://m.media-amazon.com/images/I/617Wf6a5zxL.jpg,478357,height,"10Ocm/394""18cm17.4""8Ocm1315""65cm125.6""144,5cm/17.5""9,5cm13.7""24cmF/94"""
93471,https://m.media-amazon.com/images/I/617WhlLY-0L.jpg,142748,depth,46inch3141inch46inch12.6inch0.88lb10 ribs
93472,https://m.media-amazon.com/images/I/617WhlLY-0L.jpg,142748,height,46inch3141inch46inch12.6inch0.88lb10 ribs
93473,https://m.media-amazon.com/images/I/617WhlLY-0L.jpg,142748,width,46inch3141inch46inch12.6inch0.88lb10 ribs
