index,image_link,group_id,entity_name,e
92874,https://m.media-amazon.com/images/I/6179Bfc8S+L.jpg,242256,depth,18cm28cm5 cOlors300 flagsAbout14ml 374 feet
92875,https://m.media-amazon.com/images/I/6179DdS-dmL.jpg,764417,width,49 CMOrtoprimes17 CM55333 8# %J88Ijh0(4930CMCM4OCMCM52CM
92876,https://m.media-amazon.com/images/I/6179EHQU4UL.jpg,611510,height,"OTHER BRAND14.9""SUPERJARRE16.3""Safety is our top priority.Ensure morestability_no need to worry about tipping over:"
92877,https://m.media-amazon.com/images/I/6179EHQU4UL.jpg,611510,depth,"OTHER BRAND14.9""SUPERJARRE16.3""Safety is our top priority.Ensure morestability_no need to worry about tipping over:"
92878,https://m.media-amazon.com/images/I/6179EHQU4UL.jpg,611510,width,"OTHER BRAND14.9""SUPERJARRE16.3""Safety is our top priority.Ensure morestability_no need to worry about tipping over:"
92879,https://m.media-amazon.com/images/I/6179EqSVyHS.jpg,106003,depth,WAZSoli Deo GloriaW | n G H 0 U $ E688(6.5cm)2.55 inch
92880,https://m.media-amazon.com/images/I/6179OgbRpkL.jpg,611510,height,"23""8.5""13""18.5""4.5""19""29""37.5""23""22.5"""
92881,https://m.media-amazon.com/images/I/6179Q3ZaEeL.jpg,530124,width,"210mm18.3""260mm/10.2""3mm/o.12"""
92882,https://m.media-amazon.com/images/I/6179Rh3uOfL.jpg,849273,height,MULTI-ANGLE DISPLAY13.5cm5.3ininstax4cm/.57 in9.7cm/3.82in0
92883,https://m.media-amazon.com/images/I/6179ULVlnzL.jpg,416664,depth,"2OcmThe BestValentinesGiftSemLovo you to thc moon and back[oxo Aon [0VI4uq puck{5""Y: JusxDaysdluyArukrvTpcVworn"
92884,https://m.media-amazon.com/images/I/6179ULVlnzL.jpg,416664,height,"2OcmThe BestValentinesGiftSemLovo you to thc moon and back[oxo Aon [0VI4uq puck{5""Y: JusxDaysdluyArukrvTpcVworn"
92885,https://m.media-amazon.com/images/I/6179ULVlnzL.jpg,416664,width,"2OcmThe BestValentinesGiftSemLovo you to thc moon and back[oxo Aon [0VI4uq puck{5""Y: JusxDaysdluyArukrvTpcVworn"
92886,https://m.media-amazon.com/images/I/6179V7q9oLL.jpg,907907,item_weight,Standard 9/16 IN SpindleProtective shell protects the threadR for right; L for leftSuitable for most bikesOA /
92887,https://m.media-amazon.com/images/I/6179WPhGhtL.jpg,978900,width,RECYCLINGBARBECUE FIREEASY TO CARRRY50tinfoil tray50CoverOVENAIR FRYERREFRIGER ATORSTEAMER50fork spoon50Sealing sticker6.3cm/2.48in16.5cm/6.49in182in4.Scm/1.8cm/5.8114.84.33in77in811cm/e
92888,https://m.media-amazon.com/images/I/6179XQnvxgL.jpg,843434,height,6272~221 85/8 IN^X0CM8
92889,https://m.media-amazon.com/images/I/6179XY9RUyL.jpg,592333,height,"1.9cm/0.75""1.7cm/0.67""1.8cm/o 71"
92890,https://m.media-amazon.com/images/I/6179Xw0ZPiL.jpg,866516,height,020 5cm3
92891,https://m.media-amazon.com/images/I/6179Xw0ZPiL.jpg,866516,depth,020 5cm3
92892,https://m.media-amazon.com/images/I/6179ZyS3gFL.jpg,640408,depth,SOOML/IZozPOURER:6 in9.4 inHOMILABSSESAME OIL7 in350 ML| 12 02DIAMETER2.75 in
92893,https://m.media-amazon.com/images/I/6179ZyS3gFL.jpg,640408,height,SOOML/IZozPOURER:6 in9.4 inHOMILABSSESAME OIL7 in350 ML| 12 02DIAMETER2.75 in
92894,https://m.media-amazon.com/images/I/6179ZyS3gFL.jpg,640408,width,SOOML/IZozPOURER:6 in9.4 inHOMILABSSESAME OIL7 in350 ML| 12 02DIAMETER2.75 in
92895,https://m.media-amazon.com/images/I/6179hnV22DL.jpg,913156,width,Product Size12PCS0.9inF12PCS10.9in12PCS0.9inF+13.28in11.42in9.45in3.15in3.15in3.15in8
92896,https://m.media-amazon.com/images/I/6179hnV22DL.jpg,913156,depth,Product Size12PCS0.9inF12PCS10.9in12PCS0.9inF+13.28in11.42in9.45in3.15in3.15in3.15in8
92897,https://m.media-amazon.com/images/I/6179j94gZ0L.jpg,866516,depth,71212 cm27 cm
92898,https://m.media-amazon.com/images/I/6179j94gZ0L.jpg,866516,height,71212 cm27 cm
92899,https://m.media-amazon.com/images/I/6179qrOClUL.jpg,810266,height,9.5cm713.5cm112cml 0
92900,https://m.media-amazon.com/images/I/6179qzSxLiL.jpg,545902,height,2.5L3Easyworkz0520 / 7.9in
92901,https://m.media-amazon.com/images/I/6179qzSxLiL.jpg,545902,depth,2.5L3Easyworkz0520 / 7.9in
92902,https://m.media-amazon.com/images/I/6179rwdY+sL.jpg,416664,depth,Our YIWER led candlesc5 PACKor3 PACK89 PACK103.15inch ( 8cm )02.16inch(5.5cm)
92903,https://m.media-amazon.com/images/I/6179x8pTCkL.jpg,916768,depth,StrongN32 MagnetsHexagon Glass ShapeZ.cmHolds 85ml1 40z5.4cm
92904,https://m.media-amazon.com/images/I/6179x8pTCkL.jpg,916768,width,StrongN32 MagnetsHexagon Glass ShapeZ.cmHolds 85ml1 40z5.4cm
92905,https://m.media-amazon.com/images/I/617A23SfTwL.jpg,119607,depth,89N10 in~
92906,https://m.media-amazon.com/images/I/617A23SfTwL.jpg,119607,height,89N10 in~
92907,https://m.media-amazon.com/images/I/617A23SfTwL.jpg,119607,width,89N10 in~
92908,https://m.media-amazon.com/images/I/617A2iAxCjL.jpg,569206,width,age300 mmPPOFICARE300 mm21mmT
92909,https://m.media-amazon.com/images/I/617A3z2O16L.jpg,243137,depth,SizeHAPPY BIRTHDAY1150cmWithout bracket
92910,https://m.media-amazon.com/images/I/617A69YAQGL.jpg,701880,item_weight,"Package List1/4""-20 Fixing Screw x 13/8""-16 Fixing Screw x 18Omm1/4""-20 Screw x 2Hex Spanner x 1Base Plate * 126mm8Omm43mmProduct ParametersBrandProduct DimensionsProduct weightSmallRig80 * 43 x 26mmIDMaterialCompatibility1674AluminumrubberUniversal171galloy,"
92911,https://m.media-amazon.com/images/I/617A69YAQGL.jpg,701880,maximum_weight_recommendation,"Package List1/4""-20 Fixing Screw x 13/8""-16 Fixing Screw x 18Omm1/4""-20 Screw x 2Hex Spanner x 1Base Plate * 126mm8Omm43mmProduct ParametersBrandProduct DimensionsProduct weightSmallRig80 * 43 x 26mmIDMaterialCompatibility1674AluminumrubberUniversal171galloy,"
92912,https://m.media-amazon.com/images/I/617A7BU2trL.jpg,231838,depth,Bamboo PumpBPA-Free Plastic BottleHand PouredDISH SOAPc5Hand Poured1EAumsitdanHAND SOAP2.9 inchAmusitdan1601Bamboo Soap2.9 inchTray
92913,https://m.media-amazon.com/images/I/617A7BU2trL.jpg,231838,width,Bamboo PumpBPA-Free Plastic BottleHand PouredDISH SOAPc5Hand Poured1EAumsitdanHAND SOAP2.9 inchAmusitdan1601Bamboo Soap2.9 inchTray
92914,https://m.media-amazon.com/images/I/617A7BU2trL.jpg,231838,height,Bamboo PumpBPA-Free Plastic BottleHand PouredDISH SOAPc5Hand Poured1EAumsitdanHAND SOAP2.9 inchAmusitdan1601Bamboo Soap2.9 inchTray
92915,https://m.media-amazon.com/images/I/617A8DdTxdL.jpg,279307,item_weight,SpcsVO7o44o
92916,https://m.media-amazon.com/images/I/617A9bk6l9L.jpg,983323,wattage,MODELMRS2O-BMACIOOVORIXACOVAC FANACI15V1OovSohz0Ba6xf10vsohz1OaGXFw @Npi110vGohz1OAGXF1i5v6ohzOA6xf2PTPLNTHERMALLYPROTECTED ( CSA)PYS1610108ORIENTAL MOTOR COLTD:MADE IN JAPAN
92917,https://m.media-amazon.com/images/I/617A9bk6l9L.jpg,983323,voltage,MODELMRS2O-BMACIOOVORIXACOVAC FANACI15V1OovSohz0Ba6xf10vsohz1OaGXFw @Npi110vGohz1OAGXF1i5v6ohzOA6xf2PTPLNTHERMALLYPROTECTED ( CSA)PYS1610108ORIENTAL MOTOR COLTD:MADE IN JAPAN
92918,https://m.media-amazon.com/images/I/617AA1JHqRL.jpg,120219,height,"Optimized Dimensions13.1""2.9""QUARTSANDWICH9GALLONSNACKFOILPLASTIC"
92919,https://m.media-amazon.com/images/I/617ABVymAtL.jpg,752266,width,"5.1413.8""47""Multiple rod and Slope ceiling adapter included )3.2""7.5""F5.5""-19.7""x2 + 13.7""'x2AdapterLamp shade x4(Beige White)"
92920,https://m.media-amazon.com/images/I/617AJW8meQL.jpg,752266,height,3.2cm1.26inch18cm10cm7.0ginch3.94inch12cm7.Scm4.72inch2.95inch20cm7.87inchEarth line{86Fire lineNull lineBRT LED Drive
92921,https://m.media-amazon.com/images/I/617ALkTBpbL.jpg,149159,depth,17518cm/7. 1in
92922,https://m.media-amazon.com/images/I/617ANuU3ATL.jpg,373285,item_volume,"NatifeeNauske""NaturalAntioxidantJustAronia65AmNatucantJustAronia65Juice Concentrate6SBrix 100%19.61 fl oz(S8Oml)Aronia Juice Concentrate65Brix 100%19.61 fl 0z(58Oml)Aronia"
92923,https://m.media-amazon.com/images/I/617AOrEwFvL.jpg,801829,height,"33""29""22"""
92924,https://m.media-amazon.com/images/I/617AQpuTclL.jpg,849273,depth,"SIZE2-75inch7cmHELLO KittyR5z6-;.6""71Kitty7fl-%.2.55inch/6.5cmHello Kgn""?"
92925,https://m.media-amazon.com/images/I/617AXmh5jEL.jpg,469317,height,"39.37""9.05""14.567/21.65""22.83""35.43""6.47cu.ft36.22""22.83""Sekey10.63""Sekey"
92926,https://m.media-amazon.com/images/I/617AdKGOBZL.jpg,180410,height,"COMPACT DESIGNFunctional, slim and easy touse in a pinch218Tuesday; September 144.33""0.39""2.95"""
92927,https://m.media-amazon.com/images/I/617AdjMM8NL.jpg,728511,depth,MONTH OFMONTHLY PLANNERIL ~nanecanLt-tz~MONDAYTUESDAYWEDNESDAYTHURSDAYFRIDAYSATURDAYSUNDAYNOTES88NIKITA36 cm
92928,https://m.media-amazon.com/images/I/617Aj6OBPVL.jpg,944936,depth,"6.0""4.0'A little note can have a big impactl"
92929,https://m.media-amazon.com/images/I/617Aj6OBPVL.jpg,944936,width,"6.0""4.0'A little note can have a big impactl"
92930,https://m.media-amazon.com/images/I/617AjjOJIML.jpg,849273,height,Product Information44cm24cmM27cm20cm10.6in(L)*6.6in(W) *17.3in(H)7.8in(L)*2.7in(W)*9.4in(H)Colors Available to Choose: Black / Dark-blue / Purple7cm17cm
92931,https://m.media-amazon.com/images/I/617AkFEGSML.jpg,997333,item_weight,"E]23.Smm(uTModelFX-SVInput5VOutput powerMax 15WOutput voltage5V DC or Micro USBWorking currentMax 3A (support 3A 2.5A 2.0A 1.5A1A 0.5A)QTY & Capacity of batterys0o0mAh2 Li-polymer 37WhUnit dimension1087823.5 mmNet weight218 gSize of DC cable5.5 * 2.5 mmDC Jacks5.5 x 2.Imm, 4.0 x 1.7mm; 3.5 x 1.35mm, Micro USB(JNjO;;108mm78mm"
92932,https://m.media-amazon.com/images/I/617Appvd5VL.jpg,145452,depth,042878Choose The Right Size822oz93202540oz650ml950ml120Oml2.9in3.5in3.5in2L1Hydro PalHydro Pal1
92933,https://m.media-amazon.com/images/I/617Appvd5VL.jpg,145452,width,042878Choose The Right Size822oz93202540oz650ml950ml120Oml2.9in3.5in3.5in2L1Hydro PalHydro Pal1
92934,https://m.media-amazon.com/images/I/617AtVveKQL.jpg,407921,wattage,VersaLink 8400116.8 in_18.1 in.30.00 IbUP TO 47ppm3-15 USERS
92935,https://m.media-amazon.com/images/I/617AtVveKQL.jpg,407921,item_weight,VersaLink 8400116.8 in_18.1 in.30.00 IbUP TO 47ppm3-15 USERS
92936,https://m.media-amazon.com/images/I/617Au6d7qXL.jpg,308430,width,"Kp3402CAPACITY8"" H4.5"" W"
92937,https://m.media-amazon.com/images/I/617Au6d7qXL.jpg,308430,depth,"Kp3402CAPACITY8"" H4.5"" W"
92938,https://m.media-amazon.com/images/I/617BAYvod4L.jpg,752266,width,"hofstein042,5cm"
92939,https://m.media-amazon.com/images/I/617BAYvod4L.jpg,752266,height,"hofstein042,5cm"
92940,https://m.media-amazon.com/images/I/617BAYvod4L.jpg,752266,depth,"hofstein042,5cm"
92941,https://m.media-amazon.com/images/I/617BGjE-uCL.jpg,833373,width,TemperatureWiFi SignalDisplay( Cr'F)Jc.S-633HumidityWeekSuN moNTUEWEDTHUFRISATDisplayAMIPM~AMTime DisplayYEARMonthDAY2022/05/26Date Display6.5cmFLED IndicatorMicroUSB Port6.5cmReset Button('F and %C Switch)
92942,https://m.media-amazon.com/images/I/617BGjE-uCL.jpg,833373,height,TemperatureWiFi SignalDisplay( Cr'F)Jc.S-633HumidityWeekSuN moNTUEWEDTHUFRISATDisplayAMIPM~AMTime DisplayYEARMonthDAY2022/05/26Date Display6.5cmFLED IndicatorMicroUSB Port6.5cmReset Button('F and %C Switch)
92943,https://m.media-amazon.com/images/I/617BHhSbEoS.jpg,893692,height,Length- 47 cmsHeight68 cms0726cmsWidth
92944,https://m.media-amazon.com/images/I/617BHhSbEoS.jpg,893692,depth,Length- 47 cmsHeight68 cms0726cmsWidth
92945,https://m.media-amazon.com/images/I/617BILLqv4L.jpg,442321,width,"47.25""35.4""19.73.114.2""I6.1""31""8.6""27.7158.6""33""11.8""34.6""4.1"""
92946,https://m.media-amazon.com/images/I/617BOzz-fNL.jpg,883361,depth,STAINLESSSTEEL47cm29cm
92947,https://m.media-amazon.com/images/I/617BQ2GwU3L.jpg,130591,maximum_weight_recommendation,"DurableFiber-Tech"" Construction provides enhanced comfort,stability; and support. Unlike traditional airbedconstruction, high-strength polyester fibers do notstretch over timeWARNING: This product containschemical known to the StateCalifornia to cause birth defects or other reproductive harmTWIN300 167ein >16y2inTtc|nai+JcmCapecily16vin,heIGHTFaTctActc Jir Voht belcrcChex lewve cIactonBUILT-INPUMPFor Fast Inflationand DeflationN"
92948,https://m.media-amazon.com/images/I/617BRSVyclL.jpg,276611,width,I527mm1047mm
92949,https://m.media-amazon.com/images/I/617BeaelIcL.jpg,963595,height,Apply to 1.2~1.8 inch sink plugUniversal tub stopper and sink plug0.98 in85@ 1.18 in1.97 in
92950,https://m.media-amazon.com/images/I/617Biz0DEyL.jpg,594224,height,5.lcm6030.Scm
92951,https://m.media-amazon.com/images/I/617Biz0DEyL.jpg,594224,width,5.lcm6030.Scm
92952,https://m.media-amazon.com/images/I/617BkiaUZjL.jpg,816782,height,"naturelle DIATOSPAM A R 0 U EF R A N C A | $ E""ptos =""presen12DiatomilediatomiteLongueur:6ocmLargeur:40cmEpaisseur:0.Scmautot5L0longrecondemnutes'Hygienique'Naturelle'Confortable~Antiderapant~LavablemachineOVJAnonMJN"
92953,https://m.media-amazon.com/images/I/617BtW2TvxL.jpg,913156,width,"ABOUT SIZEROMADEDI2.2cm/0.87""6.4cm/2.4""4.8cm/1.9"""
92954,https://m.media-amazon.com/images/I/617BwazpjnL.jpg,648011,width,Long Life Lamp CompanyLED Undercabinet Light UC575 24W 6000KDIMENSIONSY IJAENERGIE IAehepraevepyeia575mmAAB38mmF160mmG23mmC€Wire: 1400mmNon-DimmableSorA>
92955,https://m.media-amazon.com/images/I/617BwazpjnL.jpg,648011,height,Long Life Lamp CompanyLED Undercabinet Light UC575 24W 6000KDIMENSIONSY IJAENERGIE IAehepraevepyeia575mmAAB38mmF160mmG23mmC€Wire: 1400mmNon-DimmableSorA>
92956,https://m.media-amazon.com/images/I/617BzcYIhPL.jpg,200507,width,Product size1.5inch22.5inch9inch
92957,https://m.media-amazon.com/images/I/617C0YDocfL.jpg,347320,width,010x2017.87 inch8{8ZOcm
92958,https://m.media-amazon.com/images/I/617C4UjUm2L.jpg,296275,depth,220 cthermostaticpainted steel frameGoblet with a glass bottom3cmdiameter less than 9cm
92959,https://m.media-amazon.com/images/I/617C4UjUm2L.jpg,296275,width,220 cthermostaticpainted steel frameGoblet with a glass bottom3cmdiameter less than 9cm
92960,https://m.media-amazon.com/images/I/617C4UjUm2L.jpg,296275,height,220 cthermostaticpainted steel frameGoblet with a glass bottom3cmdiameter less than 9cm
92961,https://m.media-amazon.com/images/I/617C5AnH8pS.jpg,149708,height,WyZL35cm/13.Zinch
92962,https://m.media-amazon.com/images/I/617C5AnH8pS.jpg,149708,depth,WyZL35cm/13.Zinch
92963,https://m.media-amazon.com/images/I/617C5vkZ1IL.jpg,784538,width,"SIZE12 x 15 inches2iScEn(0che WinDBLOWMATERIALHigh quality, HD printsonpremium canvas,Waterproof;UV resistant5FEATURESCanvas prints alreadystretched on solidwooden frames;Ready to hangand uprightWacCH ch€ SUn RIS€PERFECT GIFTProvide stylish andbeautifulfor yourlover, friends and family:12inchgifts"
92964,https://m.media-amazon.com/images/I/617C5vkZ1IL.jpg,784538,depth,"SIZE12 x 15 inches2iScEn(0che WinDBLOWMATERIALHigh quality, HD printsonpremium canvas,Waterproof;UV resistant5FEATURESCanvas prints alreadystretched on solidwooden frames;Ready to hangand uprightWacCH ch€ SUn RIS€PERFECT GIFTProvide stylish andbeautifulfor yourlover, friends and family:12inchgifts"
92965,https://m.media-amazon.com/images/I/617CA6FFoPL.jpg,149708,depth,K----18cn/7inchTS5 -45cm/17.7inch
92966,https://m.media-amazon.com/images/I/617CA6FFoPL.jpg,149708,width,K----18cn/7inchTS5 -45cm/17.7inch
92967,https://m.media-amazon.com/images/I/617CH6KyFSS.jpg,886874,depth,Size Display885.3 in73 in5.1in(22325;835
92968,https://m.media-amazon.com/images/I/617CLDepOLL.jpg,683885,width,Total 16m/17.SyardScm2m/2 2yard2m/2 2yard2m/2 2yard2m/2 Zyard2m/2 Zyard2m/2 Zyard2m/2 Zyard2m/2 Zyard
92969,https://m.media-amazon.com/images/I/617CLDepOLL.jpg,683885,depth,Total 16m/17.SyardScm2m/2 2yard2m/2 2yard2m/2 2yard2m/2 Zyard2m/2 Zyard2m/2 Zyard2m/2 Zyard2m/2 Zyard
92970,https://m.media-amazon.com/images/I/617CLDepOLL.jpg,683885,height,Total 16m/17.SyardScm2m/2 2yard2m/2 2yard2m/2 2yard2m/2 Zyard2m/2 Zyard2m/2 Zyard2m/2 Zyard2m/2 Zyard
92971,https://m.media-amazon.com/images/I/617CLswM08L.jpg,292475,depth,PRODUCT DIMENSIONSQUALITY CRAFTED30zCAPACITY3 in1.4 in
92972,https://m.media-amazon.com/images/I/617CLswM08L.jpg,292475,width,PRODUCT DIMENSIONSQUALITY CRAFTED30zCAPACITY3 in1.4 in
92973,https://m.media-amazon.com/images/I/617CS5ppRTL.jpg,442321,height,"9:28.7""27 56""47""7 87""45""37.55""68"
92974,https://m.media-amazon.com/images/I/617Cb5dLsIL.jpg,675317,depth,Overall length: 2 inch(SOmm)Dia:0.43 inch(11mm)Height:1-1/4 inch(32mm)inch (standard screw)1.77 inch (breakaway screw)Thickness11/16-1-3/5 inch(17-41mm)
92975,https://m.media-amazon.com/images/I/617CjcQUqcL.jpg,916768,height,The inner height9cm/3.Sin5.Scm/2.1in3935cm/13.7in30cm/11.8in23cm/9in25.5cm/1Oin
92976,https://m.media-amazon.com/images/I/617Cr4T0uzL.jpg,308430,depth,315.5in / 14cm(Capacity: 750ml]
92977,https://m.media-amazon.com/images/I/617Cs5EXPjL.jpg,119607,height,6@uGtMeeLHOME(eet)RTMEY5.9inch
92978,https://m.media-amazon.com/images/I/617Cs5EXPjL.jpg,119607,width,6@uGtMeeLHOME(eet)RTMEY5.9inch
92979,https://m.media-amazon.com/images/I/617Cs5EXPjL.jpg,119607,depth,6@uGtMeeLHOME(eet)RTMEY5.9inch
92980,https://m.media-amazon.com/images/I/617Ctp3AmYS.jpg,149159,depth,0187.08 Inch/18cm
92981,https://m.media-amazon.com/images/I/617D4owkIKL.jpg,648011,height,"1.78""/4.ScmLighting FactsPer BulbBrightness200 lumensEstimated Yearly Energy Costs 0.24Based on 3 hrslday; 11e/kWh2.84""/Cost depends on rates and use7.2cmLifeBased on 3 hrslday20 yearsEnergy Used2.0 wattsLight AppearanceWarm_Cool2200K (Extra Warm White)Beam Angle330-DIMMABLEE26"
92982,https://m.media-amazon.com/images/I/617D4owkIKL.jpg,648011,depth,"1.78""/4.ScmLighting FactsPer BulbBrightness200 lumensEstimated Yearly Energy Costs 0.24Based on 3 hrslday; 11e/kWh2.84""/Cost depends on rates and use7.2cmLifeBased on 3 hrslday20 yearsEnergy Used2.0 wattsLight AppearanceWarm_Cool2200K (Extra Warm White)Beam Angle330-DIMMABLEE26"
92983,https://m.media-amazon.com/images/I/617D9GOMPUL.jpg,944936,width,Size53CoNgRatulatIoNsON PURSUINGYOUR DREAM8OF NO LONGERWORKING HERE
92984,https://m.media-amazon.com/images/I/617D9GOMPUL.jpg,944936,depth,Size53CoNgRatulatIoNsON PURSUINGYOUR DREAM8OF NO LONGERWORKING HERE
92985,https://m.media-amazon.com/images/I/617DFK8RnVL.jpg,611510,width,1J9.84inches/250mm9.84inches/25mmLoad Capacity:5o0ibsProduct Weight:2.54b59.84incheslFully Open Size:250mm* 17.72inches9.84inches/Closed Size:250mm2.36inches2.36-17.72inchesAdjustable Height Range:12 postionsMaterial:Modified plastic
92986,https://m.media-amazon.com/images/I/617DGI-Js0L.jpg,675317,width,"8 Stick Selbstklebende Turgriffe4 * Schwarz ,4Weiss2.3cm4 Paar Selbstklebende Aufkleber11cm7cm==4 Paare Selbstklebende Turgriffe"
92987,https://m.media-amazon.com/images/I/617DGNUOIgL.jpg,810266,depth,2402Keks iKY/Laxled)Tlller hoiile634Fimibuke43
92988,https://m.media-amazon.com/images/I/617DGNUOIgL.jpg,810266,height,2402Keks iKY/Laxled)Tlller hoiile634Fimibuke43
92989,https://m.media-amazon.com/images/I/617DGNUOIgL.jpg,810266,width,2402Keks iKY/Laxled)Tlller hoiile634Fimibuke43
92990,https://m.media-amazon.com/images/I/617DKigRC5L.jpg,866516,depth,4.3 inch3.2 inchBling Diamond
92991,https://m.media-amazon.com/images/I/617DKigRC5L.jpg,866516,height,4.3 inch3.2 inchBling Diamond
92992,https://m.media-amazon.com/images/I/617DMDvh-bL.jpg,522832,width,Dimension descriptionTinches (18cm)I]11182533Defore13.4 inches (34 cm)after17.7 inches (45 cm)13
92993,https://m.media-amazon.com/images/I/617DMLpiRXL.jpg,208023,height,Size25.6cm 29.6cm19.Scm17.5cm14.5cm--9.Scm-42.Scm-16.9cm--14.5cm20.9cm32.8cm24.2cm
92994,https://m.media-amazon.com/images/I/617DNB-HxXL.jpg,844474,height,Go Outside With EaseManual measurement; there will be1-3cm error6cmBoxus9xBEAUIYRUNWAYSRECUALSKINNAIL S33cmSEXKINKIER?THE WOLWall STRMARCROBEON FAME. FI15cm32cm
92995,https://m.media-amazon.com/images/I/617DQ63DJ9L.jpg,854006,item_weight,"SPECIFICATIONS) 'N ACModel Number62DT-JBKGrip StyleDri-Tac 2.0 MidsizeColorwayJet BlackStyleAVSGrip-SizeMidsize +1/16""Core-Size0.600FirmnessMediumShock-ObsorptionHighMaterialDri-Tac 2.0TextureModerateProfileTaperedWeight54 g"
92996,https://m.media-amazon.com/images/I/617DQGc2XaL.jpg,460806,depth,Photo Filter ThreadSize77.0 MillimetersK&FKRFIONCEPT?1Coating Description0MultiCoatingMcCERIESFILTERPhoto Filter EffectTypeUltraviolet
92997,https://m.media-amazon.com/images/I/617DQGc2XaL.jpg,460806,width,Photo Filter ThreadSize77.0 MillimetersK&FKRFIONCEPT?1Coating Description0MultiCoatingMcCERIESFILTERPhoto Filter EffectTypeUltraviolet
92998,https://m.media-amazon.com/images/I/617DQGc2XaL.jpg,460806,height,Photo Filter ThreadSize77.0 MillimetersK&FKRFIONCEPT?1Coating Description0MultiCoatingMcCERIESFILTERPhoto Filter EffectTypeUltraviolet
92999,https://m.media-amazon.com/images/I/617DR-NbdWL.jpg,995842,width,Product Parameter55mm25mmTool ProbemmLcd Display Screen7ZEROIP65inimmBattery LocationSwitch ButtonSet 0 ButtonMetric system mm andimperial systemconversion
93000,https://m.media-amazon.com/images/I/617DVRfRj8L.jpg,245959,width,"EXPANDABLE CAPACITY50% MORE CAPACITYclothesx5trousersx5shoesx2Cosmetic15.6-inch computer7626914760l9*44.33""M11CM8.66""/22CM4.33""M11CMbag"
93001,https://m.media-amazon.com/images/I/617DWc9DaHL.jpg,180410,depth,TRAVELTICKETBOARDING PA88BOARDINGNAME0 FPASSENGER:YoUAREPA S $GOINGToDEPARTURE DATE:OCCASION:TIME :9OmmDEPA RTURE AIRPORTMESSAGE:ScRaTch ToREVEALADMITONE196mmPackage Contents:The boarding passApractical envelopeAscratch sticker
93002,https://m.media-amazon.com/images/I/617DWc9DaHL.jpg,180410,width,TRAVELTICKETBOARDING PA88BOARDINGNAME0 FPASSENGER:YoUAREPA S $GOINGToDEPARTURE DATE:OCCASION:TIME :9OmmDEPA RTURE AIRPORTMESSAGE:ScRaTch ToREVEALADMITONE196mmPackage Contents:The boarding passApractical envelopeAscratch sticker
93003,https://m.media-amazon.com/images/I/617DWc9DaHL.jpg,180410,height,TRAVELTICKETBOARDING PA88BOARDINGNAME0 FPASSENGER:YoUAREPA S $GOINGToDEPARTURE DATE:OCCASION:TIME :9OmmDEPA RTURE AIRPORTMESSAGE:ScRaTch ToREVEALADMITONE196mmPackage Contents:The boarding passApractical envelopeAscratch sticker
93004,https://m.media-amazon.com/images/I/617DYUnAwdL.jpg,130202,depth,31Q.72inch120mm/4 .1ONSulxousbupxowsONe50mm/1_697inchj
93005,https://m.media-amazon.com/images/I/617Dh4F3N0L.jpg,263982,height,"25mm )25mm )4""1OOmm )"
93006,https://m.media-amazon.com/images/I/617DmhnLUsL.jpg,149708,depth,3sh035cm/13.Zinch
93007,https://m.media-amazon.com/images/I/617DmhnLUsL.jpg,149708,width,3sh035cm/13.Zinch
93008,https://m.media-amazon.com/images/I/617DmhnLUsL.jpg,149708,height,3sh035cm/13.Zinch
93009,https://m.media-amazon.com/images/I/617Dq8UayBL.jpg,849273,height,12cm38758cm5.2cm
93010,https://m.media-amazon.com/images/I/617DqvSKtMS.jpg,564236,height,"25'Safety Cover18""1236.5""28.5""26.5""46.5""WaterInlet Pipe5"
93011,https://m.media-amazon.com/images/I/617DsI9669L.jpg,681445,width,F 9cm/3.54in-21cm/8.26in
93012,https://m.media-amazon.com/images/I/617DsI9669L.jpg,681445,depth,F 9cm/3.54in-21cm/8.26in
93013,https://m.media-amazon.com/images/I/617Dxs12ywL.jpg,416664,height,"64.5cm21.Scmthe""rough =decadec"
93014,https://m.media-amazon.com/images/I/617Dyi6ljgL.jpg,468581,item_volume,RED BLENDCALIFORNIAaFroist.D1 _R30;.AsttsSi .X=7}RED BLENDCALIFORNIA750 MLMennge443
93015,https://m.media-amazon.com/images/I/617E-cxDANL.jpg,142748,width,65cm/25.5in
93016,https://m.media-amazon.com/images/I/617E-cxDANL.jpg,142748,height,65cm/25.5in
93017,https://m.media-amazon.com/images/I/617E-cxDANL.jpg,142748,depth,65cm/25.5in
93018,https://m.media-amazon.com/images/I/617EDdIwacL.jpg,705487,depth,050cmAluminium Osen alle 50cm
93019,https://m.media-amazon.com/images/I/617EDdIwacL.jpg,705487,width,050cmAluminium Osen alle 50cm
93020,https://m.media-amazon.com/images/I/617EDdIwacL.jpg,705487,height,050cmAluminium Osen alle 50cm
93021,https://m.media-amazon.com/images/I/617EJXYZuTL.jpg,437623,depth,1110303.5inch/9cm8. 5inch/21. 5cm11
93022,https://m.media-amazon.com/images/I/617ELyMZVqL.jpg,470067,height,"AIMADIINSPIRED BEAUTY03609.25""(23.5cm)6.88""(17.5cm)19.49""(49.5cm)6.5""(16.5cm)3.62""(9.2cm)1.89""(4.8cm)"
93023,https://m.media-amazon.com/images/I/617EN-9BdcL.jpg,140266,height,0T9cm
93024,https://m.media-amazon.com/images/I/617EN-9BdcL.jpg,140266,depth,0T9cm
93025,https://m.media-amazon.com/images/I/617ENjEpi2L.jpg,658003,width,"2,5cm12cm0.98'4.72""iPhone 126.1in22cm8.66"""
93026,https://m.media-amazon.com/images/I/617EQ44pOlL.jpg,931856,width,6PCS6PCS84.6cm4.6cm30PCS colour34.6cm
93027,https://m.media-amazon.com/images/I/617EQ44pOlL.jpg,931856,depth,6PCS6PCS84.6cm4.6cm30PCS colour34.6cm
93028,https://m.media-amazon.com/images/I/617EQBMVNOL.jpg,130202,width,"5""7IncludesadhesiveEmployeesstrips tomountOnlysign onthe wallYZ"
93029,https://m.media-amazon.com/images/I/617EQBMVNOL.jpg,130202,depth,"5""7IncludesadhesiveEmployeesstrips tomountOnlysign onthe wallYZ"
93030,https://m.media-amazon.com/images/I/617EWz7ZR6L.jpg,752266,depth,Dimension10 inch65Accessories2.5 inch
93031,https://m.media-amazon.com/images/I/617EhvHm9NL.jpg,675317,depth,4PCS3.93inch3.15inch4PCS5.51inch0.59inch
93032,https://m.media-amazon.com/images/I/617EpQFan-L.jpg,478357,height,"80)807Incm(31.5""cm(31.5"""
93033,https://m.media-amazon.com/images/I/617EqAmQjFL.jpg,594224,height,6w J8305.9inchinch4.2
93034,https://m.media-amazon.com/images/I/617EqzNFXQL.jpg,178778,height,5.1INCH3 INCH7.3INCH
93035,https://m.media-amazon.com/images/I/617ErThR+gL.jpg,752266,depth,60/23.6inHeight adjustable40cm/15.7in70cm/27.6in
93036,https://m.media-amazon.com/images/I/617F4H+HYnL.jpg,370720,maximum_weight_recommendation,800LBSMAX LOADCAPACITY200 =LBSPERWHEEL
93037,https://m.media-amazon.com/images/I/617F7AaNUeL.jpg,132401,depth,ADJUSTABLE SLIDE BARadjustable slibe bar for easy installation3.1 in5.5 inShort distance35'inLong distance5.914.9 in
93038,https://m.media-amazon.com/images/I/617FIjiMszL.jpg,558806,width,You can stick the paper stick with glue dot in a suitable place2.5 inch1.7 inchIihc4.3 inch3.33 inch7 inch2.5 inch6.3 inch1.7 inch
93039,https://m.media-amazon.com/images/I/617FIjiMszL.jpg,558806,depth,You can stick the paper stick with glue dot in a suitable place2.5 inch1.7 inchIihc4.3 inch3.33 inch7 inch2.5 inch6.3 inch1.7 inch
93040,https://m.media-amazon.com/images/I/617FKq9rF1L.jpg,478357,height,"/15,7 inch40 cm24,4inch/91cm62inchcm35.8"
93041,https://m.media-amazon.com/images/I/617FPqwKZKL.jpg,823083,height,30.5cml 12in111.5cm/3in.Scml4.5in
93042,https://m.media-amazon.com/images/I/617FTOPz2SL.jpg,746096,depth,"EnERGhSAMSUNGGQSOQ6OAAUABCDEFGG67kWh/1ooohABCDEFGHDR100kWh/1000h3840 pX881cm12550"""
93043,https://m.media-amazon.com/images/I/617FTOPz2SL.jpg,746096,height,"EnERGhSAMSUNGGQSOQ6OAAUABCDEFGG67kWh/1ooohABCDEFGHDR100kWh/1000h3840 pX881cm12550"""
93044,https://m.media-amazon.com/images/I/617FTOPz2SL.jpg,746096,width,"EnERGhSAMSUNGGQSOQ6OAAUABCDEFGG67kWh/1ooohABCDEFGHDR100kWh/1000h3840 pX881cm12550"""
93045,https://m.media-amazon.com/images/I/617FXk+Z9PL.jpg,292475,depth,Capacity2.5 LitreHeightWidth14.5cm24.8cmMLTONLength29 cm
93046,https://m.media-amazon.com/images/I/617FXk+Z9PL.jpg,292475,height,Capacity2.5 LitreHeightWidth14.5cm24.8cmMLTONLength29 cm
93047,https://m.media-amazon.com/images/I/617FYWZvMxL.jpg,284992,depth,27cm/10.6inAOcm/15.74in32cm/12.6in
93048,https://m.media-amazon.com/images/I/617FYWZvMxL.jpg,284992,height,27cm/10.6inAOcm/15.74in32cm/12.6in
93049,https://m.media-amazon.com/images/I/617Ff9u1wtL.jpg,470067,height,95mm /3.7in40mm /1.57in2.4ini60mm135mm5.31in8Omm3.14in181350mm/1.97inRequired hole size of yourMaximum Thickness of yourbathroom sink:bathroom sink: 1.5 inch (37 mm)1.22-1.4 inch (31-36 mm)
93050,https://m.media-amazon.com/images/I/617FfyeRBmL.jpg,241608,height,"49""W3.5""7.9"",7""12.5""22"" D2"" 2""19.3""4aPre-drilled 4"" Centerset Holes1,2""E-1,3""8.6"" H6,|""5.4"" Bowl Depth"
93051,https://m.media-amazon.com/images/I/617FhSzsk+L.jpg,721522,height,25cm(9.8in)131.5in8Ocm88
93052,https://m.media-amazon.com/images/I/617FotxsGRL.jpg,558806,width,"ABOUT SIZE815.7""3"
93053,https://m.media-amazon.com/images/I/617FotxsGRL.jpg,558806,height,"ABOUT SIZE815.7""3"
93054,https://m.media-amazon.com/images/I/617FotxsGRL.jpg,558806,depth,"ABOUT SIZE815.7""3"
93055,https://m.media-amazon.com/images/I/617FpkkRCnL.jpg,120219,depth,Front Side5315.0 inBack Side65
93056,https://m.media-amazon.com/images/I/617Frb2GgJL.jpg,858439,height,FAST AND EFFICIENT CLEANING8.66in/22cm8T745.31in/13.5cm
93057,https://m.media-amazon.com/images/I/617FvfVKGIL.jpg,488964,width,BACKFRONT4[28 InchesEasel DepthMade in the USA21 Inches Wide
93058,https://m.media-amazon.com/images/I/617FvfVKGIL.jpg,488964,height,BACKFRONT4[28 InchesEasel DepthMade in the USA21 Inches Wide
93059,https://m.media-amazon.com/images/I/617Fy2d2USL.jpg,918186,height,"12.0""9.1""13.38""3.065""3.54""11."
93060,https://m.media-amazon.com/images/I/617G+PSS6PL.jpg,944936,depth,SizeS53No ONE WAtChEs TVWith THEIR EYEs CLosEdBETTER than Youi8Happy BIRTHDA Y |
93061,https://m.media-amazon.com/images/I/617G+PSS6PL.jpg,944936,width,SizeS53No ONE WAtChEs TVWith THEIR EYEs CLosEdBETTER than Youi8Happy BIRTHDA Y |
93062,https://m.media-amazon.com/images/I/617G-lQSJhL.jpg,141308,height,"210mm/8.26""7100mm/3.93"""
93063,https://m.media-amazon.com/images/I/617GAqgCW1L.jpg,955292,item_weight,40Gbps high speed transmissionLarge file transfer in secondsSupport 1OOW chargingElbow adapterCan meet the needs of small space or special use70Gbps
93064,https://m.media-amazon.com/images/I/617GAqgCW1L.jpg,955292,wattage,40Gbps high speed transmissionLarge file transfer in secondsSupport 1OOW chargingElbow adapterCan meet the needs of small space or special use70Gbps
93065,https://m.media-amazon.com/images/I/617GAxgelAL.jpg,407921,depth,7.1cm/2.79in8.1cm/3.18in9.41Tuesday; September 12L[18
93066,https://m.media-amazon.com/images/I/617GCZQNMrL.jpg,752266,height,24.5cm9.5cm4.6cm14.5cm
93067,https://m.media-amazon.com/images/I/617GGjnJEmL.jpg,150535,height,"Plates 9""   25pcsot<22.5cm/9""SERTOUSCLARK2rotaSERISERToUS~LaTLAR CLARKY25pcs"
93068,https://m.media-amazon.com/images/I/617GGjnJEmL.jpg,150535,depth,"Plates 9""   25pcsot<22.5cm/9""SERTOUSCLARK2rotaSERISERToUS~LaTLAR CLARKY25pcs"
93069,https://m.media-amazon.com/images/I/617GGjnJEmL.jpg,150535,width,"Plates 9""   25pcsot<22.5cm/9""SERTOUSCLARK2rotaSERISERToUS~LaTLAR CLARKY25pcs"
93070,https://m.media-amazon.com/images/I/617GHkc-EsL.jpg,487566,depth,76 cm88
93071,https://m.media-amazon.com/images/I/617GRRtldvL.jpg,810266,width,5 0z Small Paper Cups2.5inFigure12.8inFigure 21.8in
93072,https://m.media-amazon.com/images/I/617GRRtldvL.jpg,810266,depth,5 0z Small Paper Cups2.5inFigure12.8inFigure 21.8in
93073,https://m.media-amazon.com/images/I/617GSQGsO0L.jpg,288715,item_weight,Shutter buttonON/OFF buttonMENU buttonVdoMODE buttonUP/Zoom in buttonRight/Flash buttonDown/Zoom out buttonDelete buttonOK buttonLeft/Self-timer buttonDIGITALCAMERA5123.742.0 inchMEGAPIXElSinchinch0.91
