index,image_link,group_id,entity_name,e
91474,https://m.media-amazon.com/images/I/616Kso4BBnL.jpg,174276,depth,"2.16""1.1""Measure Waist"
91475,https://m.media-amazon.com/images/I/616Kso4BBnL.jpg,174276,height,"2.16""1.1""Measure Waist"
91476,https://m.media-amazon.com/images/I/616Ky+3PxRL.jpg,722930,depth,Product Description55mm7
91477,https://m.media-amazon.com/images/I/616Kz6jzn9L.jpg,598989,height,Size of Princess Bed CanopyHight:260cm/102.4inchCircumference:] ] Ocm/43Binch
91478,https://m.media-amazon.com/images/I/616Kz6jzn9L.jpg,598989,width,Size of Princess Bed CanopyHight:260cm/102.4inchCircumference:] ] Ocm/43Binch
91479,https://m.media-amazon.com/images/I/616Kz6jzn9L.jpg,598989,depth,Size of Princess Bed CanopyHight:260cm/102.4inchCircumference:] ] Ocm/43Binch
91480,https://m.media-amazon.com/images/I/616KzhFSYhL.jpg,296275,height,059cm45cm2Ocm
91481,https://m.media-amazon.com/images/I/616L-T87rIL.jpg,296275,height,"PRODUCTSIZEWith 275"" Led Light63inch15.7inch5.Sinch10.2inch10.2inchEach Layer Can Hold 22 Lbs:"
91482,https://m.media-amazon.com/images/I/616L3gtQPpL.jpg,846116,height,64mm423mm550mm76mm
91483,https://m.media-amazon.com/images/I/616L5EsKxtL.jpg,396159,depth,"DECENT FACE TOWELLARGER (1.75 times than ordinary ones)THICKER (0.02"", 4 times than ordinary ones)9.8""REUSABLELL8""WASHABLE"
91484,https://m.media-amazon.com/images/I/616L7n-q4dL.jpg,849273,height,6cm/2.36inch1J{1Max Capacity2*toothbrush1*toothpaste + 1*combCombToothbrushToothpaste
91485,https://m.media-amazon.com/images/I/616L7n-q4dL.jpg,849273,depth,6cm/2.36inch1J{1Max Capacity2*toothbrush1*toothpaste + 1*combCombToothbrushToothpaste
91486,https://m.media-amazon.com/images/I/616L8N+7VuS.jpg,881883,width,"12""30""60"" WIDEI2 TIERS"
91487,https://m.media-amazon.com/images/I/616L8N+7VuS.jpg,881883,depth,"12""30""60"" WIDEI2 TIERS"
91488,https://m.media-amazon.com/images/I/616L9U1XAVL.jpg,131797,height,DRIVEVOLSELECTINPUTCHAVPAGE2abc3dfCHIghi 5jkMnd7888tuv#yzWTERNETRADIOITVLAST VIEWSLOW/SEAACHSKIPStOPPAUSEPLAYIx13IISTATUSPAUSE LIVE TVEXITgGUIDE2OkOPTIONReagrnRECADTeXtSTTLPaog/check   CHAPTERDELNETFLIXSETUPTIME SLIPMANUAL Skip1Os60sN2QAYBO0O763BLU-RAY DiSc PLAYERVHDD RECORDER  Ia6F0.98in -1.96in(11
91489,https://m.media-amazon.com/images/I/616LB7gjyjL.jpg,479564,item_weight,AIl Optical Monocular5x digital zoomCan be rotated tothe clearest image at a distanceget
91490,https://m.media-amazon.com/images/I/616LGCpctFS.jpg,237000,height,MEASURING GUIDE15.7t0 19.7 inHeight range: 17.7 to 23 inchesWidth range:15.7 to 19.7 inchesRange:1.5 to 4 inches822into1.5 to 4in6Note: The chair cushion should be at leastcm above the chair stool to make the chaircover more perfectly wrapped.19.715.75
91491,https://m.media-amazon.com/images/I/616LGCpctFS.jpg,237000,width,MEASURING GUIDE15.7t0 19.7 inHeight range: 17.7 to 23 inchesWidth range:15.7 to 19.7 inchesRange:1.5 to 4 inches822into1.5 to 4in6Note: The chair cushion should be at leastcm above the chair stool to make the chaircover more perfectly wrapped.19.715.75
91492,https://m.media-amazon.com/images/I/616LI31K7NL.jpg,847223,depth,"6""Ceramic Cat BowlCapacityAOg6(15.2cm)l1.57""(4cm)"
91493,https://m.media-amazon.com/images/I/616LI31K7NL.jpg,847223,width,"6""Ceramic Cat BowlCapacityAOg6(15.2cm)l1.57""(4cm)"
91494,https://m.media-amazon.com/images/I/616LLa67lWL.jpg,847223,width,"DiameterHeightBottom diameterDiameterBottom diameterHeight1lcm/4.33""7.5cm/2.95""2.7cm/1.06""15.5cm/6.1""10cm/3.94""4.4cm/1.73""22.5cm/8.86""15.5cm/6.1""5.5cm/2.17"""
91495,https://m.media-amazon.com/images/I/616LOME6lwL.jpg,810266,depth,038E3.3in/8. 4cmSial
91496,https://m.media-amazon.com/images/I/616LOME6lwL.jpg,810266,height,038E3.3in/8. 4cmSial
91497,https://m.media-amazon.com/images/I/616LR3+wk8L.jpg,931856,width,High qualityVelvet materian14.6inch/37cmFlower height 2.8inch7cmFlower diameter 3.2inch8cmFlower height 1.9nch5cmFlower diameter 1.2inch3cm
91498,https://m.media-amazon.com/images/I/616LR3+wk8L.jpg,931856,height,High qualityVelvet materian14.6inch/37cmFlower height 2.8inch7cmFlower diameter 3.2inch8cmFlower height 1.9nch5cmFlower diameter 1.2inch3cm
91499,https://m.media-amazon.com/images/I/616LR3+wk8L.jpg,931856,depth,High qualityVelvet materian14.6inch/37cmFlower height 2.8inch7cmFlower diameter 3.2inch8cmFlower height 1.9nch5cmFlower diameter 1.2inch3cm
91500,https://m.media-amazon.com/images/I/616LRUCeL+L.jpg,249638,item_weight,"What's in the boxMagnetic Adapter Mount x 1CompatibilityFor DJI Osmo Action 3 / Action 2 andSmallRig Camera Cage for DJI Action 2.( ID: 3711)31.2mm21mm43.9mmProduct ParametersBrandProduct DimensionsNet WeightSmallRig43.9* 21x31.2mm28 * IgIDMaterial3662Aluminum Alloy, MagnetSmallnig"
91501,https://m.media-amazon.com/images/I/616LRUCeL+L.jpg,249638,maximum_weight_recommendation,"What's in the boxMagnetic Adapter Mount x 1CompatibilityFor DJI Osmo Action 3 / Action 2 andSmallRig Camera Cage for DJI Action 2.( ID: 3711)31.2mm21mm43.9mmProduct ParametersBrandProduct DimensionsNet WeightSmallRig43.9* 21x31.2mm28 * IgIDMaterial3662Aluminum Alloy, MagnetSmallnig"
91502,https://m.media-amazon.com/images/I/616LfGdp2UL.jpg,931856,height,"118cm/7.1""["
91503,https://m.media-amazon.com/images/I/616LfGdp2UL.jpg,931856,depth,"118cm/7.1""["
91504,https://m.media-amazon.com/images/I/616Lg1kD4TL.jpg,550595,width,"PRODUCT SIZE13cw5.12inch13cw/ 5.12inchNOTE:Due to manual measurement, there may be an error of 1-2cm,please forgive me, all please refer to the actual productl!"
91505,https://m.media-amazon.com/images/I/616Lg1kD4TL.jpg,550595,height,"PRODUCT SIZE13cw5.12inch13cw/ 5.12inchNOTE:Due to manual measurement, there may be an error of 1-2cm,please forgive me, all please refer to the actual productl!"
91506,https://m.media-amazon.com/images/I/616LkAELjML.jpg,478357,width,5008898f68cm
91507,https://m.media-amazon.com/images/I/616Lkumf9+L.jpg,311997,height,II13IIII417
91508,https://m.media-amazon.com/images/I/616Ls5LFBcL.jpg,113134,depth,The Product Size2.6 inch2.6 inch6.5 inch6.5 inchRELIEF THE PAIN
91509,https://m.media-amazon.com/images/I/616Ls5LFBcL.jpg,113134,height,The Product Size2.6 inch2.6 inch6.5 inch6.5 inchRELIEF THE PAIN
91510,https://m.media-amazon.com/images/I/616LyPR1FmL.jpg,826444,height,"191.37""3.5cm9 cm7.48""cm3.54"""
91511,https://m.media-amazon.com/images/I/616M-cdbuaL.jpg,866516,width,"8Craft Vatika""1.Sinch1inch"
91512,https://m.media-amazon.com/images/I/616M-cdbuaL.jpg,866516,height,"8Craft Vatika""1.Sinch1inch"
91513,https://m.media-amazon.com/images/I/616M-cdbuaL.jpg,866516,depth,"8Craft Vatika""1.Sinch1inch"
91514,https://m.media-amazon.com/images/I/616M1BpB7YL.jpg,838598,depth,5.5(14cm) =PRODUCT SIZE2.75in(Tcm)5.5in(14cm)35in1.6in(4cm)(89cm)6.3in(16cm)7.in(l8cm)7.9in(2Ocm)8.6in(22cm)9.4in(24cm)10.2in(26cm)
91515,https://m.media-amazon.com/images/I/616M1BpB7YL.jpg,838598,width,5.5(14cm) =PRODUCT SIZE2.75in(Tcm)5.5in(14cm)35in1.6in(4cm)(89cm)6.3in(16cm)7.in(l8cm)7.9in(2Ocm)8.6in(22cm)9.4in(24cm)10.2in(26cm)
91516,https://m.media-amazon.com/images/I/616M3xvjERL.jpg,225251,item_weight,Brush TeethWash HandWeighs only 8lbsHelp kids moveindependentlyAs a Foot StoolGo to the Bathtub
91517,https://m.media-amazon.com/images/I/616M61iZW6L.jpg,558806,width,y2.5in3in
91518,https://m.media-amazon.com/images/I/616M61iZW6L.jpg,558806,depth,y2.5in3in
91519,https://m.media-amazon.com/images/I/616M9PaRAPL.jpg,648011,height,"2.5""UL Approved13 Watts4.0""120 Volts1620210,000Hours of LightE26 Medium BaseResidential orCommercial UseSLEEKLIGHTING 13WATTCFL 3 PACKLIGHT BULBWITH STANDARDBASESLEZK5000KELVIN42TJv"
91520,https://m.media-amazon.com/images/I/616M9PaRAPL.jpg,648011,depth,"2.5""UL Approved13 Watts4.0""120 Volts1620210,000Hours of LightE26 Medium BaseResidential orCommercial UseSLEEKLIGHTING 13WATTCFL 3 PACKLIGHT BULBWITH STANDARDBASESLEZK5000KELVIN42TJv"
91521,https://m.media-amazon.com/images/I/616MEbPqAmL.jpg,116155,width,PRODUCT SPECIFICATIONS:VEVORProduct Weight: 9.48 Ibs (4.30kg)Product Size: 9.5 x 3.9 in /24 X 10 cm9.6 x in24.5 cm118373.9in / IOcm
91522,https://m.media-amazon.com/images/I/616MI38KLJL.jpg,460806,depth,FUERTE Y RESISTENTELa estructura de aluminio anodizadohace que el hilo sea duradero y resistente al uso diario.MaterialAleacion de aluminioAleacion de aluminioAleacion de aluminio de calidad aeronauticaOfrece una fuerte proteccion contra impactos;Acabado matePresenta un aspecto moderno con acabado negro 0 plata mate.Construccion solidaHecho a mano de metal solido para mayor integridad:Marcadores faciles de leerLos tamanos de los anillos estan claramente marcados en el marco_82mm
91523,https://m.media-amazon.com/images/I/616MI38KLJL.jpg,460806,height,FUERTE Y RESISTENTELa estructura de aluminio anodizadohace que el hilo sea duradero y resistente al uso diario.MaterialAleacion de aluminioAleacion de aluminioAleacion de aluminio de calidad aeronauticaOfrece una fuerte proteccion contra impactos;Acabado matePresenta un aspecto moderno con acabado negro 0 plata mate.Construccion solidaHecho a mano de metal solido para mayor integridad:Marcadores faciles de leerLos tamanos de los anillos estan claramente marcados en el marco_82mm
91524,https://m.media-amazon.com/images/I/616MI38KLJL.jpg,460806,width,FUERTE Y RESISTENTELa estructura de aluminio anodizadohace que el hilo sea duradero y resistente al uso diario.MaterialAleacion de aluminioAleacion de aluminioAleacion de aluminio de calidad aeronauticaOfrece una fuerte proteccion contra impactos;Acabado matePresenta un aspecto moderno con acabado negro 0 plata mate.Construccion solidaHecho a mano de metal solido para mayor integridad:Marcadores faciles de leerLos tamanos de los anillos estan claramente marcados en el marco_82mm
91525,https://m.media-amazon.com/images/I/616MXvOWdAL.jpg,442321,height,"42""18 1/2""106,6 cm47,0 cmInside Top Drawer14"" (35,5 cm) W14 3/8"" (36,5 cm) D27 3/8""47/8"" (12,4 cm) H69,6 cm28 1/8""Inside Opening71,5 cm14 1/8"" (36,0 cm) W18 1/2"" (47,1cm) D25 7/8""5 7/8"" (15,0 cm) H65,6 cmInside Bottom Drawer14"" (35,5 cm) W14 3/8"" (36,4 cm) D9"" (22,9 cm) H"
91526,https://m.media-amazon.com/images/I/616MXvOWdAL.jpg,442321,width,"42""18 1/2""106,6 cm47,0 cmInside Top Drawer14"" (35,5 cm) W14 3/8"" (36,5 cm) D27 3/8""47/8"" (12,4 cm) H69,6 cm28 1/8""Inside Opening71,5 cm14 1/8"" (36,0 cm) W18 1/2"" (47,1cm) D25 7/8""5 7/8"" (15,0 cm) H65,6 cmInside Bottom Drawer14"" (35,5 cm) W14 3/8"" (36,4 cm) D9"" (22,9 cm) H"
91527,https://m.media-amazon.com/images/I/616MkkfPIhL.jpg,998545,height,"GRIFFDURCHMESSER38 MMHOHE280 MMSupuUUTMLSSEKUGELDURCHMESSER210 MMSUPRFITFITNESSEQUIPMENT""] OUJIPLHHF"
91528,https://m.media-amazon.com/images/I/616MkkfPIhL.jpg,998545,depth,"GRIFFDURCHMESSER38 MMHOHE280 MMSupuUUTMLSSEKUGELDURCHMESSER210 MMSUPRFITFITNESSEQUIPMENT""] OUJIPLHHF"
91529,https://m.media-amazon.com/images/I/616MmRbb4mL.jpg,296366,item_weight,JrVoChargerINPUT:SV 0.5-2AOUTPUT: 7.2V  250mAMADE IN CHINA
91530,https://m.media-amazon.com/images/I/616Mos8QFkL.jpg,521308,height,202cm48cm73cm86cm56cm103cm49cm93cm
91531,https://m.media-amazon.com/images/I/616Mos8QFkL.jpg,521308,width,202cm48cm73cm86cm56cm103cm49cm93cm
91532,https://m.media-amazon.com/images/I/616MpOrnmRL.jpg,907907,width,1.Scm/o.SinF112cm/ 0.7in10.3cm/4in
91533,https://m.media-amazon.com/images/I/616MzrjO+gS.jpg,292475,width,25CM33CM25CM
91534,https://m.media-amazon.com/images/I/616N2W7PADL.jpg,949192,height,"203 cm45,5&110 cm43,5 cm59 cm115 cm"
91535,https://m.media-amazon.com/images/I/616N2klmkHL.jpg,745387,width,"17""70.8""0g5.5""87.811.3""11""15.5"""
91536,https://m.media-amazon.com/images/I/616N3Iz66ZL.jpg,208023,depth,"MND DEALINGSPREMIUM QUALITYPOTRAITLANDSCAPESHATTER-PROOF STYRENE32X45CM(12X 18 INCHES)Please Note:Protective film on both sides of this styrene may give the appearance of scratches however onceremoved, your styrene is perfectly clear;MADE IN UK"
91537,https://m.media-amazon.com/images/I/616N3MssplL.jpg,558806,depth,6.3cm/2.48in6.5cm/2.5SinScm/1.96in#deng12123J706cm/2.36in4.8cm/1.22in6.3cm/2.48in7S48JtYa3{[658
91538,https://m.media-amazon.com/images/I/616N3cga2aL.jpg,149708,width,19in]15.Sin
91539,https://m.media-amazon.com/images/I/616N3cga2aL.jpg,149708,height,19in]15.Sin
91540,https://m.media-amazon.com/images/I/616N3cga2aL.jpg,149708,depth,19in]15.Sin
91541,https://m.media-amazon.com/images/I/616N6OxNM8L.jpg,119607,depth,caldink11.7 in / 30 cmDx3.93 in / 10 cm
91542,https://m.media-amazon.com/images/I/616N6OxNM8L.jpg,119607,width,caldink11.7 in / 30 cmDx3.93 in / 10 cm
91543,https://m.media-amazon.com/images/I/616N6QEAqmL.jpg,245959,height,26CMJINKNNIILZ23CM53CM
91544,https://m.media-amazon.com/images/I/616NBFUYDeL.jpg,181357,width,4/4400 LEDs7.5 ft4.3 ft((Q)))Wi-Fi +WeatherproofBluetoothType AIP2OGXPlug
91545,https://m.media-amazon.com/images/I/616NBFUYDeL.jpg,181357,height,4/4400 LEDs7.5 ft4.3 ft((Q)))Wi-Fi +WeatherproofBluetoothType AIP2OGXPlug
91546,https://m.media-amazon.com/images/I/616NBFUYDeL.jpg,181357,depth,4/4400 LEDs7.5 ft4.3 ft((Q)))Wi-Fi +WeatherproofBluetoothType AIP2OGXPlug
91547,https://m.media-amazon.com/images/I/616NDFyykcS.jpg,442321,height,"320""54""13""23.5""13"""
91548,https://m.media-amazon.com/images/I/616NEEbHwwL.jpg,932289,depth,55cm/21.65inOursOthers1Won't crack in coldCracks easily inweathercold weather1/23.62in60OD Oxford cloth190T polyester6Ocm
91549,https://m.media-amazon.com/images/I/616NEEbHwwL.jpg,932289,width,55cm/21.65inOursOthers1Won't crack in coldCracks easily inweathercold weather1/23.62in60OD Oxford cloth190T polyester6Ocm
91550,https://m.media-amazon.com/images/I/616NKgd4DWL.jpg,231838,height,22cm500ml capacityWork with multiple soap8cmSojisoapPurellDAWNsAMnBeRRIlE CLLARHAND SO4II5AQhand soaphanddish soapbody washsantinizer& shampoo12.5cmdonmsows]
91551,https://m.media-amazon.com/images/I/616NPIcKzgL.jpg,347404,width,"Extra Large (up to 12"" Pot)"
91552,https://m.media-amazon.com/images/I/616NPIcKzgL.jpg,347404,depth,"Extra Large (up to 12"" Pot)"
91553,https://m.media-amazon.com/images/I/616NPIcKzgL.jpg,347404,height,"Extra Large (up to 12"" Pot)"
91554,https://m.media-amazon.com/images/I/616NTEV23wL.jpg,734280,depth,"L2.75""5.2""M2.28""4.8""S2'4""XS1.75""3.25"""
91555,https://m.media-amazon.com/images/I/616NVL8LEbL.jpg,952353,width,"m{{1:7cm1UcdscganBacUJiahtVi1112cmDisplay1 Cononer8o0x480 Pixel7P72045 Toueh (Iant ""HDMI cc@zSinch '"
91556,https://m.media-amazon.com/images/I/616NVL8LEbL.jpg,952353,depth,"m{{1:7cm1UcdscganBacUJiahtVi1112cmDisplay1 Cononer8o0x480 Pixel7P72045 Toueh (Iant ""HDMI cc@zSinch '"
91557,https://m.media-amazon.com/images/I/616NkmomoML.jpg,142748,depth,ippk0)4HiUA 0)#FeTlll :#0% : 64H < #itx : 90cm4#t : @V189gHKihll}O)Ra : 25.5 € m
91558,https://m.media-amazon.com/images/I/616NkmomoML.jpg,142748,width,ippk0)4HiUA 0)#FeTlll :#0% : 64H < #itx : 90cm4#t : @V189gHKihll}O)Ra : 25.5 € m
91559,https://m.media-amazon.com/images/I/616NpvQizFL.jpg,594224,depth,"PRODUCT SIZECrush proof hard shell travel watch case with heavyNylon exterior,designed to be portable and keep your wristwatch / smart watch protectedwhile traveling or storing:4in/10cm7Jduty"
91560,https://m.media-amazon.com/images/I/616Nrq9OQdL.jpg,853009,maximum_weight_recommendation,"1.4LSPACECarry treatssnacksCAPACITY;and doggy edc with ease.BanarardN N0 V A T |0 N $toys,{"
91561,https://m.media-amazon.com/images/I/616Nrq9OQdL.jpg,853009,item_weight,"1.4LSPACECarry treatssnacksCAPACITY;and doggy edc with ease.BanarardN N0 V A T |0 N $toys,{"
91562,https://m.media-amazon.com/images/I/616Nx5sn--L.jpg,244283,depth,MagnetischesWhiteboardFolie100x150cmLI
91563,https://m.media-amazon.com/images/I/616O-PYFMAL.jpg,991868,width,cm807060504070cm30201050 cm
91564,https://m.media-amazon.com/images/I/616O-PYFMAL.jpg,991868,depth,cm807060504070cm30201050 cm
91565,https://m.media-amazon.com/images/I/616OFzSGpdL.jpg,928606,width,316cm
91566,https://m.media-amazon.com/images/I/616OFzSGpdL.jpg,928606,depth,316cm
91567,https://m.media-amazon.com/images/I/616OHMtlZoL.jpg,931247,height,"uniqueplastic tablecovernappe de plastiqueFevsableWoshablewaterproofreutilisablelavableimpermeable54inX108 in, <1,37m X2.74m"
91568,https://m.media-amazon.com/images/I/616OHMtlZoL.jpg,931247,width,"uniqueplastic tablecovernappe de plastiqueFevsableWoshablewaterproofreutilisablelavableimpermeable54inX108 in, <1,37m X2.74m"
91569,https://m.media-amazon.com/images/I/616OHMtlZoL.jpg,931247,depth,"uniqueplastic tablecovernappe de plastiqueFevsableWoshablewaterproofreutilisablelavableimpermeable54inX108 in, <1,37m X2.74m"
91570,https://m.media-amazon.com/images/I/616OIRYX+KL.jpg,386873,item_weight,Large memory; Fast speedLarge capacityRAM:2GBROM:32GBMaximum support 64GB expansion116.0020000 SheetsGoogle A_GalleryEmai65000 SongsSettingsCameraCalendarCalculatorFile Mana_FM Radio10ODepartmentPhoneContactsMessagingMassive appWcecduudCopisctebuous
91571,https://m.media-amazon.com/images/I/616OLMDi+LL.jpg,276611,height,"30.6""13""16.1""20.6""63""16.2""74.2""6.3""ho.s""15.9""31.4"""
91572,https://m.media-amazon.com/images/I/616OMw7lbYL.jpg,178958,height,XzzE<Etalgij]19.cmPj;J 17.0cm27.ScmPJV 28.0cm36.OcmPjd 18.0cmFFV3A+EERIzltv] tb'ZI+ CEFIJ !XtFILolrnaeltAr7v #xtlzjwat'g v
91573,https://m.media-amazon.com/images/I/616OPDh3H1L.jpg,752266,depth,50madjustableH47cmlL78cm
91574,https://m.media-amazon.com/images/I/616OPDh3H1L.jpg,752266,height,50madjustableH47cmlL78cm
91575,https://m.media-amazon.com/images/I/616OPUKb8-L.jpg,436746,depth,8289.4 in / 24 cm
91576,https://m.media-amazon.com/images/I/616OPUKb8-L.jpg,436746,height,8289.4 in / 24 cm
91577,https://m.media-amazon.com/images/I/616OQgYEaUL.jpg,347320,width,AIRAJCHBS0.86mm/o.03inch13inch(34cm)BackFront8inch(2Ocm)
91578,https://m.media-amazon.com/images/I/616ORRU1JrL.jpg,396026,depth,kuhl bis zum letzten Tropfenchilled until the last droplanglebig und recyclingfahigrecycable and long-lastingfrei von BPAfree from BPA18295 mm
91579,https://m.media-amazon.com/images/I/616ORRU1JrL.jpg,396026,width,kuhl bis zum letzten Tropfenchilled until the last droplanglebig und recyclingfahigrecycable and long-lastingfrei von BPAfree from BPA18295 mm
91580,https://m.media-amazon.com/images/I/616OTdX3ndL.jpg,488883,height,"21.6""13.7""21.06""19.87"""
91581,https://m.media-amazon.com/images/I/616OV0yah2L.jpg,347404,width,7.63 inch88
91582,https://m.media-amazon.com/images/I/616OV0yah2L.jpg,347404,depth,7.63 inch88
91583,https://m.media-amazon.com/images/I/616OX1rJzpL.jpg,823083,width,2 PCS6.35cm/2.5in113.9cm/5.5in
91584,https://m.media-amazon.com/images/I/616OX1rJzpL.jpg,823083,height,2 PCS6.35cm/2.5in113.9cm/5.5in
91585,https://m.media-amazon.com/images/I/616OcJiy2xL.jpg,347404,width,17.5cm14. 5cm9cmg14cm3
91586,https://m.media-amazon.com/images/I/616OcpLzAkL.jpg,120219,width,"3530cm12cm30cmC3312cm3Auxiliary Stickers:After pressing Ihe product on the wall t0Spamlessstatuspaste this stickersensure Ihe product willnot be moved_And then remove this stickers after48 hours-MNule ' Afler je4nuye Ini: ; :Icet:tulue44e:piuluc;Pleesno wOlty ELOM; USehot iOwelto MIpeAuxiliary Stickers:After pressing the product on the wall toseamless7slaluspaste this stickerserisure the product willnolbe movedAnd then remove this stickers after48 hours:KNotatertemove Ihis FictenMavbe~ill aluedtha produc:.PieLnol wotty #X iL, Use 4 hol Iawel lo Mpe x2x2x2x2x229cm"
91587,https://m.media-amazon.com/images/I/616OeNIjIiL.jpg,866516,depth,10.5cml4.13in
91588,https://m.media-amazon.com/images/I/616OeNIjIiL.jpg,866516,width,10.5cml4.13in
91589,https://m.media-amazon.com/images/I/616OeNIjIiL.jpg,866516,height,10.5cml4.13in
91590,https://m.media-amazon.com/images/I/616OnfbOGJL.jpg,752266,height,27.6in6.4in
91591,https://m.media-amazon.com/images/I/616OnfbOGJL.jpg,752266,depth,27.6in6.4in
91592,https://m.media-amazon.com/images/I/616OoduzYPL.jpg,838598,depth,"Material: Stainless SteelFeatures: 360 Degrees Rotating,Decorative, Easy to HangSize Details:Width: 12.8cm/5.04"" (Approx _Height: 62cm/24.41"" (Approx:)Package Includes:1x Wind Chime"
91593,https://m.media-amazon.com/images/I/616OoduzYPL.jpg,838598,height,"Material: Stainless SteelFeatures: 360 Degrees Rotating,Decorative, Easy to HangSize Details:Width: 12.8cm/5.04"" (Approx _Height: 62cm/24.41"" (Approx:)Package Includes:1x Wind Chime"
91594,https://m.media-amazon.com/images/I/616OqpiKPuS.jpg,866950,item_weight,MUST HAVE EMERGENCY AIR PUMPFeatures 12V 150PSI Fast InflatingCdtGokFast InflatingTest Tire Pressure6in1Automatically InflatingSOS Emergency LightSafety Warning LightLED Flashlighttonoconetd
91595,https://m.media-amazon.com/images/I/616Os1s2UtL.jpg,599772,height,"SIZEDETALLScrew Hole9""11""2.2""H (elide track included)20""2.2""(Max Depth)"
91596,https://m.media-amazon.com/images/I/616OvKo7BqL.jpg,478357,height,"17.5""13""m44.5cmDESIGN33cm23.21""59cm"
91597,https://m.media-amazon.com/images/I/616OwAlJ8gL.jpg,437623,depth,2LtTWwintxX127x178mm
91598,https://m.media-amazon.com/images/I/616OwAlJ8gL.jpg,437623,height,2LtTWwintxX127x178mm
91599,https://m.media-amazon.com/images/I/616P-1ta+eL.jpg,130202,depth,"RESTROOM SIGNBY ROCK RIDGE9""MEN6ManWheelchair Depiction"
91600,https://m.media-amazon.com/images/I/616P-1ta+eL.jpg,130202,height,"RESTROOM SIGNBY ROCK RIDGE9""MEN6ManWheelchair Depiction"
91601,https://m.media-amazon.com/images/I/616P1uIU7sL.jpg,838598,width,"0IWAITINGOUTDOOR38.1""20""40""60"""
91602,https://m.media-amazon.com/images/I/616P1uIU7sL.jpg,838598,height,"0IWAITINGOUTDOOR38.1""20""40""60"""
91603,https://m.media-amazon.com/images/I/616P1uIU7sL.jpg,838598,depth,"0IWAITINGOUTDOOR38.1""20""40""60"""
91604,https://m.media-amazon.com/images/I/616P8QjMSVL.jpg,731252,depth,20cm8 80 0~24.5cm8.3cm3cm
91605,https://m.media-amazon.com/images/I/616P9QeIQvS.jpg,997333,item_weight,E28mmModelFX 5-12 ProWorking voltage100-240Vac/5o-60HzOutput powerMax 65WOutputUSBDC OUTOutput voltage5V5V9V12VOutput current3A (max.5A)3A (max.5A)3A2A & 3.5AInput voltage and current12V5.5A DC INQTY & Capacity of battery1000OmAh2 Li-polymerUnit dimension15011028 mmNet weight0.640 KGS$DEZS2+08150mm110mm
91606,https://m.media-amazon.com/images/I/616PAFVaq+L.jpg,931856,width,8IGTIA63aC 'Ilcm
91607,https://m.media-amazon.com/images/I/616PAFVaq+L.jpg,931856,depth,8IGTIA63aC 'Ilcm
91608,https://m.media-amazon.com/images/I/616PDyPdxPL.jpg,724384,depth,Retractable Badge Reel Holder4.3cml1.Zin3.7cm/.Sin0{5toBuilt in durable nylon cord560cm/24inch
91609,https://m.media-amazon.com/images/I/616PM56ZWML.jpg,453674,height,"9XPrestigeEST: 1938TOUGHERThan Titaniam16cm18cmSSS20cmY/Allhob suitable, including inductionOven safe to 180*C/350PF,9Gas mark 4"
91610,https://m.media-amazon.com/images/I/616PM56ZWML.jpg,453674,depth,"9XPrestigeEST: 1938TOUGHERThan Titaniam16cm18cmSSS20cmY/Allhob suitable, including inductionOven safe to 180*C/350PF,9Gas mark 4"
91611,https://m.media-amazon.com/images/I/616POajb0UL.jpg,292475,depth,150 Disposable White Gold Trim Plastic Bowls6Oz5.43 inch13 cm783~52
91612,https://m.media-amazon.com/images/I/616POajb0UL.jpg,292475,width,150 Disposable White Gold Trim Plastic Bowls6Oz5.43 inch13 cm783~52
91613,https://m.media-amazon.com/images/I/616PToTeReL.jpg,208023,depth,2.7in7.0cm2.0in/5.2cm
91614,https://m.media-amazon.com/images/I/616PToTeReL.jpg,208023,width,2.7in7.0cm2.0in/5.2cm
91615,https://m.media-amazon.com/images/I/616PUOG8xWL.jpg,470067,height,Single hole023mm170mm350mm18Omm1.Mounting holesize: 35mm250mm2.the maximum105mmthickness ofcounter-top.55mm350mm2/11/25adapterincludedsupply hose size
91616,https://m.media-amazon.com/images/I/616PXcLPlYL.jpg,849273,height,"Product Information111.5cm7.5cmSize: 11.5*7,5*13.5cmNote:Manual measurement may lead small range of error"
91617,https://m.media-amazon.com/images/I/616PYVyzqSL.jpg,311997,height,"6.3""63.58""63""6.3""6.3""6.3""63.58""6.3""6.3""6.3""6.3""6.3""p.55""1037""63"""
91618,https://m.media-amazon.com/images/I/616PbJkKjwL.jpg,243137,depth,3300cm
91619,https://m.media-amazon.com/images/I/616PfHBB5mL.jpg,347404,depth,Product Size5.5cm/2.17inchesG2115 cm (12 inches)9.5cm(3.74 inches)Please note: there is no drainage hole on pot to avoid water dripping7I
91620,https://m.media-amazon.com/images/I/616PiLXj0XL.jpg,728511,width,9.2 in / 23.5 cm26.8 in / 17.5 cm882023'CALENDAR
91621,https://m.media-amazon.com/images/I/616PiLXj0XL.jpg,728511,height,9.2 in / 23.5 cm26.8 in / 17.5 cm882023'CALENDAR
91622,https://m.media-amazon.com/images/I/616PiLXj0XL.jpg,728511,depth,9.2 in / 23.5 cm26.8 in / 17.5 cm882023'CALENDAR
91623,https://m.media-amazon.com/images/I/616PkWiJn4L.jpg,296366,item_weight,"8585Peakpower; AC-90wSize: 6.1"" x 3.5"" x 3.2"" x 2.4""Input wire length; 27.6""Output wire length: 23.6""Net weight; 0.43kgOutput current; 6A+0.5AInputACIIOV-240VOutput12V3.5""46.1""3.2""voltage:voltage:"
91624,https://m.media-amazon.com/images/I/616Pkza9zRL.jpg,219211,wattage,whatsminerM3OS+Hashrate: 100TWall: 3400WOEMGMINERwhatsminerMsost
91625,https://m.media-amazon.com/images/I/616Pkza9zRL.jpg,219211,item_weight,whatsminerM3OS+Hashrate: 100TWall: 3400WOEMGMINERwhatsminerMsost
91626,https://m.media-amazon.com/images/I/616PlJ-KG3L.jpg,945489,depth,Portable sizeNamePerfume sprayerVolume0.270z8mlQuantity2 PCS3.8inMaterialGlass+Aluminum0.9in
91627,https://m.media-amazon.com/images/I/616PlJ-KG3L.jpg,945489,height,Portable sizeNamePerfume sprayerVolume0.270z8mlQuantity2 PCS3.8inMaterialGlass+Aluminum0.9in
91628,https://m.media-amazon.com/images/I/616Plf9dq7S.jpg,237000,height,ZUmaxifundasFUNDA SDES0 F A&CHAISELONGUE180 a 200 cm90 a 110 cm75 a 80 cm75 a 80cm
91629,https://m.media-amazon.com/images/I/616PoeGm5uL.jpg,648011,depth,"82.63"""
91630,https://m.media-amazon.com/images/I/616PoeGm5uL.jpg,648011,width,"82.63"""
91631,https://m.media-amazon.com/images/I/616Pxo-uDYL.jpg,417434,height,1260mm550mm
91632,https://m.media-amazon.com/images/I/616Q+3yNZXL.jpg,130202,depth,"17""PRIVATE13""PROPERTY24""NO TRESPASSINGVenicorSIGN"
91633,https://m.media-amazon.com/images/I/616Q0tSBc2L.jpg,784538,height,"30 ( € 4 K( &100cmThe above data is measuredmanually, and there is slighterror Please take the real object as the standard"
91634,https://m.media-amazon.com/images/I/616Q0tSBc2L.jpg,784538,depth,"30 ( € 4 K( &100cmThe above data is measuredmanually, and there is slighterror Please take the real object as the standard"
91635,https://m.media-amazon.com/images/I/616Q5XoqzFL.jpg,860080,height,8673363 cmcm
91636,https://m.media-amazon.com/images/I/616Q5XoqzFL.jpg,860080,width,8673363 cmcm
91637,https://m.media-amazon.com/images/I/616Q6WmqPRL.jpg,844474,width,29CM839CM47v3711CM
91638,https://m.media-amazon.com/images/I/616QF6SqUgL.jpg,470067,height,"PRODUCT SIZE6.8DimensionsOverall Height16""Spout Height3.34""Spout Reach : 6.8""1627.53.343/8Pre-Drilled Hole Size Requirement:Max CounterThicknessI1.38 ""~1.51.8Top"
91639,https://m.media-amazon.com/images/I/616QF6SqUgL.jpg,470067,width,"PRODUCT SIZE6.8DimensionsOverall Height16""Spout Height3.34""Spout Reach : 6.8""1627.53.343/8Pre-Drilled Hole Size Requirement:Max CounterThicknessI1.38 ""~1.51.8Top"
91640,https://m.media-amazon.com/images/I/616QIZTO+iS.jpg,939129,height,"40cm32cm25,5cm"
91641,https://m.media-amazon.com/images/I/616QJYZqkTL.jpg,192915,height,"Double Duplex Decorative Wall Plate4.88""4.94"""
91642,https://m.media-amazon.com/images/I/616QJYZqkTL.jpg,192915,depth,"Double Duplex Decorative Wall Plate4.88""4.94"""
91643,https://m.media-amazon.com/images/I/616QJt1qE8S.jpg,784538,depth,"22.375""the SImPSonsTREEHQuSE of HQPSPapefPhemium"
91644,https://m.media-amazon.com/images/I/616QJt1qE8S.jpg,784538,width,"22.375""the SImPSonsTREEHQuSE of HQPSPapefPhemium"
91645,https://m.media-amazon.com/images/I/616QJt1qE8S.jpg,784538,height,"22.375""the SImPSonsTREEHQuSE of HQPSPapefPhemium"
91646,https://m.media-amazon.com/images/I/616QSNAeZXL.jpg,758128,item_weight,QuictentOursVSOthers385LBS1oolbs385188Total WeightLess than 1OOlbs1.SinchGalvanizedSteel1.2inch Thin and Weak180gPESuper ThickFabric1OOgPE Splintery thin Fabric
91647,https://m.media-amazon.com/images/I/616QUJOlo+L.jpg,558806,width,Product size115cm/1.96in4cm/1.S7inX33 pCS36cm/2.36in
91648,https://m.media-amazon.com/images/I/616QWt6diSS.jpg,853009,maximum_weight_recommendation,NO MORETHAN SKGTO KEEP PETS SAFEHOW DO YOU MEASURE YOUR PET ?HeightThe distance between the front and rear feet of the petdoes not exceed 32cmthe inner side of the basket is32X24cm diagonal )width _
91649,https://m.media-amazon.com/images/I/616QWt6diSS.jpg,853009,item_weight,NO MORETHAN SKGTO KEEP PETS SAFEHOW DO YOU MEASURE YOUR PET ?HeightThe distance between the front and rear feet of the petdoes not exceed 32cmthe inner side of the basket is32X24cm diagonal )width _
91650,https://m.media-amazon.com/images/I/616QbsdWH8S.jpg,594224,depth,4.13 inchFAGoodIcigkbet6is a WelcomeThankyou for your5Kindness soul and beautiful_E1lcssing;5heart.
91651,https://m.media-amazon.com/images/I/616QbsdWH8S.jpg,594224,width,4.13 inchFAGoodIcigkbet6is a WelcomeThankyou for your5Kindness soul and beautiful_E1lcssing;5heart.
91652,https://m.media-amazon.com/images/I/616QiM1WBBL.jpg,939129,width,1[35316.5cm/6.5in16.5cm/6.5in26cm/10.24in.15in4cm/1333.
91653,https://m.media-amazon.com/images/I/616Qizj152S.jpg,849273,depth,"Perfect size for storing stationery, cosmetic items, coin,which are very convenient to carry:321cmOpen wide for quick access"
91654,https://m.media-amazon.com/images/I/616Qizj152S.jpg,849273,height,"Perfect size for storing stationery, cosmetic items, coin,which are very convenient to carry:321cmOpen wide for quick access"
91655,https://m.media-amazon.com/images/I/616Qj8RMBsL.jpg,396159,height,"1HJIIKA)#}TX]<z#tl>""25x25cm<nt""viti><JiTXntI>{34x35cm734X80cm<XAIZItI>{34~45x100~120cm<nZ#TI>""J60X 120cm@E40RG"
91656,https://m.media-amazon.com/images/I/616QncjUl0L.jpg,362818,depth,"55VANDHOME""VANDHOME*4.5 in4.5 in20.3 0z (60Oml)13.5 0z (40Oml)VANDHOME*8VANDHOME?43 in5.1in08{"
91657,https://m.media-amazon.com/images/I/616QpkFYTOS.jpg,525429,voltage,6 mins9 pcs26 Ibsfast ice makingice percapacitydailycycle
91658,https://m.media-amazon.com/images/I/616QpkFYTOS.jpg,525429,wattage,6 mins9 pcs26 Ibsfast ice makingice percapacitydailycycle
91659,https://m.media-amazon.com/images/I/616QpzsV+JL.jpg,883833,height,"# ""^45.72cm55.88cm60.96cm~Hisense"
91660,https://m.media-amazon.com/images/I/616Qr5S6bkL.jpg,728511,depth,"Desktef2023CALENDARNEW YEARl8.Tin1HAPPY205mm"""
91661,https://m.media-amazon.com/images/I/616QtPH9AjL.jpg,734280,depth,503inch9.Sinch16.5inchOt':
91662,https://m.media-amazon.com/images/I/616QwOg0iqL.jpg,652661,width,"21cm17cm11cm13cmFoldable DesignFlexible Telescopic Adjustment; Easy to store, Does not occupy space"
91663,https://m.media-amazon.com/images/I/616QxaoDx+L.jpg,687759,width,"16.5""9.4""10.6""L=11.6""14.5""3.1""9.8""13.8""23.6""8.3"""
91664,https://m.media-amazon.com/images/I/616R6Wts4CL.jpg,594224,width,"SIZES&SPECS1OOmm(3.94 inch)6Omm(2.36 inch)35mm(1,.38 inch)HYBRIDMATERIALweightPROTECTIONSHOCK PROOFSPILL PROOF55g"
91665,https://m.media-amazon.com/images/I/616R6Y7VIHS.jpg,355666,item_weight,"Large objectiveThis section uses 6OMM largeobject lens, multilayer broadbandcoating; color reduction is verygood; larger visual field, higherbrightness.Times scale79570The telescope has a zoomrange of 10-60, so the scaleof 10 corresponds to 10 timesand 380 corresponds to 60 times,Diopter ControlBecause of the difference in right"
91666,https://m.media-amazon.com/images/I/616R6qa7YPL.jpg,861555,height,"2in5.2in5.5inv€ +Y "" v <`5.5in5.5in"
91667,https://m.media-amazon.com/images/I/616RFNdwo5L.jpg,387046,height,Breite49 cmHohe62 cmTiefe32 cmzce PubMARANGABENT | E R | $ C HG U T
91668,https://m.media-amazon.com/images/I/616RHaTAF2L.jpg,844474,height,"11.4"" (29cm)6.3"" (16cm)13"" (33cm)"
91669,https://m.media-amazon.com/images/I/616RHaTAF2L.jpg,844474,width,"11.4"" (29cm)6.3"" (16cm)13"" (33cm)"
91670,https://m.media-amazon.com/images/I/616RQR8ENqL.jpg,969033,height,1 1 |ORTHOPEDICMEMORY FOAML120 x90 cm
91671,https://m.media-amazon.com/images/I/616RT546qmL.jpg,916768,depth,"10cm/3.94""E"
91672,https://m.media-amazon.com/images/I/616RaNIuPwL.jpg,932012,depth,8Ocm(31in)7
91673,https://m.media-amazon.com/images/I/616RaNIuPwL.jpg,932012,width,8Ocm(31in)7
