index,image_link,group_id,entity_name,e
97074,https://m.media-amazon.com/images/I/619elDpJZRL.jpg,478357,width,48cm6Ocm6Ocm
97075,https://m.media-amazon.com/images/I/619emnZ3UUL.jpg,870865,depth,FrontBackMINIMemo Size4 X 6 inchesoqmobqfujWfbdompio
97076,https://m.media-amazon.com/images/I/619emnZ3UUL.jpg,870865,height,FrontBackMINIMemo Size4 X 6 inchesoqmobqfujWfbdompio
97077,https://m.media-amazon.com/images/I/619eq9xrZPL.jpg,991868,depth,"Measurements20.,5""38L1vo"
97078,https://m.media-amazon.com/images/I/619euF1FkTL.jpg,953313,item_weight,"Constellation? ES.3HddPoHsHM; ter3JuIIIILM02MI7O _ TJ4MMIM IIIMMIUDEL: 8T400NM0ntzSITEWWM: 5000c50078236032Conilg Code: 1311HATEDGV 0 76I2v 0.99HOD Mig bv Seaqule Technology LLCDOM: 04/2016MADE INTHSATAGbpeDpiNOopreAPMFIW Ga67Warraniy VoIdTH-OgPR63-21233-545-09VL-ADOLabel WA *chE""MADETHAILANDDy SouguteREMOYED OR BAOKENC€EiTatAE1o6e  4 USDauTKcco-REM- BX -Elispoon Acquida y AbbnnGaecete Mathaploey IntKaeing ueaudnn 1  1119 NI Scnidhoi-ralHatherlend:"
97079,https://m.media-amazon.com/images/I/619euuTmX+L.jpg,200507,height,Gthz:724 cm675136 cm~40.5 cm24 cm112 cm43 cm
97080,https://m.media-amazon.com/images/I/619euuTmX+L.jpg,200507,width,Gthz:724 cm675136 cm~40.5 cm24 cm112 cm43 cm
97081,https://m.media-amazon.com/images/I/619evsEPbML.jpg,598989,width,65cm/25.Sinch12 cm/4.72 inHook00Ii35'8 cm/3.14 inDouble-sided adhesiveSetscrews*2
97082,https://m.media-amazon.com/images/I/619evsEPbML.jpg,598989,depth,65cm/25.Sinch12 cm/4.72 inHook00Ii35'8 cm/3.14 inDouble-sided adhesiveSetscrews*2
97083,https://m.media-amazon.com/images/I/619f5bvFdWL.jpg,416664,height,18.5 cm-: :24 cmONTIMEROFFMODE3.5 cm+7Dim9 cm
97084,https://m.media-amazon.com/images/I/619f7rcd7NL.jpg,296366,item_weight,"PRODUCTFEATURESfeNixWARE-A4Input: AC1OO-240V/5O-6OHz/O.6A (max) or DC12-24V /2.0A (max)Rated output power: 6W (Ni-MH Ni-Cd); 16.8W (Li-ion)Output: 4.2VII.OA10440,14500, 16340, 18650,21700, 26650Li-ion battery: 1.5V, 1.0AAA, AAA, €Ni-MH / Ni-Cd batterySize: 5.89"" Length x 4.09"" Width * 1.59"" Height / 149.5x 104 * 40.5 mmWeight: 9.35 0z / 265g (excluding charging cable)Operating temperature:-20*C to 50*COperating Humidity: 5% to 90%Storage Temperature: -20*C to 80*CUL, PSE, GS, FCC, CE, RoHS, WEEE, CB"
97085,https://m.media-amazon.com/images/I/619fDqOedcL.jpg,146860,width,"4""M1Ocm10""/25cmCapacity:2.5L10.6""/27cm"
97086,https://m.media-amazon.com/images/I/619fDqOedcL.jpg,146860,height,"4""M1Ocm10""/25cmCapacity:2.5L10.6""/27cm"
97087,https://m.media-amazon.com/images/I/619fEm19jlS.jpg,416664,height,Power inputFan vent 2Fan vent 11;LSwitchinRoHS[811.8300mm
97088,https://m.media-amazon.com/images/I/619fEm19jlS.jpg,416664,depth,Power inputFan vent 2Fan vent 11;LSwitchinRoHS[811.8300mm
97089,https://m.media-amazon.com/images/I/619fG3FkfcL.jpg,478357,height,"10""18""24""48"""
97090,https://m.media-amazon.com/images/I/619fJBQQ5VL.jpg,939129,height,19.Scm10.Scm
97091,https://m.media-amazon.com/images/I/619fJBQQ5VL.jpg,939129,width,19.Scm10.Scm
97092,https://m.media-amazon.com/images/I/619fJSa+oAL.jpg,478357,height,"57 . 5cm (22. 6"")38cn (15""_44cm(17.3"")"
97093,https://m.media-amazon.com/images/I/619fODvc0OL.jpg,347404,width,1Opcs8cm8cm
97094,https://m.media-amazon.com/images/I/619fODvc0OL.jpg,347404,depth,1Opcs8cm8cm
97095,https://m.media-amazon.com/images/I/619fSYrbMwL.jpg,245959,width,AZcm18 Sinch(zo295856U1579.84inch25cm
97096,https://m.media-amazon.com/images/I/619fSw57jVL.jpg,178778,height,5.1INCHappyaster3 INCHEaster7.3 INCHHappy
97097,https://m.media-amazon.com/images/I/619fcJ6K6tL.jpg,237000,depth,WIDTHLENGTHSizEWidthLENCTH6ox16ocm6Om / 23.6inJ60cm / 63in6ox18ocm6Ocm / 23.6in180cm/70.9in7ox16Ocm7Ocm / 27.6inJ60cm / 63in7ox180cm7Ocm/27.6in180cm/70.9in9ox16ocm90cm /35.4inJ80cm / 63in9ox18ocm90cm /35.4in180cm / 70.9in
97098,https://m.media-amazon.com/images/I/619fl4uyIFL.jpg,944936,width,"Size153YYUVE BEEN LYVED FvR21VFAR Sidv 252 Monlks1,096 WEEKS87,670184,082DA Y $HOURSA4.04},933MINUTESdldcauttyvf"
97099,https://m.media-amazon.com/images/I/619fl4uyIFL.jpg,944936,depth,"Size153YYUVE BEEN LYVED FvR21VFAR Sidv 252 Monlks1,096 WEEKS87,670184,082DA Y $HOURSA4.04},933MINUTESdldcauttyvf"
97100,https://m.media-amazon.com/images/I/619flqzMjDL.jpg,953031,depth,MICROPHONE FOR VOicE CONTROLBLUETOOTH CONNECTIVITY6.10 in(15.5 cm)NETFLIXMOTION-ACTIVATED BACKLIT BUTTONSLost-REMOTE LOcATORIR FOR TV CONTROL2XAAA BATTERIES INCLUDED1.24 in(3.14 cm)
97101,https://m.media-amazon.com/images/I/619fxjXSmvL.jpg,208023,depth,XzMarco para poster20X25 cm13x18 cm (inner)Harco resistenterecubierto dc MdfRobust frame covered with MOFAdaptado conranclajes para colgar horizontalverticalAdapted with anchors to hang horizontally or verticallycon proteccion frontalicn pexiglas (Ligerosepuro)With frontal protection in plexiglas: (Light and safe)ComposicionINSTRUCCIONES DE USO;PLESIGLASUna ver_abiertoretirar las dos capas plasticasque recubren el plesiglas (una cnGada ladolOnce apened; remave the two plastic layersthat cover the plesiglas (one on each side)nacnic com
97102,https://m.media-amazon.com/images/I/619g0X8lS1L.jpg,403664,width,340zCapacity14.6in/11.7cm5Cups
97103,https://m.media-amazon.com/images/I/619g0X8lS1L.jpg,403664,depth,340zCapacity14.6in/11.7cm5Cups
97104,https://m.media-amazon.com/images/I/619g2uaEctL.jpg,148807,height,"Product Size90.5in/2300mm100""78.7in1.9m2000mm74.8in13.7in/350mm5.9in/150mmPRODUCT ACCESSORIESFf90 "" connector*4Direct Connector*8Ground nail *10Hexagonal wrench*1Projection cloth*1Cross bar*3Verticl pole*6Aluminium alloy*2*1bag"""
97105,https://m.media-amazon.com/images/I/619g4TsoLhL.jpg,483370,depth,30cmSword height included
97106,https://m.media-amazon.com/images/I/619g4TsoLhL.jpg,483370,width,30cmSword height included
97107,https://m.media-amazon.com/images/I/619g4TsoLhL.jpg,483370,height,30cmSword height included
97108,https://m.media-amazon.com/images/I/619g6EMzYQL.jpg,866516,height,30 cm43 cm95 cml5.5 cm8 cm16 cm
97109,https://m.media-amazon.com/images/I/619gAEW75kL.jpg,844474,width,LARGECAPACITY46cml18.11in15.6inFZSSS_-27.5cm/10.83in15cm/5.91inLaptopPadPhoneUmbrellaNotebook
97110,https://m.media-amazon.com/images/I/619gFrugT8L.jpg,849273,depth,55'638.45 in / 21.5 cm
97111,https://m.media-amazon.com/images/I/619gFrugT8L.jpg,849273,height,55'638.45 in / 21.5 cm
97112,https://m.media-amazon.com/images/I/619gN2BdPdL.jpg,416664,width,1208Responsive MotionDetection: 10ft(3M)3.10inch0.66inch(80.1OMM)(16.88MM)DetectingAngle:120=
97113,https://m.media-amazon.com/images/I/619gN2BdPdL.jpg,416664,height,1208Responsive MotionDetection: 10ft(3M)3.10inch0.66inch(80.1OMM)(16.88MM)DetectingAngle:120=
97114,https://m.media-amazon.com/images/I/619gQu7ZVeL.jpg,237000,height,23cmSuitable sizefor umbrella cover136cmFit 1-2m parasolPlease measure the diameter or thelength to the outer edges of the umbrella25cmto choose the proper size.
97115,https://m.media-amazon.com/images/I/619gSY+3Y-L.jpg,180410,depth,0.9 in5.19 in5RfId(_STOFiPhone XS Max
97116,https://m.media-amazon.com/images/I/619gSY+3Y-L.jpg,180410,width,0.9 in5.19 in5RfId(_STOFiPhone XS Max
97117,https://m.media-amazon.com/images/I/619gUWSn6yL.jpg,866516,width,200 cmi3000021150 cmLange:cmTiefe: 18cm100 cmiHohe: 21 cm50 cm21 cm18 cmcm3838
97118,https://m.media-amazon.com/images/I/619gZI4xmSL.jpg,784538,depth,40 CM100 CMJ}
97119,https://m.media-amazon.com/images/I/619gZI4xmSL.jpg,784538,width,40 CM100 CMJ}
97120,https://m.media-amazon.com/images/I/619gaCzDrVL.jpg,648011,width,45 mmPHILIPS77 mmhuewhite and color
97121,https://m.media-amazon.com/images/I/619gaCzDrVL.jpg,648011,depth,45 mmPHILIPS77 mmhuewhite and color
97122,https://m.media-amazon.com/images/I/619gaCzDrVL.jpg,648011,height,45 mmPHILIPS77 mmhuewhite and color
97123,https://m.media-amazon.com/images/I/619ggap2ydL.jpg,599772,width,1.9in1.9in2.5in12 in2.5 inFit for all spice jarsdiameter < 1.9in(4.9cm)1.9in
97124,https://m.media-amazon.com/images/I/619gm7kEaNL.jpg,311997,height,42.1 in11.82 in11.1in13 in
97125,https://m.media-amazon.com/images/I/619goXmQqZL.jpg,311997,width,"15,5 cm120,0 cm90,0 cm90,0 cm"
97126,https://m.media-amazon.com/images/I/619gupfKemL.jpg,801829,height,"Product Dimensions330LBSWeight Capacity34.5005.7""'17.7""60.6""73""2802362034.5'17.7""39""_33"""
97127,https://m.media-amazon.com/images/I/619gvgjdYyL.jpg,866516,height,112cm/4.72in
97128,https://m.media-amazon.com/images/I/619gvgjdYyL.jpg,866516,width,112cm/4.72in
97129,https://m.media-amazon.com/images/I/619gvgjdYyL.jpg,866516,depth,112cm/4.72in
97130,https://m.media-amazon.com/images/I/619gz-N268L.jpg,370720,maximum_weight_recommendation,"Need Less, Select 4-PackNeedSelect 8-PackMAX LOAD: 160LB FOR 4 WHEELSFurniture Wheels for Hardwood floorsHeavy-Duty 1 inch Caster Wheels SetMore ,"
97131,https://m.media-amazon.com/images/I/619h5T3fkkL.jpg,652661,width,"3.9""3.7""02.4""14.9""5.5""3.7"""
97132,https://m.media-amazon.com/images/I/619h6PioYML.jpg,488883,height,"DIMENSIONS:Save space, provide large storage spacel28.117.1-Outer Size:28.1x28.1x17.1"
97133,https://m.media-amazon.com/images/I/619hBq5zhLL.jpg,426449,item_volume,Package InformationBottle#1OW-40#1OW-40EeWkEemcViscosity2EZ'E88mm1Ow-40L181852470305222_738Etx/4EISZYIXEENCINIENCINE DILKawasKawasaki105 Quart Q461KawasakiQUART (946mii4906'Gi072Liquid Volume946.0 Milliliters
97134,https://m.media-amazon.com/images/I/619hC+SouNL.jpg,434825,depth,SIZE18.4cm13.5cm5€ RH10M-* > }
97135,https://m.media-amazon.com/images/I/619hIoDdOzL.jpg,844474,depth,2UNIVERSITY OFZHIMABABV26CM2
97136,https://m.media-amazon.com/images/I/619hJlZiqTL.jpg,521308,width,ReadySteadyB €d42cm71cm60cm13 cm168 cm60 cm
97137,https://m.media-amazon.com/images/I/619hMfLazdL.jpg,931856,height,113.Zinch13.3inchS4inch11
97138,https://m.media-amazon.com/images/I/619hMfLazdL.jpg,931856,depth,113.Zinch13.3inchS4inch11
97139,https://m.media-amazon.com/images/I/619hPka-DWL.jpg,347404,width,16cm/6.29in112.5cm/4.92in
97140,https://m.media-amazon.com/images/I/619hQzB604L.jpg,599772,height,3832725.5413341 X 33 X 32cm
97141,https://m.media-amazon.com/images/I/619hRSFDAPL.jpg,731252,height,"4.7"" /12cm440z/1300ml1.9""/Scm15.5"" /14cm"
97142,https://m.media-amazon.com/images/I/619hYO9MLAL.jpg,149159,height,8~f3.9 in / 10 cm
97143,https://m.media-amazon.com/images/I/619hYO9MLAL.jpg,149159,depth,8~f3.9 in / 10 cm
97144,https://m.media-amazon.com/images/I/619hcgfYiqL.jpg,675680,height,|J47cm/18.Sin
97145,https://m.media-amazon.com/images/I/619hfXKNe1L.jpg,277856,width,DensnSien16 inch / 41 cm328g@Qoqj
97146,https://m.media-amazon.com/images/I/619hfXKNe1L.jpg,277856,depth,DensnSien16 inch / 41 cm328g@Qoqj
97147,https://m.media-amazon.com/images/I/619hmEQI2sL.jpg,931856,width,18cm25cm(1-Zcm error)
97148,https://m.media-amazon.com/images/I/619hmEQI2sL.jpg,931856,depth,18cm25cm(1-Zcm error)
97149,https://m.media-amazon.com/images/I/619hnR1IW5L.jpg,844474,width,HAND MADE7 . OinBAGS24.5inNote: Manual measurement allows a little error:.Oin _
97150,https://m.media-amazon.com/images/I/619hoN6K3GL.jpg,452717,height,Scm38cm6cm40cm
97151,https://m.media-amazon.com/images/I/619hp+F1KbL.jpg,311997,height,"Product Size3.54'Ueanig3333_28"":"
97152,https://m.media-amazon.com/images/I/619hpZIWbrL.jpg,908443,item_weight,Head circumference: 58cm/22.8 inchesWeight: about 90 grams
97153,https://m.media-amazon.com/images/I/619hwViqODL.jpg,241608,height,Dimension45.5 Cm32.5 Cm83
97154,https://m.media-amazon.com/images/I/619i-F5JvZL.jpg,792578,width,70.5in(18Ocm)11.8inT(3Ocm)
97155,https://m.media-amazon.com/images/I/619i-F5JvZL.jpg,792578,depth,70.5in(18Ocm)11.8inT(3Ocm)
97156,https://m.media-amazon.com/images/I/619i4bCS-NL.jpg,945489,width,[86cm/2.36in
97157,https://m.media-amazon.com/images/I/619iBjG9lIL.jpg,783898,depth,"85.9""5.2""31.9'9.8""5.9""5""9.2""9.8"""
97158,https://m.media-amazon.com/images/I/619iCPn0O5L.jpg,681445,height,41cm
97159,https://m.media-amazon.com/images/I/619iCPn0O5L.jpg,681445,depth,41cm
97160,https://m.media-amazon.com/images/I/619iCPn0O5L.jpg,681445,width,41cm
97161,https://m.media-amazon.com/images/I/619iEIwPH4S.jpg,784538,width,848815cm1ILO15cm
97162,https://m.media-amazon.com/images/I/619iJOcL5NL.jpg,810266,height,2.93in7.5cm2.6in(6.5cm)3.5in9cm4.4in(llcm)
97163,https://m.media-amazon.com/images/I/619iLUBjFeL.jpg,801829,height,115 cm115cm190 cm57 cm190 cm110 cm
97164,https://m.media-amazon.com/images/I/619iM1Tb+uL.jpg,416664,height,4.33inch 11cmMAX 1.2inch 3cm[3F1.58inch 4cm
97165,https://m.media-amazon.com/images/I/619iWJCOQxL.jpg,751532,height,"FULLSIZE100olbs56""Weight Capacity10""42""18""12""77"""
97166,https://m.media-amazon.com/images/I/619iWTl1zWL.jpg,288715,item_weight,siaxidB1D_LzWoozX9MYw10 MEGA pixelsJ1DIGITALLENSebaw{-7.45mmF3.0
97167,https://m.media-amazon.com/images/I/619iWZ3C1ML.jpg,386873,item_weight,Helio G35 Octa-core ProcessorSupported 1TB Expandable4GB64GBRAMROM
97168,https://m.media-amazon.com/images/I/619iX8caZgL.jpg,281678,item_weight,"PREMIUM ORGANICGREYSTZNPremiumOngantcGREYSTSPNELOUCFightNo added Scents or FlavorsQfignatwreMoringarganicytimes the Vitamin C of Orangestimes the Vitamin A of CarrotsGingerMoringatimes the Calcium of Milk~CAFFEINE FREENON-GMO3times the Potassium of Bananas207INDIVIDUALBAGSUSDENet Wt : 1.4 02,40gr2 timesthe Protein of YogurtPray"
97169,https://m.media-amazon.com/images/I/619iYRljmoL.jpg,653767,width,"18""18"
97170,https://m.media-amazon.com/images/I/619iYRljmoL.jpg,653767,depth,"18""18"
97171,https://m.media-amazon.com/images/I/619iYRljmoL.jpg,653767,height,"18""18"
97172,https://m.media-amazon.com/images/I/619igfXr3tL.jpg,916768,height,1.78inch9C1.5oz1.70inch
97173,https://m.media-amazon.com/images/I/619igfXr3tL.jpg,916768,width,1.78inch9C1.5oz1.70inch
97174,https://m.media-amazon.com/images/I/619ik8vrLkS.jpg,574059,depth,"PerPECT SIZE:Forvarious documents, folders,cards, USB shields, tablets, cash,jewelry and other digital products.814.6in"
97175,https://m.media-amazon.com/images/I/619il+WFQsL.jpg,156839,width,"Installation & Assembly1. Measure the windows:Za. Measuring theZb. Drill the hole andZc. Fix the brackets.bracket hole position_fit the correct plugs iffixing on masonrywall:3. Calculate the length of the poleensure IOcm is left ot eoch end of the pole:4Adjust the length of the pole.5. Slide on rings, ensuring onequal amount each side(leaving 2 rings oside)6. Fit thein to the brackets.7. Fit the finial:(place the remaining rings between thebracket and the finial)Pleasepole"
97176,https://m.media-amazon.com/images/I/619il+WFQsL.jpg,156839,height,"Installation & Assembly1. Measure the windows:Za. Measuring theZb. Drill the hole andZc. Fix the brackets.bracket hole position_fit the correct plugs iffixing on masonrywall:3. Calculate the length of the poleensure IOcm is left ot eoch end of the pole:4Adjust the length of the pole.5. Slide on rings, ensuring onequal amount each side(leaving 2 rings oside)6. Fit thein to the brackets.7. Fit the finial:(place the remaining rings between thebracket and the finial)Pleasepole"
97177,https://m.media-amazon.com/images/I/619il+WFQsL.jpg,156839,depth,"Installation & Assembly1. Measure the windows:Za. Measuring theZb. Drill the hole andZc. Fix the brackets.bracket hole position_fit the correct plugs iffixing on masonrywall:3. Calculate the length of the poleensure IOcm is left ot eoch end of the pole:4Adjust the length of the pole.5. Slide on rings, ensuring onequal amount each side(leaving 2 rings oside)6. Fit thein to the brackets.7. Fit the finial:(place the remaining rings between thebracket and the finial)Pleasepole"
97178,https://m.media-amazon.com/images/I/619in46obeL.jpg,866516,height,3282128in)(11.02cmcm(4.72in)
97179,https://m.media-amazon.com/images/I/619iqLEbhPL.jpg,983323,wattage,PWM 4PINRGBAir VolumeFan Speed26~66CFM+10%700~18OORPM+10%
97180,https://m.media-amazon.com/images/I/619iqLEbhPL.jpg,983323,voltage,PWM 4PINRGBAir VolumeFan Speed26~66CFM+10%700~18OORPM+10%
97181,https://m.media-amazon.com/images/I/619is3zdF8L.jpg,119607,depth,DIMENSIONS35@{LSHED66.5 INCH16.51CM0.25 INCH0.635 CMse
97182,https://m.media-amazon.com/images/I/619is3zdF8L.jpg,119607,width,DIMENSIONS35@{LSHED66.5 INCH16.51CM0.25 INCH0.635 CMse
97183,https://m.media-amazon.com/images/I/619ivFt-NvL.jpg,866516,depth,"14.6""6.3"""
97184,https://m.media-amazon.com/images/I/619ivFt-NvL.jpg,866516,height,"14.6""6.3"""
97185,https://m.media-amazon.com/images/I/619j6WvKuaL.jpg,106003,height,PRODUCT INFORMATION14cm(5.5in)18cm(Zin)NAMEFABRICSIZEWEIGHTOPEN18cm*14cm*1.ScmCOIN PURSEFLANNEL(Zin*5.Sin*0.Sin)32gZIPPER
97186,https://m.media-amazon.com/images/I/619j6WvKuaL.jpg,106003,depth,PRODUCT INFORMATION14cm(5.5in)18cm(Zin)NAMEFABRICSIZEWEIGHTOPEN18cm*14cm*1.ScmCOIN PURSEFLANNEL(Zin*5.Sin*0.Sin)32gZIPPER
97187,https://m.media-amazon.com/images/I/619j6yYUrLL.jpg,784538,width,17Ocm6Ocm
97188,https://m.media-amazon.com/images/I/619j6yYUrLL.jpg,784538,depth,17Ocm6Ocm
97189,https://m.media-amazon.com/images/I/619jENMiMQL.jpg,784538,depth,22.8 inch9.41Matstntt1715.7 inch
97190,https://m.media-amazon.com/images/I/619jENMiMQL.jpg,784538,width,22.8 inch9.41Matstntt1715.7 inch
97191,https://m.media-amazon.com/images/I/619jFb6xRzL.jpg,178778,width,7cm/275in6HechoosesIlcm/4.33in
97192,https://m.media-amazon.com/images/I/619jLXfKr9L.jpg,687867,width,16 CM10 CM
97193,https://m.media-amazon.com/images/I/619jLXfKr9L.jpg,687867,depth,16 CM10 CM
97194,https://m.media-amazon.com/images/I/619jSOTGTHL.jpg,843434,depth,"8OcmLAADEN"""
97195,https://m.media-amazon.com/images/I/619jSOTGTHL.jpg,843434,height,"8OcmLAADEN"""
97196,https://m.media-amazon.com/images/I/619jSOTGTHL.jpg,843434,width,"8OcmLAADEN"""
97197,https://m.media-amazon.com/images/I/619jU6aeS+L.jpg,418636,item_weight,"Product information:35 inchesSKU:TUG042Category:Golf clubsSubclass:ChippersMaterial:Stainless steelLie:719Loft:35Length of shaft:35""Weight of club head:Weight of club shaft:110gWeight of club grip:52g350g"
97198,https://m.media-amazon.com/images/I/619jU8jpbyL.jpg,550595,height,4in4in6 1/2in5 3/8in4in7/8in|3in2 1/2in2 5/8in2in
97199,https://m.media-amazon.com/images/I/619jUHlknZS.jpg,913156,width,;4.9 in4.83
97200,https://m.media-amazon.com/images/I/619jUHlknZS.jpg,913156,height,;4.9 in4.83
97201,https://m.media-amazon.com/images/I/619jXR-ACiL.jpg,752266,depth,"Small Size Pendant Light:Adjustable Hanging Height3.9""/ 1OcmHanging Cord47.2""[120cm MaxAdjustable7.9""/ 19cmDiameter 7.1""/ 18cmThe cord length is flexible to adjust to fit youras desiredceiling"
97202,https://m.media-amazon.com/images/I/619jXg+j2EL.jpg,430434,width,23L28.4cm37.5cm
97203,https://m.media-amazon.com/images/I/619jZKYbfoL.jpg,594224,height,6.5cm6.5cm37cm9cm6.5cm9.5cm27.5cm
97204,https://m.media-amazon.com/images/I/619ja17K1yL.jpg,558806,height,0Yanle3One11mE10.Scmcone510cmtoneineY5E1lcm11cm10.Scm(nes
97205,https://m.media-amazon.com/images/I/619jcdnicfL.jpg,180410,height,4 inches5 in213
97206,https://m.media-amazon.com/images/I/619jcdnicfL.jpg,180410,depth,4 inches5 in213
97207,https://m.media-amazon.com/images/I/619jhbczeIL.jpg,752266,width,SIZE32071@78cm/30.7inchLamp+Material: MetalAcrylicDHCOne lamp with two functionsPower: LED 72Wperfectly explains the style ofhome lifeWind Speed: 6 GearsDimmableSpace: 8-15M
97208,https://m.media-amazon.com/images/I/619jhbczeIL.jpg,752266,height,SIZE32071@78cm/30.7inchLamp+Material: MetalAcrylicDHCOne lamp with two functionsPower: LED 72Wperfectly explains the style ofhome lifeWind Speed: 6 GearsDimmableSpace: 8-15M
97209,https://m.media-amazon.com/images/I/619jhbczeIL.jpg,752266,depth,SIZE32071@78cm/30.7inchLamp+Material: MetalAcrylicDHCOne lamp with two functionsPower: LED 72Wperfectly explains the style ofhome lifeWind Speed: 6 GearsDimmableSpace: 8-15M
97210,https://m.media-amazon.com/images/I/619jiKq8pLL.jpg,243137,height,WeddingPartyNewbornChildrenVideoProdurtYouTubeFestivalBirthdayOutdoor~-7ft(210cm)HAPPX BIRuDDAR01
97211,https://m.media-amazon.com/images/I/619jiKq8pLL.jpg,243137,depth,WeddingPartyNewbornChildrenVideoProdurtYouTubeFestivalBirthdayOutdoor~-7ft(210cm)HAPPX BIRuDDAR01
97212,https://m.media-amazon.com/images/I/619jmb4MW8L.jpg,849273,depth,Mzlz XlCDeD7400e1e9+)aa{JLz^-zLzbulwaniLjusoxigixneI7mm88767@DsluraxRaecaieafjaHAJLgm^>I5cmzzteZaziSe81413nuCFLo facuistlidgucelug6rEBoblgne73908*67IRMaajae8m*9+WaAra3lMoRebob b(reTib;ttil
97213,https://m.media-amazon.com/images/I/619jmb4MW8L.jpg,849273,height,Mzlz XlCDeD7400e1e9+)aa{JLz^-zLzbulwaniLjusoxigixneI7mm88767@DsluraxRaecaieafjaHAJLgm^>I5cmzzteZaziSe81413nuCFLo facuistlidgucelug6rEBoblgne73908*67IRMaajae8m*9+WaAra3lMoRebob b(reTib;ttil
97214,https://m.media-amazon.com/images/I/619jmb4MW8L.jpg,849273,width,Mzlz XlCDeD7400e1e9+)aa{JLz^-zLzbulwaniLjusoxigixneI7mm88767@DsluraxRaecaieafjaHAJLgm^>I5cmzzteZaziSe81413nuCFLo facuistlidgucelug6rEBoblgne73908*67IRMaajae8m*9+WaAra3lMoRebob b(reTib;ttil
97215,https://m.media-amazon.com/images/I/619joTdX8SL.jpg,464488,height,"The photo frame part includes a piece of acrylic glass and apiece of wood, can put down a 3.2 x 4 inches photoNote: Remove theprotective filmbefore useCove"
97216,https://m.media-amazon.com/images/I/619joTdX8SL.jpg,464488,depth,"The photo frame part includes a piece of acrylic glass and apiece of wood, can put down a 3.2 x 4 inches photoNote: Remove theprotective filmbefore useCove"
97217,https://m.media-amazon.com/images/I/619jwz+CrPL.jpg,483370,width,PARTSIZEDoll Weight0.575 Ib (0.261kg)Doll Size7 inth (17.7cm)Body length3.4 inth (6.5cm)Head length2 inth (Scm)Head6.5 inth (16.9cm)circumfereceArm length3.2 inth (8.2cm)Leg length2.8 inth (7.6cm)Foot length1.1 inth (2.7cm)Peim length0.9 inth (2.2cm)CoLlectibLeDOLLCHANDMADE For LoveSHIPPINGFROM THE U.SGift BoxMsiALDuNursing BottleClothing SetBirth CertificateDoll Bathrobe~ue4+t
97218,https://m.media-amazon.com/images/I/619jwz+CrPL.jpg,483370,height,PARTSIZEDoll Weight0.575 Ib (0.261kg)Doll Size7 inth (17.7cm)Body length3.4 inth (6.5cm)Head length2 inth (Scm)Head6.5 inth (16.9cm)circumfereceArm length3.2 inth (8.2cm)Leg length2.8 inth (7.6cm)Foot length1.1 inth (2.7cm)Peim length0.9 inth (2.2cm)CoLlectibLeDOLLCHANDMADE For LoveSHIPPINGFROM THE U.SGift BoxMsiALDuNursing BottleClothing SetBirth CertificateDoll Bathrobe~ue4+t
97219,https://m.media-amazon.com/images/I/619k2ChPm0L.jpg,180410,height,"2cm/0.78""8cm/3.14""5cm/1.97""XoSTURDY AND DURABLEWRITE WHAT YOU WANT"
97220,https://m.media-amazon.com/images/I/619k2ChPm0L.jpg,180410,width,"2cm/0.78""8cm/3.14""5cm/1.97""XoSTURDY AND DURABLEWRITE WHAT YOU WANT"
97221,https://m.media-amazon.com/images/I/619k5J0XvJL.jpg,759408,height,TDG LEATHER HOLSTER -> 4 SIZES3.6 inches9.2 cms)TDC3.4 inches (8.6 cms)3.2 inches (8.2 cms)3 Inches (7.6 cms)8{1RE61888E86.7 INCH6.56.3 INCH6 INCH5.5 INCH
97222,https://m.media-amazon.com/images/I/619k5J0XvJL.jpg,759408,depth,TDG LEATHER HOLSTER -> 4 SIZES3.6 inches9.2 cms)TDC3.4 inches (8.6 cms)3.2 inches (8.2 cms)3 Inches (7.6 cms)8{1RE61888E86.7 INCH6.56.3 INCH6 INCH5.5 INCH
97223,https://m.media-amazon.com/images/I/619k86ueKHL.jpg,658003,width,"8.25""8.5""11.5""Tos""(12.7mm)"
97224,https://m.media-amazon.com/images/I/619kHK+ybML.jpg,347404,depth,MODERN FIBERCLAYXX-LARGE PLANTER11.22 in13.39 inLB14.55
97225,https://m.media-amazon.com/images/I/619kHK+ybML.jpg,347404,width,MODERN FIBERCLAYXX-LARGE PLANTER11.22 in13.39 inLB14.55
97226,https://m.media-amazon.com/images/I/619kJ3p59KL.jpg,931856,height,Artificial Ivy Leaf Hedging (FakeRoll)3m x Im RollBenefits:1) No watering needed2) Bespoke and unique for your space3) Purchase our Home Safe UV SprayIvy
97227,https://m.media-amazon.com/images/I/619kJ3p59KL.jpg,931856,depth,Artificial Ivy Leaf Hedging (FakeRoll)3m x Im RollBenefits:1) No watering needed2) Bespoke and unique for your space3) Purchase our Home Safe UV SprayIvy
97228,https://m.media-amazon.com/images/I/619kLwvhslL.jpg,932289,depth,"MA B EL: CAZIOCMH: CAIZOCMGEEIGNET FURB: CAJOCM2 FAHRRADERIHOHzEMPFOHLEN FUR BIS ZU 29"" LAUFRADGROBENMTBSPEEDFOLDINGCRUISERBREITEBYKLISTALANGE"
97229,https://m.media-amazon.com/images/I/619kSrhhzpL.jpg,823083,height,10.5cm7cm17.5cm11
97230,https://m.media-amazon.com/images/I/619kUlGU5ZS.jpg,115666,width,"100cm(39,4"" )1535cm(13,8"""
97231,https://m.media-amazon.com/images/I/619kY5Zj1XL.jpg,789706,height,Size and Quantity7 mmBlack 24 Sets
97232,https://m.media-amazon.com/images/I/619kY5Zj1XL.jpg,789706,depth,Size and Quantity7 mmBlack 24 Sets
97233,https://m.media-amazon.com/images/I/619kY5Zj1XL.jpg,789706,width,Size and Quantity7 mmBlack 24 Sets
97234,https://m.media-amazon.com/images/I/619kYUryUwL.jpg,115666,depth,"18""40""_"
97235,https://m.media-amazon.com/images/I/619kYUryUwL.jpg,115666,height,"18""40""_"
97236,https://m.media-amazon.com/images/I/619kg3ifvUL.jpg,180726,height,26mm26mm31mm22mm22mm28mm34mm32mm30mm27mm1OOmm10Omm9Omm63mm50mm2Omm2Omm25mm25mm25mm234540mm38mm29mm37mm37mm31mm31mm31mm65mm52mm34mm34mm28mm28mm25mm3Omm13121110
97237,https://m.media-amazon.com/images/I/619kiq-z9UL.jpg,599772,height,PRODUCT SIZESlmm8.lcm6.OcmF7.Ocm2.5cm
97238,https://m.media-amazon.com/images/I/619ktaeJuUL.jpg,521308,height,30cm5ocm25cm85CM17cm46cm25cm117cm188CM2533188CM
97239,https://m.media-amazon.com/images/I/619kxWrUUzL.jpg,667819,width,"5cm €"" & I AE V @Itw`otEptw JHRTE51011 1   12131415WKuTSUWA21 [ [   OL6   84  9X3%im HS16OC I5cmEIRZE HL"
97240,https://m.media-amazon.com/images/I/619kxWrUUzL.jpg,667819,height,"5cm €"" & I AE V @Itw`otEptw JHRTE51011 1   12131415WKuTSUWA21 [ [   OL6   84  9X3%im HS16OC I5cmEIRZE HL"
97241,https://m.media-amazon.com/images/I/619kxWrUUzL.jpg,667819,depth,"5cm €"" & I AE V @Itw`otEptw JHRTE51011 1   12131415WKuTSUWA21 [ [   OL6   84  9X3%im HS16OC I5cmEIRZE HL"
97242,https://m.media-amazon.com/images/I/619kyfbDAYL.jpg,347404,depth,1OGallon14inch3pack18inch6inch6inch
97243,https://m.media-amazon.com/images/I/619kyfbDAYL.jpg,347404,height,1OGallon14inch3pack18inch6inch6inch
97244,https://m.media-amazon.com/images/I/619l8Ki6SkL.jpg,976920,item_volume,AVEDATHE ART AND SCIENCE OF PUREFLOWER AND PLANT ESSENCESthickening tonictoniqueepaississantinstantly tnickens for a fuller styleepaissit instantanement les cheveuxpour une coiffure plus volumineuse3.4 fl oz/oz liq/100 ml @
97245,https://m.media-amazon.com/images/I/619lFDuwLhL.jpg,692827,item_volume,InfusedBLACKTRUFFLE OILLA TRUFFENOIRE10GodVERIFIEDInongmoproject orgENHANCEDRIZZLEFINISHSunflower oil infused withnatural black truffle flavoring8.45 FL OZ (250mL)<OURANGELLGMADEARTISANProject
97246,https://m.media-amazon.com/images/I/619lGZDgR9L.jpg,386873,item_weight,6.Iinch19.2.992.9%Waterdrop ScreenAspect RatioScreen to Body Ratio
97247,https://m.media-amazon.com/images/I/619lMEnf3wL.jpg,442321,width,55 cm23 Cm22 cm120 cm69 cm52 cm34cm73 cm34cm52 cm120 cm
97248,https://m.media-amazon.com/images/I/619lQ5Lxi0L.jpg,746096,height,"inches65""Hisense13.6 inches57.0 inches"
97249,https://m.media-amazon.com/images/I/619lRhd0dCL.jpg,521308,height,"37""85""37"""
97250,https://m.media-amazon.com/images/I/619lT2fq2ZL.jpg,589105,height,M30x 20xH.SO cm666660362667K66666607
97251,https://m.media-amazon.com/images/I/619lUPV+csL.jpg,469317,height,"49.2""13.8""29.5"""
97252,https://m.media-amazon.com/images/I/619lVOZ2OcL.jpg,696193,height,"Light & PortableMini Size and Lightweight; Ideal for Carrying:3.7 inchEyoyo""0.78inch1.5 inch"
97253,https://m.media-amazon.com/images/I/619lX78xfWL.jpg,150913,width,"SIZE & WEIGHT23.22""p22.04""39.7""14.17""NET:5 4LBS710.23"" 15.35"""
97254,https://m.media-amazon.com/images/I/619lZiHpMEL.jpg,106003,width,12 cm18 cm!
97255,https://m.media-amazon.com/images/I/619lZiHpMEL.jpg,106003,height,12 cm18 cm!
97256,https://m.media-amazon.com/images/I/619laoaCCGL.jpg,120219,height,8826cm;10. 2in
97257,https://m.media-amazon.com/images/I/619laoaCCGL.jpg,120219,depth,8826cm;10. 2in
97258,https://m.media-amazon.com/images/I/619lbXhQO7L.jpg,752266,width,ZOcm880r04X4
97259,https://m.media-amazon.com/images/I/619lbXhQO7L.jpg,752266,depth,ZOcm880r04X4
97260,https://m.media-amazon.com/images/I/619lfeAB-mL.jpg,178778,height,5.1 INCH3 INCH7.3 INCH
97261,https://m.media-amazon.com/images/I/619liaKWHsL.jpg,916768,height,Big Volume: 1500 ML:88233 CompartmentsMicrowave SafeFreezer SafeLeakproofoaoaSresiou383inch8.46
97262,https://m.media-amazon.com/images/I/619lmafoc0L.jpg,115666,height,"2,5""18.5""16.5""34""15.75""34"""
97263,https://m.media-amazon.com/images/I/619ltWrwelL.jpg,478233,height,021.8CM10.5CM16.8CM
97264,https://m.media-amazon.com/images/I/619luwYc49L.jpg,244283,width,"90 cm0,4 cm88"
97265,https://m.media-amazon.com/images/I/619lvRhLX3L.jpg,478357,height,"27.36""19.49""19.09""13.98"""
97266,https://m.media-amazon.com/images/I/619lvRhLX3L.jpg,478357,width,"27.36""19.49""19.09""13.98"""
97267,https://m.media-amazon.com/images/I/619lvx2+wlL.jpg,261553,width,50cm/19.69in
97268,https://m.media-amazon.com/images/I/619lvx2+wlL.jpg,261553,depth,50cm/19.69in
97269,https://m.media-amazon.com/images/I/619lvx2+wlL.jpg,261553,height,50cm/19.69in
97270,https://m.media-amazon.com/images/I/619m+3xpfmL.jpg,611510,height,"Height: 31""Width: 18""Depth: 15""Weight: 23.Slbs18""31""15""@Copyright Ashley Furniture Industries"
97271,https://m.media-amazon.com/images/I/619m18BD1lL.jpg,245959,height,7.48 inch25L11 inch18.9 inch
97272,https://m.media-amazon.com/images/I/619m18BD1lL.jpg,245959,width,7.48 inch25L11 inch18.9 inch
97273,https://m.media-amazon.com/images/I/619m1ymC7RL.jpg,304120,height,17in/17.78cm01333.77n/9.57cm3.98in/10.Icm3.27in/8.3cm0~132.91in/7.39cm11.2in/28.Scm
