image_link,group_id,entity_name,entity_value
https://m.media-amazon.com/images/I/51mQI5WqcCL.jpg,640031,width,2.22 inch
https://m.media-amazon.com/images/I/617YKOR5MQL.jpg,640031,width,20.0 centimetre
https://m.media-amazon.com/images/I/6169lvROkIL.jpg,640031,width,0.7333333333333333 inch
https://m.media-amazon.com/images/I/514pOMO8lRL.jpg,640031,width,0.9 inch
https://m.media-amazon.com/images/I/61E559Onf+S.jpg,640031,width,30.0 millimetre
https://m.media-amazon.com/images/I/515XU0aS2KL.jpg,640031,width,15.0 millimetre
https://m.media-amazon.com/images/I/61DAYNh9ezL.jpg,640031,width,2.5 centimetre
https://m.media-amazon.com/images/I/51cSvlhnHjL.jpg,640031,width,22.9 millimetre
https://m.media-amazon.com/images/I/51l7hJOp9OL.jpg,640031,width,8.0 centimetre
https://m.media-amazon.com/images/I/51l7hJOp9OL.jpg,640031,depth,10.0 centimetre
https://m.media-amazon.com/images/I/51cA-b7hK4L.jpg,640031,width,5.8 centimetre
https://m.media-amazon.com/images/I/51bxD0OCV6L.jpg,640031,width,90.0 millimetre
https://m.media-amazon.com/images/I/51WNUKuqoBL.jpg,640031,width,0.5 inch
https://m.media-amazon.com/images/I/615lZqAOD+L.jpg,640031,width,1.0 inch
https://m.media-amazon.com/images/I/61Admf3oVRL.jpg,640031,width,2.0 inch
https://m.media-amazon.com/images/I/51HPiJyBgLL.jpg,640031,width,2.1 centimetre
https://m.media-amazon.com/images/I/51gj9drtrVL.jpg,640031,width,17.0 millimetre
https://m.media-amazon.com/images/I/614a9jbGNZL.jpg,640031,width,12.0 millimetre
https://m.media-amazon.com/images/I/616SFOAVFEL.jpg,640031,width,0.79 inch
https://m.media-amazon.com/images/I/616SFOAVFEL.jpg,640031,depth,2.37 inch
https://m.media-amazon.com/images/I/51y8cVD7vlL.jpg,640031,width,0.59 inch
https://m.media-amazon.com/images/I/51g06XjltNL.jpg,640031,width,28.0 millimetre
https://m.media-amazon.com/images/I/51Q7rf+h6wL.jpg,640031,width,2.0 inch
https://m.media-amazon.com/images/I/516r8VRNmUL.jpg,640031,width,2.8 centimetre
https://m.media-amazon.com/images/I/616JCrHxNVL.jpg,640031,width,59.0 millimetre
https://m.media-amazon.com/images/I/514cU2TXxuL.jpg,640031,width,9.0 inch
https://m.media-amazon.com/images/I/615UMt+0gZL.jpg,640031,width,1.0 inch
https://m.media-amazon.com/images/I/6154wQ0IRAL.jpg,640031,width,9.0 inch
https://m.media-amazon.com/images/I/51w7wZ4QYIL.jpg,640031,width,4.72 inch
https://m.media-amazon.com/images/I/61DieJW3TGL.jpg,640031,width,0.4 inch
https://m.media-amazon.com/images/I/51JcsknqQXL.jpg,640031,width,9.0 inch
https://m.media-amazon.com/images/I/51X-k3K1IML.jpg,640031,width,4.72 inch
https://m.media-amazon.com/images/I/511LpKjqShL.jpg,640031,width,3.3 centimetre
https://m.media-amazon.com/images/I/511LpKjqShL.jpg,640031,depth,4.4 centimetre
https://m.media-amazon.com/images/I/51VCGC5lkyL.jpg,640031,width,2.22 inch
https://m.media-amazon.com/images/I/613nfXTr0UL.jpg,640031,width,1.0 inch
https://m.media-amazon.com/images/I/61ENtA3fnIL.jpg,640031,width,2.0 inch
https://m.media-amazon.com/images/I/51Ivc90OSwL.jpg,640031,width,0.9 inch
https://m.media-amazon.com/images/I/51zgWVQzN1L.jpg,640031,width,0.75 inch
https://m.media-amazon.com/images/I/511RVhUIjfL.jpg,640031,width,4.2 centimetre
https://m.media-amazon.com/images/I/51vPe16MxqL.jpg,640031,width,6.5 millimetre
https://m.media-amazon.com/images/I/61--EtBTUtL.jpg,640031,width,15.0 millimetre
https://m.media-amazon.com/images/I/51hUoEu41FL.jpg,640031,width,56.0 millimetre
https://m.media-amazon.com/images/I/51jUmB0ud0L.jpg,640031,width,0.09090909090909091 metre
https://m.media-amazon.com/images/I/612OHc9lqnL.jpg,640031,width,2.0 centimetre
https://m.media-amazon.com/images/I/61FH2G4cp0L.jpg,640031,width,15.0 millimetre
https://m.media-amazon.com/images/I/51znt5lM+lL.jpg,640031,width,33.0 millimetre
https://m.media-amazon.com/images/I/610Fnoy5qVL.jpg,640031,depth,1.6 inch
https://m.media-amazon.com/images/I/51vLlrB+yUL.jpg,640031,depth,3.2 inch
https://m.media-amazon.com/images/I/610rGXlcSUL.jpg,640031,depth,3.54 inch
https://m.media-amazon.com/images/I/51hzAOzsXrS.jpg,640031,depth,5.3 inch
https://m.media-amazon.com/images/I/51Gv12DLUJL.jpg,640031,depth,11.7 centimetre
https://m.media-amazon.com/images/I/51u+qiZzhpL.jpg,640031,depth,9.2 centimetre
https://m.media-amazon.com/images/I/51z1OOER8pL.jpg,640031,depth,5.43 inch
https://m.media-amazon.com/images/I/41Ee87SoSiL.jpg,640031,depth,40.0 millimetre
https://m.media-amazon.com/images/I/51VlFSKsKNL.jpg,640031,depth,8.2 centimetre
https://m.media-amazon.com/images/I/61Da7oxztbL.jpg,640031,depth,7.5 inch
https://m.media-amazon.com/images/I/61+RIBZX0pL.jpg,640031,depth,10.0 millimetre
https://m.media-amazon.com/images/I/61D-EFIi93L.jpg,640031,depth,9.0 inch
https://m.media-amazon.com/images/I/61DVKxA-21L.jpg,640031,depth,128.0 millimetre
https://m.media-amazon.com/images/I/51G7VX6YUtS.jpg,640031,depth,23.0 millimetre
https://m.media-amazon.com/images/I/41A+-LPyAbL.jpg,640031,height,2.5 inch
https://m.media-amazon.com/images/I/41tqnUe2LJL.jpg,640031,depth,27.0 millimetre
https://m.media-amazon.com/images/I/611VdwL1vvL.jpg,640031,depth,25.0 millimetre
https://m.media-amazon.com/images/I/613pnMC3bzL.jpg,640031,depth,3.15 inch
https://m.media-amazon.com/images/I/51emsSjcgJL.jpg,640031,depth,2.3 centimetre
https://m.media-amazon.com/images/I/51emsSjcgJL.jpg,640031,height,6.0 centimetre
https://m.media-amazon.com/images/I/51VYwnD6G1L.jpg,640031,depth,26.0 millimetre
https://m.media-amazon.com/images/I/614qhJ6rTaL.jpg,640031,depth,5.93 inch
https://m.media-amazon.com/images/I/614qhJ6rTaL.jpg,640031,height,10.86 inch
https://m.media-amazon.com/images/I/612Ctn3JIAL.jpg,640031,depth,16.0 millimetre
https://m.media-amazon.com/images/I/51udACk4F9L.jpg,640031,depth,72.0 millimetre
https://m.media-amazon.com/images/I/61361xBwT+L.jpg,640031,depth,3.5 centimetre
https://m.media-amazon.com/images/I/51WzMVzX4xL.jpg,640031,depth,1.57 inch
https://m.media-amazon.com/images/I/51Ttj0jZJWL.jpg,640031,depth,4.0 centimetre
https://m.media-amazon.com/images/I/612DIiEsj9L.jpg,640031,depth,72.0 millimetre
https://m.media-amazon.com/images/I/41F-a8nqrTL.jpg,640031,depth,55.0 millimetre
https://m.media-amazon.com/images/I/51JtUIVY3NL.jpg,640031,depth,65.0 millimetre
https://m.media-amazon.com/images/I/51JtUIVY3NL.jpg,640031,height,35.0 millimetre
https://m.media-amazon.com/images/I/619lcjqo11L.jpg,640031,depth,29.0 millimetre
https://m.media-amazon.com/images/I/51diwVyBCFL.jpg,640031,depth,41.0 millimetre
https://m.media-amazon.com/images/I/512LjMCm6PL.jpg,640031,depth,0.18 metre
https://m.media-amazon.com/images/I/61603Ing41L.jpg,640031,depth,3.0 inch
https://m.media-amazon.com/images/I/51ybABMSTKL.jpg,640031,depth,42.0 millimetre
https://m.media-amazon.com/images/I/51+LajA9XLL.jpg,640031,depth,70.0 millimetre
https://m.media-amazon.com/images/I/61GJ+Fjg28L.jpg,640031,depth,9.0 inch
https://m.media-amazon.com/images/I/51ZljMLJwwL.jpg,640031,depth,1.0 inch
https://m.media-amazon.com/images/I/512Ev6mJ-ZL.jpg,640031,depth,1.2 inch
https://m.media-amazon.com/images/I/617eKsKlzXL.jpg,640031,depth,4.5 centimetre
https://m.media-amazon.com/images/I/51L5deQDu0L.jpg,640031,depth,65.0 millimetre
https://m.media-amazon.com/images/I/51WmwtpHcOL.jpg,640031,depth,36.0 millimetre
https://m.media-amazon.com/images/I/51WmwtpHcOL.jpg,640031,height,72.0 millimetre
https://m.media-amazon.com/images/I/51eufEtJKNL.jpg,640031,depth,8.1 centimetre
https://m.media-amazon.com/images/I/51WOCVa7BDL.jpg,640031,depth,25.0 centimetre
https://m.media-amazon.com/images/I/51-YX5Uo6-L.jpg,640031,depth,10.4 centimetre
https://m.media-amazon.com/images/I/51SvPPdY-zL.jpg,640031,depth,4.0 centimetre
https://m.media-amazon.com/images/I/51uCy3NsAYL.jpg,640031,depth,88.0 millimetre
https://m.media-amazon.com/images/I/51tsGWvmt4L.jpg,640031,depth,0.18 metre
https://m.media-amazon.com/images/I/51gPJuCeXBL.jpg,640031,depth,98.0 millimetre
https://m.media-amazon.com/images/I/51TvxIa6mTL.jpg,640031,depth,8.2 centimetre
https://m.media-amazon.com/images/I/51NIg2ja8sL.jpg,640031,height,30.0 centimetre
https://m.media-amazon.com/images/I/51fNqF9V8aL.jpg,640031,height,36.7 millimetre
https://m.media-amazon.com/images/I/51acIzKZwIL.jpg,640031,height,6.7 centimetre
https://m.media-amazon.com/images/I/51+nzbCML+L.jpg,640031,height,65.0 millimetre
https://m.media-amazon.com/images/I/51vqS+RN3jL.jpg,640031,height,155.0 millimetre
https://m.media-amazon.com/images/I/51ncegQUspL.jpg,640031,height,9.0 centimetre
https://m.media-amazon.com/images/I/61FlYB5qvtL.jpg,640031,height,4.0 inch
https://m.media-amazon.com/images/I/41ogQYFs0eL.jpg,640031,height,4.8 centimetre
https://m.media-amazon.com/images/I/51tp6FuoHTL.jpg,640031,height,6.0 inch
https://m.media-amazon.com/images/I/51X9QkeKVlL.jpg,640031,height,15.0 centimetre
https://m.media-amazon.com/images/I/616TUoc9m4L.jpg,640031,height,9.5 centimetre
https://m.media-amazon.com/images/I/51FtCPeWQqL.jpg,640031,height,3.6 inch
https://m.media-amazon.com/images/I/611cflYWFyL.jpg,640031,height,2.0 inch
https://m.media-amazon.com/images/I/41N6o8ijnXL.jpg,640031,height,5.4 inch
https://m.media-amazon.com/images/I/610V8xABhvL.jpg,640031,height,5.79 inch
https://m.media-amazon.com/images/I/51X4v0JA3fL.jpg,640031,height,5.5 centimetre
https://m.media-amazon.com/images/I/51Yx7U2e42L.jpg,640031,height,5.8 centimetre
https://m.media-amazon.com/images/I/41LQW+FeefL.jpg,640031,height,5.4 inch
https://m.media-amazon.com/images/I/41QUtJKtBeL.jpg,640031,height,65.0 millimetre
https://m.media-amazon.com/images/I/61CeqbQLcfL.jpg,640031,height,160.0 millimetre
https://m.media-amazon.com/images/I/51yh6nmbipL.jpg,640031,height,127.0 millimetre
https://m.media-amazon.com/images/I/615mX-pGeuL.jpg,640031,height,8.0 inch
https://m.media-amazon.com/images/I/51VI-b2m0hL.jpg,640031,height,72.0 millimetre
https://m.media-amazon.com/images/I/51-UdPU5kDL.jpg,640031,height,6.1 inch
https://m.media-amazon.com/images/I/51G35D5SmJL.jpg,640031,height,3.99 inch
https://m.media-amazon.com/images/I/510uVkJWUFL.jpg,640031,height,75.0 millimetre
https://m.media-amazon.com/images/I/61+7xS185LL.jpg,640031,height,3.27 inch
https://m.media-amazon.com/images/I/612+PL7i8jL.jpg,640031,height,6.0 centimetre
https://m.media-amazon.com/images/I/51L6xpxC+ML.jpg,640031,height,44.0 millimetre
https://m.media-amazon.com/images/I/51UMXrx1HzL.jpg,640031,height,12.0 millimetre
https://m.media-amazon.com/images/I/5188NThFPRL.jpg,640031,height,10.0 millimetre
https://m.media-amazon.com/images/I/613QXGqZyHL.jpg,640031,height,2.91 inch
https://m.media-amazon.com/images/I/6101BFETKAL.jpg,640031,height,6.0 inch
https://m.media-amazon.com/images/I/51lYVTrAb6L.jpg,640031,height,22.5 centimetre
https://m.media-amazon.com/images/I/31jnKTwAgvL.jpg,640031,height,5.4 inch
https://m.media-amazon.com/images/I/61+tVby5qKL.jpg,640031,height,25.0 millimetre
https://m.media-amazon.com/images/I/619DOjrGtLL.jpg,640031,height,7.0 inch
https://m.media-amazon.com/images/I/51IQhCfeZEL.jpg,640031,height,3.563 inch
https://m.media-amazon.com/images/I/51h8jLrYP2L.jpg,640031,height,147.4 millimetre
https://m.media-amazon.com/images/I/61Dl+v+pLNL.jpg,640031,height,9.0 inch
https://m.media-amazon.com/images/I/51UzccHp6jL.jpg,640031,height,6.1 inch
https://m.media-amazon.com/images/I/51mct8vAmPL.jpg,640031,height,9.0 inch
https://m.media-amazon.com/images/I/41HXSZG7sAL.jpg,640031,height,9.1 centimetre
https://m.media-amazon.com/images/I/51KxD8oa5hL.jpg,640031,height,100.0 millimetre
https://m.media-amazon.com/images/I/611te5nLYrL.jpg,640031,height,5.51 inch
https://m.media-amazon.com/images/I/51F7yyItijL.jpg,640031,height,95.0 millimetre
https://m.media-amazon.com/images/I/41oazNX4BML.jpg,640031,height,78.0 millimetre
https://m.media-amazon.com/images/I/51mCVs3bYPL.jpg,640031,height,9.3 centimetre
https://m.media-amazon.com/images/I/514jO3plIdL.jpg,640031,height,0.5 inch
https://m.media-amazon.com/images/I/510jITHgmBL.jpg,640031,height,127.0 millimetre
https://m.media-amazon.com/images/I/51El-ig6YiL.jpg,640031,height,0.18 metre
https://m.media-amazon.com/images/I/51ijyOOSHeL.jpg,640031,height,9.0 inch
https://m.media-amazon.com/images/I/616EC7RHG9L.jpg,640031,height,90.0 millimetre
https://m.media-amazon.com/images/I/51TzIikpC8L.jpg,640031,height,48.0 millimetre
https://m.media-amazon.com/images/I/614TukLXF3L.jpg,640031,height,1.3 inch
https://m.media-amazon.com/images/I/51gZsULTY-L.jpg,640031,height,37.0 millimetre
https://m.media-amazon.com/images/I/61CaR3dV-JL.jpg,640031,height,2.7 inch
https://m.media-amazon.com/images/I/51apy6lfJsL.jpg,640031,height,0.7 inch
