image_link,group_id,entity_name,entity_value
https://m.media-amazon.com/images/I/51vxQhv9eqL.jpg,594068,width,90.0 millimetre
https://m.media-amazon.com/images/I/51cwLIFbxuL.jpg,594068,width,12.0 centimetre
https://m.media-amazon.com/images/I/41dWBM6q49L.jpg,594068,width,74.0 millimetre
https://m.media-amazon.com/images/I/51w4cS7m6DL.jpg,594068,width,12.7 centimetre
https://m.media-amazon.com/images/I/51xoJFSbXLS.jpg,594068,width,15.5 centimetre
https://m.media-amazon.com/images/I/61B0spuh6lL.jpg,594068,width,145.0 millimetre
https://m.media-amazon.com/images/I/61B0spuh6lL.jpg,594068,depth,530.0 millimetre
https://m.media-amazon.com/images/I/517z7KELazL.jpg,594068,width,5.7 inch
https://m.media-amazon.com/images/I/51ysKvcqbqL.jpg,594068,height,330.0 millimetre
https://m.media-amazon.com/images/I/51Lb0Huid6L.jpg,594068,width,15.0 centimetre
https://m.media-amazon.com/images/I/618xrQIQMKL.jpg,594068,width,90.0 millimetre
https://m.media-amazon.com/images/I/51gdw1GUPML.jpg,594068,width,126.0 millimetre
https://m.media-amazon.com/images/I/51IE-+OhOqL.jpg,594068,depth,49.1 centimetre
https://m.media-amazon.com/images/I/51qCBEWapyL.jpg,594068,depth,10.5 centimetre
https://m.media-amazon.com/images/I/517LciBUYSL.jpg,594068,depth,13.0 centimetre
https://m.media-amazon.com/images/I/517LciBUYSL.jpg,594068,height,47.0 centimetre
https://m.media-amazon.com/images/I/613Iew+i2dL.jpg,594068,depth,32.0 centimetre
https://m.media-amazon.com/images/I/51xRTVAGxiL.jpg,594068,depth,60.0 centimetre
https://m.media-amazon.com/images/I/61+OaWk++6L.jpg,594068,depth,330.0 millimetre
https://m.media-amazon.com/images/I/51uIBTMpcKL.jpg,594068,depth,48.0 centimetre
https://m.media-amazon.com/images/I/612lROcsVCL.jpg,594068,depth,170.0 millimetre
https://m.media-amazon.com/images/I/61CTzkiztpL.jpg,594068,depth,35.3 centimetre
https://m.media-amazon.com/images/I/51r9Yi6fIRL.jpg,594068,depth,60.0 centimetre
https://m.media-amazon.com/images/I/61BdJVOTh8L.jpg,594068,depth,18.0 inch
https://m.media-amazon.com/images/I/51FeVEY-bzL.jpg,594068,depth,21.0 centimetre
https://m.media-amazon.com/images/I/614-a4zMmKL.jpg,594068,height,50.0 millimetre
https://m.media-amazon.com/images/I/51-AcC7IBgL.jpg,594068,height,46.0 centimetre
https://m.media-amazon.com/images/I/513HymL8gsL.jpg,594068,height,26.0 centimetre
https://m.media-amazon.com/images/I/51N024QTsUL.jpg,594068,height,19.5 centimetre
https://m.media-amazon.com/images/I/513lOhsiKHL.jpg,594068,height,21.5 centimetre
https://m.media-amazon.com/images/I/51EBgPmaKAL.jpg,594068,height,11.0 inch
https://m.media-amazon.com/images/I/616rErmBDGL.jpg,594068,height,15.0 inch
https://m.media-amazon.com/images/I/51ipS6-ZNsL.jpg,594068,height,33.0 centimetre
https://m.media-amazon.com/images/I/613Or0KpoIL.jpg,594068,height,12.5 inch
https://m.media-amazon.com/images/I/51mchzP36WL.jpg,594068,height,62.0 millimetre
