image_link,group_id,entity_name,entity_value
https://m.media-amazon.com/images/I/6192LL63abL.jpg,180726,width,2.0 inch
https://m.media-amazon.com/images/I/51GZTEWU-4L.jpg,180726,width,38.0 millimetre
https://m.media-amazon.com/images/I/51e2fPAZ6MS.jpg,180726,width,12.0 millimetre
https://m.media-amazon.com/images/I/613PJ2iSigL.jpg,180726,width,20.0 millimetre
https://m.media-amazon.com/images/I/51hLvhITSQL.jpg,180726,width,37.7 millimetre
https://m.media-amazon.com/images/I/51vwQwdvBbL.jpg,180726,width,1.5 inch
https://m.media-amazon.com/images/I/616C4hcemxL.jpg,180726,width,25.0 millimetre
https://m.media-amazon.com/images/I/61BGtRFOP3L.jpg,180726,width,22.0 millimetre
https://m.media-amazon.com/images/I/51DUYoyOWXL.jpg,180726,width,34.6 millimetre
https://m.media-amazon.com/images/I/510oIFHN9FL.jpg,180726,width,2.0 centimetre
https://m.media-amazon.com/images/I/51C3KAHzcQL.jpg,180726,width,26.0 millimetre
https://m.media-amazon.com/images/I/41tioA3cdPL.jpg,180726,width,8.0 millimetre
https://m.media-amazon.com/images/I/615LQP12QKL.jpg,180726,width,2.0 inch
https://m.media-amazon.com/images/I/51jyYWl54JL.jpg,180726,width,6.7 centimetre
https://m.media-amazon.com/images/I/617m3ttZxmL.jpg,180726,width,25.0 millimetre
https://m.media-amazon.com/images/I/51Ci9QEMZQL.jpg,180726,width,7.0 millimetre
https://m.media-amazon.com/images/I/419nBXIMFRS.jpg,180726,width,2.5 centimetre
https://m.media-amazon.com/images/I/615hYYEqbuL.jpg,180726,width,30.0 millimetre
https://m.media-amazon.com/images/I/61Cg9nL9jcL.jpg,180726,width,0.75 inch
https://m.media-amazon.com/images/I/41bKW7vV1FS.jpg,180726,width,23.0 millimetre
https://m.media-amazon.com/images/I/41bKW7vV1FS.jpg,180726,height,23.0 millimetre
https://m.media-amazon.com/images/I/51g-RgYAk2L.jpg,180726,width,0.59 inch
https://m.media-amazon.com/images/I/51mwuv0HCkL.jpg,180726,width,30.0 millimetre
https://m.media-amazon.com/images/I/51-5DTlX1oL.jpg,180726,width,5.0 centimetre
https://m.media-amazon.com/images/I/616AUv0mVeL.jpg,180726,width,4.0 centimetre
https://m.media-amazon.com/images/I/51f49CzMFqL.jpg,180726,width,30.0 millimetre
https://m.media-amazon.com/images/I/6178DQLs54L.jpg,180726,width,25.0 millimetre
https://m.media-amazon.com/images/I/6178DQLs54L.jpg,180726,height,4.0 millimetre
https://m.media-amazon.com/images/I/61EpsnWEYoS.jpg,180726,width,40.0 millimetre
https://m.media-amazon.com/images/I/51QSSDgETQL.jpg,180726,width,30.0 millimetre
https://m.media-amazon.com/images/I/51cszO-YZRL.jpg,180726,width,3.14 inch
https://m.media-amazon.com/images/I/513WAIjz2DL.jpg,180726,width,1.18 inch
https://m.media-amazon.com/images/I/61-6SDGVIzL.jpg,180726,width,0.5 inch
https://m.media-amazon.com/images/I/61-6SDGVIzL.jpg,180726,height,0.4 inch
https://m.media-amazon.com/images/I/51fDzLfJj-L.jpg,180726,width,0.83 inch
https://m.media-amazon.com/images/I/6182426+CiL.jpg,180726,width,25.0 millimetre
https://m.media-amazon.com/images/I/61192FhFNIL.jpg,180726,width,25.0 millimetre
https://m.media-amazon.com/images/I/31jjzwxNiWL.jpg,180726,width,0.7 inch
https://m.media-amazon.com/images/I/41mKRf-n-IL.jpg,180726,width,28.0 millimetre
https://m.media-amazon.com/images/I/51XNEFsXoLL.jpg,180726,width,33.0 millimetre
https://m.media-amazon.com/images/I/513xjeR3oCL.jpg,180726,width,15.0 millimetre
https://m.media-amazon.com/images/I/513xjeR3oCL.jpg,180726,depth,24.0 millimetre
https://m.media-amazon.com/images/I/51nh6cHM4qL.jpg,180726,width,50.0 millimetre
https://m.media-amazon.com/images/I/616HLpn0jpL.jpg,180726,width,30.0 millimetre
https://m.media-amazon.com/images/I/51n3-6Jov6L.jpg,180726,width,15.0 millimetre
https://m.media-amazon.com/images/I/61FQ3Q3-uGL.jpg,180726,width,22.0 millimetre
https://m.media-amazon.com/images/I/615RuppgKbL.jpg,180726,width,1.5 inch
https://m.media-amazon.com/images/I/613v-1x3DzL.jpg,180726,width,0.94 inch
https://m.media-amazon.com/images/I/613v-1x3DzL.jpg,180726,height,27.0 millimetre
https://m.media-amazon.com/images/I/61E22KLsmaL.jpg,180726,width,1.2 inch
https://m.media-amazon.com/images/I/61E22KLsmaL.jpg,180726,height,1.4 inch
https://m.media-amazon.com/images/I/51FrpXkp-eL.jpg,180726,width,10.0 centimetre
https://m.media-amazon.com/images/I/518rat6ecNL.jpg,180726,width,2.2 centimetre
https://m.media-amazon.com/images/I/615O+-ey1WL.jpg,180726,width,1.24 inch
https://m.media-amazon.com/images/I/51itsf50VvL.jpg,180726,width,4.0 centimetre
https://m.media-amazon.com/images/I/61-XvP3a2xL.jpg,180726,width,50.0 millimetre
https://m.media-amazon.com/images/I/61-XvP3a2xL.jpg,180726,depth,76.0 millimetre
https://m.media-amazon.com/images/I/61+JAIJyF9L.jpg,180726,width,0.86 inch
https://m.media-amazon.com/images/I/51lz1oF4dWL.jpg,180726,width,60.0 millimetre
https://m.media-amazon.com/images/I/51L-tamE9+L.jpg,180726,width,0.75 inch
https://m.media-amazon.com/images/I/51LE97t2WnL.jpg,180726,width,4.0 centimetre
https://m.media-amazon.com/images/I/51HrgNTSiLS.jpg,180726,width,40.0 millimetre
https://m.media-amazon.com/images/I/613bE3Ss74S.jpg,180726,width,5.6 centimetre
https://m.media-amazon.com/images/I/613bE3Ss74S.jpg,180726,depth,8.2 centimetre
https://m.media-amazon.com/images/I/613bE3Ss74S.jpg,180726,height,5.0 centimetre
https://m.media-amazon.com/images/I/6142cTkONWL.jpg,180726,width,95.0 millimetre
https://m.media-amazon.com/images/I/51WOqQkTsqL.jpg,180726,width,0.4 inch
https://m.media-amazon.com/images/I/61Dy1FC2k6L.jpg,180726,width,5.0 centimetre
https://m.media-amazon.com/images/I/61Dy1FC2k6L.jpg,180726,depth,10.0 centimetre
https://m.media-amazon.com/images/I/611ByCR6eYL.jpg,180726,width,1.18 inch
https://m.media-amazon.com/images/I/611ByCR6eYL.jpg,180726,depth,1.18 inch
https://m.media-amazon.com/images/I/51iBTfD-kES.jpg,180726,width,26.0 millimetre
https://m.media-amazon.com/images/I/51Rtnz6-mIL.jpg,180726,width,19.0 millimetre
https://m.media-amazon.com/images/I/515Ihx7+dEL.jpg,180726,width,25.0 millimetre
https://m.media-amazon.com/images/I/515Ihx7+dEL.jpg,180726,height,25.0 millimetre
https://m.media-amazon.com/images/I/51n9WS0Q31L.jpg,180726,width,25.0 millimetre
https://m.media-amazon.com/images/I/610lwC8VNML.jpg,180726,width,18.0 millimetre
https://m.media-amazon.com/images/I/514-TLaHNqL.jpg,180726,width,30.0 millimetre
https://m.media-amazon.com/images/I/610p-qf4ZjL.jpg,180726,width,20.0 millimetre
https://m.media-amazon.com/images/I/41DT34PgDuL.jpg,180726,width,40.0 millimetre
https://m.media-amazon.com/images/I/51qNPzRk8uL.jpg,180726,width,35.0 millimetre
https://m.media-amazon.com/images/I/51gfQ63zI1L.jpg,180726,width,60.0 millimetre
https://m.media-amazon.com/images/I/51cTx03EstL.jpg,180726,width,32.0 millimetre
https://m.media-amazon.com/images/I/51cTx03EstL.jpg,180726,depth,32.0 millimetre
https://m.media-amazon.com/images/I/515arVAysmL.jpg,180726,width,2.8 centimetre
https://m.media-amazon.com/images/I/51X7UPFBncL.jpg,180726,width,40.0 millimetre
https://m.media-amazon.com/images/I/61+5-YlOjLL.jpg,180726,width,22.0 millimetre
https://m.media-amazon.com/images/I/51Gc1HiTOMS.jpg,180726,width,40.0 millimetre
https://m.media-amazon.com/images/I/51TAO5dFyeL.jpg,180726,width,1.9 centimetre
https://m.media-amazon.com/images/I/41HLV+KXEGS.jpg,180726,width,18.0 millimetre
https://m.media-amazon.com/images/I/611KjNMgcLL.jpg,180726,width,15.5 millimetre
https://m.media-amazon.com/images/I/61C7ffrtFwL.jpg,180726,width,2.75 inch
https://m.media-amazon.com/images/I/615A-DbMLgL.jpg,180726,width,1.25 inch
https://m.media-amazon.com/images/I/512Q4xdXVXL.jpg,180726,width,6.5 centimetre
https://m.media-amazon.com/images/I/51qxigldLnL.jpg,180726,width,21.0 millimetre
https://m.media-amazon.com/images/I/515Klrg62HL.jpg,180726,width,3.0 millimetre
https://m.media-amazon.com/images/I/61DkSxuG8EL.jpg,180726,width,49.0 millimetre
https://m.media-amazon.com/images/I/618F9XDS8gL.jpg,180726,width,3.0 inch
https://m.media-amazon.com/images/I/51uo7z1u+aL.jpg,180726,width,48.0 millimetre
https://m.media-amazon.com/images/I/612vcA87PaL.jpg,180726,width,15.0 millimetre
https://m.media-amazon.com/images/I/612vcA87PaL.jpg,180726,height,30.0 millimetre
https://m.media-amazon.com/images/I/519phltTZXL.jpg,180726,width,2.1 inch
https://m.media-amazon.com/images/I/6186CanzmBL.jpg,180726,width,28.0 millimetre
https://m.media-amazon.com/images/I/6186CanzmBL.jpg,180726,height,0.87 inch
https://m.media-amazon.com/images/I/616VnWr36mL.jpg,180726,width,25.0 millimetre
https://m.media-amazon.com/images/I/616VnWr36mL.jpg,180726,depth,30.0 millimetre
https://m.media-amazon.com/images/I/51K4yT3wcjL.jpg,180726,width,25.0 millimetre
https://m.media-amazon.com/images/I/51YSga2LkFL.jpg,180726,width,28.0 millimetre
https://m.media-amazon.com/images/I/51YSga2LkFL.jpg,180726,depth,40.0 millimetre
https://m.media-amazon.com/images/I/41W-rhHec2L.jpg,180726,width,2.7 centimetre
https://m.media-amazon.com/images/I/41W-rhHec2L.jpg,180726,depth,2.7 centimetre
https://m.media-amazon.com/images/I/61FYbzS3siL.jpg,180726,width,4.7 centimetre
https://m.media-amazon.com/images/I/61FYbzS3siL.jpg,180726,height,4.0 centimetre
https://m.media-amazon.com/images/I/41GCGqrAFZL.jpg,180726,width,22.0 millimetre
https://m.media-amazon.com/images/I/619sV9aDphL.jpg,180726,width,21.0 millimetre
https://m.media-amazon.com/images/I/51ywUKaAGlL.jpg,180726,width,35.0 millimetre
https://m.media-amazon.com/images/I/61BDRJNoNUL.jpg,180726,width,50.0 millimetre
https://m.media-amazon.com/images/I/61BDRJNoNUL.jpg,180726,depth,1.97 inch
https://m.media-amazon.com/images/I/51cAa9LqMcL.jpg,180726,width,33.0 millimetre
https://m.media-amazon.com/images/I/51cAa9LqMcL.jpg,180726,height,32.0 millimetre
https://m.media-amazon.com/images/I/51LfDFji8lL.jpg,180726,width,3.0 centimetre
https://m.media-amazon.com/images/I/51BqDhs9JIL.jpg,180726,width,6.0 millimetre
https://m.media-amazon.com/images/I/51YXMV7k9NL.jpg,180726,width,56.0 millimetre
https://m.media-amazon.com/images/I/51FSdAauCNL.jpg,180726,width,19.0 millimetre
https://m.media-amazon.com/images/I/51FSdAauCNL.jpg,180726,height,6.0 millimetre
https://m.media-amazon.com/images/I/41cLkuNXGxL.jpg,180726,depth,19.0 millimetre
https://m.media-amazon.com/images/I/41XJwxIivbL.jpg,180726,depth,2.8 inch
https://m.media-amazon.com/images/I/515A0kQWz3L.jpg,180726,depth,15.0 millimetre
https://m.media-amazon.com/images/I/41V0DtpX9FL.jpg,180726,depth,22.0 millimetre
https://m.media-amazon.com/images/I/51dc8bJhhcS.jpg,180726,depth,15.0 centimetre
https://m.media-amazon.com/images/I/519YNfzGIwL.jpg,180726,depth,0.83 inch
https://m.media-amazon.com/images/I/511zNSzItUL.jpg,180726,depth,30.0 millimetre
https://m.media-amazon.com/images/I/51vgJDk7o1L.jpg,180726,depth,3.94 inch
https://m.media-amazon.com/images/I/51-DdUGqvSL.jpg,180726,depth,16.0 millimetre
https://m.media-amazon.com/images/I/61+-dw5J-aL.jpg,180726,depth,10.0 millimetre
https://m.media-amazon.com/images/I/619WTwssFqL.jpg,180726,depth,72.0 millimetre
https://m.media-amazon.com/images/I/41yx7ahlrOL.jpg,180726,depth,8.0 inch
https://m.media-amazon.com/images/I/51bPVd5Wb2L.jpg,180726,depth,32.0 millimetre
https://m.media-amazon.com/images/I/41+34xtxKQS.jpg,180726,depth,85.0 millimetre
https://m.media-amazon.com/images/I/41+34xtxKQS.jpg,180726,height,44.0 millimetre
https://m.media-amazon.com/images/I/5127vCL0JnL.jpg,180726,depth,4.0 centimetre
https://m.media-amazon.com/images/I/41ycdekjlrL.jpg,180726,depth,2.0 centimetre
https://m.media-amazon.com/images/I/51p-4H3QepL.jpg,180726,depth,40.0 millimetre
https://m.media-amazon.com/images/I/51cI3bVR45L.jpg,180726,depth,2.7 inch
https://m.media-amazon.com/images/I/6105dj7PF3L.jpg,180726,depth,1.7 inch
https://m.media-amazon.com/images/I/6105dj7PF3L.jpg,180726,height,1.1 inch
https://m.media-amazon.com/images/I/51Qo53HHx5L.jpg,180726,depth,2.0 inch
https://m.media-amazon.com/images/I/6137hYX+7cL.jpg,180726,depth,10.0 millimetre
https://m.media-amazon.com/images/I/518KfqJ4ioL.jpg,180726,depth,22.0 millimetre
https://m.media-amazon.com/images/I/31AtaPIsZsL.jpg,180726,depth,25.0 millimetre
https://m.media-amazon.com/images/I/41oe4rDIn7L.jpg,180726,depth,2.2 centimetre
https://m.media-amazon.com/images/I/517qPTC0uVL.jpg,180726,depth,17.0 millimetre
https://m.media-amazon.com/images/I/41azvsZJ-tL.jpg,180726,depth,8.0 centimetre
https://m.media-amazon.com/images/I/41azvsZJ-tL.jpg,180726,height,8.0 centimetre
https://m.media-amazon.com/images/I/613x9vWP9kL.jpg,180726,depth,1.18 inch
https://m.media-amazon.com/images/I/613x9vWP9kL.jpg,180726,height,1.0 inch
https://m.media-amazon.com/images/I/51HT0Txy1RL.jpg,180726,depth,1.36 inch
https://m.media-amazon.com/images/I/61-DIPqV6YL.jpg,180726,depth,19.0 millimetre
https://m.media-amazon.com/images/I/61-p2adkcmL.jpg,180726,depth,8.0 millimetre
https://m.media-amazon.com/images/I/4170vGFw-fL.jpg,180726,depth,300.0 millimetre
https://m.media-amazon.com/images/I/4170vGFw-fL.jpg,180726,height,6.0 millimetre
https://m.media-amazon.com/images/I/51OXYA++GUL.jpg,180726,depth,0.5 inch
https://m.media-amazon.com/images/I/519vbStqM-L.jpg,180726,depth,25.0 millimetre
https://m.media-amazon.com/images/I/41HbYKmdYZL.jpg,180726,depth,11.0 millimetre
https://m.media-amazon.com/images/I/51b4vKTfjPL.jpg,180726,depth,0.75 inch
https://m.media-amazon.com/images/I/51VidysZ6LL.jpg,180726,depth,8.2 inch
https://m.media-amazon.com/images/I/514-Qg-2u7L.jpg,180726,depth,1.5 inch
https://m.media-amazon.com/images/I/51bIsNeN-1L.jpg,180726,depth,2.0 inch
https://m.media-amazon.com/images/I/61AjMnYcEzL.jpg,180726,depth,12.1 centimetre
https://m.media-amazon.com/images/I/61AjMnYcEzL.jpg,180726,height,1.2 centimetre
https://m.media-amazon.com/images/I/6150Y0BKPPL.jpg,180726,height,3.0 millimetre
https://m.media-amazon.com/images/I/51MVRLC3mwL.jpg,180726,depth,9.0 centimetre
https://m.media-amazon.com/images/I/616GtodbjqL.jpg,180726,depth,1.1 inch
https://m.media-amazon.com/images/I/51AoD3vYdCL.jpg,180726,depth,30.0 millimetre
https://m.media-amazon.com/images/I/612FnlitofL.jpg,180726,depth,30.0 millimetre
https://m.media-amazon.com/images/I/610mumqpZbL.jpg,180726,depth,18.0 millimetre
https://m.media-amazon.com/images/I/613mzpaDmTL.jpg,180726,depth,15.0 millimetre
https://m.media-amazon.com/images/I/613mzpaDmTL.jpg,180726,height,15.0 millimetre
https://m.media-amazon.com/images/I/51nrvVo15XL.jpg,180726,depth,3.0 centimetre
https://m.media-amazon.com/images/I/617sA5mrShL.jpg,180726,depth,52.0 millimetre
https://m.media-amazon.com/images/I/617sA5mrShL.jpg,180726,height,1.2 inch
https://m.media-amazon.com/images/I/51d0oEoohEL.jpg,180726,depth,34.0 millimetre
https://m.media-amazon.com/images/I/51FgstORnSL.jpg,180726,depth,2.7 centimetre
https://m.media-amazon.com/images/I/61G4vi6dj7L.jpg,180726,depth,62.0 millimetre
https://m.media-amazon.com/images/I/51-goJHk1RL.jpg,180726,depth,3.0 centimetre
https://m.media-amazon.com/images/I/41bsrLCAhvL.jpg,180726,depth,4.0 centimetre
https://m.media-amazon.com/images/I/614awc-fnxL.jpg,180726,depth,72.0 millimetre
https://m.media-amazon.com/images/I/511KsZC+5zL.jpg,180726,depth,25.0 millimetre
https://m.media-amazon.com/images/I/51jUmmUgxnL.jpg,180726,depth,50.0 millimetre
https://m.media-amazon.com/images/I/51je9WQLASL.jpg,180726,depth,35.0 millimetre
https://m.media-amazon.com/images/I/51Z6FKsvs9L.jpg,180726,depth,19.0 millimetre
https://m.media-amazon.com/images/I/51p0FOqiVeS.jpg,180726,depth,1.5 inch
https://m.media-amazon.com/images/I/51Xmm6v6kOL.jpg,180726,depth,58.0 millimetre
https://m.media-amazon.com/images/I/51hd04MZR-L.jpg,180726,depth,1.06 inch
https://m.media-amazon.com/images/I/51IXa+HXU1L.jpg,180726,depth,13.0 millimetre
https://m.media-amazon.com/images/I/51Ok9UucnpL.jpg,180726,depth,30.0 millimetre
https://m.media-amazon.com/images/I/6161xfW3OBL.jpg,180726,depth,6.0 centimetre
https://m.media-amazon.com/images/I/61CgPgzc7qL.jpg,180726,depth,2.2 inch
https://m.media-amazon.com/images/I/511xSIW0IeL.jpg,180726,depth,8.0 millimetre
https://m.media-amazon.com/images/I/61Fpb5+QgwL.jpg,180726,depth,0.945 inch
https://m.media-amazon.com/images/I/611YZ8YiZgL.jpg,180726,depth,1.5 inch
https://m.media-amazon.com/images/I/61EclTiRggL.jpg,180726,depth,1.7 inch
https://m.media-amazon.com/images/I/51pODAzyFQL.jpg,180726,depth,30.0 millimetre
https://m.media-amazon.com/images/I/611eMCp1dvL.jpg,180726,depth,35.0 millimetre
https://m.media-amazon.com/images/I/51bHV6p68hL.jpg,180726,depth,50.0 millimetre
https://m.media-amazon.com/images/I/61CXd68rw3L.jpg,180726,depth,29.0 millimetre
https://m.media-amazon.com/images/I/518mhpM8rcL.jpg,180726,depth,48.0 millimetre
https://m.media-amazon.com/images/I/41SgJlUIGVL.jpg,180726,depth,21.0 centimetre
https://m.media-amazon.com/images/I/51lcKfwkfnL.jpg,180726,depth,8.0 millimetre
https://m.media-amazon.com/images/I/41aIWJKVRRL.jpg,180726,depth,1.5 inch
https://m.media-amazon.com/images/I/51z1VV4KmrL.jpg,180726,depth,30.0 millimetre
https://m.media-amazon.com/images/I/51z1VV4KmrL.jpg,180726,height,0.4 inch
https://m.media-amazon.com/images/I/61DvLBRjlGL.jpg,180726,depth,50.0 millimetre
https://m.media-amazon.com/images/I/51FYKzmyKlL.jpg,180726,depth,22.0 millimetre
https://m.media-amazon.com/images/I/617k9m93WlL.jpg,180726,depth,4.7 inch
https://m.media-amazon.com/images/I/61AWy0edagL.jpg,180726,depth,9.0 millimetre
https://m.media-amazon.com/images/I/51rz5d2wMzL.jpg,180726,depth,1.26 inch
https://m.media-amazon.com/images/I/51kVs0jBF+L.jpg,180726,depth,20.0 millimetre
https://m.media-amazon.com/images/I/51kVs0jBF+L.jpg,180726,height,8.0 millimetre
https://m.media-amazon.com/images/I/417j2XFuO9S.jpg,180726,depth,8.5 millimetre
https://m.media-amazon.com/images/I/51v59Nu5y3L.jpg,180726,depth,48.0 millimetre
https://m.media-amazon.com/images/I/612uLlbYbVL.jpg,180726,depth,20.0 millimetre
https://m.media-amazon.com/images/I/51S8SPZWa0L.jpg,180726,depth,83.0 millimetre
https://m.media-amazon.com/images/I/51g1I1M8wQL.jpg,180726,depth,13.5 millimetre
https://m.media-amazon.com/images/I/61ASNrdrT9L.jpg,180726,depth,29.3 millimetre
https://m.media-amazon.com/images/I/51kcSr0mimL.jpg,180726,depth,12.0 millimetre
https://m.media-amazon.com/images/I/619sWeQZnlL.jpg,180726,depth,24.5 millimetre
https://m.media-amazon.com/images/I/51ukHFWzsML.jpg,180726,depth,25.0 millimetre
https://m.media-amazon.com/images/I/414QTFSlDeL.jpg,180726,depth,30.0 millimetre
https://m.media-amazon.com/images/I/41sKBRz2GlS.jpg,180726,depth,31.0 millimetre
https://m.media-amazon.com/images/I/51Cz-NeZAjL.jpg,180726,depth,14.5 centimetre
https://m.media-amazon.com/images/I/51NkIR0xgkL.jpg,180726,depth,3.0 inch
https://m.media-amazon.com/images/I/51JG2ZVnXmL.jpg,180726,depth,8.0 millimetre
https://m.media-amazon.com/images/I/615EmVMFHBL.jpg,180726,depth,21.0 centimetre
https://m.media-amazon.com/images/I/615EmVMFHBL.jpg,180726,height,5.0 millimetre
https://m.media-amazon.com/images/I/51vqsj79qeL.jpg,180726,depth,14.0 millimetre
https://m.media-amazon.com/images/I/512tmkxPqcL.jpg,180726,depth,5.0 centimetre
https://m.media-amazon.com/images/I/611syMKiF4L.jpg,180726,depth,5.79 inch
https://m.media-amazon.com/images/I/51pRR5hEN3L.jpg,180726,depth,0.38 inch
https://m.media-amazon.com/images/I/51OU9ycPiXL.jpg,180726,depth,8.0 millimetre
https://m.media-amazon.com/images/I/51Rs9UW21eL.jpg,180726,depth,3.0 centimetre
https://m.media-amazon.com/images/I/41qzzMxf1OS.jpg,180726,depth,8.0 millimetre
https://m.media-amazon.com/images/I/51Sv1sUPn9L.jpg,180726,depth,3.0 centimetre
https://m.media-amazon.com/images/I/619V9bg4MhS.jpg,180726,depth,1.5 inch
https://m.media-amazon.com/images/I/51r8HnlTD7L.jpg,180726,depth,24.0 millimetre
https://m.media-amazon.com/images/I/51r8HnlTD7L.jpg,180726,height,25.0 millimetre
https://m.media-amazon.com/images/I/51OTTq3laiL.jpg,180726,depth,25.0 millimetre
https://m.media-amazon.com/images/I/51OTTq3laiL.jpg,180726,height,15.0 millimetre
https://m.media-amazon.com/images/I/611XkRYzr-L.jpg,180726,depth,2.55 inch
https://m.media-amazon.com/images/I/6188gOMX2CL.jpg,180726,depth,45.0 millimetre
https://m.media-amazon.com/images/I/41ai9aOXaQS.jpg,180726,depth,0.75 inch
https://m.media-amazon.com/images/I/41z2cG-bRrS.jpg,180726,depth,13.0 millimetre
https://m.media-amazon.com/images/I/51UcAHWRSeL.jpg,180726,depth,7.5 centimetre
https://m.media-amazon.com/images/I/51HGh9+eO7L.jpg,180726,depth,32.0 millimetre
https://m.media-amazon.com/images/I/51xEKhhGqtL.jpg,180726,depth,21.0 millimetre
https://m.media-amazon.com/images/I/51aLnSRpdDL.jpg,180726,depth,24.0 millimetre
https://m.media-amazon.com/images/I/51oSQa5D8UL.jpg,180726,depth,15.0 millimetre
https://m.media-amazon.com/images/I/613m-iuLQ4L.jpg,180726,depth,2.0 inch
https://m.media-amazon.com/images/I/51URYnRai1L.jpg,180726,depth,42.0 millimetre
https://m.media-amazon.com/images/I/51q2nYZJ-WL.jpg,180726,depth,100.0 millimetre
https://m.media-amazon.com/images/I/61BYXEvMyWL.jpg,180726,depth,22.0 millimetre
https://m.media-amazon.com/images/I/515vknJ4+PL.jpg,180726,depth,3.8 centimetre
https://m.media-amazon.com/images/I/51vwygc8pQL.jpg,180726,depth,50.0 millimetre
https://m.media-amazon.com/images/I/511+Hv5OUBL.jpg,180726,depth,14.0 millimetre
https://m.media-amazon.com/images/I/51I3LXRrd+L.jpg,180726,depth,1.1 inch
https://m.media-amazon.com/images/I/51I3LXRrd+L.jpg,180726,height,0.98 inch
https://m.media-amazon.com/images/I/51UdnQzWsNL.jpg,180726,depth,20.0 millimetre
https://m.media-amazon.com/images/I/51Tt47KQkqL.jpg,180726,depth,34.0 millimetre
https://m.media-amazon.com/images/I/514kaTYEibL.jpg,180726,depth,39.0 millimetre
https://m.media-amazon.com/images/I/51rM7fO4YnL.jpg,180726,depth,20.0 millimetre
https://m.media-amazon.com/images/I/614Vl6MwPcL.jpg,180726,depth,22.0 millimetre
https://m.media-amazon.com/images/I/51naJHSPGjL.jpg,180726,depth,1.9 inch
https://m.media-amazon.com/images/I/51DKfzeBDuL.jpg,180726,depth,63.0 millimetre
https://m.media-amazon.com/images/I/51DKfzeBDuL.jpg,180726,height,10.0 millimetre
https://m.media-amazon.com/images/I/5126GjU0EKL.jpg,180726,depth,0.8 inch
https://m.media-amazon.com/images/I/6110+yXRCPL.jpg,180726,depth,40.0 millimetre
https://m.media-amazon.com/images/I/517SkO3ZfFL.jpg,180726,depth,8.5 millimetre
https://m.media-amazon.com/images/I/41nOaASyfFL.jpg,180726,depth,2.4 inch
https://m.media-amazon.com/images/I/41RfPPlK4kL.jpg,180726,depth,30.0 centimetre
https://m.media-amazon.com/images/I/61AYQHXsCML.jpg,180726,depth,1.0 inch
https://m.media-amazon.com/images/I/61AYQHXsCML.jpg,180726,height,1.0 inch
https://m.media-amazon.com/images/I/61A7MXOa5rS.jpg,180726,depth,50.0 millimetre
https://m.media-amazon.com/images/I/516FUdCYxML.jpg,180726,depth,30.0 millimetre
https://m.media-amazon.com/images/I/61AdlcfE32L.jpg,180726,depth,4.05 inch
https://m.media-amazon.com/images/I/51-+qk2YmCL.jpg,180726,depth,51.0 millimetre
https://m.media-amazon.com/images/I/611u84nsvJL.jpg,180726,depth,59.0 millimetre
https://m.media-amazon.com/images/I/6122w8CNc-L.jpg,180726,depth,5.0 centimetre
https://m.media-amazon.com/images/I/51TeYYYDEKL.jpg,180726,depth,1.0 inch
https://m.media-amazon.com/images/I/51VnzeQOt2L.jpg,180726,depth,12.0 millimetre
https://m.media-amazon.com/images/I/615ZsbpZm+L.jpg,180726,depth,1.0 inch
https://m.media-amazon.com/images/I/513DE0O1FpL.jpg,180726,depth,64.0 millimetre
https://m.media-amazon.com/images/I/51nyPvtunHL.jpg,180726,depth,10.0 millimetre
https://m.media-amazon.com/images/I/51nyPvtunHL.jpg,180726,height,10.0 millimetre
https://m.media-amazon.com/images/I/51+m09MZOAL.jpg,180726,depth,0.67 inch
https://m.media-amazon.com/images/I/517WSRQxwCL.jpg,180726,depth,24.0 millimetre
https://m.media-amazon.com/images/I/61DjneE1ZZL.jpg,180726,depth,2.25 inch
https://m.media-amazon.com/images/I/41qWln30tlL.jpg,180726,depth,20.5 millimetre
https://m.media-amazon.com/images/I/419PmPFRIML.jpg,180726,depth,9.3 millimetre
https://m.media-amazon.com/images/I/51Ij5cYDUfL.jpg,180726,depth,5.4 centimetre
https://m.media-amazon.com/images/I/41MqlNh2LqL.jpg,180726,depth,10.0 millimetre
https://m.media-amazon.com/images/I/613LvSlgKqL.jpg,180726,depth,30.0 millimetre
https://m.media-amazon.com/images/I/613LvSlgKqL.jpg,180726,height,28.0 millimetre
https://m.media-amazon.com/images/I/612FaCd1JaL.jpg,180726,depth,3.2 inch
https://m.media-amazon.com/images/I/51WZHiDL51L.jpg,180726,depth,50.0 millimetre
https://m.media-amazon.com/images/I/51BymPkToFL.jpg,180726,depth,30.0 millimetre
https://m.media-amazon.com/images/I/51YecqNyKZL.jpg,180726,depth,3.8 centimetre
https://m.media-amazon.com/images/I/51nzCIdpEXL.jpg,180726,depth,63.0 millimetre
https://m.media-amazon.com/images/I/51MNLBm8uzL.jpg,180726,depth,7.5 centimetre
https://m.media-amazon.com/images/I/514JaX3CgNL.jpg,180726,depth,22.0 millimetre
https://m.media-amazon.com/images/I/514JaX3CgNL.jpg,180726,height,10.0 millimetre
https://m.media-amazon.com/images/I/51h9R4wo7yL.jpg,180726,depth,25.0 millimetre
https://m.media-amazon.com/images/I/51eZgndHwJL.jpg,180726,depth,40.0 millimetre
https://m.media-amazon.com/images/I/51OjilTMnOL.jpg,180726,depth,21.0 millimetre
https://m.media-amazon.com/images/I/516dY1taBUL.jpg,180726,depth,1.25 inch
https://m.media-amazon.com/images/I/511Kqf8--ZL.jpg,180726,depth,40.0 millimetre
https://m.media-amazon.com/images/I/51s2UySRMOL.jpg,180726,depth,25.0 millimetre
https://m.media-amazon.com/images/I/619IWs1M+IL.jpg,180726,depth,145.0 millimetre
https://m.media-amazon.com/images/I/51nGQWN4Z0L.jpg,180726,depth,5.58 inch
https://m.media-amazon.com/images/I/618mJ+JzdaL.jpg,180726,depth,30.0 millimetre
https://m.media-amazon.com/images/I/51MB8ikhWZL.jpg,180726,depth,40.0 millimetre
https://m.media-amazon.com/images/I/618QDqiJAjL.jpg,180726,depth,0.98 inch
https://m.media-amazon.com/images/I/619JqJUnOCL.jpg,180726,depth,35.0 millimetre
https://m.media-amazon.com/images/I/513Toat+LzL.jpg,180726,depth,4.8 centimetre
https://m.media-amazon.com/images/I/51SWDZV-LKL.jpg,180726,depth,12.8 centimetre
https://m.media-amazon.com/images/I/511KYWn8BSL.jpg,180726,depth,20.0 millimetre
https://m.media-amazon.com/images/I/611oL32lMKL.jpg,180726,depth,1.0 inch
https://m.media-amazon.com/images/I/51ZIfrrH5SS.jpg,180726,depth,0.62 inch
https://m.media-amazon.com/images/I/519fVG3GLsS.jpg,180726,depth,13.0 millimetre
https://m.media-amazon.com/images/I/516LRpixnrL.jpg,180726,depth,15.0 millimetre
https://m.media-amazon.com/images/I/618NdjLm0SL.jpg,180726,depth,30.0 millimetre
https://m.media-amazon.com/images/I/51-kekzetwL.jpg,180726,depth,13.0 millimetre
https://m.media-amazon.com/images/I/51DRS5kvKQL.jpg,180726,depth,16.0 millimetre
https://m.media-amazon.com/images/I/51rQhUMy4sL.jpg,180726,depth,33.0 millimetre
https://m.media-amazon.com/images/I/51Hudlkt0jL.jpg,180726,depth,1.22 inch
https://m.media-amazon.com/images/I/51JhDrX-erL.jpg,180726,depth,17.0 millimetre
https://m.media-amazon.com/images/I/51JhDrX-erL.jpg,180726,height,10.0 millimetre
https://m.media-amazon.com/images/I/51b+xcnbTTL.jpg,180726,depth,22.0 millimetre
https://m.media-amazon.com/images/I/51+eZhcoQZL.jpg,180726,depth,30.0 millimetre
https://m.media-amazon.com/images/I/51i+u14+ciL.jpg,180726,depth,0.5 inch
https://m.media-amazon.com/images/I/41zt0fl90-L.jpg,180726,depth,6.0 millimetre
https://m.media-amazon.com/images/I/615kDjj3hvL.jpg,180726,depth,23.0 millimetre
https://m.media-amazon.com/images/I/51c9Fzs8uAL.jpg,180726,depth,50.0 millimetre
https://m.media-amazon.com/images/I/51c9Fzs8uAL.jpg,180726,height,10.0 millimetre
https://m.media-amazon.com/images/I/610FfnSYIcL.jpg,180726,depth,1.6 inch
https://m.media-amazon.com/images/I/610FfnSYIcL.jpg,180726,height,4.3 inch
https://m.media-amazon.com/images/I/51p6my+SthL.jpg,180726,depth,16.0 millimetre
https://m.media-amazon.com/images/I/61-bJcj89YL.jpg,180726,depth,12.0 millimetre
https://m.media-amazon.com/images/I/61-bJcj89YL.jpg,180726,height,12.0 millimetre
https://m.media-amazon.com/images/I/6176FmaoYwL.jpg,180726,depth,22.0 millimetre
https://m.media-amazon.com/images/I/6141bVr874L.jpg,180726,depth,60.0 millimetre
https://m.media-amazon.com/images/I/412SWCj5iyL.jpg,180726,depth,13.0 millimetre
https://m.media-amazon.com/images/I/51BvV-PbVUS.jpg,180726,depth,30.0 millimetre
https://m.media-amazon.com/images/I/51BvV-PbVUS.jpg,180726,height,26.0 millimetre
https://m.media-amazon.com/images/I/51PhVja+CuL.jpg,180726,depth,38.0 millimetre
https://m.media-amazon.com/images/I/519i4O99OkL.jpg,180726,depth,38.0 millimetre
https://m.media-amazon.com/images/I/51sAdkHDDrL.jpg,180726,depth,150.0 millimetre
https://m.media-amazon.com/images/I/51CCCZBsUkL.jpg,180726,depth,25.0 millimetre
https://m.media-amazon.com/images/I/519BIyIOoJL.jpg,180726,depth,20.0 millimetre
https://m.media-amazon.com/images/I/4123vOLvK-L.jpg,180726,depth,25.0 millimetre
https://m.media-amazon.com/images/I/51OQ8iK96FL.jpg,180726,depth,50.0 millimetre
https://m.media-amazon.com/images/I/419fKuUkEsL.jpg,180726,depth,8.8 centimetre
https://m.media-amazon.com/images/I/419fKuUkEsL.jpg,180726,height,4.0 centimetre
https://m.media-amazon.com/images/I/51lnxrgSZJL.jpg,180726,depth,10.0 millimetre
https://m.media-amazon.com/images/I/41IgHc6nNdL.jpg,180726,depth,9.0 millimetre
https://m.media-amazon.com/images/I/615D68+7KsL.jpg,180726,depth,30.0 millimetre
https://m.media-amazon.com/images/I/615D68+7KsL.jpg,180726,height,20.0 millimetre
https://m.media-amazon.com/images/I/61BAobd1f2S.jpg,180726,depth,6.7 centimetre
https://m.media-amazon.com/images/I/613FQRg2rTL.jpg,180726,depth,15.0 millimetre
https://m.media-amazon.com/images/I/51iNd-aKftL.jpg,180726,depth,4.0 centimetre
https://m.media-amazon.com/images/I/51kDliayVPL.jpg,180726,depth,25.0 millimetre
https://m.media-amazon.com/images/I/51RXQEGjm1L.jpg,180726,depth,3.0 centimetre
https://m.media-amazon.com/images/I/618DDpSaBzL.jpg,180726,height,0.2 inch
https://m.media-amazon.com/images/I/51EEFz-baTL.jpg,180726,height,2.0 millimetre
https://m.media-amazon.com/images/I/51wfE99u7FL.jpg,180726,height,30.0 millimetre
https://m.media-amazon.com/images/I/51dxGc798kS.jpg,180726,height,5.0 millimetre
https://m.media-amazon.com/images/I/51uXKnz3kGL.jpg,180726,height,5.0 millimetre
https://m.media-amazon.com/images/I/611wUg9OhHS.jpg,180726,height,26.0 millimetre
https://m.media-amazon.com/images/I/61BJQBZTaEL.jpg,180726,height,10.0 millimetre
https://m.media-amazon.com/images/I/61DnL5PHOOL.jpg,180726,height,3.0 millimetre
https://m.media-amazon.com/images/I/51+-w9FuSHL.jpg,180726,height,12.0 millimetre
https://m.media-amazon.com/images/I/51cxneJ9xOL.jpg,180726,height,0.9 centimetre
https://m.media-amazon.com/images/I/51A+3NqZLZL.jpg,180726,height,34.0 millimetre
https://m.media-amazon.com/images/I/519akD9ITkL.jpg,180726,height,4.0 millimetre
https://m.media-amazon.com/images/I/51VTreZdlwL.jpg,180726,height,21.0 millimetre
https://m.media-amazon.com/images/I/51i6fWEcoWL.jpg,180726,height,16.0 millimetre
https://m.media-amazon.com/images/I/611Rm6gQcdL.jpg,180726,height,20.0 millimetre
https://m.media-amazon.com/images/I/51P6Hz4XnIL.jpg,180726,height,1.0 centimetre
https://m.media-amazon.com/images/I/51M6j9gBn9S.jpg,180726,height,100.0 millimetre
https://m.media-amazon.com/images/I/51npog9ym7L.jpg,180726,height,1.5 centimetre
https://m.media-amazon.com/images/I/61GBExSHWaL.jpg,180726,height,15.0 millimetre
https://m.media-amazon.com/images/I/41rnOi0xL4L.jpg,180726,height,0.5 centimetre
https://m.media-amazon.com/images/I/41jHeNFhVDL.jpg,180726,height,0.78 inch
https://m.media-amazon.com/images/I/51MI84Yz-7L.jpg,180726,height,0.65 inch
https://m.media-amazon.com/images/I/61AbxDAQ2EL.jpg,180726,height,1.0 inch
https://m.media-amazon.com/images/I/41Nw5f2gX6L.jpg,180726,height,1.5 inch
https://m.media-amazon.com/images/I/611rkzkE9XL.jpg,180726,height,28.0 millimetre
https://m.media-amazon.com/images/I/518+gXGOC7L.jpg,180726,height,65.0 millimetre
https://m.media-amazon.com/images/I/6128nbBNqiL.jpg,180726,height,30.0 millimetre
https://m.media-amazon.com/images/I/51PvJqPcucL.jpg,180726,height,12.0 millimetre
https://m.media-amazon.com/images/I/41tjjFWR14L.jpg,180726,height,16.0 millimetre
https://m.media-amazon.com/images/I/61432JxBmHL.jpg,180726,height,0.75 inch
https://m.media-amazon.com/images/I/41is3Bt7i2L.jpg,180726,height,18.0 millimetre
https://m.media-amazon.com/images/I/616B4XpHn4L.jpg,180726,height,30.0 millimetre
https://m.media-amazon.com/images/I/51E71M5lfCS.jpg,180726,height,10.0 millimetre
https://m.media-amazon.com/images/I/61AcXzV80UL.jpg,180726,height,35.0 millimetre
https://m.media-amazon.com/images/I/51ecK7ml8IS.jpg,180726,height,18.0 millimetre
https://m.media-amazon.com/images/I/61+zIO9oxuL.jpg,180726,height,1.0 inch
https://m.media-amazon.com/images/I/51I8cRVQQIL.jpg,180726,height,5.0 millimetre
https://m.media-amazon.com/images/I/51XU2PHUu3L.jpg,180726,height,24.6 millimetre
https://m.media-amazon.com/images/I/51RKUod1E6L.jpg,180726,height,40.0 millimetre
https://m.media-amazon.com/images/I/6126LKle4oL.jpg,180726,height,0.8 inch
https://m.media-amazon.com/images/I/51LroUEs7RL.jpg,180726,height,0.25 inch
https://m.media-amazon.com/images/I/614gmhUAa5L.jpg,180726,height,0.9 inch
https://m.media-amazon.com/images/I/51bcXIK7naL.jpg,180726,height,0.98 inch
https://m.media-amazon.com/images/I/51gKUUbr8jL.jpg,180726,height,32.0 millimetre
https://m.media-amazon.com/images/I/51i4DXuiUjL.jpg,180726,height,4.0 inch
https://m.media-amazon.com/images/I/51U-I2nD9tL.jpg,180726,height,2.5 centimetre
https://m.media-amazon.com/images/I/614aU6mKOmS.jpg,180726,height,2.5 millimetre
https://m.media-amazon.com/images/I/51IQBxbp5tL.jpg,180726,height,12.0 millimetre
https://m.media-amazon.com/images/I/61CSV4dU5UL.jpg,180726,height,0.5 inch
https://m.media-amazon.com/images/I/61+T2rQGJaL.jpg,180726,height,1.17 inch
https://m.media-amazon.com/images/I/51Vt0YHCPkL.jpg,180726,height,4.0 inch
https://m.media-amazon.com/images/I/51osp3zcHyL.jpg,180726,height,1.0 centimetre
https://m.media-amazon.com/images/I/41BiainxeFL.jpg,180726,height,6.0 millimetre
https://m.media-amazon.com/images/I/51NVlbyM9WL.jpg,180726,height,20.0 millimetre
https://m.media-amazon.com/images/I/61-dHpK3CGL.jpg,180726,height,4.5 millimetre
https://m.media-amazon.com/images/I/61-Po8vp3jL.jpg,180726,height,14.0 millimetre
https://m.media-amazon.com/images/I/51VriTjmdEL.jpg,180726,height,6.0 millimetre
https://m.media-amazon.com/images/I/51PJDhc-w-L.jpg,180726,height,15.0 centimetre
https://m.media-amazon.com/images/I/616Ivp31sAL.jpg,180726,height,6.16 centimetre
https://m.media-amazon.com/images/I/61-lkFefkSL.jpg,180726,height,42.0 millimetre
https://m.media-amazon.com/images/I/61CNyNDnmtL.jpg,180726,height,4.0 millimetre
https://m.media-amazon.com/images/I/51qm+-lRuJL.jpg,180726,height,30.0 millimetre
https://m.media-amazon.com/images/I/6184EOUF+2L.jpg,180726,height,2.7 inch
https://m.media-amazon.com/images/I/512l7LsF5dL.jpg,180726,height,4.0 centimetre
https://m.media-amazon.com/images/I/6128ozDRRuL.jpg,180726,height,23.0 millimetre
https://m.media-amazon.com/images/I/61-kSruWdxL.jpg,180726,height,2.64 inch
https://m.media-amazon.com/images/I/51aaZoPMqfL.jpg,180726,height,25.0 millimetre
https://m.media-amazon.com/images/I/51UDk+AyZaL.jpg,180726,height,8.0 millimetre
https://m.media-amazon.com/images/I/614QWCg7f1L.jpg,180726,height,0.63 inch
https://m.media-amazon.com/images/I/41bm+mSh74L.jpg,180726,height,4.0 millimetre
https://m.media-amazon.com/images/I/51dmlC4vqqL.jpg,180726,height,0.2 inch
https://m.media-amazon.com/images/I/511BwOD+WaL.jpg,180726,height,8.0 millimetre
https://m.media-amazon.com/images/I/51XJDolYVZL.jpg,180726,height,1.1 inch
https://m.media-amazon.com/images/I/615Poz7lBVL.jpg,180726,height,0.38 inch
https://m.media-amazon.com/images/I/51DimSXHpqL.jpg,180726,height,32.0 millimetre
https://m.media-amazon.com/images/I/610qxKzkWeL.jpg,180726,height,0.62 inch
https://m.media-amazon.com/images/I/61B-4bttwoL.jpg,180726,height,20.0 centimetre
https://m.media-amazon.com/images/I/51KBZ84fzBL.jpg,180726,height,25.0 millimetre
https://m.media-amazon.com/images/I/61FWegURe1L.jpg,180726,height,1.0 inch
https://m.media-amazon.com/images/I/51tLuEVhn4L.jpg,180726,height,20.0 millimetre
https://m.media-amazon.com/images/I/6146YgnOkUL.jpg,180726,height,0.75 inch
https://m.media-amazon.com/images/I/41GDFkXgp6L.jpg,180726,height,24.0 millimetre
https://m.media-amazon.com/images/I/61EMX9N3Y7L.jpg,180726,height,25.0 millimetre
https://m.media-amazon.com/images/I/51n9I2CxcWL.jpg,180726,height,10.0 millimetre
https://m.media-amazon.com/images/I/41wbEEO3w9L.jpg,180726,height,15.0 millimetre
https://m.media-amazon.com/images/I/51atkGiCtiL.jpg,180726,height,30.0 millimetre
https://m.media-amazon.com/images/I/51pBWljvjcL.jpg,180726,height,5.0 millimetre
https://m.media-amazon.com/images/I/6188CEWtUwL.jpg,180726,height,5.7 centimetre
https://m.media-amazon.com/images/I/511cMBmyp-L.jpg,180726,height,2.0 centimetre
https://m.media-amazon.com/images/I/51A-Nund15L.jpg,180726,height,2.8 centimetre
https://m.media-amazon.com/images/I/51q4cGD+d8L.jpg,180726,height,1.0 inch
https://m.media-amazon.com/images/I/51MviM9PKpL.jpg,180726,height,0.2 inch
https://m.media-amazon.com/images/I/51NFswo1NJL.jpg,180726,height,42.0 millimetre
https://m.media-amazon.com/images/I/41UdcWct7XL.jpg,180726,height,21.0 millimetre
https://m.media-amazon.com/images/I/51gZd8tlYYL.jpg,180726,height,1.38 inch
https://m.media-amazon.com/images/I/51Pjq3-1wCL.jpg,180726,height,13.0 millimetre
https://m.media-amazon.com/images/I/519zoOpiBNL.jpg,180726,height,38.0 millimetre
https://m.media-amazon.com/images/I/51SR0n1IdXL.jpg,180726,height,25.0 millimetre
https://m.media-amazon.com/images/I/612DZwEQFPS.jpg,180726,height,40.0 millimetre
https://m.media-amazon.com/images/I/41krtJ9Xm9L.jpg,180726,height,8.0 centimetre
https://m.media-amazon.com/images/I/51TdJnnpPFL.jpg,180726,height,1.4 inch
https://m.media-amazon.com/images/I/51rfd1D-OiL.jpg,180726,height,2.4 centimetre
https://m.media-amazon.com/images/I/51OPwapqmGL.jpg,180726,height,41.0 millimetre
https://m.media-amazon.com/images/I/51NTOox4g6L.jpg,180726,height,1.8 centimetre
https://m.media-amazon.com/images/I/51KEsk0v1-L.jpg,180726,height,20.0 millimetre
https://m.media-amazon.com/images/I/5195557Q3gL.jpg,180726,height,6.3 centimetre
https://m.media-amazon.com/images/I/61BjADArD8L.jpg,180726,height,4.6 millimetre
https://m.media-amazon.com/images/I/51-umuAJbvL.jpg,180726,height,28.0 millimetre
https://m.media-amazon.com/images/I/617aw-UaVBL.jpg,180726,height,12.0 millimetre
https://m.media-amazon.com/images/I/51pLtSEoDUL.jpg,180726,height,4.0 centimetre
https://m.media-amazon.com/images/I/51Q5rPp8FPL.jpg,180726,height,1.13 inch
https://m.media-amazon.com/images/I/517D9kxyWAL.jpg,180726,height,1.0 millimetre
https://m.media-amazon.com/images/I/616SB-OWXbL.jpg,180726,height,5.0 millimetre
https://m.media-amazon.com/images/I/51PTC7eqDjL.jpg,180726,height,20.0 millimetre
https://m.media-amazon.com/images/I/61C9ap9+drL.jpg,180726,height,0.69 inch
https://m.media-amazon.com/images/I/51Z1O6QVPSL.jpg,180726,height,10.0 millimetre
https://m.media-amazon.com/images/I/41manbILOqL.jpg,180726,height,1.22 inch
https://m.media-amazon.com/images/I/61B2VlxOgML.jpg,180726,height,11.0 millimetre
https://m.media-amazon.com/images/I/51biNGG3fNL.jpg,180726,height,1.5 centimetre
https://m.media-amazon.com/images/I/516ADNrnC-L.jpg,180726,height,3.0 centimetre
https://m.media-amazon.com/images/I/51V67pG-IhL.jpg,180726,height,5.5 millimetre
https://m.media-amazon.com/images/I/41CCkx-ZNqL.jpg,180726,height,1.0 centimetre
https://m.media-amazon.com/images/I/51Rbu5MnrML.jpg,180726,height,3.0 millimetre
https://m.media-amazon.com/images/I/51L2aTTz9xL.jpg,180726,height,3.8 centimetre
https://m.media-amazon.com/images/I/616s8c-VDLL.jpg,180726,height,15.0 millimetre
https://m.media-amazon.com/images/I/51ymwnse9IL.jpg,180726,height,25.0 millimetre
https://m.media-amazon.com/images/I/51MyP+StAvL.jpg,180726,height,14.8 millimetre
https://m.media-amazon.com/images/I/61CV3al8z9L.jpg,180726,height,120.0 millimetre
https://m.media-amazon.com/images/I/6151PAa5YbL.jpg,180726,height,35.0 millimetre
https://m.media-amazon.com/images/I/510lefyfwxL.jpg,180726,height,31.0 millimetre
https://m.media-amazon.com/images/I/51KhqtFKi5L.jpg,180726,height,3.5 centimetre
https://m.media-amazon.com/images/I/61CxrojQx5L.jpg,180726,height,5.0 millimetre
https://m.media-amazon.com/images/I/51RCqWByAVL.jpg,180726,height,0.9 inch
https://m.media-amazon.com/images/I/619dGe+4FlL.jpg,180726,height,7.0 millimetre
https://m.media-amazon.com/images/I/611IMRmnWqL.jpg,180726,height,5.7 inch
https://m.media-amazon.com/images/I/511UGuDBdML.jpg,180726,height,30.0 millimetre
https://m.media-amazon.com/images/I/514x4tvJnuS.jpg,180726,height,24.6 millimetre
https://m.media-amazon.com/images/I/51IKBlzWMaL.jpg,180726,height,0.5 inch
https://m.media-amazon.com/images/I/61BKATmr6cL.jpg,180726,height,9.0 millimetre
https://m.media-amazon.com/images/I/51SAUzd7uQL.jpg,180726,height,14.0 millimetre
https://m.media-amazon.com/images/I/41NDZg6xpIL.jpg,180726,height,10.0 millimetre
https://m.media-amazon.com/images/I/41Vazachc8L.jpg,180726,height,2.5 centimetre
https://m.media-amazon.com/images/I/51QYb8Qf1pL.jpg,180726,height,22.0 millimetre
https://m.media-amazon.com/images/I/61528adpB0L.jpg,180726,height,6.5 centimetre
https://m.media-amazon.com/images/I/41Lki5K1GDS.jpg,180726,height,6.3 millimetre
https://m.media-amazon.com/images/I/514KcRKHNsS.jpg,180726,height,0.7 centimetre
https://m.media-amazon.com/images/I/410h-2FbKML.jpg,180726,height,10.0 millimetre
https://m.media-amazon.com/images/I/512pfSRR-XL.jpg,180726,height,0.75 inch
https://m.media-amazon.com/images/I/51VVWvb6tEL.jpg,180726,height,10.5 millimetre
https://m.media-amazon.com/images/I/61CHbnxKPnL.jpg,180726,height,0.95 inch
https://m.media-amazon.com/images/I/617ZaRGm3yL.jpg,180726,height,20.0 millimetre
https://m.media-amazon.com/images/I/51hJK+yFR5L.jpg,180726,height,8.0 millimetre
https://m.media-amazon.com/images/I/611fC076KtL.jpg,180726,height,30.0 millimetre
https://m.media-amazon.com/images/I/51+lSHcONRL.jpg,180726,height,21.0 millimetre
https://m.media-amazon.com/images/I/619wo8YdXHL.jpg,180726,height,60.0 millimetre
https://m.media-amazon.com/images/I/6141macONQL.jpg,180726,height,6.0 millimetre
https://m.media-amazon.com/images/I/51wUIEV6X+L.jpg,180726,height,2.5 millimetre
https://m.media-amazon.com/images/I/519x85i-kFL.jpg,180726,height,1.57 inch
https://m.media-amazon.com/images/I/61EdD-Q3q2S.jpg,180726,height,2.0 inch
https://m.media-amazon.com/images/I/61+YFHGYP0L.jpg,180726,height,0.91 inch
https://m.media-amazon.com/images/I/41FxFPXkGDS.jpg,180726,height,12.0 millimetre
https://m.media-amazon.com/images/I/61CvCggYZZL.jpg,180726,height,0.5 inch
https://m.media-amazon.com/images/I/51ucG8lP0TL.jpg,180726,height,3.0 centimetre
https://m.media-amazon.com/images/I/51wBDd0FwlL.jpg,180726,height,36.0 millimetre
https://m.media-amazon.com/images/I/51JzVatEaHL.jpg,180726,height,5.0 millimetre
https://m.media-amazon.com/images/I/61FCXbghLEL.jpg,180726,height,8.0 millimetre
https://m.media-amazon.com/images/I/51FnZlV42UL.jpg,180726,height,14.0 millimetre
https://m.media-amazon.com/images/I/51VjHvFVjxL.jpg,180726,height,19.0 millimetre
https://m.media-amazon.com/images/I/51GPTPdNjiL.jpg,180726,height,1.46 inch
https://m.media-amazon.com/images/I/514G6SB5zUL.jpg,180726,height,5.0 millimetre
https://m.media-amazon.com/images/I/61BMm8GeKTL.jpg,180726,height,0.38 inch
https://m.media-amazon.com/images/I/613pWsGilPL.jpg,180726,height,42.0 millimetre
https://m.media-amazon.com/images/I/51L1YQW+jbL.jpg,180726,height,2.4 centimetre
https://m.media-amazon.com/images/I/610aYsw5fIL.jpg,180726,height,60.0 millimetre
