image_link,group_id,entity_name,entity_value
https://m.media-amazon.com/images/I/61+t09-9sYL.jpg,534492,width,3.9 inch
https://m.media-amazon.com/images/I/615xQmuSBOL.jpg,534492,width,3.5 inch
https://m.media-amazon.com/images/I/611Mob1VgPL.jpg,534492,height,7.0 inch
https://m.media-amazon.com/images/I/61FsEuaPfPL.jpg,534492,height,19.0 centimetre
https://m.media-amazon.com/images/I/51l41Z6e+aL.jpg,534492,height,145.0 millimetre
https://m.media-amazon.com/images/I/51E6aGtw5lL.jpg,534492,height,23.0 centimetre
https://m.media-amazon.com/images/I/51q7MuppaZS.jpg,534492,height,12.0 centimetre
https://m.media-amazon.com/images/I/61+pbvNu6nL.jpg,534492,height,6.5 inch
