image_link,group_id,entity_name,entity_value
https://m.media-amazon.com/images/I/51Z-h+P5R4L.jpg,523195,width,11.0 centimetre
https://m.media-amazon.com/images/I/51Z-h+P5R4L.jpg,523195,depth,3.5 centimetre
https://m.media-amazon.com/images/I/51tKIBEc0NL.jpg,523195,width,8.0 centimetre
https://m.media-amazon.com/images/I/514IsraKAQL.jpg,523195,width,34.0 millimetre
https://m.media-amazon.com/images/I/51sTFZCtcPL.jpg,523195,width,2.9 inch
https://m.media-amazon.com/images/I/619lgZko3uL.jpg,523195,width,30.0 millimetre
https://m.media-amazon.com/images/I/619lgZko3uL.jpg,523195,depth,10.5 millimetre
https://m.media-amazon.com/images/I/51463xwAooL.jpg,523195,width,27.0 millimetre
https://m.media-amazon.com/images/I/51ZYadJqY-L.jpg,523195,width,7.6 centimetre
https://m.media-amazon.com/images/I/51T4IvBP+kS.jpg,523195,width,14.0 centimetre
https://m.media-amazon.com/images/I/512AMAHv4qL.jpg,523195,width,1.57 inch
https://m.media-amazon.com/images/I/51mfFoHd6SL.jpg,523195,width,6.5 centimetre
https://m.media-amazon.com/images/I/51HBWI2xQ1L.jpg,523195,width,35.0 millimetre
https://m.media-amazon.com/images/I/51YaXoVfRBL.jpg,523195,width,9.3 centimetre
https://m.media-amazon.com/images/I/519gY-DSjAL.jpg,523195,width,71.0 millimetre
https://m.media-amazon.com/images/I/519gY-DSjAL.jpg,523195,depth,6.0 millimetre
https://m.media-amazon.com/images/I/6153an6P2dL.jpg,523195,width,17.0 centimetre
https://m.media-amazon.com/images/I/51VPc85AbGL.jpg,523195,width,0.94 inch
https://m.media-amazon.com/images/I/51Fr-LIN6vL.jpg,523195,width,14.3 centimetre
https://m.media-amazon.com/images/I/61EhRBor0PL.jpg,523195,width,0.88 inch
https://m.media-amazon.com/images/I/510S+1JnwGL.jpg,523195,width,0.75 inch
https://m.media-amazon.com/images/I/519kkzszkLL.jpg,523195,width,33.0 millimetre
https://m.media-amazon.com/images/I/61D0KqEXtHL.jpg,523195,width,0.75 inch
https://m.media-amazon.com/images/I/51F-uZRkorL.jpg,523195,width,33.0 millimetre
https://m.media-amazon.com/images/I/61-LzSGew+L.jpg,523195,width,1.6 centimetre
https://m.media-amazon.com/images/I/51Y0-5iMBaL.jpg,523195,width,35.0 millimetre
https://m.media-amazon.com/images/I/51Y0-5iMBaL.jpg,523195,depth,35.0 millimetre
https://m.media-amazon.com/images/I/6166Q9GdsYL.jpg,523195,width,2.9 inch
https://m.media-amazon.com/images/I/6166Q9GdsYL.jpg,523195,depth,0.9 inch
https://m.media-amazon.com/images/I/611IRSpCAcL.jpg,523195,width,72.0 millimetre
https://m.media-amazon.com/images/I/514hMIj1NEL.jpg,523195,width,28.0 millimetre
https://m.media-amazon.com/images/I/51bE7kI5tUL.jpg,523195,width,2.9 inch
https://m.media-amazon.com/images/I/51bE7kI5tUL.jpg,523195,depth,0.9 inch
https://m.media-amazon.com/images/I/51svOe1hVFL.jpg,523195,width,3.5 centimetre
https://m.media-amazon.com/images/I/51Iw7nnaZTL.jpg,523195,width,10.0 millimetre
https://m.media-amazon.com/images/I/612bQ28xHfL.jpg,523195,width,25.0 millimetre
https://m.media-amazon.com/images/I/51X7r4B5ydS.jpg,523195,width,1.0 inch
https://m.media-amazon.com/images/I/51X7r4B5ydS.jpg,523195,depth,0.75 inch
https://m.media-amazon.com/images/I/51M2hMKbDiL.jpg,523195,width,3.0 centimetre
https://m.media-amazon.com/images/I/515+Nx9E83L.jpg,523195,width,2.0 centimetre
https://m.media-amazon.com/images/I/51DtyI06rIL.jpg,523195,width,2.5 centimetre
https://m.media-amazon.com/images/I/51DtyI06rIL.jpg,523195,depth,2.5 centimetre
https://m.media-amazon.com/images/I/51zDYAnuPUL.jpg,523195,width,33.0 millimetre
https://m.media-amazon.com/images/I/51zDYAnuPUL.jpg,523195,depth,25.0 millimetre
https://m.media-amazon.com/images/I/610oBpR+vJL.jpg,523195,width,2.644 inch
https://m.media-amazon.com/images/I/51+KW2LakIL.jpg,523195,width,28.0 millimetre
https://m.media-amazon.com/images/I/51rFQYvjR+S.jpg,523195,width,8.0 centimetre
https://m.media-amazon.com/images/I/51AzAKQsiQL.jpg,523195,width,49.0 millimetre
https://m.media-amazon.com/images/I/51kDffcYbGL.jpg,523195,width,34.0 millimetre
https://m.media-amazon.com/images/I/51v6JYTBsxL.jpg,523195,width,10.0 millimetre
https://m.media-amazon.com/images/I/51v6JYTBsxL.jpg,523195,depth,10.0 millimetre
https://m.media-amazon.com/images/I/51Xg3RVxZyL.jpg,523195,width,9.0 centimetre
https://m.media-amazon.com/images/I/51M3IvJM5WL.jpg,523195,width,6.0 millimetre
https://m.media-amazon.com/images/I/51uKwE7bp5L.jpg,523195,width,3.94 inch
https://m.media-amazon.com/images/I/51uiYVtPGEL.jpg,523195,width,1.0 inch
https://m.media-amazon.com/images/I/51sanWGrB8L.jpg,523195,width,9.0 millimetre
https://m.media-amazon.com/images/I/51JrhScQO6L.jpg,523195,depth,31.0 millimetre
https://m.media-amazon.com/images/I/610AAQPOJjL.jpg,523195,depth,6.0 millimetre
https://m.media-amazon.com/images/I/61DS7PDB7QL.jpg,523195,depth,1.0 inch
https://m.media-amazon.com/images/I/614Ve9TL04L.jpg,523195,depth,10.0 millimetre
https://m.media-amazon.com/images/I/51piLe4Pg2L.jpg,523195,depth,8.0 millimetre
https://m.media-amazon.com/images/I/514m7lN9Q5L.jpg,523195,depth,6.0 millimetre
https://m.media-amazon.com/images/I/61CGc0ds00L.jpg,523195,depth,5.0 millimetre
https://m.media-amazon.com/images/I/41lURbpqdFL.jpg,523195,depth,1.5 centimetre
https://m.media-amazon.com/images/I/51db2+4JMML.jpg,523195,depth,16.0 millimetre
https://m.media-amazon.com/images/I/61C5n2Ok9PL.jpg,523195,depth,12.0 millimetre
https://m.media-amazon.com/images/I/51HSdIuZU2L.jpg,523195,depth,3.1 centimetre
https://m.media-amazon.com/images/I/51jpX8AIBSL.jpg,523195,depth,1.0 centimetre
https://m.media-amazon.com/images/I/51Ym5Ic6XbL.jpg,523195,depth,8.0 millimetre
https://m.media-amazon.com/images/I/51OOTswCeyL.jpg,523195,depth,10.0 millimetre
https://m.media-amazon.com/images/I/51VqAesb4vL.jpg,523195,depth,3.3 centimetre
https://m.media-amazon.com/images/I/51tKi7k9gLL.jpg,523195,depth,2.0 centimetre
https://m.media-amazon.com/images/I/51++JBB+KIL.jpg,523195,depth,33.0 millimetre
https://m.media-amazon.com/images/I/51AVkqR1S4L.jpg,523195,depth,34.0 millimetre
https://m.media-amazon.com/images/I/61AbeUAMxSL.jpg,523195,depth,13.0 centimetre
https://m.media-amazon.com/images/I/61EAGLyOqQL.jpg,523195,depth,1.7 centimetre
https://m.media-amazon.com/images/I/515tw0xaAnL.jpg,523195,depth,6.4 millimetre
https://m.media-amazon.com/images/I/41sUH-h+44L.jpg,523195,depth,3.1 centimetre
https://m.media-amazon.com/images/I/51WfMdbY7LL.jpg,523195,depth,0.9 inch
https://m.media-amazon.com/images/I/61-Cl-qUN4L.jpg,523195,depth,9.0 millimetre
https://m.media-amazon.com/images/I/51+N-swugfL.jpg,523195,depth,2.7 centimetre
https://m.media-amazon.com/images/I/61CNqStTTGL.jpg,523195,depth,8.6 millimetre
https://m.media-amazon.com/images/I/616OpvSG1UL.jpg,523195,depth,33.21 millimetre
https://m.media-amazon.com/images/I/51H2JQnSFbL.jpg,523195,depth,8.0 millimetre
https://m.media-amazon.com/images/I/619ovmha8TL.jpg,523195,depth,18.0 millimetre
https://m.media-amazon.com/images/I/51zrMUFITsL.jpg,523195,depth,3.5 centimetre
https://m.media-amazon.com/images/I/51iLCbjafcS.jpg,523195,depth,6.0 millimetre
https://m.media-amazon.com/images/I/51dZTMUJv4S.jpg,523195,depth,6.0 millimetre
https://m.media-amazon.com/images/I/610vuOml8OL.jpg,523195,depth,0.24 inch
https://m.media-amazon.com/images/I/51+xxsYf6UL.jpg,523195,depth,30.0 millimetre
https://m.media-amazon.com/images/I/51m1CEebqYL.jpg,523195,depth,1.5 centimetre
https://m.media-amazon.com/images/I/61BW4WtCSBL.jpg,523195,depth,6.0 millimetre
https://m.media-amazon.com/images/I/51R1hR24qAL.jpg,523195,depth,8.0 millimetre
https://m.media-amazon.com/images/I/61G695sEMuL.jpg,523195,depth,1.7 centimetre
https://m.media-amazon.com/images/I/614a0g2MXBL.jpg,523195,depth,0.25 inch
https://m.media-amazon.com/images/I/5126R+AHb5L.jpg,523195,depth,19.0 millimetre
https://m.media-amazon.com/images/I/51CIaUL9BAL.jpg,523195,depth,8.5 millimetre
https://m.media-amazon.com/images/I/6116uBaGk1L.jpg,523195,depth,15.0 millimetre
https://m.media-amazon.com/images/I/610LeYWntvL.jpg,523195,depth,36.0 millimetre
https://m.media-amazon.com/images/I/61CR1JCgPoL.jpg,523195,depth,3.2 centimetre
https://m.media-amazon.com/images/I/51tTfnn2A3L.jpg,523195,depth,33.0 millimetre
https://m.media-amazon.com/images/I/61G19doYLCL.jpg,523195,depth,1.0 inch
https://m.media-amazon.com/images/I/51k9uDz625L.jpg,523195,depth,1.6 inch
https://m.media-amazon.com/images/I/61EfkV4r89L.jpg,523195,depth,18.0 centimetre
https://m.media-amazon.com/images/I/619rcrvs3FL.jpg,523195,depth,0.25 inch
https://m.media-amazon.com/images/I/616a4b1+fOL.jpg,523195,depth,0.5 inch
https://m.media-amazon.com/images/I/51Ha9Gu04EL.jpg,523195,depth,1.9 centimetre
https://m.media-amazon.com/images/I/51mD8sh6PuL.jpg,523195,depth,15.0 centimetre
https://m.media-amazon.com/images/I/51mpd7MomrL.jpg,523195,depth,9.75 millimetre
https://m.media-amazon.com/images/I/51iZDm3vw6L.jpg,523195,depth,44.8 millimetre
https://m.media-amazon.com/images/I/51w0Ic7DCrL.jpg,523195,depth,10.0 millimetre
https://m.media-amazon.com/images/I/41+zz0+IuPL.jpg,523195,depth,5.0 centimetre
https://m.media-amazon.com/images/I/51lQxtx0zwL.jpg,523195,depth,0.31 inch
https://m.media-amazon.com/images/I/41xk9ou6-VL.jpg,523195,depth,1.77 inch
https://m.media-amazon.com/images/I/510t5NCvKpL.jpg,523195,depth,9.0 millimetre
https://m.media-amazon.com/images/I/51YI+tK96PL.jpg,523195,depth,8.0 millimetre
https://m.media-amazon.com/images/I/6146jbmVzxL.jpg,523195,depth,9.0 centimetre
https://m.media-amazon.com/images/I/51+IE4fjgPL.jpg,523195,depth,8.0 millimetre
https://m.media-amazon.com/images/I/51yd+v0L6qL.jpg,523195,depth,3.7 centimetre
https://m.media-amazon.com/images/I/51cw5VEgbVL.jpg,523195,depth,16.0 millimetre
https://m.media-amazon.com/images/I/51Y2SdGApeL.jpg,523195,depth,10.0 millimetre
https://m.media-amazon.com/images/I/51VQwh3gf8L.jpg,523195,depth,9.0 millimetre
https://m.media-amazon.com/images/I/613PR2svGvL.jpg,523195,depth,5.0 millimetre
https://m.media-amazon.com/images/I/61G6t8g5b0L.jpg,523195,depth,10.0 millimetre
https://m.media-amazon.com/images/I/61+3PLwMXdS.jpg,523195,depth,22.0 millimetre
https://m.media-amazon.com/images/I/51Y4VDghYGL.jpg,523195,depth,10.0 millimetre
https://m.media-amazon.com/images/I/61DCVzVyLfL.jpg,523195,depth,10.0 centimetre
https://m.media-amazon.com/images/I/51YI0yQV+tL.jpg,523195,depth,0.5 inch
https://m.media-amazon.com/images/I/613gOEkBBrL.jpg,523195,depth,0.25 inch
