image_link,group_id,entity_name,entity_value
https://m.media-amazon.com/images/I/4177KMZ7QQS.jpg,214328,depth,7.0 centimetre
https://m.media-amazon.com/images/I/51dXytXDjFL.jpg,214328,depth,58.0 millimetre
https://m.media-amazon.com/images/I/611ZvERHAtL.jpg,214328,depth,45.0 millimetre
https://m.media-amazon.com/images/I/5169f6w5lCL.jpg,214328,depth,2.55 inch
https://m.media-amazon.com/images/I/512XdL5HcUL.jpg,214328,depth,76.0 millimetre
https://m.media-amazon.com/images/I/619lvGrc34L.jpg,214328,depth,20.0 centimetre
https://m.media-amazon.com/images/I/61B0Swr4kaL.jpg,214328,depth,10.0 centimetre
https://m.media-amazon.com/images/I/61BGkTeXRzL.jpg,214328,depth,3.9 inch
https://m.media-amazon.com/images/I/617E9MLNWKL.jpg,214328,depth,3.94 inch
https://m.media-amazon.com/images/I/51A-EMblYdL.jpg,214328,depth,7.0 centimetre
https://m.media-amazon.com/images/I/51PUtJQ1uuL.jpg,214328,depth,7.0 centimetre
https://m.media-amazon.com/images/I/611VLHPzFbL.jpg,214328,depth,7.0 centimetre
https://m.media-amazon.com/images/I/6178Kx+t1hS.jpg,214328,depth,27.5 millimetre
https://m.media-amazon.com/images/I/5106HmLWx0L.jpg,214328,depth,69.3 millimetre
https://m.media-amazon.com/images/I/51Wl8TtCjVL.jpg,214328,depth,70.0 millimetre
https://m.media-amazon.com/images/I/41+kDtSqs2L.jpg,214328,depth,6.0 centimetre
https://m.media-amazon.com/images/I/611+p0sy0AL.jpg,214328,depth,14.5 centimetre
https://m.media-amazon.com/images/I/61F4dup3O6L.jpg,214328,depth,79.0 millimetre
https://m.media-amazon.com/images/I/41izoGNmizS.jpg,214328,depth,4.02 inch
https://m.media-amazon.com/images/I/41lxVk64J3L.jpg,214328,depth,12.5 centimetre
https://m.media-amazon.com/images/I/51WWJR+sa1L.jpg,214328,depth,31.8 millimetre
https://m.media-amazon.com/images/I/51+yjAArk8L.jpg,214328,depth,145.0 millimetre
https://m.media-amazon.com/images/I/51kSnAPzfrL.jpg,214328,depth,215.0 millimetre
https://m.media-amazon.com/images/I/61FuH59qdtL.jpg,214328,depth,8.0 centimetre
https://m.media-amazon.com/images/I/61B6BzaXCIL.jpg,214328,depth,7.4 inch
https://m.media-amazon.com/images/I/61BKs3I+b3L.jpg,214328,depth,15.0 centimetre
https://m.media-amazon.com/images/I/614P7wdT1QL.jpg,214328,depth,11.0 centimetre
https://m.media-amazon.com/images/I/51dCuNHqZvL.jpg,214328,depth,10.0 centimetre
https://m.media-amazon.com/images/I/41ul7lkepaL.jpg,214328,depth,8.5 centimetre
https://m.media-amazon.com/images/I/51numj7l+RL.jpg,214328,depth,9.82 inch
https://m.media-amazon.com/images/I/51KJ+MfwGGL.jpg,214328,depth,5.2 centimetre
https://m.media-amazon.com/images/I/51qMm0PxLbS.jpg,214328,depth,1.77 inch
https://m.media-amazon.com/images/I/51oJEjTxrQL.jpg,214328,depth,89.0 millimetre
https://m.media-amazon.com/images/I/51z30yObGYS.jpg,214328,depth,14.0 centimetre
https://m.media-amazon.com/images/I/41t4AwVZ3bL.jpg,214328,depth,13.0 centimetre
https://m.media-amazon.com/images/I/51VTUwHZCCL.jpg,214328,depth,0.9 inch
https://m.media-amazon.com/images/I/51cSodS5jOS.jpg,214328,depth,2.0 centimetre
https://m.media-amazon.com/images/I/51fx-J4GfXL.jpg,214328,depth,5.3 centimetre
https://m.media-amazon.com/images/I/41nnmtNZ5bL.jpg,214328,depth,20.0 centimetre
https://m.media-amazon.com/images/I/51S-BmiMMcL.jpg,214328,depth,2.0 inch
https://m.media-amazon.com/images/I/51mNnPYOh6L.jpg,214328,depth,5.0 centimetre
https://m.media-amazon.com/images/I/61DswudsnUL.jpg,214328,depth,9.0 centimetre
https://m.media-amazon.com/images/I/51eKQuoG08L.jpg,214328,depth,51.0 millimetre
https://m.media-amazon.com/images/I/31HMeuWByAL.jpg,214328,depth,6.1 inch
https://m.media-amazon.com/images/I/614-QYHQCGL.jpg,214328,depth,7.8 centimetre
https://m.media-amazon.com/images/I/41GXlBsuRGS.jpg,214328,depth,10.6 centimetre
https://m.media-amazon.com/images/I/51HI-EapeYS.jpg,214328,depth,5.3 centimetre
https://m.media-amazon.com/images/I/41m-nuACmVS.jpg,214328,depth,2.2 inch
https://m.media-amazon.com/images/I/519P5T-SsiL.jpg,214328,depth,75.0 millimetre
https://m.media-amazon.com/images/I/61+SGrCfaFL.jpg,214328,depth,55.0 millimetre
https://m.media-amazon.com/images/I/41wtSc10ApL.jpg,214328,depth,13.2 centimetre
https://m.media-amazon.com/images/I/51enytwgHTL.jpg,214328,depth,35.0 millimetre
https://m.media-amazon.com/images/I/51focSZHohL.jpg,214328,depth,2.2 centimetre
https://m.media-amazon.com/images/I/61-6Rrd2VWL.jpg,214328,depth,7.0 centimetre
https://m.media-amazon.com/images/I/51d+Wh+bonL.jpg,214328,depth,3.5 inch
https://m.media-amazon.com/images/I/51XuoSODWVL.jpg,214328,depth,20.32 centimetre
https://m.media-amazon.com/images/I/614YvD0uWgL.jpg,214328,depth,3.6 centimetre
https://m.media-amazon.com/images/I/615kNYCFS+L.jpg,214328,depth,4.2 centimetre
https://m.media-amazon.com/images/I/51r-y+a9UML.jpg,214328,depth,48.0 millimetre
https://m.media-amazon.com/images/I/619aQ+lkqaL.jpg,214328,depth,50.0 millimetre
https://m.media-amazon.com/images/I/51XzSYri+DL.jpg,214328,depth,11.0 centimetre
https://m.media-amazon.com/images/I/517+zaOqLSL.jpg,214328,depth,8.9 centimetre
https://m.media-amazon.com/images/I/519v2fTkqNL.jpg,214328,depth,5.3 centimetre
https://m.media-amazon.com/images/I/61AARallaeL.jpg,214328,depth,77.0 millimetre
https://m.media-amazon.com/images/I/61Amz-ndPmL.jpg,214328,depth,4.92 inch
https://m.media-amazon.com/images/I/51GK2HNphaL.jpg,214328,depth,3.1 centimetre
https://m.media-amazon.com/images/I/51tymZ2Jx-L.jpg,214328,depth,6.0 centimetre
https://m.media-amazon.com/images/I/51W-kYKMmyL.jpg,214328,depth,20.5 centimetre
https://m.media-amazon.com/images/I/51m7lqUxiRS.jpg,214328,depth,8.5 centimetre
https://m.media-amazon.com/images/I/41MEZME1-TL.jpg,214328,depth,155.0 millimetre
https://m.media-amazon.com/images/I/513wN-zDiiL.jpg,214328,depth,42.0 millimetre
https://m.media-amazon.com/images/I/51FE6Da0gVL.jpg,214328,depth,4.6 centimetre
https://m.media-amazon.com/images/I/51WKxTH5uAL.jpg,214328,depth,123.4 millimetre
https://m.media-amazon.com/images/I/417gJBs1PtL.jpg,214328,depth,2.7 inch
https://m.media-amazon.com/images/I/517aINyQEPL.jpg,214328,depth,11.5 centimetre
https://m.media-amazon.com/images/I/41RHsHAjCmL.jpg,214328,depth,4.5 centimetre
https://m.media-amazon.com/images/I/51-xrc8a77L.jpg,214328,depth,5.0 centimetre
https://m.media-amazon.com/images/I/51yIOsSapdL.jpg,214328,depth,5.2 centimetre
https://m.media-amazon.com/images/I/51qA7cK0zTL.jpg,214328,depth,10.0 centimetre
https://m.media-amazon.com/images/I/61Ek46bhG3L.jpg,214328,depth,42.9 millimetre
https://m.media-amazon.com/images/I/51t3wpsW9mL.jpg,214328,depth,5.5 centimetre
https://m.media-amazon.com/images/I/510EJkGWqJL.jpg,214328,depth,123.4 millimetre
https://m.media-amazon.com/images/I/51ogt8AcBrL.jpg,214328,depth,1.77 inch
https://m.media-amazon.com/images/I/61FCsT4zm-L.jpg,214328,depth,11.0 centimetre
https://m.media-amazon.com/images/I/51Jqc7EM4SL.jpg,214328,depth,13.5 centimetre
https://m.media-amazon.com/images/I/518CIaT1KnL.jpg,214328,depth,12.7 centimetre
https://m.media-amazon.com/images/I/51dxJqIeZCL.jpg,214328,depth,8.7 centimetre
