image_link,group_id,entity_name,entity_value
https://m.media-amazon.com/images/I/81DwJmYoVkL.jpg,603688,item_weight,126.0 gram
https://m.media-amazon.com/images/I/61Drr5Mq3nL.jpg,603688,item_weight,780.0 gram
https://m.media-amazon.com/images/I/61Drr5Mq3nL.jpg,603688,width,20.0 centimetre
https://m.media-amazon.com/images/I/61Drr5Mq3nL.jpg,603688,height,20.0 centimetre
https://m.media-amazon.com/images/I/61erdLbDyVL.jpg,603688,item_weight,290.0 gram
https://m.media-amazon.com/images/I/71Eb2Cup4WL.jpg,603688,item_weight,3.4 pound
https://m.media-amazon.com/images/I/81Kfl7hYUqL.jpg,603688,item_weight,1.4 pound
https://m.media-amazon.com/images/I/810z3hUTyiL.jpg,603688,item_weight,1.6 kilogram
https://m.media-amazon.com/images/I/71eqSJz64EL.jpg,603688,item_weight,1.86 kilogram
https://m.media-amazon.com/images/I/51oBhtCYMAL.jpg,603688,item_weight,6.0 kilogram
https://m.media-amazon.com/images/I/71FWr7xD+cL.jpg,603688,item_weight,3.0 ounce
https://m.media-amazon.com/images/I/81F2Nvh955L.jpg,603688,item_weight,1.6 kilogram
https://m.media-amazon.com/images/I/71TBdUnZOEL.jpg,603688,item_weight,300.0 gram
https://m.media-amazon.com/images/I/814bly8Q+rL.jpg,603688,item_weight,1.6 kilogram
https://m.media-amazon.com/images/I/71NXc7+QeTL.jpg,603688,item_weight,850.0 gram
https://m.media-amazon.com/images/I/81IsGwCxl2L.jpg,603688,item_weight,82.0 pound
https://m.media-amazon.com/images/I/51tV-bmpvRL.jpg,603688,width,400.0 millimetre
https://m.media-amazon.com/images/I/5131XyZQKZL.jpg,603688,width,100.0 centimetre
https://m.media-amazon.com/images/I/6129LW+HAmL.jpg,603688,width,36.0 centimetre
https://m.media-amazon.com/images/I/614lxmmXtJL.jpg,603688,width,120.0 centimetre
https://m.media-amazon.com/images/I/51UJwTEnF4L.jpg,603688,width,106.0 centimetre
https://m.media-amazon.com/images/I/51hSX89N6FL.jpg,603688,width,7.0 centimetre
https://m.media-amazon.com/images/I/51v-EgIvWrL.jpg,603688,width,18.11 inch
https://m.media-amazon.com/images/I/51W810ktbGL.jpg,603688,width,4.33 inch
https://m.media-amazon.com/images/I/510kQ43qOtL.jpg,603688,width,110.0 centimetre
https://m.media-amazon.com/images/I/51qarPCZ7UL.jpg,603688,width,15.744 inch
https://m.media-amazon.com/images/I/51qarPCZ7UL.jpg,603688,depth,34.25 inch
https://m.media-amazon.com/images/I/51ManxXmK-L.jpg,603688,width,16.0 centimetre
https://m.media-amazon.com/images/I/51ZK3g-y2RL.jpg,603688,width,36.0 centimetre
https://m.media-amazon.com/images/I/51xUW2DsqPL.jpg,603688,width,40.0 centimetre
https://m.media-amazon.com/images/I/51MMZpfIfKL.jpg,603688,width,120.0 centimetre
https://m.media-amazon.com/images/I/41N1Zx4pWfL.jpg,603688,width,11.0 centimetre
https://m.media-amazon.com/images/I/51T4+IxMB5L.jpg,603688,width,46.0 centimetre
https://m.media-amazon.com/images/I/51WwsE5LMnL.jpg,603688,width,7.1 inch
https://m.media-amazon.com/images/I/418ncWcWSkL.jpg,603688,width,9.6 centimetre
https://m.media-amazon.com/images/I/418ncWcWSkL.jpg,603688,height,9.6 centimetre
https://m.media-amazon.com/images/I/61BkLSk7YmL.jpg,603688,width,25.0 centimetre
https://m.media-amazon.com/images/I/611P6lc0k0L.jpg,603688,width,50.0 centimetre
https://m.media-amazon.com/images/I/51+uufxwQzL.jpg,603688,width,13.7 inch
https://m.media-amazon.com/images/I/51xmHBpZboL.jpg,603688,width,46.0 centimetre
https://m.media-amazon.com/images/I/51xmHBpZboL.jpg,603688,depth,137.0 centimetre
https://m.media-amazon.com/images/I/61DitvCYirL.jpg,603688,width,55.0 centimetre
https://m.media-amazon.com/images/I/61DitvCYirL.jpg,603688,depth,70.0 centimetre
https://m.media-amazon.com/images/I/51x+r39l4vL.jpg,603688,width,34.0 centimetre
https://m.media-amazon.com/images/I/51gRrN7MIOL.jpg,603688,width,40.0 centimetre
https://m.media-amazon.com/images/I/51O0WLbZ9EL.jpg,603688,width,35.0 centimetre
https://m.media-amazon.com/images/I/51FQlX4PHfL.jpg,603688,width,40.0 centimetre
https://m.media-amazon.com/images/I/51phTlvGm+L.jpg,603688,width,11.0 centimetre
https://m.media-amazon.com/images/I/51phTlvGm+L.jpg,603688,height,11.0 centimetre
https://m.media-amazon.com/images/I/51pf1eJRGqL.jpg,603688,width,70.0 centimetre
https://m.media-amazon.com/images/I/611mPE5fUHL.jpg,603688,width,120.0 centimetre
https://m.media-amazon.com/images/I/51rBnd0HiXL.jpg,603688,width,6.29 inch
https://m.media-amazon.com/images/I/51e7S0Th7uL.jpg,603688,width,40.0 centimetre
https://m.media-amazon.com/images/I/617TeYiWIuL.jpg,603688,width,48.0 inch
https://m.media-amazon.com/images/I/61-hCbtYUoL.jpg,603688,width,69.0 centimetre
https://m.media-amazon.com/images/I/51rHdX6GsSL.jpg,603688,width,8.0 centimetre
https://m.media-amazon.com/images/I/51rHdX6GsSL.jpg,603688,height,8.0 centimetre
https://m.media-amazon.com/images/I/61+u2ac9XHL.jpg,603688,width,400.0 millimetre
https://m.media-amazon.com/images/I/5126kG0B1NL.jpg,603688,depth,137.0 centimetre
https://m.media-amazon.com/images/I/615kY7EkemL.jpg,603688,depth,28.0 inch
https://m.media-amazon.com/images/I/51IO9EKxRCL.jpg,603688,depth,38.0 centimetre
https://m.media-amazon.com/images/I/51GJyjxztzL.jpg,603688,depth,36.0 centimetre
https://m.media-amazon.com/images/I/51S80I4iOJL.jpg,603688,depth,57.0 centimetre
https://m.media-amazon.com/images/I/51pYR0sNmvL.jpg,603688,depth,90.0 centimetre
https://m.media-amazon.com/images/I/51L1rRPzFbL.jpg,603688,depth,60.0 inch
https://m.media-amazon.com/images/I/51uEeqv+JGL.jpg,603688,depth,105.0 centimetre
https://m.media-amazon.com/images/I/51q2TLVItkL.jpg,603688,depth,52.0 centimetre
https://m.media-amazon.com/images/I/51pIhQZELSL.jpg,603688,depth,14.54 inch
https://m.media-amazon.com/images/I/5148xmt6YtL.jpg,603688,depth,51.0 centimetre
https://m.media-amazon.com/images/I/51vZx7k+eLL.jpg,603688,depth,67.0 centimetre
https://m.media-amazon.com/images/I/61G4leOZfJL.jpg,603688,depth,84.0 centimetre
https://m.media-amazon.com/images/I/51431mb9CZL.jpg,603688,depth,86.0 centimetre
https://m.media-amazon.com/images/I/61DkKChCXPL.jpg,603688,depth,120.0 centimetre
https://m.media-amazon.com/images/I/41SIDULP3CL.jpg,603688,depth,32.0 centimetre
https://m.media-amazon.com/images/I/51+3jf9imBL.jpg,603688,depth,85.0 centimetre
https://m.media-amazon.com/images/I/614Ellp4YfL.jpg,603688,depth,80.0 centimetre
https://m.media-amazon.com/images/I/61Em-zk7PFL.jpg,603688,depth,37.0 inch
https://m.media-amazon.com/images/I/51z4P8IcNEL.jpg,603688,depth,100.0 centimetre
https://m.media-amazon.com/images/I/61842cgKxIL.jpg,603688,depth,85.0 centimetre
https://m.media-amazon.com/images/I/61842cgKxIL.jpg,603688,height,15.0 centimetre
https://m.media-amazon.com/images/I/51dqNV0E58L.jpg,603688,depth,120.0 centimetre
https://m.media-amazon.com/images/I/51DFHq8jh+L.jpg,603688,depth,2.6 inch
https://m.media-amazon.com/images/I/61Bo7KM1X4L.jpg,603688,depth,62.0 centimetre
https://m.media-amazon.com/images/I/51hcONisnkL.jpg,603688,depth,38.0 centimetre
https://m.media-amazon.com/images/I/4179prk0kvL.jpg,603688,depth,52.0 centimetre
https://m.media-amazon.com/images/I/61+AUNihaBL.jpg,603688,depth,44.0 inch
https://m.media-amazon.com/images/I/61+AUNihaBL.jpg,603688,height,16.0 inch
https://m.media-amazon.com/images/I/61DrfizCG6L.jpg,603688,depth,120.0 centimetre
https://m.media-amazon.com/images/I/51YEZXHyj7L.jpg,603688,depth,32.0 centimetre
https://m.media-amazon.com/images/I/51Iemfnl+dL.jpg,603688,depth,40.4 inch
https://m.media-amazon.com/images/I/51Iemfnl+dL.jpg,603688,height,26.5 centimetre
https://m.media-amazon.com/images/I/41WrIGyO9IL.jpg,603688,depth,37.0 centimetre
https://m.media-amazon.com/images/I/51B3vqrVN6L.jpg,603688,depth,155.0 inch
https://m.media-amazon.com/images/I/51fQ3Avz5ZL.jpg,603688,depth,37.0 centimetre
https://m.media-amazon.com/images/I/51C6ogXv17L.jpg,603688,depth,53.0 centimetre
https://m.media-amazon.com/images/I/619ofohRYbL.jpg,603688,depth,65.0 centimetre
https://m.media-amazon.com/images/I/512E+Zuc85L.jpg,603688,depth,72.0 centimetre
https://m.media-amazon.com/images/I/611SMhBV5sL.jpg,603688,depth,7.9 inch
https://m.media-amazon.com/images/I/618zZGuUtcL.jpg,603688,depth,96.0 centimetre
https://m.media-amazon.com/images/I/51Xi8PlOqOL.jpg,603688,height,8.5 centimetre
https://m.media-amazon.com/images/I/41KijJnzhEL.jpg,603688,height,6.5 centimetre
https://m.media-amazon.com/images/I/619ctH8kW5L.jpg,603688,height,5.0 inch
https://m.media-amazon.com/images/I/51oXkKfvDRL.jpg,603688,height,7.1 inch
https://m.media-amazon.com/images/I/51U0V4IBRaL.jpg,603688,height,15.0 centimetre
https://m.media-amazon.com/images/I/510DqXaradL.jpg,603688,height,9.0 centimetre
https://m.media-amazon.com/images/I/51LYHwLvEeL.jpg,603688,height,13.4 inch
https://m.media-amazon.com/images/I/61BNleT821L.jpg,603688,height,55.0 centimetre
https://m.media-amazon.com/images/I/51GmYWC6ioL.jpg,603688,height,18.86 inch
https://m.media-amazon.com/images/I/51T-eiiFblL.jpg,603688,height,8.0 centimetre
https://m.media-amazon.com/images/I/41tpFcK53cL.jpg,603688,height,10.0 centimetre
https://m.media-amazon.com/images/I/51WljqJlNnL.jpg,603688,height,3.1 inch
https://m.media-amazon.com/images/I/51OTEEaYtCL.jpg,603688,height,11.0 centimetre
https://m.media-amazon.com/images/I/610wzirjkhL.jpg,603688,height,13.0 centimetre
https://m.media-amazon.com/images/I/51ReNQEuuOL.jpg,603688,height,5.5 centimetre
https://m.media-amazon.com/images/I/615OVN9gYnL.jpg,603688,height,8.66 inch
https://m.media-amazon.com/images/I/51DyFDa-cmL.jpg,603688,height,4.5 centimetre
https://m.media-amazon.com/images/I/51vPRIGJYBL.jpg,603688,height,8.0 centimetre
https://m.media-amazon.com/images/I/51hxnV1A3qL.jpg,603688,height,16.0 centimetre
https://m.media-amazon.com/images/I/41jtk9HgX3L.jpg,603688,height,150.0 millimetre
https://m.media-amazon.com/images/I/51qTK7FC4GL.jpg,603688,height,2.75 inch
https://m.media-amazon.com/images/I/512tyiqKZ9L.jpg,603688,height,16.5 centimetre
https://m.media-amazon.com/images/I/51C5WhdlUrL.jpg,603688,height,10.0 centimetre
https://m.media-amazon.com/images/I/51LMoxXnIZL.jpg,603688,height,35.0 centimetre
https://m.media-amazon.com/images/I/51rE1lf+PdL.jpg,603688,height,4.3 inch
https://m.media-amazon.com/images/I/51CpsnmRg6L.jpg,603688,height,18.0 centimetre
https://m.media-amazon.com/images/I/51M3sdSxoZL.jpg,603688,height,6.3 inch
