image_link,group_id,entity_name,entity_value
https://m.media-amazon.com/images/I/61-EXpQ1psL.jpg,681045,width,32.0 millimetre
https://m.media-amazon.com/images/I/41EIs73w5TL.jpg,681045,width,1.4 centimetre
https://m.media-amazon.com/images/I/51VYahysBaL.jpg,681045,width,6.0 centimetre
https://m.media-amazon.com/images/I/51VYahysBaL.jpg,681045,depth,9.5 centimetre
https://m.media-amazon.com/images/I/51x6aSltPiL.jpg,681045,width,12.0 centimetre
https://m.media-amazon.com/images/I/511NgVv17bL.jpg,681045,width,1.3 inch
https://m.media-amazon.com/images/I/51SadQ8CM3L.jpg,681045,width,1.5 centimetre
https://m.media-amazon.com/images/I/51blSxfiFyL.jpg,681045,width,5.5 inch
https://m.media-amazon.com/images/I/51+hrxc9s8L.jpg,681045,width,8.5 centimetre
https://m.media-amazon.com/images/I/51I8scc0HEL.jpg,681045,width,1.0 centimetre
https://m.media-amazon.com/images/I/51BVmyGDh1L.jpg,681045,width,23.0 centimetre
https://m.media-amazon.com/images/I/51RCCyJlOOL.jpg,681045,width,4.0 centimetre
https://m.media-amazon.com/images/I/51RCCyJlOOL.jpg,681045,depth,20.0 centimetre
https://m.media-amazon.com/images/I/617uHqomyGL.jpg,681045,width,3.6 centimetre
https://m.media-amazon.com/images/I/611LevnRzVL.jpg,681045,width,1.18 inch
https://m.media-amazon.com/images/I/614GeNmTpoL.jpg,681045,width,6.0 centimetre
https://m.media-amazon.com/images/I/5170iw2HOSL.jpg,681045,width,24.0 millimetre
https://m.media-amazon.com/images/I/5170iw2HOSL.jpg,681045,depth,500.0 millimetre
https://m.media-amazon.com/images/I/619Xu3EjK-L.jpg,681045,width,12.0 inch
https://m.media-amazon.com/images/I/61-x2pe2VJL.jpg,681045,width,0.43 inch
https://m.media-amazon.com/images/I/51OzH5fcwyL.jpg,681045,width,9.6 inch
https://m.media-amazon.com/images/I/51L6vzGjlOL.jpg,681045,width,13.3 centimetre
https://m.media-amazon.com/images/I/61DAJA9OCnL.jpg,681045,width,9.84 inch
https://m.media-amazon.com/images/I/51VIDimu8kL.jpg,681045,width,7.0 centimetre
https://m.media-amazon.com/images/I/51dKh2LiPyL.jpg,681045,width,0.82 inch
https://m.media-amazon.com/images/I/51gaUaV2TeL.jpg,681045,width,6.5 centimetre
https://m.media-amazon.com/images/I/51ruhMtf2ZL.jpg,681045,width,9.0 millimetre
https://m.media-amazon.com/images/I/512PPjoUCRL.jpg,681045,width,0.4 inch
https://m.media-amazon.com/images/I/51QtUh5PPBL.jpg,681045,width,1.5 inch
https://m.media-amazon.com/images/I/61GDEXQFzDL.jpg,681045,width,0.8 centimetre
https://m.media-amazon.com/images/I/51pOkM+8etL.jpg,681045,width,1.0 inch
https://m.media-amazon.com/images/I/41yhxMnbQYL.jpg,681045,width,0.7 inch
https://m.media-amazon.com/images/I/61BQ7aqsSFL.jpg,681045,width,12.0 centimetre
https://m.media-amazon.com/images/I/51SwBv8HlSL.jpg,681045,width,0.31 inch
https://m.media-amazon.com/images/I/616M174tHIL.jpg,681045,width,0.26 inch
https://m.media-amazon.com/images/I/616M174tHIL.jpg,681045,depth,12.0 inch
https://m.media-amazon.com/images/I/51UqCWFuuGL.jpg,681045,width,3.5 millimetre
https://m.media-amazon.com/images/I/41O62vRisvL.jpg,681045,width,0.43 inch
https://m.media-amazon.com/images/I/51dMZCcUE+L.jpg,681045,width,0.98 inch
https://m.media-amazon.com/images/I/51kvO18GSyL.jpg,681045,width,7.0 inch
https://m.media-amazon.com/images/I/51kvO18GSyL.jpg,681045,depth,31.0 inch
https://m.media-amazon.com/images/I/61BL7LPXyPL.jpg,681045,width,21.0 centimetre
https://m.media-amazon.com/images/I/519k2-c1g0L.jpg,681045,width,19.0 centimetre
https://m.media-amazon.com/images/I/51vd3waXdwS.jpg,681045,width,6.3 centimetre
https://m.media-amazon.com/images/I/61BfExRA26L.jpg,681045,width,4.3 inch
https://m.media-amazon.com/images/I/41vUgPLDJJL.jpg,681045,width,3.1 centimetre
https://m.media-amazon.com/images/I/41vUgPLDJJL.jpg,681045,depth,11.0 centimetre
https://m.media-amazon.com/images/I/51w9NC7d9IL.jpg,681045,width,0.7 centimetre
https://m.media-amazon.com/images/I/51w9NC7d9IL.jpg,681045,depth,25.5 centimetre
https://m.media-amazon.com/images/I/51PXTyh0NEL.jpg,681045,width,1.5 inch
https://m.media-amazon.com/images/I/41wQKef5hrL.jpg,681045,width,18.0 centimetre
https://m.media-amazon.com/images/I/61Aon+WPAKL.jpg,681045,width,3.35 inch
https://m.media-amazon.com/images/I/41LX5XWME-L.jpg,681045,width,7.0 inch
https://m.media-amazon.com/images/I/51Ef3L1yJdL.jpg,681045,width,110.0 millimetre
https://m.media-amazon.com/images/I/51Ef3L1yJdL.jpg,681045,depth,300.0 millimetre
https://m.media-amazon.com/images/I/31cUFg-DKGL.jpg,681045,width,0.6 centimetre
https://m.media-amazon.com/images/I/51bsMBhv-eL.jpg,681045,width,3.4 centimetre
https://m.media-amazon.com/images/I/611GZPWWH2S.jpg,681045,width,2.0 centimetre
https://m.media-amazon.com/images/I/51oO9jajgOL.jpg,681045,width,0.75 inch
https://m.media-amazon.com/images/I/51oO9jajgOL.jpg,681045,depth,8.0 inch
https://m.media-amazon.com/images/I/51Hr2x9+yEL.jpg,681045,width,3.5 centimetre
https://m.media-amazon.com/images/I/51yIvgdpN6S.jpg,681045,width,21.0 centimetre
https://m.media-amazon.com/images/I/61CeKbp5v8L.jpg,681045,width,16.0 millimetre
https://m.media-amazon.com/images/I/41sR7eVgCoS.jpg,681045,width,1.3 centimetre
https://m.media-amazon.com/images/I/51-Ox6FzabL.jpg,681045,width,4.7 centimetre
https://m.media-amazon.com/images/I/61AIUmOXrGL.jpg,681045,width,0.4 centimetre
https://m.media-amazon.com/images/I/51qbWwWSMIL.jpg,681045,width,1.2 inch
https://m.media-amazon.com/images/I/51-lIjYU7kL.jpg,681045,width,2.8 inch
https://m.media-amazon.com/images/I/51ad+ifSO9L.jpg,681045,width,4.0 centimetre
https://m.media-amazon.com/images/I/41YeuTxY8ML.jpg,681045,width,2.3 centimetre
https://m.media-amazon.com/images/I/61+Pwh9PQAL.jpg,681045,width,13.0 centimetre
https://m.media-amazon.com/images/I/51eGvrxZS3L.jpg,681045,width,1.8 centimetre
https://m.media-amazon.com/images/I/61733-0iYxL.jpg,681045,width,2.5 centimetre
https://m.media-amazon.com/images/I/51lVqQe4faL.jpg,681045,width,5.7 inch
https://m.media-amazon.com/images/I/51Y+DMRSqiL.jpg,681045,width,0.3 inch
https://m.media-amazon.com/images/I/51gFxIuSvIL.jpg,681045,width,2.8 inch
https://m.media-amazon.com/images/I/51-+0Ddia3L.jpg,681045,width,0.36 inch
https://m.media-amazon.com/images/I/51XCHuiFUCL.jpg,681045,width,9.82 inch
https://m.media-amazon.com/images/I/41A33bPrRwL.jpg,681045,width,2.2 inch
https://m.media-amazon.com/images/I/31JbvAzxABL.jpg,681045,width,3.5 centimetre
https://m.media-amazon.com/images/I/612ML7BFQlL.jpg,681045,width,6.3 centimetre
https://m.media-amazon.com/images/I/612ML7BFQlL.jpg,681045,depth,40.0 centimetre
https://m.media-amazon.com/images/I/51kS4bxNfFS.jpg,681045,width,20.0 centimetre
https://m.media-amazon.com/images/I/41Zol6XUB9L.jpg,681045,width,3.0 centimetre
https://m.media-amazon.com/images/I/51pK2SktFML.jpg,681045,width,10.5 millimetre
https://m.media-amazon.com/images/I/61FsL8C95+L.jpg,681045,width,28.0 centimetre
https://m.media-amazon.com/images/I/41r48GvrFmL.jpg,681045,width,1.8 centimetre
https://m.media-amazon.com/images/I/51NV9W1g89L.jpg,681045,width,13.5 centimetre
https://m.media-amazon.com/images/I/51lhXqrv5DL.jpg,681045,width,6.0 centimetre
https://m.media-amazon.com/images/I/41zozTLrBvS.jpg,681045,width,4.0 centimetre
https://m.media-amazon.com/images/I/61AJcCNzWML.jpg,681045,width,0.39 inch
https://m.media-amazon.com/images/I/51DKbjABZPL.jpg,681045,width,0.7 inch
https://m.media-amazon.com/images/I/617UTYRo7-L.jpg,681045,width,1.6 inch
https://m.media-amazon.com/images/I/512copwJmXL.jpg,681045,width,2.5 centimetre
https://m.media-amazon.com/images/I/619JxFbszGL.jpg,681045,width,11.0 millimetre
https://m.media-amazon.com/images/I/41pf1dWzXIS.jpg,681045,width,25.0 centimetre
https://m.media-amazon.com/images/I/41HxhoNsAaL.jpg,681045,width,17.0 centimetre
https://m.media-amazon.com/images/I/41pGtQ8lHJL.jpg,681045,width,3.0 millimetre
https://m.media-amazon.com/images/I/6148EiJzQKL.jpg,681045,width,20.0 millimetre
https://m.media-amazon.com/images/I/413ueFVRdvL.jpg,681045,width,3.0 centimetre
https://m.media-amazon.com/images/I/610W6d9ySdL.jpg,681045,width,3.2 centimetre
https://m.media-amazon.com/images/I/51MawFtW6WL.jpg,681045,width,0.86 inch
https://m.media-amazon.com/images/I/5191JNWdQXL.jpg,681045,width,6.5 centimetre
https://m.media-amazon.com/images/I/61AZ2kINqcL.jpg,681045,width,5.0 centimetre
https://m.media-amazon.com/images/I/51ZqH9gCHtL.jpg,681045,width,0.25 inch
https://m.media-amazon.com/images/I/51udvWoSavL.jpg,681045,width,9.0 centimetre
https://m.media-amazon.com/images/I/613N24SVCGL.jpg,681045,width,2.8 inch
https://m.media-amazon.com/images/I/51LY8La9e+L.jpg,681045,width,9.0 centimetre
https://m.media-amazon.com/images/I/51GNKL1PbPL.jpg,681045,width,1.2 inch
https://m.media-amazon.com/images/I/51z0rDTFAdL.jpg,681045,width,17.0 millimetre
https://m.media-amazon.com/images/I/4141I2UZ-RL.jpg,681045,width,3.0 centimetre
https://m.media-amazon.com/images/I/41lVGzfKw6L.jpg,681045,width,1.8 centimetre
https://m.media-amazon.com/images/I/51EgWGcVnYL.jpg,681045,width,10.8 centimetre
https://m.media-amazon.com/images/I/61+gvBNDotL.jpg,681045,width,20.0 millimetre
https://m.media-amazon.com/images/I/51U0-rzYnnL.jpg,681045,width,4.75 inch
https://m.media-amazon.com/images/I/41HHxrbzzoL.jpg,681045,width,2.8 centimetre
https://m.media-amazon.com/images/I/51WqQPOyt0L.jpg,681045,width,110.0 millimetre
https://m.media-amazon.com/images/I/41u88skYVmL.jpg,681045,width,5.0 millimetre
https://m.media-amazon.com/images/I/51Sht2SdvWL.jpg,681045,width,4.6 inch
https://m.media-amazon.com/images/I/51Kd0zrxYaL.jpg,681045,width,25.0 centimetre
https://m.media-amazon.com/images/I/51zo4tTRyhL.jpg,681045,width,0.6 inch
https://m.media-amazon.com/images/I/51TWeHp0UmL.jpg,681045,width,0.46 inch
https://m.media-amazon.com/images/I/41NRFYb8uYL.jpg,681045,width,30.0 millimetre
https://m.media-amazon.com/images/I/61Ci15w3FTL.jpg,681045,width,10.0 centimetre
https://m.media-amazon.com/images/I/51-YvfNJvrL.jpg,681045,width,7.4 millimetre
https://m.media-amazon.com/images/I/616A9R+SPlL.jpg,681045,width,30.0 centimetre
https://m.media-amazon.com/images/I/51sZ83O-9KL.jpg,681045,width,1.93 centimetre
https://m.media-amazon.com/images/I/51sZ83O-9KL.jpg,681045,depth,21.18 centimetre
https://m.media-amazon.com/images/I/31AIuS7c+1L.jpg,681045,width,0.42 inch
https://m.media-amazon.com/images/I/51XwjR5lBvL.jpg,681045,width,8.5 inch
https://m.media-amazon.com/images/I/51-o4-W06oL.jpg,681045,width,6.0 centimetre
https://m.media-amazon.com/images/I/51-o4-W06oL.jpg,681045,depth,41.9 centimetre
https://m.media-amazon.com/images/I/51VKrxFH8KL.jpg,681045,width,1.5 inch
https://m.media-amazon.com/images/I/51VKrxFH8KL.jpg,681045,depth,6.0 inch
https://m.media-amazon.com/images/I/51v8J76nZbL.jpg,681045,width,8.0 centimetre
https://m.media-amazon.com/images/I/51tQauJfRWL.jpg,681045,width,3.0 centimetre
https://m.media-amazon.com/images/I/51c5-hRVBIL.jpg,681045,width,27.0 millimetre
https://m.media-amazon.com/images/I/51ed3trcRwL.jpg,681045,width,0.51 inch
https://m.media-amazon.com/images/I/51ed3trcRwL.jpg,681045,depth,11.0 centimetre
https://m.media-amazon.com/images/I/618AZyx7akL.jpg,681045,width,1.5 centimetre
https://m.media-amazon.com/images/I/612d1iGS8uL.jpg,681045,width,0.55 centimetre
https://m.media-amazon.com/images/I/51cbcUdNhhL.jpg,681045,width,0.16 inch
https://m.media-amazon.com/images/I/51DnqlwsJyL.jpg,681045,width,30.0 millimetre
https://m.media-amazon.com/images/I/41fmHmDKGZL.jpg,681045,width,15.0 millimetre
https://m.media-amazon.com/images/I/41n7CiOmfZL.jpg,681045,width,8.5 centimetre
https://m.media-amazon.com/images/I/614z6Z73woL.jpg,681045,width,1.38 inch
https://m.media-amazon.com/images/I/512yNm29v8L.jpg,681045,width,8.0 inch
https://m.media-amazon.com/images/I/516cvRWtjvL.jpg,681045,width,6.0 centimetre
https://m.media-amazon.com/images/I/61BuaxMEoQL.jpg,681045,width,4.3 inch
https://m.media-amazon.com/images/I/613ie1+RGmL.jpg,681045,width,20.0 centimetre
https://m.media-amazon.com/images/I/51LJuoyOroL.jpg,681045,width,9.0 millimetre
https://m.media-amazon.com/images/I/41tpAF-iS7S.jpg,681045,width,3.0 millimetre
https://m.media-amazon.com/images/I/4147wqxNYYL.jpg,681045,width,9.0 millimetre
https://m.media-amazon.com/images/I/51FG+Il08FL.jpg,681045,width,0.3 inch
https://m.media-amazon.com/images/I/61AgZrXVRDL.jpg,681045,width,79.0 millimetre
https://m.media-amazon.com/images/I/617CsIccnHL.jpg,681045,width,6.0 centimetre
https://m.media-amazon.com/images/I/61C6-lEachL.jpg,681045,width,0.12 inch
https://m.media-amazon.com/images/I/610CXaa69YL.jpg,681045,width,2.0 inch
https://m.media-amazon.com/images/I/61+xqHeX9XL.jpg,681045,width,2.0 inch
https://m.media-amazon.com/images/I/61+xqHeX9XL.jpg,681045,depth,16.0 inch
https://m.media-amazon.com/images/I/51TVbyNv1gL.jpg,681045,width,11.0 millimetre
https://m.media-amazon.com/images/I/51n0dYr6hWL.jpg,681045,width,12.0 inch
https://m.media-amazon.com/images/I/41asV41PfUL.jpg,681045,width,20.0 centimetre
https://m.media-amazon.com/images/I/41XcHaUG5+L.jpg,681045,width,14.5 centimetre
https://m.media-amazon.com/images/I/41XcHaUG5+L.jpg,681045,depth,25.0 centimetre
https://m.media-amazon.com/images/I/51DDxSIgF1L.jpg,681045,width,16.4 centimetre
https://m.media-amazon.com/images/I/51DDxSIgF1L.jpg,681045,depth,25.0 centimetre
https://m.media-amazon.com/images/I/614KsoRxBLL.jpg,681045,width,0.5 centimetre
https://m.media-amazon.com/images/I/51rTOgTYg+L.jpg,681045,width,15.0 centimetre
https://m.media-amazon.com/images/I/51r0pK0sn2L.jpg,681045,width,28.0 millimetre
https://m.media-amazon.com/images/I/41k5vVG69+L.jpg,681045,width,0.4 centimetre
https://m.media-amazon.com/images/I/511wO7Kp2lL.jpg,681045,width,22.0 centimetre
https://m.media-amazon.com/images/I/51pP7gBJB+S.jpg,681045,width,4.0 centimetre
https://m.media-amazon.com/images/I/51t8EOxBnbL.jpg,681045,width,0.61 inch
https://m.media-amazon.com/images/I/511tXtYkxsL.jpg,681045,width,0.5 inch
https://m.media-amazon.com/images/I/51nbJPe5aqL.jpg,681045,width,28.5 millimetre
https://m.media-amazon.com/images/I/6141U6M84nL.jpg,681045,width,6.0 inch
https://m.media-amazon.com/images/I/6141U6M84nL.jpg,681045,depth,15.75 inch
https://m.media-amazon.com/images/I/51OPSO+bONL.jpg,681045,width,120.0 millimetre
https://m.media-amazon.com/images/I/4186mTIsGVS.jpg,681045,width,15.0 centimetre
https://m.media-amazon.com/images/I/51xHGJaOioL.jpg,681045,width,20.0 centimetre
https://m.media-amazon.com/images/I/51kbK-+9LwL.jpg,681045,width,5.5 centimetre
https://m.media-amazon.com/images/I/51kbK-+9LwL.jpg,681045,depth,18.0 centimetre
https://m.media-amazon.com/images/I/61AK2-BR01L.jpg,681045,width,19.0 millimetre
https://m.media-amazon.com/images/I/610faZFVWHS.jpg,681045,width,20.0 centimetre
https://m.media-amazon.com/images/I/610faZFVWHS.jpg,681045,depth,35.0 centimetre
https://m.media-amazon.com/images/I/51GWKmVDJlS.jpg,681045,width,0.12 inch
https://m.media-amazon.com/images/I/41Qa3mopvCL.jpg,681045,width,1.5 inch
https://m.media-amazon.com/images/I/41Qa3mopvCL.jpg,681045,depth,12.2 inch
https://m.media-amazon.com/images/I/51ee6v6TmjL.jpg,681045,width,5.6 centimetre
https://m.media-amazon.com/images/I/613ehsnAQkL.jpg,681045,width,1.5 centimetre
https://m.media-amazon.com/images/I/61EMiOCOFLL.jpg,681045,width,0.88 inch
https://m.media-amazon.com/images/I/51AG9VhvPQL.jpg,681045,width,5.0 millimetre
https://m.media-amazon.com/images/I/51wSuw7K3xL.jpg,681045,width,2.2 centimetre
https://m.media-amazon.com/images/I/412z7tqGMiL.jpg,681045,width,6.0 centimetre
https://m.media-amazon.com/images/I/41w4J8hBWOL.jpg,681045,width,1.5 centimetre
https://m.media-amazon.com/images/I/6113nPw4kIL.jpg,681045,width,1.0 inch
https://m.media-amazon.com/images/I/61D25dab4bL.jpg,681045,width,0.75 inch
https://m.media-amazon.com/images/I/611flYUiwTL.jpg,681045,width,4.32 inch
https://m.media-amazon.com/images/I/51ef+K3thJL.jpg,681045,width,8.0 centimetre
https://m.media-amazon.com/images/I/41kgn3tUYFL.jpg,681045,width,0.79 inch
https://m.media-amazon.com/images/I/61F+lXB1svL.jpg,681045,width,6.4 centimetre
https://m.media-amazon.com/images/I/31S7MUZ91uL.jpg,681045,width,3.5 centimetre
https://m.media-amazon.com/images/I/31S7MUZ91uL.jpg,681045,depth,18.0 centimetre
https://m.media-amazon.com/images/I/41JU7iBvX8L.jpg,681045,width,3.5 centimetre
https://m.media-amazon.com/images/I/41nrTsb9r2L.jpg,681045,depth,5.5 inch
https://m.media-amazon.com/images/I/61+17ypdIUL.jpg,681045,depth,7.5 inch
https://m.media-amazon.com/images/I/51buZBRA07L.jpg,681045,depth,30.5 centimetre
https://m.media-amazon.com/images/I/614tY39teQL.jpg,681045,depth,5.9 inch
https://m.media-amazon.com/images/I/41ZbhUU9z7L.jpg,681045,depth,60.0 millimetre
https://m.media-amazon.com/images/I/61-3PshJKZL.jpg,681045,depth,305.0 millimetre
https://m.media-amazon.com/images/I/51MeYpw7lwL.jpg,681045,depth,15.7 inch
https://m.media-amazon.com/images/I/51Nuq-xKQNL.jpg,681045,depth,2.88 inch
https://m.media-amazon.com/images/I/51W5TLQu8WL.jpg,681045,depth,19.2 inch
https://m.media-amazon.com/images/I/51mY0mgW3cL.jpg,681045,depth,40.0 centimetre
https://m.media-amazon.com/images/I/51ZFwBoTCeL.jpg,681045,depth,19.7 inch
https://m.media-amazon.com/images/I/418gCgke7GL.jpg,681045,depth,7.07 inch
https://m.media-amazon.com/images/I/51PdeTPf7SL.jpg,681045,depth,40.0 centimetre
https://m.media-amazon.com/images/I/51Y1kmUkxAL.jpg,681045,depth,120.0 centimetre
https://m.media-amazon.com/images/I/51adFgjyxRL.jpg,681045,depth,49.0 inch
https://m.media-amazon.com/images/I/41d5uW3UUKL.jpg,681045,depth,30.0 centimetre
https://m.media-amazon.com/images/I/616Vv-PQcyL.jpg,681045,depth,6.0 inch
https://m.media-amazon.com/images/I/314z6+aLmmL.jpg,681045,depth,14.9 inch
https://m.media-amazon.com/images/I/41PoihvoQ5S.jpg,681045,depth,6.0 inch
https://m.media-amazon.com/images/I/41ktr+AaNyL.jpg,681045,depth,14.3 centimetre
https://m.media-amazon.com/images/I/41pqLscGYkL.jpg,681045,depth,200.0 centimetre
https://m.media-amazon.com/images/I/61-QDBu3sqL.jpg,681045,depth,18.7 centimetre
https://m.media-amazon.com/images/I/51I3JATDSSL.jpg,681045,depth,150.0 millimetre
https://m.media-amazon.com/images/I/51zgMSppsNL.jpg,681045,depth,40.0 centimetre
https://m.media-amazon.com/images/I/51cgdoQweTL.jpg,681045,depth,20.0 centimetre
https://m.media-amazon.com/images/I/51p4Y8UFhFL.jpg,681045,depth,500.0 millimetre
https://m.media-amazon.com/images/I/611R8K2ivML.jpg,681045,depth,7.0 inch
https://m.media-amazon.com/images/I/51vILv80UdL.jpg,681045,depth,57.7 centimetre
https://m.media-amazon.com/images/I/6169Fa+vOdL.jpg,681045,depth,18.0 centimetre
https://m.media-amazon.com/images/I/51qr5KTmGEL.jpg,681045,depth,36.0 inch
https://m.media-amazon.com/images/I/51VZ-JMbPbL.jpg,681045,depth,180.0 centimetre
https://m.media-amazon.com/images/I/61Ep6sopwUL.jpg,681045,depth,15.0 centimetre
https://m.media-amazon.com/images/I/41MLuSS3xjL.jpg,681045,depth,13.58 inch
https://m.media-amazon.com/images/I/51AiY+Q0MAL.jpg,681045,depth,50.0 centimetre
https://m.media-amazon.com/images/I/41T6S8vrk3L.jpg,681045,depth,8.9 inch
https://m.media-amazon.com/images/I/519gz+Zl41L.jpg,681045,depth,14.17 inch
https://m.media-amazon.com/images/I/516Py-9lkiL.jpg,681045,depth,23.0 centimetre
https://m.media-amazon.com/images/I/51BjcONs7CL.jpg,681045,depth,17.7 inch
https://m.media-amazon.com/images/I/41A-Nr-ZdeL.jpg,681045,depth,9.88 inch
https://m.media-amazon.com/images/I/510vF3nFWML.jpg,681045,depth,32.0 centimetre
https://m.media-amazon.com/images/I/41yvLRO1iuL.jpg,681045,depth,270.0 millimetre
https://m.media-amazon.com/images/I/51ps0EHOeIL.jpg,681045,depth,91.4 centimetre
https://m.media-amazon.com/images/I/6106W1pVNpL.jpg,681045,depth,7.0 centimetre
https://m.media-amazon.com/images/I/412ixrfpf5L.jpg,681045,depth,6.4 inch
https://m.media-amazon.com/images/I/51V9g8+I7dL.jpg,681045,depth,40.0 centimetre
https://m.media-amazon.com/images/I/41JjKs7QNFL.jpg,681045,depth,27.0 centimetre
https://m.media-amazon.com/images/I/512M8zFwzSL.jpg,681045,depth,14.2 inch
https://m.media-amazon.com/images/I/51q9+kJykyL.jpg,681045,depth,40.0 centimetre
https://m.media-amazon.com/images/I/51jxGIDEvbL.jpg,681045,depth,30.0 centimetre
https://m.media-amazon.com/images/I/51LHqNcY79L.jpg,681045,depth,55.0 centimetre
https://m.media-amazon.com/images/I/51l1d7M7TjL.jpg,681045,depth,6.0 inch
https://m.media-amazon.com/images/I/611UJvMqTLL.jpg,681045,depth,3.2 inch
https://m.media-amazon.com/images/I/41akjjmWM8L.jpg,681045,depth,5.5 inch
https://m.media-amazon.com/images/I/61AgibDD3rL.jpg,681045,depth,52.0 centimetre
https://m.media-amazon.com/images/I/61Ct5I8XATL.jpg,681045,depth,59.05 inch
https://m.media-amazon.com/images/I/5130KvWk0QL.jpg,681045,depth,17.63 inch
https://m.media-amazon.com/images/I/51mPPS-3UsL.jpg,681045,depth,58.3 centimetre
https://m.media-amazon.com/images/I/518MqqRBBJL.jpg,681045,depth,11.8 inch
https://m.media-amazon.com/images/I/416TwNoxEGL.jpg,681045,depth,8.0 inch
https://m.media-amazon.com/images/I/515shS3sYrL.jpg,681045,depth,25.0 centimetre
https://m.media-amazon.com/images/I/51e2EESGtwL.jpg,681045,depth,25.0 centimetre
https://m.media-amazon.com/images/I/51Jvn2iq0DL.jpg,681045,depth,17.0 centimetre
https://m.media-amazon.com/images/I/61EIgL0SjsL.jpg,681045,depth,30.0 centimetre
https://m.media-amazon.com/images/I/41Hh63ox02L.jpg,681045,depth,120.0 centimetre
https://m.media-amazon.com/images/I/51J2wVph+BL.jpg,681045,depth,9.8 inch
https://m.media-amazon.com/images/I/41poQSuUygL.jpg,681045,depth,30.0 centimetre
https://m.media-amazon.com/images/I/51W06SmyPJL.jpg,681045,depth,5.7 inch
https://m.media-amazon.com/images/I/51Y-9VybiZL.jpg,681045,depth,23.0 centimetre
https://m.media-amazon.com/images/I/41m+gNy1yrL.jpg,681045,depth,27.0 centimetre
https://m.media-amazon.com/images/I/512hbDnmR7L.jpg,681045,depth,6.0 inch
https://m.media-amazon.com/images/I/51aqP+-X6bL.jpg,681045,depth,9.0 inch
https://m.media-amazon.com/images/I/41XSf0CiSnL.jpg,681045,depth,30.0 centimetre
https://m.media-amazon.com/images/I/413WdAGfVuL.jpg,681045,depth,120.0 centimetre
https://m.media-amazon.com/images/I/41uHHJHY2fL.jpg,681045,depth,15.0 centimetre
https://m.media-amazon.com/images/I/41uBhUQ76AL.jpg,681045,depth,5.7 inch
https://m.media-amazon.com/images/I/51ZC22xdPxL.jpg,681045,depth,2.0 foot
https://m.media-amazon.com/images/I/51cu03uxgRS.jpg,681045,depth,7.0 centimetre
https://m.media-amazon.com/images/I/612DIs3u7NL.jpg,681045,depth,47.95 inch
https://m.media-amazon.com/images/I/6162Mzf-ksL.jpg,681045,depth,12.0 inch
https://m.media-amazon.com/images/I/51jZUB66IJL.jpg,681045,depth,85.0 inch
https://m.media-amazon.com/images/I/510I14TN98L.jpg,681045,depth,7.5 centimetre
https://m.media-amazon.com/images/I/51Kkbx8qoPS.jpg,681045,depth,230.0 centimetre
https://m.media-amazon.com/images/I/6173JBzuooL.jpg,681045,depth,29.0 centimetre
https://m.media-amazon.com/images/I/41LeT0JpghL.jpg,681045,depth,16.0 centimetre
https://m.media-amazon.com/images/I/51aFNP8BPDL.jpg,681045,depth,31.1 centimetre
https://m.media-amazon.com/images/I/41tDDECsSfL.jpg,681045,depth,15.7 inch
https://m.media-amazon.com/images/I/51aFCDeahIL.jpg,681045,depth,30.0 centimetre
https://m.media-amazon.com/images/I/614QjFZ-HaL.jpg,681045,depth,37.0 centimetre
https://m.media-amazon.com/images/I/31Dh6QULfOL.jpg,681045,depth,12.6 inch
https://m.media-amazon.com/images/I/414Cj8XEj9L.jpg,681045,depth,11.4 inch
https://m.media-amazon.com/images/I/51Huu9cY1GL.jpg,681045,depth,37.0 centimetre
https://m.media-amazon.com/images/I/51FaXWpbLTL.jpg,681045,depth,8.0 centimetre
https://m.media-amazon.com/images/I/61AB4YsWGUL.jpg,681045,depth,7.7 centimetre
https://m.media-amazon.com/images/I/51o9fPNR7aL.jpg,681045,depth,50.0 centimetre
https://m.media-amazon.com/images/I/51T93h9ngbS.jpg,681045,depth,8.0 inch
https://m.media-amazon.com/images/I/51AX-P+YMrL.jpg,681045,depth,6.0 foot
https://m.media-amazon.com/images/I/51w0UeODwFL.jpg,681045,depth,38.0 centimetre
https://m.media-amazon.com/images/I/611e4hBqilL.jpg,681045,depth,35.0 centimetre
https://m.media-amazon.com/images/I/51wJUQRW-EL.jpg,681045,depth,47.0 centimetre
https://m.media-amazon.com/images/I/615Xm2DcEWL.jpg,681045,depth,15.75 inch
https://m.media-amazon.com/images/I/616zkgEhTkL.jpg,681045,depth,18.0 centimetre
https://m.media-amazon.com/images/I/41lp1lveI1S.jpg,681045,depth,120.0 centimetre
https://m.media-amazon.com/images/I/61Avzy1GuVL.jpg,681045,depth,32.5 centimetre
https://m.media-amazon.com/images/I/51YfZNLfBWL.jpg,681045,depth,3.3 inch
https://m.media-amazon.com/images/I/41INAtOWqpL.jpg,681045,depth,4.66 inch
https://m.media-amazon.com/images/I/31XPsp8qWvL.jpg,681045,depth,9.8 inch
https://m.media-amazon.com/images/I/6102rt-TEvL.jpg,681045,depth,240.0 millimetre
https://m.media-amazon.com/images/I/51ta2ZRwQjL.jpg,681045,depth,35.0 centimetre
https://m.media-amazon.com/images/I/51o8KO6zeHL.jpg,681045,depth,165.0 millimetre
https://m.media-amazon.com/images/I/51mxA7VbbMS.jpg,681045,depth,20.0 centimetre
https://m.media-amazon.com/images/I/616VFn4WmoL.jpg,681045,depth,43.0 centimetre
https://m.media-amazon.com/images/I/51ULZdrZA7L.jpg,681045,depth,120.0 millimetre
https://m.media-amazon.com/images/I/41XEo3AA6nL.jpg,681045,depth,80.0 centimetre
https://m.media-amazon.com/images/I/51TAEqX1F0L.jpg,681045,depth,19.6 inch
https://m.media-amazon.com/images/I/516WKxkuxGL.jpg,681045,depth,15.0 centimetre
https://m.media-amazon.com/images/I/51rn2DnRAiL.jpg,681045,depth,110.0 millimetre
https://m.media-amazon.com/images/I/51-disSLAPL.jpg,681045,depth,24.0 centimetre
https://m.media-amazon.com/images/I/5166v+RfITL.jpg,681045,depth,11.4 inch
https://m.media-amazon.com/images/I/51zwBprT5JL.jpg,681045,depth,25.0 centimetre
https://m.media-amazon.com/images/I/51K1dg-p1JL.jpg,681045,depth,10.0 inch
https://m.media-amazon.com/images/I/41Ry94G6PuL.jpg,681045,depth,20.0 centimetre
https://m.media-amazon.com/images/I/51F0JXVlp7L.jpg,681045,depth,150.0 millimetre
https://m.media-amazon.com/images/I/51hjmRRin1L.jpg,681045,depth,29.0 centimetre
https://m.media-amazon.com/images/I/51hKXf-Sh+L.jpg,681045,depth,40.3 centimetre
https://m.media-amazon.com/images/I/511eJLSNwZS.jpg,681045,depth,35.0 centimetre
https://m.media-amazon.com/images/I/612C6+AYvlL.jpg,681045,depth,12.0 inch
https://m.media-amazon.com/images/I/51w1aCUfdAL.jpg,681045,depth,40.0 centimetre
https://m.media-amazon.com/images/I/51bVSxReslS.jpg,681045,depth,84.0 centimetre
https://m.media-amazon.com/images/I/51B7S0R+dwL.jpg,681045,depth,40.0 centimetre
https://m.media-amazon.com/images/I/512e2uOOkcS.jpg,681045,depth,35.0 centimetre
https://m.media-amazon.com/images/I/617Ook2q9aL.jpg,681045,depth,10.0 inch
https://m.media-amazon.com/images/I/512w-gqXxrL.jpg,681045,depth,14.5 centimetre
https://m.media-amazon.com/images/I/41dDXM6QP4S.jpg,681045,depth,165.0 millimetre
https://m.media-amazon.com/images/I/51XU5fycmOL.jpg,681045,depth,85.0 centimetre
https://m.media-amazon.com/images/I/61COiKFw7pL.jpg,681045,depth,40.0 centimetre
https://m.media-amazon.com/images/I/61EFbvJNb3L.jpg,681045,depth,2.0 foot
https://m.media-amazon.com/images/I/41Oq57vNaNL.jpg,681045,depth,8.5 inch
https://m.media-amazon.com/images/I/51IEL1yrfKL.jpg,681045,depth,7.08 inch
https://m.media-amazon.com/images/I/616g2UgkUWL.jpg,681045,depth,12.99 inch
https://m.media-amazon.com/images/I/41bJO4i8HQL.jpg,681045,depth,30.0 centimetre
https://m.media-amazon.com/images/I/6106P6w+MPL.jpg,681045,depth,120.0 centimetre
https://m.media-amazon.com/images/I/619px4mmsUL.jpg,681045,depth,22.0 inch
https://m.media-amazon.com/images/I/61+acHe1t2L.jpg,681045,depth,150.0 millimetre
https://m.media-amazon.com/images/I/612bOpePVDL.jpg,681045,depth,17.0 centimetre
https://m.media-amazon.com/images/I/31KqNpqJCdS.jpg,681045,depth,130.0 millimetre
https://m.media-amazon.com/images/I/615znB-k+lL.jpg,681045,depth,39.2 inch
https://m.media-amazon.com/images/I/41hId1TMAxL.jpg,681045,depth,3.1 inch
https://m.media-amazon.com/images/I/51vWENbqdYL.jpg,681045,depth,7.2 inch
https://m.media-amazon.com/images/I/514uP0gAiZL.jpg,681045,depth,19.0 centimetre
https://m.media-amazon.com/images/I/61AccMBHi5L.jpg,681045,depth,150.0 millimetre
https://m.media-amazon.com/images/I/613PGIxYWaL.jpg,681045,depth,7.0 inch
https://m.media-amazon.com/images/I/51JlZJUD0iL.jpg,681045,depth,20.0 centimetre
https://m.media-amazon.com/images/I/51H+zNftZ+L.jpg,681045,depth,15.84 inch
https://m.media-amazon.com/images/I/41lAyaLhjcL.jpg,681045,depth,14.5 centimetre
https://m.media-amazon.com/images/I/51TEgW6D48L.jpg,681045,depth,7.5 inch
https://m.media-amazon.com/images/I/515I54MslrL.jpg,681045,depth,24.5 centimetre
https://m.media-amazon.com/images/I/51-b4+DM1FS.jpg,681045,depth,85.0 millimetre
https://m.media-amazon.com/images/I/51vCzYPoDpL.jpg,681045,depth,29.5 centimetre
https://m.media-amazon.com/images/I/416m5UmDbTL.jpg,681045,depth,16.0 centimetre
https://m.media-amazon.com/images/I/51h4KIm5jiL.jpg,681045,depth,81.0 centimetre
https://m.media-amazon.com/images/I/51QxUJA0z8L.jpg,681045,depth,36.0 inch
https://m.media-amazon.com/images/I/51wt0uReNQL.jpg,681045,depth,37.5 centimetre
https://m.media-amazon.com/images/I/41oEaspfDBL.jpg,681045,depth,31.0 centimetre
https://m.media-amazon.com/images/I/51DUy5r9-eL.jpg,681045,depth,69.0 centimetre
https://m.media-amazon.com/images/I/51y6N6yyQoL.jpg,681045,depth,10.0 inch
https://m.media-amazon.com/images/I/51nWQ+UznxL.jpg,681045,depth,39.0 centimetre
https://m.media-amazon.com/images/I/41fpOn6XCOS.jpg,681045,depth,150.0 millimetre
https://m.media-amazon.com/images/I/41Zblq3NFHL.jpg,681045,depth,15.0 centimetre
https://m.media-amazon.com/images/I/614E4cK1-4L.jpg,681045,depth,25.0 centimetre
https://m.media-amazon.com/images/I/51+GrZ8DGdL.jpg,681045,depth,120.0 centimetre
https://m.media-amazon.com/images/I/61DFVIPtNIL.jpg,681045,depth,48.0 inch
https://m.media-amazon.com/images/I/611-T+v+GmL.jpg,681045,depth,38.6 inch
https://m.media-amazon.com/images/I/616ME+QkPoL.jpg,681045,depth,40.0 centimetre
https://m.media-amazon.com/images/I/51Z+q+X7w7L.jpg,681045,depth,12.59 inch
https://m.media-amazon.com/images/I/41TvEzVQrHL.jpg,681045,depth,9.0 inch
https://m.media-amazon.com/images/I/41ANsOwXQOL.jpg,681045,depth,15.2 centimetre
https://m.media-amazon.com/images/I/519ngz5V49L.jpg,681045,depth,6.3 inch
https://m.media-amazon.com/images/I/61CxoRXwsEL.jpg,681045,depth,11.8 inch
https://m.media-amazon.com/images/I/41CDeZBC71S.jpg,681045,depth,17.0 centimetre
https://m.media-amazon.com/images/I/51Ud9XqWsRL.jpg,681045,depth,35.0 centimetre
https://m.media-amazon.com/images/I/41kzOJGqctL.jpg,681045,depth,300.0 millimetre
https://m.media-amazon.com/images/I/51M4w-UBtyL.jpg,681045,depth,15.0 inch
https://m.media-amazon.com/images/I/51h49TXI3kL.jpg,681045,depth,35.0 centimetre
https://m.media-amazon.com/images/I/61F7NNLYtjL.jpg,681045,depth,4.0 inch
https://m.media-amazon.com/images/I/51mp7V1MkAL.jpg,681045,depth,18.0 centimetre
https://m.media-amazon.com/images/I/51Te96gJXZL.jpg,681045,depth,17.5 inch
https://m.media-amazon.com/images/I/51ifXSxw8FL.jpg,681045,depth,31.4 inch
https://m.media-amazon.com/images/I/61FbcS4vJEL.jpg,681045,depth,9.0 inch
https://m.media-amazon.com/images/I/61G2w2tHTaL.jpg,681045,depth,7.09 inch
https://m.media-amazon.com/images/I/41SvEVohtRL.jpg,681045,depth,18.5 inch
https://m.media-amazon.com/images/I/51ZHh0mr50L.jpg,681045,depth,13.2 inch
https://m.media-amazon.com/images/I/41lDPiPGy8L.jpg,681045,depth,25.3 centimetre
https://m.media-amazon.com/images/I/616ouzSj79L.jpg,681045,depth,78.1 inch
https://m.media-amazon.com/images/I/41r7+YnhQTL.jpg,681045,depth,20.0 centimetre
https://m.media-amazon.com/images/I/51SmqHaxEML.jpg,681045,depth,15.0 inch
https://m.media-amazon.com/images/I/51KzOpci0JL.jpg,681045,depth,15.0 centimetre
https://m.media-amazon.com/images/I/51y+ra6McdL.jpg,681045,depth,40.0 centimetre
https://m.media-amazon.com/images/I/41U+f3mqq8L.jpg,681045,depth,9.1 inch
https://m.media-amazon.com/images/I/61+1Zore3sL.jpg,681045,depth,1.0 metre
https://m.media-amazon.com/images/I/51qZp-OTZZL.jpg,681045,depth,30.5 centimetre
https://m.media-amazon.com/images/I/51-UfitktiL.jpg,681045,depth,1.3 inch
https://m.media-amazon.com/images/I/51Gv0TS6ExL.jpg,681045,depth,25.0 centimetre
https://m.media-amazon.com/images/I/519Ekd1EOqL.jpg,681045,depth,45.6 centimetre
https://m.media-amazon.com/images/I/51fMeHQq-nL.jpg,681045,depth,180.0 centimetre
https://m.media-amazon.com/images/I/41OsRgVug2S.jpg,681045,depth,21.2 inch
https://m.media-amazon.com/images/I/51R1weyix-L.jpg,681045,depth,9.43 inch
https://m.media-amazon.com/images/I/51-aA81z1bL.jpg,681045,depth,270.0 millimetre
https://m.media-amazon.com/images/I/612L5rxtbdL.jpg,681045,depth,15.0 inch
https://m.media-amazon.com/images/I/51o95AQHs5L.jpg,681045,depth,160.0 millimetre
https://m.media-amazon.com/images/I/51t-8UiXnuL.jpg,681045,depth,18.0 centimetre
https://m.media-amazon.com/images/I/51bEUgfU5LL.jpg,681045,depth,25.0 centimetre
https://m.media-amazon.com/images/I/418lebL8sVL.jpg,681045,depth,61.0 centimetre
https://m.media-amazon.com/images/I/51-sZRXnbEL.jpg,681045,depth,18.0 centimetre
https://m.media-amazon.com/images/I/51iCT78To6L.jpg,681045,depth,16.0 centimetre
https://m.media-amazon.com/images/I/41jr1wmwYxL.jpg,681045,depth,80.0 centimetre
https://m.media-amazon.com/images/I/51PUDM7+qYL.jpg,681045,depth,40.0 centimetre
https://m.media-amazon.com/images/I/51C1iMGGy+L.jpg,681045,depth,30.5 centimetre
https://m.media-amazon.com/images/I/51NNPiALq7L.jpg,681045,depth,19.68 inch
https://m.media-amazon.com/images/I/617mMuuhZ7L.jpg,681045,depth,14.0 inch
https://m.media-amazon.com/images/I/51w82QKDyUL.jpg,681045,depth,8.26 inch
https://m.media-amazon.com/images/I/51prxuE+0YL.jpg,681045,depth,43.31 inch
https://m.media-amazon.com/images/I/51wwBVMr69L.jpg,681045,depth,20.0 centimetre
https://m.media-amazon.com/images/I/61FUU6eeqcL.jpg,681045,depth,5.4 inch
https://m.media-amazon.com/images/I/41oGe-0UELL.jpg,681045,depth,22.0 centimetre
https://m.media-amazon.com/images/I/610r4yW-tIL.jpg,681045,depth,40.0 centimetre
https://m.media-amazon.com/images/I/517Q6fxNyiL.jpg,681045,depth,230.0 centimetre
https://m.media-amazon.com/images/I/51yzOe3zvQL.jpg,681045,depth,7.1 inch
https://m.media-amazon.com/images/I/619Vn20hboL.jpg,681045,depth,11.5 centimetre
https://m.media-amazon.com/images/I/614YkgzQuaL.jpg,681045,depth,40.0 centimetre
https://m.media-amazon.com/images/I/61+IcsfPMdL.jpg,681045,depth,12.5 inch
https://m.media-amazon.com/images/I/41CxJMY5vML.jpg,681045,depth,120.0 centimetre
https://m.media-amazon.com/images/I/614fBRipH1L.jpg,681045,depth,150.0 millimetre
https://m.media-amazon.com/images/I/617Rn0SlrBL.jpg,681045,depth,7.9 inch
https://m.media-amazon.com/images/I/611sSqVEd0L.jpg,681045,depth,43.0 centimetre
https://m.media-amazon.com/images/I/61+hiLtTXxL.jpg,681045,depth,2.0 metre
https://m.media-amazon.com/images/I/51o-6dlSsgL.jpg,681045,depth,11.8 inch
https://m.media-amazon.com/images/I/51Xuo+zdx0L.jpg,681045,depth,5.6 inch
https://m.media-amazon.com/images/I/51b0hP06dAL.jpg,681045,depth,210.0 centimetre
https://m.media-amazon.com/images/I/41INLlLzV4L.jpg,681045,depth,15.7 inch
https://m.media-amazon.com/images/I/51JS+uw4DLL.jpg,681045,depth,0.9 metre
https://m.media-amazon.com/images/I/611tr8VeTsL.jpg,681045,depth,3.0 foot
https://m.media-amazon.com/images/I/51a2PEP-ZnL.jpg,681045,depth,75.0 centimetre
https://m.media-amazon.com/images/I/51sw7UD3tPL.jpg,681045,depth,200.0 centimetre
https://m.media-amazon.com/images/I/51YnBHf12BL.jpg,681045,depth,25.0 centimetre
https://m.media-amazon.com/images/I/41dknbVmAqL.jpg,681045,depth,15.0 centimetre
https://m.media-amazon.com/images/I/619N9BRMHSL.jpg,681045,depth,15.0 centimetre
https://m.media-amazon.com/images/I/612BUk6I72L.jpg,681045,depth,15.0 centimetre
https://m.media-amazon.com/images/I/41ezQXEEOBL.jpg,681045,depth,11.7 inch
https://m.media-amazon.com/images/I/41gLY4B28YL.jpg,681045,depth,5.12 inch
https://m.media-amazon.com/images/I/51JhjzOIeLL.jpg,681045,depth,20.0 centimetre
https://m.media-amazon.com/images/I/41Pm5qNA6nL.jpg,681045,depth,30.0 centimetre
https://m.media-amazon.com/images/I/515rTiULY4L.jpg,681045,depth,15.8 inch
https://m.media-amazon.com/images/I/41hVyZ-PKzL.jpg,681045,depth,150.0 millimetre
https://m.media-amazon.com/images/I/512cG1CC+kL.jpg,681045,depth,18.0 centimetre
https://m.media-amazon.com/images/I/614hnM1YW+S.jpg,681045,depth,50.0 centimetre
https://m.media-amazon.com/images/I/41SVZUmdObL.jpg,681045,depth,15.0 centimetre
https://m.media-amazon.com/images/I/31k2z7BfbqL.jpg,681045,depth,20.0 centimetre
https://m.media-amazon.com/images/I/513Sg-bfydL.jpg,681045,depth,18.0 centimetre
https://m.media-amazon.com/images/I/51lA4moH8US.jpg,681045,depth,116.0 millimetre
https://m.media-amazon.com/images/I/51ilt-9KTmL.jpg,681045,depth,11.8 inch
https://m.media-amazon.com/images/I/51uZpKirPFL.jpg,681045,depth,43.0 centimetre
https://m.media-amazon.com/images/I/51gwqfnZ8zL.jpg,681045,depth,1.2 metre
https://m.media-amazon.com/images/I/41UkhhT2AqL.jpg,681045,depth,10.0 inch
https://m.media-amazon.com/images/I/51J6Mq8jxQL.jpg,681045,depth,19.5 centimetre
https://m.media-amazon.com/images/I/61CYkpBE-vL.jpg,681045,depth,14.0 inch
https://m.media-amazon.com/images/I/51bhi6OqXnL.jpg,681045,depth,28.5 centimetre
https://m.media-amazon.com/images/I/41HO4Ci3T-S.jpg,681045,depth,90.0 millimetre
https://m.media-amazon.com/images/I/41XnzA8+2JL.jpg,681045,depth,20.5 centimetre
https://m.media-amazon.com/images/I/613DJ4hsuIS.jpg,681045,depth,5.9 inch
https://m.media-amazon.com/images/I/61FS6DfQWWL.jpg,681045,depth,1.7 metre
https://m.media-amazon.com/images/I/61AV+jJQO-L.jpg,681045,depth,25.0 centimetre
https://m.media-amazon.com/images/I/51br01YoXLL.jpg,681045,depth,21.0 centimetre
