image_link,group_id,entity_name,entity_value
https://m.media-amazon.com/images/I/91t88+lMXlL.jpg,411423,item_weight,227.0 gram
https://m.media-amazon.com/images/I/71yjttWcfCL.jpg,411423,item_weight,525.0 gram
https://m.media-amazon.com/images/I/71RzdvhAmsL.jpg,411423,item_weight,525.0 gram
https://m.media-amazon.com/images/I/71S6zr9oqyL.jpg,411423,item_weight,525.0 gram
https://m.media-amazon.com/images/I/71mArCteD9L.jpg,411423,item_weight,400.0 gram
https://m.media-amazon.com/images/I/31qgso-5l6L.jpg,411423,item_weight,19.0 gram
https://m.media-amazon.com/images/I/41xgsCwVcvL.jpg,411423,item_weight,85.0 gram
https://m.media-amazon.com/images/I/91TLeA32hSL.jpg,411423,item_weight,220.0 gram
https://m.media-amazon.com/images/I/911-Iki53ML.jpg,411423,item_weight,220.0 gram
https://m.media-amazon.com/images/I/91hw7jVyOPL.jpg,411423,item_weight,220.0 gram
https://m.media-amazon.com/images/I/51nIun4BXSL.jpg,411423,item_weight,220.0 gram
https://m.media-amazon.com/images/I/61c0+eWaW0L.jpg,411423,item_weight,47.4 gram
https://m.media-amazon.com/images/I/71zQx0sCPVL.jpg,411423,item_weight,300.0 gram
https://m.media-amazon.com/images/I/71G-vi30ZES.jpg,411423,item_weight,275.0 gram
https://m.media-amazon.com/images/I/61OrOytg5JL.jpg,411423,item_weight,250.0 gram
https://m.media-amazon.com/images/I/71QdBz-MxvL.jpg,411423,item_weight,300.0 gram
https://m.media-amazon.com/images/I/61HxW7kl0dL.jpg,411423,item_weight,250.0 gram
https://m.media-amazon.com/images/I/71+ub8qlwsS.jpg,411423,item_weight,300.0 gram
https://m.media-amazon.com/images/I/51wHZc3g9yL.jpg,411423,item_weight,0.95 kilogram
https://m.media-amazon.com/images/I/51-25skj9SL.jpg,411423,item_weight,0.99 kilogram
https://m.media-amazon.com/images/I/61U2DzXteDL.jpg,411423,item_weight,0.99 kilogram
https://m.media-amazon.com/images/I/81WUn4S4-ZL.jpg,411423,item_weight,100.0 gram
https://m.media-amazon.com/images/I/51dZGgI1G-L.jpg,411423,item_weight,180.0 ounce
https://m.media-amazon.com/images/I/81ED+Jph9KL.jpg,411423,item_weight,184.0 gram
https://m.media-amazon.com/images/I/61TZ6ABywkL.jpg,411423,item_weight,184.0 gram
https://m.media-amazon.com/images/I/91WiGBYqtUL.jpg,411423,item_weight,14.0 gram
https://m.media-amazon.com/images/I/91Bn5gQRhuL.jpg,411423,item_weight,2.0 ounce
https://m.media-amazon.com/images/I/71HfIbs-svL.jpg,411423,item_weight,7.0 gram
https://m.media-amazon.com/images/I/61-yxU07yiL.jpg,411423,item_weight,15.0 gram
https://m.media-amazon.com/images/I/51uTHbl1QPL.jpg,411423,item_weight,220.0 gram
https://m.media-amazon.com/images/I/51qngYeNiBL.jpg,411423,item_weight,100.0 gram
https://m.media-amazon.com/images/I/41iYjZU-LOL.jpg,411423,item_weight,515.0 gram
https://m.media-amazon.com/images/I/61d5jOZiVdL.jpg,411423,item_weight,100.0 gram
https://m.media-amazon.com/images/I/71mydMPPmwL.jpg,411423,item_weight,15.0 gram
https://m.media-amazon.com/images/I/81X0uR-VATL.jpg,411423,item_weight,200.0 gram
https://m.media-amazon.com/images/I/91vrkfRobmL.jpg,411423,item_weight,9.0 kilogram
https://m.media-amazon.com/images/I/51G38RWjZJL.jpg,411423,item_weight,100.0 gram
https://m.media-amazon.com/images/I/61WHI133VfL.jpg,411423,item_weight,6.5 ounce
https://m.media-amazon.com/images/I/61+iOrt4SGL.jpg,411423,item_weight,5.3 ounce
https://m.media-amazon.com/images/I/812hPYHr+8L.jpg,411423,item_weight,500.0 gram
https://m.media-amazon.com/images/I/71jeoHv2oxL.jpg,411423,item_weight,500.0 gram
https://m.media-amazon.com/images/I/71iNg2MdVdL.jpg,411423,item_weight,500.0 gram
https://m.media-amazon.com/images/I/81FoYHT25XL.jpg,411423,item_weight,50.0 gram
https://m.media-amazon.com/images/I/51Bo99EEZaL.jpg,411423,item_weight,475.0 gram
https://m.media-amazon.com/images/I/81kDBR43HWL.jpg,411423,item_weight,20.0 gram
https://m.media-amazon.com/images/I/81Xu2kcuZ8L.jpg,411423,item_weight,475.0 gram
https://m.media-amazon.com/images/I/51AGjDLWKwL.jpg,411423,item_weight,28.0 gram
https://m.media-amazon.com/images/I/91P76t2-ifL.jpg,411423,item_weight,24.0 gram
https://m.media-amazon.com/images/I/91E+7dsY8tL.jpg,411423,item_weight,24.0 gram
https://m.media-amazon.com/images/I/91FPuJ3oxWL.jpg,411423,item_weight,500.0 gram
https://m.media-amazon.com/images/I/91N3aS4DTyL.jpg,411423,item_weight,18.0 ounce
https://m.media-amazon.com/images/I/51rIQQjjFgL.jpg,411423,item_weight,500.0 gram
https://m.media-amazon.com/images/I/71lYvY9aE3L.jpg,411423,item_weight,500.0 gram
https://m.media-amazon.com/images/I/51a6cO2-TNL.jpg,411423,item_weight,500.0 gram
https://m.media-amazon.com/images/I/51lTM1yZCyL.jpg,411423,item_weight,6.0 ounce
https://m.media-amazon.com/images/I/718lfIKEDgL.jpg,411423,item_weight,500.0 gram
https://m.media-amazon.com/images/I/816PEWkby7L.jpg,411423,item_weight,200.0 gram
https://m.media-amazon.com/images/I/91HLnmY4hfL.jpg,411423,item_weight,200.0 gram
https://m.media-amazon.com/images/I/51kxrcsovZL.jpg,411423,item_weight,200.0 gram
https://m.media-amazon.com/images/I/71NJj7Y-eFL.jpg,411423,item_weight,200.0 gram
https://m.media-amazon.com/images/I/51TMfqp4EuL.jpg,411423,item_weight,200.0 gram
https://m.media-amazon.com/images/I/61aWPFY13NL.jpg,411423,item_weight,200.0 gram
https://m.media-amazon.com/images/I/A1bICi1dy-L.jpg,411423,item_weight,200.0 gram
https://m.media-amazon.com/images/I/71C7ztUbzaL.jpg,411423,item_weight,200.0 gram
https://m.media-amazon.com/images/I/61V-EYMf9VL.jpg,411423,item_weight,200.0 gram
https://m.media-amazon.com/images/I/81b0BmsIPPL.jpg,411423,item_weight,250.0 gram
https://m.media-amazon.com/images/I/51G-4Nnx-EL.jpg,411423,item_weight,300.0 gram
https://m.media-amazon.com/images/I/61CzqFfa7FL.jpg,411423,item_weight,300.0 gram
https://m.media-amazon.com/images/I/61OWt+B8g3L.jpg,411423,item_weight,300.0 gram
https://m.media-amazon.com/images/I/81B+FlSsz4L.jpg,411423,item_weight,20.0 gram
https://m.media-amazon.com/images/I/81qEiSCucZL.jpg,411423,item_weight,25.0 gram
https://m.media-amazon.com/images/I/91GZJw9BlfL.jpg,411423,item_weight,25.0 gram
https://m.media-amazon.com/images/I/71XGhE9ZNoL.jpg,411423,item_weight,680.0 gram
https://m.media-amazon.com/images/I/81SbtbeFl-L.jpg,411423,item_weight,680.0 gram
https://m.media-amazon.com/images/I/81ZPYXJvycL.jpg,411423,item_weight,680.0 gram
https://m.media-amazon.com/images/I/91w99k+0k5L.jpg,411423,item_weight,1.0 pound
https://m.media-amazon.com/images/I/41z0dgJhsiL.jpg,411423,item_weight,2.0 pound
https://m.media-amazon.com/images/I/81BDPf4fpbL.jpg,411423,item_weight,180.0 gram
https://m.media-amazon.com/images/I/81WtEREHDyL.jpg,411423,item_weight,180.0 gram
https://m.media-amazon.com/images/I/916lYWLdbYL.jpg,411423,item_weight,370.0 gram
https://m.media-amazon.com/images/I/91UZTvmlpOL.jpg,411423,item_weight,370.0 gram
https://m.media-amazon.com/images/I/41yOEJHlL6L.jpg,411423,item_weight,100.0 gram
https://m.media-amazon.com/images/I/71+V0hAwJsL.jpg,411423,item_weight,420.0 gram
https://m.media-amazon.com/images/I/71-BUWXuUSL.jpg,411423,item_weight,420.0 gram
https://m.media-amazon.com/images/I/51p6oKyHOjL.jpg,411423,item_weight,215.0 gram
https://m.media-amazon.com/images/I/81wqGDjKE8L.jpg,411423,item_weight,25.0 gram
https://m.media-amazon.com/images/I/91-CwCupnRL.jpg,411423,item_weight,25.0 gram
https://m.media-amazon.com/images/I/81DuLhK2R4S.jpg,411423,item_weight,2115.0 gram
https://m.media-amazon.com/images/I/51jRGaEDuNL.jpg,411423,item_weight,100.0 gram
https://m.media-amazon.com/images/I/61jAQhXPcyL.jpg,411423,item_weight,750.0 gram
https://m.media-amazon.com/images/I/51GNpl61AyL.jpg,411423,item_weight,545.0 gram
https://m.media-amazon.com/images/I/71Q3ODt78KL.jpg,411423,item_weight,100.0 gram
https://m.media-amazon.com/images/I/71DKaGYp2YL.jpg,411423,item_weight,0.5 kilogram
https://m.media-amazon.com/images/I/81pEL1cbeXL.jpg,411423,item_weight,195.0 gram
https://m.media-amazon.com/images/I/71Q6cpJO2-L.jpg,411423,item_weight,195.0 gram
https://m.media-amazon.com/images/I/31Nwh7mnkML.jpg,411423,item_weight,100.0 gram
https://m.media-amazon.com/images/I/51PdeRVLIZL.jpg,411423,item_weight,200.0 gram
https://m.media-amazon.com/images/I/51IfvgWLvJL.jpg,411423,item_weight,200.0 gram
https://m.media-amazon.com/images/I/91LeWry2F8L.jpg,411423,item_weight,21.0 gram
https://m.media-amazon.com/images/I/91T6h3Ni2BL.jpg,411423,item_weight,21.0 gram
https://m.media-amazon.com/images/I/51FZBhjsvEL.jpg,411423,item_weight,482.0 gram
https://m.media-amazon.com/images/I/71H6qZlpuYL.jpg,411423,item_weight,17.0 ounce
https://m.media-amazon.com/images/I/8103CDVqqKL.jpg,411423,item_weight,2.8 kilogram
https://m.media-amazon.com/images/I/91U7sEdMVjL.jpg,411423,item_weight,220.0 gram
https://m.media-amazon.com/images/I/71CeF9UFIgL.jpg,411423,item_weight,220.0 gram
https://m.media-amazon.com/images/I/61wrmheXp5L.jpg,411423,item_weight,510.0 gram
https://m.media-amazon.com/images/I/81nyPXpWtUL.jpg,411423,item_weight,18.0 ounce
https://m.media-amazon.com/images/I/71y+0hBmI1L.jpg,411423,item_weight,215.0 gram
https://m.media-amazon.com/images/I/61KGKpufgiL.jpg,411423,item_weight,400.0 gram
https://m.media-amazon.com/images/I/71nIGmC+l7L.jpg,411423,item_weight,400.0 gram
https://m.media-amazon.com/images/I/71gxZ0PU1pL.jpg,411423,item_weight,400.0 gram
https://m.media-amazon.com/images/I/71tox5RHb0L.jpg,411423,item_weight,450.0 gram
https://m.media-amazon.com/images/I/51cVaDvE2CL.jpg,411423,item_weight,16.0 ounce
https://m.media-amazon.com/images/I/81YTbsltRJL.jpg,411423,item_weight,235.0 gram
https://m.media-amazon.com/images/I/913zzzRStnL.jpg,411423,item_weight,100.0 gram
https://m.media-amazon.com/images/I/91XHOJx8-4S.jpg,411423,item_weight,100.0 gram
https://m.media-amazon.com/images/I/613JrNsyFvL.jpg,411423,item_weight,500.0 gram
https://m.media-amazon.com/images/I/710g+KXy9VL.jpg,411423,item_weight,100.0 gram
https://m.media-amazon.com/images/I/51GS1phioUL.jpg,411423,item_weight,220.0 gram
https://m.media-amazon.com/images/I/61nqclL2nCL.jpg,411423,item_weight,0.1 gram
https://m.media-amazon.com/images/I/914dg5ztAvL.jpg,411423,item_weight,397.0 gram
https://m.media-amazon.com/images/I/711nvEm8CvL.jpg,411423,item_weight,397.0 gram
https://m.media-amazon.com/images/I/41xYGJVhS6L.jpg,411423,item_weight,500.0 gram
https://m.media-amazon.com/images/I/91YDk7IcXgL.jpg,411423,item_weight,500.0 gram
https://m.media-amazon.com/images/I/61p8xj-8cQL.jpg,411423,item_weight,100.0 gram
https://m.media-amazon.com/images/I/81U0KIbvZ4L.jpg,411423,item_weight,370.0 gram
https://m.media-amazon.com/images/I/910qxuqMs1L.jpg,411423,item_weight,370.0 gram
https://m.media-amazon.com/images/I/91WX67NeBRL.jpg,411423,item_weight,370.0 gram
https://m.media-amazon.com/images/I/91tw3-2QeLL.jpg,411423,item_weight,370.0 gram
https://m.media-amazon.com/images/I/51lFJWg7rBL.jpg,411423,item_weight,225.0 gram
https://m.media-amazon.com/images/I/41IgjsbY6SL.jpg,411423,item_weight,225.0 gram
https://m.media-amazon.com/images/I/51RoYNY2ETL.jpg,411423,item_weight,300.0 gram
https://m.media-amazon.com/images/I/617HxwaqiKL.jpg,411423,item_weight,300.0 gram
https://m.media-amazon.com/images/I/61UlRLDY5ML.jpg,411423,item_weight,908.0 gram
https://m.media-amazon.com/images/I/61oEYsxJGfL.jpg,411423,item_weight,908.0 gram
https://m.media-amazon.com/images/I/61UPL87ceyL.jpg,411423,item_weight,880.0 gram
https://m.media-amazon.com/images/I/61Ei27YLjKL.jpg,411423,item_weight,680.0 gram
https://m.media-amazon.com/images/I/81N9jXGs3nL.jpg,411423,item_weight,360.0 gram
https://m.media-amazon.com/images/I/61IeVslYoyL.jpg,411423,item_weight,0.4 gram
https://m.media-amazon.com/images/I/91-Y0AVvNlL.jpg,411423,item_weight,80.0 gram
https://m.media-amazon.com/images/I/71ZPe31fZrL.jpg,411423,item_weight,110.0 gram
https://m.media-amazon.com/images/I/81P2mr0-RCL.jpg,411423,item_weight,110.0 gram
https://m.media-amazon.com/images/I/91cLZw4M-ZL.jpg,411423,item_weight,350.0 gram
https://m.media-amazon.com/images/I/61Ja3cALl7L.jpg,411423,item_weight,130.0 gram
https://m.media-amazon.com/images/I/61aaO0z5guL.jpg,411423,item_weight,130.0 gram
https://m.media-amazon.com/images/I/61q7c7kuvJL.jpg,411423,item_weight,130.0 gram
https://m.media-amazon.com/images/I/61fi5x+YSfL.jpg,411423,item_weight,130.0 gram
https://m.media-amazon.com/images/I/71LYnkgvMWL.jpg,411423,item_weight,100.0 ounce
https://m.media-amazon.com/images/I/61NI5HsQAAL.jpg,411423,item_weight,500.0 gram
https://m.media-amazon.com/images/I/41VxqFg9+WL.jpg,411423,item_weight,36.0 gram
https://m.media-amazon.com/images/I/71Ir8qiaGmL.jpg,411423,item_weight,510.0 gram
https://m.media-amazon.com/images/I/71NCyag1H9L.jpg,411423,item_weight,340.0 gram
https://m.media-amazon.com/images/I/811uA7XITVL.jpg,411423,item_weight,340.0 gram
https://m.media-amazon.com/images/I/81U+RL-UC9L.jpg,411423,item_weight,12.0 ounce
https://m.media-amazon.com/images/I/81maJshdycL.jpg,411423,item_weight,340.0 gram
https://m.media-amazon.com/images/I/61ui0W0KXXL.jpg,411423,item_weight,14.0 ounce
https://m.media-amazon.com/images/I/71mdvKp+cIL.jpg,411423,item_weight,400.0 gram
https://m.media-amazon.com/images/I/81KQ3GsNbnL.jpg,411423,item_weight,400.0 gram
https://m.media-amazon.com/images/I/51GMzOCGRvL.jpg,411423,item_weight,400.0 gram
https://m.media-amazon.com/images/I/61U92w1vLKL.jpg,411423,item_weight,240.0 gram
https://m.media-amazon.com/images/I/71y67ReNVmL.jpg,411423,item_weight,20.0 pound
https://m.media-amazon.com/images/I/51k4o59kq4L.jpg,411423,item_weight,20.0 pound
https://m.media-amazon.com/images/I/61fV3FsCSgL.jpg,411423,item_weight,20.0 pound
https://m.media-amazon.com/images/I/71iBq3WCf2L.jpg,411423,item_weight,19.0 gram
https://m.media-amazon.com/images/I/616xPeWzTML.jpg,411423,item_weight,16.0 ounce
https://m.media-amazon.com/images/I/618yvuULS8L.jpg,411423,item_weight,175.0 gram
https://m.media-amazon.com/images/I/51Plk80vENL.jpg,411423,item_weight,0.98 gram
https://m.media-amazon.com/images/I/519JZh+biQL.jpg,411423,item_weight,200.0 gram
https://m.media-amazon.com/images/I/71JiSH6UvEL.jpg,411423,item_weight,185.0 gram
https://m.media-amazon.com/images/I/51q+jVXRALL.jpg,411423,item_weight,448.0 gram
https://m.media-amazon.com/images/I/8160BL5KvuL.jpg,411423,item_weight,38.0 gram
https://m.media-amazon.com/images/I/61rYEvK--aL.jpg,411423,item_weight,215.0 gram
https://m.media-amazon.com/images/I/716B6PlYipL.jpg,411423,item_weight,12.34 ounce
https://m.media-amazon.com/images/I/61I4sNdh6ML.jpg,411423,item_weight,312.0 gram
https://m.media-amazon.com/images/I/71Njiyr+phL.jpg,411423,item_weight,312.0 gram
https://m.media-amazon.com/images/I/91O+59MxR8L.jpg,411423,item_weight,312.0 gram
https://m.media-amazon.com/images/I/61k3X+r5uiL.jpg,411423,item_weight,120.0 gram
https://m.media-amazon.com/images/I/41dbrEjGDhL.jpg,411423,item_weight,100.0 gram
https://m.media-amazon.com/images/I/81IAHSayhrL.jpg,411423,item_weight,24.0 gram
https://m.media-amazon.com/images/I/51tkWdilQ5L.jpg,411423,item_weight,255.0 gram
https://m.media-amazon.com/images/I/81zARDSfG-L.jpg,411423,item_weight,5.0 ounce
https://m.media-amazon.com/images/I/81Wmg1QWNHL.jpg,411423,item_weight,5.0 ounce
https://m.media-amazon.com/images/I/41emme-8HxS.jpg,411423,item_weight,190.0 gram
https://m.media-amazon.com/images/I/51UNzsoZRkL.jpg,411423,item_weight,190.0 gram
https://m.media-amazon.com/images/I/61834of8mML.jpg,411423,item_weight,180.0 gram
https://m.media-amazon.com/images/I/61Nf3d0fsTL.jpg,411423,item_weight,405.0 gram
https://m.media-amazon.com/images/I/61LLA60jUtL.jpg,411423,item_weight,405.0 gram
https://m.media-amazon.com/images/I/61iBbHGNe8L.jpg,411423,item_weight,405.0 gram
https://m.media-amazon.com/images/I/61bELxc2LlL.jpg,411423,item_weight,405.0 gram
https://m.media-amazon.com/images/I/518pSX8EH8L.jpg,411423,item_weight,220.0 gram
https://m.media-amazon.com/images/I/711Bsp6sqrL.jpg,411423,item_weight,160.0 gram
https://m.media-amazon.com/images/I/81Qx+XytoHL.jpg,411423,item_weight,510.0 gram
https://m.media-amazon.com/images/I/61nHILX0P4L.jpg,411423,item_weight,5.0 gram
https://m.media-amazon.com/images/I/61rbAHuPXlL.jpg,411423,item_weight,5.0 ounce
https://m.media-amazon.com/images/I/61RvEg0+dYL.jpg,411423,item_weight,5.0 ounce
https://m.media-amazon.com/images/I/51+Tq1CWdrL.jpg,411423,item_weight,5.0 ounce
https://m.media-amazon.com/images/I/612Vz2Q9cTL.jpg,411423,item_weight,5.0 ounce
https://m.media-amazon.com/images/I/710AYtJs75L.jpg,411423,item_weight,0.5 kilogram
https://m.media-amazon.com/images/I/81ZCj0jJPXL.jpg,411423,item_weight,40.0 gram
https://m.media-amazon.com/images/I/61pKlUKt+eL.jpg,411423,item_weight,520.0 gram
https://m.media-amazon.com/images/I/71pF8jiSyhL.jpg,411423,item_weight,210.0 gram
https://m.media-amazon.com/images/I/81plHNTT59L.jpg,411423,item_weight,210.0 gram
https://m.media-amazon.com/images/I/81NI3+Cki7L.jpg,411423,item_weight,210.0 gram
https://m.media-amazon.com/images/I/71DDiKz5D-L.jpg,411423,item_weight,210.0 gram
https://m.media-amazon.com/images/I/71AtjEtFUIL.jpg,411423,item_weight,250.0 gram
https://m.media-amazon.com/images/I/81nylwrqgxL.jpg,411423,item_weight,210.0 gram
https://m.media-amazon.com/images/I/81HOSHN0dSL.jpg,411423,item_weight,210.0 gram
https://m.media-amazon.com/images/I/814jk4VQSlL.jpg,411423,item_weight,4.12 kilogram
https://m.media-amazon.com/images/I/61QOqd75-fL.jpg,411423,item_weight,255.0 gram
https://m.media-amazon.com/images/I/51zvtIHjo4L.jpg,411423,item_weight,544.83 gram
https://m.media-amazon.com/images/I/81zvaznG+OL.jpg,411423,item_weight,544.83 gram
https://m.media-amazon.com/images/I/81Rh62Z4ZfL.jpg,411423,item_weight,533.43 gram
https://m.media-amazon.com/images/I/71VNwfr-B8L.jpg,411423,item_weight,255.0 gram
https://m.media-amazon.com/images/I/81mWDIxxInS.jpg,411423,item_weight,255.0 gram
https://m.media-amazon.com/images/I/61gNroEOwRL.jpg,411423,item_weight,720.0 gram
https://m.media-amazon.com/images/I/71byysORVAL.jpg,411423,item_weight,552.0 gram
https://m.media-amazon.com/images/I/81sPbaDrRUL.jpg,411423,item_weight,552.0 gram
https://m.media-amazon.com/images/I/71w+mwXwsUL.jpg,411423,item_weight,564.0 gram
https://m.media-amazon.com/images/I/81XOdTnk-8L.jpg,411423,item_weight,19.9 ounce
https://m.media-amazon.com/images/I/91U0sev7GQL.jpg,411423,item_weight,708.0 gram
https://m.media-amazon.com/images/I/81Knf9-kYpL.jpg,411423,item_weight,708.0 gram
https://m.media-amazon.com/images/I/81CDc1NINbL.jpg,411423,item_weight,25.0 ounce
https://m.media-amazon.com/images/I/51efueAXVtL.jpg,411423,item_weight,500.0 gram
https://m.media-amazon.com/images/I/61tJhM78F-L.jpg,411423,item_weight,400.0 gram
https://m.media-amazon.com/images/I/81T8SOxUz1L.jpg,411423,item_weight,250.0 gram
https://m.media-amazon.com/images/I/61avRzrCinL.jpg,411423,item_weight,8.0 gram
https://m.media-amazon.com/images/I/619zh4rqKJL.jpg,411423,item_weight,21.0 ounce
https://m.media-amazon.com/images/I/71SNq94uBiL.jpg,411423,item_weight,567.0 gram
https://m.media-amazon.com/images/I/61OXC0cZxlL.jpg,411423,item_weight,36.0 gram
https://m.media-amazon.com/images/I/81W9HXuUjoL.jpg,411423,item_weight,295.0 gram
https://m.media-amazon.com/images/I/81D-i--0XKL.jpg,411423,item_weight,10.5 ounce
https://m.media-amazon.com/images/I/91RI3T74p0L.jpg,411423,item_weight,10.5 ounce
https://m.media-amazon.com/images/I/61JDdzM7b0L.jpg,411423,item_weight,130.0 gram
https://m.media-amazon.com/images/I/610KZB79s-L.jpg,411423,item_weight,130.0 gram
https://m.media-amazon.com/images/I/71SFOwm12ZL.jpg,411423,item_weight,130.0 gram
https://m.media-amazon.com/images/I/71uCx-DrBQL.jpg,411423,item_weight,130.0 gram
https://m.media-amazon.com/images/I/71cdfxZ+PsL.jpg,411423,item_weight,130.0 gram
https://m.media-amazon.com/images/I/81dD6YGxspL.jpg,411423,item_weight,1650.0 gram
https://m.media-amazon.com/images/I/61tQ3UzcgjL.jpg,411423,item_weight,70.0 gram
https://m.media-amazon.com/images/I/71Q+8EltcvL.jpg,411423,item_weight,50.0 gram
https://m.media-amazon.com/images/I/513LJ7EFPsL.jpg,411423,item_weight,850.0 gram
https://m.media-amazon.com/images/I/91v4Q6N+t2L.jpg,411423,item_weight,35.0 gram
https://m.media-amazon.com/images/I/51tns2LNzEL.jpg,411423,item_weight,120.0 gram
https://m.media-amazon.com/images/I/41aOMWZNLUL.jpg,411423,item_weight,100.0 gram
https://m.media-amazon.com/images/I/61NDwu24C0L.jpg,411423,item_weight,100.0 gram
https://m.media-amazon.com/images/I/81NvJLneolL.jpg,411423,item_weight,2.9 gram
https://m.media-amazon.com/images/I/81alOwhXF4L.jpg,411423,item_weight,200.0 gram
https://m.media-amazon.com/images/I/81e3oOOn5dS.jpg,411423,item_weight,200.0 gram
https://m.media-amazon.com/images/I/71eMCbWLM8S.jpg,411423,item_weight,30.0 gram
https://m.media-amazon.com/images/I/81EM97QZArL.jpg,411423,item_weight,250.0 gram
https://m.media-amazon.com/images/I/811o3xpDoYL.jpg,411423,item_weight,250.0 gram
https://m.media-amazon.com/images/I/81lTRphgrmL.jpg,411423,item_weight,250.0 gram
https://m.media-amazon.com/images/I/71lBDkHa1lL.jpg,411423,item_weight,350.0 gram
https://m.media-amazon.com/images/I/71VZr8pIT8L.jpg,411423,item_weight,200.0 gram
https://m.media-amazon.com/images/I/71Oetj3tUCL.jpg,411423,item_weight,1.0 pound
https://m.media-amazon.com/images/I/81+OA+DMEZL.jpg,411423,item_weight,340.0 gram
https://m.media-amazon.com/images/I/71a84DKTbrL.jpg,411423,item_weight,65.0 gram
https://m.media-amazon.com/images/I/71xUX1PglxL.jpg,411423,item_weight,450.0 gram
https://m.media-amazon.com/images/I/81T5Cw+2iOL.jpg,411423,item_weight,84.0 gram
https://m.media-amazon.com/images/I/61yHFWtAiYL.jpg,411423,item_weight,290.0 gram
https://m.media-amazon.com/images/I/51L-wVg7fGL.jpg,411423,item_weight,0.99 kilogram
https://m.media-amazon.com/images/I/51Z6Lom24mL.jpg,411423,item_weight,0.99 kilogram
https://m.media-amazon.com/images/I/610kMDusPPL.jpg,411423,item_weight,0.99 kilogram
https://m.media-amazon.com/images/I/81W8UyoUjyL.jpg,411423,item_weight,100.0 gram
https://m.media-amazon.com/images/I/51qCYR6qUfL.jpg,411423,item_weight,860.0 gram
https://m.media-amazon.com/images/I/61MpFmOcu6L.jpg,411423,item_weight,669.6 gram
https://m.media-amazon.com/images/I/613slZXqfyL.jpg,411423,item_weight,100.0 gram
https://m.media-amazon.com/images/I/61RzPfXppVL.jpg,411423,item_weight,3.0 gram
https://m.media-amazon.com/images/I/61qhYy6D1wL.jpg,411423,item_weight,5.0 gram
https://m.media-amazon.com/images/I/51wDotrzQIL.jpg,411423,item_weight,9.0 gram
https://m.media-amazon.com/images/I/61MBptTu7pL.jpg,411423,item_weight,3.0 gram
https://m.media-amazon.com/images/I/611mgctVrpL.jpg,411423,item_weight,14.2 gram
https://m.media-amazon.com/images/I/81eJsYWnhtL.jpg,411423,item_weight,370.0 gram
https://m.media-amazon.com/images/I/91W2Nq11XpL.jpg,411423,item_weight,370.0 gram
https://m.media-amazon.com/images/I/91NFUeQHTLL.jpg,411423,item_weight,370.0 gram
https://m.media-amazon.com/images/I/91Ip1amL50L.jpg,411423,item_weight,370.0 gram
https://m.media-amazon.com/images/I/91-ZT4oq1wL.jpg,411423,item_weight,24.0 gram
https://m.media-amazon.com/images/I/71E7WZG5aaL.jpg,411423,item_weight,227.0 gram
https://m.media-amazon.com/images/I/91rVOu4OAWL.jpg,411423,item_weight,227.0 gram
https://m.media-amazon.com/images/I/61NqyoEWe8L.jpg,411423,item_weight,100.0 gram
https://m.media-amazon.com/images/I/81D32Q4MYPL.jpg,411423,item_weight,220.0 gram
https://m.media-amazon.com/images/I/71NmhBXng1L.jpg,411423,item_weight,220.0 gram
https://m.media-amazon.com/images/I/81+Dm5FsUoL.jpg,411423,item_weight,220.0 gram
https://m.media-amazon.com/images/I/71JtULYMZHL.jpg,411423,item_weight,300.0 gram
https://m.media-amazon.com/images/I/71FMkjocmzL.jpg,411423,item_weight,60.0 gram
https://m.media-amazon.com/images/I/81tQFK1V1vL.jpg,411423,item_weight,300.0 gram
https://m.media-amazon.com/images/I/81CN7yboO9L.jpg,411423,item_weight,300.0 gram
https://m.media-amazon.com/images/I/71z-kJWOhvL.jpg,411423,item_weight,300.0 gram
https://m.media-amazon.com/images/I/61GG0cq1gML.jpg,411423,item_weight,20.0 gram
https://m.media-amazon.com/images/I/81bYWZOcYfL.jpg,411423,item_weight,500.0 gram
https://m.media-amazon.com/images/I/51upcIvVqnL.jpg,411423,item_weight,360.0 gram
https://m.media-amazon.com/images/I/41WcZUUCRkL.jpg,411423,item_weight,360.0 gram
https://m.media-amazon.com/images/I/61rfinJrsQL.jpg,411423,item_weight,360.0 gram
https://m.media-amazon.com/images/I/61BvDz8s2zL.jpg,411423,item_weight,360.0 gram
https://m.media-amazon.com/images/I/61qiY13b7hL.jpg,411423,item_weight,90.0 gram
https://m.media-amazon.com/images/I/51ZsF6B9URL.jpg,411423,item_weight,90.0 gram
https://m.media-amazon.com/images/I/71LfhxGWyzL.jpg,411423,item_weight,90.0 gram
https://m.media-amazon.com/images/I/61x7usn2gCL.jpg,411423,item_weight,100.0 gram
https://m.media-amazon.com/images/I/71avLAAgNRL.jpg,411423,item_weight,310.0 gram
https://m.media-amazon.com/images/I/61sBtQnbqOL.jpg,411423,item_weight,482.0 gram
https://m.media-amazon.com/images/I/61WC++4VpDL.jpg,411423,item_weight,17.0 ounce
https://m.media-amazon.com/images/I/61s1j3bOGkL.jpg,411423,item_weight,150.0 gram
https://m.media-amazon.com/images/I/81hFpUyE-TL.jpg,411423,item_weight,5.0 ounce
https://m.media-amazon.com/images/I/81rdQTj7NqL.jpg,411423,item_weight,5.0 ounce
https://m.media-amazon.com/images/I/814DzoBJ9yL.jpg,411423,item_weight,5.0 ounce
https://m.media-amazon.com/images/I/8163BPll6uL.jpg,411423,item_weight,5.0 ounce
https://m.media-amazon.com/images/I/81G3RI5kV6L.jpg,411423,item_weight,5.0 ounce
https://m.media-amazon.com/images/I/71jyIP-iuML.jpg,411423,item_weight,500.0 gram
https://m.media-amazon.com/images/I/81kPlcBdDyL.jpg,411423,item_weight,8.6 ounce
https://m.media-amazon.com/images/I/61M4fFD8llL.jpg,411423,item_weight,1400.0 gram
https://m.media-amazon.com/images/I/61bDnu-tdUL.jpg,411423,item_weight,12.0 ounce
https://m.media-amazon.com/images/I/41felJozd5L.jpg,411423,item_weight,10.0 milligram
https://m.media-amazon.com/images/I/71QQU6-AnZL.jpg,411423,item_weight,100.0 gram
https://m.media-amazon.com/images/I/81c21jpARiL.jpg,411423,item_weight,93.0 gram
https://m.media-amazon.com/images/I/81FO2CgpbNL.jpg,411423,item_weight,9.0 ounce
https://m.media-amazon.com/images/I/91PMWxilLTL.jpg,411423,item_weight,210.0 gram
https://m.media-amazon.com/images/I/61ZRjG14iEL.jpg,411423,item_weight,500.0 gram
https://m.media-amazon.com/images/I/81rveDbxz3L.jpg,411423,item_weight,20.0 gram
https://m.media-amazon.com/images/I/61AtGV92D4L.jpg,411423,item_weight,7.0 gram
https://m.media-amazon.com/images/I/81dKHAIK1rL.jpg,411423,item_weight,68.0 gram
https://m.media-amazon.com/images/I/71dhXOp7GqL.jpg,411423,item_weight,20.0 gram
https://m.media-amazon.com/images/I/619M5QiZenS.jpg,411423,item_weight,90.0 gram
https://m.media-amazon.com/images/I/71FeS5w2MML.jpg,411423,item_weight,390.0 gram
https://m.media-amazon.com/images/I/41BegrbSmfL.jpg,411423,item_weight,4.0 gram
https://m.media-amazon.com/images/I/91vcFCFoPNL.jpg,411423,item_weight,250.0 gram
https://m.media-amazon.com/images/I/61PCuq5kHRL.jpg,411423,item_weight,280.0 gram
https://m.media-amazon.com/images/I/718N1hgN5jL.jpg,411423,item_weight,280.0 gram
https://m.media-amazon.com/images/I/718kqUZ-PkL.jpg,411423,item_weight,280.0 gram
https://m.media-amazon.com/images/I/51FuR7gs3qL.jpg,411423,item_weight,340.0 gram
https://m.media-amazon.com/images/I/61AwWLP6MwL.jpg,411423,item_weight,230.0 gram
https://m.media-amazon.com/images/I/61STYy0cQEL.jpg,411423,item_weight,230.0 gram
https://m.media-amazon.com/images/I/71TK8ySszQL.jpg,411423,item_weight,400.0 gram
https://m.media-amazon.com/images/I/81LfEjELscL.jpg,411423,item_weight,200.0 gram
https://m.media-amazon.com/images/I/710eqDNVvNL.jpg,411423,item_weight,35.0 gram
https://m.media-amazon.com/images/I/81VsMgSqM2L.jpg,411423,item_weight,2.0 pound
https://m.media-amazon.com/images/I/71eh-VNfpEL.jpg,411423,item_weight,1.25 ounce
https://m.media-amazon.com/images/I/61Qt918YYGL.jpg,411423,item_weight,320.0 gram
https://m.media-amazon.com/images/I/511ODygxH+L.jpg,411423,item_weight,320.0 gram
https://m.media-amazon.com/images/I/51-F6aqua7L.jpg,411423,item_weight,320.0 gram
https://m.media-amazon.com/images/I/918rkOfzwzL.jpg,411423,item_weight,364.0 gram
https://m.media-amazon.com/images/I/51Ednd6eVGL.jpg,411423,item_weight,275.0 gram
https://m.media-amazon.com/images/I/71r1Ev-TKbL.jpg,411423,item_weight,4.0 gram
https://m.media-amazon.com/images/I/61+H5Iam57L.jpg,411423,item_weight,70.0 gram
https://m.media-amazon.com/images/I/71amjtFZZoL.jpg,411423,item_weight,70.0 gram
https://m.media-amazon.com/images/I/61Iq05zaflL.jpg,411423,item_weight,70.0 gram
https://m.media-amazon.com/images/I/5157+RPf9FL.jpg,411423,item_weight,1.94 kilogram
https://m.media-amazon.com/images/I/61ONAhGLDQL.jpg,411423,item_weight,70.0 gram
https://m.media-amazon.com/images/I/61q+EbATA8S.jpg,411423,item_weight,720.0 gram
https://m.media-amazon.com/images/I/91uuVENzvQL.jpg,411423,item_weight,460.0 gram
https://m.media-amazon.com/images/I/2198J3HD3AL.jpg,411423,item_weight,1954.0 gram
https://m.media-amazon.com/images/I/510qW9RjXAL.jpg,411423,item_weight,1888.0 gram
https://m.media-amazon.com/images/I/41HKBZ63+UL.jpg,411423,item_weight,360.0 gram
https://m.media-amazon.com/images/I/81UXfcvodQL.jpg,411423,item_weight,160.0 gram
https://m.media-amazon.com/images/I/61LomEO1CTL.jpg,411423,item_weight,15.0 gram
https://m.media-amazon.com/images/I/71gbzlv+FHL.jpg,411423,item_weight,24.0 gram
https://m.media-amazon.com/images/I/814H+pX2EjL.jpg,411423,item_weight,24.0 gram
https://m.media-amazon.com/images/I/71DxOODiKMS.jpg,411423,item_weight,265.0 gram
https://m.media-amazon.com/images/I/815rv1H0hIL.jpg,411423,item_weight,39.0 gram
https://m.media-amazon.com/images/I/61KhzDvnsWL.jpg,411423,item_weight,1.07 gram
https://m.media-amazon.com/images/I/71gHCtYdsUL.jpg,411423,item_weight,9.2 ounce
https://m.media-amazon.com/images/I/71nNgKS-UNS.jpg,411423,item_weight,9.2 ounce
https://m.media-amazon.com/images/I/9124AJhGEtL.jpg,411423,item_weight,400.0 gram
https://m.media-amazon.com/images/I/614-lrGQd+L.jpg,411423,item_weight,2.0 kilogram
https://m.media-amazon.com/images/I/513NycSqePL.jpg,411423,item_weight,5.5 gram
https://m.media-amazon.com/images/I/51uOlZuZ4HL.jpg,411423,item_weight,370.0 gram
https://m.media-amazon.com/images/I/81PI3LtHl9L.jpg,411423,item_weight,400.0 gram
https://m.media-amazon.com/images/I/81vnY3QgEaL.jpg,411423,item_weight,180.0 gram
https://m.media-amazon.com/images/I/81G5X4rzGlL.jpg,411423,item_weight,220.0 gram
https://m.media-amazon.com/images/I/91zNcASi4QL.jpg,411423,item_weight,250.0 gram
https://m.media-amazon.com/images/I/81fD2rlatwL.jpg,411423,item_weight,100.0 gram
https://m.media-amazon.com/images/I/91S7S0UZM1L.jpg,411423,item_weight,50.0 gram
https://m.media-amazon.com/images/I/91lB+-9TaoL.jpg,411423,item_weight,50.0 gram
https://m.media-amazon.com/images/I/41cb7eJ-ESL.jpg,411423,item_weight,495.0 gram
https://m.media-amazon.com/images/I/91ICyvvRynL.jpg,411423,item_weight,25.0 gram
https://m.media-amazon.com/images/I/71qYRpDLsyL.jpg,411423,item_weight,25.0 gram
https://m.media-amazon.com/images/I/61znvTlPMfL.jpg,411423,item_weight,21.0 gram
https://m.media-amazon.com/images/I/71mr6QkV1qL.jpg,411423,item_weight,5.3 gram
https://m.media-amazon.com/images/I/6190u5O0-OL.jpg,411423,item_weight,25.0 gram
https://m.media-amazon.com/images/I/61TSA3S2GmL.jpg,411423,item_weight,31.0 gram
https://m.media-amazon.com/images/I/61q-M790R3L.jpg,411423,item_weight,35.0 gram
https://m.media-amazon.com/images/I/71Sxw2T1dWL.jpg,411423,item_weight,6.3 gram
https://m.media-amazon.com/images/I/817VbGo5Y0L.jpg,411423,item_weight,200.0 gram
https://m.media-amazon.com/images/I/71C3EX5-diS.jpg,411423,item_weight,529.0 ounce
https://m.media-amazon.com/images/I/61QislFuplL.jpg,411423,item_weight,200.0 gram
https://m.media-amazon.com/images/I/61t8k8s9kEL.jpg,411423,item_weight,1.0 kilogram
https://m.media-amazon.com/images/I/71UhFjYp2hL.jpg,411423,item_weight,9.0 pound
https://m.media-amazon.com/images/I/71DBYYpmeOL.jpg,411423,item_weight,50.0 gram
https://m.media-amazon.com/images/I/91cdz3YTbFL.jpg,411423,item_weight,100.0 gram
https://m.media-amazon.com/images/I/51MZ-jxeavL.jpg,411423,item_weight,100.0 gram
https://m.media-amazon.com/images/I/614vkD-tnyL.jpg,411423,item_weight,36.0 gram
https://m.media-amazon.com/images/I/61th37sMfyL.jpg,411423,item_weight,500.0 gram
https://m.media-amazon.com/images/I/61NceZj51HL.jpg,411423,item_weight,150.0 gram
https://m.media-amazon.com/images/I/41Pod9yu53L.jpg,411423,item_weight,300.0 gram
https://m.media-amazon.com/images/I/915YBC-7zAL.jpg,411423,item_weight,200.0 gram
https://m.media-amazon.com/images/I/81hu+0Z6dnL.jpg,411423,item_weight,200.0 gram
https://m.media-amazon.com/images/I/71x5TqqAiwL.jpg,411423,item_weight,500.0 gram
https://m.media-amazon.com/images/I/81nHn7RDywL.jpg,411423,item_weight,500.0 gram
https://m.media-amazon.com/images/I/B1eMID7-BgL.jpg,411423,item_weight,500.0 gram
https://m.media-amazon.com/images/I/71NBiF84kjL.jpg,411423,item_weight,100.0 gram
https://m.media-amazon.com/images/I/510cUSOIfSL.jpg,411423,item_weight,200.0 gram
https://m.media-amazon.com/images/I/51lX0mP7WSL.jpg,411423,item_weight,135.0 gram
https://m.media-amazon.com/images/I/419fENjX6KL.jpg,411423,item_weight,454.0 gram
https://m.media-amazon.com/images/I/714OCuDeLyL.jpg,411423,item_weight,250.0 gram
https://m.media-amazon.com/images/I/518RCNCS51L.jpg,411423,item_weight,500.0 gram
https://m.media-amazon.com/images/I/71Uo79EICwL.jpg,411423,item_weight,690.0 gram
https://m.media-amazon.com/images/I/61nFWhf6eVL.jpg,411423,item_weight,100.0 gram
https://m.media-amazon.com/images/I/71ypBbgVksL.jpg,411423,item_weight,290.0 gram
https://m.media-amazon.com/images/I/810UoI0SwyL.jpg,411423,item_weight,85.0 gram
https://m.media-amazon.com/images/I/61+sFMXiY1L.jpg,411423,item_weight,700.0 gram
https://m.media-amazon.com/images/I/413VBx8WiLL.jpg,411423,item_weight,370.0 gram
https://m.media-amazon.com/images/I/81z06x83qKL.jpg,411423,item_weight,500.0 gram
https://m.media-amazon.com/images/I/81OAgMQ9UxL.jpg,411423,item_weight,340.0 gram
https://m.media-amazon.com/images/I/71ksxaE5dHL.jpg,411423,item_weight,340.0 gram
https://m.media-amazon.com/images/I/91rCd8wKKwL.jpg,411423,item_weight,130.0 gram
https://m.media-amazon.com/images/I/91n1SlFgb6L.jpg,411423,item_weight,130.0 gram
https://m.media-amazon.com/images/I/91Q7KxrAEhL.jpg,411423,item_weight,130.0 gram
https://m.media-amazon.com/images/I/913jo743stL.jpg,411423,item_weight,0.0 ounce
https://m.media-amazon.com/images/I/61NpIT-TvlL.jpg,411423,item_weight,280.0 gram
https://m.media-amazon.com/images/I/81D346cd8kL.jpg,411423,item_weight,1814.0 gram
https://m.media-amazon.com/images/I/71UHTKECEHL.jpg,411423,item_weight,1814.0 gram
https://m.media-amazon.com/images/I/81483OAkZVL.jpg,411423,item_weight,9.0 gram
https://m.media-amazon.com/images/I/81w+8opkLNL.jpg,411423,item_weight,1000.0 gram
https://m.media-amazon.com/images/I/61W8r2i8igL.jpg,411423,item_weight,100.0 gram
https://m.media-amazon.com/images/I/61ePmHTOo1L.jpg,411423,item_weight,272.0 gram
https://m.media-amazon.com/images/I/813LcQwTXjL.jpg,411423,item_weight,326.0 gram
https://m.media-amazon.com/images/I/71bDZkvq1gL.jpg,411423,item_weight,326.0 gram
https://m.media-amazon.com/images/I/81XlgTHTvOL.jpg,411423,item_weight,11.5 ounce
https://m.media-amazon.com/images/I/8167VVBaxmL.jpg,411423,item_weight,5.0 gram
https://m.media-amazon.com/images/I/91ukQHD8aVL.jpg,411423,item_weight,5.0 gram
https://m.media-amazon.com/images/I/81YtntmjxUL.jpg,411423,item_weight,17.0 ounce
https://m.media-amazon.com/images/I/815Al-9K0hL.jpg,411423,item_weight,370.0 gram
https://m.media-amazon.com/images/I/91yv6u7MtFL.jpg,411423,item_weight,370.0 gram
https://m.media-amazon.com/images/I/91VfyqXZ0GL.jpg,411423,item_weight,370.0 gram
https://m.media-amazon.com/images/I/91XKJWbggSL.jpg,411423,item_weight,370.0 gram
https://m.media-amazon.com/images/I/610RJ9dDXFL.jpg,411423,item_weight,1.02 kilogram
https://m.media-amazon.com/images/I/61-nEpe5OfL.jpg,411423,item_weight,1.02 kilogram
https://m.media-amazon.com/images/I/61rHLtMUjcL.jpg,411423,item_weight,1.02 kilogram
https://m.media-amazon.com/images/I/81sfrw-c+KL.jpg,411423,item_weight,100.0 gram
https://m.media-amazon.com/images/I/619nvLRgoTL.jpg,411423,item_weight,20.0 ounce
https://m.media-amazon.com/images/I/71tz1Lnw8XL.jpg,411423,item_weight,650.0 gram
https://m.media-amazon.com/images/I/61fVTBEUQcL.jpg,411423,item_weight,500.0 gram
https://m.media-amazon.com/images/I/51DenqX9P3L.jpg,411423,item_weight,300.0 gram
https://m.media-amazon.com/images/I/51QWL+DeYSL.jpg,411423,item_weight,200.0 gram
https://m.media-amazon.com/images/I/41vEwyHD-HL.jpg,411423,item_weight,400.0 gram
https://m.media-amazon.com/images/I/91sLJWoFkiL.jpg,411423,item_weight,125.0 gram
https://m.media-amazon.com/images/I/91k+UM+UVgL.jpg,411423,item_weight,35.0 gram
https://m.media-amazon.com/images/I/61Od7IkpV-L.jpg,411423,item_weight,605.0 gram
https://m.media-amazon.com/images/I/41RHtkG0e2L.jpg,411423,item_weight,247.0 gram
https://m.media-amazon.com/images/I/41dTWWFcmAL.jpg,411423,item_weight,15.0 gram
https://m.media-amazon.com/images/I/41lpp3722mL.jpg,411423,item_weight,247.0 gram
https://m.media-amazon.com/images/I/91fG8JIC9SL.jpg,411423,item_weight,300.0 gram
https://m.media-amazon.com/images/I/61GlJvrOg4L.jpg,411423,item_weight,10.0 gram
https://m.media-amazon.com/images/I/916p02771FL.jpg,411423,item_weight,100.0 ounce
https://m.media-amazon.com/images/I/714RiVIVtEL.jpg,411423,item_weight,4.0 ounce
https://m.media-amazon.com/images/I/71pubIxBLkL.jpg,411423,item_weight,113.0 gram
https://m.media-amazon.com/images/I/71fu6THGJqL.jpg,411423,item_weight,6.0 milligram
https://m.media-amazon.com/images/I/81eMNBSFnfL.jpg,411423,item_weight,500.0 gram
https://m.media-amazon.com/images/I/511FMSPwXDL.jpg,411423,item_weight,500.0 gram
https://m.media-amazon.com/images/I/51PgYGrqFaL.jpg,411423,item_weight,250.0 gram
https://m.media-amazon.com/images/I/81raYOkJPwL.jpg,411423,item_weight,20.0 gram
https://m.media-amazon.com/images/I/61fvtVXalAL.jpg,411423,item_weight,1.03 kilogram
https://m.media-amazon.com/images/I/61qJZRdgMAL.jpg,411423,item_weight,1.03 kilogram
https://m.media-amazon.com/images/I/61yG5OEAZiL.jpg,411423,item_weight,1.03 kilogram
https://m.media-amazon.com/images/I/51Kot2XbQdL.jpg,411423,item_weight,200.0 gram
https://m.media-amazon.com/images/I/81nHcbEVopL.jpg,411423,item_weight,200.0 gram
https://m.media-amazon.com/images/I/51oakVGN0uL.jpg,411423,item_weight,240.0 gram
https://m.media-amazon.com/images/I/91L3eaJHvfL.jpg,411423,item_weight,350.0 gram
https://m.media-amazon.com/images/I/91XprLnrqkL.jpg,411423,item_weight,50.0 gram
https://m.media-amazon.com/images/I/91Z-Y7iJXAL.jpg,411423,item_weight,50.0 gram
https://m.media-amazon.com/images/I/71D3nm2rexL.jpg,411423,item_weight,420.0 gram
https://m.media-amazon.com/images/I/31UU9O4ACLL.jpg,411423,item_weight,420.0 gram
https://m.media-amazon.com/images/I/71fon1Q5YhL.jpg,411423,item_weight,100.0 gram
https://m.media-amazon.com/images/I/71LI5DziSeS.jpg,411423,item_weight,190.0 gram
https://m.media-amazon.com/images/I/61wtESvVKyS.jpg,411423,item_weight,100.0 gram
https://m.media-amazon.com/images/I/814ElybSwML.jpg,411423,item_weight,296.0 gram
https://m.media-amazon.com/images/I/91GIx6hjpXL.jpg,411423,item_weight,2.08 ounce
https://m.media-amazon.com/images/I/81erXG0EiAL.jpg,411423,item_weight,296.0 gram
https://m.media-amazon.com/images/I/81j80HMY0vL.jpg,411423,item_weight,5.0 gram
https://m.media-amazon.com/images/I/71EfEQJ2LTL.jpg,411423,item_weight,298.0 gram
https://m.media-amazon.com/images/I/71qDow3m+xL.jpg,411423,item_weight,298.0 gram
https://m.media-amazon.com/images/I/61+3m61vBZL.jpg,411423,item_weight,298.0 gram
https://m.media-amazon.com/images/I/81UNueIAbWL.jpg,411423,item_weight,13.5 ounce
https://m.media-amazon.com/images/I/814Qm8IGfjL.jpg,411423,item_weight,298.0 gram
https://m.media-amazon.com/images/I/71PPpV5mivL.jpg,411423,item_weight,100.0 milligram
https://m.media-amazon.com/images/I/41dT4Tsu8aL.jpg,411423,item_weight,120.0 gram
https://m.media-amazon.com/images/I/61MGzXHMRPL.jpg,411423,item_weight,140.0 gram
https://m.media-amazon.com/images/I/517SFNaDuwL.jpg,411423,item_weight,315.0 ounce
https://m.media-amazon.com/images/I/91Nlw6K6+yL.jpg,411423,item_weight,15.9 ounce
https://m.media-amazon.com/images/I/81pr5sSDM2L.jpg,411423,item_weight,370.0 gram
https://m.media-amazon.com/images/I/81i3h89eHBL.jpg,411423,item_weight,370.0 gram
https://m.media-amazon.com/images/I/41h4XW2rU-L.jpg,411423,item_weight,510.0 gram
https://m.media-amazon.com/images/I/81L+xBqdqGL.jpg,411423,item_weight,416.0 gram
https://m.media-amazon.com/images/I/71je+wkKYCL.jpg,411423,item_weight,17.3 ounce
https://m.media-amazon.com/images/I/61-IB+8pxRL.jpg,411423,item_weight,100.0 gram
https://m.media-amazon.com/images/I/51XzJLHxdQL.jpg,411423,item_weight,40.0 gram
https://m.media-amazon.com/images/I/71aqyXmALfL.jpg,411423,item_weight,40.0 gram
https://m.media-amazon.com/images/I/71KOYohCeeL.jpg,411423,item_weight,40.0 gram
https://m.media-amazon.com/images/I/71wTZfMOe8L.jpg,411423,item_weight,300.0 gram
https://m.media-amazon.com/images/I/51cQmNRLSQL.jpg,411423,item_weight,400.0 gram
https://m.media-amazon.com/images/I/71PmZxYeslL.jpg,411423,item_weight,4.56 ounce
https://m.media-amazon.com/images/I/71qY3s52cDL.jpg,411423,item_weight,4.56 ounce
https://m.media-amazon.com/images/I/51a1zg18hVL.jpg,411423,item_weight,454.0 gram
https://m.media-amazon.com/images/I/51LCuYUkJ-L.jpg,411423,item_weight,15.5 ounce
https://m.media-amazon.com/images/I/71gsg3560NL.jpg,411423,item_weight,1.0 pound
https://m.media-amazon.com/images/I/91pkuq30PVL.jpg,411423,item_weight,439.0 gram
https://m.media-amazon.com/images/I/71z6YSaem0L.jpg,411423,item_weight,210.0 gram
https://m.media-amazon.com/images/I/817eQ-AGW4L.jpg,411423,item_weight,335.0 gram
https://m.media-amazon.com/images/I/71Tv3js9UsL.jpg,411423,item_weight,360.0 gram
https://m.media-amazon.com/images/I/816z3ytMwkL.jpg,411423,item_weight,210.0 gram
https://m.media-amazon.com/images/I/81X5sIc4m8L.jpg,411423,item_weight,335.0 gram
https://m.media-amazon.com/images/I/81Zj77myMHL.jpg,411423,item_weight,210.0 gram
https://m.media-amazon.com/images/I/81dUjpcU2uL.jpg,411423,item_weight,360.0 gram
https://m.media-amazon.com/images/I/31VBu2YqX1L.jpg,411423,item_weight,680.0 gram
https://m.media-amazon.com/images/I/61Nr6d5iqEL.jpg,411423,item_weight,5.0 ounce
https://m.media-amazon.com/images/I/81-TXKKAxtL.jpg,411423,item_weight,830.0 gram
https://m.media-amazon.com/images/I/81T8MVvc4ML.jpg,411423,item_weight,12.0 ounce
https://m.media-amazon.com/images/I/81t6vt-MbDL.jpg,411423,item_weight,12.0 ounce
https://m.media-amazon.com/images/I/91iRQe3EBgL.jpg,411423,item_weight,12.0 ounce
https://m.media-amazon.com/images/I/51UhLmtOesL.jpg,411423,item_weight,12.0 ounce
https://m.media-amazon.com/images/I/614CYbzhCAL.jpg,411423,item_weight,28.0 gram
https://m.media-amazon.com/images/I/41l7p6wUEIL.jpg,411423,item_weight,490.0 milligram
https://m.media-amazon.com/images/I/61CFSXUKl2L.jpg,411423,item_weight,45.0 gram
https://m.media-amazon.com/images/I/7128OAU7k2L.jpg,411423,item_weight,19.5 ounce
https://m.media-amazon.com/images/I/81mpNgiVUBL.jpg,411423,item_weight,20.5 ounce
https://m.media-amazon.com/images/I/81qZ7oQsDeL.jpg,411423,item_weight,20.5 ounce
https://m.media-amazon.com/images/I/81K94zw06aL.jpg,411423,item_weight,20.5 ounce
https://m.media-amazon.com/images/I/81qM3FcnNYL.jpg,411423,item_weight,19.5 ounce
https://m.media-amazon.com/images/I/818a3pkyTHL.jpg,411423,item_weight,19.5 ounce
https://m.media-amazon.com/images/I/81X9FFhCGbL.jpg,411423,item_weight,553.0 gram
https://m.media-amazon.com/images/I/51ym6qIU0mL.jpg,411423,item_weight,300.0 gram
https://m.media-amazon.com/images/I/71dxXFf8FEL.jpg,411423,item_weight,300.0 gram
https://m.media-amazon.com/images/I/71u9TfRVEBL.jpg,411423,item_weight,225.0 gram
https://m.media-amazon.com/images/I/71G5dtqYFBL.jpg,411423,item_weight,12.0 pound
https://m.media-amazon.com/images/I/51LLMEzweOL.jpg,411423,item_weight,540.0 milligram
https://m.media-amazon.com/images/I/81NhkJUMtPL.jpg,411423,item_weight,6.0 gram
https://m.media-amazon.com/images/I/51pmwrZeBhL.jpg,411423,item_weight,1.68 gram
https://m.media-amazon.com/images/I/816GgIHDEtL.jpg,411423,item_weight,220.0 gram
https://m.media-amazon.com/images/I/813m39qCFZL.jpg,411423,item_weight,450.0 gram
https://m.media-amazon.com/images/I/710EQFtVcxL.jpg,411423,item_weight,600.0 gram
https://m.media-amazon.com/images/I/81FzSlyonsL.jpg,411423,item_weight,5.0 ounce
https://m.media-amazon.com/images/I/71Tbb-ymWkL.jpg,411423,item_weight,510.0 gram
https://m.media-amazon.com/images/I/91AZQ2N9ObL.jpg,411423,item_weight,794.0 gram
https://m.media-amazon.com/images/I/91sOIB8DLEL.jpg,411423,item_weight,510.0 gram
https://m.media-amazon.com/images/I/91wXk4ZXyIL.jpg,411423,item_weight,510.0 gram
https://m.media-amazon.com/images/I/91F8Dhb8X3L.jpg,411423,item_weight,510.0 gram
https://m.media-amazon.com/images/I/910MtDnsADL.jpg,411423,item_weight,510.0 gram
https://m.media-amazon.com/images/I/41m4s690hvL.jpg,411423,item_weight,250.0 gram
https://m.media-amazon.com/images/I/615YeUrx2-L.jpg,411423,item_weight,300.0 gram
https://m.media-amazon.com/images/I/61spYFDT7wL.jpg,411423,item_weight,330.0 gram
https://m.media-amazon.com/images/I/61juuohgxNL.jpg,411423,item_weight,150.0 gram
https://m.media-amazon.com/images/I/71mhcedHaqL.jpg,411423,item_weight,300.0 gram
https://m.media-amazon.com/images/I/61Gm04IRCeL.jpg,411423,item_weight,226.0 gram
https://m.media-amazon.com/images/I/91vrxF1LdlL.jpg,411423,item_weight,550.0 gram
https://m.media-amazon.com/images/I/61yBvIHp1kL.jpg,411423,item_weight,425.0 gram
https://m.media-amazon.com/images/I/81Gc8C4jRuL.jpg,411423,item_weight,220.0 gram
https://m.media-amazon.com/images/I/71OZDkCsphL.jpg,411423,item_weight,220.0 gram
https://m.media-amazon.com/images/I/81CHp-p0QNL.jpg,411423,item_weight,350.0 gram
https://m.media-amazon.com/images/I/813kbwlSoCL.jpg,411423,item_weight,350.0 gram
https://m.media-amazon.com/images/I/81JhdDLxDyL.jpg,411423,item_weight,350.0 gram
https://m.media-amazon.com/images/I/61UEuZyJzNL.jpg,411423,item_weight,5.0 ounce
https://m.media-amazon.com/images/I/713qaF+WWNL.jpg,411423,item_weight,145.0 gram
https://m.media-amazon.com/images/I/51m4LwaP2vL.jpg,411423,item_weight,100.0 gram
https://m.media-amazon.com/images/I/51rF0J5tHbL.jpg,411423,item_weight,350.0 gram
https://m.media-amazon.com/images/I/41-MVSw5jiL.jpg,411423,item_weight,13.2 ounce
https://m.media-amazon.com/images/I/51Rox+BvrxL.jpg,411423,item_weight,12.6 ounce
https://m.media-amazon.com/images/I/81eow0gz-RL.jpg,411423,item_weight,40.0 gram
https://m.media-amazon.com/images/I/61FGGx8Y3CL.jpg,411423,item_weight,155.0 gram
https://m.media-amazon.com/images/I/71srshmgg9L.jpg,411423,item_weight,21.64 ounce
https://m.media-amazon.com/images/I/81nayPV4BWL.jpg,411423,item_weight,1.0 ounce
https://m.media-amazon.com/images/I/316CW+CPEqL.jpg,411423,item_weight,10.0 ounce
https://m.media-amazon.com/images/I/810K7StLKRL.jpg,411423,item_weight,100.0 gram
https://m.media-amazon.com/images/I/71kCBGGRORL.jpg,411423,item_weight,330.0 gram
https://m.media-amazon.com/images/I/71X517x+KXL.jpg,411423,item_weight,160.0 gram
https://m.media-amazon.com/images/I/71XzyI5AdiL.jpg,411423,item_weight,160.0 gram
https://m.media-amazon.com/images/I/81fQVf3j4XL.jpg,411423,item_weight,454.0 gram
https://m.media-amazon.com/images/I/71HBTC5KHTL.jpg,411423,item_weight,350.0 gram
https://m.media-amazon.com/images/I/61W0OOE058L.jpg,411423,item_weight,200.0 gram
https://m.media-amazon.com/images/I/61H4upUj-eL.jpg,411423,item_weight,140.0 gram
https://m.media-amazon.com/images/I/51Y8t-k+P-L.jpg,411423,item_weight,150.0 gram
https://m.media-amazon.com/images/I/51J5qa3aa8L.jpg,411423,item_weight,280.0 gram
https://m.media-amazon.com/images/I/51oUQVs8pTL.jpg,411423,item_weight,280.0 gram
https://m.media-amazon.com/images/I/91JhrOPQnfL.jpg,411423,item_weight,15.0 gram
https://m.media-amazon.com/images/I/81VrkaVlr3L.jpg,411423,item_weight,45.0 gram
https://m.media-amazon.com/images/I/91sL4a9Ie6L.jpg,411423,item_weight,45.0 gram
https://m.media-amazon.com/images/I/813BiTtpO7L.jpg,411423,item_weight,45.0 gram
https://m.media-amazon.com/images/I/71Bk1TNS83L.jpg,411423,item_weight,250.0 gram
https://m.media-amazon.com/images/I/71Gmuc53OzL.jpg,411423,item_weight,320.0 gram
https://m.media-amazon.com/images/I/91s2orUa6LL.jpg,411423,item_weight,415.0 gram
https://m.media-amazon.com/images/I/810CxYQWg7L.jpg,411423,item_weight,100.0 gram
https://m.media-amazon.com/images/I/81NIYWk7xJL.jpg,411423,item_weight,415.0 gram
https://m.media-amazon.com/images/I/71Shf5UjgrL.jpg,411423,item_weight,360.0 gram
https://m.media-amazon.com/images/I/91zchwqVyEL.jpg,411423,item_weight,210.0 gram
https://m.media-amazon.com/images/I/81guQBIqBeL.jpg,411423,item_weight,360.0 gram
https://m.media-amazon.com/images/I/8199zwnHzxL.jpg,411423,item_weight,210.0 gram
https://m.media-amazon.com/images/I/81QtxICEgPL.jpg,411423,item_weight,360.0 gram
https://m.media-amazon.com/images/I/81YpcG-vvQL.jpg,411423,item_weight,360.0 gram
https://m.media-amazon.com/images/I/81hC+xZheGL.jpg,411423,item_weight,190.0 gram
https://m.media-amazon.com/images/I/51ZiZYAaQNL.jpg,411423,item_weight,100.0 gram
https://m.media-amazon.com/images/I/51SoWyvyNyL.jpg,411423,item_weight,100.0 gram
https://m.media-amazon.com/images/I/619VYyOC7ZL.jpg,411423,item_weight,140.0 gram
https://m.media-amazon.com/images/I/81hwgIZcIjL.jpg,411423,item_weight,395.0 gram
https://m.media-amazon.com/images/I/41q9dQZhEvL.jpg,411423,item_weight,5.4 ounce
https://m.media-amazon.com/images/I/71ew5Y3jdqL.jpg,411423,item_weight,200.0 gram
https://m.media-amazon.com/images/I/61845uOQr9L.jpg,411423,item_weight,200.0 gram
https://m.media-amazon.com/images/I/71BZ9fsXOqL.jpg,411423,item_weight,200.0 gram
https://m.media-amazon.com/images/I/71kYjxIO5OL.jpg,411423,item_weight,200.0 gram
https://m.media-amazon.com/images/I/91FmPizddGL.jpg,411423,item_weight,35.0 gram
https://m.media-amazon.com/images/I/514rG+ry3jL.jpg,411423,item_weight,240.0 gram
https://m.media-amazon.com/images/I/91e9RfKrVAL.jpg,411423,item_weight,550.0 gram
https://m.media-amazon.com/images/I/9117NV0darL.jpg,411423,item_weight,550.0 gram
https://m.media-amazon.com/images/I/51IJ51aTJoL.jpg,411423,item_weight,450.0 gram
https://m.media-amazon.com/images/I/41mvfxQR1TL.jpg,411423,item_weight,450.0 gram
https://m.media-amazon.com/images/I/71YDKmFYgxL.jpg,411423,item_weight,440.0 gram
https://m.media-amazon.com/images/I/81o96Aozh3L.jpg,411423,item_weight,114.0 gram
https://m.media-amazon.com/images/I/913gOM4y9hL.jpg,411423,item_weight,383.0 gram
https://m.media-amazon.com/images/I/91O-mfAKqQL.jpg,411423,item_weight,383.0 gram
https://m.media-amazon.com/images/I/31l6HcAwG3L.jpg,411423,item_weight,383.0 gram
https://m.media-amazon.com/images/I/91YyM8+kL5L.jpg,411423,item_weight,383.0 gram
https://m.media-amazon.com/images/I/71yMW5p1eGL.jpg,411423,item_weight,383.0 gram
https://m.media-amazon.com/images/I/61xxuCroZPL.jpg,411423,item_weight,439.0 gram
https://m.media-amazon.com/images/I/71bEzXcJuCL.jpg,411423,item_weight,313.0 gram
https://m.media-amazon.com/images/I/91nHrVRchxL.jpg,411423,item_weight,313.0 gram
https://m.media-amazon.com/images/I/516BHVeRPSL.jpg,411423,item_weight,156.0 gram
https://m.media-amazon.com/images/I/51xr6B6OYoL.jpg,411423,item_weight,225.0 gram
https://m.media-amazon.com/images/I/61h9YDD4B0L.jpg,411423,item_weight,6.0 gram
https://m.media-amazon.com/images/I/71FhBP0Hy3L.jpg,411423,item_weight,7.0 gram
https://m.media-amazon.com/images/I/714qBwMPb5L.jpg,411423,item_weight,60.0 gram
https://m.media-amazon.com/images/I/61npD56hz-L.jpg,411423,item_weight,350.0 gram
https://m.media-amazon.com/images/I/51HBm9tGndL.jpg,411423,item_weight,185.0 gram
https://m.media-amazon.com/images/I/517ZHI64gML.jpg,411423,item_weight,185.0 gram
https://m.media-amazon.com/images/I/61ZqoYfI9cL.jpg,411423,item_weight,450.0 gram
https://m.media-amazon.com/images/I/51EG1xU77mL.jpg,411423,item_weight,450.0 gram
https://m.media-amazon.com/images/I/51TuIo5rLHL.jpg,411423,item_weight,340.0 gram
https://m.media-amazon.com/images/I/71XcddA4h1L.jpg,411423,item_weight,500.0 gram
https://m.media-amazon.com/images/I/71nlb5U0sQL.jpg,411423,item_weight,500.0 gram
https://m.media-amazon.com/images/I/716sn3DkcIL.jpg,411423,item_weight,500.0 gram
https://m.media-amazon.com/images/I/818M2lImXEL.jpg,411423,item_weight,460.0 gram
https://m.media-amazon.com/images/I/51JsFeiEJ7L.jpg,411423,item_weight,200.0 gram
https://m.media-amazon.com/images/I/71SBc+U8NLL.jpg,411423,item_weight,2.0 pound
https://m.media-amazon.com/images/I/71Qm0AVqprL.jpg,411423,item_weight,1.0 kilogram
https://m.media-amazon.com/images/I/51GSHtAj5CL.jpg,411423,item_weight,9.0 gram
https://m.media-amazon.com/images/I/31uXSxKSJNL.jpg,411423,item_weight,180.0 gram
https://m.media-amazon.com/images/I/61wwdLLLCTL.jpg,411423,item_weight,430.0 gram
https://m.media-amazon.com/images/I/61QFYsp6HfL.jpg,411423,item_weight,100.0 gram
https://m.media-amazon.com/images/I/516E5JPpVtL.jpg,411423,item_weight,4.6 kilogram
https://m.media-amazon.com/images/I/71LTKyVOhML.jpg,411423,item_weight,200.0 gram
https://m.media-amazon.com/images/I/71rM-o8gY5L.jpg,411423,item_weight,300.0 gram
https://m.media-amazon.com/images/I/619fG7cAWAL.jpg,411423,item_weight,90.0 gram
https://m.media-amazon.com/images/I/91SMU0qBatL.jpg,411423,item_weight,220.0 gram
https://m.media-amazon.com/images/I/91qJprETg6L.jpg,411423,item_weight,220.0 gram
https://m.media-amazon.com/images/I/71S-tjS99NL.jpg,411423,item_weight,14.0 ounce
https://m.media-amazon.com/images/I/91sZ3DPH3jL.jpg,411423,item_weight,42.0 gram
https://m.media-amazon.com/images/I/71K43TglOvL.jpg,411423,item_weight,16.0 gram
https://m.media-amazon.com/images/I/711sDV9puSL.jpg,411423,item_weight,250.0 gram
https://m.media-amazon.com/images/I/71d02EnO2NL.jpg,411423,item_weight,250.0 gram
https://m.media-amazon.com/images/I/61NwXn+aJOL.jpg,411423,item_weight,250.0 gram
https://m.media-amazon.com/images/I/91-4U16Ew+L.jpg,411423,item_weight,250.0 gram
https://m.media-amazon.com/images/I/91xLrVXWW8L.jpg,411423,item_weight,47.0 gram
https://m.media-amazon.com/images/I/81SA5pj0VpL.jpg,411423,item_weight,200.0 gram
https://m.media-amazon.com/images/I/51066CL6BhL.jpg,411423,item_weight,7.0 ounce
https://m.media-amazon.com/images/I/618MKhkYW6L.jpg,411423,item_weight,220.0 gram
https://m.media-amazon.com/images/I/71rTwQsYYmL.jpg,411423,item_weight,220.0 gram
https://m.media-amazon.com/images/I/91nAu+rLfsL.jpg,411423,item_weight,1.0 kilogram
https://m.media-amazon.com/images/I/51fIQDJvFrL.jpg,411423,item_weight,15.0 gram
https://m.media-amazon.com/images/I/81y7G84BHkL.jpg,411423,item_weight,15.0 gram
https://m.media-amazon.com/images/I/71QEJy7iMNL.jpg,411423,item_weight,2.0 kilogram
https://m.media-amazon.com/images/I/71qv2L+ZBgL.jpg,411423,item_weight,2.0 kilogram
https://m.media-amazon.com/images/I/51Rq3aDfSfL.jpg,411423,item_weight,2.0 kilogram
https://m.media-amazon.com/images/I/61fmG5ertAL.jpg,411423,item_weight,15.0 gram
https://m.media-amazon.com/images/I/81lQNe4WDKL.jpg,411423,item_weight,2.5 ounce
https://m.media-amazon.com/images/I/81BBKZSnUWL.jpg,411423,item_weight,370.0 gram
https://m.media-amazon.com/images/I/81WQ9VXm9JL.jpg,411423,item_weight,370.0 gram
https://m.media-amazon.com/images/I/91paynHn-lL.jpg,411423,item_weight,3.0 pound
https://m.media-amazon.com/images/I/81-Rxb8lMTL.jpg,411423,item_weight,1000.0 gram
https://m.media-amazon.com/images/I/71Yr0e-ed6L.jpg,411423,item_weight,10.0 ounce
https://m.media-amazon.com/images/I/81pZSLHxZQL.jpg,411423,item_weight,5.0 gram
https://m.media-amazon.com/images/I/81+2JQpuj8L.jpg,411423,item_weight,5.0 gram
https://m.media-amazon.com/images/I/51S1JxG08FL.jpg,411423,item_weight,615.0 milligram
https://m.media-amazon.com/images/I/816KmCK0jFL.jpg,411423,item_weight,510.0 gram
https://m.media-amazon.com/images/I/61QNfSP6+xL.jpg,411423,item_weight,500.0 gram
https://m.media-amazon.com/images/I/91xAeUw3nzL.jpg,411423,item_weight,50.0 gram
https://m.media-amazon.com/images/I/61g6KhVCebL.jpg,411423,item_weight,100.0 gram
https://m.media-amazon.com/images/I/51btB0AXqML.jpg,411423,item_weight,0.96 kilogram
https://m.media-amazon.com/images/I/51VGLTvnNFL.jpg,411423,item_weight,0.96 kilogram
https://m.media-amazon.com/images/I/61VTpKRStGL.jpg,411423,item_weight,0.96 kilogram
https://m.media-amazon.com/images/I/71A3GYq3zoL.jpg,411423,item_weight,0.96 kilogram
https://m.media-amazon.com/images/I/81SepcwiSkL.jpg,411423,item_weight,755.0 gram
https://m.media-amazon.com/images/I/810SKwF8ujL.jpg,411423,item_weight,190.0 gram
https://m.media-amazon.com/images/I/81w8E4DJAeL.jpg,411423,item_weight,400.0 gram
https://m.media-amazon.com/images/I/81nGNqTlu6L.jpg,411423,item_weight,30.0 kilogram
https://m.media-amazon.com/images/I/31ehMR1ENxL.jpg,411423,item_weight,400.0 gram
https://m.media-amazon.com/images/I/61WJ8tbprqL.jpg,411423,item_weight,100.0 gram
https://m.media-amazon.com/images/I/511bwkAqSHL.jpg,411423,item_weight,250.0 gram
https://m.media-amazon.com/images/I/71gBxpKykSL.jpg,411423,item_weight,34.0 gram
https://m.media-amazon.com/images/I/41dTFQ67ghL.jpg,411423,item_weight,8.0 ounce
https://m.media-amazon.com/images/I/51e9uKum7bL.jpg,411423,item_weight,5.0 gram
https://m.media-amazon.com/images/I/51Hew0hnE+L.jpg,411423,item_weight,5.0 gram
https://m.media-amazon.com/images/I/51tuhFoxFLL.jpg,411423,item_weight,825.0 gram
https://m.media-amazon.com/images/I/61a4euoo3nL.jpg,411423,item_weight,825.0 gram
https://m.media-amazon.com/images/I/61MREaJuf3L.jpg,411423,item_weight,215.0 gram
https://m.media-amazon.com/images/I/81Vj8mwe5LL.jpg,411423,item_weight,90.0 gram
https://m.media-amazon.com/images/I/71PGYKfNAKL.jpg,411423,item_weight,90.0 gram
https://m.media-amazon.com/images/I/81-ok8K-03L.jpg,411423,item_weight,90.0 gram
https://m.media-amazon.com/images/I/41xuVvVL6SL.jpg,411423,item_weight,50.0 gram
https://m.media-amazon.com/images/I/914TdoOpMjL.jpg,411423,item_weight,354.0 gram
https://m.media-amazon.com/images/I/81j5o0XnOvL.jpg,411423,item_weight,354.0 gram
https://m.media-amazon.com/images/I/91EeRyEEh4L.jpg,411423,item_weight,354.0 gram
https://m.media-amazon.com/images/I/91zY4sBbqUL.jpg,411423,item_weight,12.5 ounce
https://m.media-amazon.com/images/I/51l0kzcyvwL.jpg,411423,item_weight,2.5 kilogram
https://m.media-amazon.com/images/I/61Tkh9c7uIL.jpg,411423,item_weight,128.0 gram
https://m.media-amazon.com/images/I/41qYEL31RoL.jpg,411423,item_weight,128.0 gram
https://m.media-amazon.com/images/I/91nPlvGevbL.jpg,411423,item_weight,24.0 gram
https://m.media-amazon.com/images/I/91V+XKMVHGL.jpg,411423,item_weight,24.0 gram
https://m.media-amazon.com/images/I/41pagNXg6mL.jpg,411423,item_weight,250.0 gram
https://m.media-amazon.com/images/I/71NDcVrf-HL.jpg,411423,item_weight,3.5 ounce
https://m.media-amazon.com/images/I/61yo8cWPaNL.jpg,411423,item_weight,200.0 gram
https://m.media-amazon.com/images/I/51nGhD74KOL.jpg,411423,item_weight,425.0 gram
https://m.media-amazon.com/images/I/71cYjjAMmaL.jpg,411423,item_weight,950.0 gram
https://m.media-amazon.com/images/I/71CgAwa6QvL.jpg,411423,item_weight,1.0 kilogram
https://m.media-amazon.com/images/I/61W+3aP3HkL.jpg,411423,item_weight,300.0 gram
https://m.media-amazon.com/images/I/61JqKXiHGPL.jpg,411423,item_weight,150.0 gram
https://m.media-amazon.com/images/I/71PDxGaF8IL.jpg,411423,item_weight,300.0 gram
https://m.media-amazon.com/images/I/61rLE773nKL.jpg,411423,item_weight,300.0 gram
https://m.media-amazon.com/images/I/71l2Ne6MApL.jpg,411423,item_weight,2.5 kilogram
https://m.media-amazon.com/images/I/61EMVCwAtKL.jpg,411423,item_weight,850.0 gram
https://m.media-amazon.com/images/I/61dorr1BwcL.jpg,411423,item_weight,200.0 gram
https://m.media-amazon.com/images/I/61-APZ+J5QL.jpg,411423,item_weight,11.0 kilogram
https://m.media-amazon.com/images/I/616kv6yWZyL.jpg,411423,item_weight,210.0 gram
https://m.media-amazon.com/images/I/51vHUKenNWL.jpg,411423,item_weight,210.0 gram
https://m.media-amazon.com/images/I/51QoBpnfpnL.jpg,411423,item_weight,210.0 gram
https://m.media-amazon.com/images/I/61ndTDgM9aL.jpg,411423,item_weight,210.0 gram
https://m.media-amazon.com/images/I/81CZ9u7Th7L.jpg,411423,item_weight,157.0 gram
https://m.media-amazon.com/images/I/81uO6V2pLsL.jpg,411423,item_weight,5.4 ounce
https://m.media-amazon.com/images/I/91YDUBZv7QL.jpg,411423,item_weight,24.0 gram
https://m.media-amazon.com/images/I/A1isG-NAxuL.jpg,411423,item_weight,24.0 gram
https://m.media-amazon.com/images/I/81MZPpAK-JL.jpg,411423,item_weight,6.0 gram
https://m.media-amazon.com/images/I/71rhM1a5bLL.jpg,411423,item_weight,490.0 gram
https://m.media-amazon.com/images/I/710bLFL4iaL.jpg,411423,item_weight,490.0 gram
https://m.media-amazon.com/images/I/713gT5G2uDL.jpg,411423,item_weight,490.0 gram
https://m.media-amazon.com/images/I/615uuMJCPmL.jpg,411423,item_weight,17.63 ounce
https://m.media-amazon.com/images/I/410rBla7wAL.jpg,411423,item_weight,500.0 gram
https://m.media-amazon.com/images/I/617Z4odHXDL.jpg,411423,item_weight,500.0 gram
https://m.media-amazon.com/images/I/71CU+E2mZ5L.jpg,411423,item_weight,910.0 gram
https://m.media-amazon.com/images/I/81nPcGbzpTL.jpg,411423,item_weight,910.0 gram
https://m.media-amazon.com/images/I/61tDGDdyqbL.jpg,411423,item_weight,1.2 kilogram
https://m.media-amazon.com/images/I/51EeuHuJXmL.jpg,411423,item_weight,190.0 gram
https://m.media-amazon.com/images/I/41W3zv77l7L.jpg,411423,item_weight,190.0 gram
https://m.media-amazon.com/images/I/91ZT5b-TG6L.jpg,411423,item_weight,100.0 gram
https://m.media-amazon.com/images/I/71reQYFhAzL.jpg,411423,item_weight,400.0 gram
https://m.media-amazon.com/images/I/718DfGaRuEL.jpg,411423,item_weight,400.0 gram
https://m.media-amazon.com/images/I/81XCRZbYsxL.jpg,411423,item_weight,42.0 gram
https://m.media-amazon.com/images/I/71oDesboPmL.jpg,411423,item_weight,5.3 gram
https://m.media-amazon.com/images/I/31e-9avFvVL.jpg,411423,item_weight,1.5 gram
https://m.media-amazon.com/images/I/41MEZSbXUpL.jpg,411423,item_weight,1.1 gram
https://m.media-amazon.com/images/I/41k38n8cDLL.jpg,411423,item_weight,1.1 gram
https://m.media-amazon.com/images/I/51nSuLR+H6L.jpg,411423,item_weight,720.0 gram
https://m.media-amazon.com/images/I/61AhKMjCgyL.jpg,411423,item_weight,140.0 gram
https://m.media-amazon.com/images/I/51O322XfILL.jpg,411423,item_weight,1.17 kilogram
https://m.media-amazon.com/images/I/613Yj-TwuwL.jpg,411423,item_weight,1.17 kilogram
https://m.media-amazon.com/images/I/61RekwN5EJL.jpg,411423,item_weight,1.17 kilogram
https://m.media-amazon.com/images/I/71f1QrHJHVL.jpg,411423,item_weight,100.0 gram
https://m.media-amazon.com/images/I/71Uv54A7ERS.jpg,411423,item_weight,10.0 gram
https://m.media-amazon.com/images/I/61kgi-ny1tL.jpg,411423,item_weight,10.0 gram
https://m.media-amazon.com/images/I/71Y3Ya1MkbL.jpg,411423,item_weight,100.0 gram
https://m.media-amazon.com/images/I/61Gzf4o+2QL.jpg,411423,item_weight,140.0 gram
https://m.media-amazon.com/images/I/51fysqyImAL.jpg,411423,item_weight,200.0 gram
https://m.media-amazon.com/images/I/518NQhnRv5L.jpg,411423,item_weight,600.0 milligram
https://m.media-amazon.com/images/I/61yhFSdSs4L.jpg,411423,item_weight,950.0 gram
https://m.media-amazon.com/images/I/71H3msQCxIL.jpg,411423,item_weight,17.0 ounce
https://m.media-amazon.com/images/I/91foypqGyYL.jpg,411423,item_weight,12.0 ounce
https://m.media-amazon.com/images/I/81RseXQprQL.jpg,411423,item_weight,12.0 ounce
https://m.media-amazon.com/images/I/61p8mqSgSIL.jpg,411423,item_weight,518.4 gram
https://m.media-amazon.com/images/I/51oW2jGpQ+L.jpg,411423,item_weight,170.0 gram
https://m.media-amazon.com/images/I/71AAALx39yL.jpg,411423,item_weight,200.0 gram
https://m.media-amazon.com/images/I/61QZZixoIZL.jpg,411423,item_weight,100.0 gram
https://m.media-amazon.com/images/I/71fFsMJwtUL.jpg,411423,item_weight,7.0 pound
https://m.media-amazon.com/images/I/71u7a7xYMtL.jpg,411423,item_weight,400.0 gram
https://m.media-amazon.com/images/I/71KK5MMQSGL.jpg,411423,item_weight,2.06 kilogram
https://m.media-amazon.com/images/I/81CDC78zbWL.jpg,411423,item_weight,100.0 gram
https://m.media-amazon.com/images/I/51ukmcqvndL.jpg,411423,item_weight,300.0 gram
https://m.media-amazon.com/images/I/61cnXaoXfwL.jpg,411423,item_weight,300.0 gram
https://m.media-amazon.com/images/I/61SXxSkV62L.jpg,411423,item_weight,300.0 gram
https://m.media-amazon.com/images/I/31AqvsLYReL.jpg,411423,item_weight,510.0 gram
https://m.media-amazon.com/images/I/51KC2onKfOL.jpg,411423,item_weight,510.0 gram
https://m.media-amazon.com/images/I/51DAMSh1dYL.jpg,411423,item_weight,1.34 kilogram
https://m.media-amazon.com/images/I/61ONw6Og1eL.jpg,411423,item_weight,0.99 kilogram
https://m.media-amazon.com/images/I/61fqD77bD7L.jpg,411423,item_weight,0.99 kilogram
https://m.media-amazon.com/images/I/71Cpdq+bM7L.jpg,411423,item_weight,100.0 gram
https://m.media-amazon.com/images/I/41n703V3m2L.jpg,411423,item_weight,7.0 ounce
https://m.media-amazon.com/images/I/81eg8djxO+L.jpg,411423,item_weight,284.0 gram
https://m.media-amazon.com/images/I/81Q9zQ4Ql9L.jpg,411423,item_weight,3.0 kilogram
https://m.media-amazon.com/images/I/71h9pZ5iaFL.jpg,411423,item_weight,100.0 gram
https://m.media-amazon.com/images/I/71mhuVvl85L.jpg,411423,item_weight,637.0 gram
https://m.media-amazon.com/images/I/71hut-aK0KL.jpg,411423,item_weight,637.0 gram
https://m.media-amazon.com/images/I/71f1aRqjkUL.jpg,411423,item_weight,637.0 gram
https://m.media-amazon.com/images/I/4159CfMTMxL.jpg,411423,item_weight,21.0 ounce
https://m.media-amazon.com/images/I/71Vd3nQf-qL.jpg,411423,item_weight,675.0 gram
https://m.media-amazon.com/images/I/71EbLHW6YvL.jpg,411423,item_weight,125.0 gram
https://m.media-amazon.com/images/I/81EAhGjPDzL.jpg,411423,item_weight,125.0 gram
https://m.media-amazon.com/images/I/81G6mxxrTyL.jpg,411423,item_weight,125.0 gram
https://m.media-amazon.com/images/I/81gYGFKIG+L.jpg,411423,item_weight,125.0 gram
https://m.media-amazon.com/images/I/718kNPRtKLL.jpg,411423,item_weight,125.0 gram
https://m.media-amazon.com/images/I/81GFaBLiSmL.jpg,411423,item_weight,49.0 gram
https://m.media-amazon.com/images/I/41X0ViOlHhL.jpg,411423,item_weight,2.1 kilogram
https://m.media-amazon.com/images/I/71hxGa+Z40L.jpg,411423,item_weight,800.0 gram
https://m.media-amazon.com/images/I/719di6ZdFzL.jpg,411423,item_weight,800.0 gram
https://m.media-amazon.com/images/I/61x4WIqnURL.jpg,411423,item_weight,415.0 gram
https://m.media-amazon.com/images/I/81yjBdC3Z6L.jpg,411423,item_weight,1.0 pound
https://m.media-amazon.com/images/I/719jcxevTjL.jpg,411423,item_weight,220.0 gram
https://m.media-amazon.com/images/I/71A7DxRVA5L.jpg,411423,item_weight,220.0 gram
https://m.media-amazon.com/images/I/81koH6xFhzL.jpg,411423,item_weight,18.0 gram
https://m.media-amazon.com/images/I/91g18fQQCCL.jpg,411423,item_weight,50.0 gram
https://m.media-amazon.com/images/I/91szuH4sPyL.jpg,411423,item_weight,14.2 gram
https://m.media-amazon.com/images/I/41lFF1Ue8dL.jpg,411423,item_weight,0.28 gram
https://m.media-amazon.com/images/I/717s1uOTRmL.jpg,411423,item_weight,14.0 ounce
https://m.media-amazon.com/images/I/81yXpdUqiDL.jpg,411423,item_weight,100.0 gram
https://m.media-amazon.com/images/I/71s-ZOJge8L.jpg,411423,item_weight,100.0 gram
https://m.media-amazon.com/images/I/519hNSEi87L.jpg,411423,item_weight,390.0 gram
https://m.media-amazon.com/images/I/91HaUO7P07L.jpg,411423,item_weight,220.0 gram
https://m.media-amazon.com/images/I/61EEHipZa+L.jpg,411423,item_weight,220.0 gram
https://m.media-amazon.com/images/I/71f7uubPNVL.jpg,411423,item_weight,18.25 ounce
https://m.media-amazon.com/images/I/31lY-ngxe0L.jpg,411423,item_weight,142.0 gram
https://m.media-amazon.com/images/I/81+0AOo7h+L.jpg,411423,item_weight,10.0 ounce
https://m.media-amazon.com/images/I/41PTzAa+RmL.jpg,411423,item_weight,1.0 ounce
https://m.media-amazon.com/images/I/61Wn19qRzXL.jpg,411423,item_weight,310.0 gram
https://m.media-amazon.com/images/I/619Zy7BbzAL.jpg,411423,item_weight,310.0 gram
https://m.media-amazon.com/images/I/71-LELVwIqL.jpg,411423,item_weight,24.0 gram
https://m.media-amazon.com/images/I/81GZDHU-NdL.jpg,411423,item_weight,24.0 gram
https://m.media-amazon.com/images/I/71XN24PzzLL.jpg,411423,item_weight,1814.0 gram
https://m.media-amazon.com/images/I/61vMC3dmFsL.jpg,411423,item_weight,500.0 gram
https://m.media-amazon.com/images/I/61iaYGRx9yL.jpg,411423,item_weight,650.0 gram
https://m.media-amazon.com/images/I/91bVddA3knL.jpg,411423,item_weight,32.0 gram
https://m.media-amazon.com/images/I/91Upgb9V-ML.jpg,411423,item_weight,32.0 gram
https://m.media-amazon.com/images/I/61wRiUsc+8L.jpg,411423,item_weight,240.0 gram
https://m.media-amazon.com/images/I/71FAdmvBQ6S.jpg,411423,item_weight,250.0 gram
https://m.media-amazon.com/images/I/81qwBtQWeHS.jpg,411423,item_weight,250.0 gram
https://m.media-amazon.com/images/I/81Jul8nG4vL.jpg,411423,item_weight,100.0 gram
https://m.media-amazon.com/images/I/713boIY-NZL.jpg,411423,item_weight,255.0 gram
https://m.media-amazon.com/images/I/811k1ZSExwL.jpg,411423,item_weight,255.0 gram
https://m.media-amazon.com/images/I/81iFnU1l5mL.jpg,411423,item_weight,9.0 ounce
https://m.media-amazon.com/images/I/81CKRFKEnRL.jpg,411423,item_weight,1.0 kilogram
https://m.media-amazon.com/images/I/81X6JS49A+L.jpg,411423,item_weight,1.0 kilogram
https://m.media-amazon.com/images/I/71zHEFXqv3L.jpg,411423,item_weight,1.0 kilogram
https://m.media-amazon.com/images/I/81nSUUFc4CL.jpg,411423,item_weight,1.0 kilogram
https://m.media-amazon.com/images/I/5135OI79E8L.jpg,411423,item_weight,510.0 gram
https://m.media-amazon.com/images/I/51aZ7481RLL.jpg,411423,item_weight,850.0 gram
https://m.media-amazon.com/images/I/51gnjl4yFHL.jpg,411423,item_weight,300.0 gram
https://m.media-amazon.com/images/I/51gurxS88xL.jpg,411423,item_weight,30.0 gram
https://m.media-amazon.com/images/I/51BlBnvOc1L.jpg,411423,item_weight,100.0 gram
https://m.media-amazon.com/images/I/51zqkRBMf7L.jpg,411423,item_weight,4.12 kilogram
https://m.media-amazon.com/images/I/91H2BK1XSYL.jpg,411423,item_weight,220.0 gram
https://m.media-amazon.com/images/I/71Ir0pbamnL.jpg,411423,item_weight,350.0 gram
https://m.media-amazon.com/images/I/61mbg3PR5JL.jpg,411423,item_weight,2.5 kilogram
https://m.media-amazon.com/images/I/61XhtlKnPKL.jpg,411423,item_weight,560.0 gram
https://m.media-amazon.com/images/I/61OZGz4b2rL.jpg,411423,item_weight,560.0 gram
https://m.media-amazon.com/images/I/814emdIlGNL.jpg,411423,item_weight,379.0 gram
https://m.media-amazon.com/images/I/816CIlEiqSL.jpg,411423,item_weight,6.7 pound
https://m.media-amazon.com/images/I/81RfXp0xF7L.jpg,411423,item_weight,379.0 gram
https://m.media-amazon.com/images/I/71FndNVWUxL.jpg,411423,item_weight,379.0 gram
https://m.media-amazon.com/images/I/71EcrsoU0TL.jpg,411423,item_weight,379.0 gram
https://m.media-amazon.com/images/I/619+ZuB6RHL.jpg,411423,item_weight,555.0 gram
https://m.media-amazon.com/images/I/81mR7c4DNFL.jpg,411423,item_weight,390.0 gram
https://m.media-amazon.com/images/I/61-tfslPogL.jpg,411423,item_weight,8.0 gram
https://m.media-amazon.com/images/I/810zrxLMZYL.jpg,411423,item_weight,400.0 gram
https://m.media-amazon.com/images/I/51O9n1BXMTL.jpg,411423,item_weight,100.0 gram
https://m.media-amazon.com/images/I/71GKtE0f-PL.jpg,411423,item_weight,800.0 gram
https://m.media-amazon.com/images/I/518iSRF48GL.jpg,411423,item_weight,0.0 gram
https://m.media-amazon.com/images/I/51srNBfn6EL.jpg,411423,item_weight,4.3 kilogram
https://m.media-amazon.com/images/I/613bJGREcQL.jpg,411423,item_weight,210.0 gram
https://m.media-amazon.com/images/I/61z7DPPBdUL.jpg,411423,item_weight,210.0 gram
https://m.media-amazon.com/images/I/71z31ErugrL.jpg,411423,item_weight,481.0 gram
https://m.media-amazon.com/images/I/81b871KNwlL.jpg,411423,item_weight,17.0 ounce
https://m.media-amazon.com/images/I/91kfGA8Fc-L.jpg,411423,item_weight,17.0 ounce
https://m.media-amazon.com/images/I/91cJZhpfz5L.jpg,411423,item_weight,250.0 gram
https://m.media-amazon.com/images/I/61llwLikcIL.jpg,411423,item_weight,1700.0 gram
https://m.media-amazon.com/images/I/31a2VvVrxSL.jpg,411423,item_weight,18.0 ounce
https://m.media-amazon.com/images/I/813ypHIG96S.jpg,411423,item_weight,700.0 milligram
https://m.media-amazon.com/images/I/516fNX+9ulL.jpg,411423,item_weight,180.0 gram
https://m.media-amazon.com/images/I/51wRDrlOXrL.jpg,411423,item_weight,5.0 gram
https://m.media-amazon.com/images/I/61Fp-D3W2xL.jpg,411423,item_weight,383.0 gram
https://m.media-amazon.com/images/I/81nQ4waGbiL.jpg,411423,item_weight,5.0 gram
https://m.media-amazon.com/images/I/71tKrIAizzL.jpg,411423,item_weight,190.0 gram
https://m.media-amazon.com/images/I/61iUAGreuVL.jpg,411423,item_weight,190.0 gram
https://m.media-amazon.com/images/I/71rnPmAuJ3L.jpg,411423,item_weight,650.0 gram
https://m.media-amazon.com/images/I/71F66bRHPCL.jpg,411423,item_weight,650.0 gram
https://m.media-amazon.com/images/I/812PLHPxRtL.jpg,411423,item_weight,370.0 gram
https://m.media-amazon.com/images/I/81hRX78oHzL.jpg,411423,item_weight,370.0 gram
https://m.media-amazon.com/images/I/71d1AWL4PbL.jpg,411423,item_weight,64.0 gram
https://m.media-amazon.com/images/I/61pNJzVnu3L.jpg,411423,item_weight,15.0 gram
https://m.media-amazon.com/images/I/61Q1kJnNrDL.jpg,411423,item_weight,300.0 gram
https://m.media-amazon.com/images/I/51n76zaaHnL.jpg,411423,item_weight,525.0 gram
https://m.media-amazon.com/images/I/61F09gGUpBL.jpg,411423,item_weight,90.0 gram
https://m.media-amazon.com/images/I/51i2jteGZZL.jpg,411423,item_weight,553.0 gram
https://m.media-amazon.com/images/I/61tBv5Y6JjL.jpg,411423,item_weight,553.0 gram
https://m.media-amazon.com/images/I/71dIQ326OeL.jpg,411423,item_weight,553.0 gram
https://m.media-amazon.com/images/I/812Ne50wN-L.jpg,411423,item_weight,208.0 gram
https://m.media-amazon.com/images/I/61ddSbrQzcL.jpg,411423,item_weight,350.0 gram
https://m.media-amazon.com/images/I/71Wnw9WhRoL.jpg,411423,item_weight,490.0 gram
https://m.media-amazon.com/images/I/711aALFCztL.jpg,411423,item_weight,490.0 gram
https://m.media-amazon.com/images/I/61GTKdOXqoL.jpg,411423,item_weight,1.07 gram
https://m.media-amazon.com/images/I/61xLuVfecIL.jpg,411423,item_weight,14021400.0 gram
https://m.media-amazon.com/images/I/61ezS0t5AWL.jpg,411423,item_weight,9.0 gram
https://m.media-amazon.com/images/I/8125bFl4u-L.jpg,411423,item_weight,200.0 gram
https://m.media-amazon.com/images/I/41EajDOWXNL.jpg,411423,item_weight,169.0 ounce
https://m.media-amazon.com/images/I/51yYrTqAorL.jpg,411423,item_weight,227.0 gram
https://m.media-amazon.com/images/I/8193J39nvZL.jpg,411423,item_weight,8.0 ounce
https://m.media-amazon.com/images/I/91gFF+S3Q2L.jpg,411423,item_weight,8.0 ounce
https://m.media-amazon.com/images/I/514Utxjz2CL.jpg,411423,item_weight,5.0 gram
https://m.media-amazon.com/images/I/61W0GVFm+QL.jpg,411423,item_weight,320.0 gram
https://m.media-amazon.com/images/I/51Sz+o9IN9L.jpg,411423,item_weight,397.0 gram
https://m.media-amazon.com/images/I/41ubon3mtGL.jpg,411423,item_weight,3.1 ounce
https://m.media-amazon.com/images/I/51MaxpbV8fL.jpg,411423,item_weight,90.0 gram
https://m.media-amazon.com/images/I/51irkf4P8LL.jpg,411423,item_weight,3.1 ounce
https://m.media-amazon.com/images/I/71uasXLmQML.jpg,411423,item_weight,1.48 ounce
https://m.media-amazon.com/images/I/61VmyUb3gwL.jpg,411423,item_weight,12.35 ounce
https://m.media-amazon.com/images/I/715xo9vXO1L.jpg,411423,item_weight,350.0 gram
https://m.media-amazon.com/images/I/31k7SPCfUuL.jpg,411423,item_weight,100.0 gram
https://m.media-amazon.com/images/I/91mdLCETGoL.jpg,411423,item_weight,20.0 gram
https://m.media-amazon.com/images/I/618VEG5GIQL.jpg,411423,item_weight,530.0 milligram
https://m.media-amazon.com/images/I/71zt5IvU6zL.jpg,411423,item_weight,90.0 gram
https://m.media-amazon.com/images/I/71yIU1WKTQL.jpg,411423,item_weight,3.2 ounce
https://m.media-amazon.com/images/I/4150StOvS3L.jpg,411423,item_weight,32.0 ounce
https://m.media-amazon.com/images/I/71ks8v2rG+L.jpg,411423,item_weight,6.1 ounce
https://m.media-amazon.com/images/I/6158A71dLWL.jpg,411423,item_weight,500.0 gram
https://m.media-amazon.com/images/I/51dhjyaPdIL.jpg,411423,item_weight,500.0 gram
https://m.media-amazon.com/images/I/81uoaXq4x9L.jpg,411423,item_weight,454.0 gram
https://m.media-amazon.com/images/I/71qCz8c0snL.jpg,411423,item_weight,15.0 gram
https://m.media-amazon.com/images/I/81OJRub+OXL.jpg,411423,item_weight,700.0 gram
https://m.media-amazon.com/images/I/91zWK6qomSL.jpg,411423,item_weight,700.0 gram
https://m.media-amazon.com/images/I/61a6CWe4fiL.jpg,411423,item_weight,1.0 kilogram
https://m.media-amazon.com/images/I/91FrzDHKk+L.jpg,411423,item_weight,76.0 gram
https://m.media-amazon.com/images/I/71rsyfA3LcL.jpg,411423,item_weight,23.5 ounce
https://m.media-amazon.com/images/I/81VnHV-L3FL.jpg,411423,item_weight,125.0 gram
https://m.media-amazon.com/images/I/61VT1vNvQeL.jpg,411423,item_weight,405.0 gram
https://m.media-amazon.com/images/I/71MZwOyS-uL.jpg,411423,item_weight,100.0 gram
https://m.media-amazon.com/images/I/71ds73xQ-+L.jpg,411423,item_weight,793.0 gram
https://m.media-amazon.com/images/I/81cJIsXyTVL.jpg,411423,item_weight,28.0 ounce
https://m.media-amazon.com/images/I/9194e11SXZL.jpg,411423,item_weight,793.0 gram
https://m.media-amazon.com/images/I/613UUH4CGlL.jpg,411423,item_weight,555.0 gram
https://m.media-amazon.com/images/I/51jbs0D9cBL.jpg,411423,item_weight,200.0 gram
