image_link,group_id,entity_name,entity_value
https://m.media-amazon.com/images/I/51nOJpLXIhL.jpg,244283,width,24.0 inch
https://m.media-amazon.com/images/I/51q-xSXAKXL.jpg,244283,width,4.0 inch
https://m.media-amazon.com/images/I/51n8U4unn-L.jpg,244283,width,4.0 inch
https://m.media-amazon.com/images/I/51Vxu-7fMVL.jpg,244283,width,42.0 centimetre
https://m.media-amazon.com/images/I/61Bgzyfh1cL.jpg,244283,width,16.9 inch
https://m.media-amazon.com/images/I/612MAVyIw0L.jpg,244283,width,10.0 inch
https://m.media-amazon.com/images/I/616jT3wwnsL.jpg,244283,width,28.0 centimetre
https://m.media-amazon.com/images/I/6136px3eh0L.jpg,244283,width,18.0 inch
https://m.media-amazon.com/images/I/6136px3eh0L.jpg,244283,height,39.0 inch
https://m.media-amazon.com/images/I/41FeySEu-iL.jpg,244283,width,200.0 millimetre
https://m.media-amazon.com/images/I/517PWJyZgoL.jpg,244283,width,24.0 inch
https://m.media-amazon.com/images/I/61EDpvl6PyL.jpg,244283,width,23.0 inch
https://m.media-amazon.com/images/I/61EDpvl6PyL.jpg,244283,height,14.0 inch
https://m.media-amazon.com/images/I/51wdg7fXptL.jpg,244283,width,45.0 centimetre
https://m.media-amazon.com/images/I/51J8DWD6R5L.jpg,244283,width,0.5 inch
https://m.media-amazon.com/images/I/51IwGW+ispL.jpg,244283,width,30.5 centimetre
https://m.media-amazon.com/images/I/61110vXPHwL.jpg,244283,width,3.0 inch
https://m.media-amazon.com/images/I/6142X1uNSVL.jpg,244283,width,16.0 inch
https://m.media-amazon.com/images/I/51zElPeM0XL.jpg,244283,width,48.0 inch
https://m.media-amazon.com/images/I/51whFiRXEQL.jpg,244283,width,4.0 inch
https://m.media-amazon.com/images/I/51FiRztbp7L.jpg,244283,width,46.0 centimetre
https://m.media-amazon.com/images/I/41nfnm5KWxL.jpg,244283,width,61.0 centimetre
https://m.media-amazon.com/images/I/51NgjYiV9IL.jpg,244283,width,10.0 centimetre
https://m.media-amazon.com/images/I/51299hpv1kL.jpg,244283,width,40.0 centimetre
https://m.media-amazon.com/images/I/516ViF6KITL.jpg,244283,width,12.0 inch
https://m.media-amazon.com/images/I/615drhu7kfL.jpg,244283,width,35.0 inch
https://m.media-amazon.com/images/I/51AmBNsb9XL.jpg,244283,width,43.0 centimetre
https://m.media-amazon.com/images/I/519IIn-ZkuL.jpg,244283,width,2.0 foot
https://m.media-amazon.com/images/I/51W8NE5hPeL.jpg,244283,width,21.0 centimetre
https://m.media-amazon.com/images/I/51T-pIW4sRL.jpg,244283,width,44.0 inch
https://m.media-amazon.com/images/I/51T-pIW4sRL.jpg,244283,height,67.0 inch
https://m.media-amazon.com/images/I/61CL-T73YYL.jpg,244283,width,9.0 inch
https://m.media-amazon.com/images/I/41XikfqJXgL.jpg,244283,width,21.0 centimetre
https://m.media-amazon.com/images/I/61F5jhwMSJL.jpg,244283,width,21.0 centimetre
https://m.media-amazon.com/images/I/41X1RKxytIL.jpg,244283,width,56.0 centimetre
https://m.media-amazon.com/images/I/615QtsbOjzL.jpg,244283,width,60.0 centimetre
https://m.media-amazon.com/images/I/41P3iys8X1L.jpg,244283,width,60.0 centimetre
https://m.media-amazon.com/images/I/617ntzEtnhL.jpg,244283,width,16.0 inch
https://m.media-amazon.com/images/I/5144Fhfj48L.jpg,244283,width,150.0 centimetre
https://m.media-amazon.com/images/I/51Hxk0iH78L.jpg,244283,width,12.0 inch
https://m.media-amazon.com/images/I/61G6foTs0RL.jpg,244283,width,1875.0 millimetre
https://m.media-amazon.com/images/I/61AG7H57OJL.jpg,244283,width,150.0 centimetre
https://m.media-amazon.com/images/I/611ODSwOHzL.jpg,244283,width,211.0 millimetre
https://m.media-amazon.com/images/I/51E66k1qQPL.jpg,244283,width,26.0 centimetre
https://m.media-amazon.com/images/I/611IUDRQFrL.jpg,244283,width,10.0 centimetre
https://m.media-amazon.com/images/I/51UvCJ426qL.jpg,244283,width,200.0 centimetre
https://m.media-amazon.com/images/I/51nhvouk2mL.jpg,244283,width,15.7 inch
https://m.media-amazon.com/images/I/413nR2KGrTL.jpg,244283,width,10.16 centimetre
https://m.media-amazon.com/images/I/5185CxrKgNL.jpg,244283,width,32.0 inch
https://m.media-amazon.com/images/I/51xbWHaw6SL.jpg,244283,width,15.6 inch
https://m.media-amazon.com/images/I/61BaorGIckL.jpg,244283,width,120.0 centimetre
https://m.media-amazon.com/images/I/41AGc8-B3-S.jpg,244283,width,1180.0 millimetre
https://m.media-amazon.com/images/I/612DTc3YQyL.jpg,244283,width,40.0 centimetre
https://m.media-amazon.com/images/I/51xX6fs6KYL.jpg,244283,width,60.0 centimetre
https://m.media-amazon.com/images/I/31+FuRQIvdL.jpg,244283,width,10.2 centimetre
https://m.media-amazon.com/images/I/61Do-mj+W5L.jpg,244283,width,23.0 inch
https://m.media-amazon.com/images/I/41796LEid4L.jpg,244283,width,19.0 inch
https://m.media-amazon.com/images/I/6100igoe2tL.jpg,244283,width,1500.0 millimetre
https://m.media-amazon.com/images/I/51Ert6r3w-L.jpg,244283,width,39.3 inch
https://m.media-amazon.com/images/I/61F-CB+xVWL.jpg,244283,width,80.0 centimetre
https://m.media-amazon.com/images/I/51U1EcsNrXL.jpg,244283,width,16.5 centimetre
https://m.media-amazon.com/images/I/61CiGCTOUUL.jpg,244283,width,76.0 centimetre
https://m.media-amazon.com/images/I/51BtF4DrbvS.jpg,244283,width,450.0 millimetre
https://m.media-amazon.com/images/I/61BvYOenc8L.jpg,244283,width,120.0 centimetre
https://m.media-amazon.com/images/I/51LSYSQFZxL.jpg,244283,width,36.0 centimetre
https://m.media-amazon.com/images/I/51LSYSQFZxL.jpg,244283,height,14.0 inch
https://m.media-amazon.com/images/I/51oD6672H8L.jpg,244283,width,150.0 centimetre
https://m.media-amazon.com/images/I/51irV7oSXbL.jpg,244283,width,3.0 metre
https://m.media-amazon.com/images/I/41nPwWH+VGL.jpg,244283,width,61.0 centimetre
https://m.media-amazon.com/images/I/51vvFnVRg-L.jpg,244283,width,4.0 inch
https://m.media-amazon.com/images/I/61B47HEhK1L.jpg,244283,width,41.0 centimetre
https://m.media-amazon.com/images/I/611pdUek2cL.jpg,244283,width,12.0 inch
https://m.media-amazon.com/images/I/41RDa0o5WRL.jpg,244283,width,40.0 centimetre
https://m.media-amazon.com/images/I/61AUOU3VrwL.jpg,244283,width,40.0 centimetre
https://m.media-amazon.com/images/I/613pzykjOjL.jpg,244283,width,112.0 millimetre
https://m.media-amazon.com/images/I/51VYLK1-ImL.jpg,244283,width,8.0 foot
https://m.media-amazon.com/images/I/61BzWJ7Gn1L.jpg,244283,width,43.2 centimetre
https://m.media-amazon.com/images/I/611+LO0dL1L.jpg,244283,width,40.6 centimetre
https://m.media-amazon.com/images/I/51p9qWK-ZtL.jpg,244283,width,12.0 inch
https://m.media-amazon.com/images/I/615lF5ipoqL.jpg,244283,width,60.0 millimetre
https://m.media-amazon.com/images/I/51J+TZ3UM+L.jpg,244283,width,40.0 centimetre
https://m.media-amazon.com/images/I/51JekqdxwCL.jpg,244283,width,2.0 foot
https://m.media-amazon.com/images/I/619Dzs6vT+L.jpg,244283,width,40.0 centimetre
https://m.media-amazon.com/images/I/618x5NZD1UL.jpg,244283,width,5.8 inch
https://m.media-amazon.com/images/I/61FNafAsiXL.jpg,244283,width,8.7 inch
https://m.media-amazon.com/images/I/51f-HhCh0hL.jpg,244283,width,48.0 inch
https://m.media-amazon.com/images/I/51iqOgRoGrL.jpg,244283,width,7.6 centimetre
https://m.media-amazon.com/images/I/51iqOgRoGrL.jpg,244283,height,3.0 inch
https://m.media-amazon.com/images/I/51i4RGBGG4L.jpg,244283,width,30.0 centimetre
https://m.media-amazon.com/images/I/51FPoffQL4L.jpg,244283,width,250.0 centimetre
https://m.media-amazon.com/images/I/51FPoffQL4L.jpg,244283,height,250.0 centimetre
https://m.media-amazon.com/images/I/41ZbJ-BtrcL.jpg,244283,width,17.7 inch
https://m.media-amazon.com/images/I/41ZbJ-BtrcL.jpg,244283,height,39.3 inch
https://m.media-amazon.com/images/I/611g2iWzwDL.jpg,244283,width,120.0 centimetre
https://m.media-amazon.com/images/I/51n0DTIFYZL.jpg,244283,width,46.0 centimetre
https://m.media-amazon.com/images/I/612QMK+swJL.jpg,244283,width,31.5 centimetre
https://m.media-amazon.com/images/I/611Ewvrfk-L.jpg,244283,width,40.0 centimetre
https://m.media-amazon.com/images/I/619+2fZJCTL.jpg,244283,width,30.0 centimetre
https://m.media-amazon.com/images/I/61EiZ43diGL.jpg,244283,width,16.0 inch
https://m.media-amazon.com/images/I/51P5cGMJjxS.jpg,244283,width,453.0 millimetre
https://m.media-amazon.com/images/I/61+7Lyzn2FL.jpg,244283,width,70.0 centimetre
https://m.media-amazon.com/images/I/41JJWQBK59L.jpg,244283,width,3.0 foot
https://m.media-amazon.com/images/I/611FbuE+CFL.jpg,244283,width,120.0 centimetre
https://m.media-amazon.com/images/I/51gla19xY4L.jpg,244283,width,36.0 inch
https://m.media-amazon.com/images/I/51140bp1awL.jpg,244283,width,50.0 centimetre
https://m.media-amazon.com/images/I/61FsaXnmUGL.jpg,244283,width,8.5 inch
https://m.media-amazon.com/images/I/51K9VOZNQ4L.jpg,244283,width,35.0 centimetre
https://m.media-amazon.com/images/I/51paGTbB3rL.jpg,244283,height,7.87 inch
https://m.media-amazon.com/images/I/51TWMKRXKlL.jpg,244283,height,20.0 centimetre
https://m.media-amazon.com/images/I/51tG5Xx8kXL.jpg,244283,height,1122.0 millimetre
https://m.media-amazon.com/images/I/51xh1+QpvDL.jpg,244283,height,96.5 centimetre
https://m.media-amazon.com/images/I/61DbLl+YLaL.jpg,244283,height,60.0 centimetre
https://m.media-amazon.com/images/I/51Q7hITHxIL.jpg,244283,height,28.0 inch
https://m.media-amazon.com/images/I/51WJVjIQ3+L.jpg,244283,height,75.0 millimetre
https://m.media-amazon.com/images/I/6194eMhi9BL.jpg,244283,height,11.69 inch
https://m.media-amazon.com/images/I/51Cnr8pzBEL.jpg,244283,height,4.0 inch
https://m.media-amazon.com/images/I/61BdXUIX2YL.jpg,244283,height,100.0 centimetre
https://m.media-amazon.com/images/I/61CA9UsYT+L.jpg,244283,height,40.0 centimetre
https://m.media-amazon.com/images/I/51V3THUWA-L.jpg,244283,height,12.0 centimetre
https://m.media-amazon.com/images/I/51FK8EXhqaL.jpg,244283,height,380.0 millimetre
https://m.media-amazon.com/images/I/613IWpcbM2L.jpg,244283,height,12.0 inch
https://m.media-amazon.com/images/I/61G7ylbV7kL.jpg,244283,height,11.0 inch
https://m.media-amazon.com/images/I/41CoFoPhdXL.jpg,244283,height,36.0 inch
https://m.media-amazon.com/images/I/41ta+asrUwL.jpg,244283,height,29.7 centimetre
https://m.media-amazon.com/images/I/613rQoplPeL.jpg,244283,height,3.0 inch
https://m.media-amazon.com/images/I/514-zkmkuWL.jpg,244283,height,21.0 centimetre
https://m.media-amazon.com/images/I/41dgZmKr-oL.jpg,244283,height,21.0 centimetre
https://m.media-amazon.com/images/I/51QVDm7oo-L.jpg,244283,height,325.0 millimetre
https://m.media-amazon.com/images/I/51FzVMbmiAL.jpg,244283,height,8.0 inch
https://m.media-amazon.com/images/I/41qJK5mA2dL.jpg,244283,height,100.0 centimetre
https://m.media-amazon.com/images/I/61+Vq-PJ4oL.jpg,244283,height,31.5 centimetre
https://m.media-amazon.com/images/I/513iXxJiKkL.jpg,244283,height,20.3 centimetre
https://m.media-amazon.com/images/I/41evJYx9cRL.jpg,244283,height,120.0 centimetre
https://m.media-amazon.com/images/I/41TJiAgEjkL.jpg,244283,height,60.0 centimetre
https://m.media-amazon.com/images/I/51dfJeupcYL.jpg,244283,height,6.5 inch
https://m.media-amazon.com/images/I/51oiCN6nWfL.jpg,244283,height,31.0 centimetre
https://m.media-amazon.com/images/I/51UIBoTPOhL.jpg,244283,height,30.0 centimetre
https://m.media-amazon.com/images/I/61-Vba-u0sL.jpg,244283,height,18.0 inch
https://m.media-amazon.com/images/I/41WZSPcWchL.jpg,244283,height,11.69 inch
https://m.media-amazon.com/images/I/61BmF-mq5CL.jpg,244283,height,13.0 inch
https://m.media-amazon.com/images/I/41appTfzCVL.jpg,244283,height,30.0 centimetre
https://m.media-amazon.com/images/I/51MQR1CSKGL.jpg,244283,height,27.0 centimetre
https://m.media-amazon.com/images/I/51SL+7tu1uL.jpg,244283,height,1800.0 millimetre
https://m.media-amazon.com/images/I/61DVA8cmQVL.jpg,244283,height,43.7 inch
https://m.media-amazon.com/images/I/51FN3jwy2bL.jpg,244283,height,30.0 centimetre
https://m.media-amazon.com/images/I/516LvUj+8wS.jpg,244283,height,9.0 inch
https://m.media-amazon.com/images/I/613UrxHkJnL.jpg,244283,height,40.0 inch
https://m.media-amazon.com/images/I/615y5cWVPTL.jpg,244283,height,22.0 inch
https://m.media-amazon.com/images/I/617ROjcUHLL.jpg,244283,height,14.5 centimetre
https://m.media-amazon.com/images/I/41bRzk+Q0BL.jpg,244283,height,70.0 centimetre
https://m.media-amazon.com/images/I/61BOgy1vxOL.jpg,244283,height,21.0 inch
https://m.media-amazon.com/images/I/613OIAXU+HL.jpg,244283,height,50.0 centimetre
https://m.media-amazon.com/images/I/61-htU6zfiL.jpg,244283,height,42.0 centimetre
https://m.media-amazon.com/images/I/51WFMvsu8oL.jpg,244283,height,8.26 inch
https://m.media-amazon.com/images/I/616QsWPrsXL.jpg,244283,height,5.4 inch
https://m.media-amazon.com/images/I/51lsE6ihQXL.jpg,244283,height,12.0 centimetre
https://m.media-amazon.com/images/I/51DFNm7b81L.jpg,244283,height,25.0 centimetre
https://m.media-amazon.com/images/I/51Z7PAsFogL.jpg,244283,height,8.26 inch
https://m.media-amazon.com/images/I/51dkBnSoLxL.jpg,244283,height,13.58 inch
https://m.media-amazon.com/images/I/61483ykzqJL.jpg,244283,height,150.0 centimetre
https://m.media-amazon.com/images/I/51gi1kqN+4L.jpg,244283,height,30.0 centimetre
https://m.media-amazon.com/images/I/51O78x-ZaTL.jpg,244283,height,905.0 millimetre
https://m.media-amazon.com/images/I/51aON6odMWL.jpg,244283,height,67.0 inch
https://m.media-amazon.com/images/I/51jVMspWmEL.jpg,244283,height,23.0 centimetre
https://m.media-amazon.com/images/I/51x5j09-9cL.jpg,244283,height,16.0 inch
https://m.media-amazon.com/images/I/51zKA9ERDEL.jpg,244283,height,50.0 centimetre
https://m.media-amazon.com/images/I/516B8dMad9L.jpg,244283,height,24.0 inch
https://m.media-amazon.com/images/I/615qh9LB6ML.jpg,244283,height,120.0 centimetre
https://m.media-amazon.com/images/I/617l3QqW6xL.jpg,244283,height,21.0 centimetre
https://m.media-amazon.com/images/I/41Owe735-pL.jpg,244283,height,100.0 centimetre
https://m.media-amazon.com/images/I/612FPLmxn0S.jpg,244283,height,100.0 inch
https://m.media-amazon.com/images/I/51mxl-bpbwL.jpg,244283,height,36.0 inch
https://m.media-amazon.com/images/I/515D9h7gtzL.jpg,244283,height,37.0 centimetre
https://m.media-amazon.com/images/I/51gQoA-nEwL.jpg,244283,height,8.2 inch
https://m.media-amazon.com/images/I/61AXwn5vKyL.jpg,244283,height,42.0 centimetre
https://m.media-amazon.com/images/I/613SYYhk5zL.jpg,244283,height,30.0 centimetre
https://m.media-amazon.com/images/I/51wcen2Y34L.jpg,244283,height,8.5 inch
https://m.media-amazon.com/images/I/513dFWz-+FL.jpg,244283,height,4.3 inch
https://m.media-amazon.com/images/I/611BZzvAMES.jpg,244283,height,12.0 inch
https://m.media-amazon.com/images/I/51GoL4TSqlL.jpg,244283,height,18.0 centimetre
https://m.media-amazon.com/images/I/51sZk-tly8L.jpg,244283,height,12.0 inch
https://m.media-amazon.com/images/I/61EMaCK5CHL.jpg,244283,height,7.95 inch
https://m.media-amazon.com/images/I/51Hi+Vac2TL.jpg,244283,height,2.0 foot
https://m.media-amazon.com/images/I/51tvseADUDL.jpg,244283,height,7.86 inch
https://m.media-amazon.com/images/I/61BawPMSJSL.jpg,244283,height,30.2 centimetre
https://m.media-amazon.com/images/I/514Ox+saeHL.jpg,244283,height,148.0 millimetre
https://m.media-amazon.com/images/I/41ZszxVl6LL.jpg,244283,height,75.0 millimetre
https://m.media-amazon.com/images/I/6178BtuFT5L.jpg,244283,height,3.7 inch
https://m.media-amazon.com/images/I/51A1r73R76L.jpg,244283,height,90.0 centimetre
https://m.media-amazon.com/images/I/51f2fj36ueL.jpg,244283,height,90.0 centimetre
https://m.media-amazon.com/images/I/41qpO6FoTYS.jpg,244283,height,180.0 centimetre
https://m.media-amazon.com/images/I/61Cdn9dXGxL.jpg,244283,height,4.0 inch
https://m.media-amazon.com/images/I/613lEJa8iGL.jpg,244283,height,24.5 centimetre
https://m.media-amazon.com/images/I/51If8HVixJL.jpg,244283,height,20.0 centimetre
https://m.media-amazon.com/images/I/617NDiT6r4S.jpg,244283,height,1300.0 millimetre
https://m.media-amazon.com/images/I/51wzyec4F+L.jpg,244283,height,109.0 centimetre
https://m.media-amazon.com/images/I/51jfvRDEQ5L.jpg,244283,height,30.0 centimetre
https://m.media-amazon.com/images/I/51i+yP9GcvL.jpg,244283,height,12.0 inch
https://m.media-amazon.com/images/I/51-zlCGGh-L.jpg,244283,height,21.0 centimetre
https://m.media-amazon.com/images/I/512jlYrLqpL.jpg,244283,height,30.0 centimetre
https://m.media-amazon.com/images/I/61CmDORnQhL.jpg,244283,height,8.2 inch
https://m.media-amazon.com/images/I/410g4+Q88KL.jpg,244283,height,11.69 inch
https://m.media-amazon.com/images/I/51Jwq6bTSuL.jpg,244283,height,30.0 centimetre
https://m.media-amazon.com/images/I/51TjH0B8HuL.jpg,244283,height,8.65 inch
https://m.media-amazon.com/images/I/31p1E69dNaL.jpg,244283,height,20.0 centimetre
https://m.media-amazon.com/images/I/51VfkeFL3UL.jpg,244283,height,26.0 centimetre
https://m.media-amazon.com/images/I/51rDh+TYCHL.jpg,244283,height,17.7 inch
https://m.media-amazon.com/images/I/611bIo1Zc8L.jpg,244283,height,26.0 centimetre
https://m.media-amazon.com/images/I/51TW0WMZXrL.jpg,244283,height,33.0 centimetre
https://m.media-amazon.com/images/I/61BCw5-rftL.jpg,244283,height,90.0 centimetre
https://m.media-amazon.com/images/I/41zxaPuseiL.jpg,244283,height,90.0 centimetre
https://m.media-amazon.com/images/I/51+sIRYXtGL.jpg,244283,height,9.0 inch
https://m.media-amazon.com/images/I/41Uy6WFVYbL.jpg,244283,height,39.3 inch
https://m.media-amazon.com/images/I/41QV-Y8DW6L.jpg,244283,height,180.0 centimetre
https://m.media-amazon.com/images/I/51K4h3RmtfL.jpg,244283,height,8.0 inch
https://m.media-amazon.com/images/I/51+Ro7wIAfL.jpg,244283,height,30.5 centimetre
https://m.media-amazon.com/images/I/614isDjKz0L.jpg,244283,height,15.0 inch
https://m.media-amazon.com/images/I/51T3pd0zHRL.jpg,244283,height,1800.0 millimetre
https://m.media-amazon.com/images/I/51oNRrDx6WL.jpg,244283,height,21.0 centimetre
https://m.media-amazon.com/images/I/41K3vq7yBWL.jpg,244283,height,69.9 centimetre
https://m.media-amazon.com/images/I/51AyBjMWgSL.jpg,244283,height,5.9 inch
https://m.media-amazon.com/images/I/616fGcloQrL.jpg,244283,height,12.0 inch
https://m.media-amazon.com/images/I/61-pnYTXtGL.jpg,244283,height,24.0 inch
https://m.media-amazon.com/images/I/619NlIEiFGL.jpg,244283,height,5.0 inch
https://m.media-amazon.com/images/I/51Mt1yHb-2L.jpg,244283,height,9.0 inch
https://m.media-amazon.com/images/I/51zfLl9H4hL.jpg,244283,height,1500.0 millimetre
https://m.media-amazon.com/images/I/51sPbZRFOPL.jpg,244283,height,34.0 centimetre
https://m.media-amazon.com/images/I/51voH0Cc81L.jpg,244283,height,30.0 centimetre
https://m.media-amazon.com/images/I/517IqzhqXRL.jpg,244283,height,3.0 inch
https://m.media-amazon.com/images/I/517Mo+7PXEL.jpg,244283,height,30.5 centimetre
https://m.media-amazon.com/images/I/51pl607O0XL.jpg,244283,height,20.0 centimetre
https://m.media-amazon.com/images/I/61FCPh5wgeL.jpg,244283,height,15.0 inch
https://m.media-amazon.com/images/I/41OBNvlQ-rL.jpg,244283,height,17.0 inch
https://m.media-amazon.com/images/I/61C4mdHH3-L.jpg,244283,height,12.0 inch
