image_link,group_id,entity_name,entity_value
https://m.media-amazon.com/images/I/51O8Gf9T+tL.jpg,278850,width,1.0 centimetre
https://m.media-amazon.com/images/I/51yFxhU+yEL.jpg,278850,width,35.0 millimetre
https://m.media-amazon.com/images/I/61E6x6THTvL.jpg,278850,width,2.0 centimetre
https://m.media-amazon.com/images/I/61DW4FDK6LL.jpg,278850,width,1.3 inch
https://m.media-amazon.com/images/I/51A70G90u-L.jpg,278850,width,12.0 millimetre
https://m.media-amazon.com/images/I/51LLDOCFecL.jpg,278850,width,3.7 centimetre
https://m.media-amazon.com/images/I/51JFxxEf7BL.jpg,278850,width,8.0 inch
https://m.media-amazon.com/images/I/51JTpplf-8L.jpg,278850,width,30.0 millimetre
https://m.media-amazon.com/images/I/51Fhjf6IaoL.jpg,278850,width,3.0 centimetre
https://m.media-amazon.com/images/I/51SFeyKOGlL.jpg,278850,width,1.8 inch
https://m.media-amazon.com/images/I/51YJzXKEJqS.jpg,278850,width,12.0 millimetre
https://m.media-amazon.com/images/I/61A4Eju8aKL.jpg,278850,width,0.75 inch
https://m.media-amazon.com/images/I/61A4Eju8aKL.jpg,278850,height,1.97 inch
https://m.media-amazon.com/images/I/415zuz5xk7L.jpg,278850,width,24.0 millimetre
https://m.media-amazon.com/images/I/31MWqD544jL.jpg,278850,width,23.0 millimetre
https://m.media-amazon.com/images/I/31MWqD544jL.jpg,278850,height,31.0 millimetre
https://m.media-amazon.com/images/I/51UPkIijAKL.jpg,278850,width,1.6 centimetre
https://m.media-amazon.com/images/I/61ElmdEDf7L.jpg,278850,width,22.0 millimetre
https://m.media-amazon.com/images/I/512qYmhFQVL.jpg,278850,width,34.0 millimetre
https://m.media-amazon.com/images/I/6182hkIvQQS.jpg,278850,width,2.5 centimetre
https://m.media-amazon.com/images/I/51F9i4ylnWL.jpg,278850,width,28.0 millimetre
https://m.media-amazon.com/images/I/51E3JX7ZwXL.jpg,278850,width,21.0 millimetre
https://m.media-amazon.com/images/I/61AIWgbga4L.jpg,278850,width,1.1 inch
https://m.media-amazon.com/images/I/61AIWgbga4L.jpg,278850,depth,1.1 inch
https://m.media-amazon.com/images/I/51McMBObH7L.jpg,278850,width,20.0 millimetre
https://m.media-amazon.com/images/I/51FYYxCTk4L.jpg,278850,width,18.0 millimetre
https://m.media-amazon.com/images/I/617NGjBPyUL.jpg,278850,width,1.5 centimetre
https://m.media-amazon.com/images/I/51VFSHq+QRL.jpg,278850,width,36.0 millimetre
https://m.media-amazon.com/images/I/612sybJEBdL.jpg,278850,width,3.5 centimetre
https://m.media-amazon.com/images/I/61EeKXUqhkL.jpg,278850,width,2.36 inch
https://m.media-amazon.com/images/I/61EeKXUqhkL.jpg,278850,depth,2.6 inch
https://m.media-amazon.com/images/I/61Ak2Gp4ZyL.jpg,278850,width,1.49 inch
https://m.media-amazon.com/images/I/5135V8gf84L.jpg,278850,width,14.0 millimetre
https://m.media-amazon.com/images/I/51e2hmubjrL.jpg,278850,width,2.1 centimetre
https://m.media-amazon.com/images/I/61BiKdU6ztL.jpg,278850,width,1.06 inch
https://m.media-amazon.com/images/I/61BcZnpsIpL.jpg,278850,width,27.0 millimetre
https://m.media-amazon.com/images/I/61AJrjGaq9L.jpg,278850,width,3.0 centimetre
https://m.media-amazon.com/images/I/516QCOx9AlL.jpg,278850,width,3.5 centimetre
https://m.media-amazon.com/images/I/61A7Nq9M8dL.jpg,278850,width,27.0 millimetre
https://m.media-amazon.com/images/I/51E3lRbnHUL.jpg,278850,width,1.0 inch
https://m.media-amazon.com/images/I/51E3lRbnHUL.jpg,278850,depth,1.0 inch
https://m.media-amazon.com/images/I/51E3lRbnHUL.jpg,278850,height,2.38 inch
https://m.media-amazon.com/images/I/51nNmMUHT6L.jpg,278850,width,1.8 inch
https://m.media-amazon.com/images/I/419U6WuTmoL.jpg,278850,width,30.0 millimetre
https://m.media-amazon.com/images/I/419U6WuTmoL.jpg,278850,depth,30.0 millimetre
https://m.media-amazon.com/images/I/618vcTCb3NL.jpg,278850,width,3.0 centimetre
https://m.media-amazon.com/images/I/614hVqCV1wL.jpg,278850,width,3.5 centimetre
https://m.media-amazon.com/images/I/41UqE4k-vgL.jpg,278850,width,12.0 millimetre
https://m.media-amazon.com/images/I/41jjCmi7hZL.jpg,278850,width,39.0 millimetre
https://m.media-amazon.com/images/I/51xSO+wLNHL.jpg,278850,width,3.85 inch
https://m.media-amazon.com/images/I/51D4ztm9RiL.jpg,278850,width,25.0 millimetre
https://m.media-amazon.com/images/I/51VddOu+2wL.jpg,278850,width,2.3 centimetre
https://m.media-amazon.com/images/I/61-Cx0LQ8NL.jpg,278850,width,20.0 millimetre
https://m.media-amazon.com/images/I/51ELVXeVUcL.jpg,278850,depth,4.2 centimetre
https://m.media-amazon.com/images/I/41j7Yu28OnL.jpg,278850,depth,0.35 inch
https://m.media-amazon.com/images/I/519K4joX4vL.jpg,278850,depth,8.89 centimetre
https://m.media-amazon.com/images/I/61FMveMY1+L.jpg,278850,depth,14.0 centimetre
https://m.media-amazon.com/images/I/61-Y9xRfSZL.jpg,278850,depth,3.0 centimetre
https://m.media-amazon.com/images/I/61AJc2QhW6L.jpg,278850,depth,1.37 inch
https://m.media-amazon.com/images/I/612B-hXQeBL.jpg,278850,depth,4.8 centimetre
https://m.media-amazon.com/images/I/61-Sv-WQrML.jpg,278850,depth,23.0 millimetre
https://m.media-amazon.com/images/I/61Arxy0zbTL.jpg,278850,depth,63.0 millimetre
https://m.media-amazon.com/images/I/61DYGViB0aL.jpg,278850,depth,27.0 millimetre
https://m.media-amazon.com/images/I/51rGzlrDmqL.jpg,278850,depth,14.0 millimetre
https://m.media-amazon.com/images/I/51gaWnAcEXL.jpg,278850,depth,46.0 millimetre
https://m.media-amazon.com/images/I/614cGfWUWsS.jpg,278850,depth,4.53 inch
https://m.media-amazon.com/images/I/51oEQwp2uzL.jpg,278850,depth,10.0 inch
https://m.media-amazon.com/images/I/51dPBCA+ECL.jpg,278850,depth,10.0 centimetre
https://m.media-amazon.com/images/I/61DZHKVG93L.jpg,278850,depth,1.3 inch
https://m.media-amazon.com/images/I/51MvwRqGMcL.jpg,278850,depth,11.0 millimetre
https://m.media-amazon.com/images/I/51sjzwcphhL.jpg,278850,depth,14.0 millimetre
https://m.media-amazon.com/images/I/51VJv5d7IiL.jpg,278850,depth,44.0 millimetre
https://m.media-amazon.com/images/I/51MzB79EFQL.jpg,278850,depth,43.0 millimetre
https://m.media-amazon.com/images/I/51B2+v0PPzL.jpg,278850,depth,0.56 inch
https://m.media-amazon.com/images/I/51XoBPyt7pL.jpg,278850,depth,13.5 centimetre
https://m.media-amazon.com/images/I/6173zkxpxfL.jpg,278850,depth,14.0 centimetre
https://m.media-amazon.com/images/I/51MOFbAgndL.jpg,278850,depth,50.0 millimetre
https://m.media-amazon.com/images/I/51dDnyGNQqL.jpg,278850,depth,2.5 centimetre
https://m.media-amazon.com/images/I/51PscvvGuaL.jpg,278850,depth,10.5 inch
https://m.media-amazon.com/images/I/6159Cx+hZBL.jpg,278850,depth,3.0 centimetre
https://m.media-amazon.com/images/I/61GFlERpZ6L.jpg,278850,depth,60.0 millimetre
https://m.media-amazon.com/images/I/516sCOag4mL.jpg,278850,depth,1.5 centimetre
https://m.media-amazon.com/images/I/516sCOag4mL.jpg,278850,height,4.5 centimetre
https://m.media-amazon.com/images/I/31GmfiyZ9oS.jpg,278850,depth,3.0 centimetre
https://m.media-amazon.com/images/I/51vfeQoFKoS.jpg,278850,depth,2.6 inch
https://m.media-amazon.com/images/I/6186vvAsCKL.jpg,278850,depth,1.46 inch
https://m.media-amazon.com/images/I/6186vvAsCKL.jpg,278850,height,2.48 inch
https://m.media-amazon.com/images/I/51DAx-kbc+L.jpg,278850,depth,1.66 inch
https://m.media-amazon.com/images/I/616xkHmB0tL.jpg,278850,depth,6.0 inch
https://m.media-amazon.com/images/I/615T79xXASL.jpg,278850,depth,39.0 millimetre
https://m.media-amazon.com/images/I/618t6KeVAOL.jpg,278850,depth,0.59 inch
https://m.media-amazon.com/images/I/51fegv4TKwL.jpg,278850,depth,1.0 centimetre
https://m.media-amazon.com/images/I/61DsSGMFSWL.jpg,278850,depth,8.3 inch
https://m.media-amazon.com/images/I/618jpjzHOtL.jpg,278850,depth,1.01 inch
https://m.media-amazon.com/images/I/51ttcOWn7eL.jpg,278850,depth,4.5 centimetre
https://m.media-amazon.com/images/I/51ttcOWn7eL.jpg,278850,height,7.5 centimetre
https://m.media-amazon.com/images/I/6164kgIaeOL.jpg,278850,depth,25.0 centimetre
https://m.media-amazon.com/images/I/61+c3TRAJ6L.jpg,278850,depth,217.0 millimetre
https://m.media-amazon.com/images/I/51mVB33dfoL.jpg,278850,depth,6.06 inch
https://m.media-amazon.com/images/I/51aeVlmkoSL.jpg,278850,depth,3.3 centimetre
https://m.media-amazon.com/images/I/516UWZMxdUL.jpg,278850,depth,2.5 centimetre
https://m.media-amazon.com/images/I/61G16zbCecL.jpg,278850,depth,1.18 inch
https://m.media-amazon.com/images/I/51j-TNsoJqL.jpg,278850,depth,3.0 centimetre
https://m.media-amazon.com/images/I/51SJOJEdYHL.jpg,278850,depth,2.55 inch
https://m.media-amazon.com/images/I/613H6OrzwYL.jpg,278850,depth,8.0 centimetre
https://m.media-amazon.com/images/I/61DpZTkLMhL.jpg,278850,depth,15.0 centimetre
https://m.media-amazon.com/images/I/614m235LA3L.jpg,278850,depth,2.38 inch
https://m.media-amazon.com/images/I/51q2KeoMjNL.jpg,278850,depth,15.0 centimetre
https://m.media-amazon.com/images/I/51ukdPsXqTL.jpg,278850,depth,5.0 centimetre
https://m.media-amazon.com/images/I/611hyljPkAL.jpg,278850,depth,95.0 millimetre
https://m.media-amazon.com/images/I/517pvCtDhXL.jpg,278850,depth,30.0 millimetre
https://m.media-amazon.com/images/I/51ILP-qiWeS.jpg,278850,depth,10.5 millimetre
https://m.media-amazon.com/images/I/41HF5c8tL4L.jpg,278850,depth,1.0 inch
https://m.media-amazon.com/images/I/41HF5c8tL4L.jpg,278850,height,3.3 inch
https://m.media-amazon.com/images/I/41NqvPTHSKL.jpg,278850,depth,48.0 millimetre
https://m.media-amazon.com/images/I/61Bm3U3dBPL.jpg,278850,depth,5.0 centimetre
https://m.media-amazon.com/images/I/41fKEi0C2jL.jpg,278850,depth,7.6 centimetre
https://m.media-amazon.com/images/I/618thIVm1EL.jpg,278850,depth,1.0 inch
https://m.media-amazon.com/images/I/51tVsZ3sYQL.jpg,278850,depth,3.0 centimetre
https://m.media-amazon.com/images/I/51BcV1xLPOL.jpg,278850,depth,3.14 inch
https://m.media-amazon.com/images/I/51BcV1xLPOL.jpg,278850,height,4.09 inch
https://m.media-amazon.com/images/I/51gEbhZYgfL.jpg,278850,depth,4.0 inch
https://m.media-amazon.com/images/I/6155x22+vEL.jpg,278850,depth,53.0 centimetre
https://m.media-amazon.com/images/I/613DVHTq3yL.jpg,278850,depth,27.0 millimetre
https://m.media-amazon.com/images/I/510g3o22SkS.jpg,278850,depth,8.0 inch
https://m.media-amazon.com/images/I/61+AAFByMHL.jpg,278850,depth,6.29 inch
https://m.media-amazon.com/images/I/51tkujns7mL.jpg,278850,depth,10.5 millimetre
https://m.media-amazon.com/images/I/61DCgJUfywL.jpg,278850,depth,16.0 centimetre
https://m.media-amazon.com/images/I/51spsTcrLrS.jpg,278850,depth,8.0 inch
https://m.media-amazon.com/images/I/61G8hToU0UL.jpg,278850,depth,3.2 centimetre
https://m.media-amazon.com/images/I/411aB-IVTrL.jpg,278850,depth,1.18 inch
https://m.media-amazon.com/images/I/51F45K+wNkL.jpg,278850,depth,11.0 inch
https://m.media-amazon.com/images/I/51u8A0B-+1L.jpg,278850,depth,40.0 millimetre
https://m.media-amazon.com/images/I/51doxe+NHHL.jpg,278850,depth,18.0 centimetre
https://m.media-amazon.com/images/I/610sjdTvgwL.jpg,278850,depth,150.0 millimetre
https://m.media-amazon.com/images/I/613cWJlUefL.jpg,278850,depth,7.25 inch
https://m.media-amazon.com/images/I/510bTUY0+jL.jpg,278850,depth,16.0 centimetre
https://m.media-amazon.com/images/I/418KCy4nr7L.jpg,278850,depth,3.0 centimetre
https://m.media-amazon.com/images/I/51EmIIWEdML.jpg,278850,depth,3.0 millimetre
https://m.media-amazon.com/images/I/616H2zbyalL.jpg,278850,depth,3.0 centimetre
https://m.media-amazon.com/images/I/51u0o-P-dGL.jpg,278850,depth,40.0 millimetre
https://m.media-amazon.com/images/I/51Yv8cZsNpL.jpg,278850,depth,12.5 centimetre
https://m.media-amazon.com/images/I/51Yv8cZsNpL.jpg,278850,height,4.0 inch
https://m.media-amazon.com/images/I/51XjMbTolcL.jpg,278850,depth,44.0 millimetre
https://m.media-amazon.com/images/I/51XjMbTolcL.jpg,278850,height,46.0 millimetre
https://m.media-amazon.com/images/I/51iq+O+Eo0L.jpg,278850,depth,6.0 inch
https://m.media-amazon.com/images/I/61DMmoN9+0L.jpg,278850,depth,30.0 millimetre
https://m.media-amazon.com/images/I/41mokkcJDAL.jpg,278850,depth,2.5 centimetre
https://m.media-amazon.com/images/I/613ZvcU3XpL.jpg,278850,depth,39.0 millimetre
https://m.media-amazon.com/images/I/51uKbCJ+ntS.jpg,278850,depth,48.0 millimetre
https://m.media-amazon.com/images/I/61+PJy5iTBL.jpg,278850,depth,11.0 centimetre
https://m.media-amazon.com/images/I/51jwLJqusYL.jpg,278850,depth,12.0 millimetre
https://m.media-amazon.com/images/I/615KaSwjO6L.jpg,278850,depth,10.2 centimetre
https://m.media-amazon.com/images/I/51fcPQVg8aL.jpg,278850,depth,10.0 centimetre
https://m.media-amazon.com/images/I/51xnSltpR5L.jpg,278850,depth,0.78 inch
https://m.media-amazon.com/images/I/61DYQwuhtCL.jpg,278850,depth,1.0 inch
https://m.media-amazon.com/images/I/51qIAKU51wL.jpg,278850,depth,3.0 inch
https://m.media-amazon.com/images/I/51SOiF1tLaL.jpg,278850,depth,63.0 millimetre
https://m.media-amazon.com/images/I/51CQz366OjL.jpg,278850,depth,4.0 inch
https://m.media-amazon.com/images/I/51URJg5YVoL.jpg,278850,depth,95.0 millimetre
https://m.media-amazon.com/images/I/61Ax2JS5tcL.jpg,278850,depth,5.0 centimetre
https://m.media-amazon.com/images/I/519uzkp5iyL.jpg,278850,depth,9.2 centimetre
https://m.media-amazon.com/images/I/519uzkp5iyL.jpg,278850,height,9.2 centimetre
https://m.media-amazon.com/images/I/612eu1IOs1L.jpg,278850,depth,3.3 centimetre
https://m.media-amazon.com/images/I/612eu1IOs1L.jpg,278850,height,5.8 centimetre
https://m.media-amazon.com/images/I/41TPMvNJONL.jpg,278850,depth,10.2 centimetre
https://m.media-amazon.com/images/I/61Anh1PYL-L.jpg,278850,depth,28.0 centimetre
https://m.media-amazon.com/images/I/612RT4lrZrL.jpg,278850,depth,3.0 centimetre
https://m.media-amazon.com/images/I/610tAH10UwL.jpg,278850,depth,4.02 inch
https://m.media-amazon.com/images/I/51Y66qY1VfL.jpg,278850,depth,20.0 millimetre
https://m.media-amazon.com/images/I/61DRCI+NogL.jpg,278850,depth,2.95 inch
https://m.media-amazon.com/images/I/61ERYBA9l0L.jpg,278850,depth,7.2 inch
https://m.media-amazon.com/images/I/51qMr1IezLL.jpg,278850,depth,3.7 inch
https://m.media-amazon.com/images/I/51qMr1IezLL.jpg,278850,height,2.5 inch
https://m.media-amazon.com/images/I/51mrrdNTuoL.jpg,278850,depth,2.2 centimetre
https://m.media-amazon.com/images/I/619FksFnpFL.jpg,278850,depth,11.0 centimetre
https://m.media-amazon.com/images/I/51VKWQSqaLL.jpg,278850,depth,14.0 millimetre
https://m.media-amazon.com/images/I/617BC4tNaUL.jpg,278850,depth,0.75 inch
https://m.media-amazon.com/images/I/51kF6PZ6DdL.jpg,278850,depth,7.0 centimetre
https://m.media-amazon.com/images/I/61-7af3U2cL.jpg,278850,depth,14.0 centimetre
https://m.media-amazon.com/images/I/51pJM+F1xfL.jpg,278850,depth,9.0 millimetre
https://m.media-amazon.com/images/I/51jIV6mYgLL.jpg,278850,depth,3.7 centimetre
https://m.media-amazon.com/images/I/51bNq1m2o6L.jpg,278850,depth,14.8 centimetre
https://m.media-amazon.com/images/I/41RAPm8oGDL.jpg,278850,depth,17.0 centimetre
https://m.media-amazon.com/images/I/41RAPm8oGDL.jpg,278850,height,10.0 centimetre
https://m.media-amazon.com/images/I/613tCBPTmXL.jpg,278850,depth,6.0 inch
https://m.media-amazon.com/images/I/61FehpBuV0L.jpg,278850,depth,21.0 millimetre
https://m.media-amazon.com/images/I/516-IaDVNFL.jpg,278850,depth,0.67 inch
https://m.media-amazon.com/images/I/619JZ2FwCLL.jpg,278850,depth,40.0 millimetre
https://m.media-amazon.com/images/I/51hp6M5kafL.jpg,278850,depth,68.0 millimetre
https://m.media-amazon.com/images/I/51hp6M5kafL.jpg,278850,height,68.0 millimetre
https://m.media-amazon.com/images/I/51wGdURkeeL.jpg,278850,depth,13.5 millimetre
https://m.media-amazon.com/images/I/51MScSyWqRL.jpg,278850,depth,12.0 millimetre
https://m.media-amazon.com/images/I/51zGvESJBLL.jpg,278850,depth,5.9 inch
https://m.media-amazon.com/images/I/61-KSY9ieJL.jpg,278850,depth,38.0 millimetre
https://m.media-amazon.com/images/I/617X84J7EZL.jpg,278850,depth,3.0 centimetre
https://m.media-amazon.com/images/I/51mrsMOcrjL.jpg,278850,depth,10.0 centimetre
https://m.media-amazon.com/images/I/61ETRjVQpDL.jpg,278850,depth,8.86 inch
https://m.media-amazon.com/images/I/61ETRjVQpDL.jpg,278850,height,6.69 inch
https://m.media-amazon.com/images/I/61C-BhEU10L.jpg,278850,depth,1.18 inch
https://m.media-amazon.com/images/I/614POTV5paL.jpg,278850,depth,21.5 centimetre
https://m.media-amazon.com/images/I/611zhTpdAmL.jpg,278850,depth,6.0 inch
https://m.media-amazon.com/images/I/41yjhh4mztL.jpg,278850,depth,10.0 centimetre
https://m.media-amazon.com/images/I/51ZVKJUGPGL.jpg,278850,depth,10.0 millimetre
https://m.media-amazon.com/images/I/61D+OWWGtmL.jpg,278850,depth,3.0 centimetre
https://m.media-amazon.com/images/I/61AIUIyBywL.jpg,278850,depth,11.0 centimetre
https://m.media-amazon.com/images/I/615YkU96YmL.jpg,278850,depth,4.0 centimetre
https://m.media-amazon.com/images/I/619kEjsV1BL.jpg,278850,depth,2.76 inch
https://m.media-amazon.com/images/I/618LHKB1Z9L.jpg,278850,depth,2.0 inch
https://m.media-amazon.com/images/I/51h-J+zWVKL.jpg,278850,depth,17.0 millimetre
https://m.media-amazon.com/images/I/614-an7beRL.jpg,278850,depth,6.0 millimetre
https://m.media-amazon.com/images/I/613lccBr1-L.jpg,278850,depth,25.0 millimetre
https://m.media-amazon.com/images/I/51PNR0H5VAL.jpg,278850,depth,45.0 millimetre
https://m.media-amazon.com/images/I/6185t2hjciL.jpg,278850,depth,146.0 millimetre
https://m.media-amazon.com/images/I/616DbMBt0eS.jpg,278850,depth,1.9 inch
https://m.media-amazon.com/images/I/513ErlvjU0L.jpg,278850,height,2.05 inch
https://m.media-amazon.com/images/I/51zDx2RQf1L.jpg,278850,height,2.0 inch
https://m.media-amazon.com/images/I/6180fKviEjL.jpg,278850,height,8.3 inch
https://m.media-amazon.com/images/I/51FLF8k0hRL.jpg,278850,height,16.0 centimetre
https://m.media-amazon.com/images/I/61-NFLmH0cL.jpg,278850,height,2.36 inch
https://m.media-amazon.com/images/I/51xhDlZ8VPL.jpg,278850,height,5.8 centimetre
https://m.media-amazon.com/images/I/51wzpM8ptoL.jpg,278850,height,37.0 millimetre
https://m.media-amazon.com/images/I/510tfK5atSL.jpg,278850,height,22.0 millimetre
https://m.media-amazon.com/images/I/51rjNQaz55L.jpg,278850,height,6.0 centimetre
https://m.media-amazon.com/images/I/615sP4leQwS.jpg,278850,height,2.2 centimetre
https://m.media-amazon.com/images/I/51lRgJP9rQL.jpg,278850,height,1.1 centimetre
https://m.media-amazon.com/images/I/512KUHyYYyL.jpg,278850,height,5.9 centimetre
https://m.media-amazon.com/images/I/51E9UgVnNBL.jpg,278850,height,5.9 centimetre
https://m.media-amazon.com/images/I/612a7uPi5YL.jpg,278850,height,2.9 centimetre
https://m.media-amazon.com/images/I/61Bz0Vfw5mL.jpg,278850,height,16.0 millimetre
https://m.media-amazon.com/images/I/51u89n2JBYL.jpg,278850,height,110.0 millimetre
https://m.media-amazon.com/images/I/610Ih+H4QhL.jpg,278850,height,9.0 millimetre
https://m.media-amazon.com/images/I/51lYFMEo3iL.jpg,278850,height,51.0 millimetre
https://m.media-amazon.com/images/I/5119smvWfFL.jpg,278850,height,63.0 millimetre
https://m.media-amazon.com/images/I/51L8avHjaxL.jpg,278850,height,2.36 inch
https://m.media-amazon.com/images/I/51Y5ZxSDEhL.jpg,278850,height,70.0 millimetre
https://m.media-amazon.com/images/I/51CUlGc7RPS.jpg,278850,height,4.3 inch
https://m.media-amazon.com/images/I/51PnYSGtYnL.jpg,278850,height,1.73 inch
https://m.media-amazon.com/images/I/6116hlo1yfL.jpg,278850,height,16.0 centimetre
https://m.media-amazon.com/images/I/51yReuzNh4L.jpg,278850,height,8.0 centimetre
https://m.media-amazon.com/images/I/41k1137MhqL.jpg,278850,height,11.3 centimetre
https://m.media-amazon.com/images/I/619kGdujMHL.jpg,278850,height,5.0 centimetre
https://m.media-amazon.com/images/I/61C2iyC6HdL.jpg,278850,height,87.0 millimetre
https://m.media-amazon.com/images/I/61-pH+TscpL.jpg,278850,height,16.0 centimetre
https://m.media-amazon.com/images/I/6116ZV115fL.jpg,278850,height,2.36 inch
https://m.media-amazon.com/images/I/51sSr+sZ-CL.jpg,278850,height,15.5 centimetre
https://m.media-amazon.com/images/I/61GBOHKmUWL.jpg,278850,height,65.0 millimetre
https://m.media-amazon.com/images/I/514EjDVWVNL.jpg,278850,height,3.0 inch
https://m.media-amazon.com/images/I/51ffbM9oUyL.jpg,278850,height,45.0 millimetre
https://m.media-amazon.com/images/I/51vxX5BCvrL.jpg,278850,height,66.0 millimetre
https://m.media-amazon.com/images/I/51YyScSV20L.jpg,278850,height,4.33 inch
https://m.media-amazon.com/images/I/51E5wqle-RL.jpg,278850,height,1.5 inch
https://m.media-amazon.com/images/I/613X2EmMCIL.jpg,278850,height,10.0 centimetre
https://m.media-amazon.com/images/I/61+Cr+YaEVL.jpg,278850,height,8.26 inch
https://m.media-amazon.com/images/I/61Btt2UwfNL.jpg,278850,height,3.74 inch
https://m.media-amazon.com/images/I/612GRsIk5mL.jpg,278850,height,2.95 inch
https://m.media-amazon.com/images/I/61-idNtcoBL.jpg,278850,height,7.6 centimetre
https://m.media-amazon.com/images/I/612mN6lflqL.jpg,278850,height,90.0 millimetre
https://m.media-amazon.com/images/I/51OlDRp3DsL.jpg,278850,height,2.1 centimetre
https://m.media-amazon.com/images/I/61-CYIArU3L.jpg,278850,height,76.0 millimetre
https://m.media-amazon.com/images/I/51UqpQfNT4L.jpg,278850,height,4.5 centimetre
https://m.media-amazon.com/images/I/51T+JM9TqgL.jpg,278850,height,19.0 centimetre
https://m.media-amazon.com/images/I/51OAS8p7gtL.jpg,278850,height,44.0 millimetre
https://m.media-amazon.com/images/I/61Efg3rFxjL.jpg,278850,height,6.3 inch
https://m.media-amazon.com/images/I/51eaHSkZdKL.jpg,278850,height,3.14 inch
https://m.media-amazon.com/images/I/51OgbjpFIpL.jpg,278850,height,3.7 inch
https://m.media-amazon.com/images/I/51MwMsModjL.jpg,278850,height,50.0 millimetre
https://m.media-amazon.com/images/I/51ZUJedRLQL.jpg,278850,height,7.0 centimetre
https://m.media-amazon.com/images/I/61-Pn0uC8OL.jpg,278850,height,3.62 inch
https://m.media-amazon.com/images/I/51UUFZ1-ebL.jpg,278850,height,65.0 millimetre
https://m.media-amazon.com/images/I/51jF0t-+F9L.jpg,278850,height,7.0 inch
https://m.media-amazon.com/images/I/61FGR7Et1mL.jpg,278850,height,4.8 centimetre
https://m.media-amazon.com/images/I/616syC+yzJS.jpg,278850,height,4.1 inch
https://m.media-amazon.com/images/I/51gD5AHjbFL.jpg,278850,height,10.5 centimetre
https://m.media-amazon.com/images/I/51PcmQY98yL.jpg,278850,height,2.6 inch
https://m.media-amazon.com/images/I/510CjW2Mr9L.jpg,278850,height,3.0 inch
https://m.media-amazon.com/images/I/513ID+lgs9L.jpg,278850,height,2.38 inch
https://m.media-amazon.com/images/I/61-yMrtsoLL.jpg,278850,height,2.36 inch
https://m.media-amazon.com/images/I/615vBALQ8UL.jpg,278850,height,64.0 millimetre
https://m.media-amazon.com/images/I/516GIA7+sSS.jpg,278850,height,6.0 centimetre
https://m.media-amazon.com/images/I/51iToFOUvyL.jpg,278850,height,98.0 millimetre
https://m.media-amazon.com/images/I/51Ivyt8YsEL.jpg,278850,height,16.0 centimetre
https://m.media-amazon.com/images/I/617hFhWQPdL.jpg,278850,height,70.0 millimetre
https://m.media-amazon.com/images/I/51O2plpbJZL.jpg,278850,height,2.75 inch
https://m.media-amazon.com/images/I/51htAldT+jL.jpg,278850,height,3.5 centimetre
https://m.media-amazon.com/images/I/51U9ftE3bYL.jpg,278850,height,6.0 centimetre
https://m.media-amazon.com/images/I/51VcncYx16L.jpg,278850,height,6.5 centimetre
https://m.media-amazon.com/images/I/618eWTyXx-L.jpg,278850,height,60.0 millimetre
https://m.media-amazon.com/images/I/613avXYxdpL.jpg,278850,height,27.5 millimetre
https://m.media-amazon.com/images/I/51VSN8K6xkL.jpg,278850,height,0.19 inch
https://m.media-amazon.com/images/I/611BGx88laL.jpg,278850,height,37.0 millimetre
https://m.media-amazon.com/images/I/51m5XpYR+ZL.jpg,278850,height,5.0 centimetre
https://m.media-amazon.com/images/I/61EByVlo2cS.jpg,278850,height,6.0 inch
https://m.media-amazon.com/images/I/612W8qoFwJL.jpg,278850,height,4.88 inch
https://m.media-amazon.com/images/I/51yjP9PA+5L.jpg,278850,height,58.0 millimetre
https://m.media-amazon.com/images/I/61E-aN5lZjL.jpg,278850,height,89.0 millimetre
https://m.media-amazon.com/images/I/615SvS6RPcL.jpg,278850,height,16.0 centimetre
https://m.media-amazon.com/images/I/51z4RmV6nrL.jpg,278850,height,56.0 millimetre
https://m.media-amazon.com/images/I/51TfTu42j-L.jpg,278850,height,8.25 inch
https://m.media-amazon.com/images/I/41pFCuH3CVL.jpg,278850,height,59.0 millimetre
https://m.media-amazon.com/images/I/51IAgrDNfLL.jpg,278850,height,7.0 inch
https://m.media-amazon.com/images/I/51FECFSdK2L.jpg,278850,height,4.5 centimetre
https://m.media-amazon.com/images/I/61+vcwifhbL.jpg,278850,height,4.0 centimetre
https://m.media-amazon.com/images/I/51X2OwR-AXL.jpg,278850,height,63.0 millimetre
https://m.media-amazon.com/images/I/41wq7TYXioL.jpg,278850,height,48.0 millimetre
https://m.media-amazon.com/images/I/51ohpb+fboL.jpg,278850,height,57.0 millimetre
https://m.media-amazon.com/images/I/51L7vbGomBL.jpg,278850,height,29.7 centimetre
https://m.media-amazon.com/images/I/51Am6F0X-9S.jpg,278850,height,36.0 millimetre
https://m.media-amazon.com/images/I/51mQe0majeL.jpg,278850,height,5.1 centimetre
https://m.media-amazon.com/images/I/51l+viBH3JL.jpg,278850,height,66.0 millimetre
https://m.media-amazon.com/images/I/618U37p0kML.jpg,278850,height,4.33 inch
