image_link,group_id,entity_name,entity_value
https://m.media-amazon.com/images/I/511RPTHMJ7L.jpg,171493,width,5.1 inch
https://m.media-amazon.com/images/I/51ngKYrNysL.jpg,171493,width,0.59 inch
https://m.media-amazon.com/images/I/516uxkFeIsL.jpg,171493,width,12.5 millimetre
https://m.media-amazon.com/images/I/516uxkFeIsL.jpg,171493,height,12.5 millimetre
https://m.media-amazon.com/images/I/51XxXfH8LqL.jpg,171493,width,8.0 millimetre
https://m.media-amazon.com/images/I/611OAgxputL.jpg,171493,width,2.0 inch
https://m.media-amazon.com/images/I/41pajQo8qBL.jpg,171493,width,1.1 centimetre
https://m.media-amazon.com/images/I/61Egn1Ln1uL.jpg,171493,width,12.0 millimetre
https://m.media-amazon.com/images/I/61Egn1Ln1uL.jpg,171493,height,12.0 millimetre
https://m.media-amazon.com/images/I/51ve-UHjeYL.jpg,171493,width,15.0 millimetre
https://m.media-amazon.com/images/I/51ve-UHjeYL.jpg,171493,height,8.0 millimetre
https://m.media-amazon.com/images/I/51J02AshBbL.jpg,171493,depth,14.5 centimetre
https://m.media-amazon.com/images/I/51M6hR4tm4L.jpg,171493,depth,70.0 millimetre
https://m.media-amazon.com/images/I/51E6y8ZTpVL.jpg,171493,depth,2.09 inch
https://m.media-amazon.com/images/I/51oFSduyiZL.jpg,171493,depth,5.3 centimetre
https://m.media-amazon.com/images/I/61GKjiWjq-L.jpg,171493,depth,8.0 inch
https://m.media-amazon.com/images/I/51Pl4l4yRaL.jpg,171493,depth,99.0 millimetre
https://m.media-amazon.com/images/I/61DH0z4ImpL.jpg,171493,depth,4.9 centimetre
https://m.media-amazon.com/images/I/51ZGbgyguML.jpg,171493,depth,35.0 millimetre
https://m.media-amazon.com/images/I/51ZGbgyguML.jpg,171493,height,35.0 millimetre
https://m.media-amazon.com/images/I/61C5eVcmNeL.jpg,171493,depth,95.0 millimetre
https://m.media-amazon.com/images/I/61C5eVcmNeL.jpg,171493,height,27.0 millimetre
https://m.media-amazon.com/images/I/61+VwN66MrL.jpg,171493,height,9.0 millimetre
https://m.media-amazon.com/images/I/51B1YFqtz-S.jpg,171493,height,1.5 centimetre
https://m.media-amazon.com/images/I/617B-IFmfbL.jpg,171493,height,3.5 millimetre
https://m.media-amazon.com/images/I/51HU1dLN2sL.jpg,171493,height,1.5 centimetre
https://m.media-amazon.com/images/I/51grv6uyivL.jpg,171493,height,3.5 millimetre
https://m.media-amazon.com/images/I/51+xYrBJH0L.jpg,171493,height,3.5 millimetre
https://m.media-amazon.com/images/I/61AM9OI6OIL.jpg,171493,height,3.5 millimetre
