image_link,group_id,entity_name,entity_value
https://m.media-amazon.com/images/I/61-OAhtVydL.jpg,392533,width,3.9 inch
https://m.media-amazon.com/images/I/51XftJkFkuL.jpg,392533,width,57.0 centimetre
https://m.media-amazon.com/images/I/51jRhUni5bS.jpg,392533,width,90.0 centimetre
https://m.media-amazon.com/images/I/51Otfv-538L.jpg,392533,width,130.0 centimetre
https://m.media-amazon.com/images/I/61-wdWJoqdL.jpg,392533,width,73.6 centimetre
https://m.media-amazon.com/images/I/41oooVV2O8L.jpg,392533,width,3.0 foot
https://m.media-amazon.com/images/I/41wDqyWhTKL.jpg,392533,width,15.72 inch
https://m.media-amazon.com/images/I/41wDqyWhTKL.jpg,392533,depth,23.58 inch
https://m.media-amazon.com/images/I/61DkGYVizpS.jpg,392533,width,51.0 inch
https://m.media-amazon.com/images/I/41m0vhMqzEL.jpg,392533,width,50.0 centimetre
https://m.media-amazon.com/images/I/510Zf2peXgL.jpg,392533,width,3.0 foot
https://m.media-amazon.com/images/I/51Lony7s73L.jpg,392533,width,3.0 foot
https://m.media-amazon.com/images/I/617w3p-9qbL.jpg,392533,width,48.5 centimetre
https://m.media-amazon.com/images/I/518Rkcx4mJL.jpg,392533,depth,150.0 centimetre
https://m.media-amazon.com/images/I/61G52i8LtGL.jpg,392533,depth,120.0 centimetre
https://m.media-amazon.com/images/I/51RkNmcZZSL.jpg,392533,depth,92.0 centimetre
https://m.media-amazon.com/images/I/51AvrtYthaL.jpg,392533,depth,80.0 centimetre
https://m.media-amazon.com/images/I/41DrqUop94L.jpg,392533,depth,120.0 centimetre
https://m.media-amazon.com/images/I/41H8gXbP-xL.jpg,392533,depth,23.5 centimetre
https://m.media-amazon.com/images/I/51nl1uJWaNL.jpg,392533,depth,115.0 centimetre
https://m.media-amazon.com/images/I/51eBYmepseL.jpg,392533,depth,100.0 centimetre
https://m.media-amazon.com/images/I/61AYwpOBC5L.jpg,392533,depth,140.0 centimetre
https://m.media-amazon.com/images/I/31xpT287YeL.jpg,392533,depth,4.0 foot
https://m.media-amazon.com/images/I/51yhS0XOvFS.jpg,392533,depth,120.0 centimetre
https://m.media-amazon.com/images/I/617kbAasNeL.jpg,392533,depth,90.0 centimetre
https://m.media-amazon.com/images/I/616YoztCLnL.jpg,392533,depth,99.0 centimetre
https://m.media-amazon.com/images/I/511n-yDsSpL.jpg,392533,depth,100.0 centimetre
https://m.media-amazon.com/images/I/51api-lMavL.jpg,392533,depth,120.0 centimetre
https://m.media-amazon.com/images/I/51R1mlm2SiL.jpg,392533,depth,47.0 inch
https://m.media-amazon.com/images/I/51K7AyPOMEL.jpg,392533,depth,73.0 centimetre
https://m.media-amazon.com/images/I/61Akob+PsOL.jpg,392533,depth,54.0 inch
https://m.media-amazon.com/images/I/51qXX9tqpeL.jpg,392533,depth,150.0 centimetre
https://m.media-amazon.com/images/I/517QYPrjzOL.jpg,392533,depth,100.0 centimetre
https://m.media-amazon.com/images/I/51hSoYNB2PL.jpg,392533,depth,120.0 centimetre
https://m.media-amazon.com/images/I/51jna2JhXtS.jpg,392533,depth,152.0 centimetre
https://m.media-amazon.com/images/I/61BS73eoIpL.jpg,392533,depth,135.0 centimetre
https://m.media-amazon.com/images/I/51xUvCflHAL.jpg,392533,depth,5.0 foot
https://m.media-amazon.com/images/I/51-IOASSPUL.jpg,392533,depth,80.0 centimetre
https://m.media-amazon.com/images/I/51u6ppPQliL.jpg,392533,depth,78.0 centimetre
https://m.media-amazon.com/images/I/41MxKaWeMRL.jpg,392533,depth,1.5 metre
https://m.media-amazon.com/images/I/51Afww11B6L.jpg,392533,depth,160.0 centimetre
https://m.media-amazon.com/images/I/614htaLoMeL.jpg,392533,depth,47.2 inch
