image_link,group_id,entity_name,entity_value
https://m.media-amazon.com/images/I/71mKPQGo8wL.jpg,599772,item_weight,1.8 kilogram
https://m.media-amazon.com/images/I/71Hs1vDAT8L.jpg,599772,item_weight,120.0 gram
https://m.media-amazon.com/images/I/619vWrUUOPL.jpg,599772,item_weight,68.0 gram
https://m.media-amazon.com/images/I/71XTRlEYJDS.jpg,599772,item_weight,150.0 gram
https://m.media-amazon.com/images/I/61XrSGI8CVL.jpg,599772,item_weight,246.0 gram
https://m.media-amazon.com/images/I/71QPbHuKJyL.jpg,599772,item_weight,3.0 kilogram
https://m.media-amazon.com/images/I/51de+oKchOL.jpg,599772,item_weight,40.0 gram
https://m.media-amazon.com/images/I/61NM5GERBhL.jpg,599772,item_weight,20.0 gram
https://m.media-amazon.com/images/I/81m0BLclI7L.jpg,599772,item_weight,0.62 ounce
https://m.media-amazon.com/images/I/61hf5SwBqCL.jpg,599772,item_weight,2.63 kilogram
https://m.media-amazon.com/images/I/71P3fOE2pPS.jpg,599772,item_weight,84.0 gram
https://m.media-amazon.com/images/I/71vms1OA8pL.jpg,599772,item_weight,340.0 gram
https://m.media-amazon.com/images/I/715GXSMEsPL.jpg,599772,item_weight,340.0 gram
https://m.media-amazon.com/images/I/61CZI8bCSSL.jpg,599772,item_weight,20.9 pound
https://m.media-amazon.com/images/I/91do9HCFIsL.jpg,599772,item_weight,425.0 gram
https://m.media-amazon.com/images/I/61oLExUr9MS.jpg,599772,item_weight,244.0 gram
https://m.media-amazon.com/images/I/61W+7D-4H7L.jpg,599772,item_weight,0.8 pound
https://m.media-amazon.com/images/I/91jPTA53DbL.jpg,599772,item_weight,1000.0 gram
https://m.media-amazon.com/images/I/815HVzL9n5L.jpg,599772,item_weight,160.0 gram
https://m.media-amazon.com/images/I/71-IY48+szS.jpg,599772,item_weight,234.0 gram
https://m.media-amazon.com/images/I/61DamKVRcEL.jpg,599772,item_weight,17.0 kilogram
https://m.media-amazon.com/images/I/918n5fJLtBL.jpg,599772,item_weight,70.0 gram
https://m.media-amazon.com/images/I/81pcT01UohL.jpg,599772,item_weight,70.0 gram
https://m.media-amazon.com/images/I/71vM+raoWkL.jpg,599772,item_weight,5.0 kilogram
https://m.media-amazon.com/images/I/71h7oEjoKiL.jpg,599772,item_weight,50.0 gram
https://m.media-amazon.com/images/I/71jY+8INH-L.jpg,599772,item_weight,303.4 gram
https://m.media-amazon.com/images/I/71gZI93adlL.jpg,599772,item_weight,62.0 gram
https://m.media-amazon.com/images/I/81qkuaVx6AL.jpg,599772,item_weight,275.0 gram
https://m.media-amazon.com/images/I/814Waa1hp3S.jpg,599772,item_weight,170.0 gram
https://m.media-amazon.com/images/I/81Y4UuyagBL.jpg,599772,item_weight,9.0 kilogram
https://m.media-amazon.com/images/I/71jgf0R5yxS.jpg,599772,item_weight,143.3 pound
https://m.media-amazon.com/images/I/71M5z8+wsSL.jpg,599772,item_weight,270.0 gram
https://m.media-amazon.com/images/I/81HlURCFcfL.jpg,599772,item_weight,17.0 ounce
https://m.media-amazon.com/images/I/81exkHz9t8L.jpg,599772,item_weight,10.0 kilogram
https://m.media-amazon.com/images/I/91Eo8O+MxhL.jpg,599772,item_weight,284.0 gram
https://m.media-amazon.com/images/I/81Qxz9aHGCL.jpg,599772,item_weight,0.82 pound
https://m.media-amazon.com/images/I/81FYJPHMu-L.jpg,599772,item_weight,50.0 gram
https://m.media-amazon.com/images/I/61d-wYGK4+L.jpg,599772,item_weight,66.0 pound
https://m.media-amazon.com/images/I/81lEvJKUNoL.jpg,599772,item_weight,8.1 ounce
https://m.media-amazon.com/images/I/71QG8umoLXL.jpg,599772,item_weight,420.0 gram
https://m.media-amazon.com/images/I/71DVBEohBrL.jpg,599772,item_weight,17.0 kilogram
https://m.media-amazon.com/images/I/61FYOYiQUqL.jpg,599772,item_weight,350.0 gram
https://m.media-amazon.com/images/I/812i6b2dsmS.jpg,599772,item_weight,432.0 gram
https://m.media-amazon.com/images/I/81SHyeKwEQS.jpg,599772,item_weight,402.0 pound
https://m.media-amazon.com/images/I/51OmxjMADtL.jpg,599772,item_weight,454.0 gram
https://m.media-amazon.com/images/I/611uukqR+sL.jpg,599772,item_weight,200.0 gram
https://m.media-amazon.com/images/I/71+2bEpZXEL.jpg,599772,item_weight,17.0 ounce
https://m.media-amazon.com/images/I/81+WYNYqbRL.jpg,599772,item_weight,30.0 gram
https://m.media-amazon.com/images/I/81rdtd5Sm-L.jpg,599772,item_weight,30.0 gram
https://m.media-amazon.com/images/I/816y-jggWUL.jpg,599772,item_weight,30.0 gram
https://m.media-amazon.com/images/I/71T5Xt3Ku2L.jpg,599772,item_weight,50.0 gram
https://m.media-amazon.com/images/I/810p+zPPbSL.jpg,599772,item_weight,50.0 gram
https://m.media-amazon.com/images/I/813uMkYeZEL.jpg,599772,item_weight,127.6 gram
https://m.media-amazon.com/images/I/71d+q8c+EGL.jpg,599772,item_weight,1.6 kilogram
https://m.media-amazon.com/images/I/716PdkB-jCL.jpg,599772,item_weight,3.0 kilogram
https://m.media-amazon.com/images/I/617BiH+xEuL.jpg,599772,item_weight,21799.0 gram
https://m.media-amazon.com/images/I/61uVxXIMlhL.jpg,599772,item_weight,200.0 gram
https://m.media-amazon.com/images/I/51BIwQWgVGL.jpg,599772,item_weight,25.0 kilogram
https://m.media-amazon.com/images/I/71CHA6h20tL.jpg,599772,item_weight,14.0 ounce
https://m.media-amazon.com/images/I/718tq+gZa6L.jpg,599772,item_weight,12.0 gram
https://m.media-amazon.com/images/I/31xSmqoVKDS.jpg,599772,item_weight,0.15 kilogram
https://m.media-amazon.com/images/I/61LTYejDJGL.jpg,599772,item_weight,401.0 gram
https://m.media-amazon.com/images/I/51WggFaABcL.jpg,599772,item_weight,1.0 ounce
https://m.media-amazon.com/images/I/716jYXEpPKS.jpg,599772,item_weight,283.0 gram
https://m.media-amazon.com/images/I/81mlggYJNVS.jpg,599772,item_weight,780.0 gram
https://m.media-amazon.com/images/I/812t1uOiMeL.jpg,599772,item_weight,170.0 gram
https://m.media-amazon.com/images/I/81YkT7NIU5S.jpg,599772,item_weight,200.0 gram
https://m.media-amazon.com/images/I/71-cpFuTS2L.jpg,599772,item_weight,0.0 gram
https://m.media-amazon.com/images/I/71aKlF7j3JL.jpg,599772,item_weight,250.0 gram
https://m.media-amazon.com/images/I/71rZw8gbYJL.jpg,599772,item_weight,198.0 gram
https://m.media-amazon.com/images/I/61ojjW16WGL.jpg,599772,item_weight,310.0 gram
https://m.media-amazon.com/images/I/713ovpEZi5L.jpg,599772,item_weight,5.0 gram
https://m.media-amazon.com/images/I/71msrjb6XiL.jpg,599772,item_weight,113.0 gram
https://m.media-amazon.com/images/I/61RCG8VCBzL.jpg,599772,item_weight,150.0 gram
https://m.media-amazon.com/images/I/61amEWTj8wL.jpg,599772,item_weight,22.0 pound
https://m.media-amazon.com/images/I/81R0kqL8HKL.jpg,599772,item_weight,6.0 pound
https://m.media-amazon.com/images/I/71PoazIGhDL.jpg,599772,item_weight,113.0 gram
https://m.media-amazon.com/images/I/91mA2TIDTuL.jpg,599772,item_weight,15.0 ounce
https://m.media-amazon.com/images/I/91pCvzYVyOL.jpg,599772,item_weight,425.0 gram
https://m.media-amazon.com/images/I/51rQmrnmV-L.jpg,599772,item_weight,5.2 pound
https://m.media-amazon.com/images/I/81pXVTWtKOL.jpg,599772,item_weight,1.0 pound
https://m.media-amazon.com/images/I/81hs5uvOJdL.jpg,599772,item_weight,10.5 kilogram
https://m.media-amazon.com/images/I/81vQiUljQRL.jpg,599772,item_weight,8.8 pound
https://m.media-amazon.com/images/I/71P0lscItWL.jpg,599772,item_weight,150.0 gram
https://m.media-amazon.com/images/I/717RdPguJ9L.jpg,599772,item_weight,28.0 ounce
https://m.media-amazon.com/images/I/81t5ZN8hl8L.jpg,599772,item_weight,3.99 kilogram
https://m.media-amazon.com/images/I/81T3gW6fdZL.jpg,599772,item_weight,1.0 pound
https://m.media-amazon.com/images/I/61D7HT826yL.jpg,599772,item_weight,5.0 kilogram
https://m.media-amazon.com/images/I/617FaRmIKsL.jpg,599772,item_weight,240.0 gram
https://m.media-amazon.com/images/I/81p6VQ+GdGL.jpg,599772,item_weight,17.0 kilogram
https://m.media-amazon.com/images/I/71V0LFYDS0L.jpg,599772,item_weight,340.0 gram
https://m.media-amazon.com/images/I/611QdTCdfKL.jpg,599772,item_weight,6.0 gram
https://m.media-amazon.com/images/I/71DVJvwf-6L.jpg,599772,item_weight,50.0 gram
https://m.media-amazon.com/images/I/71-Fh0Dkn6L.jpg,599772,item_weight,4.0 pound
https://m.media-amazon.com/images/I/71l+ETmVKnL.jpg,599772,item_weight,12.0 ounce
https://m.media-amazon.com/images/I/71u1hhNEbbL.jpg,599772,item_weight,11.5 pound
https://m.media-amazon.com/images/I/91MUXB3bPVL.jpg,599772,item_weight,51.0 gram
https://m.media-amazon.com/images/I/51l6EyH29oL.jpg,599772,item_weight,120.0 gram
https://m.media-amazon.com/images/I/71d6Mb7LhTL.jpg,599772,item_weight,17.0 kilogram
https://m.media-amazon.com/images/I/71mdJ1vJnoL.jpg,599772,item_weight,52.9 pound
https://m.media-amazon.com/images/I/71Nb7hXTcmL.jpg,599772,item_weight,52.9 pound
https://m.media-amazon.com/images/I/715Hc4R+OsL.jpg,599772,item_weight,0.78 ounce
https://m.media-amazon.com/images/I/51r7UX9KFZL.jpg,599772,item_weight,0.15 kilogram
https://m.media-amazon.com/images/I/61lfIMGR3AL.jpg,599772,item_weight,1.0 pound
https://m.media-amazon.com/images/I/71ko0PFqVxL.jpg,599772,item_weight,17.0 kilogram
https://m.media-amazon.com/images/I/6126CGtl-UL.jpg,599772,item_weight,12.0 gram
https://m.media-amazon.com/images/I/71FSLWXqfjL.jpg,599772,item_weight,340.0 gram
https://m.media-amazon.com/images/I/91mQlSZ6m-L.jpg,599772,item_weight,425.0 gram
https://m.media-amazon.com/images/I/91B8AuVZyfL.jpg,599772,item_weight,15.0 ounce
https://m.media-amazon.com/images/I/71zHNve7upL.jpg,599772,item_weight,20.0 gram
https://m.media-amazon.com/images/I/81vC2yUPWjL.jpg,599772,item_weight,3.3 pound
https://m.media-amazon.com/images/I/71qqvriI0nL.jpg,599772,item_weight,600.0 gram
https://m.media-amazon.com/images/I/81+xnZcBRKL.jpg,599772,item_weight,453.0 gram
https://m.media-amazon.com/images/I/81p8OlA99CL.jpg,599772,item_weight,16.0 ounce
https://m.media-amazon.com/images/I/71gwA2xxnbL.jpg,599772,item_weight,4.0 gram
https://m.media-amazon.com/images/I/814lx2CIgfL.jpg,599772,item_weight,340.0 gram
https://m.media-amazon.com/images/I/61y3jxx-2IS.jpg,599772,item_weight,220.0 gram
https://m.media-amazon.com/images/I/61fQqOgCa1L.jpg,599772,item_weight,340.0 gram
https://m.media-amazon.com/images/I/61DgX1OKVWL.jpg,599772,item_weight,340.0 gram
https://m.media-amazon.com/images/I/61rIzrnimpL.jpg,599772,item_weight,340.0 gram
https://m.media-amazon.com/images/I/81P5W1CxtZL.jpg,599772,item_weight,113.0 gram
https://m.media-amazon.com/images/I/811KSm+2m6L.jpg,599772,item_weight,356.0 gram
https://m.media-amazon.com/images/I/71kOW3lnP6L.jpg,599772,item_weight,250.0 gram
https://m.media-amazon.com/images/I/71FKKr+sjDL.jpg,599772,item_weight,250.0 gram
https://m.media-amazon.com/images/I/71BROAW+4xL.jpg,599772,item_weight,250.0 gram
https://m.media-amazon.com/images/I/81Kobl5iN7L.jpg,599772,item_weight,250.0 gram
https://m.media-amazon.com/images/I/410k+4XvkaL.jpg,599772,item_weight,3.0 kilogram
https://m.media-amazon.com/images/I/713Czkf6pQL.jpg,599772,item_weight,1.0 pound
https://m.media-amazon.com/images/I/71blBDIYE4L.jpg,599772,item_weight,650.0 gram
https://m.media-amazon.com/images/I/71aL84Yv3lL.jpg,599772,item_weight,275.0 gram
https://m.media-amazon.com/images/I/71Nsn3ll70L.jpg,599772,item_weight,42.3 pound
https://m.media-amazon.com/images/I/81GfSxzzZmL.jpg,599772,item_weight,780.0 gram
https://m.media-amazon.com/images/I/719mzhsn2UL.jpg,599772,item_weight,4.5 kilogram
https://m.media-amazon.com/images/I/717CL-txk7L.jpg,599772,item_weight,100.0 gram
https://m.media-amazon.com/images/I/61nwQkDQVrL.jpg,599772,item_weight,240.0 gram
https://m.media-amazon.com/images/I/61vrjQNgGXL.jpg,599772,item_weight,567.0 gram
https://m.media-amazon.com/images/I/71Y-tC+eNhL.jpg,599772,item_weight,49.0 gram
https://m.media-amazon.com/images/I/71FGQEv0SEL.jpg,599772,item_weight,110.0 gram
https://m.media-amazon.com/images/I/71iAmMiRRbL.jpg,599772,item_weight,9.0 ounce
https://m.media-amazon.com/images/I/61DZH6s6HSL.jpg,599772,item_weight,198.0 gram
https://m.media-amazon.com/images/I/81Ba-5luFKL.jpg,599772,item_weight,13.7 kilogram
https://m.media-amazon.com/images/I/71Sv+QUjqwL.jpg,599772,item_weight,4.0 ounce
https://m.media-amazon.com/images/I/51eSCYXbxwS.jpg,599772,item_weight,368.0 gram
https://m.media-amazon.com/images/I/71HjEtnz9KL.jpg,599772,item_weight,0.41 pound
https://m.media-amazon.com/images/I/71fDZs7pAJL.jpg,599772,item_weight,8.8 pound
https://m.media-amazon.com/images/I/91Q1bb-8PBL.jpg,599772,item_weight,15.0 ounce
https://m.media-amazon.com/images/I/81L5yWE5biL.jpg,599772,item_weight,1.25 ounce
https://m.media-amazon.com/images/I/812wfc0MRCS.jpg,599772,item_weight,2.89 ounce
https://m.media-amazon.com/images/I/91Ye-CQzknL.jpg,599772,item_weight,15.0 ounce
https://m.media-amazon.com/images/I/A12YDWmU55L.jpg,599772,item_weight,35.0 gram
https://m.media-amazon.com/images/I/A1zpwvolKfL.jpg,599772,item_weight,99.0 gram
https://m.media-amazon.com/images/I/71FJUWHIscL.jpg,599772,item_weight,50.0 pound
https://m.media-amazon.com/images/I/71xFIfRG92L.jpg,599772,item_weight,9.0 ounce
https://m.media-amazon.com/images/I/717UvJM25OL.jpg,599772,item_weight,4.0 pound
https://m.media-amazon.com/images/I/816AnNkjAIL.jpg,599772,item_weight,900.0 gram
https://m.media-amazon.com/images/I/812VRuxwDpL.jpg,599772,item_weight,340.0 gram
https://m.media-amazon.com/images/I/81Y5KHakHsL.jpg,599772,item_weight,100.0 gram
https://m.media-amazon.com/images/I/715eZHV1hCL.jpg,599772,item_weight,170.0 gram
https://m.media-amazon.com/images/I/71y5xIAHulL.jpg,599772,item_weight,0.62 pound
https://m.media-amazon.com/images/I/71WWf3f0GLL.jpg,599772,item_weight,6.6 pound
https://m.media-amazon.com/images/I/616MqNIkJjL.jpg,599772,item_weight,340.0 gram
https://m.media-amazon.com/images/I/51oyJqy29VL.jpg,599772,item_weight,8.0 gram
https://m.media-amazon.com/images/I/51oyJqy29VL.jpg,599772,height,17.0 centimetre
https://m.media-amazon.com/images/I/81+lgCdNUzL.jpg,599772,item_weight,4.0 ounce
https://m.media-amazon.com/images/I/71vak3pO0kL.jpg,599772,item_weight,2.12 ounce
https://m.media-amazon.com/images/I/81PWWN+od6L.jpg,599772,item_weight,17.0 kilogram
https://m.media-amazon.com/images/I/61N+C9bMl9L.jpg,599772,item_weight,6.0 gram
https://m.media-amazon.com/images/I/61c8GpaugoL.jpg,599772,item_weight,10.0 ounce
https://m.media-amazon.com/images/I/515OncOMuIL.jpg,599772,item_weight,200.0 gram
https://m.media-amazon.com/images/I/71wMHCohgJL.jpg,599772,item_weight,20.0 kilogram
https://m.media-amazon.com/images/I/61nemAJoJTL.jpg,599772,item_weight,237.0 ounce
https://m.media-amazon.com/images/I/61sy37mwpTL.jpg,599772,item_weight,10.0 kilogram
https://m.media-amazon.com/images/I/81HWIhSxHxL.jpg,599772,item_weight,190.0 gram
https://m.media-amazon.com/images/I/71DQjH7WSLL.jpg,599772,item_weight,5.0 kilogram
https://m.media-amazon.com/images/I/61M6TzskHkL.jpg,599772,item_weight,28.0 gram
https://m.media-amazon.com/images/I/61B5FkffmbL.jpg,599772,item_weight,1.1 kilogram
https://m.media-amazon.com/images/I/71YgXzfyCWL.jpg,599772,item_weight,360.0 gram
https://m.media-amazon.com/images/I/71j+9NulmbL.jpg,599772,item_weight,13.5 kilogram
https://m.media-amazon.com/images/I/71PoMThxGvL.jpg,599772,item_weight,4.0 ounce
https://m.media-amazon.com/images/I/715wEIqgiVL.jpg,599772,item_weight,4.0 ounce
https://m.media-amazon.com/images/I/617aJbt7uaL.jpg,599772,item_weight,4.3 gram
https://m.media-amazon.com/images/I/6194TJt12WL.jpg,599772,item_weight,29.7 pound
https://m.media-amazon.com/images/I/61KxA5DFXkL.jpg,599772,item_weight,25.0 gram
https://m.media-amazon.com/images/I/71wSihk08uL.jpg,599772,item_weight,28.0 ounce
https://m.media-amazon.com/images/I/81ao3sJQLgL.jpg,599772,item_weight,75.0 gram
https://m.media-amazon.com/images/I/51wfZ3GLH0L.jpg,599772,item_weight,0.8 pound
https://m.media-amazon.com/images/I/51ct6C+YHKL.jpg,599772,item_weight,20.0 ounce
https://m.media-amazon.com/images/I/81d5kC9tEOL.jpg,599772,item_weight,485.0 gram
https://m.media-amazon.com/images/I/61zZ2RQNORL.jpg,599772,item_weight,340.0 gram
https://m.media-amazon.com/images/I/81wv2HdAgJL.jpg,599772,item_weight,6.0 gram
https://m.media-amazon.com/images/I/71dhkIy97yL.jpg,599772,item_weight,100.0 gram
https://m.media-amazon.com/images/I/712EKFnGGCL.jpg,599772,item_weight,100.0 gram
https://m.media-amazon.com/images/I/71yiVruIthL.jpg,599772,item_weight,500.0 gram
https://m.media-amazon.com/images/I/711TEuTMYqL.jpg,599772,item_weight,4.0 gram
https://m.media-amazon.com/images/I/71R4bQIkQNL.jpg,599772,item_weight,45.0 kilogram
https://m.media-amazon.com/images/I/61XDGy7EvpL.jpg,599772,item_weight,860.0 gram
https://m.media-amazon.com/images/I/915jv1h3DzL.jpg,599772,item_weight,15.0 ounce
https://m.media-amazon.com/images/I/81qvZtU01eL.jpg,599772,item_weight,425.0 gram
https://m.media-amazon.com/images/I/81VzKXngXxL.jpg,599772,item_weight,57.0 kilogram
https://m.media-amazon.com/images/I/81ZEejpJxWL.jpg,599772,item_weight,57.0 kilogram
https://m.media-amazon.com/images/I/51YWP-sQCOL.jpg,599772,item_weight,95.0 gram
https://m.media-amazon.com/images/I/71SJjI6pZvL.jpg,599772,item_weight,6.83 pound
https://m.media-amazon.com/images/I/61DW5pzgIjL.jpg,599772,item_weight,16.6 gram
https://m.media-amazon.com/images/I/61DW5pzgIjL.jpg,599772,width,93.9 centimetre
https://m.media-amazon.com/images/I/71bH8woQYCL.jpg,599772,item_weight,340.0 gram
https://m.media-amazon.com/images/I/71kk7E259sL.jpg,599772,item_weight,227.0 gram
https://m.media-amazon.com/images/I/710Adfa-H2L.jpg,599772,item_weight,275.0 gram
https://m.media-amazon.com/images/I/71uqB+jrhHL.jpg,599772,item_weight,275.0 gram
https://m.media-amazon.com/images/I/71aNvSvjVhL.jpg,599772,item_weight,45.0 kilogram
https://m.media-amazon.com/images/I/81wpaneOtAL.jpg,599772,item_weight,88.0 gram
https://m.media-amazon.com/images/I/71zlORRT7XL.jpg,599772,item_weight,420.0 gram
https://m.media-amazon.com/images/I/81QxFxmeBrL.jpg,599772,item_weight,15.0 ounce
https://m.media-amazon.com/images/I/81pyrSaDLEL.jpg,599772,item_weight,15.0 ounce
https://m.media-amazon.com/images/I/81gsozomF8L.jpg,599772,item_weight,2.96 ounce
https://m.media-amazon.com/images/I/61tQpLVcmSL.jpg,599772,item_weight,1.0 gram
https://m.media-amazon.com/images/I/71njT+rXKEL.jpg,599772,item_weight,160.0 gram
https://m.media-amazon.com/images/I/81SRQDOxCQL.jpg,599772,item_weight,2.08 ounce
https://m.media-amazon.com/images/I/81CZTDn6BPL.jpg,599772,item_weight,16.0 ounce
https://m.media-amazon.com/images/I/61RqA7nk5CS.jpg,599772,item_weight,60.0 kilogram
https://m.media-amazon.com/images/I/61jaEqHMxyS.jpg,599772,item_weight,750.0 gram
https://m.media-amazon.com/images/I/61Ig29JEKpS.jpg,599772,item_weight,39.2 gram
https://m.media-amazon.com/images/I/615kzDjkhQS.jpg,599772,item_weight,170.0 gram
https://m.media-amazon.com/images/I/71rl2ywncwL.jpg,599772,item_weight,10.0 kilogram
https://m.media-amazon.com/images/I/81S3Dcv83+L.jpg,599772,item_weight,35.0 gram
https://m.media-amazon.com/images/I/71XMeBbhmZL.jpg,599772,item_weight,4.0 gram
https://m.media-amazon.com/images/I/61CiesQ4XpL.jpg,599772,width,290.0 millimetre
https://m.media-amazon.com/images/I/514MSEoMccL.jpg,599772,width,32.5 centimetre
https://m.media-amazon.com/images/I/61EXRfpet1L.jpg,599772,width,9.8 inch
https://m.media-amazon.com/images/I/51EE9hNBNkS.jpg,599772,width,3.74 inch
https://m.media-amazon.com/images/I/41FAkWQl9UL.jpg,599772,width,5.0 inch
https://m.media-amazon.com/images/I/6167VICu+KL.jpg,599772,width,33.0 centimetre
https://m.media-amazon.com/images/I/512qsNpsLpL.jpg,599772,width,12.0 inch
https://m.media-amazon.com/images/I/619blkTH9tL.jpg,599772,width,15.35 inch
https://m.media-amazon.com/images/I/617DhgkVkWL.jpg,599772,width,12.0 inch
https://m.media-amazon.com/images/I/617DhgkVkWL.jpg,599772,height,32.3 inch
https://m.media-amazon.com/images/I/615JIvWJEWL.jpg,599772,width,12.375 inch
https://m.media-amazon.com/images/I/6105vxO5XFS.jpg,599772,width,12.0 inch
https://m.media-amazon.com/images/I/51yi3yZnsmL.jpg,599772,width,62.0 centimetre
https://m.media-amazon.com/images/I/51OwEOfmTdS.jpg,599772,width,26.0 centimetre
https://m.media-amazon.com/images/I/51dJID74ZFL.jpg,599772,width,4.5 centimetre
https://m.media-amazon.com/images/I/61C87GJhiJL.jpg,599772,width,20.0 inch
https://m.media-amazon.com/images/I/51gAQhL4w9L.jpg,599772,width,50.0 inch
https://m.media-amazon.com/images/I/611UwYhCHuL.jpg,599772,width,51.0 centimetre
https://m.media-amazon.com/images/I/51RmhVFVRqL.jpg,599772,width,58.5 centimetre
https://m.media-amazon.com/images/I/51xCWIe9Q+L.jpg,599772,width,15.0 inch
https://m.media-amazon.com/images/I/61-feooQ-dL.jpg,599772,width,38.0 centimetre
https://m.media-amazon.com/images/I/5135D3AgTdL.jpg,599772,width,130.0 millimetre
https://m.media-amazon.com/images/I/61FTC03RhEL.jpg,599772,width,54.0 centimetre
https://m.media-amazon.com/images/I/51MQ70IUwBL.jpg,599772,width,6.5 inch
https://m.media-amazon.com/images/I/61DUbc1bg+L.jpg,599772,width,23.6 inch
https://m.media-amazon.com/images/I/51EfOYZ9rpL.jpg,599772,width,28.0 centimetre
https://m.media-amazon.com/images/I/519muY6OiUL.jpg,599772,width,11.2 inch
https://m.media-amazon.com/images/I/61-K6Ai0fAL.jpg,599772,width,16.0 inch
https://m.media-amazon.com/images/I/61A0gZiWhjL.jpg,599772,width,4.8 centimetre
https://m.media-amazon.com/images/I/61BnskFfmML.jpg,599772,width,15.0 inch
https://m.media-amazon.com/images/I/51FnaIUQlLL.jpg,599772,width,36.0 centimetre
https://m.media-amazon.com/images/I/51FnaIUQlLL.jpg,599772,height,15.0 centimetre
https://m.media-amazon.com/images/I/615uSYKTbqL.jpg,599772,width,25.0 centimetre
https://m.media-amazon.com/images/I/51MkSlo0zOL.jpg,599772,width,43.0 centimetre
https://m.media-amazon.com/images/I/51cu093EmrL.jpg,599772,width,40.0 centimetre
https://m.media-amazon.com/images/I/617RvqPhuEL.jpg,599772,width,130.0 millimetre
https://m.media-amazon.com/images/I/51NEN4YCBPL.jpg,599772,width,38.0 centimetre
https://m.media-amazon.com/images/I/61B-POlH1vL.jpg,599772,width,13.0 inch
https://m.media-amazon.com/images/I/51OZjujfKPS.jpg,599772,width,16.5 inch
https://m.media-amazon.com/images/I/619ybVOFJQL.jpg,599772,width,30.2 centimetre
https://m.media-amazon.com/images/I/613IZRLntPL.jpg,599772,width,5.9 inch
https://m.media-amazon.com/images/I/51shkyq9G-L.jpg,599772,width,8.43 inch
https://m.media-amazon.com/images/I/51wYgwaOoYL.jpg,599772,width,31.49 inch
https://m.media-amazon.com/images/I/41D5AEtNA2S.jpg,599772,width,18.0 inch
https://m.media-amazon.com/images/I/61E4XqtCW9L.jpg,599772,width,12.5 inch
https://m.media-amazon.com/images/I/31ycS2UkduL.jpg,599772,width,61.0 millimetre
https://m.media-amazon.com/images/I/51ujCvhLNwL.jpg,599772,width,15.5 centimetre
https://m.media-amazon.com/images/I/51WOVxCv-6S.jpg,599772,width,5.5 inch
https://m.media-amazon.com/images/I/51WOVxCv-6S.jpg,599772,height,2.4 inch
https://m.media-amazon.com/images/I/51gCD00IyjL.jpg,599772,width,45.0 centimetre
https://m.media-amazon.com/images/I/616xC2Ac2CS.jpg,599772,width,29.0 centimetre
https://m.media-amazon.com/images/I/616xC2Ac2CS.jpg,599772,height,90.0 centimetre
https://m.media-amazon.com/images/I/51Et+xnvCxL.jpg,599772,width,41.5 centimetre
https://m.media-amazon.com/images/I/61ENjQ7sKeL.jpg,599772,width,12.59 inch
https://m.media-amazon.com/images/I/51puJIdGyjL.jpg,599772,width,30.8 centimetre
https://m.media-amazon.com/images/I/614vjEjrOOL.jpg,599772,width,43.0 centimetre
https://m.media-amazon.com/images/I/51cJcAHxvkL.jpg,599772,width,232.7 centimetre
https://m.media-amazon.com/images/I/613PxhGe9XL.jpg,599772,width,45.0 centimetre
https://m.media-amazon.com/images/I/611z1Jr4QuL.jpg,599772,width,4.3 inch
https://m.media-amazon.com/images/I/41nfj0arniL.jpg,599772,width,232.7 centimetre
https://m.media-amazon.com/images/I/41BF4ToQdLL.jpg,599772,width,15.7 inch
https://m.media-amazon.com/images/I/51PoPoH34uL.jpg,599772,width,16.3 centimetre
https://m.media-amazon.com/images/I/614Cipppj2L.jpg,599772,width,13.0 inch
https://m.media-amazon.com/images/I/614Cipppj2L.jpg,599772,height,30.0 inch
https://m.media-amazon.com/images/I/51zk1phPqOL.jpg,599772,width,60.0 centimetre
https://m.media-amazon.com/images/I/51Cs7hh4-GL.jpg,599772,width,38.5 centimetre
https://m.media-amazon.com/images/I/61C5tgCMGwL.jpg,599772,width,15.3 inch
https://m.media-amazon.com/images/I/61C5tgCMGwL.jpg,599772,height,12.7 inch
https://m.media-amazon.com/images/I/51-fnuKFA3L.jpg,599772,width,300.0 millimetre
https://m.media-amazon.com/images/I/51-fnuKFA3L.jpg,599772,height,50.0 millimetre
https://m.media-amazon.com/images/I/515DQE4D3yL.jpg,599772,width,38.5 centimetre
https://m.media-amazon.com/images/I/519HWOaKNgL.jpg,599772,width,32.0 centimetre
https://m.media-amazon.com/images/I/519HWOaKNgL.jpg,599772,height,23.5 centimetre
https://m.media-amazon.com/images/I/517jAFutjWL.jpg,599772,width,15.0 centimetre
https://m.media-amazon.com/images/I/614+Z9s1DdL.jpg,599772,width,30.0 centimetre
https://m.media-amazon.com/images/I/618rGSYLhRL.jpg,599772,width,15.0 inch
https://m.media-amazon.com/images/I/51lRb31fg3L.jpg,599772,width,48.7 centimetre
https://m.media-amazon.com/images/I/51lRb31fg3L.jpg,599772,height,7.2 centimetre
https://m.media-amazon.com/images/I/61D61Z1p8eL.jpg,599772,width,15.0 inch
https://m.media-amazon.com/images/I/61-dfTi4ZRL.jpg,599772,width,2.36 inch
https://m.media-amazon.com/images/I/61ER5SnT8iL.jpg,599772,width,11.8 inch
https://m.media-amazon.com/images/I/612AzWMTfTL.jpg,599772,width,42.0 centimetre
https://m.media-amazon.com/images/I/51x-x6OWaFL.jpg,599772,width,29.0 centimetre
https://m.media-amazon.com/images/I/51ydVCqwrQL.jpg,599772,width,10.0 centimetre
https://m.media-amazon.com/images/I/615bDdYTLbL.jpg,599772,width,11.0 inch
https://m.media-amazon.com/images/I/6128P4cw5YL.jpg,599772,width,15.83 inch
https://m.media-amazon.com/images/I/61Cmp-aCaCL.jpg,599772,width,21.0 inch
https://m.media-amazon.com/images/I/611Xz+06PwL.jpg,599772,width,13.39 inch
https://m.media-amazon.com/images/I/51Hu-3+9Y0L.jpg,599772,width,60.0 centimetre
https://m.media-amazon.com/images/I/510Q4yqFD-L.jpg,599772,width,48.7 centimetre
https://m.media-amazon.com/images/I/61FSvefncuL.jpg,599772,width,25.0 centimetre
https://m.media-amazon.com/images/I/615mye9eeLL.jpg,599772,width,24.5 centimetre
https://m.media-amazon.com/images/I/613dy1wJlnL.jpg,599772,width,10.56 inch
https://m.media-amazon.com/images/I/613dy1wJlnL.jpg,599772,height,5.75 inch
https://m.media-amazon.com/images/I/61D0spBB2GL.jpg,599772,width,8.6 inch
https://m.media-amazon.com/images/I/51wyHBGjBwL.jpg,599772,width,15.75 inch
https://m.media-amazon.com/images/I/61+RTkwpJ1L.jpg,599772,width,16.6 centimetre
https://m.media-amazon.com/images/I/61+RTkwpJ1L.jpg,599772,height,29.5 centimetre
https://m.media-amazon.com/images/I/51OVwyyuaPL.jpg,599772,width,16.0 centimetre
https://m.media-amazon.com/images/I/51vK2ZZkY4L.jpg,599772,width,381.0 millimetre
https://m.media-amazon.com/images/I/613xnWmPsrL.jpg,599772,width,6.3 inch
https://m.media-amazon.com/images/I/61EXxy06aRL.jpg,599772,width,48.0 inch
https://m.media-amazon.com/images/I/61FK4NyE3iL.jpg,599772,width,10.2 inch
https://m.media-amazon.com/images/I/51v5gTRQP7L.jpg,599772,width,39.0 inch
https://m.media-amazon.com/images/I/51sZLuMlKxL.jpg,599772,width,27.0 centimetre
https://m.media-amazon.com/images/I/51iSzv16yML.jpg,599772,width,30.0 centimetre
https://m.media-amazon.com/images/I/61BZHqz-prL.jpg,599772,width,30.0 centimetre
https://m.media-amazon.com/images/I/51re4PHx04L.jpg,599772,width,160.0 centimetre
https://m.media-amazon.com/images/I/51QuUWrypOL.jpg,599772,width,22.8 centimetre
https://m.media-amazon.com/images/I/616nIMIIEPL.jpg,599772,width,15.8 inch
https://m.media-amazon.com/images/I/51mm7jsOGjS.jpg,599772,width,15.0 inch
https://m.media-amazon.com/images/I/61G2D-GCBNL.jpg,599772,width,28.0 centimetre
https://m.media-amazon.com/images/I/615WKuxgE-L.jpg,599772,width,23.5 centimetre
https://m.media-amazon.com/images/I/61Ddbo++X7S.jpg,599772,width,30.5 centimetre
https://m.media-amazon.com/images/I/61Ddbo++X7S.jpg,599772,height,8.5 centimetre
https://m.media-amazon.com/images/I/511H0K47lSL.jpg,599772,width,70.51 centimetre
https://m.media-amazon.com/images/I/511H0K47lSL.jpg,599772,height,15.49 centimetre
https://m.media-amazon.com/images/I/61+Rml4ea8L.jpg,599772,width,13.0 inch
https://m.media-amazon.com/images/I/61EPQL7VFNL.jpg,599772,width,13.0 inch
https://m.media-amazon.com/images/I/5114ua7yRpL.jpg,599772,width,32.3 centimetre
https://m.media-amazon.com/images/I/61BVs2UnrCL.jpg,599772,width,9.0 inch
https://m.media-amazon.com/images/I/415g5Pbnr6L.jpg,599772,width,11.61 inch
https://m.media-amazon.com/images/I/515Ska0RytL.jpg,599772,width,28.0 centimetre
https://m.media-amazon.com/images/I/61-dJm6cZKL.jpg,599772,width,5.9 inch
https://m.media-amazon.com/images/I/61ARxkk4chL.jpg,599772,width,18.0 centimetre
https://m.media-amazon.com/images/I/4101TUKtxeL.jpg,599772,width,36.0 centimetre
https://m.media-amazon.com/images/I/61AfyrSgn0L.jpg,599772,width,27.5 inch
https://m.media-amazon.com/images/I/61+qhqaYDaL.jpg,599772,width,16.6 inch
https://m.media-amazon.com/images/I/51SbzOpu2yL.jpg,599772,width,11.88 inch
https://m.media-amazon.com/images/I/51YFcSRPxyL.jpg,599772,width,36.0 inch
https://m.media-amazon.com/images/I/51QfmyrhhcL.jpg,599772,width,19.7 inch
https://m.media-amazon.com/images/I/51pB8igiwNL.jpg,599772,width,24.4 centimetre
https://m.media-amazon.com/images/I/618uYOt3I7S.jpg,599772,width,10.62 inch
https://m.media-amazon.com/images/I/618uYOt3I7S.jpg,599772,height,13.58 inch
https://m.media-amazon.com/images/I/61+10LSMeoL.jpg,599772,width,27.0 centimetre
https://m.media-amazon.com/images/I/51wIjqU7fSL.jpg,599772,width,60.0 inch
https://m.media-amazon.com/images/I/611tdFUuUuL.jpg,599772,width,66.0 centimetre
https://m.media-amazon.com/images/I/41iRNAtbWQL.jpg,599772,width,11.7 inch
https://m.media-amazon.com/images/I/51KxQsOzq5L.jpg,599772,width,14.1 inch
https://m.media-amazon.com/images/I/51F8x7gR0zS.jpg,599772,width,11.8 inch
https://m.media-amazon.com/images/I/51YNA0d4L8L.jpg,599772,width,35.0 centimetre
https://m.media-amazon.com/images/I/41diZYI0A+L.jpg,599772,width,12.0 inch
https://m.media-amazon.com/images/I/61F0EZu7WhL.jpg,599772,width,41.0 centimetre
https://m.media-amazon.com/images/I/41FSSwLNiYL.jpg,599772,width,102.0 centimetre
https://m.media-amazon.com/images/I/41FSSwLNiYL.jpg,599772,height,177.5 centimetre
https://m.media-amazon.com/images/I/617uu-YhU6L.jpg,599772,width,10.4 inch
https://m.media-amazon.com/images/I/51A9WGl6lmL.jpg,599772,width,40.0 centimetre
https://m.media-amazon.com/images/I/513Qy4Qze2L.jpg,599772,width,42.0 centimetre
https://m.media-amazon.com/images/I/515fR8oGXqL.jpg,599772,width,25.8 centimetre
https://m.media-amazon.com/images/I/512wMQDrDIL.jpg,599772,width,25.3 centimetre
https://m.media-amazon.com/images/I/511N7O5y8BL.jpg,599772,width,25.0 centimetre
https://m.media-amazon.com/images/I/61578whOR9L.jpg,599772,width,29.3 centimetre
https://m.media-amazon.com/images/I/61578whOR9L.jpg,599772,height,5.7 centimetre
https://m.media-amazon.com/images/I/51GLUFJS3aS.jpg,599772,width,45.0 centimetre
https://m.media-amazon.com/images/I/61CSDNrn2SL.jpg,599772,width,9.4 inch
https://m.media-amazon.com/images/I/61CSDNrn2SL.jpg,599772,height,17.7 inch
https://m.media-amazon.com/images/I/51M-bcy0JxL.jpg,599772,width,15.0 inch
https://m.media-amazon.com/images/I/510eTZCK2VL.jpg,599772,height,7.6 centimetre
https://m.media-amazon.com/images/I/611QzParXCL.jpg,599772,width,33.5 centimetre
https://m.media-amazon.com/images/I/51vUM9DEcaS.jpg,599772,width,30.0 centimetre
https://m.media-amazon.com/images/I/61G1annNhPL.jpg,599772,width,8.5 centimetre
https://m.media-amazon.com/images/I/51iS6T8mdCL.jpg,599772,width,19.7 inch
https://m.media-amazon.com/images/I/51ksm8ZK8oL.jpg,599772,width,28.5 centimetre
https://m.media-amazon.com/images/I/51ksm8ZK8oL.jpg,599772,height,15.0 centimetre
https://m.media-amazon.com/images/I/51ABNzHjSvL.jpg,599772,width,16.5 inch
https://m.media-amazon.com/images/I/51ABNzHjSvL.jpg,599772,height,9.8 inch
https://m.media-amazon.com/images/I/61C7rm+X43L.jpg,599772,width,35.0 centimetre
https://m.media-amazon.com/images/I/51o3vP2YmaL.jpg,599772,width,13.0 inch
https://m.media-amazon.com/images/I/51Kgo3OrxaL.jpg,599772,width,14.0 centimetre
https://m.media-amazon.com/images/I/617cP3edpNL.jpg,599772,width,40.0 centimetre
https://m.media-amazon.com/images/I/614gVLoQ+bL.jpg,599772,width,36.0 centimetre
https://m.media-amazon.com/images/I/51XQEhDBJ-L.jpg,599772,width,69.0 millimetre
https://m.media-amazon.com/images/I/51G1u6naUEL.jpg,599772,width,14.5 centimetre
https://m.media-amazon.com/images/I/613ojd3rhAL.jpg,599772,width,32.5 centimetre
https://m.media-amazon.com/images/I/51SZRdMQkrL.jpg,599772,width,27.9 centimetre
https://m.media-amazon.com/images/I/51SZRdMQkrL.jpg,599772,height,28.7 centimetre
https://m.media-amazon.com/images/I/61EMeDSvgWL.jpg,599772,width,15.7 inch
https://m.media-amazon.com/images/I/51JEcZwuebL.jpg,599772,width,30.0 centimetre
https://m.media-amazon.com/images/I/51JEcZwuebL.jpg,599772,height,15.0 centimetre
https://m.media-amazon.com/images/I/616oFZH6SZL.jpg,599772,width,6.1 inch
https://m.media-amazon.com/images/I/51luZ1d9-WL.jpg,599772,width,23.5 centimetre
https://m.media-amazon.com/images/I/41ukcKbi99L.jpg,599772,width,39.5 centimetre
https://m.media-amazon.com/images/I/51SveeiobjL.jpg,599772,width,25.5 centimetre
https://m.media-amazon.com/images/I/613xI9gaMWL.jpg,599772,width,10.0 inch
https://m.media-amazon.com/images/I/51bCv1ovv0L.jpg,599772,width,33.5 centimetre
https://m.media-amazon.com/images/I/61GIFOLQD8L.jpg,599772,width,430.0 millimetre
https://m.media-amazon.com/images/I/614FVmMDbKL.jpg,599772,width,17.0 inch
https://m.media-amazon.com/images/I/51vszN4ulLL.jpg,599772,width,45.0 centimetre
https://m.media-amazon.com/images/I/51vszN4ulLL.jpg,599772,height,5.8 centimetre
https://m.media-amazon.com/images/I/6103FR6nw2L.jpg,599772,width,16.51 centimetre
https://m.media-amazon.com/images/I/5123+lJdfhL.jpg,599772,width,50.0 centimetre
https://m.media-amazon.com/images/I/51kzdxsI3dL.jpg,599772,width,44.5 centimetre
https://m.media-amazon.com/images/I/5164tlfv4YL.jpg,599772,width,8.0 inch
https://m.media-amazon.com/images/I/517t1r1fm7L.jpg,599772,width,4.0 centimetre
https://m.media-amazon.com/images/I/51bV8DVxbeL.jpg,599772,width,6.5 centimetre
https://m.media-amazon.com/images/I/31AfIUJhx8L.jpg,599772,width,8.0 inch
https://m.media-amazon.com/images/I/519gW4dCrrL.jpg,599772,width,18.0 centimetre
https://m.media-amazon.com/images/I/518H89VP1BL.jpg,599772,width,3.0 inch
https://m.media-amazon.com/images/I/518H89VP1BL.jpg,599772,height,4.5 inch
https://m.media-amazon.com/images/I/61CdWJZ7XRL.jpg,599772,width,14.8 inch
https://m.media-amazon.com/images/I/61EL6+pZgVL.jpg,599772,width,23.62 inch
https://m.media-amazon.com/images/I/617OIFNp8kL.jpg,599772,width,14.2 inch
https://m.media-amazon.com/images/I/61+7YHUF4kL.jpg,599772,width,48.7 centimetre
https://m.media-amazon.com/images/I/51+u0AHOzfL.jpg,599772,width,10.6 inch
https://m.media-amazon.com/images/I/51hJGW8rKkL.jpg,599772,width,32.5 centimetre
https://m.media-amazon.com/images/I/613SajjUU1L.jpg,599772,width,37.0 centimetre
https://m.media-amazon.com/images/I/61DpeQRxMaL.jpg,599772,width,15.0 centimetre
https://m.media-amazon.com/images/I/6197M4gJIaL.jpg,599772,width,14.0 inch
https://m.media-amazon.com/images/I/513ZFPOyJXL.jpg,599772,width,45.7 centimetre
https://m.media-amazon.com/images/I/51XVWHNq1gL.jpg,599772,width,22.25 inch
https://m.media-amazon.com/images/I/51XRBMLu-rL.jpg,599772,width,400.0 millimetre
https://m.media-amazon.com/images/I/413KO+oUD4L.jpg,599772,width,10.75 inch
https://m.media-amazon.com/images/I/51Z+WmHTkTL.jpg,599772,width,41.0 centimetre
https://m.media-amazon.com/images/I/61FSdCtbBhL.jpg,599772,width,30.5 centimetre
https://m.media-amazon.com/images/I/61FSdCtbBhL.jpg,599772,height,5.0 inch
https://m.media-amazon.com/images/I/61AAkco8k8L.jpg,599772,width,90.0 centimetre
https://m.media-amazon.com/images/I/51UsHV5umGL.jpg,599772,height,19.7 inch
https://m.media-amazon.com/images/I/51J6XRMrv1L.jpg,599772,height,45.0 millimetre
https://m.media-amazon.com/images/I/51V5N12N7VL.jpg,599772,height,4.5 centimetre
https://m.media-amazon.com/images/I/51P8bXXE5HL.jpg,599772,height,7.9 centimetre
https://m.media-amazon.com/images/I/51VOIFfEU2L.jpg,599772,height,2.52 inch
https://m.media-amazon.com/images/I/518foUqTgYL.jpg,599772,height,200.0 millimetre
https://m.media-amazon.com/images/I/61G2hZup1UL.jpg,599772,height,15.3 inch
https://m.media-amazon.com/images/I/618uaoVpSFL.jpg,599772,height,12.6 inch
https://m.media-amazon.com/images/I/61829AzJ+3L.jpg,599772,height,30.0 inch
https://m.media-amazon.com/images/I/51j-Uu3GWVS.jpg,599772,height,30.5 centimetre
https://m.media-amazon.com/images/I/6194xli8-HL.jpg,599772,height,7.0 inch
https://m.media-amazon.com/images/I/611r0aYwizL.jpg,599772,height,68.0 centimetre
https://m.media-amazon.com/images/I/51cl6l-vTlS.jpg,599772,height,5.3 inch
https://m.media-amazon.com/images/I/617SLQo5Z-S.jpg,599772,height,29.6 centimetre
https://m.media-amazon.com/images/I/51LWKwtDhQL.jpg,599772,height,8.5 inch
https://m.media-amazon.com/images/I/51+u-xrRecL.jpg,599772,height,9.25 inch
https://m.media-amazon.com/images/I/512tABkZ9jL.jpg,599772,height,3.2 inch
https://m.media-amazon.com/images/I/61+I2bQdiCL.jpg,599772,height,15.1 centimetre
https://m.media-amazon.com/images/I/61ERz-AwN4S.jpg,599772,height,9.6 centimetre
https://m.media-amazon.com/images/I/51h3gbFD1sL.jpg,599772,height,120.0 centimetre
https://m.media-amazon.com/images/I/611UZNj1kbL.jpg,599772,height,50.0 centimetre
https://m.media-amazon.com/images/I/613E1g8pKkL.jpg,599772,height,9.5 centimetre
https://m.media-amazon.com/images/I/51ODeLxkj0L.jpg,599772,height,89.5 centimetre
https://m.media-amazon.com/images/I/61CAKZmKFkL.jpg,599772,height,6.5 centimetre
https://m.media-amazon.com/images/I/51eHssazNxL.jpg,599772,height,430.0 millimetre
https://m.media-amazon.com/images/I/615HaY+qy5L.jpg,599772,height,59.0 centimetre
https://m.media-amazon.com/images/I/517cIttWXhL.jpg,599772,height,6.8 centimetre
https://m.media-amazon.com/images/I/51iIxAALlVL.jpg,599772,height,2.0 metre
https://m.media-amazon.com/images/I/61BCExNDTkL.jpg,599772,height,3.0 inch
https://m.media-amazon.com/images/I/61EDcV3DF8L.jpg,599772,height,230.0 centimetre
https://m.media-amazon.com/images/I/51aC+mljxpL.jpg,599772,height,31.0 centimetre
https://m.media-amazon.com/images/I/51oq+NkIsnS.jpg,599772,height,4.9 inch
https://m.media-amazon.com/images/I/61BQmq9NvTL.jpg,599772,height,4.5 centimetre
https://m.media-amazon.com/images/I/512keXa6nWL.jpg,599772,height,10.5 inch
https://m.media-amazon.com/images/I/41lY7Be-0JL.jpg,599772,height,3.0 centimetre
https://m.media-amazon.com/images/I/614cMV2ENFL.jpg,599772,height,39.4 inch
https://m.media-amazon.com/images/I/51CWHISg-vL.jpg,599772,height,1220.0 millimetre
https://m.media-amazon.com/images/I/51OxUSeIyzL.jpg,599772,height,22.5 centimetre
https://m.media-amazon.com/images/I/619JfdQuLqL.jpg,599772,height,12.0 inch
https://m.media-amazon.com/images/I/61ATyRdY-SL.jpg,599772,height,86.0 centimetre
https://m.media-amazon.com/images/I/41FT2YxTNPS.jpg,599772,height,59.5 centimetre
https://m.media-amazon.com/images/I/51faocfn6iL.jpg,599772,height,5.0 centimetre
https://m.media-amazon.com/images/I/61BpiS87X1L.jpg,599772,height,34.0 centimetre
https://m.media-amazon.com/images/I/51iOve7v6wL.jpg,599772,height,22.5 centimetre
https://m.media-amazon.com/images/I/51k6eaEu+bL.jpg,599772,height,14.2 inch
https://m.media-amazon.com/images/I/61-uUQ3ofHL.jpg,599772,height,13.5 centimetre
https://m.media-amazon.com/images/I/616YN1NK-OL.jpg,599772,height,54.4 inch
https://m.media-amazon.com/images/I/51fJnH98u8L.jpg,599772,height,3.4 inch
https://m.media-amazon.com/images/I/51SMws1U7bL.jpg,599772,height,25.5 centimetre
https://m.media-amazon.com/images/I/51Hg4Qth1PL.jpg,599772,height,17.0 inch
https://m.media-amazon.com/images/I/51IsKWzvlSL.jpg,599772,height,20.0 centimetre
https://m.media-amazon.com/images/I/51bNG4tWjGL.jpg,599772,height,5.7 inch
https://m.media-amazon.com/images/I/51YjkTQY1VS.jpg,599772,height,2.5 centimetre
https://m.media-amazon.com/images/I/51iSD9jXMCL.jpg,599772,height,8.0 centimetre
https://m.media-amazon.com/images/I/6160oJgCMGL.jpg,599772,height,70.0 millimetre
https://m.media-amazon.com/images/I/61FLDQaC4bL.jpg,599772,height,2.0 inch
https://m.media-amazon.com/images/I/51hmbHdhlbL.jpg,599772,height,5.0 centimetre
https://m.media-amazon.com/images/I/51BmO01pPkL.jpg,599772,height,8.27 centimetre
https://m.media-amazon.com/images/I/61--XlJ7SDL.jpg,599772,height,31.7 inch
https://m.media-amazon.com/images/I/41ilpyRuwuL.jpg,599772,height,11.4 centimetre
https://m.media-amazon.com/images/I/515DKqszRXL.jpg,599772,height,5.5 centimetre
https://m.media-amazon.com/images/I/61+bWfnREKL.jpg,599772,height,3.48 centimetre
https://m.media-amazon.com/images/I/51hMkg3V3LL.jpg,599772,height,16.5 inch
https://m.media-amazon.com/images/I/51F6xgJVOaL.jpg,599772,height,2.5 centimetre
https://m.media-amazon.com/images/I/619TUg-nthL.jpg,599772,height,110.0 centimetre
https://m.media-amazon.com/images/I/61BRwPFS8BL.jpg,599772,height,9.5 centimetre
https://m.media-amazon.com/images/I/614nf7pDu1L.jpg,599772,height,113.7 centimetre
https://m.media-amazon.com/images/I/41uuKrtYMGL.jpg,599772,height,30.0 centimetre
https://m.media-amazon.com/images/I/61ChTXkjkYL.jpg,599772,height,15.4 inch
https://m.media-amazon.com/images/I/61Fs+FcOB+L.jpg,599772,height,4.0 inch
https://m.media-amazon.com/images/I/61Di3yV6uaL.jpg,599772,height,18.0 centimetre
https://m.media-amazon.com/images/I/618GTira9zL.jpg,599772,height,18.0 centimetre
https://m.media-amazon.com/images/I/618tptbGFfL.jpg,599772,height,4.2 inch
https://m.media-amazon.com/images/I/51hdGfWMWML.jpg,599772,height,5.5 centimetre
https://m.media-amazon.com/images/I/41MAAyHR5NL.jpg,599772,height,88.0 centimetre
https://m.media-amazon.com/images/I/61BFfDSsSJL.jpg,599772,height,1.0 inch
https://m.media-amazon.com/images/I/510HK8zgIiL.jpg,599772,height,43.5 centimetre
https://m.media-amazon.com/images/I/51UKJhcicVL.jpg,599772,height,16.5 centimetre
https://m.media-amazon.com/images/I/51M1lMc1I0L.jpg,599772,height,15.0 centimetre
https://m.media-amazon.com/images/I/614ju9T4K-L.jpg,599772,height,31.0 centimetre
https://m.media-amazon.com/images/I/41WlT3hvawL.jpg,599772,height,8.9 inch
https://m.media-amazon.com/images/I/51rMTbV5NVL.jpg,599772,height,1260.0 millimetre
https://m.media-amazon.com/images/I/51dvpLaii4S.jpg,599772,height,45.0 inch
https://m.media-amazon.com/images/I/612eZsMojtL.jpg,599772,height,91.0 centimetre
https://m.media-amazon.com/images/I/514Tm35SJqL.jpg,599772,height,12.0 centimetre
https://m.media-amazon.com/images/I/61Dry3tRjAL.jpg,599772,height,1450.0 millimetre
https://m.media-amazon.com/images/I/51RKTIu68ZL.jpg,599772,height,41.0 centimetre
https://m.media-amazon.com/images/I/51zjePELqYL.jpg,599772,height,15.0 centimetre
https://m.media-amazon.com/images/I/6122DrG1wJL.jpg,599772,height,5.87 inch
https://m.media-amazon.com/images/I/611g5OVgZsL.jpg,599772,height,11.0 inch
https://m.media-amazon.com/images/I/61BRxBuf9WL.jpg,599772,height,8.0 inch
https://m.media-amazon.com/images/I/611XKTo5YQL.jpg,599772,height,7.3 inch
https://m.media-amazon.com/images/I/516za3PUmKL.jpg,599772,height,6.0 centimetre
https://m.media-amazon.com/images/I/61G+-5i7B3L.jpg,599772,height,34.0 inch
https://m.media-amazon.com/images/I/510inxB0CJS.jpg,599772,height,30.0 centimetre
https://m.media-amazon.com/images/I/61BYDy3N+1L.jpg,599772,height,27.0 centimetre
https://m.media-amazon.com/images/I/51XGu4ggHvL.jpg,599772,height,1.7 inch
https://m.media-amazon.com/images/I/51hTjnq2doS.jpg,599772,height,48.0 centimetre
https://m.media-amazon.com/images/I/51E9F7gpB8L.jpg,599772,height,11.43 centimetre
https://m.media-amazon.com/images/I/51KlGZ7ddcS.jpg,599772,height,55.0 centimetre
https://m.media-amazon.com/images/I/51RABPLNNpL.jpg,599772,height,15.0 inch
https://m.media-amazon.com/images/I/51qm8NkRlML.jpg,599772,height,10.3 centimetre
https://m.media-amazon.com/images/I/51JNQQ8V1lL.jpg,599772,height,24.5 centimetre
https://m.media-amazon.com/images/I/51auddly8dL.jpg,599772,height,37.2 inch
https://m.media-amazon.com/images/I/51s6aF88V5L.jpg,599772,height,33.3 centimetre
https://m.media-amazon.com/images/I/514DrsOdKmL.jpg,599772,height,7.0 inch
https://m.media-amazon.com/images/I/61+D+dht8kL.jpg,599772,height,250.0 centimetre
https://m.media-amazon.com/images/I/51G+3f9rb4L.jpg,599772,height,28.0 centimetre
https://m.media-amazon.com/images/I/614134ZOzAL.jpg,599772,height,2.95 inch
https://m.media-amazon.com/images/I/619UL7DC+bL.jpg,599772,height,9.2 centimetre
https://m.media-amazon.com/images/I/513f16otSCL.jpg,599772,height,10.8 centimetre
https://m.media-amazon.com/images/I/61+kZd2yYKL.jpg,599772,height,39.92 inch
https://m.media-amazon.com/images/I/610WId1wulL.jpg,599772,height,350.0 centimetre
https://m.media-amazon.com/images/I/512XyqWefwL.jpg,599772,height,20.63 inch
https://m.media-amazon.com/images/I/51tu+G2ttYL.jpg,599772,height,15.0 centimetre
https://m.media-amazon.com/images/I/41-TQ-O4ELL.jpg,599772,height,3.6 centimetre
https://m.media-amazon.com/images/I/61AyZaP2AOL.jpg,599772,height,14.1 inch
https://m.media-amazon.com/images/I/612VIofEXjL.jpg,599772,height,17.0 inch
https://m.media-amazon.com/images/I/515g51FBUhL.jpg,599772,height,29.52 inch
https://m.media-amazon.com/images/I/61D7Y1+uAUL.jpg,599772,height,5.75 inch
https://m.media-amazon.com/images/I/5104KniY4BL.jpg,599772,height,38.0 centimetre
https://m.media-amazon.com/images/I/41VXlXRiwBL.jpg,599772,height,11.8 inch
https://m.media-amazon.com/images/I/61BvYz3X1cL.jpg,599772,height,7.0 inch
https://m.media-amazon.com/images/I/614fCeMQQUL.jpg,599772,height,65.7 inch
https://m.media-amazon.com/images/I/51n-HG+ir9L.jpg,599772,height,7.5 centimetre
https://m.media-amazon.com/images/I/51SrNlsw3HL.jpg,599772,height,14.5 inch
https://m.media-amazon.com/images/I/615as02Dr7L.jpg,599772,height,6.57 inch
https://m.media-amazon.com/images/I/41oQGOBPr1L.jpg,599772,height,17.0 centimetre
https://m.media-amazon.com/images/I/51lP5HMPhuL.jpg,599772,height,202.0 centimetre
https://m.media-amazon.com/images/I/61DYIvdR6qL.jpg,599772,height,8.66 inch
https://m.media-amazon.com/images/I/516Z1NTGe4L.jpg,599772,height,1.77 inch
https://m.media-amazon.com/images/I/611PVyVk8DL.jpg,599772,height,5.5 centimetre
https://m.media-amazon.com/images/I/61Ca9VE76dL.jpg,599772,height,13.0 centimetre
https://m.media-amazon.com/images/I/618VVh4teyL.jpg,599772,height,13.0 centimetre
https://m.media-amazon.com/images/I/611lpz9HB+L.jpg,599772,height,167.0 centimetre
https://m.media-amazon.com/images/I/51yO7ycYtVL.jpg,599772,height,38.0 centimetre
https://m.media-amazon.com/images/I/41ydrTNn3WL.jpg,599772,height,11.5 centimetre
https://m.media-amazon.com/images/I/51GdShjuWkL.jpg,599772,height,7.7 centimetre
https://m.media-amazon.com/images/I/61+eI-SBRqL.jpg,599772,height,12.0 centimetre
https://m.media-amazon.com/images/I/51zicF6MK7L.jpg,599772,height,3.0 centimetre
https://m.media-amazon.com/images/I/41q-epGjBQL.jpg,599772,height,50.0 millimetre
https://m.media-amazon.com/images/I/617WR8tlUWL.jpg,599772,height,30.0 inch
https://m.media-amazon.com/images/I/611qU6CEyhL.jpg,599772,height,5.1 inch
https://m.media-amazon.com/images/I/614YHzCkYpS.jpg,599772,height,492.0 centimetre
https://m.media-amazon.com/images/I/614qY-SvqzL.jpg,599772,height,695.0 millimetre
https://m.media-amazon.com/images/I/51eyVsKUdoL.jpg,599772,height,38.0 centimetre
https://m.media-amazon.com/images/I/61DnFmHB6nL.jpg,599772,height,115.0 centimetre
https://m.media-amazon.com/images/I/51oyQw67FjL.jpg,599772,height,2.0 inch
https://m.media-amazon.com/images/I/31zq7+KuRmL.jpg,599772,height,2.25 inch
https://m.media-amazon.com/images/I/61EJ4Ii4IjL.jpg,599772,height,1.58 inch
https://m.media-amazon.com/images/I/51YtummNTtL.jpg,599772,height,3.0 inch
https://m.media-amazon.com/images/I/51rTrw3bxnL.jpg,599772,height,42.0 centimetre
https://m.media-amazon.com/images/I/51KzkiDkhIL.jpg,599772,height,10.25 inch
https://m.media-amazon.com/images/I/41esBY5+8ZL.jpg,599772,height,2.0 centimetre
https://m.media-amazon.com/images/I/51pL+VfHqsL.jpg,599772,height,3.4 inch
https://m.media-amazon.com/images/I/616CHohndiL.jpg,599772,height,39.0 centimetre
https://m.media-amazon.com/images/I/41smWGsX3uL.jpg,599772,height,60.0 millimetre
https://m.media-amazon.com/images/I/618fJIGb58L.jpg,599772,height,240.0 millimetre
https://m.media-amazon.com/images/I/6184b3DXuUS.jpg,599772,height,5.0 centimetre
https://m.media-amazon.com/images/I/614p0ICWtqL.jpg,599772,height,8.5 centimetre
https://m.media-amazon.com/images/I/61AxseUlLaL.jpg,599772,height,32.0 centimetre
https://m.media-amazon.com/images/I/51lKYS2sGDL.jpg,599772,height,153.0 centimetre
https://m.media-amazon.com/images/I/51+WGkjWxyL.jpg,599772,height,89.5 centimetre
https://m.media-amazon.com/images/I/513j74OqMXL.jpg,599772,height,108.0 centimetre
https://m.media-amazon.com/images/I/51x15j76m9L.jpg,599772,height,85.0 centimetre
https://m.media-amazon.com/images/I/51Ahn-HDV6S.jpg,599772,height,6.3 inch
https://m.media-amazon.com/images/I/51HutpR+SfL.jpg,599772,height,2.0 centimetre
https://m.media-amazon.com/images/I/51IQUkzNuuL.jpg,599772,height,178.0 centimetre
https://m.media-amazon.com/images/I/51Bt4pt+ydL.jpg,599772,height,8.5 centimetre
https://m.media-amazon.com/images/I/51N32FCFDVL.jpg,599772,height,5.5 centimetre
https://m.media-amazon.com/images/I/6167M1+o9aL.jpg,599772,height,43.0 centimetre
https://m.media-amazon.com/images/I/51nbR35vEtL.jpg,599772,height,7.87 inch
https://m.media-amazon.com/images/I/51SkzhsCl3L.jpg,599772,height,3.4 centimetre
https://m.media-amazon.com/images/I/51Fso0iOGtL.jpg,599772,height,30.0 centimetre
https://m.media-amazon.com/images/I/61-WdnHP8HL.jpg,599772,height,26.0 centimetre
https://m.media-amazon.com/images/I/51r61tAfZ+L.jpg,599772,height,54.5 centimetre
https://m.media-amazon.com/images/I/51uD1x3NouL.jpg,599772,height,24.0 centimetre
https://m.media-amazon.com/images/I/51ll2nxirsL.jpg,599772,height,25.0 centimetre
https://m.media-amazon.com/images/I/61+a7KkcuIL.jpg,599772,height,6.0 inch
https://m.media-amazon.com/images/I/515y9IURb9L.jpg,599772,height,27.0 centimetre
https://m.media-amazon.com/images/I/613HoEvM45L.jpg,599772,height,13.38 inch
https://m.media-amazon.com/images/I/51z611grTNL.jpg,599772,height,2.5 centimetre
https://m.media-amazon.com/images/I/61+xFfCiYeL.jpg,599772,height,27.5 centimetre
https://m.media-amazon.com/images/I/51P8IHq1RfL.jpg,599772,height,155.0 centimetre
https://m.media-amazon.com/images/I/6143a+I2BHL.jpg,599772,height,3.8 inch
https://m.media-amazon.com/images/I/619NVTDH6HL.jpg,599772,height,34.0 inch
https://m.media-amazon.com/images/I/51g6-VCZR2L.jpg,599772,height,8.2 centimetre
https://m.media-amazon.com/images/I/614-H+oHpjL.jpg,599772,height,60.0 centimetre
https://m.media-amazon.com/images/I/61-o+DqjUWL.jpg,599772,height,13.0 centimetre
https://m.media-amazon.com/images/I/61A1pfAA29L.jpg,599772,height,26.18 inch
https://m.media-amazon.com/images/I/619xRKpWfhL.jpg,599772,height,58.9 centimetre
https://m.media-amazon.com/images/I/61G3zFOC5JL.jpg,599772,height,210.0 millimetre
https://m.media-amazon.com/images/I/517DOgMR9SL.jpg,599772,height,39.88 centimetre
https://m.media-amazon.com/images/I/514RxiuTOxL.jpg,599772,height,74.0 centimetre
https://m.media-amazon.com/images/I/61-IakMj-GL.jpg,599772,height,5.5 inch
https://m.media-amazon.com/images/I/51I5TMmT7lL.jpg,599772,height,8.0 centimetre
https://m.media-amazon.com/images/I/51wiWaffUvL.jpg,599772,height,230.0 millimetre
https://m.media-amazon.com/images/I/51J2xVmQUvL.jpg,599772,height,50.0 millimetre
https://m.media-amazon.com/images/I/41QyiJVvxvL.jpg,599772,height,5.0 centimetre
https://m.media-amazon.com/images/I/61AOjGAT7BL.jpg,599772,height,31.0 centimetre
https://m.media-amazon.com/images/I/51j00-FKIhL.jpg,599772,height,3.6 centimetre
https://m.media-amazon.com/images/I/619uM2MW02L.jpg,599772,height,38.0 centimetre
https://m.media-amazon.com/images/I/51SNOD1BabL.jpg,599772,height,4.0 inch
https://m.media-amazon.com/images/I/51qSl-EV1PL.jpg,599772,height,2.5 centimetre
https://m.media-amazon.com/images/I/616vsLudJKL.jpg,599772,height,6.0 centimetre
https://m.media-amazon.com/images/I/511hYiEXlzL.jpg,599772,height,29.7 centimetre
https://m.media-amazon.com/images/I/51yZHRubRhL.jpg,599772,height,17.0 centimetre
https://m.media-amazon.com/images/I/610WvxMmmUL.jpg,599772,height,2.4 inch
https://m.media-amazon.com/images/I/61-uliXrfZL.jpg,599772,height,21.5 centimetre
https://m.media-amazon.com/images/I/31yjbmJdC+L.jpg,599772,height,5.5 inch
https://m.media-amazon.com/images/I/51CEBhbSGQL.jpg,599772,height,40.0 centimetre
https://m.media-amazon.com/images/I/611dMSzPYUL.jpg,599772,height,45.5 centimetre
https://m.media-amazon.com/images/I/611aarGTf0L.jpg,599772,height,420.0 millimetre
https://m.media-amazon.com/images/I/41GZoW7DgGL.jpg,599772,height,2.0 centimetre
https://m.media-amazon.com/images/I/61+f2oi3ZqL.jpg,599772,height,40.0 centimetre
https://m.media-amazon.com/images/I/41XylMsqkDL.jpg,599772,height,230.0 centimetre
https://m.media-amazon.com/images/I/616uXdKH2SS.jpg,599772,height,6.9 centimetre
https://m.media-amazon.com/images/I/51KVE2J7G6L.jpg,599772,height,1.8 inch
https://m.media-amazon.com/images/I/51DcruN3VZL.jpg,599772,height,42.0 centimetre
https://m.media-amazon.com/images/I/51P06MuP45L.jpg,599772,height,14.0 centimetre
https://m.media-amazon.com/images/I/618c5Iwsk3L.jpg,599772,height,6.5 centimetre
https://m.media-amazon.com/images/I/51soIRa8GiL.jpg,599772,height,25.0 centimetre
https://m.media-amazon.com/images/I/51KEojOFc0L.jpg,599772,height,115.0 millimetre
https://m.media-amazon.com/images/I/616FmOLtABL.jpg,599772,height,8.66 inch
https://m.media-amazon.com/images/I/51WCpbynTUL.jpg,599772,height,60.0 inch
https://m.media-amazon.com/images/I/41AYHPBo24L.jpg,599772,height,3.0 centimetre
https://m.media-amazon.com/images/I/51Bnhxd7KUL.jpg,599772,height,15.0 centimetre
https://m.media-amazon.com/images/I/61C5Ee3wtyL.jpg,599772,height,37.0 centimetre
https://m.media-amazon.com/images/I/519FVsvOAHL.jpg,599772,height,243.0 millimetre
https://m.media-amazon.com/images/I/519qmfup6HL.jpg,599772,height,140.0 centimetre
https://m.media-amazon.com/images/I/51lzQEbeKEL.jpg,599772,height,23.0 centimetre
https://m.media-amazon.com/images/I/613KZfWDcxL.jpg,599772,height,14.96 inch
https://m.media-amazon.com/images/I/610vgVWpQcS.jpg,599772,height,17.0 inch
https://m.media-amazon.com/images/I/51TrzxLdRoL.jpg,599772,height,28.0 centimetre
https://m.media-amazon.com/images/I/51FdZA8jHKL.jpg,599772,height,100.0 centimetre
https://m.media-amazon.com/images/I/611oRJX1HYL.jpg,599772,height,17.0 centimetre
https://m.media-amazon.com/images/I/51rpczyYbbL.jpg,599772,height,10.2 centimetre
https://m.media-amazon.com/images/I/61FKWikIkSL.jpg,599772,height,3.26 inch
https://m.media-amazon.com/images/I/51OKY4MLpRL.jpg,599772,height,2.8 centimetre
https://m.media-amazon.com/images/I/51Xb+R9G1lL.jpg,599772,height,40.0 centimetre
https://m.media-amazon.com/images/I/619oFwFF7wL.jpg,599772,height,25.5 inch
https://m.media-amazon.com/images/I/51pwmpoT6kS.jpg,599772,height,2.3 centimetre
https://m.media-amazon.com/images/I/51THpbw0fJL.jpg,599772,height,6.5 centimetre
https://m.media-amazon.com/images/I/51dEzK9S8jL.jpg,599772,height,115.0 centimetre
https://m.media-amazon.com/images/I/51H2GJ7lL4L.jpg,599772,height,4.0 centimetre
https://m.media-amazon.com/images/I/51pDwflMZ7L.jpg,599772,height,8.26 inch
https://m.media-amazon.com/images/I/61CkloIUQJL.jpg,599772,height,10.6 inch
https://m.media-amazon.com/images/I/51hcUGhHEAL.jpg,599772,height,42.0 centimetre
https://m.media-amazon.com/images/I/51MbZgpPIXL.jpg,599772,height,31.0 centimetre
https://m.media-amazon.com/images/I/51ssaePUdtL.jpg,599772,height,59.0 centimetre
https://m.media-amazon.com/images/I/61Fflu3wTVL.jpg,599772,height,3.4 inch
https://m.media-amazon.com/images/I/616x9JtQBtL.jpg,599772,height,30.0 inch
https://m.media-amazon.com/images/I/61+t-lFhHNL.jpg,599772,height,15.0 centimetre
https://m.media-amazon.com/images/I/61Fyi0QzThL.jpg,599772,height,128.0 centimetre
https://m.media-amazon.com/images/I/51Drc0IkvJL.jpg,599772,height,3.4 inch
https://m.media-amazon.com/images/I/51Z4Ij+6wiL.jpg,599772,height,26.5 centimetre
https://m.media-amazon.com/images/I/51wG73Lzf8L.jpg,599772,height,46.45 inch
https://m.media-amazon.com/images/I/611XMcMdp2L.jpg,599772,height,35.6 centimetre
https://m.media-amazon.com/images/I/613BGoy2EEL.jpg,599772,height,4.72 inch
https://m.media-amazon.com/images/I/41JnSsYoHBL.jpg,599772,height,43.0 millimetre
https://m.media-amazon.com/images/I/61AG3vZP34L.jpg,599772,height,30.0 inch
https://m.media-amazon.com/images/I/514f9TmYx-L.jpg,599772,height,3.4 inch
https://m.media-amazon.com/images/I/6148BP0X+4L.jpg,599772,height,8.0 centimetre
https://m.media-amazon.com/images/I/51+HsrkHa-L.jpg,599772,height,45.0 millimetre
https://m.media-amazon.com/images/I/612aNjkwz3L.jpg,599772,height,1.96 inch
https://m.media-amazon.com/images/I/61AcEMGrLQL.jpg,599772,height,2.0 inch
https://m.media-amazon.com/images/I/61BCkqvmfyL.jpg,599772,height,2.0 centimetre
https://m.media-amazon.com/images/I/615BZCUgsML.jpg,599772,height,15.0 centimetre
https://m.media-amazon.com/images/I/613dJyg+HsL.jpg,599772,height,6.5 centimetre
https://m.media-amazon.com/images/I/510HdebhP3L.jpg,599772,height,7.08 inch
https://m.media-amazon.com/images/I/613EAeYjurL.jpg,599772,height,7.0 inch
https://m.media-amazon.com/images/I/617kMOghLoL.jpg,599772,height,57.7 inch
https://m.media-amazon.com/images/I/51zzw+ChUDS.jpg,599772,height,47.8 centimetre
https://m.media-amazon.com/images/I/618UjZIC64L.jpg,599772,height,21.0 centimetre
https://m.media-amazon.com/images/I/61+HJPtePeL.jpg,599772,height,16.53 inch
https://m.media-amazon.com/images/I/61AO6bQkYHL.jpg,599772,height,13.8 inch
https://m.media-amazon.com/images/I/51rN4HcdViL.jpg,599772,height,24.0 inch
https://m.media-amazon.com/images/I/61--QufuT9S.jpg,599772,height,7.0 inch
https://m.media-amazon.com/images/I/51eU7MioDWL.jpg,599772,height,12.7 centimetre
https://m.media-amazon.com/images/I/51ER4fRUwwL.jpg,599772,height,1525.0 millimetre
https://m.media-amazon.com/images/I/610Zxvo17pL.jpg,599772,height,22.0 centimetre
https://m.media-amazon.com/images/I/61+963nM8ZS.jpg,599772,height,4.12 inch
https://m.media-amazon.com/images/I/61AqRAiUECL.jpg,599772,height,55.0 centimetre
https://m.media-amazon.com/images/I/51PS6IUgPGL.jpg,599772,height,8.0 centimetre
https://m.media-amazon.com/images/I/51MQLgx7hwL.jpg,599772,height,12.5 centimetre
https://m.media-amazon.com/images/I/614UlzQBX3L.jpg,599772,height,51.0 centimetre
https://m.media-amazon.com/images/I/61-4Y--3iiL.jpg,599772,height,1275.0 millimetre
https://m.media-amazon.com/images/I/61DLAZ-BjRL.jpg,599772,height,9.0 centimetre
https://m.media-amazon.com/images/I/61+XHOrobgL.jpg,599772,height,160.0 millimetre
https://m.media-amazon.com/images/I/51g6ohN6k0L.jpg,599772,height,240.0 millimetre
https://m.media-amazon.com/images/I/51S4njmyYHL.jpg,599772,height,35.0 centimetre
https://m.media-amazon.com/images/I/51vBTbpgdRL.jpg,599772,height,4.0 centimetre
https://m.media-amazon.com/images/I/51XQP+cPSwL.jpg,599772,height,50.0 centimetre
https://m.media-amazon.com/images/I/612hSbBIK5L.jpg,599772,height,13.3 centimetre
https://m.media-amazon.com/images/I/51IRHfFzOoL.jpg,599772,height,9.5 centimetre
https://m.media-amazon.com/images/I/513fjws-TTL.jpg,599772,height,8.0 centimetre
https://m.media-amazon.com/images/I/617L7C4PUDL.jpg,599772,height,8.0 centimetre
https://m.media-amazon.com/images/I/51R6uoXgElL.jpg,599772,height,1.8 inch
https://m.media-amazon.com/images/I/51Fp+aDB8qL.jpg,599772,height,37.4 inch
https://m.media-amazon.com/images/I/51O8jnHiMXL.jpg,599772,height,22.0 centimetre
https://m.media-amazon.com/images/I/61DyY6wdV8L.jpg,599772,height,6.0 centimetre
https://m.media-amazon.com/images/I/5106aTxkHtL.jpg,599772,height,26.39 centimetre
https://m.media-amazon.com/images/I/61FaKGlAeZL.jpg,599772,height,6.0 centimetre
https://m.media-amazon.com/images/I/51qUlV0Uj9L.jpg,599772,height,5.8 centimetre
https://m.media-amazon.com/images/I/61Ewh5mSciL.jpg,599772,height,11.4 inch
https://m.media-amazon.com/images/I/51JrAewUQ-L.jpg,599772,height,120.0 centimetre
https://m.media-amazon.com/images/I/61Cf5CsRE6L.jpg,599772,height,4.0 inch
https://m.media-amazon.com/images/I/61Bc37ptTgL.jpg,599772,height,8.5 inch
https://m.media-amazon.com/images/I/61EZxk6vIdL.jpg,599772,height,14.0 centimetre
https://m.media-amazon.com/images/I/61+FeDt+VbL.jpg,599772,height,76.0 centimetre
https://m.media-amazon.com/images/I/41NMAD0N0YL.jpg,599772,height,85.0 inch
https://m.media-amazon.com/images/I/51w3cQU-ZRL.jpg,599772,height,230.0 centimetre
https://m.media-amazon.com/images/I/51yFq8EkJYL.jpg,599772,height,85.0 millimetre
https://m.media-amazon.com/images/I/41i6EVHUmpL.jpg,599772,height,2.0 inch
