image_link,group_id,entity_name,entity_value
https://m.media-amazon.com/images/I/41+QUzbOBjL.jpg,598375,width,8.0 centimetre
https://m.media-amazon.com/images/I/51dGBKb0NYL.jpg,598375,width,5.0 centimetre
https://m.media-amazon.com/images/I/51KoC82q++L.jpg,598375,width,1.0 inch
https://m.media-amazon.com/images/I/51jwCnZXDcL.jpg,598375,width,9.0 centimetre
https://m.media-amazon.com/images/I/51pVHxHt68L.jpg,598375,width,4.4 centimetre
https://m.media-amazon.com/images/I/51ynUSvmjfL.jpg,598375,width,3.5 centimetre
https://m.media-amazon.com/images/I/51JGAFeg1DL.jpg,598375,width,7.5 centimetre
https://m.media-amazon.com/images/I/4177J4RdaRS.jpg,598375,width,2.0 centimetre
https://m.media-amazon.com/images/I/513Saz5xe+L.jpg,598375,width,4.2 centimetre
https://m.media-amazon.com/images/I/618JJ63ZPJL.jpg,598375,width,10.0 centimetre
https://m.media-amazon.com/images/I/51YDw0MPdvL.jpg,598375,width,4.1 centimetre
https://m.media-amazon.com/images/I/51xOAdArnpL.jpg,598375,width,5.5 centimetre
https://m.media-amazon.com/images/I/51Sy-eXEWpL.jpg,598375,width,101.0 millimetre
https://m.media-amazon.com/images/I/51qcAvP2reL.jpg,598375,width,3.0 centimetre
https://m.media-amazon.com/images/I/51tR9KIY8vL.jpg,598375,width,6.0 centimetre
https://m.media-amazon.com/images/I/51LIvvh6W4L.jpg,598375,width,9.0 centimetre
https://m.media-amazon.com/images/I/61DqeWLF+xS.jpg,598375,width,2.95 inch
https://m.media-amazon.com/images/I/614K7XQzW+L.jpg,598375,width,9.0 centimetre
https://m.media-amazon.com/images/I/51k-tyYAEUL.jpg,598375,width,3.5 centimetre
https://m.media-amazon.com/images/I/51IUddBJ-8L.jpg,598375,width,5.6 centimetre
https://m.media-amazon.com/images/I/51NvlnVUSPL.jpg,598375,width,4.2 centimetre
https://m.media-amazon.com/images/I/41OolxyQ9cL.jpg,598375,width,5.7 centimetre
https://m.media-amazon.com/images/I/51lRhhVZZvL.jpg,598375,width,3.5 centimetre
https://m.media-amazon.com/images/I/51wStU+U4TL.jpg,598375,width,4.4 centimetre
https://m.media-amazon.com/images/I/51HvEJyj64L.jpg,598375,height,18.5 centimetre
https://m.media-amazon.com/images/I/51gjszKXvcL.jpg,598375,height,23.0 centimetre
https://m.media-amazon.com/images/I/512ivMq8ZwL.jpg,598375,height,20.0 centimetre
https://m.media-amazon.com/images/I/4146FBkaddL.jpg,598375,height,20.0 centimetre
https://m.media-amazon.com/images/I/51N83b4A8XL.jpg,598375,height,20.5 centimetre
https://m.media-amazon.com/images/I/41DdCGJZB4L.jpg,598375,height,12.3 centimetre
https://m.media-amazon.com/images/I/519i-uDDV3L.jpg,598375,height,16.5 centimetre
https://m.media-amazon.com/images/I/513bOVLl-CL.jpg,598375,height,22.8 centimetre
https://m.media-amazon.com/images/I/51rx+u7cHqL.jpg,598375,height,22.0 centimetre
https://m.media-amazon.com/images/I/51ob6zwIfVL.jpg,598375,height,23.0 centimetre
https://m.media-amazon.com/images/I/41DauG90iCL.jpg,598375,height,18.0 centimetre
https://m.media-amazon.com/images/I/41hVHOGM8nL.jpg,598375,height,19.9 centimetre
https://m.media-amazon.com/images/I/51I4ITUCyDL.jpg,598375,height,19.5 centimetre
https://m.media-amazon.com/images/I/51JB0qN7wZL.jpg,598375,height,10.12 inch
https://m.media-amazon.com/images/I/51BrFAxXz9L.jpg,598375,height,220.0 millimetre
https://m.media-amazon.com/images/I/61+LquPumPL.jpg,598375,height,14.5 centimetre
https://m.media-amazon.com/images/I/51G7DIkZ4LL.jpg,598375,height,21.0 centimetre
https://m.media-amazon.com/images/I/51QC3sqYcNL.jpg,598375,height,95.0 millimetre
https://m.media-amazon.com/images/I/41m47e4HJZL.jpg,598375,height,19.5 centimetre
https://m.media-amazon.com/images/I/51SY+p4L7KL.jpg,598375,height,11.0 inch
https://m.media-amazon.com/images/I/61B67oz7LGL.jpg,598375,height,13.0 inch
https://m.media-amazon.com/images/I/41JEgJ1HSYL.jpg,598375,height,16.0 inch
https://m.media-amazon.com/images/I/51giTen2zDL.jpg,598375,height,16.0 centimetre
https://m.media-amazon.com/images/I/61AsoiLi5qL.jpg,598375,height,6.0 centimetre
https://m.media-amazon.com/images/I/61FgK79hceL.jpg,598375,height,14.0 centimetre
https://m.media-amazon.com/images/I/51AMfvDLNqL.jpg,598375,height,4.3 inch
https://m.media-amazon.com/images/I/61ECQtxyXXL.jpg,598375,height,43.0 millimetre
https://m.media-amazon.com/images/I/51G2dwl7foL.jpg,598375,height,50.0 millimetre
https://m.media-amazon.com/images/I/51x2MuaMxOL.jpg,598375,height,8.5 centimetre
https://m.media-amazon.com/images/I/51sqgABdfsL.jpg,598375,height,22.5 centimetre
https://m.media-amazon.com/images/I/519sNHwiuML.jpg,598375,height,230.0 millimetre
https://m.media-amazon.com/images/I/51YrSVoVENL.jpg,598375,height,21.0 centimetre
https://m.media-amazon.com/images/I/61-9O8you+L.jpg,598375,height,5.0 inch
https://m.media-amazon.com/images/I/512hMnOuUwL.jpg,598375,height,17.0 centimetre
https://m.media-amazon.com/images/I/512WyxmmXZL.jpg,598375,height,7.5 centimetre
