image_link,group_id,entity_name,entity_value
https://m.media-amazon.com/images/I/81cNMlJ3rUL.jpg,297918,item_weight,40.0 gram
https://m.media-amazon.com/images/I/71V8xeIdY8L.jpg,297918,item_weight,0.0 gram
https://m.media-amazon.com/images/I/81QVNxEt5jL.jpg,297918,item_weight,40.0 gram
https://m.media-amazon.com/images/I/61lyjKjb5xL.jpg,297918,item_weight,50.0 gram
https://m.media-amazon.com/images/I/51AM83VrqOL.jpg,297918,item_weight,12.0 gram
https://m.media-amazon.com/images/I/71bdi994uSL.jpg,297918,item_weight,50.0 gram
https://m.media-amazon.com/images/I/51U+O5NO9jL.jpg,297918,item_weight,17.0 gram
https://m.media-amazon.com/images/I/51biw9-xszL.jpg,297918,item_weight,17.0 gram
https://m.media-amazon.com/images/I/51NFEJqhNYL.jpg,297918,item_weight,17.0 gram
https://m.media-amazon.com/images/I/61ic827UKkL.jpg,297918,item_weight,50.0 gram
https://m.media-amazon.com/images/I/61I6hqjqRDL.jpg,297918,item_weight,1.0 ounce
https://m.media-amazon.com/images/I/51fP6PZ3xuL.jpg,297918,item_weight,1.0 kilogram
https://m.media-amazon.com/images/I/71GBwrTerkL.jpg,297918,item_weight,500.0 gram
https://m.media-amazon.com/images/I/91rUImWQvKL.jpg,297918,item_weight,500.0 gram
https://m.media-amazon.com/images/I/71CSFbTrOBL.jpg,297918,item_weight,500.0 gram
https://m.media-amazon.com/images/I/71sJ+iYmyaL.jpg,297918,item_weight,500.0 gram
https://m.media-amazon.com/images/I/81gbzkkw8DL.jpg,297918,item_weight,500.0 gram
https://m.media-amazon.com/images/I/71I241mAfKL.jpg,297918,item_weight,500.0 gram
https://m.media-amazon.com/images/I/71dYoZYQFnL.jpg,297918,item_weight,100.0 gram
https://m.media-amazon.com/images/I/71yvEQuzy-L.jpg,297918,item_weight,50.0 gram
https://m.media-amazon.com/images/I/51VNstexi2L.jpg,297918,item_weight,600.0 gram
https://m.media-amazon.com/images/I/61kuZ7AnNeL.jpg,297918,item_weight,50.0 gram
https://m.media-amazon.com/images/I/51cFSthfgsL.jpg,297918,item_weight,50.0 gram
https://m.media-amazon.com/images/I/51-RYJTRxUL.jpg,297918,item_weight,2.8 gram
https://m.media-amazon.com/images/I/61YQmV51SoL.jpg,297918,item_weight,50.0 gram
https://m.media-amazon.com/images/I/61ngCIxNfCL.jpg,297918,item_weight,13.0 gram
https://m.media-amazon.com/images/I/71TYr28dfnL.jpg,297918,item_weight,45.0 gram
https://m.media-amazon.com/images/I/71Tdcv63iKL.jpg,297918,item_weight,100.0 gram
https://m.media-amazon.com/images/I/51rVdHjkSTL.jpg,297918,item_weight,600.0 gram
https://m.media-amazon.com/images/I/A1NZmQwkGyL.jpg,297918,item_weight,1.0 gram
https://m.media-amazon.com/images/I/511XQK4MJwL.jpg,297918,item_weight,20.0 gram
https://m.media-amazon.com/images/I/81d1DRkldeL.jpg,297918,item_weight,"[50.0, 200.0] gram"
https://m.media-amazon.com/images/I/71Q-MxgobZL.jpg,297918,item_weight,50.0 gram
https://m.media-amazon.com/images/I/713CzgPJ4dL.jpg,297918,item_weight,120.0 gram
https://m.media-amazon.com/images/I/71qXPrn4x4L.jpg,297918,item_weight,10.0 gram
https://m.media-amazon.com/images/I/81kqHmdEinL.jpg,297918,item_weight,52.0 gram
https://m.media-amazon.com/images/I/91c3E0lVsOL.jpg,297918,item_weight,10.0 gram
https://m.media-amazon.com/images/I/51siIUwjejL.jpg,297918,item_weight,1.55 ounce
https://m.media-amazon.com/images/I/71pkehbRvzL.jpg,297918,item_weight,100.0 gram
https://m.media-amazon.com/images/I/71YhG72V0dL.jpg,297918,item_weight,100.0 gram
https://m.media-amazon.com/images/I/817auOoqPGL.jpg,297918,item_weight,43248.0 gram
https://m.media-amazon.com/images/I/41FdHIecqaL.jpg,297918,item_weight,0.8 gram
https://m.media-amazon.com/images/I/81FO7cPUvOL.jpg,297918,item_weight,405.0 gram
https://m.media-amazon.com/images/I/91Ol-zANhpL.jpg,297918,item_weight,45.0 gram
https://m.media-amazon.com/images/I/71+hnfZojvL.jpg,297918,item_weight,45.0 gram
https://m.media-amazon.com/images/I/51blpgostcL.jpg,297918,item_weight,68.0 gram
https://m.media-amazon.com/images/I/81vHiahqM+L.jpg,297918,item_weight,68.0 gram
https://m.media-amazon.com/images/I/71JfRznaZ9L.jpg,297918,item_weight,68.0 gram
https://m.media-amazon.com/images/I/819D8I1DPOL.jpg,297918,item_weight,10.0 gram
https://m.media-amazon.com/images/I/412rFL2x-AS.jpg,297918,item_weight,50.0 gram
https://m.media-amazon.com/images/I/41oD+V-095S.jpg,297918,item_weight,50.0 gram
https://m.media-amazon.com/images/I/41tCnUFRXLS.jpg,297918,item_weight,50.0 gram
https://m.media-amazon.com/images/I/518e2WIxWNS.jpg,297918,item_weight,50.0 gram
https://m.media-amazon.com/images/I/81h6eaXgtPL.jpg,297918,item_weight,22.0 gram
https://m.media-amazon.com/images/I/71y-R3vAw7L.jpg,297918,item_weight,440.0 gram
https://m.media-amazon.com/images/I/714NlrFFMlL.jpg,297918,item_weight,440.0 gram
https://m.media-amazon.com/images/I/81arycNo7JL.jpg,297918,item_weight,440.0 gram
https://m.media-amazon.com/images/I/710dH-j47aL.jpg,297918,item_weight,125.0 gram
https://m.media-amazon.com/images/I/71QlQvmJARL.jpg,297918,item_weight,50.0 gram
https://m.media-amazon.com/images/I/71yefgIlGyL.jpg,297918,item_weight,10.0 gram
https://m.media-amazon.com/images/I/81hGaKx+d0L.jpg,297918,item_weight,10.0 gram
https://m.media-amazon.com/images/I/71ntCERTvyL.jpg,297918,item_weight,10.0 gram
https://m.media-amazon.com/images/I/71UHxACKxTL.jpg,297918,item_weight,100.0 gram
https://m.media-amazon.com/images/I/61VjQPUsE7L.jpg,297918,item_weight,1.8 gram
https://m.media-amazon.com/images/I/71XsD3eAiNL.jpg,297918,item_weight,2.5 ounce
https://m.media-amazon.com/images/I/81K5jC6OotL.jpg,297918,item_weight,71.0 gram
https://m.media-amazon.com/images/I/81DqPNwk2qL.jpg,297918,item_weight,2.3 ounce
https://m.media-amazon.com/images/I/91Wf3e4XdpL.jpg,297918,item_weight,2.5 ounce
https://m.media-amazon.com/images/I/71TegvR7l4L.jpg,297918,item_weight,55.0 gram
https://m.media-amazon.com/images/I/81ph5o4I-zL.jpg,297918,item_weight,55.0 gram
https://m.media-amazon.com/images/I/81GIVSzwM1L.jpg,297918,item_weight,23.0 gram
https://m.media-amazon.com/images/I/71bQDNamNPL.jpg,297918,item_weight,60.0 gram
https://m.media-amazon.com/images/I/71+85fLIczL.jpg,297918,item_weight,1.65 ounce
https://m.media-amazon.com/images/I/71tMKZaZalL.jpg,297918,item_weight,1.65 ounce
https://m.media-amazon.com/images/I/81t3gCQQv8L.jpg,297918,item_weight,47.0 gram
https://m.media-amazon.com/images/I/71+Ar3U1WlL.jpg,297918,item_weight,1.65 ounce
https://m.media-amazon.com/images/I/61rBsuMttQL.jpg,297918,item_weight,3.0 gram
https://m.media-amazon.com/images/I/51IqsJ2cn-L.jpg,297918,item_weight,15.0 gram
https://m.media-amazon.com/images/I/71epBqxLcaL.jpg,297918,item_weight,3.0 gram
https://m.media-amazon.com/images/I/71Gd7O3em9L.jpg,297918,item_weight,200.0 gram
https://m.media-amazon.com/images/I/71To+1tBl0L.jpg,297918,item_weight,200.0 gram
https://m.media-amazon.com/images/I/71vhtkdvifL.jpg,297918,item_weight,200.0 gram
https://m.media-amazon.com/images/I/6165bPSZGwL.jpg,297918,item_weight,40.0 gram
https://m.media-amazon.com/images/I/81AKKSnoOlL.jpg,297918,item_weight,25.0 gram
https://m.media-amazon.com/images/I/91HBetItvvL.jpg,297918,item_weight,55.0 gram
https://m.media-amazon.com/images/I/81WhmqiRyHL.jpg,297918,item_weight,55.0 gram
https://m.media-amazon.com/images/I/912fehC4dwL.jpg,297918,item_weight,40.0 gram
https://m.media-amazon.com/images/I/81BFOBBluQL.jpg,297918,item_weight,60.0 gram
https://m.media-amazon.com/images/I/81AWM0lGzAL.jpg,297918,item_weight,60.0 gram
https://m.media-amazon.com/images/I/71DJvbC8hhL.jpg,297918,item_weight,60.0 gram
https://m.media-amazon.com/images/I/71P02tbFIxL.jpg,297918,item_weight,60.0 gram
https://m.media-amazon.com/images/I/71kt23aeqJL.jpg,297918,item_weight,60.0 gram
https://m.media-amazon.com/images/I/81Eg+TiqULL.jpg,297918,item_weight,60.0 gram
https://m.media-amazon.com/images/I/71BB4o0OCZL.jpg,297918,item_weight,60.0 gram
https://m.media-amazon.com/images/I/81KwXKpFN+L.jpg,297918,item_weight,57.0 gram
https://m.media-amazon.com/images/I/81O2bfszXnL.jpg,297918,item_weight,57.0 gram
https://m.media-amazon.com/images/I/5196FLOgKoL.jpg,297918,item_weight,100.0 gram
https://m.media-amazon.com/images/I/61rlud8PtYL.jpg,297918,item_weight,100.0 gram
https://m.media-amazon.com/images/I/61TJmPDqRLL.jpg,297918,item_weight,50.0 gram
https://m.media-amazon.com/images/I/81GZpoMa7IL.jpg,297918,item_weight,50.0 gram
https://m.media-amazon.com/images/I/61JmVflJJlL.jpg,297918,item_weight,50.0 gram
https://m.media-amazon.com/images/I/71+8OdUFJoL.jpg,297918,item_weight,20.0 gram
https://m.media-amazon.com/images/I/91IfLbiRHLL.jpg,297918,item_weight,45.0 gram
https://m.media-amazon.com/images/I/91u+2wG5YpL.jpg,297918,item_weight,270.0 gram
https://m.media-amazon.com/images/I/7138dmGrL0L.jpg,297918,item_weight,270.0 gram
https://m.media-amazon.com/images/I/61FFn77i18L.jpg,297918,item_weight,1.59 ounce
https://m.media-amazon.com/images/I/71Hk3e4DcEL.jpg,297918,item_weight,270.0 gram
https://m.media-amazon.com/images/I/71FBX36nuqL.jpg,297918,item_weight,45.0 gram
https://m.media-amazon.com/images/I/71jZw4DwD-L.jpg,297918,item_weight,45.0 gram
https://m.media-amazon.com/images/I/61u9d9od9+L.jpg,297918,item_weight,7.36 ounce
https://m.media-amazon.com/images/I/710-m6f7daL.jpg,297918,item_weight,100.0 gram
https://m.media-amazon.com/images/I/713Xbh+IPYL.jpg,297918,item_weight,60.0 gram
https://m.media-amazon.com/images/I/81JSL8P4zgL.jpg,297918,item_weight,120.0 gram
https://m.media-amazon.com/images/I/91sgGsouMqL.jpg,297918,item_weight,100.0 gram
https://m.media-amazon.com/images/I/81oIYclTcVL.jpg,297918,item_weight,0.0 gram
https://m.media-amazon.com/images/I/71DgsJR29tL.jpg,297918,item_weight,21.0 gram
https://m.media-amazon.com/images/I/71NvGeyzOJL.jpg,297918,item_weight,65.0 gram
https://m.media-amazon.com/images/I/71nOYmk8B6L.jpg,297918,item_weight,65.0 gram
https://m.media-amazon.com/images/I/615vv-WzhOL.jpg,297918,item_weight,21.0 gram
https://m.media-amazon.com/images/I/716dTCyO-eL.jpg,297918,item_weight,21.0 gram
https://m.media-amazon.com/images/I/51jJ1E6htSL.jpg,297918,item_weight,50.0 gram
https://m.media-amazon.com/images/I/91Iz7ht91iL.jpg,297918,item_weight,320.0 gram
https://m.media-amazon.com/images/I/81jkSkahSrL.jpg,297918,item_weight,40.0 gram
https://m.media-amazon.com/images/I/91XX9vKnQlL.jpg,297918,item_weight,40.0 gram
https://m.media-amazon.com/images/I/91L6VYnE9IL.jpg,297918,item_weight,40.0 gram
https://m.media-amazon.com/images/I/71CdOOY+qQL.jpg,297918,item_weight,30.0 gram
https://m.media-amazon.com/images/I/81NuUbYPoyL.jpg,297918,item_weight,294.0 gram
https://m.media-amazon.com/images/I/71HOZoQwflL.jpg,297918,item_weight,42.0 gram
https://m.media-amazon.com/images/I/41qPNeUYJrL.jpg,297918,item_weight,20.0 gram
https://m.media-amazon.com/images/I/41depCRBy+L.jpg,297918,item_weight,20.0 gram
https://m.media-amazon.com/images/I/71-pAsHKGBL.jpg,297918,item_weight,19.5 gram
https://m.media-amazon.com/images/I/71BslXK2wdL.jpg,297918,item_weight,19.5 gram
https://m.media-amazon.com/images/I/91TXWv207uL.jpg,297918,item_weight,19.5 gram
https://m.media-amazon.com/images/I/41bnO7LO6aL.jpg,297918,item_weight,117.0 gram
https://m.media-amazon.com/images/I/71tzJ2TLLFL.jpg,297918,item_weight,19.5 gram
https://m.media-amazon.com/images/I/81A7ZASjBrL.jpg,297918,item_weight,117.0 gram
https://m.media-amazon.com/images/I/71dliLFMHhL.jpg,297918,item_weight,33.0 gram
https://m.media-amazon.com/images/I/513B0rdhxyL.jpg,297918,item_weight,210.0 gram
https://m.media-amazon.com/images/I/A1hHCuo6EzL.jpg,297918,item_weight,41.0 gram
https://m.media-amazon.com/images/I/91ZUJbRvPoL.jpg,297918,item_weight,25.0 gram
https://m.media-amazon.com/images/I/61WSetNV38L.jpg,297918,item_weight,66.0 gram
https://m.media-amazon.com/images/I/715HCh2K85L.jpg,297918,item_weight,45.0 gram
https://m.media-amazon.com/images/I/81vvKg90WaL.jpg,297918,item_weight,25.0 gram
https://m.media-amazon.com/images/I/91B34yvGInL.jpg,297918,item_weight,45.0 gram
https://m.media-amazon.com/images/I/51maFYmedYL.jpg,297918,item_weight,68.0 gram
https://m.media-amazon.com/images/I/81QyCpCpYAL.jpg,297918,item_weight,68.0 gram
https://m.media-amazon.com/images/I/714Rl9agqfL.jpg,297918,item_weight,15.0 gram
https://m.media-amazon.com/images/I/61WoQz-+lTL.jpg,297918,item_weight,40.0 gram
https://m.media-amazon.com/images/I/51GvqmLEUHL.jpg,297918,item_weight,0.0 gram
https://m.media-amazon.com/images/I/61v00D4IU-L.jpg,297918,item_weight,60.0 gram
https://m.media-amazon.com/images/I/61kzQbCnjRL.jpg,297918,item_weight,2.4 gram
https://m.media-amazon.com/images/I/91q4o-4j21L.jpg,297918,item_weight,100.0 gram
https://m.media-amazon.com/images/I/71d8NPAPAML.jpg,297918,item_weight,50.0 gram
https://m.media-amazon.com/images/I/71Ild1JYqzL.jpg,297918,item_weight,10.0 gram
https://m.media-amazon.com/images/I/61X8qbtY2FL.jpg,297918,item_weight,10.0 gram
https://m.media-amazon.com/images/I/71NpPSc-U3L.jpg,297918,item_weight,23.0 gram
https://m.media-amazon.com/images/I/61gxJEWzwyL.jpg,297918,item_weight,23.0 gram
https://m.media-amazon.com/images/I/71K+7V-3aUL.jpg,297918,item_weight,240.0 gram
https://m.media-amazon.com/images/I/61JtvaMbq+L.jpg,297918,item_weight,25.0 gram
https://m.media-amazon.com/images/I/81Vc0sHPWQL.jpg,297918,item_weight,0.07 gram
https://m.media-amazon.com/images/I/61O7Ml9cQFL.jpg,297918,item_weight,16.0 gram
https://m.media-amazon.com/images/I/51UWoVD269L.jpg,297918,item_weight,1.83 ounce
https://m.media-amazon.com/images/I/719BIgWjZ4L.jpg,297918,item_weight,624.0 gram
https://m.media-amazon.com/images/I/71rDHupG-6L.jpg,297918,item_weight,52.0 gram
https://m.media-amazon.com/images/I/71A1gbIon+L.jpg,297918,item_weight,624.0 gram
https://m.media-amazon.com/images/I/61Iq7xj2SLL.jpg,297918,item_weight,50.0 gram
https://m.media-amazon.com/images/I/51Yut354BNL.jpg,297918,item_weight,50.0 gram
https://m.media-amazon.com/images/I/71FzrEml8QL.jpg,297918,item_weight,50.0 gram
https://m.media-amazon.com/images/I/71Tc0mORaIL.jpg,297918,item_weight,50.0 gram
https://m.media-amazon.com/images/I/41UKcLO4sJL.jpg,297918,item_weight,64.0 gram
https://m.media-amazon.com/images/I/A1Re48Z60NL.jpg,297918,item_weight,64.0 gram
https://m.media-amazon.com/images/I/81EtHyTTpbL.jpg,297918,item_weight,64.0 gram
https://m.media-amazon.com/images/I/61hZCToDg4L.jpg,297918,item_weight,100.0 gram
https://m.media-amazon.com/images/I/51PEKExQvEL.jpg,297918,item_weight,1.05 kilogram
https://m.media-amazon.com/images/I/71JxWwB97ML.jpg,297918,item_weight,35.0 gram
https://m.media-amazon.com/images/I/41rKhjm31ML.jpg,297918,item_weight,55.0 gram
https://m.media-amazon.com/images/I/81oHRJAJRdL.jpg,297918,item_weight,55.0 gram
https://m.media-amazon.com/images/I/51ill2+JadL.jpg,297918,item_weight,30.0 gram
https://m.media-amazon.com/images/I/61r3MrA53kL.jpg,297918,item_weight,480.0 gram
https://m.media-amazon.com/images/I/71RlzjToiNL.jpg,297918,item_weight,480.0 gram
https://m.media-amazon.com/images/I/6181LIduXBL.jpg,297918,item_weight,240.0 gram
https://m.media-amazon.com/images/I/61jf+NdKBAL.jpg,297918,item_weight,480.0 gram
https://m.media-amazon.com/images/I/514C04mOtdL.jpg,297918,item_weight,40.0 gram
https://m.media-amazon.com/images/I/81MywgXs0oL.jpg,297918,item_weight,40.0 gram
https://m.media-amazon.com/images/I/81tFlcfML4L.jpg,297918,item_weight,40.0 gram
https://m.media-amazon.com/images/I/71QtPjXcdQL.jpg,297918,item_weight,35.0 gram
https://m.media-amazon.com/images/I/81oaYB6Dt-L.jpg,297918,item_weight,35.0 gram
https://m.media-amazon.com/images/I/819Iou04z6L.jpg,297918,item_weight,35.0 gram
https://m.media-amazon.com/images/I/81uF8gOqBZL.jpg,297918,item_weight,420.0 gram
https://m.media-amazon.com/images/I/81MHY72QcaL.jpg,297918,item_weight,35.0 gram
https://m.media-amazon.com/images/I/81d3IFCVteL.jpg,297918,item_weight,420.0 gram
https://m.media-amazon.com/images/I/51N7KdqzgyL.jpg,297918,item_weight,960.0 gram
https://m.media-amazon.com/images/I/71ZxOpaGv4L.jpg,297918,item_weight,400.0 gram
https://m.media-amazon.com/images/I/71qw9mYHAtL.jpg,297918,item_weight,360.0 gram
https://m.media-amazon.com/images/I/71xEHiS4xwL.jpg,297918,item_weight,400.0 gram
https://m.media-amazon.com/images/I/81kTxlTF+4L.jpg,297918,item_weight,400.0 gram
https://m.media-amazon.com/images/I/71M00viwrAL.jpg,297918,item_weight,60.0 gram
https://m.media-amazon.com/images/I/81Sm2eAcrxL.jpg,297918,item_weight,24.0 gram
https://m.media-amazon.com/images/I/61CnInlZROL.jpg,297918,item_weight,280.0 gram
https://m.media-amazon.com/images/I/61UxZ48-FoL.jpg,297918,item_weight,7.0 gram
https://m.media-amazon.com/images/I/51uTo4gbkVL.jpg,297918,item_weight,280.0 gram
https://m.media-amazon.com/images/I/71xrT0w9K-L.jpg,297918,item_weight,166.0 gram
https://m.media-amazon.com/images/I/71TIT-r87DL.jpg,297918,item_weight,30.0 gram
https://m.media-amazon.com/images/I/7191m6ehs8L.jpg,297918,item_weight,30.0 gram
https://m.media-amazon.com/images/I/41Vg7jgtH2L.jpg,297918,item_weight,100.0 gram
https://m.media-amazon.com/images/I/81jdqFl4f8L.jpg,297918,item_weight,40.0 gram
https://m.media-amazon.com/images/I/71aLkZXxMuL.jpg,297918,item_weight,40.0 gram
https://m.media-amazon.com/images/I/312VjfGhtaL.jpg,297918,item_weight,438.0 kilogram
https://m.media-amazon.com/images/I/61HcPYTCrDL.jpg,297918,item_weight,13.0 gram
https://m.media-amazon.com/images/I/71m2S1mg5qL.jpg,297918,item_weight,100.0 gram
https://m.media-amazon.com/images/I/51Si0QFFBwL.jpg,297918,item_weight,15.0 gram
https://m.media-amazon.com/images/I/71lOYePvyeL.jpg,297918,item_weight,10.0 gram
https://m.media-amazon.com/images/I/81SyjPiUnCL.jpg,297918,item_weight,4.6 gram
https://m.media-amazon.com/images/I/81F0YbWmp0L.jpg,297918,item_weight,40.0 gram
https://m.media-amazon.com/images/I/81KitaN1jrL.jpg,297918,item_weight,40.0 gram
https://m.media-amazon.com/images/I/81qB+9b8bmL.jpg,297918,item_weight,1.0 kilogram
https://m.media-amazon.com/images/I/81W11GyXA2L.jpg,297918,item_weight,6.0 pound
https://m.media-amazon.com/images/I/71MYa8HhKBL.jpg,297918,item_weight,10.0 gram
https://m.media-amazon.com/images/I/71tu+fcXZaL.jpg,297918,item_weight,90.0 gram
https://m.media-amazon.com/images/I/71NJuJABwEL.jpg,297918,item_weight,90.0 gram
https://m.media-amazon.com/images/I/71gvj5IttpL.jpg,297918,item_weight,100.0 gram
https://m.media-amazon.com/images/I/61KMuvr3pRL.jpg,297918,item_weight,17.0 gram
https://m.media-amazon.com/images/I/51KYP1p1-vL.jpg,297918,item_weight,40.0 gram
https://m.media-amazon.com/images/I/61nu3tvLPgL.jpg,297918,item_weight,40.0 gram
https://m.media-amazon.com/images/I/61zU9nfGZaL.jpg,297918,item_weight,10.0 gram
https://m.media-amazon.com/images/I/613FSwESalL.jpg,297918,item_weight,40.0 gram
https://m.media-amazon.com/images/I/516SMlNvXZL.jpg,297918,item_weight,68.0 gram
https://m.media-amazon.com/images/I/81WfADaOvNL.jpg,297918,item_weight,68.0 gram
https://m.media-amazon.com/images/I/71yB3tIoP6L.jpg,297918,item_weight,68.0 gram
https://m.media-amazon.com/images/I/81e1h0G-+VL.jpg,297918,item_weight,10.0 gram
https://m.media-amazon.com/images/I/81lVMlXtuDL.jpg,297918,item_weight,369.0 gram
https://m.media-amazon.com/images/I/81vo3ljlu+L.jpg,297918,item_weight,369.0 gram
https://m.media-amazon.com/images/I/611DqbCrrlL.jpg,297918,item_weight,100.0 gram
https://m.media-amazon.com/images/I/61Ux+OWxyrL.jpg,297918,item_weight,8.0 gram
https://m.media-amazon.com/images/I/81C4NhwlZXL.jpg,297918,item_weight,100.0 gram
https://m.media-amazon.com/images/I/71jB2eWIupL.jpg,297918,item_weight,50.0 gram
https://m.media-amazon.com/images/I/51N2xeR4gtL.jpg,297918,item_weight,45.0 gram
https://m.media-amazon.com/images/I/91p7uX3YzDL.jpg,297918,item_weight,24.0 gram
https://m.media-amazon.com/images/I/81xSuhflX6L.jpg,297918,item_weight,24.0 gram
https://m.media-amazon.com/images/I/81h3NlPnfQL.jpg,297918,item_weight,24.0 gram
https://m.media-amazon.com/images/I/81P6546dEwL.jpg,297918,item_weight,250.0 gram
https://m.media-amazon.com/images/I/818P20MZv5L.jpg,297918,item_weight,250.0 gram
https://m.media-amazon.com/images/I/81o2OO8wiXL.jpg,297918,item_weight,50.0 gram
https://m.media-amazon.com/images/I/51VcauUZk9L.jpg,297918,item_weight,13.0 gram
https://m.media-amazon.com/images/I/71Ntn82lAUL.jpg,297918,item_weight,16.0 gram
https://m.media-amazon.com/images/I/81dsi5Cp2+S.jpg,297918,item_weight,150.0 gram
https://m.media-amazon.com/images/I/81pGBGOC3vL.jpg,297918,item_weight,150.0 gram
https://m.media-amazon.com/images/I/71uY2Nb8wqL.jpg,297918,item_weight,30.0 gram
https://m.media-amazon.com/images/I/41ZbgTJya2S.jpg,297918,item_weight,30.0 gram
https://m.media-amazon.com/images/I/71UxfnEdf7L.jpg,297918,item_weight,2.1 ounce
https://m.media-amazon.com/images/I/91zyplqZ0gL.jpg,297918,item_weight,1.0 ounce
https://m.media-amazon.com/images/I/81P-6jlv3rL.jpg,297918,item_weight,50.0 gram
https://m.media-amazon.com/images/I/71+bHljIiaL.jpg,297918,item_weight,100.0 gram
https://m.media-amazon.com/images/I/61ntWy0r9vL.jpg,297918,item_weight,68.0 gram
https://m.media-amazon.com/images/I/810de8J9m-L.jpg,297918,item_weight,68.0 gram
https://m.media-amazon.com/images/I/71aNmzbEWzL.jpg,297918,item_weight,68.0 gram
https://m.media-amazon.com/images/I/813QePyjJfL.jpg,297918,item_weight,68.0 gram
https://m.media-amazon.com/images/I/81Gf1NDHhiL.jpg,297918,item_weight,68.0 gram
https://m.media-amazon.com/images/I/71XRGZNh1WL.jpg,297918,item_weight,120.0 gram
https://m.media-amazon.com/images/I/71WjSA1Bm0L.jpg,297918,item_weight,120.0 gram
https://m.media-amazon.com/images/I/81mvomglSCL.jpg,297918,item_weight,120.0 gram
https://m.media-amazon.com/images/I/61nuVyizw1L.jpg,297918,item_weight,35.0 gram
https://m.media-amazon.com/images/I/61Bwi3ofHSL.jpg,297918,item_weight,55.0 gram
https://m.media-amazon.com/images/I/51TJHsUDTPL.jpg,297918,item_weight,15.0 gram
https://m.media-amazon.com/images/I/610rWOX2LGL.jpg,297918,item_weight,15.0 gram
https://m.media-amazon.com/images/I/61FEhhm6YSL.jpg,297918,item_weight,15.0 gram
https://m.media-amazon.com/images/I/711uvIfg3GL.jpg,297918,item_weight,0.0 ton
https://m.media-amazon.com/images/I/61rQfOEZ8OL.jpg,297918,item_weight,40.0 gram
https://m.media-amazon.com/images/I/71WI5uQS1+L.jpg,297918,item_weight,40.0 gram
https://m.media-amazon.com/images/I/61k1EmXWtfL.jpg,297918,item_weight,500.0 gram
https://m.media-amazon.com/images/I/71Ks1YriV8L.jpg,297918,item_weight,50.0 gram
https://m.media-amazon.com/images/I/71V-x6J7PPL.jpg,297918,item_weight,50.0 gram
https://m.media-amazon.com/images/I/61O5sb-pSJL.jpg,297918,item_weight,85.0 gram
https://m.media-amazon.com/images/I/51Eu107rZ9L.jpg,297918,item_weight,65.0 gram
https://m.media-amazon.com/images/I/71ycFdeY30L.jpg,297918,item_weight,65.0 gram
https://m.media-amazon.com/images/I/61ryB46oKPL.jpg,297918,item_weight,27.3 gram
https://m.media-amazon.com/images/I/61c6NUDTXNL.jpg,297918,item_weight,64.0 gram
https://m.media-amazon.com/images/I/71ywBFQUJ5L.jpg,297918,item_weight,64.0 gram
https://m.media-amazon.com/images/I/71qsUuUqR1L.jpg,297918,item_weight,64.0 gram
https://m.media-amazon.com/images/I/71YfqqKy2sL.jpg,297918,item_weight,54.0 gram
https://m.media-amazon.com/images/I/8133mRMaayL.jpg,297918,item_weight,35.0 gram
https://m.media-amazon.com/images/I/61fISbGizTL.jpg,297918,item_weight,50.0 gram
https://m.media-amazon.com/images/I/41tQa8LVYuL.jpg,297918,item_weight,50.0 gram
https://m.media-amazon.com/images/I/71SUGRf0vGL.jpg,297918,item_weight,2.0 ounce
https://m.media-amazon.com/images/I/71xq1tkdNJL.jpg,297918,item_weight,12.0 gram
https://m.media-amazon.com/images/I/61SdBI02+gL.jpg,297918,item_weight,55.0 gram
https://m.media-amazon.com/images/I/71DqItEv5QL.jpg,297918,item_weight,55.0 gram
https://m.media-amazon.com/images/I/51+GJ+-aueL.jpg,297918,item_weight,22.0 gram
https://m.media-amazon.com/images/I/516MP4MrVYL.jpg,297918,item_weight,132.0 gram
https://m.media-amazon.com/images/I/511rFzpvbnL.jpg,297918,item_weight,132.0 gram
https://m.media-amazon.com/images/I/511NZG594tL.jpg,297918,item_weight,132.0 gram
https://m.media-amazon.com/images/I/51MOllGsWhL.jpg,297918,item_weight,132.0 gram
https://m.media-amazon.com/images/I/71sHqGtSMOL.jpg,297918,item_weight,52.0 gram
https://m.media-amazon.com/images/I/712Ek-10crL.jpg,297918,item_weight,37.0 gram
https://m.media-amazon.com/images/I/81OPKq3nB1L.jpg,297918,item_weight,145.0 gram
https://m.media-amazon.com/images/I/71khi3wj1QL.jpg,297918,item_weight,145.0 gram
https://m.media-amazon.com/images/I/81IU4oivTwL.jpg,297918,item_weight,50.0 gram
https://m.media-amazon.com/images/I/61qZ+R-UvCL.jpg,297918,item_weight,50.0 gram
https://m.media-amazon.com/images/I/71pKUaeiINL.jpg,297918,item_weight,23.5 gram
https://m.media-amazon.com/images/I/61D+jlRlK-L.jpg,297918,item_weight,64.0 gram
https://m.media-amazon.com/images/I/51yBjKzQpdL.jpg,297918,item_weight,64.0 gram
https://m.media-amazon.com/images/I/81v8NvuyLrL.jpg,297918,item_weight,4.0 gram
https://m.media-amazon.com/images/I/81tYU0k1JML.jpg,297918,item_weight,50.0 gram
https://m.media-amazon.com/images/I/9109gPBD84L.jpg,297918,item_weight,4.0 gram
https://m.media-amazon.com/images/I/71JC3uTxuyL.jpg,297918,item_weight,30.0 gram
https://m.media-amazon.com/images/I/716h+wanYCL.jpg,297918,item_weight,30.0 gram
https://m.media-amazon.com/images/I/71Y6PcZgScL.jpg,297918,item_weight,180.0 gram
https://m.media-amazon.com/images/I/81r9bVSaA+L.jpg,297918,item_weight,30.0 gram
https://m.media-amazon.com/images/I/712QkF2awTL.jpg,297918,item_weight,100.0 gram
https://m.media-amazon.com/images/I/71oZolHaHfL.jpg,297918,item_weight,51.0 gram
https://m.media-amazon.com/images/I/51gVNS7XqoL.jpg,297918,item_weight,68.0 gram
https://m.media-amazon.com/images/I/81sb69bzO8L.jpg,297918,item_weight,74.0 gram
https://m.media-amazon.com/images/I/81aMBsUgGmL.jpg,297918,item_weight,74.0 gram
https://m.media-amazon.com/images/I/81MfMFa2p4L.jpg,297918,item_weight,20.0 gram
https://m.media-amazon.com/images/I/81-MdxbwRhL.jpg,297918,item_weight,20.0 gram
https://m.media-amazon.com/images/I/81jH2x+ToML.jpg,297918,item_weight,74.0 gram
https://m.media-amazon.com/images/I/91gGuu5xFJL.jpg,297918,item_weight,16.0 gram
https://m.media-amazon.com/images/I/711y3n-MMGL.jpg,297918,item_weight,1.0 gram
https://m.media-amazon.com/images/I/61oF8gQu0RL.jpg,297918,item_weight,1.0 gram
https://m.media-amazon.com/images/I/71Ttx0i681L.jpg,297918,item_weight,15.0 gram
https://m.media-amazon.com/images/I/71KPHuI8POL.jpg,297918,item_weight,138.0 gram
https://m.media-amazon.com/images/I/81-KXQ2MFuL.jpg,297918,item_weight,23.0 gram
https://m.media-amazon.com/images/I/71Kp8DV1AJL.jpg,297918,item_weight,35.0 gram
https://m.media-amazon.com/images/I/81DgaR6v38L.jpg,297918,item_weight,20.0 gram
https://m.media-amazon.com/images/I/51CnCWKQE2L.jpg,297918,item_weight,400.0 gram
https://m.media-amazon.com/images/I/711dRtWTCxL.jpg,297918,item_weight,480.0 gram
https://m.media-amazon.com/images/I/51HcM5hXONL.jpg,297918,item_weight,40.0 gram
https://m.media-amazon.com/images/I/715th9rFoUL.jpg,297918,item_weight,40.0 gram
https://m.media-amazon.com/images/I/716Z+boE-aL.jpg,297918,item_weight,8.0 gram
https://m.media-amazon.com/images/I/81drpfQf-QL.jpg,297918,item_weight,40.0 gram
https://m.media-amazon.com/images/I/914TuwzDREL.jpg,297918,item_weight,700.0 gram
https://m.media-amazon.com/images/I/61YkZScqcHL.jpg,297918,item_weight,40.0 gram
https://m.media-amazon.com/images/I/71DgTkpnq9L.jpg,297918,item_weight,40.0 gram
https://m.media-amazon.com/images/I/719X+NIst5L.jpg,297918,item_weight,45.0 gram
https://m.media-amazon.com/images/I/71VScY-A--L.jpg,297918,item_weight,100.0 gram
https://m.media-amazon.com/images/I/71HNkt9GDJL.jpg,297918,item_weight,1.0 gram
https://m.media-amazon.com/images/I/81WYI4Lg8SL.jpg,297918,item_weight,1.0 gram
https://m.media-amazon.com/images/I/517iCmy2K2L.jpg,297918,item_weight,12.0 gram
https://m.media-amazon.com/images/I/81zJe3jbYgL.jpg,297918,item_weight,1.67 milligram
https://m.media-amazon.com/images/I/61NO-XZn3fL.jpg,297918,item_weight,16.0 gram
https://m.media-amazon.com/images/I/71p912+tHpL.jpg,297918,item_weight,500.0 gram
https://m.media-amazon.com/images/I/714PEOikwPL.jpg,297918,item_weight,500.0 gram
https://m.media-amazon.com/images/I/61MeArhdnML.jpg,297918,item_weight,60.0 gram
https://m.media-amazon.com/images/I/61zB9LmsszL.jpg,297918,item_weight,60.0 gram
https://m.media-amazon.com/images/I/611UH0+QrSL.jpg,297918,item_weight,60.0 gram
https://m.media-amazon.com/images/I/61MXEXYg5WL.jpg,297918,item_weight,60.0 gram
https://m.media-amazon.com/images/I/71ssUkuANmL.jpg,297918,item_weight,25.0 gram
https://m.media-amazon.com/images/I/81989s23OTL.jpg,297918,item_weight,25.0 gram
https://m.media-amazon.com/images/I/91r2WVHo19L.jpg,297918,item_weight,22.0 gram
https://m.media-amazon.com/images/I/81cGLuJ4DGL.jpg,297918,item_weight,352.0 gram
https://m.media-amazon.com/images/I/81qLV53tZYL.jpg,297918,item_weight,352.0 gram
https://m.media-amazon.com/images/I/41ym31O2s0L.jpg,297918,item_weight,50.0 gram
https://m.media-amazon.com/images/I/51eJqv+g--L.jpg,297918,item_weight,50.0 gram
https://m.media-amazon.com/images/I/31YRWlIz8FL.jpg,297918,item_weight,50.0 gram
https://m.media-amazon.com/images/I/417u2Nu45yL.jpg,297918,item_weight,50.0 gram
https://m.media-amazon.com/images/I/61pFp4k52nL.jpg,297918,item_weight,68.0 gram
https://m.media-amazon.com/images/I/81iLZBfk4FL.jpg,297918,item_weight,12.0 gram
https://m.media-amazon.com/images/I/51QsyDlp16L.jpg,297918,item_weight,400.0 gram
https://m.media-amazon.com/images/I/51F-lMPhNXL.jpg,297918,item_weight,400.0 gram
https://m.media-amazon.com/images/I/81WAc9WnJIL.jpg,297918,item_weight,55.0 gram
https://m.media-amazon.com/images/I/81p12ppCB5L.jpg,297918,item_weight,55.0 gram
https://m.media-amazon.com/images/I/718GaxSVdsL.jpg,297918,item_weight,20.0 gram
https://m.media-amazon.com/images/I/71Hi+JyZJ3L.jpg,297918,item_weight,20.0 gram
https://m.media-amazon.com/images/I/613pDhqTjaL.jpg,297918,item_weight,70.0 gram
https://m.media-amazon.com/images/I/61FKv5r3rRL.jpg,297918,item_weight,20.0 gram
https://m.media-amazon.com/images/I/61KjbCBxhpL.jpg,297918,item_weight,12.0 gram
https://m.media-amazon.com/images/I/61YQ0cBhXEL.jpg,297918,item_weight,12.0 gram
https://m.media-amazon.com/images/I/51dp6XDxCxL.jpg,297918,item_weight,12.0 gram
https://m.media-amazon.com/images/I/81VlXBryF3L.jpg,297918,item_weight,40.0 gram
https://m.media-amazon.com/images/I/71eWQhUuRZL.jpg,297918,item_weight,12.0 gram
https://m.media-amazon.com/images/I/81e2XfI-QDL.jpg,297918,item_weight,55.0 gram
https://m.media-amazon.com/images/I/81hLFTptw3L.jpg,297918,item_weight,55.0 gram
https://m.media-amazon.com/images/I/81FrTgLndbL.jpg,297918,item_weight,55.0 gram
https://m.media-amazon.com/images/I/81uDX9mjuKL.jpg,297918,item_weight,22.0 gram
https://m.media-amazon.com/images/I/71Q8jZqjhXL.jpg,297918,item_weight,22.0 gram
https://m.media-amazon.com/images/I/81osBnVmTlL.jpg,297918,item_weight,22.0 gram
https://m.media-amazon.com/images/I/713zb-klN7L.jpg,297918,item_weight,22.0 gram
https://m.media-amazon.com/images/I/91Ps6guDVjL.jpg,297918,item_weight,40.0 gram
https://m.media-amazon.com/images/I/71FaEPhDqYL.jpg,297918,item_weight,32.0 gram
https://m.media-amazon.com/images/I/61iVBTBJYmL.jpg,297918,item_weight,32.0 gram
https://m.media-amazon.com/images/I/61Ovy9dukhL.jpg,297918,item_weight,32.0 gram
https://m.media-amazon.com/images/I/61OUho-zYWL.jpg,297918,item_weight,32.0 gram
https://m.media-amazon.com/images/I/81CessF3sgL.jpg,297918,item_weight,32.0 gram
https://m.media-amazon.com/images/I/61-kvTcEKaL.jpg,297918,item_weight,32.0 gram
https://m.media-amazon.com/images/I/61yqCnF-nyL.jpg,297918,item_weight,32.0 gram
https://m.media-amazon.com/images/I/61z3HXB7WdL.jpg,297918,item_weight,32.0 gram
https://m.media-amazon.com/images/I/718wKdFgkGL.jpg,297918,item_weight,21.0 gram
https://m.media-amazon.com/images/I/7108kdXX3YL.jpg,297918,item_weight,65.0 gram
https://m.media-amazon.com/images/I/61cFhUTHQaL.jpg,297918,item_weight,21.0 gram
https://m.media-amazon.com/images/I/61j0ouNI6mL.jpg,297918,item_weight,21.0 gram
https://m.media-amazon.com/images/I/715NV-isqbL.jpg,297918,item_weight,65.0 gram
https://m.media-amazon.com/images/I/81SkUm7braL.jpg,297918,item_weight,64.0 gram
https://m.media-amazon.com/images/I/71dll0W5s-L.jpg,297918,item_weight,300.0 gram
https://m.media-amazon.com/images/I/5156QpPX+VL.jpg,297918,item_weight,68.0 gram
https://m.media-amazon.com/images/I/61qZwsCRGSL.jpg,297918,item_weight,225.0 gram
https://m.media-amazon.com/images/I/718xwf4MmnL.jpg,297918,item_weight,225.0 gram
https://m.media-amazon.com/images/I/417KsdYEx1L.jpg,297918,item_weight,"[6.0, 8.0] gram"
https://m.media-amazon.com/images/I/516sAwFPrWL.jpg,297918,item_weight,20.0 gram
https://m.media-amazon.com/images/I/71uNLvk5PgL.jpg,297918,item_weight,40.0 gram
https://m.media-amazon.com/images/I/71+h2NNlqLL.jpg,297918,item_weight,120.0 milligram
https://m.media-amazon.com/images/I/81GDMOyh1hL.jpg,297918,item_weight,20.0 gram
https://m.media-amazon.com/images/I/71RA3l0qiAL.jpg,297918,item_weight,9.0 gram
https://m.media-amazon.com/images/I/61FUarlGN1L.jpg,297918,item_weight,35.0 gram
https://m.media-amazon.com/images/I/61T68aQJocL.jpg,297918,item_weight,35.0 gram
https://m.media-amazon.com/images/I/41fUA6b+4TL.jpg,297918,item_weight,0.0 ounce
https://m.media-amazon.com/images/I/51DMXXcBLXL.jpg,297918,item_weight,32.0 gram
https://m.media-amazon.com/images/I/61n1FBJu37L.jpg,297918,item_weight,32.0 gram
https://m.media-amazon.com/images/I/71TiK38DOrL.jpg,297918,item_weight,10.0 gram
https://m.media-amazon.com/images/I/61dN8n9krmL.jpg,297918,item_weight,70.0 gram
https://m.media-amazon.com/images/I/71O-Wazer1L.jpg,297918,item_weight,24.0 gram
https://m.media-amazon.com/images/I/81J1DRC5+PL.jpg,297918,item_weight,22.0 gram
https://m.media-amazon.com/images/I/81X0UZmWTRL.jpg,297918,item_weight,176.0 gram
https://m.media-amazon.com/images/I/71ccAk6dn5L.jpg,297918,item_weight,176.0 gram
https://m.media-amazon.com/images/I/81yGyM8TdDL.jpg,297918,item_weight,9.0 ounce
https://m.media-amazon.com/images/I/71IJOwBHv7L.jpg,297918,item_weight,15.0 gram
https://m.media-amazon.com/images/I/81e7GONKSiL.jpg,297918,item_weight,20.0 gram
https://m.media-amazon.com/images/I/613IYEzsQLL.jpg,297918,item_weight,600.0 gram
https://m.media-amazon.com/images/I/5187PRu3TVL.jpg,297918,item_weight,684.0 gram
https://m.media-amazon.com/images/I/61jvAD+SaOL.jpg,297918,item_weight,684.0 gram
https://m.media-amazon.com/images/I/61TcHcXzkzL.jpg,297918,item_weight,660.0 gram
https://m.media-amazon.com/images/I/61Dy3zMbodL.jpg,297918,item_weight,60.0 gram
https://m.media-amazon.com/images/I/51tfHA+SfwL.jpg,297918,item_weight,2.2 gram
https://m.media-amazon.com/images/I/91+D-mt1FmL.jpg,297918,item_weight,60.0 gram
https://m.media-amazon.com/images/I/71-HaVhEW5L.jpg,297918,item_weight,35.0 gram
https://m.media-amazon.com/images/I/61ANQeUpt4L.jpg,297918,item_weight,105.0 gram
https://m.media-amazon.com/images/I/71-MMhq+t8L.jpg,297918,item_weight,1.02 kilogram
https://m.media-amazon.com/images/I/71KdDGvv0rL.jpg,297918,item_weight,85.0 gram
https://m.media-amazon.com/images/I/81aPM2jJBEL.jpg,297918,item_weight,85.0 gram
https://m.media-amazon.com/images/I/61qIr-uFgKL.jpg,297918,item_weight,1.56 pound
https://m.media-amazon.com/images/I/61IA+vXaqiL.jpg,297918,item_weight,1.56 pound
https://m.media-amazon.com/images/I/81bEPSwpuZL.jpg,297918,item_weight,2.08 ounce
https://m.media-amazon.com/images/I/81TBfvo8s6L.jpg,297918,item_weight,59.0 gram
https://m.media-amazon.com/images/I/617QWAc-JgL.jpg,297918,item_weight,708.0 gram
https://m.media-amazon.com/images/I/81KnSnf9yxL.jpg,297918,item_weight,25.0 gram
https://m.media-amazon.com/images/I/81EhxcTlbmL.jpg,297918,item_weight,45.0 gram
https://m.media-amazon.com/images/I/81LKlpXa27L.jpg,297918,item_weight,45.0 gram
https://m.media-amazon.com/images/I/71wHiIL6aML.jpg,297918,item_weight,100.0 gram
https://m.media-amazon.com/images/I/6116qqPqi2L.jpg,297918,item_weight,35.0 gram
https://m.media-amazon.com/images/I/91ND9Z87A2L.jpg,297918,item_weight,35.0 gram
https://m.media-amazon.com/images/I/71AsPdJxEQL.jpg,297918,item_weight,210.0 gram
https://m.media-amazon.com/images/I/81S7pzRfC+L.jpg,297918,item_weight,35.0 gram
https://m.media-amazon.com/images/I/61jYDw8s2KL.jpg,297918,item_weight,35.0 gram
https://m.media-amazon.com/images/I/91k591a1zxL.jpg,297918,item_weight,35.0 gram
https://m.media-amazon.com/images/I/A1lK2ftpn9L.jpg,297918,item_weight,35.0 gram
https://m.media-amazon.com/images/I/61FUx-f-hGL.jpg,297918,item_weight,35.0 gram
https://m.media-amazon.com/images/I/918xTjh0L7L.jpg,297918,item_weight,15.2 ounce
https://m.media-amazon.com/images/I/81N4PBIxN2L.jpg,297918,item_weight,24.0 gram
https://m.media-amazon.com/images/I/71iBVpTcsJL.jpg,297918,item_weight,9.0 gram
https://m.media-amazon.com/images/I/81UrqHxrpOL.jpg,297918,item_weight,0.84 ounce
https://m.media-amazon.com/images/I/81hVblLHc3L.jpg,297918,item_weight,24.0 gram
https://m.media-amazon.com/images/I/81-0dTAVqUL.jpg,297918,item_weight,60.0 gram
https://m.media-amazon.com/images/I/71wR7YrOnFL.jpg,297918,item_weight,60.0 gram
https://m.media-amazon.com/images/I/71ZbYRn5bsL.jpg,297918,item_weight,2.12 ounce
https://m.media-amazon.com/images/I/71f+XfOzpqL.jpg,297918,item_weight,68.0 gram
https://m.media-amazon.com/images/I/61vMVOsY8SL.jpg,297918,item_weight,16.0 gram
https://m.media-amazon.com/images/I/61LUMqgdZiL.jpg,297918,item_weight,46.0 gram
https://m.media-amazon.com/images/I/71xCvzsaHrL.jpg,297918,item_weight,16.0 gram
https://m.media-amazon.com/images/I/81RDtXNWnZL.jpg,297918,item_weight,35.0 gram
https://m.media-amazon.com/images/I/81xg8+iyZ5L.jpg,297918,item_weight,15.0 gram
https://m.media-amazon.com/images/I/81JEJc0dfmL.jpg,297918,item_weight,100.0 gram
https://m.media-amazon.com/images/I/81O4eGGjJLL.jpg,297918,item_weight,18.0 gram
https://m.media-amazon.com/images/I/81Nd0CevU6L.jpg,297918,item_weight,18.0 gram
https://m.media-amazon.com/images/I/81ylVwFJkLL.jpg,297918,item_weight,18.0 gram
https://m.media-amazon.com/images/I/71Xzh1ZD4xL.jpg,297918,item_weight,100.0 gram
https://m.media-amazon.com/images/I/91hAhMg0i8L.jpg,297918,item_weight,40.0 gram
https://m.media-amazon.com/images/I/71OurdqZq6L.jpg,297918,item_weight,1.9 ounce
https://m.media-amazon.com/images/I/71KWjErKrZL.jpg,297918,item_weight,15.0 gram
https://m.media-amazon.com/images/I/719L4Y1teJL.jpg,297918,item_weight,1.9 ounce
https://m.media-amazon.com/images/I/517JUlhNO7L.jpg,297918,item_weight,68.0 gram
https://m.media-amazon.com/images/I/71M4c5zVOSL.jpg,297918,item_weight,260.0 gram
https://m.media-amazon.com/images/I/515eIW538gL.jpg,297918,item_weight,65.0 gram
https://m.media-amazon.com/images/I/81fzjQGDMVL.jpg,297918,item_weight,65.0 gram
https://m.media-amazon.com/images/I/71H2HarSejL.jpg,297918,item_weight,62.0 gram
https://m.media-amazon.com/images/I/616YPB5NzHL.jpg,297918,item_weight,960.0 gram
https://m.media-amazon.com/images/I/41i9fbbfmlL.jpg,297918,item_weight,20.0 gram
https://m.media-amazon.com/images/I/51U2VZ9eywL.jpg,297918,item_weight,0.16 gram
https://m.media-amazon.com/images/I/71SbxZsoOVL.jpg,297918,item_weight,45.0 gram
https://m.media-amazon.com/images/I/81y-pKiUqKL.jpg,297918,item_weight,45.0 gram
https://m.media-amazon.com/images/I/71ja6-AKLfL.jpg,297918,item_weight,100.0 gram
https://m.media-amazon.com/images/I/71nwZJdvY7L.jpg,297918,item_weight,35.0 gram
https://m.media-amazon.com/images/I/91TEGNOPcWL.jpg,297918,item_weight,210.0 gram
https://m.media-amazon.com/images/I/716JjuUcH5L.jpg,297918,item_weight,210.0 gram
https://m.media-amazon.com/images/I/81JkP53k3sL.jpg,297918,item_weight,35.0 gram
https://m.media-amazon.com/images/I/51jCXmcha8L.jpg,297918,item_weight,35.0 gram
https://m.media-amazon.com/images/I/A1CTRc4Dh7L.jpg,297918,item_weight,35.0 gram
https://m.media-amazon.com/images/I/91T597i443L.jpg,297918,item_weight,35.0 gram
https://m.media-amazon.com/images/I/61lZKmBO6NL.jpg,297918,item_weight,35.0 gram
https://m.media-amazon.com/images/I/91j4ofQvzaL.jpg,297918,item_weight,60.0 gram
https://m.media-amazon.com/images/I/61cYg-pp9TL.jpg,297918,item_weight,40.0 gram
https://m.media-amazon.com/images/I/81t-4IXnsyL.jpg,297918,item_weight,240.0 gram
https://m.media-amazon.com/images/I/51yecT03VvL.jpg,297918,item_weight,40.0 gram
https://m.media-amazon.com/images/I/612Nc0gbrgL.jpg,297918,item_weight,40.0 gram
https://m.media-amazon.com/images/I/51QY9hHSGrL.jpg,297918,item_weight,5.71 ounce
https://m.media-amazon.com/images/I/61f1c-8RPGL.jpg,297918,item_weight,162.0 gram
https://m.media-amazon.com/images/I/71kMOH8k2aL.jpg,297918,item_weight,3.0 gram
https://m.media-amazon.com/images/I/61AxcGdO03L.jpg,297918,item_weight,18.0 gram
https://m.media-amazon.com/images/I/71EusA4g5vL.jpg,297918,item_weight,60.0 gram
https://m.media-amazon.com/images/I/7186kunpyRL.jpg,297918,item_weight,60.0 gram
https://m.media-amazon.com/images/I/61+OekU74FL.jpg,297918,item_weight,100.0 gram
https://m.media-amazon.com/images/I/71XR8ev7x3L.jpg,297918,item_weight,45.0 gram
https://m.media-amazon.com/images/I/81FJUWnjJUL.jpg,297918,item_weight,45.0 gram
https://m.media-amazon.com/images/I/71uyhfj9qpL.jpg,297918,item_weight,45.0 gram
https://m.media-amazon.com/images/I/51dOaeJRJXL.jpg,297918,item_weight,28.0 gram
https://m.media-amazon.com/images/I/71iQNIWxjbL.jpg,297918,item_weight,68.0 gram
https://m.media-amazon.com/images/I/81oWmc9q9-L.jpg,297918,item_weight,28.0 gram
https://m.media-amazon.com/images/I/71mR1zlScrL.jpg,297918,item_weight,40.0 gram
https://m.media-amazon.com/images/I/81tuuM7XdxL.jpg,297918,item_weight,100.0 gram
https://m.media-amazon.com/images/I/61twwOL60eL.jpg,297918,item_weight,20.0 gram
https://m.media-amazon.com/images/I/61d7oCPuctL.jpg,297918,item_weight,100.0 gram
https://m.media-amazon.com/images/I/91vdYLOIvVL.jpg,297918,item_weight,20.0 gram
https://m.media-amazon.com/images/I/61KOrll66nL.jpg,297918,item_weight,300.0 gram
https://m.media-amazon.com/images/I/71eU-KSin3L.jpg,297918,item_weight,25.0 gram
https://m.media-amazon.com/images/I/71yuXiEdOCL.jpg,297918,item_weight,100.0 gram
https://m.media-amazon.com/images/I/61Qj4fknBAL.jpg,297918,item_weight,60.0 gram
https://m.media-amazon.com/images/I/61fTY+xnFDL.jpg,297918,item_weight,60.0 gram
https://m.media-amazon.com/images/I/61v0jM-UqAL.jpg,297918,item_weight,5.1 gram
https://m.media-amazon.com/images/I/71LJMqIwoLL.jpg,297918,item_weight,492.0 gram
https://m.media-amazon.com/images/I/71QbniAzAkL.jpg,297918,item_weight,41.0 gram
https://m.media-amazon.com/images/I/51iILt29YYL.jpg,297918,item_weight,20.0 gram
https://m.media-amazon.com/images/I/81XaASQ-nQL.jpg,297918,item_weight,45.0 gram
https://m.media-amazon.com/images/I/71eAiZj2HsL.jpg,297918,item_weight,40.0 gram
https://m.media-amazon.com/images/I/81f+InOhkLL.jpg,297918,item_weight,35.0 gram
https://m.media-amazon.com/images/I/81VE-0M5lVL.jpg,297918,item_weight,35.0 gram
https://m.media-amazon.com/images/I/81j4ZxosWTL.jpg,297918,item_weight,35.0 gram
https://m.media-amazon.com/images/I/81NlZZZSaCL.jpg,297918,item_weight,9.36 ounce
https://m.media-amazon.com/images/I/81rBLBObr+L.jpg,297918,item_weight,213.0 gram
https://m.media-amazon.com/images/I/81dCnQTh-HL.jpg,297918,item_weight,22.0 gram
https://m.media-amazon.com/images/I/8176jwxUPRL.jpg,297918,item_weight,70.0 gram
https://m.media-amazon.com/images/I/81qxodRLWgL.jpg,297918,item_weight,70.0 gram
https://m.media-amazon.com/images/I/31YKvqnQTiL.jpg,297918,item_weight,17.0 gram
https://m.media-amazon.com/images/I/7171CAxlWJL.jpg,297918,item_weight,120.0 gram
https://m.media-amazon.com/images/I/61liPmOCZlL.jpg,297918,item_weight,14.0 gram
https://m.media-amazon.com/images/I/51PrLloDhJL.jpg,297918,item_weight,14.0 gram
https://m.media-amazon.com/images/I/81AOHbv4KNL.jpg,297918,item_weight,100.0 gram
https://m.media-amazon.com/images/I/61H93HDYivL.jpg,297918,item_weight,60.0 gram
https://m.media-amazon.com/images/I/71hfgY1JmDL.jpg,297918,item_weight,19.0 gram
https://m.media-amazon.com/images/I/71FqKYEQuGL.jpg,297918,item_weight,60.0 gram
https://m.media-amazon.com/images/I/815mycSZJwL.jpg,297918,item_weight,21.5 gram
https://m.media-amazon.com/images/I/81swTbB4n1L.jpg,297918,item_weight,21.5 gram
https://m.media-amazon.com/images/I/71n3rXpq6bL.jpg,297918,item_weight,35.0 gram
https://m.media-amazon.com/images/I/71Dy6OxfrqL.jpg,297918,item_weight,35.0 gram
https://m.media-amazon.com/images/I/81vNEgYLASL.jpg,297918,item_weight,35.0 gram
https://m.media-amazon.com/images/I/61YNLarceWL.jpg,297918,item_weight,6.0 gram
https://m.media-amazon.com/images/I/51QTBZI9DRL.jpg,297918,item_weight,225.0 gram
https://m.media-amazon.com/images/I/81KTUxlIONL.jpg,297918,item_weight,25.0 gram
https://m.media-amazon.com/images/I/91hnD8+4OjL.jpg,297918,item_weight,45.0 gram
https://m.media-amazon.com/images/I/61JRkwyjm3L.jpg,297918,item_weight,1.0 kilogram
https://m.media-amazon.com/images/I/71FE9FBQvSL.jpg,297918,item_weight,1.0 kilogram
https://m.media-amazon.com/images/I/61uld-BtkyL.jpg,297918,item_weight,140.0 gram
https://m.media-amazon.com/images/I/51ckSGO+JtL.jpg,297918,item_weight,55.0 gram
https://m.media-amazon.com/images/I/61j0DbO9s6L.jpg,297918,item_weight,15.0 gram
https://m.media-amazon.com/images/I/515jjE2a0HL.jpg,297918,item_weight,15.0 gram
https://m.media-amazon.com/images/I/61pZZ3pHeqL.jpg,297918,item_weight,15.0 gram
https://m.media-amazon.com/images/I/61q98s21yZL.jpg,297918,item_weight,55.0 gram
https://m.media-amazon.com/images/I/51i0FcOnzSL.jpg,297918,item_weight,9.0 gram
https://m.media-amazon.com/images/I/61qMOd2tbWL.jpg,297918,item_weight,9.0 gram
https://m.media-amazon.com/images/I/61zXX1-MSaL.jpg,297918,item_weight,9.0 gram
https://m.media-amazon.com/images/I/51ngJDwESeL.jpg,297918,item_weight,9.0 gram
https://m.media-amazon.com/images/I/51o4omuQOML.jpg,297918,item_weight,9.0 gram
https://m.media-amazon.com/images/I/51k-E20qbJL.jpg,297918,item_weight,9.0 gram
https://m.media-amazon.com/images/I/51fMkxK7RrL.jpg,297918,item_weight,9.0 gram
https://m.media-amazon.com/images/I/81B5Ffks7PL.jpg,297918,item_weight,50.0 gram
https://m.media-amazon.com/images/I/71VD--aJuNL.jpg,297918,item_weight,320.0 gram
https://m.media-amazon.com/images/I/61jMf1cjadL.jpg,297918,item_weight,50.0 gram
https://m.media-amazon.com/images/I/61ClckzglwL.jpg,297918,item_weight,50.0 gram
https://m.media-amazon.com/images/I/817AmmQCdML.jpg,297918,item_weight,15.0 gram
https://m.media-amazon.com/images/I/71Ks3UuXXsL.jpg,297918,item_weight,15.0 gram
https://m.media-amazon.com/images/I/81qrPcasv+L.jpg,297918,item_weight,15.0 gram
https://m.media-amazon.com/images/I/71ki7HH7UoL.jpg,297918,item_weight,15.0 gram
https://m.media-amazon.com/images/I/81nfwDJzpOL.jpg,297918,item_weight,52.0 gram
https://m.media-amazon.com/images/I/81Wfi+LxbUL.jpg,297918,item_weight,52.0 gram
https://m.media-amazon.com/images/I/71LXviLIgHL.jpg,297918,item_weight,52.0 gram
https://m.media-amazon.com/images/I/91tmX3+CzzL.jpg,297918,item_weight,52.0 gram
https://m.media-amazon.com/images/I/81ODPBDkJfL.jpg,297918,item_weight,3.1 gram
https://m.media-amazon.com/images/I/71wCrOcDWfL.jpg,297918,item_weight,23.0 gram
https://m.media-amazon.com/images/I/61EMo4gUQbL.jpg,297918,item_weight,22.0 gram
https://m.media-amazon.com/images/I/61AfT6chMxL.jpg,297918,item_weight,50.0 gram
https://m.media-amazon.com/images/I/81ia7io5aQL.jpg,297918,item_weight,0.8 ounce
https://m.media-amazon.com/images/I/816twcuy6gL.jpg,297918,item_weight,25.0 gram
https://m.media-amazon.com/images/I/81bGr9fp0IL.jpg,297918,item_weight,125.0 gram
https://m.media-amazon.com/images/I/81sogPuYPtL.jpg,297918,item_weight,125.0 gram
https://m.media-amazon.com/images/I/71N41kP1oaL.jpg,297918,item_weight,25.0 gram
https://m.media-amazon.com/images/I/41HZbak4iIL.jpg,297918,item_weight,0.3 gram
https://m.media-amazon.com/images/I/81Ig3T20yJL.jpg,297918,item_weight,1.76 ounce
https://m.media-amazon.com/images/I/61YuY-FY+uL.jpg,297918,item_weight,50.0 gram
https://m.media-amazon.com/images/I/61w2i--9WML.jpg,297918,item_weight,1.76 ounce
https://m.media-amazon.com/images/I/61V+tlm6p0L.jpg,297918,item_weight,13.0 gram
https://m.media-amazon.com/images/I/61l9FuLyUDL.jpg,297918,item_weight,1.76 ounce
https://m.media-amazon.com/images/I/51FE1VwWpzL.jpg,297918,item_weight,50.0 gram
https://m.media-amazon.com/images/I/71F6CbEQEZL.jpg,297918,item_weight,50.0 gram
https://m.media-amazon.com/images/I/718yR1xXvVL.jpg,297918,item_weight,50.0 gram
https://m.media-amazon.com/images/I/71iUEKZAiqL.jpg,297918,item_weight,50.0 gram
https://m.media-amazon.com/images/I/91UlwSyBzqL.jpg,297918,item_weight,40.0 gram
https://m.media-amazon.com/images/I/81vuqWCBfKL.jpg,297918,item_weight,11.0 gram
https://m.media-amazon.com/images/I/91XyIpkF0sL.jpg,297918,item_weight,5.0 gram
https://m.media-amazon.com/images/I/71IfwKxvWkL.jpg,297918,item_weight,1.02 kilogram
https://m.media-amazon.com/images/I/71na4DED7AL.jpg,297918,item_weight,85.0 gram
https://m.media-amazon.com/images/I/81a3TLqjMmL.jpg,297918,item_weight,85.0 gram
https://m.media-amazon.com/images/I/81Lv+g5ax7L.jpg,297918,item_weight,45.0 gram
https://m.media-amazon.com/images/I/61GRg3ccTzL.jpg,297918,item_weight,45.0 gram
https://m.media-amazon.com/images/I/71qUGcoGRYL.jpg,297918,item_weight,45.0 gram
https://m.media-amazon.com/images/I/71U0TjafraL.jpg,297918,item_weight,45.0 gram
https://m.media-amazon.com/images/I/81N6DijJmYL.jpg,297918,item_weight,61.0 gram
https://m.media-amazon.com/images/I/712zpnZ+6RL.jpg,297918,item_weight,61.0 gram
https://m.media-amazon.com/images/I/71oxcQX5-oL.jpg,297918,item_weight,17.2 ounce
https://m.media-amazon.com/images/I/61AYsd2hGEL.jpg,297918,item_weight,320.0 gram
https://m.media-amazon.com/images/I/81F18tlB5eL.jpg,297918,item_weight,40.0 gram
https://m.media-amazon.com/images/I/712DmJnnfQL.jpg,297918,item_weight,1.41 ounce
https://m.media-amazon.com/images/I/71NDy2m6WCL.jpg,297918,item_weight,40.0 gram
https://m.media-amazon.com/images/I/7194z1PyexL.jpg,297918,item_weight,1.41 ounce
https://m.media-amazon.com/images/I/8109cIiYRaL.jpg,297918,item_weight,1.41 ounce
https://m.media-amazon.com/images/I/612tdZwigUL.jpg,297918,item_weight,50.0 gram
https://m.media-amazon.com/images/I/71meq+8-IxL.jpg,297918,item_weight,300.0 gram
https://m.media-amazon.com/images/I/71WXf9YiGAL.jpg,297918,item_weight,300.0 gram
https://m.media-amazon.com/images/I/71hKB5fOnJL.jpg,297918,item_weight,10.0 gram
https://m.media-amazon.com/images/I/81U+Fou3B-L.jpg,297918,item_weight,372.0 gram
https://m.media-amazon.com/images/I/61JY3OwxBaL.jpg,297918,item_weight,40.0 gram
https://m.media-amazon.com/images/I/61kXvNawLlL.jpg,297918,item_weight,40.0 gram
https://m.media-amazon.com/images/I/61fBNBaBLLL.jpg,297918,item_weight,660.0 gram
https://m.media-amazon.com/images/I/61EbvP4A4PL.jpg,297918,item_weight,55.0 gram
https://m.media-amazon.com/images/I/51bCcqmra2L.jpg,297918,item_weight,14.0 gram
https://m.media-amazon.com/images/I/51-1lCnXAhL.jpg,297918,item_weight,55.0 gram
https://m.media-amazon.com/images/I/51gBSrGhKoL.jpg,297918,item_weight,420.0 gram
https://m.media-amazon.com/images/I/713+Fk6Hy6L.jpg,297918,item_weight,420.0 gram
https://m.media-amazon.com/images/I/61e98oiE1iL.jpg,297918,item_weight,420.0 gram
https://m.media-amazon.com/images/I/71CcNLAZx-L.jpg,297918,item_weight,420.0 gram
https://m.media-amazon.com/images/I/81CGPgXVWJL.jpg,297918,item_weight,20.0 gram
https://m.media-amazon.com/images/I/71e8Izn6iBL.jpg,297918,item_weight,45.0 gram
https://m.media-amazon.com/images/I/71HfvyWBjfL.jpg,297918,item_weight,45.0 gram
https://m.media-amazon.com/images/I/81Bgh15HWJL.jpg,297918,item_weight,45.0 gram
https://m.media-amazon.com/images/I/71AVEJZEyvL.jpg,297918,item_weight,720.0 gram
https://m.media-amazon.com/images/I/71xVXr5tzmL.jpg,297918,item_weight,720.0 gram
https://m.media-amazon.com/images/I/618BP7n8maL.jpg,297918,item_weight,10.0 gram
https://m.media-amazon.com/images/I/61RCVWiL03L.jpg,297918,item_weight,10.0 gram
https://m.media-amazon.com/images/I/51kOckik-YL.jpg,297918,item_weight,4.0 gram
https://m.media-amazon.com/images/I/81WuAf-+u1L.jpg,297918,item_weight,16.0 gram
https://m.media-amazon.com/images/I/81QpTG4wdsL.jpg,297918,item_weight,16.0 gram
https://m.media-amazon.com/images/I/714XqMUIu5L.jpg,297918,item_weight,45.0 gram
https://m.media-amazon.com/images/I/71sVQKqxnWL.jpg,297918,item_weight,50.0 gram
https://m.media-amazon.com/images/I/717qTAq9l8L.jpg,297918,item_weight,60.0 gram
https://m.media-amazon.com/images/I/81oMa7OTZZL.jpg,297918,item_weight,240.0 gram
https://m.media-amazon.com/images/I/71ShRV9QD8L.jpg,297918,item_weight,60.0 gram
https://m.media-amazon.com/images/I/512sPl6O-yL.jpg,297918,item_weight,60.0 gram
https://m.media-amazon.com/images/I/51T9BFTmkzL.jpg,297918,item_weight,60.0 gram
https://m.media-amazon.com/images/I/51RuQzyN5CL.jpg,297918,item_weight,60.0 gram
https://m.media-amazon.com/images/I/81bWj+2HMaL.jpg,297918,item_weight,240.0 gram
https://m.media-amazon.com/images/I/71LwTpsXnlL.jpg,297918,item_weight,30.0 gram
https://m.media-amazon.com/images/I/71AWSbpeEjL.jpg,297918,item_weight,30.0 gram
https://m.media-amazon.com/images/I/91Iush6bOKL.jpg,297918,item_weight,2.82 ounce
https://m.media-amazon.com/images/I/81K3Eusu-DL.jpg,297918,item_weight,32.0 gram
https://m.media-amazon.com/images/I/81ZR-w0WzML.jpg,297918,item_weight,20.0 gram
https://m.media-amazon.com/images/I/81-hwDVkkqL.jpg,297918,item_weight,20.0 gram
https://m.media-amazon.com/images/I/91j4klHdGUL.jpg,297918,item_weight,240.0 gram
https://m.media-amazon.com/images/I/71eV9R7ogCL.jpg,297918,item_weight,1.69 ounce
https://m.media-amazon.com/images/I/81X+i8ok4UL.jpg,297918,item_weight,1.69 ounce
https://m.media-amazon.com/images/I/61i1QB3tM-L.jpg,297918,item_weight,11.0 gram
https://m.media-amazon.com/images/I/71M1ZlXtvIL.jpg,297918,item_weight,1.69 ounce
https://m.media-amazon.com/images/I/716Xe-vi2vL.jpg,297918,item_weight,52.0 gram
https://m.media-amazon.com/images/I/6197OtEifGL.jpg,297918,item_weight,1.83 ounce
https://m.media-amazon.com/images/I/71ENW4484bL.jpg,297918,item_weight,260.0 gram
https://m.media-amazon.com/images/I/71b+zCdN+ZL.jpg,297918,item_weight,52.0 gram
https://m.media-amazon.com/images/I/81gPC-phmcL.jpg,297918,item_weight,15.0 gram
https://m.media-amazon.com/images/I/519+GWo1j3L.jpg,297918,item_weight,750.0 gram
https://m.media-amazon.com/images/I/81eq786JmxL.jpg,297918,item_weight,4.0 gram
https://m.media-amazon.com/images/I/71K1waN348L.jpg,297918,item_weight,14.0 gram
https://m.media-amazon.com/images/I/81r0neFw-YL.jpg,297918,item_weight,100.0 gram
https://m.media-amazon.com/images/I/61KFLHuQfiL.jpg,297918,item_weight,14.0 gram
https://m.media-amazon.com/images/I/51qTB3FWdtL.jpg,297918,item_weight,14.0 gram
https://m.media-amazon.com/images/I/81p3gEyNe8L.jpg,297918,item_weight,100.0 gram
https://m.media-amazon.com/images/I/71FN6k-Cl0L.jpg,297918,item_weight,50.0 gram
https://m.media-amazon.com/images/I/71tFAl5m3sL.jpg,297918,item_weight,35.0 gram
https://m.media-amazon.com/images/I/81F9+Av5RNL.jpg,297918,item_weight,100.0 gram
https://m.media-amazon.com/images/I/71uhycL4HuL.jpg,297918,item_weight,40.0 gram
https://m.media-amazon.com/images/I/51DJ77kvjOL.jpg,297918,item_weight,30.0 gram
https://m.media-amazon.com/images/I/51evQW1e6VL.jpg,297918,item_weight,360.0 gram
https://m.media-amazon.com/images/I/614DPbcq1QL.jpg,297918,item_weight,360.0 gram
https://m.media-amazon.com/images/I/71QcZluJdCL.jpg,297918,item_weight,100.0 gram
https://m.media-amazon.com/images/I/61Za-AiVXiL.jpg,297918,item_weight,17.0 gram
https://m.media-amazon.com/images/I/71DYnwTFlZL.jpg,297918,item_weight,60.0 gram
https://m.media-amazon.com/images/I/61peXJJvH5L.jpg,297918,item_weight,60.0 gram
https://m.media-amazon.com/images/I/71BqQCWsqJL.jpg,297918,item_weight,60.0 gram
https://m.media-amazon.com/images/I/71mAOtmVnaL.jpg,297918,item_weight,17.0 gram
https://m.media-amazon.com/images/I/71nyfh5slsL.jpg,297918,item_weight,60.0 gram
https://m.media-amazon.com/images/I/51uwdH5IJyL.jpg,297918,item_weight,68.0 gram
https://m.media-amazon.com/images/I/81WHVncwYnL.jpg,297918,item_weight,68.0 gram
https://m.media-amazon.com/images/I/71idPzLMjvL.jpg,297918,item_weight,68.0 gram
https://m.media-amazon.com/images/I/81wMxQfLgzL.jpg,297918,item_weight,10.0 gram
https://m.media-amazon.com/images/I/81Iz3apAdfL.jpg,297918,item_weight,52.0 gram
https://m.media-amazon.com/images/I/81+qH8mqXjL.jpg,297918,item_weight,52.0 gram
https://m.media-amazon.com/images/I/81Ayw9Qa+2L.jpg,297918,item_weight,1.83 ounce
https://m.media-amazon.com/images/I/71K6cXidupL.jpg,297918,item_weight,52.0 gram
https://m.media-amazon.com/images/I/818wLT2ACmL.jpg,297918,item_weight,52.0 gram
https://m.media-amazon.com/images/I/71OIHWuFgqL.jpg,297918,item_weight,62.0 gram
https://m.media-amazon.com/images/I/71S8Oirb3xL.jpg,297918,item_weight,20.0 gram
https://m.media-amazon.com/images/I/81BCeMF+sdL.jpg,297918,item_weight,20.0 gram
https://m.media-amazon.com/images/I/71HyNjyDqSL.jpg,297918,item_weight,57.0 gram
https://m.media-amazon.com/images/I/81jphZfcQiL.jpg,297918,item_weight,57.0 gram
https://m.media-amazon.com/images/I/71yO722otOL.jpg,297918,item_weight,57.0 gram
https://m.media-amazon.com/images/I/71gB-kzTR+L.jpg,297918,item_weight,35.0 gram
https://m.media-amazon.com/images/I/518kUhtAhOL.jpg,297918,item_weight,3.1 gram
https://m.media-amazon.com/images/I/71wlxX-vhNL.jpg,297918,item_weight,40.0 gram
https://m.media-amazon.com/images/I/8174PlC8ReL.jpg,297918,item_weight,45.0 gram
https://m.media-amazon.com/images/I/61IDiJTilcL.jpg,297918,item_weight,75.0 gram
https://m.media-amazon.com/images/I/71aDY5E9U6L.jpg,297918,item_weight,125.0 gram
https://m.media-amazon.com/images/I/61iPg8O75HL.jpg,297918,item_weight,125.0 gram
https://m.media-amazon.com/images/I/612y8CTa+7L.jpg,297918,item_weight,125.0 gram
https://m.media-amazon.com/images/I/71smoeD8iLL.jpg,297918,item_weight,125.0 gram
https://m.media-amazon.com/images/I/71a-tt0M+3L.jpg,297918,item_weight,52.0 gram
https://m.media-amazon.com/images/I/71ltpe3bQSL.jpg,297918,item_weight,52.0 gram
https://m.media-amazon.com/images/I/81p3oaGF1zL.jpg,297918,item_weight,1.83 ounce
https://m.media-amazon.com/images/I/71P4oq6FpkL.jpg,297918,item_weight,52.0 gram
https://m.media-amazon.com/images/I/81G7Y9Tf-rL.jpg,297918,item_weight,52.0 gram
https://m.media-amazon.com/images/I/71ilBiEJZQL.jpg,297918,item_weight,70.0 gram
https://m.media-amazon.com/images/I/71eB90HBw5L.jpg,297918,item_weight,40.0 gram
https://m.media-amazon.com/images/I/616-60-g-xL.jpg,297918,item_weight,40.0 gram
https://m.media-amazon.com/images/I/61rPZzujjnL.jpg,297918,item_weight,40.0 gram
https://m.media-amazon.com/images/I/71xmv5uLfIL.jpg,297918,item_weight,100.0 gram
https://m.media-amazon.com/images/I/51hnYEPZJGL.jpg,297918,item_weight,100.0 gram
https://m.media-amazon.com/images/I/71y9T0MqSxL.jpg,297918,item_weight,50.0 gram
https://m.media-amazon.com/images/I/71dYoLCA7EL.jpg,297918,item_weight,10.0 gram
https://m.media-amazon.com/images/I/71pCQwmU4iL.jpg,297918,item_weight,10.0 gram
https://m.media-amazon.com/images/I/81SIgbfjmlL.jpg,297918,item_weight,20.0 gram
https://m.media-amazon.com/images/I/71CI-fStBrL.jpg,297918,item_weight,2.0 gram
https://m.media-amazon.com/images/I/81-ZMR+gjPL.jpg,297918,item_weight,20.0 gram
https://m.media-amazon.com/images/I/61aU8RnARtL.jpg,297918,item_weight,20.0 gram
https://m.media-amazon.com/images/I/71cQneuIvzL.jpg,297918,item_weight,9.0 gram
https://m.media-amazon.com/images/I/51oQEN2gArL.jpg,297918,item_weight,3.0 gram
https://m.media-amazon.com/images/I/61gVwqgJcXL.jpg,297918,item_weight,600.0 gram
https://m.media-amazon.com/images/I/51aENa+CPtL.jpg,297918,item_weight,25.0 gram
https://m.media-amazon.com/images/I/81VNlCkDbKL.jpg,297918,item_weight,25.0 gram
https://m.media-amazon.com/images/I/91q8NOwloSL.jpg,297918,item_weight,25.0 gram
https://m.media-amazon.com/images/I/51VdTGImd0L.jpg,297918,item_weight,22.0 gram
https://m.media-amazon.com/images/I/51gi8CGyg9L.jpg,297918,item_weight,132.0 gram
https://m.media-amazon.com/images/I/51GJjEWR4eL.jpg,297918,item_weight,132.0 gram
https://m.media-amazon.com/images/I/51pShXEP8LL.jpg,297918,item_weight,132.0 gram
https://m.media-amazon.com/images/I/514OUkPxt9L.jpg,297918,item_weight,132.0 gram
https://m.media-amazon.com/images/I/6158Gs1R0wL.jpg,297918,item_weight,2.1 ounce
https://m.media-amazon.com/images/I/51I73Xckl-L.jpg,297918,item_weight,20.0 gram
https://m.media-amazon.com/images/I/71UxSHWQUSL.jpg,297918,item_weight,60.0 gram
https://m.media-amazon.com/images/I/81wkvbPlhDL.jpg,297918,item_weight,32.0 gram
https://m.media-amazon.com/images/I/514d6P6j9BL.jpg,297918,item_weight,1.83 ounce
https://m.media-amazon.com/images/I/71l9kyqF7YL.jpg,297918,item_weight,52.0 gram
https://m.media-amazon.com/images/I/71LSfQ0zTOL.jpg,297918,item_weight,624.0 gram
https://m.media-amazon.com/images/I/611JSz6GAmL.jpg,297918,item_weight,55.0 gram
https://m.media-amazon.com/images/I/61qUgib+soL.jpg,297918,item_weight,15.0 gram
https://m.media-amazon.com/images/I/617OEAeuWFL.jpg,297918,item_weight,15.0 gram
https://m.media-amazon.com/images/I/81mkNWLCTDL.jpg,297918,item_weight,25.0 gram
https://m.media-amazon.com/images/I/51FHcB5pgNL.jpg,297918,item_weight,100.0 gram
https://m.media-amazon.com/images/I/61Ot++rmQ7L.jpg,297918,item_weight,60.0 gram
https://m.media-amazon.com/images/I/91dW67an7eL.jpg,297918,item_weight,100.0 gram
https://m.media-amazon.com/images/I/61IZ0gzOG0L.jpg,297918,item_weight,50.0 gram
https://m.media-amazon.com/images/I/71DN+eBPVRL.jpg,297918,item_weight,100.0 gram
https://m.media-amazon.com/images/I/81pLiMgqitL.jpg,297918,item_weight,10.0 gram
https://m.media-amazon.com/images/I/91b7MAXE7lL.jpg,297918,item_weight,5.0 gram
https://m.media-amazon.com/images/I/710ZrIThxfL.jpg,297918,item_weight,50.0 gram
https://m.media-amazon.com/images/I/71umEySES4L.jpg,297918,item_weight,20.0 gram
https://m.media-amazon.com/images/I/61SxeffU8OL.jpg,297918,item_weight,100.0 gram
https://m.media-amazon.com/images/I/81395-kgK0L.jpg,297918,item_weight,40.0 gram
https://m.media-amazon.com/images/I/71UTLocFmUL.jpg,297918,item_weight,140.0 gram
https://m.media-amazon.com/images/I/517vkDrB5YL.jpg,297918,item_weight,55.0 gram
https://m.media-amazon.com/images/I/61UslIoO+ZL.jpg,297918,item_weight,15.0 gram
https://m.media-amazon.com/images/I/61WFJOBNH+L.jpg,297918,item_weight,55.0 gram
https://m.media-amazon.com/images/I/71xJyjONaFS.jpg,297918,item_weight,40.0 gram
https://m.media-amazon.com/images/I/71uJShH-JqL.jpg,297918,item_weight,40.0 gram
https://m.media-amazon.com/images/I/81GzNr12tEL.jpg,297918,item_weight,40.0 gram
https://m.media-amazon.com/images/I/713CxSAmkIL.jpg,297918,item_weight,2.0 gram
https://m.media-amazon.com/images/I/915Zz7qeMZL.jpg,297918,item_weight,40.0 gram
https://m.media-amazon.com/images/I/71vmwMXdKcL.jpg,297918,item_weight,65.0 gram
https://m.media-amazon.com/images/I/61AggFoR6xL.jpg,297918,item_weight,65.0 gram
https://m.media-amazon.com/images/I/71cyFmSQrpL.jpg,297918,item_weight,19.0 gram
https://m.media-amazon.com/images/I/71ijlU2D07L.jpg,297918,item_weight,100.0 gram
https://m.media-amazon.com/images/I/51BClaCjDBL.jpg,297918,item_weight,30.0 gram
https://m.media-amazon.com/images/I/51FMYuVjz4L.jpg,297918,item_weight,30.0 gram
https://m.media-amazon.com/images/I/51Kwlb0ZV2L.jpg,297918,item_weight,21014.0 gram
https://m.media-amazon.com/images/I/71sLWONZlbL.jpg,297918,item_weight,60.0 gram
https://m.media-amazon.com/images/I/81ol1ldQqCL.jpg,297918,item_weight,60.0 gram
https://m.media-amazon.com/images/I/71Wne9DdGXL.jpg,297918,item_weight,43.0 gram
https://m.media-amazon.com/images/I/71kTWfrU9gL.jpg,297918,item_weight,1.06 ounce
https://m.media-amazon.com/images/I/71L8ptY0LvL.jpg,297918,item_weight,1.06 ounce
https://m.media-amazon.com/images/I/71oLIeMYvUL.jpg,297918,item_weight,30.0 gram
https://m.media-amazon.com/images/I/81HC9ffGubL.jpg,297918,item_weight,30.0 gram
https://m.media-amazon.com/images/I/71ByU4NMJ3S.jpg,297918,item_weight,2.0 gram
https://m.media-amazon.com/images/I/81sctfv3hiL.jpg,297918,item_weight,38.0 gram
https://m.media-amazon.com/images/I/81cuGw2QcWL.jpg,297918,item_weight,38.0 gram
https://m.media-amazon.com/images/I/81+8VAoCigL.jpg,297918,item_weight,38.0 gram
https://m.media-amazon.com/images/I/71ddCBDRuiL.jpg,297918,item_weight,40.0 gram
https://m.media-amazon.com/images/I/81okKH4iuVL.jpg,297918,item_weight,18.0 gram
https://m.media-amazon.com/images/I/81U51YIeRJL.jpg,297918,item_weight,18.0 gram
https://m.media-amazon.com/images/I/716XwT0M3BL.jpg,297918,item_weight,18.0 gram
https://m.media-amazon.com/images/I/81MvX6zcCFL.jpg,297918,item_weight,18.0 gram
https://m.media-amazon.com/images/I/61U52Wun6PL.jpg,297918,item_weight,58.0 gram
https://m.media-amazon.com/images/I/71IjminSwEL.jpg,297918,item_weight,2.05 ounce
https://m.media-amazon.com/images/I/811CxoKe6TL.jpg,297918,item_weight,58.0 gram
https://m.media-amazon.com/images/I/61muNqcogIL.jpg,297918,item_weight,20.0 gram
https://m.media-amazon.com/images/I/31V9VWMx4xL.jpg,297918,item_weight,250.0 gram
https://m.media-amazon.com/images/I/31uabw8ahEL.jpg,297918,item_weight,120.0 gram
https://m.media-amazon.com/images/I/51xI99VGDGL.jpg,297918,item_weight,8.0 gram
https://m.media-amazon.com/images/I/71A8-52IYEL.jpg,297918,item_weight,35.0 gram
https://m.media-amazon.com/images/I/71DoQfyTAcL.jpg,297918,item_weight,45.0 gram
https://m.media-amazon.com/images/I/61oC0oW2yUL.jpg,297918,item_weight,45.0 gram
https://m.media-amazon.com/images/I/7133JEhPvUL.jpg,297918,item_weight,45.0 gram
