image_link,group_id,entity_name,entity_value
https://m.media-amazon.com/images/I/51riL6AeAJL.jpg,295706,width,10.0 centimetre
https://m.media-amazon.com/images/I/51loTX1gJCL.jpg,295706,width,61.0 millimetre
https://m.media-amazon.com/images/I/51crNq0TZlL.jpg,295706,width,11.8 inch
https://m.media-amazon.com/images/I/51xN6WTuaLL.jpg,295706,width,20.0 centimetre
https://m.media-amazon.com/images/I/614nDvcRNnL.jpg,295706,width,8.0 inch
https://m.media-amazon.com/images/I/61EGtU6Am1L.jpg,295706,width,6.8 centimetre
https://m.media-amazon.com/images/I/51Vd1iOQkgL.jpg,295706,width,100.0 millimetre
https://m.media-amazon.com/images/I/51DhTAhw3tL.jpg,295706,width,29.0 centimetre
https://m.media-amazon.com/images/I/51-TqlthO-L.jpg,295706,width,68.0 millimetre
https://m.media-amazon.com/images/I/51-TqlthO-L.jpg,295706,height,20.0 millimetre
https://m.media-amazon.com/images/I/51OCJfocgPL.jpg,295706,width,95.0 millimetre
https://m.media-amazon.com/images/I/418VHYvqW+L.jpg,295706,width,65.0 millimetre
https://m.media-amazon.com/images/I/617Pm7uWWSL.jpg,295706,width,41.0 centimetre
https://m.media-amazon.com/images/I/41cJo5H7wdL.jpg,295706,width,30.0 centimetre
https://m.media-amazon.com/images/I/51Tll3S04CL.jpg,295706,width,90.0 millimetre
https://m.media-amazon.com/images/I/51Tll3S04CL.jpg,295706,height,90.0 millimetre
https://m.media-amazon.com/images/I/51IuuCk0qPL.jpg,295706,width,113.0 millimetre
https://m.media-amazon.com/images/I/51BCdOHcfzL.jpg,295706,width,140.0 millimetre
https://m.media-amazon.com/images/I/51vwhOy3WAL.jpg,295706,width,5.5 centimetre
https://m.media-amazon.com/images/I/41I+bK0YnyL.jpg,295706,width,83.0 millimetre
https://m.media-amazon.com/images/I/61DpAMDJK+L.jpg,295706,width,85.0 millimetre
https://m.media-amazon.com/images/I/51Y6IX+6o1L.jpg,295706,width,83.0 millimetre
https://m.media-amazon.com/images/I/41ME0JK-moS.jpg,295706,width,60.0 millimetre
https://m.media-amazon.com/images/I/51NDQ3I+4BL.jpg,295706,width,62.5 millimetre
https://m.media-amazon.com/images/I/61AyH6D2YqL.jpg,295706,width,44.0 millimetre
https://m.media-amazon.com/images/I/619YGkCz80L.jpg,295706,width,70.0 millimetre
https://m.media-amazon.com/images/I/51Ne2SmvftL.jpg,295706,width,0.5 metre
https://m.media-amazon.com/images/I/61AW33gokVL.jpg,295706,width,150.0 millimetre
https://m.media-amazon.com/images/I/51T65WtX-EL.jpg,295706,width,63.0 millimetre
https://m.media-amazon.com/images/I/51pH6D63gcL.jpg,295706,width,70.0 millimetre
https://m.media-amazon.com/images/I/51qnafw-oyL.jpg,295706,width,158.0 millimetre
https://m.media-amazon.com/images/I/611aXOoZ54L.jpg,295706,width,52.0 millimetre
https://m.media-amazon.com/images/I/515iZu70WAL.jpg,295706,width,120.0 millimetre
https://m.media-amazon.com/images/I/51GMziWs5qL.jpg,295706,width,210.0 millimetre
https://m.media-amazon.com/images/I/51sIEJ6Hk4L.jpg,295706,width,12.0 centimetre
https://m.media-amazon.com/images/I/51Syg2wcLWL.jpg,295706,width,4.0 inch
https://m.media-amazon.com/images/I/51Dvg9DjlZL.jpg,295706,width,29.5 centimetre
https://m.media-amazon.com/images/I/51J92Yn0HoL.jpg,295706,width,80.0 millimetre
https://m.media-amazon.com/images/I/51skSNFXDfS.jpg,295706,width,200.0 millimetre
https://m.media-amazon.com/images/I/518p9B3O0iL.jpg,295706,width,125.0 millimetre
https://m.media-amazon.com/images/I/51SCnKtp72L.jpg,295706,width,2.6 inch
https://m.media-amazon.com/images/I/61EOlAlUluL.jpg,295706,width,66.0 millimetre
https://m.media-amazon.com/images/I/617+PrRHARL.jpg,295706,width,4.7 inch
https://m.media-amazon.com/images/I/617+PrRHARL.jpg,295706,height,15.7 inch
https://m.media-amazon.com/images/I/51pOvsFQoNS.jpg,295706,width,150.0 millimetre
https://m.media-amazon.com/images/I/517vyJJK0dL.jpg,295706,width,6.0 inch
https://m.media-amazon.com/images/I/61CKN9C1N1L.jpg,295706,width,100.0 millimetre
https://m.media-amazon.com/images/I/51PkSdRSCQL.jpg,295706,width,150.0 millimetre
https://m.media-amazon.com/images/I/51rm6zWmrrL.jpg,295706,width,300.0 millimetre
https://m.media-amazon.com/images/I/51HoimyaJ1S.jpg,295706,width,75.0 millimetre
https://m.media-amazon.com/images/I/614ZFi7qNaL.jpg,295706,width,6.0 centimetre
https://m.media-amazon.com/images/I/51+fg0Ps7AL.jpg,295706,width,280.0 millimetre
https://m.media-amazon.com/images/I/41XU50f69UL.jpg,295706,width,135.0 millimetre
https://m.media-amazon.com/images/I/51PBJ+FWEoL.jpg,295706,width,37.0 millimetre
https://m.media-amazon.com/images/I/51PBJ+FWEoL.jpg,295706,height,37.0 millimetre
https://m.media-amazon.com/images/I/61C5+DDGvaL.jpg,295706,width,12.5 inch
https://m.media-amazon.com/images/I/6127ZpzWOZL.jpg,295706,width,220.0 millimetre
https://m.media-amazon.com/images/I/51H7-ldu3ML.jpg,295706,width,69.0 millimetre
https://m.media-amazon.com/images/I/41A+PsUh05S.jpg,295706,width,85.0 millimetre
https://m.media-amazon.com/images/I/51dxrDObGpL.jpg,295706,width,38.0 millimetre
https://m.media-amazon.com/images/I/512PxYls9+L.jpg,295706,width,230.0 millimetre
https://m.media-amazon.com/images/I/51NU0YB7cxL.jpg,295706,width,191.0 millimetre
https://m.media-amazon.com/images/I/41MxEu95R-L.jpg,295706,width,9.8 centimetre
https://m.media-amazon.com/images/I/61+K1kgtrSL.jpg,295706,width,380.0 millimetre
https://m.media-amazon.com/images/I/51L1XSd6VyL.jpg,295706,width,150.0 millimetre
https://m.media-amazon.com/images/I/61CjALd5vWL.jpg,295706,width,110.0 millimetre
https://m.media-amazon.com/images/I/41ydDlQwaQL.jpg,295706,width,95.0 millimetre
https://m.media-amazon.com/images/I/5117jGoc6pL.jpg,295706,width,107.0 millimetre
https://m.media-amazon.com/images/I/51Z29YT+chL.jpg,295706,width,300.0 millimetre
https://m.media-amazon.com/images/I/51dhgzwyS7L.jpg,295706,width,160.0 millimetre
https://m.media-amazon.com/images/I/610d0BqwHkL.jpg,295706,width,1.96 inch
https://m.media-amazon.com/images/I/610d0BqwHkL.jpg,295706,height,1.18 inch
https://m.media-amazon.com/images/I/51vomZZA6bL.jpg,295706,width,19.0 inch
https://m.media-amazon.com/images/I/61EiBT1BivL.jpg,295706,width,4.5 inch
https://m.media-amazon.com/images/I/61+mPyYIbSL.jpg,295706,height,24.0 inch
https://m.media-amazon.com/images/I/517HVakT5IL.jpg,295706,width,7.9 inch
https://m.media-amazon.com/images/I/61DWmmcVFQS.jpg,295706,width,150.0 millimetre
https://m.media-amazon.com/images/I/516nqJIEFuL.jpg,295706,width,37.0 millimetre
https://m.media-amazon.com/images/I/61+PDixopqL.jpg,295706,width,400.0 millimetre
https://m.media-amazon.com/images/I/51PeXreC+nL.jpg,295706,width,149.0 millimetre
https://m.media-amazon.com/images/I/51PeXreC+nL.jpg,295706,height,84.0 millimetre
https://m.media-amazon.com/images/I/514McOCblSL.jpg,295706,width,49.0 millimetre
https://m.media-amazon.com/images/I/61-Cbke2ceL.jpg,295706,width,57.0 millimetre
https://m.media-amazon.com/images/I/41fh4g-POTL.jpg,295706,width,8.3 centimetre
https://m.media-amazon.com/images/I/619Ab7DiZtL.jpg,295706,width,7.9 inch
https://m.media-amazon.com/images/I/619Ab7DiZtL.jpg,295706,height,10.0 inch
https://m.media-amazon.com/images/I/51aR5zmAlPL.jpg,295706,width,200.0 millimetre
https://m.media-amazon.com/images/I/51+OEHzC+iL.jpg,295706,width,20.0 centimetre
https://m.media-amazon.com/images/I/614ueaBj2iL.jpg,295706,width,150.0 millimetre
https://m.media-amazon.com/images/I/51wjib5FBqL.jpg,295706,width,5.91 inch
https://m.media-amazon.com/images/I/61-ZXBUy+KL.jpg,295706,width,137.0 millimetre
https://m.media-amazon.com/images/I/51XjH5xgkZL.jpg,295706,width,63.0 millimetre
https://m.media-amazon.com/images/I/51WytoZf86L.jpg,295706,width,5.7 centimetre
https://m.media-amazon.com/images/I/41dpqh3CZDL.jpg,295706,width,210.0 millimetre
https://m.media-amazon.com/images/I/51CVC6Zlt+L.jpg,295706,width,263.0 millimetre
https://m.media-amazon.com/images/I/51zccdf0XnL.jpg,295706,width,38.0 millimetre
https://m.media-amazon.com/images/I/51jPvMODC-L.jpg,295706,width,65.0 millimetre
https://m.media-amazon.com/images/I/51ZT+HhNGxL.jpg,295706,width,120.0 millimetre
https://m.media-amazon.com/images/I/51j6iMkHMnL.jpg,295706,width,220.0 millimetre
https://m.media-amazon.com/images/I/51RFSZ3qKFL.jpg,295706,width,23.0 centimetre
https://m.media-amazon.com/images/I/51gZBntwv1L.jpg,295706,width,20.0 centimetre
https://m.media-amazon.com/images/I/61BqwJhxhLL.jpg,295706,width,10.7 centimetre
https://m.media-amazon.com/images/I/51TKkRTQzqL.jpg,295706,width,10.0 centimetre
https://m.media-amazon.com/images/I/51NNc0+VpLL.jpg,295706,width,60.0 millimetre
https://m.media-amazon.com/images/I/6175u+k1B9L.jpg,295706,width,2.0 inch
https://m.media-amazon.com/images/I/610kmkLQ1XL.jpg,295706,width,7.43 inch
https://m.media-amazon.com/images/I/51o8a9xHodL.jpg,295706,width,290.0 millimetre
https://m.media-amazon.com/images/I/51o8a9xHodL.jpg,295706,height,100.0 millimetre
https://m.media-amazon.com/images/I/5137m7awUfL.jpg,295706,width,50.0 centimetre
https://m.media-amazon.com/images/I/51K-YKIn2hL.jpg,295706,width,20.0 centimetre
https://m.media-amazon.com/images/I/61-hTMLilwL.jpg,295706,width,160.0 millimetre
https://m.media-amazon.com/images/I/51AGxB9QylS.jpg,295706,width,28.0 millimetre
https://m.media-amazon.com/images/I/619sJ99tGpL.jpg,295706,width,110.0 millimetre
https://m.media-amazon.com/images/I/513PeBcARjL.jpg,295706,width,50.0 millimetre
https://m.media-amazon.com/images/I/517aa-e0T+L.jpg,295706,width,130.0 millimetre
https://m.media-amazon.com/images/I/61ClDDvXPDL.jpg,295706,width,10.7 inch
https://m.media-amazon.com/images/I/51SuEFXQ76L.jpg,295706,width,93.0 millimetre
https://m.media-amazon.com/images/I/613-t0e9bTL.jpg,295706,width,53.0 millimetre
https://m.media-amazon.com/images/I/5103okhTH0L.jpg,295706,width,151.0 millimetre
https://m.media-amazon.com/images/I/51PVN9cRuoL.jpg,295706,width,121.5 millimetre
https://m.media-amazon.com/images/I/51aL9DJ9Z0L.jpg,295706,width,11.5 centimetre
https://m.media-amazon.com/images/I/51WUPLlVbqL.jpg,295706,width,100.0 millimetre
https://m.media-amazon.com/images/I/51JVlJutPBL.jpg,295706,width,108.0 millimetre
https://m.media-amazon.com/images/I/51skAq3LqOL.jpg,295706,height,263.0 millimetre
https://m.media-amazon.com/images/I/51QDXrvDDyL.jpg,295706,height,4.76 inch
https://m.media-amazon.com/images/I/511oGLFD9hL.jpg,295706,height,110.0 millimetre
https://m.media-amazon.com/images/I/51jU1Ac51aL.jpg,295706,height,5.5 centimetre
https://m.media-amazon.com/images/I/61+Fchu4ibL.jpg,295706,height,35.0 centimetre
https://m.media-amazon.com/images/I/51WfLVIPaSS.jpg,295706,height,7.5 centimetre
https://m.media-amazon.com/images/I/51GbrNwTAyL.jpg,295706,height,25.0 millimetre
https://m.media-amazon.com/images/I/51b3R3FbCVL.jpg,295706,height,35.0 millimetre
https://m.media-amazon.com/images/I/616HNrqM9FL.jpg,295706,height,88.0 millimetre
https://m.media-amazon.com/images/I/41t1nCZE1QL.jpg,295706,height,70.0 millimetre
https://m.media-amazon.com/images/I/61Dp92XxdLL.jpg,295706,height,32.0 millimetre
https://m.media-amazon.com/images/I/619R3YavMkL.jpg,295706,height,50.5 centimetre
https://m.media-amazon.com/images/I/51Klo5AamqL.jpg,295706,height,200.0 millimetre
https://m.media-amazon.com/images/I/518egcclubL.jpg,295706,height,36.0 millimetre
https://m.media-amazon.com/images/I/51-IpnkSb-L.jpg,295706,height,180.0 millimetre
https://m.media-amazon.com/images/I/617j2PgHnJL.jpg,295706,height,75.0 millimetre
https://m.media-amazon.com/images/I/4153zQH0mnL.jpg,295706,height,270.0 millimetre
https://m.media-amazon.com/images/I/612qIKOzitL.jpg,295706,height,24.0 millimetre
https://m.media-amazon.com/images/I/6191BwlFgML.jpg,295706,height,84.0 millimetre
https://m.media-amazon.com/images/I/51NXD0H5mkL.jpg,295706,height,55.0 millimetre
https://m.media-amazon.com/images/I/512g9A+Dx6L.jpg,295706,height,7.0 centimetre
https://m.media-amazon.com/images/I/615T1EJjUxL.jpg,295706,height,84.0 millimetre
https://m.media-amazon.com/images/I/517Oa+Pmd6L.jpg,295706,height,175.0 millimetre
https://m.media-amazon.com/images/I/51t68p8q1NL.jpg,295706,height,37.0 millimetre
https://m.media-amazon.com/images/I/51IH8DeRGkL.jpg,295706,height,37.0 millimetre
https://m.media-amazon.com/images/I/61-d+xw-PRL.jpg,295706,height,5.5 centimetre
https://m.media-amazon.com/images/I/61+I63rXzEL.jpg,295706,height,120.0 millimetre
https://m.media-amazon.com/images/I/515VZHzS3tL.jpg,295706,height,3.04 centimetre
https://m.media-amazon.com/images/I/51pAtcpQ7SL.jpg,295706,height,25.0 millimetre
https://m.media-amazon.com/images/I/51JJKkrMthL.jpg,295706,height,18.0 millimetre
https://m.media-amazon.com/images/I/51vU9pBrFZL.jpg,295706,height,37.0 millimetre
https://m.media-amazon.com/images/I/41vY5iEolQL.jpg,295706,height,41.0 millimetre
https://m.media-amazon.com/images/I/51fDwnxDWNL.jpg,295706,height,194.0 millimetre
https://m.media-amazon.com/images/I/51N0k3t6sdL.jpg,295706,height,12.0 millimetre
https://m.media-amazon.com/images/I/61CSZwr0fAL.jpg,295706,height,14.0 millimetre
https://m.media-amazon.com/images/I/616O094S8+L.jpg,295706,height,0.55 inch
https://m.media-amazon.com/images/I/51idg7OW1hL.jpg,295706,height,66.0 millimetre
https://m.media-amazon.com/images/I/51PX8wEDVpL.jpg,295706,height,55.0 millimetre
https://m.media-amazon.com/images/I/51pVDwVUYvL.jpg,295706,height,9.6 centimetre
https://m.media-amazon.com/images/I/61FdQoU8R5L.jpg,295706,height,12.0 millimetre
https://m.media-amazon.com/images/I/51otsGLhv2L.jpg,295706,height,55.0 millimetre
https://m.media-amazon.com/images/I/51E4YauqtXL.jpg,295706,height,58.0 millimetre
https://m.media-amazon.com/images/I/51xXjq4Wx9L.jpg,295706,height,10.31 centimetre
https://m.media-amazon.com/images/I/51VDXOh81kL.jpg,295706,height,2.6 inch
https://m.media-amazon.com/images/I/51S4l-LIMPL.jpg,295706,height,36.0 millimetre
https://m.media-amazon.com/images/I/51NMVaR4ZYL.jpg,295706,height,160.0 millimetre
https://m.media-amazon.com/images/I/617epcwwoXL.jpg,295706,height,16.0 millimetre
https://m.media-amazon.com/images/I/51qnV51cxCL.jpg,295706,height,28.0 millimetre
https://m.media-amazon.com/images/I/511W8EvE-1L.jpg,295706,height,35.0 millimetre
https://m.media-amazon.com/images/I/51y1CRGlOPL.jpg,295706,height,30.0 millimetre
https://m.media-amazon.com/images/I/51J8n8PRSqL.jpg,295706,height,2.4 inch
https://m.media-amazon.com/images/I/613vdJhBnDL.jpg,295706,height,50.0 millimetre
https://m.media-amazon.com/images/I/41w6anZKeJS.jpg,295706,height,9.6 centimetre
https://m.media-amazon.com/images/I/51qJwkATIiL.jpg,295706,height,24.0 millimetre
https://m.media-amazon.com/images/I/51CsFo+J7mL.jpg,295706,height,160.0 millimetre
https://m.media-amazon.com/images/I/51XUSlMcX3L.jpg,295706,height,0.79 inch
https://m.media-amazon.com/images/I/41jKyiHn6OL.jpg,295706,height,3.3 inch
https://m.media-amazon.com/images/I/512uPZZKH4L.jpg,295706,height,433.0 millimetre
https://m.media-amazon.com/images/I/41EgZD9OV4L.jpg,295706,height,68.0 millimetre
https://m.media-amazon.com/images/I/51yJD8gAtKL.jpg,295706,height,200.0 millimetre
https://m.media-amazon.com/images/I/51d+qM-uZwL.jpg,295706,height,80.0 millimetre
https://m.media-amazon.com/images/I/51X7EYxXsxL.jpg,295706,height,50.0 millimetre
https://m.media-amazon.com/images/I/51G6ORqdZWL.jpg,295706,height,7.0 centimetre
https://m.media-amazon.com/images/I/61E3uki+gzL.jpg,295706,height,2.48 inch
https://m.media-amazon.com/images/I/616rdX46tnL.jpg,295706,height,260.0 millimetre
https://m.media-amazon.com/images/I/51Zgg0u9tWL.jpg,295706,height,300.0 millimetre
https://m.media-amazon.com/images/I/61+dmCTRIBL.jpg,295706,height,24.0 millimetre
https://m.media-amazon.com/images/I/41+Od7vxeJL.jpg,295706,height,68.0 millimetre
https://m.media-amazon.com/images/I/51CIty9yaxL.jpg,295706,height,60.0 millimetre
https://m.media-amazon.com/images/I/51zvbYqUt5L.jpg,295706,height,178.0 millimetre
https://m.media-amazon.com/images/I/618tOhI5LbS.jpg,295706,height,3.34 inch
https://m.media-amazon.com/images/I/51PpEliYKuL.jpg,295706,height,85.0 millimetre
https://m.media-amazon.com/images/I/51AaImsH36L.jpg,295706,height,3.5 centimetre
https://m.media-amazon.com/images/I/51XVcNQT-qL.jpg,295706,height,175.0 millimetre
https://m.media-amazon.com/images/I/51L-86YWQ6L.jpg,295706,height,1.6 inch
https://m.media-amazon.com/images/I/51IHwBwQdXL.jpg,295706,height,0.5 inch
https://m.media-amazon.com/images/I/51-iu4Xna5L.jpg,295706,height,126.0 millimetre
https://m.media-amazon.com/images/I/51u6NoHd7JL.jpg,295706,height,83.0 millimetre
https://m.media-amazon.com/images/I/517RwlS--fL.jpg,295706,height,4.0 inch
https://m.media-amazon.com/images/I/61EebyPbVJL.jpg,295706,height,50.0 millimetre
https://m.media-amazon.com/images/I/51IMCvB3fAL.jpg,295706,height,87.0 millimetre
https://m.media-amazon.com/images/I/61G78Gs3gyL.jpg,295706,height,13.0 centimetre
https://m.media-amazon.com/images/I/51wtxQlf7cL.jpg,295706,height,7.0 centimetre
https://m.media-amazon.com/images/I/61CVub4EQbL.jpg,295706,height,260.0 millimetre
https://m.media-amazon.com/images/I/51P2vx0yijS.jpg,295706,height,70.0 millimetre
https://m.media-amazon.com/images/I/51IB4KuoSTL.jpg,295706,height,266.0 millimetre
https://m.media-amazon.com/images/I/51h-uqJZMgL.jpg,295706,height,80.0 millimetre
https://m.media-amazon.com/images/I/515HzDQNOjL.jpg,295706,height,15.5 millimetre
https://m.media-amazon.com/images/I/51ula4G59XL.jpg,295706,height,100.0 millimetre
https://m.media-amazon.com/images/I/51D3ftwqCiL.jpg,295706,height,180.0 millimetre
https://m.media-amazon.com/images/I/41bwpyWBU4L.jpg,295706,height,86.97 millimetre
https://m.media-amazon.com/images/I/511qidX1dvL.jpg,295706,height,47.0 millimetre
https://m.media-amazon.com/images/I/51rMH7xdzBL.jpg,295706,height,6.0 centimetre
https://m.media-amazon.com/images/I/5129wP8girL.jpg,295706,height,7.4 centimetre
https://m.media-amazon.com/images/I/51Avtgmqy3L.jpg,295706,height,25.0 millimetre
https://m.media-amazon.com/images/I/51EX14Ipl7L.jpg,295706,height,32.0 millimetre
https://m.media-amazon.com/images/I/513dPxVl5LL.jpg,295706,height,100.0 millimetre
https://m.media-amazon.com/images/I/613Ka0UgCpL.jpg,295706,height,85.0 millimetre
https://m.media-amazon.com/images/I/51pOwfXFRpL.jpg,295706,height,10.5 centimetre
https://m.media-amazon.com/images/I/51EqbihIa4L.jpg,295706,height,1.89 inch
https://m.media-amazon.com/images/I/51j8QmA1j9S.jpg,295706,height,130.0 millimetre
https://m.media-amazon.com/images/I/61-bRRHHslL.jpg,295706,height,17.8 inch
https://m.media-amazon.com/images/I/51ZkhYqpSYL.jpg,295706,height,100.0 millimetre
https://m.media-amazon.com/images/I/51TBPov-dmL.jpg,295706,height,176.0 millimetre
https://m.media-amazon.com/images/I/517HULftG1L.jpg,295706,height,2.75 inch
https://m.media-amazon.com/images/I/61+gBvSyrML.jpg,295706,height,0.5 inch
https://m.media-amazon.com/images/I/51FAY2Z1eHL.jpg,295706,height,35.0 millimetre
https://m.media-amazon.com/images/I/51-almmdwLL.jpg,295706,height,70.0 millimetre
https://m.media-amazon.com/images/I/51BRnLyoy+S.jpg,295706,height,170.0 millimetre
https://m.media-amazon.com/images/I/51FwP+hFVfS.jpg,295706,height,12.0 millimetre
https://m.media-amazon.com/images/I/61EO35QO+6L.jpg,295706,height,24.0 millimetre
https://m.media-amazon.com/images/I/51cOCrQR3lL.jpg,295706,height,140.0 millimetre
https://m.media-amazon.com/images/I/513qZMDdWAL.jpg,295706,height,75.0 millimetre
https://m.media-amazon.com/images/I/41pipAzpB1L.jpg,295706,height,260.0 millimetre
https://m.media-amazon.com/images/I/51jC-OirHDL.jpg,295706,height,26.0 millimetre
https://m.media-amazon.com/images/I/511kh4pIjOS.jpg,295706,height,76.0 millimetre
https://m.media-amazon.com/images/I/51LRy2sGyBL.jpg,295706,height,150.0 millimetre
https://m.media-amazon.com/images/I/51ThrnNj1yL.jpg,295706,height,6.3 inch
https://m.media-amazon.com/images/I/51gbUrYCJKL.jpg,295706,height,23.0 millimetre
https://m.media-amazon.com/images/I/51g+EsTWAlL.jpg,295706,height,15.0 inch
https://m.media-amazon.com/images/I/618+ncwlG1L.jpg,295706,height,80.0 millimetre
https://m.media-amazon.com/images/I/51A1NIeCXRL.jpg,295706,height,2.0 inch
https://m.media-amazon.com/images/I/51ARH18JeeL.jpg,295706,height,70.0 millimetre
https://m.media-amazon.com/images/I/6169ipKtJ2S.jpg,295706,height,54.0 millimetre
https://m.media-amazon.com/images/I/41E+rrwa9EL.jpg,295706,height,23.0 millimetre
https://m.media-amazon.com/images/I/51bqYq4m7XL.jpg,295706,height,21.6 millimetre
https://m.media-amazon.com/images/I/51ZdHxAr6rL.jpg,295706,height,110.0 millimetre
https://m.media-amazon.com/images/I/615retZr9UL.jpg,295706,height,80.0 millimetre
https://m.media-amazon.com/images/I/61Cdtq-IqeL.jpg,295706,height,4.34 inch
https://m.media-amazon.com/images/I/417DFSZAzXL.jpg,295706,height,2.36 inch
https://m.media-amazon.com/images/I/61ElAeBzMzL.jpg,295706,height,3.4 centimetre
https://m.media-amazon.com/images/I/61AXkwft0mL.jpg,295706,height,1.0 inch
https://m.media-amazon.com/images/I/518aey1JJPL.jpg,295706,height,0.5 metre
https://m.media-amazon.com/images/I/51K8ZGUrniL.jpg,295706,height,2.4 inch
https://m.media-amazon.com/images/I/51wNZ9RvCwL.jpg,295706,height,105.0 millimetre
https://m.media-amazon.com/images/I/41gTWxoGBnL.jpg,295706,height,65.0 millimetre
https://m.media-amazon.com/images/I/51gSTMH7-mL.jpg,295706,height,2.75 inch
https://m.media-amazon.com/images/I/41W+uJIJXeL.jpg,295706,height,2.36 inch
https://m.media-amazon.com/images/I/51Wlm76gzxL.jpg,295706,height,106.0 millimetre
https://m.media-amazon.com/images/I/619ZOxy9G3L.jpg,295706,height,93.0 millimetre
https://m.media-amazon.com/images/I/61C2r+AFWYL.jpg,295706,height,33.0 millimetre
https://m.media-amazon.com/images/I/51ZyIb6QPwL.jpg,295706,height,25.0 millimetre
https://m.media-amazon.com/images/I/618gV7jt5zL.jpg,295706,height,20.0 millimetre
https://m.media-amazon.com/images/I/51w4lWsSwtS.jpg,295706,height,50.0 millimetre
https://m.media-amazon.com/images/I/51Oz8EnroxL.jpg,295706,height,117.0 millimetre
https://m.media-amazon.com/images/I/516tXWgGtHL.jpg,295706,height,70.0 millimetre
https://m.media-amazon.com/images/I/51tgUb9vfaL.jpg,295706,height,16.0 centimetre
https://m.media-amazon.com/images/I/517QOVZ7zSL.jpg,295706,height,24.0 millimetre
https://m.media-amazon.com/images/I/41ccDMuUmeS.jpg,295706,height,85.0 millimetre
https://m.media-amazon.com/images/I/51Rs7uQfmbL.jpg,295706,height,90.0 millimetre
https://m.media-amazon.com/images/I/511A8o7cJ5L.jpg,295706,height,37.0 millimetre
https://m.media-amazon.com/images/I/51JzTxZoJnL.jpg,295706,height,19.0 millimetre
https://m.media-amazon.com/images/I/51eewtbHT3L.jpg,295706,height,140.0 millimetre
https://m.media-amazon.com/images/I/51k4zNSg9PL.jpg,295706,height,11.0 centimetre
https://m.media-amazon.com/images/I/612FgnI-OEL.jpg,295706,height,140.0 millimetre
https://m.media-amazon.com/images/I/61FzKrxxOeL.jpg,295706,height,298.0 millimetre
https://m.media-amazon.com/images/I/51aQZgRWRrL.jpg,295706,height,37.0 millimetre
https://m.media-amazon.com/images/I/51T8EA8dZCL.jpg,295706,height,1.5 inch
https://m.media-amazon.com/images/I/61F7L3K0VpL.jpg,295706,height,30.0 centimetre
https://m.media-amazon.com/images/I/51vPk1kq-wL.jpg,295706,height,113.0 millimetre
https://m.media-amazon.com/images/I/51FI6kwczFS.jpg,295706,height,110.0 millimetre
https://m.media-amazon.com/images/I/61E6ZlBlSeL.jpg,295706,height,25.0 millimetre
https://m.media-amazon.com/images/I/51GJkrpiUwL.jpg,295706,height,85.0 millimetre
https://m.media-amazon.com/images/I/51ECGMAt4EL.jpg,295706,height,13.0 inch
https://m.media-amazon.com/images/I/51atPwBi79S.jpg,295706,height,35.0 millimetre
https://m.media-amazon.com/images/I/51mIEORl76L.jpg,295706,height,85.0 millimetre
https://m.media-amazon.com/images/I/61E0Pnib8zL.jpg,295706,height,500.0 millimetre
https://m.media-amazon.com/images/I/518TvpJad1L.jpg,295706,height,75.0 millimetre
https://m.media-amazon.com/images/I/61DXCRtKMAL.jpg,295706,height,9.0 centimetre
https://m.media-amazon.com/images/I/51sXeH15kUL.jpg,295706,height,9.0 centimetre
