image_link,group_id,entity_name,entity_value
https://m.media-amazon.com/images/I/613GwCN-vpL.jpg,292026,width,180.7 centimetre
https://m.media-amazon.com/images/I/51G5WZ2VXRL.jpg,292026,width,16.5 inch
https://m.media-amazon.com/images/I/61EkTKMzaNL.jpg,292026,width,13.0 centimetre
https://m.media-amazon.com/images/I/51Y5hhrRKjL.jpg,292026,width,21.4 inch
https://m.media-amazon.com/images/I/51Y5hhrRKjL.jpg,292026,height,44.5 inch
https://m.media-amazon.com/images/I/6136BH7nijL.jpg,292026,width,100.0 millimetre
https://m.media-amazon.com/images/I/41TAVdAN4KL.jpg,292026,width,130.0 centimetre
https://m.media-amazon.com/images/I/615Jp2fbT-L.jpg,292026,width,8.0 centimetre
https://m.media-amazon.com/images/I/51qYmLOba8S.jpg,292026,width,30.0 centimetre
https://m.media-amazon.com/images/I/51BXHahB-JL.jpg,292026,width,8.3 inch
https://m.media-amazon.com/images/I/61A+BK7vTBL.jpg,292026,width,2.0 inch
https://m.media-amazon.com/images/I/613ZuMaiLyL.jpg,292026,width,15.0 centimetre
https://m.media-amazon.com/images/I/618YSsk8K-L.jpg,292026,width,180.7 centimetre
https://m.media-amazon.com/images/I/611ZN9kcx6L.jpg,292026,width,8.0 millimetre
https://m.media-amazon.com/images/I/51g7W4uJdUL.jpg,292026,width,41.0 inch
https://m.media-amazon.com/images/I/611O+WPpaDL.jpg,292026,width,3.0 inch
https://m.media-amazon.com/images/I/6146FRNaj7L.jpg,292026,height,29.0 centimetre
https://m.media-amazon.com/images/I/61+IKL3ZGbS.jpg,292026,height,3.0 metre
https://m.media-amazon.com/images/I/51xjv5kxYPL.jpg,292026,height,2.0 metre
https://m.media-amazon.com/images/I/51YWJZe0eGL.jpg,292026,height,11.0 inch
https://m.media-amazon.com/images/I/61E+fUwnuAL.jpg,292026,height,48.0 inch
https://m.media-amazon.com/images/I/51M4j+ORSHL.jpg,292026,height,131.0 centimetre
https://m.media-amazon.com/images/I/51-kH3G-wVL.jpg,292026,height,16.5 centimetre
https://m.media-amazon.com/images/I/61CTDhQKTqL.jpg,292026,height,82.6 inch
https://m.media-amazon.com/images/I/51EH4lIuEZL.jpg,292026,height,47.0 centimetre
https://m.media-amazon.com/images/I/61+GyqyqNHL.jpg,292026,height,230.0 centimetre
https://m.media-amazon.com/images/I/61DvagFFmJL.jpg,292026,height,211.0 centimetre
https://m.media-amazon.com/images/I/614pqv3gw4L.jpg,292026,height,6.33 inch
https://m.media-amazon.com/images/I/51B0bXEWfcL.jpg,292026,height,24.0 centimetre
https://m.media-amazon.com/images/I/51CqgUqkzpL.jpg,292026,height,11.0 inch
https://m.media-amazon.com/images/I/611VMgGk9bL.jpg,292026,height,14.5 centimetre
https://m.media-amazon.com/images/I/61A6Gca8CfL.jpg,292026,height,154.0 centimetre
https://m.media-amazon.com/images/I/61EGeaRhIEL.jpg,292026,height,115.0 centimetre
https://m.media-amazon.com/images/I/615cDeHnHKL.jpg,292026,height,220.0 centimetre
https://m.media-amazon.com/images/I/615f5y2jMFL.jpg,292026,height,15.3 inch
https://m.media-amazon.com/images/I/51hThJx++aL.jpg,292026,height,78.74 inch
https://m.media-amazon.com/images/I/512o4EudOfL.jpg,292026,height,17.0 inch
https://m.media-amazon.com/images/I/61-C9+S2IPL.jpg,292026,height,13.0 inch
https://m.media-amazon.com/images/I/51+ZJWUBDhL.jpg,292026,height,40.6 inch
https://m.media-amazon.com/images/I/6187jpwhQFL.jpg,292026,height,2349.0 millimetre
