image_link,group_id,entity_name,entity_value
https://m.media-amazon.com/images/I/61FkJlCvUTL.jpg,533740,width,5.0 inch
https://m.media-amazon.com/images/I/614PWd8PFuL.jpg,533740,width,115.0 millimetre
https://m.media-amazon.com/images/I/51uxGs1F0kL.jpg,533740,width,5.0 inch
https://m.media-amazon.com/images/I/61Ai5EMMKvL.jpg,533740,width,12.0 inch
https://m.media-amazon.com/images/I/41rngrQ98WL.jpg,533740,width,3.6 millimetre
https://m.media-amazon.com/images/I/513kgQjsv8L.jpg,533740,width,12.16 millimetre
https://m.media-amazon.com/images/I/516w4783vbL.jpg,533740,depth,25.5 centimetre
https://m.media-amazon.com/images/I/61BCRFLxHRL.jpg,533740,depth,9.8 inch
https://m.media-amazon.com/images/I/51Xc-IF89EL.jpg,533740,depth,5.0 inch
https://m.media-amazon.com/images/I/51nd9NI0-OL.jpg,533740,depth,25.5 centimetre
https://m.media-amazon.com/images/I/51jlWG4F6fS.jpg,533740,depth,255.0 millimetre
https://m.media-amazon.com/images/I/51jlWG4F6fS.jpg,533740,height,40.0 millimetre
https://m.media-amazon.com/images/I/612j2JgZZ7L.jpg,533740,depth,12.4 inch
https://m.media-amazon.com/images/I/61B-stvg8hL.jpg,533740,depth,5.0 inch
https://m.media-amazon.com/images/I/51mBhv7DORL.jpg,533740,depth,21.5 inch
https://m.media-amazon.com/images/I/61Al6Ax67TL.jpg,533740,height,41.0 millimetre
https://m.media-amazon.com/images/I/519hb5dmF7L.jpg,533740,height,41.0 millimetre
https://m.media-amazon.com/images/I/51FY9X09TAL.jpg,533740,height,48.0 millimetre
