image_link,group_id,entity_name,entity_value
https://m.media-amazon.com/images/I/61go1d0m17L.jpg,254046,item_weight,25.0 kilogram
https://m.media-amazon.com/images/I/81fI3pVMddL.jpg,254046,item_weight,210.0 gram
https://m.media-amazon.com/images/I/81m1YdXFIwL.jpg,254046,item_weight,3.0 pound
https://m.media-amazon.com/images/I/81w+mL2i6DL.jpg,254046,item_weight,0.04 ounce
https://m.media-amazon.com/images/I/71T2quQAHKL.jpg,254046,item_weight,195.0 gram
https://m.media-amazon.com/images/I/71cKLQoPegL.jpg,254046,item_weight,9.0 gram
https://m.media-amazon.com/images/I/71NJOor4bQL.jpg,254046,item_weight,1.0 ounce
https://m.media-amazon.com/images/I/51qmCZ9jTTL.jpg,254046,item_weight,0.128 kilogram
https://m.media-amazon.com/images/I/71oy1tmoLbL.jpg,254046,item_weight,24.0 pound
https://m.media-amazon.com/images/I/A1BKmZLhvLL.jpg,254046,item_weight,24.0 pound
https://m.media-amazon.com/images/I/A1Oq4c7g3KL.jpg,254046,item_weight,24.0 pound
https://m.media-amazon.com/images/I/917BOsEYzyL.jpg,254046,item_weight,24.0 pound
https://m.media-amazon.com/images/I/71VRobfz7IL.jpg,254046,item_weight,1.0 gram
https://m.media-amazon.com/images/I/71blrUr4ZOL.jpg,254046,item_weight,1.0 gram
https://m.media-amazon.com/images/I/614bjZhV7tL.jpg,254046,item_weight,32.6 gram
https://m.media-amazon.com/images/I/71BpC3u2A4L.jpg,254046,item_weight,4.0 ounce
https://m.media-amazon.com/images/I/913YHlW9AFL.jpg,254046,item_weight,300.0 pound
https://m.media-amazon.com/images/I/81387EK-KeL.jpg,254046,item_weight,98.0 ounce
https://m.media-amazon.com/images/I/61jYNppRtZL.jpg,254046,item_weight,695.0 gram
https://m.media-amazon.com/images/I/71yHLI7Ii-S.jpg,254046,item_weight,13.0 gram
https://m.media-amazon.com/images/I/71tK3uiwEdL.jpg,254046,item_weight,9.0 gram
https://m.media-amazon.com/images/I/71pcyqCIoPL.jpg,254046,item_weight,1.05 pound
https://m.media-amazon.com/images/I/81lvFaLyT7L.jpg,254046,item_weight,30.0 ounce
https://m.media-amazon.com/images/I/71bHzdus6PL.jpg,254046,item_weight,3.0 ounce
https://m.media-amazon.com/images/I/81IpsTqJHGS.jpg,254046,item_weight,50.0 pound
https://m.media-amazon.com/images/I/71LtvKqb88L.jpg,254046,item_weight,0.45 pound
https://m.media-amazon.com/images/I/81wwJQzR7+L.jpg,254046,item_weight,5.0 pound
https://m.media-amazon.com/images/I/81+izAm+4CL.jpg,254046,item_weight,35.0 ounce
https://m.media-amazon.com/images/I/91N2v4JQWWL.jpg,254046,item_weight,100.0 gram
https://m.media-amazon.com/images/I/71fjMPf3E+L.jpg,254046,item_weight,19.0 gram
https://m.media-amazon.com/images/I/61s8UaSfF7L.jpg,254046,item_weight,1000.0 gram
https://m.media-amazon.com/images/I/81ggi8ukyDL.jpg,254046,item_weight,36.0 gram
https://m.media-amazon.com/images/I/712LAztZaML.jpg,254046,item_weight,24.0 pound
https://m.media-amazon.com/images/I/61OiUb1fAgL.jpg,254046,item_weight,24.0 pound
https://m.media-amazon.com/images/I/91bzxpU7d5L.jpg,254046,item_weight,24.0 pound
https://m.media-amazon.com/images/I/813ZE3UCipL.jpg,254046,item_weight,24.0 pound
https://m.media-amazon.com/images/I/91Q2kxhyBLL.jpg,254046,item_weight,24.0 pound
https://m.media-amazon.com/images/I/619T6sdORkL.jpg,254046,item_weight,2.0 ounce
https://m.media-amazon.com/images/I/715PXonSl5L.jpg,254046,item_weight,12.0 gram
https://m.media-amazon.com/images/I/814RAdd5kWS.jpg,254046,item_weight,50.0 pound
https://m.media-amazon.com/images/I/71FjPOZU05L.jpg,254046,item_weight,4.0 gram
https://m.media-amazon.com/images/I/71YdExNtk7L.jpg,254046,item_weight,3.0 pound
https://m.media-amazon.com/images/I/71QAdFwcm4S.jpg,254046,item_weight,6.0 pound
https://m.media-amazon.com/images/I/91QBED-fFGL.jpg,254046,item_weight,6.0 pound
https://m.media-amazon.com/images/I/71ZZMsy26JL.jpg,254046,item_weight,28.0 gram
https://m.media-amazon.com/images/I/81bBGuR4RkL.jpg,254046,item_weight,50.0 milligram
https://m.media-amazon.com/images/I/61Sbge0j0bL.jpg,254046,item_weight,1.0 pound
https://m.media-amazon.com/images/I/71B2ezB4ktL.jpg,254046,item_weight,0.04 ounce
https://m.media-amazon.com/images/I/81a955Bo1cL.jpg,254046,item_weight,2.0 ounce
https://m.media-amazon.com/images/I/71TodQxgjDL.jpg,254046,item_weight,2324.0 kilogram
https://m.media-amazon.com/images/I/61PHkZpTlUL.jpg,254046,item_weight,5000.0 gram
https://m.media-amazon.com/images/I/81-1A5JyERL.jpg,254046,item_weight,9.0 gram
https://m.media-amazon.com/images/I/81ughgbeAWL.jpg,254046,item_weight,6.0 pound
https://m.media-amazon.com/images/I/71XPfNp5jeL.jpg,254046,item_weight,1000.0 gram
https://m.media-amazon.com/images/I/81RDynx8QWL.jpg,254046,item_weight,1000.0 gram
https://m.media-amazon.com/images/I/81HZpXkyMAL.jpg,254046,item_weight,1000.0 kilogram
https://m.media-amazon.com/images/I/71p2DXUNHtL.jpg,254046,item_weight,1000.0 gram
https://m.media-amazon.com/images/I/71EJjht76AL.jpg,254046,item_weight,1000.0 gram
https://m.media-amazon.com/images/I/81KwkUzC-EL.jpg,254046,item_weight,1000.0 gram
https://m.media-amazon.com/images/I/71IN5WxiQcL.jpg,254046,item_weight,1000.0 gram
https://m.media-amazon.com/images/I/710CsIv6WrL.jpg,254046,item_weight,100.0 gram
https://m.media-amazon.com/images/I/51sA0Gy8AdL.jpg,254046,item_weight,1993.0 gram
https://m.media-amazon.com/images/I/41xLBMJYu+L.jpg,254046,item_weight,1992.0 gram
https://m.media-amazon.com/images/I/71-A0WeuZHL.jpg,254046,item_weight,0.45 pound
https://m.media-amazon.com/images/I/71hTuIkwrwL.jpg,254046,item_weight,0.6 kilogram
https://m.media-amazon.com/images/I/710LZZZs52L.jpg,254046,item_weight,32.6 gram
https://m.media-amazon.com/images/I/81howhx-WrL.jpg,254046,item_weight,1.0 ounce
https://m.media-amazon.com/images/I/71cCRiaVT9L.jpg,254046,item_weight,1.0 ounce
https://m.media-amazon.com/images/I/71qDxg4qGSL.jpg,254046,item_weight,100.0 gram
https://m.media-amazon.com/images/I/71G66rcqAUL.jpg,254046,item_weight,0.5 kilogram
https://m.media-amazon.com/images/I/816rISskIqL.jpg,254046,item_weight,1.0 milligram
https://m.media-amazon.com/images/I/71NNIjL3WRL.jpg,254046,item_weight,0.04 ounce
https://m.media-amazon.com/images/I/81Nqt4PEoEL.jpg,254046,item_weight,3.7 ounce
https://m.media-amazon.com/images/I/81+W3PRWnsL.jpg,254046,item_weight,3.7 ounce
https://m.media-amazon.com/images/I/81YCuZpPjRL.jpg,254046,item_weight,104.0 gram
https://m.media-amazon.com/images/I/81qkDBX3M+L.jpg,254046,item_weight,3.7 ounce
https://m.media-amazon.com/images/I/81pBFaDK0jL.jpg,254046,item_weight,3.7 ounce
https://m.media-amazon.com/images/I/81TcN1kJc3L.jpg,254046,item_weight,104.0 gram
https://m.media-amazon.com/images/I/81purz3bbBL.jpg,254046,item_weight,960.0 gram
https://m.media-amazon.com/images/I/814JPTe0EaL.jpg,254046,item_weight,3.0 gram
https://m.media-amazon.com/images/I/61aKzGs9naL.jpg,254046,item_weight,28.0 gram
https://m.media-amazon.com/images/I/81N+PF-qf3L.jpg,254046,item_weight,0.9 gram
https://m.media-amazon.com/images/I/61RYKgeH4DL.jpg,254046,item_weight,28.0 gram
https://m.media-amazon.com/images/I/71eSBxlEcNL.jpg,254046,item_weight,50.0 kilogram
https://m.media-amazon.com/images/I/712fZpCAaSL.jpg,254046,item_weight,920.0 gram
https://m.media-amazon.com/images/I/81blYF-tCDL.jpg,254046,item_weight,960.0 gram
https://m.media-amazon.com/images/I/61kOo2Ty2AL.jpg,254046,item_weight,5.0 pound
https://m.media-amazon.com/images/I/71YhyRzV3BL.jpg,254046,item_weight,5.5 gram
https://m.media-amazon.com/images/I/51Fy3wRET8L.jpg,254046,width,12.0 centimetre
https://m.media-amazon.com/images/I/51LDzAiLKxL.jpg,254046,width,6.5 centimetre
https://m.media-amazon.com/images/I/61EUdXuhBgL.jpg,254046,width,4.0 centimetre
https://m.media-amazon.com/images/I/51DXg8cLFpL.jpg,254046,width,4.5 inch
https://m.media-amazon.com/images/I/41+j0QPiW0L.jpg,254046,width,4.0 inch
https://m.media-amazon.com/images/I/51uoIcdw6RL.jpg,254046,width,4.5 centimetre
https://m.media-amazon.com/images/I/51aeBBlH-xL.jpg,254046,depth,107.0 centimetre
https://m.media-amazon.com/images/I/613Jcj82lBL.jpg,254046,depth,13.5 centimetre
https://m.media-amazon.com/images/I/51YIf4wfUkL.jpg,254046,depth,19.0 centimetre
https://m.media-amazon.com/images/I/618pgVlU3nL.jpg,254046,depth,4.8 inch
https://m.media-amazon.com/images/I/61EJO9Kf3YS.jpg,254046,depth,50.0 centimetre
https://m.media-amazon.com/images/I/51to9-PlnDL.jpg,254046,depth,78.0 centimetre
https://m.media-amazon.com/images/I/51YgUgOCoSL.jpg,254046,depth,30.0 centimetre
https://m.media-amazon.com/images/I/51spx6gN7fL.jpg,254046,depth,12.5 inch
https://m.media-amazon.com/images/I/51nLPb7jsSL.jpg,254046,depth,19.0 centimetre
https://m.media-amazon.com/images/I/51S6Haecs2L.jpg,254046,depth,23.0 centimetre
https://m.media-amazon.com/images/I/51yOfU+ju0L.jpg,254046,depth,9.84 inch
https://m.media-amazon.com/images/I/613LRzzEZDL.jpg,254046,depth,18.1 inch
https://m.media-amazon.com/images/I/61DphC2j4mL.jpg,254046,depth,26.6 centimetre
https://m.media-amazon.com/images/I/613TkrQoptL.jpg,254046,depth,27.0 centimetre
https://m.media-amazon.com/images/I/613TkrQoptL.jpg,254046,height,13.7 centimetre
https://m.media-amazon.com/images/I/51ive-udLbL.jpg,254046,depth,9.0 centimetre
https://m.media-amazon.com/images/I/51ive-udLbL.jpg,254046,height,8.0 centimetre
https://m.media-amazon.com/images/I/513Dqg58BgL.jpg,254046,depth,62.0 centimetre
https://m.media-amazon.com/images/I/61A9-vsk3-L.jpg,254046,depth,60.0 centimetre
https://m.media-amazon.com/images/I/61DFMaB7jcL.jpg,254046,depth,15.0 centimetre
https://m.media-amazon.com/images/I/6179URFLdQL.jpg,254046,height,22.0 centimetre
https://m.media-amazon.com/images/I/51-GpU0IjlL.jpg,254046,height,15.0 centimetre
https://m.media-amazon.com/images/I/51llj6O1QpL.jpg,254046,height,13.5 centimetre
https://m.media-amazon.com/images/I/41fgvun6uzL.jpg,254046,height,22.5 centimetre
https://m.media-amazon.com/images/I/51THMO2aUmL.jpg,254046,height,6.7 inch
https://m.media-amazon.com/images/I/61EV9mduE4L.jpg,254046,height,21.0 centimetre
https://m.media-amazon.com/images/I/51R53TaA+EL.jpg,254046,height,26.0 centimetre
https://m.media-amazon.com/images/I/6141pxjWX4L.jpg,254046,height,8.6 inch
https://m.media-amazon.com/images/I/61ArbbtqLJL.jpg,254046,height,19.0 centimetre
https://m.media-amazon.com/images/I/619o73+WbyL.jpg,254046,height,15.0 centimetre
https://m.media-amazon.com/images/I/51LP6GKbOcL.jpg,254046,height,11.0 centimetre
https://m.media-amazon.com/images/I/61+rrFgt1LL.jpg,254046,height,227.0 millimetre
https://m.media-amazon.com/images/I/51WoE7CophL.jpg,254046,height,23.5 centimetre
https://m.media-amazon.com/images/I/51uCgdGB5XL.jpg,254046,height,5.5 inch
https://m.media-amazon.com/images/I/51kpLGwOa5L.jpg,254046,height,160.0 millimetre
https://m.media-amazon.com/images/I/61EByUAsUzL.jpg,254046,height,16.0 centimetre
https://m.media-amazon.com/images/I/612aracmTwL.jpg,254046,height,7.0 inch
https://m.media-amazon.com/images/I/51kkLNaL+5L.jpg,254046,height,17.0 centimetre
https://m.media-amazon.com/images/I/61EkEX+7CSS.jpg,254046,height,29.5 centimetre
https://m.media-amazon.com/images/I/61EQ9vDQzRL.jpg,254046,height,23.6 centimetre
https://m.media-amazon.com/images/I/51Uc6d95thL.jpg,254046,height,14.5 centimetre
