image_link,group_id,entity_name,entity_value
https://m.media-amazon.com/images/I/51bvN6sQJZL.jpg,145452,item_weight,328.0 gram
https://m.media-amazon.com/images/I/61lwgYQoWRL.jpg,145452,item_weight,0.45 kilogram
https://m.media-amazon.com/images/I/51y-trkTfzL.jpg,145452,item_weight,20.0 ounce
https://m.media-amazon.com/images/I/61j5DM3ikEL.jpg,145452,item_weight,250.0 gram
https://m.media-amazon.com/images/I/71CJ2AP++8L.jpg,145452,item_weight,100.0 pound
https://m.media-amazon.com/images/I/61MtUM5vYxL.jpg,145452,item_weight,1.0 kilogram
https://m.media-amazon.com/images/I/61CNk4L3mZL.jpg,145452,item_weight,270.0 gram
https://m.media-amazon.com/images/I/71hBRpnuoaL.jpg,145452,item_weight,263.0 gram
https://m.media-amazon.com/images/I/71+bbhKRRTL.jpg,145452,item_weight,0.3 kilogram
https://m.media-amazon.com/images/I/61AcabvILpL.jpg,145452,item_weight,378.5 gram
https://m.media-amazon.com/images/I/51mvKGmrzvL.jpg,145452,item_weight,380.0 gram
https://m.media-amazon.com/images/I/51mvKGmrzvL.jpg,145452,height,300.0 millimetre
https://m.media-amazon.com/images/I/71Aax656Y5L.jpg,145452,item_weight,360.0 gram
https://m.media-amazon.com/images/I/71VdIG4kSsL.jpg,145452,item_weight,263.0 gram
https://m.media-amazon.com/images/I/719O7rX9xDL.jpg,145452,item_weight,0.36 kilogram
https://m.media-amazon.com/images/I/61iwhov6gdS.jpg,145452,item_weight,198.0 gram
https://m.media-amazon.com/images/I/71dKWhIwPSL.jpg,145452,item_weight,263.0 gram
https://m.media-amazon.com/images/I/71lXBpfCGZL.jpg,145452,item_weight,14.46 ounce
https://m.media-amazon.com/images/I/6146pp7ICBL.jpg,145452,item_weight,320.0 gram
https://m.media-amazon.com/images/I/717qiqbXl-L.jpg,145452,item_weight,263.0 gram
https://m.media-amazon.com/images/I/81YZY1UBnuL.jpg,145452,item_weight,12.0 pound
https://m.media-amazon.com/images/I/71Pgf3IswmL.jpg,145452,item_weight,243.0 gram
https://m.media-amazon.com/images/I/71oKhzJEvBL.jpg,145452,item_weight,630.0 gram
https://m.media-amazon.com/images/I/61Zbn2jxbXS.jpg,145452,item_weight,290.0 gram
https://m.media-amazon.com/images/I/61+Cn35XB4L.jpg,145452,item_weight,0.8 pound
https://m.media-amazon.com/images/I/61-HaM2PMTL.jpg,145452,item_weight,320.0 gram
https://m.media-amazon.com/images/I/61QI9bHG0tL.jpg,145452,item_weight,500.0 gram
https://m.media-amazon.com/images/I/71O2PvZrIvL.jpg,145452,item_weight,263.0 gram
https://m.media-amazon.com/images/I/715ai60fytS.jpg,145452,item_weight,263.0 gram
https://m.media-amazon.com/images/I/614ytcFTHaL.jpg,145452,item_weight,0.0 gram
https://m.media-amazon.com/images/I/51mPU4KJVKL.jpg,145452,item_weight,328.0 gram
https://m.media-amazon.com/images/I/51mPU4KJVKL.jpg,145452,height,260.0 millimetre
https://m.media-amazon.com/images/I/51pr2rqfs9L.jpg,145452,item_weight,460.0 gram
https://m.media-amazon.com/images/I/51TelYrnNFL.jpg,145452,item_weight,328.0 gram
https://m.media-amazon.com/images/I/81kZ8xvfrML.jpg,145452,item_weight,410.0 gram
https://m.media-amazon.com/images/I/716Z0y1EQdL.jpg,145452,item_weight,490.0 gram
https://m.media-amazon.com/images/I/71t3oZZoq6L.jpg,145452,item_weight,14.46 ounce
https://m.media-amazon.com/images/I/6168RyzuIxL.jpg,145452,item_weight,12.0 ounce
https://m.media-amazon.com/images/I/61c2lj6Z5pL.jpg,145452,item_weight,3.58 pound
https://m.media-amazon.com/images/I/71A2-uqumeL.jpg,145452,item_weight,263.0 gram
https://m.media-amazon.com/images/I/61ZRhxGC3VL.jpg,145452,item_weight,547.0 gram
https://m.media-amazon.com/images/I/71C+hPEIBDL.jpg,145452,item_weight,263.0 gram
https://m.media-amazon.com/images/I/61c0KwLe3fL.jpg,145452,item_weight,0.25 kilogram
https://m.media-amazon.com/images/I/51ihi3Q2vfL.jpg,145452,item_weight,328.0 gram
https://m.media-amazon.com/images/I/61H3wNFsiBL.jpg,145452,item_weight,0.56 pound
https://m.media-amazon.com/images/I/61rKONTSpUL.jpg,145452,item_weight,198.0 gram
https://m.media-amazon.com/images/I/51RaRqJW1bS.jpg,145452,item_weight,320.0 gram
https://m.media-amazon.com/images/I/612m261Gt9L.jpg,145452,item_weight,64.0 ounce
https://m.media-amazon.com/images/I/71QqTAGGTZL.jpg,145452,item_weight,144.0 gram
https://m.media-amazon.com/images/I/61HJVdOoDkL.jpg,145452,item_weight,286.5 gram
https://m.media-amazon.com/images/I/71KjRDOy-dL.jpg,145452,item_weight,286.5 gram
https://m.media-amazon.com/images/I/619WJQ2E-QL.jpg,145452,item_weight,286.5 gram
https://m.media-amazon.com/images/I/610Fo71TVSL.jpg,145452,item_weight,500.0 gram
https://m.media-amazon.com/images/I/616nq0-R8bL.jpg,145452,item_weight,0.56 pound
https://m.media-amazon.com/images/I/71eyjPAvDgL.jpg,145452,item_weight,360.0 gram
https://m.media-amazon.com/images/I/71XtLkY4-YL.jpg,145452,item_weight,0.25 kilogram
https://m.media-amazon.com/images/I/61BOzgKoE2L.jpg,145452,item_weight,20.0 gram
https://m.media-amazon.com/images/I/71Vr1sMxNTL.jpg,145452,item_weight,263.0 gram
https://m.media-amazon.com/images/I/71jVq8YqDlL.jpg,145452,item_weight,306.0 gram
https://m.media-amazon.com/images/I/51i7+VI1CxL.jpg,145452,item_weight,237.0 gram
https://m.media-amazon.com/images/I/615Pz2OMu1S.jpg,145452,item_weight,198.0 gram
https://m.media-amazon.com/images/I/71TLskpv81L.jpg,145452,item_weight,118.0 gram
https://m.media-amazon.com/images/I/618v9MhhoyL.jpg,145452,height,21.5 centimetre
https://m.media-amazon.com/images/I/51OmktDuy6L.jpg,145452,item_weight,179.0 gram
https://m.media-amazon.com/images/I/71xpNUayKfL.jpg,145452,item_weight,1.6 kilogram
https://m.media-amazon.com/images/I/71Ojv8OEWWL.jpg,145452,item_weight,310.0 gram
https://m.media-amazon.com/images/I/61sk5otCPpL.jpg,145452,item_weight,378.5 gram
https://m.media-amazon.com/images/I/71Bup5qpdJL.jpg,145452,item_weight,225.0 gram
https://m.media-amazon.com/images/I/61ZKx1GwdzL.jpg,145452,item_weight,378.5 gram
https://m.media-amazon.com/images/I/514rnmWsvjL.jpg,145452,item_weight,320.0 gram
https://m.media-amazon.com/images/I/81s78bRRzjL.jpg,145452,item_weight,265.0 gram
https://m.media-amazon.com/images/I/51S9VmoRfdL.jpg,145452,item_weight,460.0 gram
https://m.media-amazon.com/images/I/51S9VmoRfdL.jpg,145452,height,325.0 millimetre
https://m.media-amazon.com/images/I/61xWKrGCsfL.jpg,145452,item_weight,293.0 gram
https://m.media-amazon.com/images/I/71FEFGGOFnL.jpg,145452,item_weight,0.6 pound
https://m.media-amazon.com/images/I/51EXvkG8AWL.jpg,145452,item_weight,120.0 gram
https://m.media-amazon.com/images/I/81jHbR0W6QL.jpg,145452,item_weight,265.0 gram
https://m.media-amazon.com/images/I/31Bv3YkK6SL.jpg,145452,item_weight,320.0 gram
https://m.media-amazon.com/images/I/71jtCaDM7HL.jpg,145452,item_weight,0.9 pound
https://m.media-amazon.com/images/I/718Fx4zwm+L.jpg,145452,item_weight,72.0 kilogram
https://m.media-amazon.com/images/I/5101oVGQAqS.jpg,145452,item_weight,590.0 gram
https://m.media-amazon.com/images/I/61P0WA+BsyL.jpg,145452,item_weight,300.0 gram
https://m.media-amazon.com/images/I/61gp+Ah85TL.jpg,145452,item_weight,340.0 gram
https://m.media-amazon.com/images/I/514iADJmzCL.jpg,145452,item_weight,237.0 gram
https://m.media-amazon.com/images/I/71H9vy23oAL.jpg,145452,item_weight,360.0 gram
https://m.media-amazon.com/images/I/71rRIAQN0rL.jpg,145452,item_weight,243.0 gram
https://m.media-amazon.com/images/I/61oNJElbAqL.jpg,145452,item_weight,20.0 ounce
https://m.media-amazon.com/images/I/61xuoLvSLhL.jpg,145452,item_weight,500.0 gram
https://m.media-amazon.com/images/I/61YHwVfzmsL.jpg,145452,item_weight,2.0 microgram
https://m.media-amazon.com/images/I/61eevoNp8rS.jpg,145452,item_weight,290.0 gram
https://m.media-amazon.com/images/I/61kPkvbDj3L.jpg,145452,item_weight,300.0 gram
https://m.media-amazon.com/images/I/71+FAswVXJL.jpg,145452,item_weight,1.6 kilogram
https://m.media-amazon.com/images/I/81CTMeVowaL.jpg,145452,item_weight,1999.0 gram
https://m.media-amazon.com/images/I/71JrUrnIuTL.jpg,145452,item_weight,280.0 gram
https://m.media-amazon.com/images/I/71uKjXwsCYL.jpg,145452,item_weight,14.46 ounce
https://m.media-amazon.com/images/I/71uAd9CaITL.jpg,145452,item_weight,400.0 gram
https://m.media-amazon.com/images/I/613y3o+BJvL.jpg,145452,width,75.0 millimetre
https://m.media-amazon.com/images/I/51Cr7SPN3ZL.jpg,145452,width,77.0 millimetre
https://m.media-amazon.com/images/I/61GAxP0q0GL.jpg,145452,width,6.0 centimetre
https://m.media-amazon.com/images/I/51CxZ1evssL.jpg,145452,width,3.2 inch
https://m.media-amazon.com/images/I/51Yuhxn26BL.jpg,145452,width,3.5 inch
https://m.media-amazon.com/images/I/61-I8+SiB8S.jpg,145452,width,7.5 centimetre
https://m.media-amazon.com/images/I/51Wjby8Hs+L.jpg,145452,width,10.0 centimetre
https://m.media-amazon.com/images/I/51Wjby8Hs+L.jpg,145452,height,27.0 centimetre
https://m.media-amazon.com/images/I/610UGvqzfCL.jpg,145452,width,3.5 inch
https://m.media-amazon.com/images/I/610UGvqzfCL.jpg,145452,height,10.23 inch
https://m.media-amazon.com/images/I/51oyi5eu0CL.jpg,145452,width,6.0 centimetre
https://m.media-amazon.com/images/I/51YQzBipvjL.jpg,145452,width,20.0 centimetre
https://m.media-amazon.com/images/I/610RrCkY5sL.jpg,145452,width,7.8 centimetre
https://m.media-amazon.com/images/I/611wwx+6eTL.jpg,145452,width,75.0 millimetre
https://m.media-amazon.com/images/I/618gnC4fXhS.jpg,145452,width,7.6 centimetre
https://m.media-amazon.com/images/I/51NIL+rAb-L.jpg,145452,width,3.2 inch
https://m.media-amazon.com/images/I/6116zqTPfNL.jpg,145452,width,75.0 millimetre
https://m.media-amazon.com/images/I/51qbMhWCmtL.jpg,145452,width,3.0 inch
https://m.media-amazon.com/images/I/613UNAzEBvL.jpg,145452,width,2.91 inch
https://m.media-amazon.com/images/I/619QV-bQNfL.jpg,145452,width,5.5 inch
https://m.media-amazon.com/images/I/619QV-bQNfL.jpg,145452,height,9.7 inch
https://m.media-amazon.com/images/I/61BmpRFKRZL.jpg,145452,width,72.0 millimetre
https://m.media-amazon.com/images/I/511MwTdmJ-L.jpg,145452,width,110.0 millimetre
https://m.media-amazon.com/images/I/612FRyRcBWL.jpg,145452,width,88.0 millimetre
https://m.media-amazon.com/images/I/6148Cm5zDsL.jpg,145452,width,7.2 centimetre
https://m.media-amazon.com/images/I/6148Cm5zDsL.jpg,145452,height,27.5 centimetre
https://m.media-amazon.com/images/I/61-lAswC8CL.jpg,145452,width,2.8 inch
https://m.media-amazon.com/images/I/61-lAswC8CL.jpg,145452,height,9.0 inch
https://m.media-amazon.com/images/I/611UG+8tlnL.jpg,145452,width,6.3 inch
https://m.media-amazon.com/images/I/613SW0HLd8L.jpg,145452,width,2.83 inch
https://m.media-amazon.com/images/I/41hfEORKLsL.jpg,145452,width,2.8 inch
https://m.media-amazon.com/images/I/51LdzOY39+L.jpg,145452,width,10.6 centimetre
https://m.media-amazon.com/images/I/51LdzOY39+L.jpg,145452,height,23.1 centimetre
https://m.media-amazon.com/images/I/61A5GeSm0ZL.jpg,145452,width,3.5 inch
https://m.media-amazon.com/images/I/51RfWADQSWL.jpg,145452,width,6.5 centimetre
https://m.media-amazon.com/images/I/512yMgeGAnS.jpg,145452,width,7.0 centimetre
https://m.media-amazon.com/images/I/51Tvr-QIGjL.jpg,145452,width,7.5 centimetre
https://m.media-amazon.com/images/I/518yzNiEvIL.jpg,145452,width,9.4 centimetre
https://m.media-amazon.com/images/I/51i7XXK8dGL.jpg,145452,width,2.7 inch
https://m.media-amazon.com/images/I/51i7XXK8dGL.jpg,145452,height,13.0 inch
https://m.media-amazon.com/images/I/61FyULktTmL.jpg,145452,width,8.4 centimetre
https://m.media-amazon.com/images/I/414Fffe6pgL.jpg,145452,width,9.6 centimetre
https://m.media-amazon.com/images/I/613pns9LNfL.jpg,145452,width,2.7 inch
https://m.media-amazon.com/images/I/51Wi-kSxWaL.jpg,145452,width,70.0 millimetre
https://m.media-amazon.com/images/I/51ObXgw3deL.jpg,145452,width,3.5 inch
https://m.media-amazon.com/images/I/51Cf1JJfxLL.jpg,145452,width,87.0 millimetre
https://m.media-amazon.com/images/I/51x+C4ANhvL.jpg,145452,width,10.0 centimetre
https://m.media-amazon.com/images/I/51+80F7v7XL.jpg,145452,width,4.5 centimetre
https://m.media-amazon.com/images/I/51+80F7v7XL.jpg,145452,height,17.3 centimetre
https://m.media-amazon.com/images/I/61+b2cvri3L.jpg,145452,width,3.6 inch
https://m.media-amazon.com/images/I/41wxikbxP0L.jpg,145452,width,2.8 inch
https://m.media-amazon.com/images/I/61ENaMZtr3L.jpg,145452,width,3.5 inch
https://m.media-amazon.com/images/I/61ENaMZtr3L.jpg,145452,height,12.0 inch
https://m.media-amazon.com/images/I/61AXPN8ut+L.jpg,145452,height,6.3 inch
https://m.media-amazon.com/images/I/510alvt8WcL.jpg,145452,width,3.0 inch
https://m.media-amazon.com/images/I/510alvt8WcL.jpg,145452,height,13.0 inch
https://m.media-amazon.com/images/I/510CwNVMLAL.jpg,145452,width,7.0 centimetre
https://m.media-amazon.com/images/I/613lLVh1evS.jpg,145452,width,7.7 centimetre
https://m.media-amazon.com/images/I/51eYwPcVkFL.jpg,145452,width,2.4 inch
https://m.media-amazon.com/images/I/5185rUWbayL.jpg,145452,width,6.5 centimetre
https://m.media-amazon.com/images/I/612dzjh8RBL.jpg,145452,width,2.2 inch
https://m.media-amazon.com/images/I/516ECJXja6L.jpg,145452,width,2.8 inch
https://m.media-amazon.com/images/I/41x7QWYsTuL.jpg,145452,width,12.5 centimetre
https://m.media-amazon.com/images/I/616fvKFQ+7L.jpg,145452,width,78.0 millimetre
https://m.media-amazon.com/images/I/31ulVnSv2qL.jpg,145452,width,6.5 centimetre
https://m.media-amazon.com/images/I/51PMLSks38L.jpg,145452,width,3.1 inch
https://m.media-amazon.com/images/I/61G3XWNR7iL.jpg,145452,width,6.8 centimetre
https://m.media-amazon.com/images/I/612l6Ah6r4L.jpg,145452,width,80.0 millimetre
https://m.media-amazon.com/images/I/612l6Ah6r4L.jpg,145452,height,112.0 millimetre
https://m.media-amazon.com/images/I/61B-nMWK3sL.jpg,145452,width,2.9 inch
https://m.media-amazon.com/images/I/51JV7wQQuWL.jpg,145452,width,7.0 centimetre
https://m.media-amazon.com/images/I/51vT53ojaoL.jpg,145452,width,9.0 centimetre
https://m.media-amazon.com/images/I/517WiYwQn9L.jpg,145452,width,6.5 centimetre
https://m.media-amazon.com/images/I/61C3U1h1DBL.jpg,145452,width,6.8 centimetre
https://m.media-amazon.com/images/I/61AkeGuf8HL.jpg,145452,width,7.0 centimetre
https://m.media-amazon.com/images/I/51egk8eAsVL.jpg,145452,width,6.0 centimetre
https://m.media-amazon.com/images/I/41ZbXiq5HLL.jpg,145452,width,7.0 centimetre
https://m.media-amazon.com/images/I/619h5kUhbgL.jpg,145452,width,7.0 centimetre
https://m.media-amazon.com/images/I/51YOclEkHpL.jpg,145452,width,2.75 inch
https://m.media-amazon.com/images/I/619xZ3c-4XL.jpg,145452,width,85.0 millimetre
https://m.media-amazon.com/images/I/61CHDAE6fzL.jpg,145452,width,7.8 centimetre
https://m.media-amazon.com/images/I/41HT12KyE+L.jpg,145452,width,6.5 centimetre
https://m.media-amazon.com/images/I/41QLclJwIfL.jpg,145452,width,7.3 centimetre
https://m.media-amazon.com/images/I/613ARa6WeOL.jpg,145452,width,8.0 centimetre
https://m.media-amazon.com/images/I/617AMKODc6L.jpg,145452,width,9.1 centimetre
https://m.media-amazon.com/images/I/613YeYX60KL.jpg,145452,width,12.3 centimetre
https://m.media-amazon.com/images/I/613YeYX60KL.jpg,145452,height,26.0 centimetre
https://m.media-amazon.com/images/I/615o9OXKfhL.jpg,145452,width,3.54 inch
https://m.media-amazon.com/images/I/61CwmVmtDRL.jpg,145452,width,2.6 inch
https://m.media-amazon.com/images/I/515FsiGakRS.jpg,145452,width,8.9 centimetre
https://m.media-amazon.com/images/I/61FiyKHgstL.jpg,145452,width,7.0 centimetre
https://m.media-amazon.com/images/I/51qV7XU15KL.jpg,145452,height,6.4 inch
https://m.media-amazon.com/images/I/51AgolgZamL.jpg,145452,height,27.0 centimetre
https://m.media-amazon.com/images/I/61EBv3a1OtL.jpg,145452,height,8.6 inch
https://m.media-amazon.com/images/I/51CRue1gTjL.jpg,145452,height,18.5 centimetre
https://m.media-amazon.com/images/I/614bxhKcTgL.jpg,145452,height,265.0 millimetre
https://m.media-amazon.com/images/I/51H-ioHfqRL.jpg,145452,height,31.0 centimetre
https://m.media-amazon.com/images/I/61CKfPsOuTL.jpg,145452,height,28.0 centimetre
https://m.media-amazon.com/images/I/51RynhweD7L.jpg,145452,height,9.4 inch
https://m.media-amazon.com/images/I/51qIy2jS0pL.jpg,145452,height,8.66 inch
https://m.media-amazon.com/images/I/61Dj0IciL8L.jpg,145452,height,9.4 inch
https://m.media-amazon.com/images/I/61168N76DQL.jpg,145452,height,9.4 inch
https://m.media-amazon.com/images/I/6106pD07MgL.jpg,145452,height,112.0 millimetre
https://m.media-amazon.com/images/I/51flPFgYI-L.jpg,145452,height,26.5 centimetre
https://m.media-amazon.com/images/I/51hQaNeddhL.jpg,145452,height,23.8 centimetre
https://m.media-amazon.com/images/I/613WcB-zvzL.jpg,145452,height,220.0 millimetre
https://m.media-amazon.com/images/I/61+8856R5fS.jpg,145452,height,34.0 centimetre
https://m.media-amazon.com/images/I/61CJwWrNQ3L.jpg,145452,height,241.0 millimetre
https://m.media-amazon.com/images/I/51NvJzVGq4L.jpg,145452,height,28.5 centimetre
https://m.media-amazon.com/images/I/51SQGoT0jfL.jpg,145452,height,8.2 inch
https://m.media-amazon.com/images/I/51M-A7lVV2L.jpg,145452,height,8.9 inch
https://m.media-amazon.com/images/I/51Y1xpQUSVL.jpg,145452,height,31.5 centimetre
https://m.media-amazon.com/images/I/51940aBvqhL.jpg,145452,height,26.5 centimetre
https://m.media-amazon.com/images/I/618J7qUINgL.jpg,145452,height,265.0 millimetre
https://m.media-amazon.com/images/I/51YJDBMY6lL.jpg,145452,height,31.4 centimetre
https://m.media-amazon.com/images/I/51fYJyGspJL.jpg,145452,height,13.0 inch
https://m.media-amazon.com/images/I/41ysOwS7bQL.jpg,145452,height,18.0 centimetre
https://m.media-amazon.com/images/I/616J7ZjnqSL.jpg,145452,height,11.4 centimetre
https://m.media-amazon.com/images/I/51l9ksCzomL.jpg,145452,height,12.2 inch
https://m.media-amazon.com/images/I/51JmkeQmxTL.jpg,145452,height,23.0 centimetre
https://m.media-amazon.com/images/I/613s8DvUSjL.jpg,145452,height,9.7 inch
https://m.media-amazon.com/images/I/61098Id37ZL.jpg,145452,height,258.0 millimetre
https://m.media-amazon.com/images/I/518LU4D1QDL.jpg,145452,height,9.5 inch
https://m.media-amazon.com/images/I/61+T19xnAcL.jpg,145452,height,8.26 inch
https://m.media-amazon.com/images/I/61EVoiLVHNL.jpg,145452,height,17.5 centimetre
https://m.media-amazon.com/images/I/51ffNp8m47L.jpg,145452,height,28.0 centimetre
https://m.media-amazon.com/images/I/61COUJk-zkL.jpg,145452,height,29.0 centimetre
https://m.media-amazon.com/images/I/51ms2z-jXIL.jpg,145452,height,31.4 centimetre
https://m.media-amazon.com/images/I/51rjBaSL1oL.jpg,145452,height,9.3 inch
https://m.media-amazon.com/images/I/41RwpU8Wg2L.jpg,145452,height,22.0 centimetre
https://m.media-amazon.com/images/I/51q7psa3xzL.jpg,145452,height,18.0 centimetre
https://m.media-amazon.com/images/I/610cJSfWqRL.jpg,145452,height,9.84 inch
https://m.media-amazon.com/images/I/51mUSmlllwL.jpg,145452,height,212.0 millimetre
https://m.media-amazon.com/images/I/61Air8zT4VL.jpg,145452,height,235.0 millimetre
https://m.media-amazon.com/images/I/51W3ey+G6QL.jpg,145452,height,27.5 centimetre
https://m.media-amazon.com/images/I/51D7Y+bHaZL.jpg,145452,height,13.0 inch
https://m.media-amazon.com/images/I/61+oLspQg2L.jpg,145452,height,26.5 centimetre
https://m.media-amazon.com/images/I/611sgZvHM2L.jpg,145452,height,8.66 inch
https://m.media-amazon.com/images/I/51mv8ZbcL6L.jpg,145452,height,27.0 centimetre
https://m.media-amazon.com/images/I/51iIHoLP1lL.jpg,145452,height,30.3 centimetre
https://m.media-amazon.com/images/I/61DEYje+SbL.jpg,145452,height,10.4 inch
https://m.media-amazon.com/images/I/618burPr-8S.jpg,145452,height,9.5 inch
https://m.media-amazon.com/images/I/51HRupafSvL.jpg,145452,height,10.5 inch
https://m.media-amazon.com/images/I/51w1nzl0oyL.jpg,145452,height,25.7 centimetre
https://m.media-amazon.com/images/I/413Bc5X9BzL.jpg,145452,height,12.2 inch
https://m.media-amazon.com/images/I/617numTwYmS.jpg,145452,height,25.06 centimetre
https://m.media-amazon.com/images/I/51yaGB81siL.jpg,145452,height,13.0 inch
https://m.media-amazon.com/images/I/51yBxQo-v9L.jpg,145452,height,27.0 centimetre
https://m.media-amazon.com/images/I/61A8kb+RbyL.jpg,145452,height,5.0 centimetre
https://m.media-amazon.com/images/I/61FJ1j0YXxL.jpg,145452,height,24.5 centimetre
https://m.media-amazon.com/images/I/6162+Vk5aJS.jpg,145452,height,25.06 centimetre
https://m.media-amazon.com/images/I/617xhTzq0oL.jpg,145452,height,8.74 inch
https://m.media-amazon.com/images/I/51wxrAR3YuL.jpg,145452,height,170.0 millimetre
https://m.media-amazon.com/images/I/618bgCZrReS.jpg,145452,height,29.6 centimetre
https://m.media-amazon.com/images/I/61ArxldwpzL.jpg,145452,height,28.5 centimetre
https://m.media-amazon.com/images/I/51OIiK7gKwL.jpg,145452,height,13.0 inch
https://m.media-amazon.com/images/I/61EP3paYf1L.jpg,145452,height,28.5 centimetre
https://m.media-amazon.com/images/I/51OfHYOIHcL.jpg,145452,height,8.27 inch
https://m.media-amazon.com/images/I/61E7VSXAeLL.jpg,145452,height,26.0 centimetre
https://m.media-amazon.com/images/I/51I+O5lyzGL.jpg,145452,height,30.0 centimetre
https://m.media-amazon.com/images/I/513BfL6qvZL.jpg,145452,height,270.0 millimetre
https://m.media-amazon.com/images/I/51Eq9Yu2H+L.jpg,145452,height,310.0 millimetre
https://m.media-amazon.com/images/I/51vOqbmtNkL.jpg,145452,height,26.9 centimetre
https://m.media-amazon.com/images/I/61-Y7hAAYYL.jpg,145452,height,12.2 inch
https://m.media-amazon.com/images/I/51C+uFmHzAL.jpg,145452,height,13.0 centimetre
https://m.media-amazon.com/images/I/51NCnT4DChL.jpg,145452,height,13.0 inch
https://m.media-amazon.com/images/I/618LnOlqcZL.jpg,145452,height,8.3 inch
https://m.media-amazon.com/images/I/41itdo74L9L.jpg,145452,height,5.47 inch
https://m.media-amazon.com/images/I/610ysMT77WL.jpg,145452,height,24.2 centimetre
https://m.media-amazon.com/images/I/6136A3QHbbL.jpg,145452,height,12.8 inch
https://m.media-amazon.com/images/I/610V+TI1ilL.jpg,145452,height,26.7 centimetre
https://m.media-amazon.com/images/I/51HypmKJlLL.jpg,145452,height,23.0 centimetre
https://m.media-amazon.com/images/I/51fSVUBo75L.jpg,145452,height,6.49 inch
https://m.media-amazon.com/images/I/51XtckW6KQS.jpg,145452,height,31.3 centimetre
https://m.media-amazon.com/images/I/51dM-ywhp+L.jpg,145452,height,34.0 centimetre
https://m.media-amazon.com/images/I/61E+SvXCK3L.jpg,145452,height,25.06 centimetre
https://m.media-amazon.com/images/I/51E0ceFxfdL.jpg,145452,height,9.8 inch
https://m.media-amazon.com/images/I/41DTRJiQqDL.jpg,145452,height,27.0 centimetre
https://m.media-amazon.com/images/I/51qOyDykmqL.jpg,145452,height,10.2 inch
https://m.media-amazon.com/images/I/61FcwhVpgjL.jpg,145452,height,24.5 centimetre
https://m.media-amazon.com/images/I/61DfZuMBTAL.jpg,145452,height,20.0 centimetre
https://m.media-amazon.com/images/I/51eDuNXhghL.jpg,145452,height,30.5 centimetre
https://m.media-amazon.com/images/I/618vWpONA5L.jpg,145452,height,9.0 inch
https://m.media-amazon.com/images/I/51Ynf3-OBOL.jpg,145452,height,12.0 inch
https://m.media-amazon.com/images/I/51UeRCbAT4L.jpg,145452,height,17.5 centimetre
https://m.media-amazon.com/images/I/61G8Ug6Tj7L.jpg,145452,height,17.0 centimetre
https://m.media-amazon.com/images/I/512r-sQcsoL.jpg,145452,height,31.3 centimetre
https://m.media-amazon.com/images/I/51BS7GFaE2L.jpg,145452,height,14.0 centimetre
https://m.media-amazon.com/images/I/51K8TEAInnL.jpg,145452,height,28.5 centimetre
https://m.media-amazon.com/images/I/31XQJvX5InL.jpg,145452,height,15.5 centimetre
https://m.media-amazon.com/images/I/61-vK-dDdbL.jpg,145452,height,10.51 inch
https://m.media-amazon.com/images/I/51n2alnvmtL.jpg,145452,height,21.5 centimetre
https://m.media-amazon.com/images/I/617+ZB6yukL.jpg,145452,height,29.0 centimetre
https://m.media-amazon.com/images/I/61ElvIi7m1L.jpg,145452,height,12.0 inch
https://m.media-amazon.com/images/I/51dMU-rdvIL.jpg,145452,height,5.7 inch
https://m.media-amazon.com/images/I/51S4Ef0TP1L.jpg,145452,height,28.5 centimetre
https://m.media-amazon.com/images/I/51emkoICbhS.jpg,145452,height,25.4 centimetre
https://m.media-amazon.com/images/I/610jNRc5fzL.jpg,145452,height,24.1 centimetre
https://m.media-amazon.com/images/I/51HpeVVyI+L.jpg,145452,height,6.0 centimetre
https://m.media-amazon.com/images/I/51Ongnqp0AL.jpg,145452,height,21.0 centimetre
https://m.media-amazon.com/images/I/61-ovkvjngL.jpg,145452,height,27.5 centimetre
https://m.media-amazon.com/images/I/51Ah2K+1YNL.jpg,145452,height,29.0 centimetre
https://m.media-amazon.com/images/I/41dCjKSuX-L.jpg,145452,height,23.5 centimetre
https://m.media-amazon.com/images/I/51t4cSMWy0L.jpg,145452,height,20.1 centimetre
https://m.media-amazon.com/images/I/51b375JerXL.jpg,145452,height,23.5 centimetre
https://m.media-amazon.com/images/I/61FIWYFrSGL.jpg,145452,height,285.0 millimetre
https://m.media-amazon.com/images/I/51aui5+4kZL.jpg,145452,height,10.3 inch
https://m.media-amazon.com/images/I/417kEYm8FJL.jpg,145452,height,31.0 centimetre
https://m.media-amazon.com/images/I/41j23i1-ArL.jpg,145452,height,12.0 inch
https://m.media-amazon.com/images/I/51dCSWUj4GL.jpg,145452,height,18.5 centimetre
https://m.media-amazon.com/images/I/613d+NRGvsL.jpg,145452,height,5.5 inch
