image_link,group_id,entity_name,entity_value
https://m.media-amazon.com/images/I/61F-rPUSlFL.jpg,254962,item_weight,120.0 kilogram
https://m.media-amazon.com/images/I/614EcInrp7L.jpg,254962,item_weight,52.0 pound
https://m.media-amazon.com/images/I/61mv484zV2L.jpg,254962,item_weight,30.5 kilogram
https://m.media-amazon.com/images/I/51As6pj8bhL.jpg,254962,width,600.0 millimetre
https://m.media-amazon.com/images/I/51jiG3bmAPS.jpg,254962,width,61.0 centimetre
https://m.media-amazon.com/images/I/51jiG3bmAPS.jpg,254962,height,24.0 inch
https://m.media-amazon.com/images/I/411suObs9KS.jpg,254962,width,58.0 centimetre
https://m.media-amazon.com/images/I/51JsQbSa0VL.jpg,254962,width,58.0 centimetre
https://m.media-amazon.com/images/I/51E-ER4jtiL.jpg,254962,width,61.0 centimetre
https://m.media-amazon.com/images/I/51uSkxICO1S.jpg,254962,width,53.0 centimetre
https://m.media-amazon.com/images/I/51kKftxBkSL.jpg,254962,height,132.0 centimetre
https://m.media-amazon.com/images/I/612G-hLXZEL.jpg,254962,height,20.47 inch
https://m.media-amazon.com/images/I/51T0ztKrvAS.jpg,254962,height,92.0 centimetre
https://m.media-amazon.com/images/I/61BG4w9mcCL.jpg,254962,height,910.0 millimetre
https://m.media-amazon.com/images/I/51hQBx3HRnL.jpg,254962,height,111.0 centimetre
https://m.media-amazon.com/images/I/61-pr4YTS+L.jpg,254962,height,110.0 centimetre
