image_link,group_id,entity_name,entity_value
https://m.media-amazon.com/images/I/51-rvBbQzjL.jpg,460806,width,31.7 millimetre
https://m.media-amazon.com/images/I/51SuvL-t-eL.jpg,460806,width,37.0 millimetre
https://m.media-amazon.com/images/I/51jRrucxHFL.jpg,460806,width,100.0 millimetre
https://m.media-amazon.com/images/I/51Tp1V7NjoS.jpg,460806,width,112.0 millimetre
https://m.media-amazon.com/images/I/51Tp1V7NjoS.jpg,460806,depth,112.0 millimetre
https://m.media-amazon.com/images/I/61ClARj6CiL.jpg,460806,width,16.0 millimetre
https://m.media-amazon.com/images/I/61CVmiQ+xBL.jpg,460806,width,67.0 millimetre
https://m.media-amazon.com/images/I/41bKLw4N86L.jpg,460806,width,30.0 millimetre
https://m.media-amazon.com/images/I/51vwFfJGpoL.jpg,460806,width,58.0 millimetre
https://m.media-amazon.com/images/I/61FNbFeXX2L.jpg,460806,width,49.0 millimetre
https://m.media-amazon.com/images/I/51hCqZtbM2L.jpg,460806,width,72.0 millimetre
https://m.media-amazon.com/images/I/51Kv59+y5eL.jpg,460806,width,101.5 millimetre
https://m.media-amazon.com/images/I/612gjR+QPHL.jpg,460806,width,62.0 millimetre
https://m.media-amazon.com/images/I/51GF9fJlVbL.jpg,460806,width,101.5 millimetre
https://m.media-amazon.com/images/I/51m7jodx4YL.jpg,460806,width,37.0 millimetre
https://m.media-amazon.com/images/I/51i1nsITEFL.jpg,460806,width,82.0 millimetre
https://m.media-amazon.com/images/I/61AiOPnMe8L.jpg,460806,width,17.0 millimetre
https://m.media-amazon.com/images/I/61+R8hEN+4L.jpg,460806,width,55.0 millimetre
https://m.media-amazon.com/images/I/51uEgRpzk1L.jpg,460806,width,49.0 millimetre
https://m.media-amazon.com/images/I/41x4-wAoX7L.jpg,460806,width,62.0 millimetre
https://m.media-amazon.com/images/I/519AFrhAdeL.jpg,460806,width,37.0 millimetre
https://m.media-amazon.com/images/I/615yKjtWHPL.jpg,460806,width,31.7 millimetre
https://m.media-amazon.com/images/I/51-Ry-P39oL.jpg,460806,width,82.0 millimetre
https://m.media-amazon.com/images/I/51ghUO4Ev0L.jpg,460806,width,67.0 millimetre
https://m.media-amazon.com/images/I/61DPIWYvq1L.jpg,460806,width,24.0 millimetre
https://m.media-amazon.com/images/I/51UQ6vHT+LL.jpg,460806,width,67.0 millimetre
https://m.media-amazon.com/images/I/51Mmq0-sCbL.jpg,460806,width,35.0 millimetre
https://m.media-amazon.com/images/I/51IJxZZfyUL.jpg,460806,width,72.0 millimetre
https://m.media-amazon.com/images/I/515VPIFLqPL.jpg,460806,width,49.0 millimetre
https://m.media-amazon.com/images/I/51MyDig8sWL.jpg,460806,width,49.0 millimetre
https://m.media-amazon.com/images/I/619YXWlhaGL.jpg,460806,width,40.5 millimetre
https://m.media-amazon.com/images/I/6191uUmSBvL.jpg,460806,width,24.0 millimetre
https://m.media-amazon.com/images/I/51RhPB76xOL.jpg,460806,width,1.25 inch
https://m.media-amazon.com/images/I/515zBh+P9NL.jpg,460806,width,50.0 millimetre
https://m.media-amazon.com/images/I/41ja7HScgtL.jpg,460806,width,58.0 millimetre
https://m.media-amazon.com/images/I/51mzUJtvZ8L.jpg,460806,width,58.0 millimetre
https://m.media-amazon.com/images/I/41TFgOVcFwL.jpg,460806,width,43.0 millimetre
https://m.media-amazon.com/images/I/515ae2sKf+L.jpg,460806,width,55.0 millimetre
https://m.media-amazon.com/images/I/61+qbCyBHzL.jpg,460806,width,55.0 millimetre
https://m.media-amazon.com/images/I/617XQplmJUL.jpg,460806,width,40.5 millimetre
https://m.media-amazon.com/images/I/4164ib4lEpL.jpg,460806,width,62.0 millimetre
https://m.media-amazon.com/images/I/51rBhOG4HiL.jpg,460806,width,52.0 millimetre
https://m.media-amazon.com/images/I/51HBWXCX-cL.jpg,460806,width,49.0 millimetre
https://m.media-amazon.com/images/I/61FQDW-DJnL.jpg,460806,width,67.0 millimetre
https://m.media-amazon.com/images/I/51kW+83CFdL.jpg,460806,width,14.0 millimetre
https://m.media-amazon.com/images/I/51BRWCBoO9L.jpg,460806,width,77.0 millimetre
https://m.media-amazon.com/images/I/51X+OeyORKL.jpg,460806,width,77.0 millimetre
https://m.media-amazon.com/images/I/51j3t7kRahL.jpg,460806,width,72.0 millimetre
https://m.media-amazon.com/images/I/611hXLjJR9L.jpg,460806,width,77.0 millimetre
https://m.media-amazon.com/images/I/51lhHm6GunL.jpg,460806,width,43.0 millimetre
https://m.media-amazon.com/images/I/51lhHm6GunL.jpg,460806,depth,43.0 millimetre
https://m.media-amazon.com/images/I/516uOMK-BiL.jpg,460806,width,67.0 millimetre
https://m.media-amazon.com/images/I/610xRJgnNDL.jpg,460806,width,35.5 millimetre
https://m.media-amazon.com/images/I/610xRJgnNDL.jpg,460806,depth,35.5 millimetre
https://m.media-amazon.com/images/I/610TeoMEdkS.jpg,460806,width,62.0 millimetre
https://m.media-amazon.com/images/I/61E8ndcgErL.jpg,460806,width,24.0 millimetre
https://m.media-amazon.com/images/I/51-dglxQhgS.jpg,460806,width,29.0 millimetre
https://m.media-amazon.com/images/I/51oDRJjoGkL.jpg,460806,width,77.0 millimetre
https://m.media-amazon.com/images/I/51oDRJjoGkL.jpg,460806,depth,77.0 millimetre
https://m.media-amazon.com/images/I/61ELDHGGd6L.jpg,460806,width,67.0 millimetre
https://m.media-amazon.com/images/I/612vhNqpN7L.jpg,460806,width,60.0 millimetre
https://m.media-amazon.com/images/I/513w4kOLOaS.jpg,460806,width,67.0 millimetre
https://m.media-amazon.com/images/I/511mry1Ve7L.jpg,460806,width,58.0 millimetre
https://m.media-amazon.com/images/I/511OTBkWkmL.jpg,460806,width,43.0 millimetre
https://m.media-amazon.com/images/I/61FnEnoUUPL.jpg,460806,width,100.0 millimetre
https://m.media-amazon.com/images/I/613FMssI0QL.jpg,460806,width,15.0 millimetre
https://m.media-amazon.com/images/I/61G+qfEThvL.jpg,460806,width,82.0 millimetre
https://m.media-amazon.com/images/I/41U6ZUhJ3oL.jpg,460806,width,4.0 inch
https://m.media-amazon.com/images/I/51A44jELZqL.jpg,460806,width,100.0 millimetre
https://m.media-amazon.com/images/I/61CmLQgeRuL.jpg,460806,width,95.0 millimetre
https://m.media-amazon.com/images/I/51m5Z9XJ5dL.jpg,460806,width,62.0 millimetre
https://m.media-amazon.com/images/I/41e9fJM7kEL.jpg,460806,width,21.0 centimetre
https://m.media-amazon.com/images/I/51Cz82Qb8NL.jpg,460806,width,58.0 millimetre
https://m.media-amazon.com/images/I/61ClZ6yog3L.jpg,460806,width,77.0 millimetre
https://m.media-amazon.com/images/I/51pqj-uP-3L.jpg,460806,width,49.0 millimetre
https://m.media-amazon.com/images/I/51xwqa9qUuL.jpg,460806,width,77.0 millimetre
https://m.media-amazon.com/images/I/61GDUolFhfL.jpg,460806,width,77.0 millimetre
https://m.media-amazon.com/images/I/61GDUolFhfL.jpg,460806,depth,77.0 millimetre
https://m.media-amazon.com/images/I/51npB73nfmL.jpg,460806,width,105.0 millimetre
https://m.media-amazon.com/images/I/51npB73nfmL.jpg,460806,depth,105.0 millimetre
https://m.media-amazon.com/images/I/6123fLSt35L.jpg,460806,width,49.0 millimetre
https://m.media-amazon.com/images/I/6123fLSt35L.jpg,460806,depth,49.0 millimetre
https://m.media-amazon.com/images/I/41QAgPAfmOL.jpg,460806,width,2.0 inch
https://m.media-amazon.com/images/I/41Mr2tiKhSL.jpg,460806,width,55.0 millimetre
https://m.media-amazon.com/images/I/615QvkfM8DL.jpg,460806,width,72.0 millimetre
https://m.media-amazon.com/images/I/510c98HhwgL.jpg,460806,width,95.0 millimetre
https://m.media-amazon.com/images/I/51MLwIWNK6L.jpg,460806,width,70.0 millimetre
https://m.media-amazon.com/images/I/51FdPzk7BxL.jpg,460806,width,58.0 millimetre
https://m.media-amazon.com/images/I/51FdPzk7BxL.jpg,460806,depth,58.0 millimetre
https://m.media-amazon.com/images/I/51E9XAuSMSL.jpg,460806,width,34.0 millimetre
https://m.media-amazon.com/images/I/51ivyXkdXIL.jpg,460806,width,55.0 millimetre
https://m.media-amazon.com/images/I/51ZSs5DDVFL.jpg,460806,width,48.0 millimetre
https://m.media-amazon.com/images/I/61Bk2CoCoML.jpg,460806,width,55.0 millimetre
https://m.media-amazon.com/images/I/611b8nF2KUL.jpg,460806,width,62.0 millimetre
https://m.media-amazon.com/images/I/518pSQc1YuS.jpg,460806,width,40.5 millimetre
https://m.media-amazon.com/images/I/51mecnfCqXL.jpg,460806,width,2.0 inch
https://m.media-amazon.com/images/I/612mYfPy-LL.jpg,460806,width,67.0 millimetre
https://m.media-amazon.com/images/I/513DO6tezpL.jpg,460806,width,72.0 millimetre
https://m.media-amazon.com/images/I/616xR5Q9ybL.jpg,460806,width,55.0 millimetre
https://m.media-amazon.com/images/I/519mlJDXwhL.jpg,460806,width,58.0 millimetre
https://m.media-amazon.com/images/I/51EPsfNVJ4L.jpg,460806,width,77.0 millimetre
https://m.media-amazon.com/images/I/612mFLTIgLL.jpg,460806,width,52.0 millimetre
https://m.media-amazon.com/images/I/51JqKbmPUTL.jpg,460806,width,52.0 millimetre
https://m.media-amazon.com/images/I/61Dqj0YpuaL.jpg,460806,width,67.0 millimetre
https://m.media-amazon.com/images/I/21sATesgJrL.jpg,460806,width,82.0 millimetre
https://m.media-amazon.com/images/I/41poZck5frS.jpg,460806,width,3.8 centimetre
https://m.media-amazon.com/images/I/51PXGopeypL.jpg,460806,width,1.25 inch
https://m.media-amazon.com/images/I/51HwnisTwbL.jpg,460806,width,58.0 millimetre
https://m.media-amazon.com/images/I/61+Ow5hj-RL.jpg,460806,width,55.0 millimetre
https://m.media-amazon.com/images/I/51gAoCElH6L.jpg,460806,width,3.1 inch
https://m.media-amazon.com/images/I/51SLUJXJlAS.jpg,460806,width,49.0 millimetre
https://m.media-amazon.com/images/I/51SLUJXJlAS.jpg,460806,depth,49.0 millimetre
https://m.media-amazon.com/images/I/41rXbFFUyqL.jpg,460806,width,77.0 millimetre
https://m.media-amazon.com/images/I/51VLIk8M0wL.jpg,460806,width,37.0 millimetre
https://m.media-amazon.com/images/I/51VLIk8M0wL.jpg,460806,depth,37.0 millimetre
https://m.media-amazon.com/images/I/61Al+JZkIjL.jpg,460806,width,77.0 millimetre
https://m.media-amazon.com/images/I/61Al+JZkIjL.jpg,460806,depth,77.0 millimetre
https://m.media-amazon.com/images/I/51j9mdW-2mS.jpg,460806,width,55.0 millimetre
https://m.media-amazon.com/images/I/51j9mdW-2mS.jpg,460806,depth,55.0 millimetre
https://m.media-amazon.com/images/I/613EUTHH3rS.jpg,460806,width,58.0 millimetre
https://m.media-amazon.com/images/I/617PMZtxY-L.jpg,460806,width,67.0 millimetre
https://m.media-amazon.com/images/I/61BEgkCSXFS.jpg,460806,width,77.0 millimetre
https://m.media-amazon.com/images/I/41fOmaWXXTL.jpg,460806,width,52.0 millimetre
https://m.media-amazon.com/images/I/41BNF8tcW3L.jpg,460806,width,43.0 millimetre
https://m.media-amazon.com/images/I/617DuueNqKL.jpg,460806,width,17.0 millimetre
https://m.media-amazon.com/images/I/611OaZXSmXL.jpg,460806,width,37.0 millimetre
https://m.media-amazon.com/images/I/611OaZXSmXL.jpg,460806,depth,37.0 millimetre
https://m.media-amazon.com/images/I/517WJj5noML.jpg,460806,width,49.0 millimetre
https://m.media-amazon.com/images/I/51o28oZuFzS.jpg,460806,width,43.0 millimetre
https://m.media-amazon.com/images/I/51fcKt86MaL.jpg,460806,width,1.25 inch
https://m.media-amazon.com/images/I/61F5iWegdFL.jpg,460806,width,82.0 millimetre
https://m.media-amazon.com/images/I/51W92dckX1S.jpg,460806,width,77.0 millimetre
https://m.media-amazon.com/images/I/51h5rlban8L.jpg,460806,width,77.0 millimetre
https://m.media-amazon.com/images/I/51h5rlban8L.jpg,460806,depth,77.0 millimetre
https://m.media-amazon.com/images/I/611nSInMkCL.jpg,460806,width,77.0 millimetre
https://m.media-amazon.com/images/I/611nSInMkCL.jpg,460806,depth,77.0 millimetre
https://m.media-amazon.com/images/I/61EQxoKhiBL.jpg,460806,width,77.0 millimetre
https://m.media-amazon.com/images/I/513zcySMgRL.jpg,460806,width,1.25 inch
https://m.media-amazon.com/images/I/612V6-vnU2L.jpg,460806,width,58.0 millimetre
https://m.media-amazon.com/images/I/511rQXkQQ7L.jpg,460806,width,1.25 inch
https://m.media-amazon.com/images/I/51WTJM00JQL.jpg,460806,width,46.0 millimetre
https://m.media-amazon.com/images/I/517eYEsaCPL.jpg,460806,width,58.0 millimetre
https://m.media-amazon.com/images/I/51BaHAg4YIL.jpg,460806,width,43.0 millimetre
https://m.media-amazon.com/images/I/6170JgBPqHL.jpg,460806,width,37.0 millimetre
https://m.media-amazon.com/images/I/51sRT6W2U5L.jpg,460806,width,67.0 millimetre
https://m.media-amazon.com/images/I/61+LoqEDanL.jpg,460806,width,77.0 millimetre
https://m.media-amazon.com/images/I/51Ncju7twxL.jpg,460806,width,100.0 millimetre
https://m.media-amazon.com/images/I/51Plx1LfWjL.jpg,460806,width,62.0 millimetre
https://m.media-amazon.com/images/I/61AO-nH6mJL.jpg,460806,width,40.0 millimetre
https://m.media-amazon.com/images/I/619veuhPf9L.jpg,460806,width,52.0 millimetre
https://m.media-amazon.com/images/I/512-LheXx+L.jpg,460806,width,77.0 millimetre
https://m.media-amazon.com/images/I/61Ey9wTFkOL.jpg,460806,width,40.5 millimetre
https://m.media-amazon.com/images/I/61FQJ-fzhaS.jpg,460806,width,95.0 millimetre
https://m.media-amazon.com/images/I/513MIuAC81L.jpg,460806,width,49.0 millimetre
https://m.media-amazon.com/images/I/513MIuAC81L.jpg,460806,depth,49.0 millimetre
https://m.media-amazon.com/images/I/413R8+UBdpL.jpg,460806,width,43.0 millimetre
https://m.media-amazon.com/images/I/41jP+ZEWnHL.jpg,460806,width,82.0 millimetre
https://m.media-amazon.com/images/I/615FIxyW-YL.jpg,460806,width,32.0 millimetre
https://m.media-amazon.com/images/I/514vqY9qawL.jpg,460806,width,11.5 centimetre
https://m.media-amazon.com/images/I/613YfkZvaeL.jpg,460806,width,58.0 millimetre
https://m.media-amazon.com/images/I/61C+I8IrhzL.jpg,460806,width,62.0 millimetre
https://m.media-amazon.com/images/I/6151WbqJckS.jpg,460806,width,58.0 millimetre
https://m.media-amazon.com/images/I/61AXKl41EQL.jpg,460806,width,105.0 millimetre
https://m.media-amazon.com/images/I/61-w2rzo9cL.jpg,460806,width,67.0 millimetre
https://m.media-amazon.com/images/I/61-w2rzo9cL.jpg,460806,depth,67.0 millimetre
https://m.media-amazon.com/images/I/613nHTMVgrL.jpg,460806,width,58.0 millimetre
https://m.media-amazon.com/images/I/51mznIHA6BS.jpg,460806,width,82.0 millimetre
https://m.media-amazon.com/images/I/51tEWJqSqbL.jpg,460806,width,39.0 millimetre
https://m.media-amazon.com/images/I/41TnZbBVDTL.jpg,460806,width,105.0 millimetre
https://m.media-amazon.com/images/I/615BCJDV3jL.jpg,460806,width,1.25 inch
https://m.media-amazon.com/images/I/51PwmAzSzbL.jpg,460806,width,40.5 millimetre
https://m.media-amazon.com/images/I/31wzv9TJoEL.jpg,460806,width,105.0 millimetre
https://m.media-amazon.com/images/I/51p+pX4FB1L.jpg,460806,width,101.5 millimetre
https://m.media-amazon.com/images/I/51yYmvK3PLL.jpg,460806,width,72.0 millimetre
https://m.media-amazon.com/images/I/618lTJ2ZhLL.jpg,460806,width,37.0 millimetre
https://m.media-amazon.com/images/I/61Ea3+ot5-L.jpg,460806,width,55.0 millimetre
https://m.media-amazon.com/images/I/51V0JTMOT2L.jpg,460806,width,100.0 millimetre
https://m.media-amazon.com/images/I/61Ajm9iF5OL.jpg,460806,width,6.0 centimetre
https://m.media-amazon.com/images/I/51s5X7j1pKL.jpg,460806,width,42.0 millimetre
https://m.media-amazon.com/images/I/614zuaqjNQS.jpg,460806,width,2.0 inch
https://m.media-amazon.com/images/I/5115na5JJCL.jpg,460806,width,4.0 centimetre
https://m.media-amazon.com/images/I/51Fz+s+EjDL.jpg,460806,width,40.5 millimetre
https://m.media-amazon.com/images/I/616ts0DIxeL.jpg,460806,width,55.0 millimetre
https://m.media-amazon.com/images/I/614Q-XyzYWL.jpg,460806,width,4.0 inch
https://m.media-amazon.com/images/I/51zIuKfoqpL.jpg,460806,width,77.0 millimetre
https://m.media-amazon.com/images/I/51QNad2H7eL.jpg,460806,width,58.0 millimetre
https://m.media-amazon.com/images/I/51Lwqak3-jL.jpg,460806,width,39.0 millimetre
https://m.media-amazon.com/images/I/61CJhNd+JNL.jpg,460806,width,82.0 millimetre
https://m.media-amazon.com/images/I/614ZRPUtMoL.jpg,460806,width,50.0 millimetre
https://m.media-amazon.com/images/I/51c6v1IAspL.jpg,460806,width,5.0 centimetre
https://m.media-amazon.com/images/I/61238F5rkoL.jpg,460806,width,77.0 millimetre
https://m.media-amazon.com/images/I/51B0OBTfKEL.jpg,460806,width,52.0 millimetre
https://m.media-amazon.com/images/I/51tAqc4yApL.jpg,460806,width,70.0 millimetre
https://m.media-amazon.com/images/I/510xG3cXfKL.jpg,460806,width,77.0 millimetre
https://m.media-amazon.com/images/I/614+9IeJPFL.jpg,460806,width,77.0 millimetre
https://m.media-amazon.com/images/I/61Dca3liC3L.jpg,460806,width,67.0 millimetre
https://m.media-amazon.com/images/I/51Q5I00b3BL.jpg,460806,width,67.0 millimetre
https://m.media-amazon.com/images/I/61A2XmNkJJL.jpg,460806,width,43.0 millimetre
https://m.media-amazon.com/images/I/61A2XmNkJJL.jpg,460806,depth,43.0 millimetre
https://m.media-amazon.com/images/I/6190SGreWxL.jpg,460806,width,82.0 millimetre
https://m.media-amazon.com/images/I/6189SFj9u5L.jpg,460806,width,50.0 millimetre
https://m.media-amazon.com/images/I/51ckeDCm-WL.jpg,460806,width,77.0 millimetre
https://m.media-amazon.com/images/I/51gbWBXNoyL.jpg,460806,width,100.0 millimetre
https://m.media-amazon.com/images/I/51t6xtjZNmL.jpg,460806,width,62.0 millimetre
https://m.media-amazon.com/images/I/41r5af58F-L.jpg,460806,width,55.0 millimetre
https://m.media-amazon.com/images/I/51m6UOqKdgL.jpg,460806,width,52.0 millimetre
https://m.media-amazon.com/images/I/51FMzltdTkL.jpg,460806,width,1.25 inch
https://m.media-amazon.com/images/I/510iuDKkQcL.jpg,460806,width,49.0 millimetre
https://m.media-amazon.com/images/I/41kw5rJwA+L.jpg,460806,width,2.45 centimetre
https://m.media-amazon.com/images/I/51szOFHd5gL.jpg,460806,width,39.0 millimetre
https://m.media-amazon.com/images/I/51JZFRiJW2L.jpg,460806,width,58.0 millimetre
https://m.media-amazon.com/images/I/51YvzX0E7FL.jpg,460806,width,100.0 millimetre
https://m.media-amazon.com/images/I/51aI6knsUYL.jpg,460806,width,58.0 millimetre
https://m.media-amazon.com/images/I/51zk6DHWm5S.jpg,460806,width,58.0 millimetre
https://m.media-amazon.com/images/I/51jN-pp7-xL.jpg,460806,width,49.0 millimetre
https://m.media-amazon.com/images/I/51jN-pp7-xL.jpg,460806,depth,49.0 millimetre
https://m.media-amazon.com/images/I/41HjqRvYHjL.jpg,460806,width,62.0 millimetre
https://m.media-amazon.com/images/I/61A-maccO1L.jpg,460806,width,1.25 inch
https://m.media-amazon.com/images/I/51G3dGZ-mrL.jpg,460806,width,95.0 millimetre
https://m.media-amazon.com/images/I/41qMlCx8vSL.jpg,460806,width,2.0 inch
https://m.media-amazon.com/images/I/51nk3KiVhuL.jpg,460806,width,55.0 millimetre
https://m.media-amazon.com/images/I/51R-cyxheaL.jpg,460806,width,52.0 millimetre
https://m.media-amazon.com/images/I/51SwxUmkRHL.jpg,460806,width,49.0 millimetre
https://m.media-amazon.com/images/I/51ny8aga0FL.jpg,460806,width,2.0 inch
https://m.media-amazon.com/images/I/61BVXUPGX0L.jpg,460806,width,52.0 millimetre
https://m.media-amazon.com/images/I/61-eVTBVhrL.jpg,460806,width,67.0 millimetre
https://m.media-amazon.com/images/I/51p327jzKvL.jpg,460806,width,55.0 millimetre
https://m.media-amazon.com/images/I/411DMjY9oyL.jpg,460806,width,49.0 millimetre
https://m.media-amazon.com/images/I/411DMjY9oyL.jpg,460806,depth,49.0 millimetre
https://m.media-amazon.com/images/I/617qMwiETHL.jpg,460806,width,67.0 millimetre
https://m.media-amazon.com/images/I/31BjOgNh9DL.jpg,460806,width,4.0 inch
https://m.media-amazon.com/images/I/31BjOgNh9DL.jpg,460806,depth,5.65 inch
https://m.media-amazon.com/images/I/512FdfF29gL.jpg,460806,width,100.0 millimetre
https://m.media-amazon.com/images/I/611ignevNrL.jpg,460806,width,52.0 millimetre
https://m.media-amazon.com/images/I/61277T-TMwL.jpg,460806,width,40.5 millimetre
https://m.media-amazon.com/images/I/51KKtqYhvaL.jpg,460806,width,77.0 millimetre
https://m.media-amazon.com/images/I/618KEpYgvdL.jpg,460806,width,58.0 millimetre
https://m.media-amazon.com/images/I/51sqI12-lfL.jpg,460806,width,67.0 millimetre
https://m.media-amazon.com/images/I/51w1ObAKt+L.jpg,460806,width,58.0 millimetre
https://m.media-amazon.com/images/I/51hPK2BpYXL.jpg,460806,width,82.0 millimetre
https://m.media-amazon.com/images/I/613KE04ijrL.jpg,460806,width,82.0 millimetre
https://m.media-amazon.com/images/I/612LNy+t4vL.jpg,460806,width,37.0 millimetre
https://m.media-amazon.com/images/I/612LNy+t4vL.jpg,460806,depth,37.0 millimetre
https://m.media-amazon.com/images/I/515UgZsg-7L.jpg,460806,width,82.0 millimetre
https://m.media-amazon.com/images/I/51aRzdU32xL.jpg,460806,width,77.0 millimetre
https://m.media-amazon.com/images/I/51Pvhh-RfAL.jpg,460806,width,72.0 millimetre
https://m.media-amazon.com/images/I/614cXiTMkGL.jpg,460806,width,49.0 millimetre
https://m.media-amazon.com/images/I/610UpKEuawL.jpg,460806,width,37.0 millimetre
https://m.media-amazon.com/images/I/613gt8JWIYL.jpg,460806,width,43.0 millimetre
https://m.media-amazon.com/images/I/513b-8-mUKL.jpg,460806,width,1.25 inch
https://m.media-amazon.com/images/I/513b-8-mUKL.jpg,460806,depth,1.25 inch
https://m.media-amazon.com/images/I/610nzwlLLfL.jpg,460806,width,24.0 millimetre
https://m.media-amazon.com/images/I/51zCm-qEvuL.jpg,460806,width,70.0 millimetre
https://m.media-amazon.com/images/I/613gedM9L5S.jpg,460806,width,1.0 inch
https://m.media-amazon.com/images/I/51KNhnqb39L.jpg,460806,width,67.0 millimetre
https://m.media-amazon.com/images/I/51ZoydkXPqL.jpg,460806,width,77.0 millimetre
https://m.media-amazon.com/images/I/61AsR6uENjL.jpg,460806,width,55.0 millimetre
https://m.media-amazon.com/images/I/61+V2IqbWyL.jpg,460806,width,82.0 millimetre
https://m.media-amazon.com/images/I/61+FY38OHuL.jpg,460806,width,67.0 millimetre
https://m.media-amazon.com/images/I/61+FY38OHuL.jpg,460806,depth,67.0 millimetre
https://m.media-amazon.com/images/I/51LxZT1mwDL.jpg,460806,width,72.0 millimetre
https://m.media-amazon.com/images/I/513XuX2+eKL.jpg,460806,width,58.0 millimetre
https://m.media-amazon.com/images/I/51DdxGQLvzL.jpg,460806,width,50.8 millimetre
https://m.media-amazon.com/images/I/51z68pnKXYL.jpg,460806,width,52.0 millimetre
https://m.media-amazon.com/images/I/5120Mdc0CrS.jpg,460806,width,52.0 millimetre
https://m.media-amazon.com/images/I/51RDr1QECNL.jpg,460806,width,72.0 millimetre
https://m.media-amazon.com/images/I/61C4t1zJybL.jpg,460806,width,4.0 inch
https://m.media-amazon.com/images/I/51Xp3JQgFPL.jpg,460806,width,95.0 millimetre
https://m.media-amazon.com/images/I/51zosgeVLnL.jpg,460806,width,43.0 millimetre
https://m.media-amazon.com/images/I/51Hpzt7lJsL.jpg,460806,width,67.0 millimetre
https://m.media-amazon.com/images/I/61En4iFiekL.jpg,460806,width,52.0 millimetre
https://m.media-amazon.com/images/I/512nEViVs8L.jpg,460806,width,67.0 millimetre
https://m.media-amazon.com/images/I/61DBlFQ8PQL.jpg,460806,width,100.0 millimetre
https://m.media-amazon.com/images/I/61DBlFQ8PQL.jpg,460806,depth,100.0 millimetre
https://m.media-amazon.com/images/I/611thRVA+2L.jpg,460806,width,72.0 millimetre
https://m.media-amazon.com/images/I/51rPop3AFCL.jpg,460806,width,77.0 millimetre
https://m.media-amazon.com/images/I/61Au9b0Z1AL.jpg,460806,width,1.25 inch
https://m.media-amazon.com/images/I/612uYD3y6kL.jpg,460806,width,58.0 millimetre
https://m.media-amazon.com/images/I/517J2xNe7YS.jpg,460806,width,62.0 millimetre
https://m.media-amazon.com/images/I/51Junm8GQ+L.jpg,460806,width,82.0 millimetre
https://m.media-amazon.com/images/I/611ftMNHczL.jpg,460806,width,77.0 millimetre
https://m.media-amazon.com/images/I/61F6F3kyWcL.jpg,460806,width,4.0 inch
https://m.media-amazon.com/images/I/51irP6Q+FtL.jpg,460806,width,18.0 millimetre
https://m.media-amazon.com/images/I/6103WZLAfFL.jpg,460806,width,100.0 millimetre
https://m.media-amazon.com/images/I/51SK7DW7n9L.jpg,460806,width,82.0 millimetre
https://m.media-amazon.com/images/I/61AYVYwfTFL.jpg,460806,width,77.0 millimetre
https://m.media-amazon.com/images/I/51ZCnFMsmiL.jpg,460806,width,40.5 millimetre
https://m.media-amazon.com/images/I/51vnU21jXbL.jpg,460806,width,52.0 millimetre
https://m.media-amazon.com/images/I/51IuhOQbynL.jpg,460806,width,95.0 millimetre
https://m.media-amazon.com/images/I/51juIy-Q0aL.jpg,460806,width,42.0 millimetre
https://m.media-amazon.com/images/I/51tBucCsHLL.jpg,460806,width,46.0 millimetre
https://m.media-amazon.com/images/I/61DL2+z7WOL.jpg,460806,width,72.0 millimetre
https://m.media-amazon.com/images/I/612v1L4q8ZL.jpg,460806,width,82.0 millimetre
https://m.media-amazon.com/images/I/614S5JY5HsL.jpg,460806,width,1.0 inch
https://m.media-amazon.com/images/I/61-rCjMJZgL.jpg,460806,width,52.0 millimetre
https://m.media-amazon.com/images/I/51Jl6NrverL.jpg,460806,width,2.0 inch
https://m.media-amazon.com/images/I/51Z2Gee9TPS.jpg,460806,width,62.0 millimetre
https://m.media-amazon.com/images/I/51eIsbD17JL.jpg,460806,width,101.5 millimetre
https://m.media-amazon.com/images/I/51XqugI9BML.jpg,460806,width,62.0 millimetre
https://m.media-amazon.com/images/I/61AM826WNQL.jpg,460806,width,50.0 millimetre
https://m.media-amazon.com/images/I/517j2Zm7PZL.jpg,460806,width,58.0 millimetre
https://m.media-amazon.com/images/I/61+0vfUnDNL.jpg,460806,width,77.0 millimetre
https://m.media-amazon.com/images/I/51jN+zkeEhL.jpg,460806,width,58.0 millimetre
https://m.media-amazon.com/images/I/51jN+zkeEhL.jpg,460806,depth,58.0 millimetre
https://m.media-amazon.com/images/I/51OCxk67g9L.jpg,460806,width,49.0 millimetre
https://m.media-amazon.com/images/I/614UgvlzbvL.jpg,460806,width,82.0 millimetre
https://m.media-amazon.com/images/I/619X1Ixt-6L.jpg,460806,width,49.0 millimetre
https://m.media-amazon.com/images/I/615uY2fhZwL.jpg,460806,width,55.0 millimetre
https://m.media-amazon.com/images/I/51VNShipN9L.jpg,460806,width,20.0 millimetre
https://m.media-amazon.com/images/I/6196H6RCOBL.jpg,460806,width,77.0 millimetre
https://m.media-amazon.com/images/I/51M1Pfgy90L.jpg,460806,width,2.0 inch
https://m.media-amazon.com/images/I/51M1Pfgy90L.jpg,460806,depth,2.0 inch
https://m.media-amazon.com/images/I/51Zf3E4bNgL.jpg,460806,width,52.0 millimetre
https://m.media-amazon.com/images/I/617dvqw4QtL.jpg,460806,width,77.0 millimetre
https://m.media-amazon.com/images/I/51eoi870tKL.jpg,460806,width,49.0 millimetre
https://m.media-amazon.com/images/I/51WS+BK9KhL.jpg,460806,width,67.0 millimetre
https://m.media-amazon.com/images/I/61FdOHIBArL.jpg,460806,width,58.0 millimetre
https://m.media-amazon.com/images/I/51uoIjZ-p7L.jpg,460806,width,77.0 millimetre
https://m.media-amazon.com/images/I/51uoIjZ-p7L.jpg,460806,depth,77.0 millimetre
https://m.media-amazon.com/images/I/51rfIj3qkuL.jpg,460806,width,41.0 millimetre
https://m.media-amazon.com/images/I/51PjmWYCwhL.jpg,460806,width,52.0 millimetre
https://m.media-amazon.com/images/I/612FuJH-r6L.jpg,460806,width,72.0 millimetre
https://m.media-amazon.com/images/I/51fl3WpcXdL.jpg,460806,width,95.0 millimetre
https://m.media-amazon.com/images/I/6174pXqCazL.jpg,460806,width,62.0 millimetre
https://m.media-amazon.com/images/I/51empKSCmTL.jpg,460806,width,72.0 millimetre
https://m.media-amazon.com/images/I/51BFvZ6VItL.jpg,460806,width,62.0 millimetre
https://m.media-amazon.com/images/I/51BFvZ6VItL.jpg,460806,depth,62.0 millimetre
https://m.media-amazon.com/images/I/61F3+jkN-YL.jpg,460806,width,82.0 millimetre
https://m.media-amazon.com/images/I/515IL1-C3HL.jpg,460806,width,70.0 millimetre
https://m.media-amazon.com/images/I/515IL1-C3HL.jpg,460806,depth,70.0 millimetre
https://m.media-amazon.com/images/I/614MFF-f8wL.jpg,460806,width,14.0 millimetre
https://m.media-amazon.com/images/I/619iNAHhngL.jpg,460806,width,95.0 millimetre
https://m.media-amazon.com/images/I/51ZYg0PvS+L.jpg,460806,width,67.0 millimetre
https://m.media-amazon.com/images/I/51ZYg0PvS+L.jpg,460806,depth,67.0 millimetre
https://m.media-amazon.com/images/I/61A5fVnSjmL.jpg,460806,width,82.0 millimetre
https://m.media-amazon.com/images/I/616l6iapJwL.jpg,460806,width,2.0 inch
https://m.media-amazon.com/images/I/51zkPPOH-BS.jpg,460806,width,62.0 millimetre
https://m.media-amazon.com/images/I/518jlMxlDOL.jpg,460806,width,55.0 millimetre
https://m.media-amazon.com/images/I/51G0LUhs0kL.jpg,460806,width,62.0 millimetre
https://m.media-amazon.com/images/I/51hxflFFQPS.jpg,460806,width,58.0 millimetre
https://m.media-amazon.com/images/I/61F3qqhIr-L.jpg,460806,width,17.0 millimetre
https://m.media-amazon.com/images/I/51xk7rrSEuL.jpg,460806,width,77.0 millimetre
https://m.media-amazon.com/images/I/51V3lGAM3aL.jpg,460806,width,82.0 millimetre
https://m.media-amazon.com/images/I/51tBT9WsGlL.jpg,460806,width,55.0 millimetre
https://m.media-amazon.com/images/I/51KWCpJKiyL.jpg,460806,width,82.0 millimetre
https://m.media-amazon.com/images/I/618KAPWsdFL.jpg,460806,width,77.0 millimetre
https://m.media-amazon.com/images/I/51FmaK3BpwL.jpg,460806,depth,15.5 centimetre
https://m.media-amazon.com/images/I/51itsNBgS2S.jpg,460806,depth,52.0 millimetre
https://m.media-amazon.com/images/I/61-cpnggZYL.jpg,460806,depth,67.0 millimetre
https://m.media-amazon.com/images/I/412j6zCQvlL.jpg,460806,depth,77.0 millimetre
https://m.media-amazon.com/images/I/51uF3+Q8KOL.jpg,460806,depth,67.0 millimetre
https://m.media-amazon.com/images/I/618AxYQvPpL.jpg,460806,depth,82.0 millimetre
https://m.media-amazon.com/images/I/617urnElWIL.jpg,460806,depth,58.0 millimetre
https://m.media-amazon.com/images/I/51kfsKGkxQL.jpg,460806,depth,49.0 millimetre
https://m.media-amazon.com/images/I/51Qvr1lf7RL.jpg,460806,depth,82.0 millimetre
https://m.media-amazon.com/images/I/61Ft23HHSuL.jpg,460806,depth,3.0 inch
https://m.media-amazon.com/images/I/51a8bTVWfpL.jpg,460806,depth,67.0 millimetre
https://m.media-amazon.com/images/I/516DlAvMomL.jpg,460806,depth,52.0 millimetre
https://m.media-amazon.com/images/I/514ukUsYlSL.jpg,460806,depth,52.0 millimetre
https://m.media-amazon.com/images/I/41ZiW-QOybL.jpg,460806,depth,77.0 millimetre
https://m.media-amazon.com/images/I/51EbIu5yZPL.jpg,460806,depth,52.0 millimetre
https://m.media-amazon.com/images/I/617ctrKd7kL.jpg,460806,depth,82.0 millimetre
https://m.media-amazon.com/images/I/51TVwG0QGGL.jpg,460806,depth,77.0 millimetre
https://m.media-amazon.com/images/I/41ThhSz++fL.jpg,460806,depth,52.0 millimetre
https://m.media-amazon.com/images/I/51MsfavrqAL.jpg,460806,depth,72.0 millimetre
https://m.media-amazon.com/images/I/617JprKYYbL.jpg,460806,depth,37.0 millimetre
https://m.media-amazon.com/images/I/41gDoKNrA4S.jpg,460806,depth,43.0 millimetre
https://m.media-amazon.com/images/I/61DAth7AkHL.jpg,460806,depth,52.0 millimetre
https://m.media-amazon.com/images/I/61EgLDrsVCL.jpg,460806,depth,77.0 millimetre
https://m.media-amazon.com/images/I/416-x1PqHPL.jpg,460806,depth,43.0 millimetre
https://m.media-amazon.com/images/I/51L6ZrNRBXL.jpg,460806,depth,0.17 metre
https://m.media-amazon.com/images/I/61CBu1Fl6FL.jpg,460806,depth,67.0 millimetre
https://m.media-amazon.com/images/I/51VNbKPhvWL.jpg,460806,depth,1.25 inch
https://m.media-amazon.com/images/I/51ZZxBcq+fL.jpg,460806,depth,11.7 inch
https://m.media-amazon.com/images/I/51bihvTTNXL.jpg,460806,depth,40.5 millimetre
https://m.media-amazon.com/images/I/616kgLjhi7L.jpg,460806,depth,18.0 millimetre
https://m.media-amazon.com/images/I/61-W+bN+YGL.jpg,460806,depth,82.0 millimetre
https://m.media-amazon.com/images/I/6101-6uNqLL.jpg,460806,depth,25.0 millimetre
https://m.media-amazon.com/images/I/51npYHPZDcL.jpg,460806,depth,37.0 millimetre
https://m.media-amazon.com/images/I/613kJV6CqqL.jpg,460806,depth,18.0 millimetre
https://m.media-amazon.com/images/I/611XZDErvUL.jpg,460806,depth,82.0 millimetre
https://m.media-amazon.com/images/I/618m5KKeFxL.jpg,460806,depth,82.0 millimetre
https://m.media-amazon.com/images/I/51aNJqwJ9oL.jpg,460806,depth,52.0 millimetre
https://m.media-amazon.com/images/I/51zqcNjEieL.jpg,460806,depth,37.0 millimetre
https://m.media-amazon.com/images/I/61B97WvYP+L.jpg,460806,depth,43.0 millimetre
https://m.media-amazon.com/images/I/61AkW3prNnL.jpg,460806,depth,112.0 millimetre
https://m.media-amazon.com/images/I/611fGT1W3sL.jpg,460806,depth,40.0 millimetre
https://m.media-amazon.com/images/I/41gf96DaVNL.jpg,460806,depth,77.0 millimetre
https://m.media-amazon.com/images/I/51+36d9NkDL.jpg,460806,depth,82.0 millimetre
https://m.media-amazon.com/images/I/51njyagwitL.jpg,460806,depth,58.0 millimetre
https://m.media-amazon.com/images/I/61+wsL4MACL.jpg,460806,depth,24.0 millimetre
https://m.media-amazon.com/images/I/6165Zhd7NFL.jpg,460806,depth,1.25 inch
https://m.media-amazon.com/images/I/51BJsVNdHGL.jpg,460806,depth,100.0 millimetre
https://m.media-amazon.com/images/I/51F4R44BSaL.jpg,460806,depth,82.0 millimetre
https://m.media-amazon.com/images/I/41R+ROll7iL.jpg,460806,depth,150.0 millimetre
https://m.media-amazon.com/images/I/518FmV3MIUL.jpg,460806,depth,55.0 millimetre
https://m.media-amazon.com/images/I/51sBIGKyLaL.jpg,460806,depth,4.0 inch
https://m.media-amazon.com/images/I/51CL-EOPu1L.jpg,460806,depth,82.0 millimetre
https://m.media-amazon.com/images/I/41ut4BZh-oL.jpg,460806,depth,55.0 millimetre
https://m.media-amazon.com/images/I/31ptftY2qJL.jpg,460806,depth,50.0 centimetre
https://m.media-amazon.com/images/I/51BWnvzd+pL.jpg,460806,depth,82.0 millimetre
https://m.media-amazon.com/images/I/61CseWzKgYL.jpg,460806,depth,37.0 millimetre
https://m.media-amazon.com/images/I/61A4slGT--L.jpg,460806,depth,24.0 millimetre
https://m.media-amazon.com/images/I/51ziZ5Rl+7L.jpg,460806,depth,52.0 millimetre
https://m.media-amazon.com/images/I/61EZNA6ZBxL.jpg,460806,depth,5.65 inch
https://m.media-amazon.com/images/I/613D+0ScUoL.jpg,460806,depth,82.0 millimetre
https://m.media-amazon.com/images/I/51wt5F0ntXS.jpg,460806,depth,52.0 millimetre
https://m.media-amazon.com/images/I/41BwVRPhARL.jpg,460806,depth,82.0 millimetre
https://m.media-amazon.com/images/I/61-clr4m1mL.jpg,460806,depth,46.0 millimetre
https://m.media-amazon.com/images/I/51UA0BzTrzL.jpg,460806,depth,105.0 millimetre
https://m.media-amazon.com/images/I/61CWiXAq4jL.jpg,460806,depth,5.65 inch
https://m.media-amazon.com/images/I/5156LFoOFxL.jpg,460806,depth,3.2 centimetre
https://m.media-amazon.com/images/I/41AtH9DyxbL.jpg,460806,depth,67.0 millimetre
https://m.media-amazon.com/images/I/51UOb7uw2IL.jpg,460806,depth,58.0 millimetre
https://m.media-amazon.com/images/I/61F0qeMUdFL.jpg,460806,depth,72.0 millimetre
https://m.media-amazon.com/images/I/51TDS3RQrbL.jpg,460806,depth,49.0 millimetre
https://m.media-amazon.com/images/I/4124CodSQtL.jpg,460806,depth,37.0 millimetre
https://m.media-amazon.com/images/I/31UoEACFpbL.jpg,460806,depth,150.0 millimetre
https://m.media-amazon.com/images/I/619OzAsvy7L.jpg,460806,depth,58.0 millimetre
https://m.media-amazon.com/images/I/51A0mNEfJKL.jpg,460806,depth,82.0 millimetre
https://m.media-amazon.com/images/I/61F2BViNm7L.jpg,460806,depth,24.0 millimetre
https://m.media-amazon.com/images/I/41e6j3swQpL.jpg,460806,depth,150.0 millimetre
https://m.media-amazon.com/images/I/41CrzTTlvRL.jpg,460806,depth,77.0 millimetre
https://m.media-amazon.com/images/I/51h8jHcfO2L.jpg,460806,depth,58.0 millimetre
https://m.media-amazon.com/images/I/512DFKR30xL.jpg,460806,depth,52.0 millimetre
https://m.media-amazon.com/images/I/51VGltBdpIL.jpg,460806,depth,72.0 millimetre
https://m.media-amazon.com/images/I/61-7a9ICAwL.jpg,460806,depth,72.0 millimetre
https://m.media-amazon.com/images/I/514TrSZ0dtL.jpg,460806,depth,52.0 millimetre
https://m.media-amazon.com/images/I/51GOQ0oikyL.jpg,460806,depth,77.0 millimetre
https://m.media-amazon.com/images/I/51UG0kO2xGS.jpg,460806,depth,67.0 millimetre
https://m.media-amazon.com/images/I/51YC8ywF+kL.jpg,460806,depth,50.0 millimetre
https://m.media-amazon.com/images/I/419ajhMvkwL.jpg,460806,depth,67.0 millimetre
https://m.media-amazon.com/images/I/61Dqj6iehNL.jpg,460806,depth,49.0 millimetre
https://m.media-amazon.com/images/I/51PgS2zESkL.jpg,460806,depth,52.0 millimetre
https://m.media-amazon.com/images/I/51CDS2otvXL.jpg,460806,depth,40.5 millimetre
https://m.media-amazon.com/images/I/613v4b0OEiL.jpg,460806,depth,118.0 millimetre
https://m.media-amazon.com/images/I/51aZxxv1puL.jpg,460806,depth,55.0 millimetre
https://m.media-amazon.com/images/I/51HB27DqnQL.jpg,460806,depth,82.0 millimetre
https://m.media-amazon.com/images/I/51Z1ca58vgL.jpg,460806,depth,62.0 millimetre
https://m.media-amazon.com/images/I/51AXrs1eGfL.jpg,460806,depth,9.5 centimetre
https://m.media-amazon.com/images/I/51iXqsWzP8L.jpg,460806,depth,40.5 millimetre
https://m.media-amazon.com/images/I/618ovF2vq8L.jpg,460806,depth,72.0 millimetre
https://m.media-amazon.com/images/I/51IZzVc6DaL.jpg,460806,depth,80.0 millimetre
https://m.media-amazon.com/images/I/51bFFjdMwHL.jpg,460806,depth,72.0 millimetre
https://m.media-amazon.com/images/I/61EjXWViqHL.jpg,460806,depth,95.0 millimetre
https://m.media-amazon.com/images/I/51lZ8Ea+ADL.jpg,460806,depth,5.65 inch
https://m.media-amazon.com/images/I/61FrQY+cC6L.jpg,460806,depth,77.0 millimetre
https://m.media-amazon.com/images/I/51-VfcWlc8L.jpg,460806,depth,82.0 millimetre
https://m.media-amazon.com/images/I/51elTpEtKbL.jpg,460806,depth,18.0 millimetre
https://m.media-amazon.com/images/I/51oP9Bgz0nL.jpg,460806,depth,37.0 millimetre
https://m.media-amazon.com/images/I/514gAd87eAL.jpg,460806,depth,2.0 inch
https://m.media-amazon.com/images/I/51UUjgCPjqL.jpg,460806,depth,43.0 millimetre
https://m.media-amazon.com/images/I/51M5VsoZXGL.jpg,460806,depth,52.0 millimetre
https://m.media-amazon.com/images/I/51-IL4N8ClL.jpg,460806,depth,72.0 millimetre
https://m.media-amazon.com/images/I/51JPUV9FCNL.jpg,460806,depth,2.36 inch
https://m.media-amazon.com/images/I/619GI6jb2zL.jpg,460806,depth,52.0 millimetre
https://m.media-amazon.com/images/I/51YTO4BYExS.jpg,460806,depth,102.0 millimetre
https://m.media-amazon.com/images/I/51J7r4Bs5+L.jpg,460806,depth,55.0 millimetre
https://m.media-amazon.com/images/I/51okHavs2iL.jpg,460806,depth,1.2 inch
https://m.media-amazon.com/images/I/51A+Cn6c2vL.jpg,460806,depth,150.0 millimetre
https://m.media-amazon.com/images/I/610-Oy6GXjL.jpg,460806,depth,77.0 millimetre
https://m.media-amazon.com/images/I/61EGXzTfDCL.jpg,460806,depth,82.0 millimetre
https://m.media-amazon.com/images/I/51ZWYRs8KtL.jpg,460806,depth,77.0 millimetre
https://m.media-amazon.com/images/I/61GISX+-OiL.jpg,460806,depth,100.0 millimetre
https://m.media-amazon.com/images/I/51AglzOnvOL.jpg,460806,depth,1.25 inch
https://m.media-amazon.com/images/I/61BVcW50JbL.jpg,460806,depth,52.0 millimetre
https://m.media-amazon.com/images/I/516BiBfjw0L.jpg,460806,depth,49.0 millimetre
https://m.media-amazon.com/images/I/51+PqV5pV+L.jpg,460806,depth,58.0 millimetre
https://m.media-amazon.com/images/I/61FN+9UtDnL.jpg,460806,depth,150.0 millimetre
https://m.media-amazon.com/images/I/51xoKoZdlSL.jpg,460806,depth,67.0 millimetre
https://m.media-amazon.com/images/I/51dhrb6+VWL.jpg,460806,depth,62.0 millimetre
https://m.media-amazon.com/images/I/51mwEiPcjaL.jpg,460806,depth,30.0 millimetre
https://m.media-amazon.com/images/I/51ZxXW-f0hL.jpg,460806,depth,67.0 millimetre
https://m.media-amazon.com/images/I/614BnQf6HML.jpg,460806,depth,24.0 millimetre
https://m.media-amazon.com/images/I/61AwYhRdW6L.jpg,460806,depth,160.0 millimetre
https://m.media-amazon.com/images/I/51zHjEz74mL.jpg,460806,depth,77.0 millimetre
https://m.media-amazon.com/images/I/616cfUgQE2L.jpg,460806,depth,67.0 millimetre
https://m.media-amazon.com/images/I/61-FB20SHDL.jpg,460806,depth,49.0 millimetre
https://m.media-amazon.com/images/I/51nXiGJoF0L.jpg,460806,depth,58.0 millimetre
https://m.media-amazon.com/images/I/61BfPq9sVAL.jpg,460806,depth,82.0 millimetre
https://m.media-amazon.com/images/I/61CmgA4U+yL.jpg,460806,depth,55.0 millimetre
https://m.media-amazon.com/images/I/512hI9abtmL.jpg,460806,depth,58.0 millimetre
https://m.media-amazon.com/images/I/51nND2gNf0L.jpg,460806,depth,43.0 millimetre
https://m.media-amazon.com/images/I/618QL7vMSBL.jpg,460806,depth,77.0 millimetre
https://m.media-amazon.com/images/I/61B3epjelxL.jpg,460806,depth,37.0 millimetre
https://m.media-amazon.com/images/I/616fCm0+4hL.jpg,460806,depth,105.0 millimetre
https://m.media-amazon.com/images/I/515dTqng4gL.jpg,460806,depth,37.0 millimetre
https://m.media-amazon.com/images/I/51PRX6+OmuL.jpg,460806,depth,49.0 millimetre
https://m.media-amazon.com/images/I/615MFZsQ1kL.jpg,460806,depth,96.0 millimetre
https://m.media-amazon.com/images/I/51nfQc82UTL.jpg,460806,depth,49.0 millimetre
https://m.media-amazon.com/images/I/619qvoUegkL.jpg,460806,depth,18.0 millimetre
https://m.media-amazon.com/images/I/41XOZgXy9hL.jpg,460806,depth,100.0 millimetre
https://m.media-amazon.com/images/I/614B+8rMb6L.jpg,460806,depth,82.0 millimetre
https://m.media-amazon.com/images/I/51KCwWqzfQL.jpg,460806,depth,40.5 millimetre
https://m.media-amazon.com/images/I/616prPZRuOL.jpg,460806,depth,77.0 millimetre
https://m.media-amazon.com/images/I/51gfq0Ciq1L.jpg,460806,depth,58.0 millimetre
https://m.media-amazon.com/images/I/618CU4RFkrL.jpg,460806,depth,70.0 millimetre
https://m.media-amazon.com/images/I/41ao+JTkNqL.jpg,460806,depth,77.0 millimetre
https://m.media-amazon.com/images/I/41lPJCq9QvL.jpg,460806,depth,80.0 millimetre
https://m.media-amazon.com/images/I/51IgqmE59YS.jpg,460806,depth,150.0 millimetre
https://m.media-amazon.com/images/I/51gDzfS927L.jpg,460806,depth,2.5 centimetre
https://m.media-amazon.com/images/I/616ubOi+MmL.jpg,460806,depth,62.0 millimetre
https://m.media-amazon.com/images/I/51WslF3oU+S.jpg,460806,depth,82.0 millimetre
https://m.media-amazon.com/images/I/51JYyUR3TZL.jpg,460806,depth,49.0 millimetre
https://m.media-amazon.com/images/I/51xh93-qPyL.jpg,460806,depth,3.5 centimetre
https://m.media-amazon.com/images/I/51PsKJnuLxL.jpg,460806,depth,37.0 millimetre
https://m.media-amazon.com/images/I/51LVVzsZQQS.jpg,460806,depth,62.0 millimetre
https://m.media-amazon.com/images/I/41cjZHoXQJL.jpg,460806,depth,52.0 millimetre
https://m.media-amazon.com/images/I/51lLbh7xAvL.jpg,460806,depth,52.0 millimetre
https://m.media-amazon.com/images/I/41rFr5huQVL.jpg,460806,depth,58.0 millimetre
https://m.media-amazon.com/images/I/51dwXDiiOSL.jpg,460806,depth,32.0 millimetre
https://m.media-amazon.com/images/I/61AWGcWLZgL.jpg,460806,depth,55.0 millimetre
https://m.media-amazon.com/images/I/51jY3OTuZXL.jpg,460806,depth,60.0 millimetre
https://m.media-amazon.com/images/I/51dXLHsQVNL.jpg,460806,depth,49.0 millimetre
https://m.media-amazon.com/images/I/61DbmwDUVNL.jpg,460806,depth,49.0 millimetre
https://m.media-amazon.com/images/I/516IuCp9r9L.jpg,460806,depth,72.0 millimetre
https://m.media-amazon.com/images/I/61-UrATQYtL.jpg,460806,depth,58.0 millimetre
https://m.media-amazon.com/images/I/41Md4fMSf1S.jpg,460806,depth,100.0 millimetre
https://m.media-amazon.com/images/I/618yiMmJEyL.jpg,460806,depth,5.65 inch
https://m.media-amazon.com/images/I/41LQ1Z9aE9L.jpg,460806,depth,77.0 millimetre
https://m.media-amazon.com/images/I/51sn+93JEYL.jpg,460806,depth,77.0 millimetre
https://m.media-amazon.com/images/I/61FdD8aZspL.jpg,460806,depth,82.0 millimetre
https://m.media-amazon.com/images/I/610z4wiEP2L.jpg,460806,depth,52.0 millimetre
https://m.media-amazon.com/images/I/51VNhNTXj0L.jpg,460806,depth,37.0 millimetre
https://m.media-amazon.com/images/I/518S+T9kStL.jpg,460806,depth,85.0 millimetre
https://m.media-amazon.com/images/I/61BU-SDfVtL.jpg,460806,depth,28.0 millimetre
https://m.media-amazon.com/images/I/615KeYK38mL.jpg,460806,depth,82.0 millimetre
https://m.media-amazon.com/images/I/611nwl8ugkL.jpg,460806,depth,52.0 millimetre
https://m.media-amazon.com/images/I/51l4Wpq327L.jpg,460806,depth,100.0 millimetre
https://m.media-amazon.com/images/I/41FEyPoa5HL.jpg,460806,depth,67.0 millimetre
https://m.media-amazon.com/images/I/51DAdG9bipL.jpg,460806,depth,6.0 centimetre
https://m.media-amazon.com/images/I/51hGxtTBGvL.jpg,460806,depth,72.0 millimetre
https://m.media-amazon.com/images/I/51ZZ5lPCs0L.jpg,460806,depth,67.0 millimetre
https://m.media-amazon.com/images/I/51YAqT-W3rL.jpg,460806,depth,55.0 millimetre
https://m.media-amazon.com/images/I/510Bny8y1qL.jpg,460806,depth,40.5 millimetre
https://m.media-amazon.com/images/I/51KbJc3JhZL.jpg,460806,depth,82.0 millimetre
https://m.media-amazon.com/images/I/516qCOrz3uL.jpg,460806,depth,82.0 millimetre
https://m.media-amazon.com/images/I/51y9TyNzmBL.jpg,460806,depth,82.0 millimetre
https://m.media-amazon.com/images/I/51-YHiIU25L.jpg,460806,depth,52.0 millimetre
https://m.media-amazon.com/images/I/51gdMiAdMAL.jpg,460806,depth,19.7 inch
https://m.media-amazon.com/images/I/51HyEl7Y9mL.jpg,460806,depth,77.0 millimetre
https://m.media-amazon.com/images/I/61050d6bB0L.jpg,460806,depth,46.0 millimetre
https://m.media-amazon.com/images/I/614dz9j03KL.jpg,460806,depth,82.0 millimetre
https://m.media-amazon.com/images/I/614XJDlpdPL.jpg,460806,depth,58.0 millimetre
https://m.media-amazon.com/images/I/519ii9Tn7UL.jpg,460806,depth,100.0 millimetre
https://m.media-amazon.com/images/I/41vwRln0RbL.jpg,460806,depth,52.0 millimetre
https://m.media-amazon.com/images/I/41CJTordXPL.jpg,460806,depth,67.0 millimetre
https://m.media-amazon.com/images/I/61-H3iJJrOL.jpg,460806,depth,72.0 millimetre
https://m.media-amazon.com/images/I/61Ch+zpQRaL.jpg,460806,depth,82.0 millimetre
https://m.media-amazon.com/images/I/51ZFGMYK7uL.jpg,460806,depth,77.0 millimetre
https://m.media-amazon.com/images/I/51n33bD2TcL.jpg,460806,depth,15.0 centimetre
https://m.media-amazon.com/images/I/51-HwDZ6NyL.jpg,460806,depth,55.0 millimetre
https://m.media-amazon.com/images/I/51R23s3z2OL.jpg,460806,depth,58.0 millimetre
https://m.media-amazon.com/images/I/513r0jKjomL.jpg,460806,depth,67.0 millimetre
https://m.media-amazon.com/images/I/51ygVk2YkhL.jpg,460806,depth,72.0 millimetre
https://m.media-amazon.com/images/I/61+iPlST-xL.jpg,460806,depth,38.0 millimetre
https://m.media-amazon.com/images/I/51QJFOhK32L.jpg,460806,depth,52.0 millimetre
https://m.media-amazon.com/images/I/51jpw+2-oKL.jpg,460806,depth,70.0 millimetre
https://m.media-amazon.com/images/I/61AQu1t4lnL.jpg,460806,depth,24.0 millimetre
https://m.media-amazon.com/images/I/51a20LhnLvL.jpg,460806,depth,62.0 millimetre
https://m.media-amazon.com/images/I/51YZpNkmo0L.jpg,460806,depth,37.0 millimetre
https://m.media-amazon.com/images/I/617D7mNvcuL.jpg,460806,depth,82.0 millimetre
https://m.media-amazon.com/images/I/41M2TCFdTJL.jpg,460806,depth,58.0 millimetre
https://m.media-amazon.com/images/I/31IiGUN+nrL.jpg,460806,depth,67.0 millimetre
https://m.media-amazon.com/images/I/41VEHK0YyvL.jpg,460806,depth,48.0 millimetre
https://m.media-amazon.com/images/I/61D5g0lmB7L.jpg,460806,depth,58.0 millimetre
https://m.media-amazon.com/images/I/61ECHROEfUL.jpg,460806,depth,37.0 millimetre
https://m.media-amazon.com/images/I/51su41pBW7L.jpg,460806,depth,82.0 millimetre
https://m.media-amazon.com/images/I/514JHL8kOUL.jpg,460806,depth,9.0 centimetre
https://m.media-amazon.com/images/I/41NcSWqlu5L.jpg,460806,depth,100.0 millimetre
https://m.media-amazon.com/images/I/41T9ix8tMfS.jpg,460806,depth,58.0 millimetre
https://m.media-amazon.com/images/I/6153NypATXL.jpg,460806,depth,82.0 millimetre
https://m.media-amazon.com/images/I/51B-64goxKL.jpg,460806,depth,67.0 millimetre
https://m.media-amazon.com/images/I/61DUu0d2niL.jpg,460806,depth,82.0 millimetre
https://m.media-amazon.com/images/I/51JBpqPADAL.jpg,460806,depth,82.0 millimetre
https://m.media-amazon.com/images/I/51vUqYRwIlL.jpg,460806,depth,82.0 millimetre
https://m.media-amazon.com/images/I/517XXbYmCiL.jpg,460806,depth,52.0 millimetre
https://m.media-amazon.com/images/I/612yORNVCBL.jpg,460806,depth,82.0 millimetre
https://m.media-amazon.com/images/I/51XkyTamowL.jpg,460806,depth,30.5 millimetre
https://m.media-amazon.com/images/I/51X+UiepC-S.jpg,460806,depth,100.0 millimetre
https://m.media-amazon.com/images/I/51ZwNTtFBKL.jpg,460806,depth,67.0 millimetre
https://m.media-amazon.com/images/I/61F-KjqqUpL.jpg,460806,depth,82.0 millimetre
https://m.media-amazon.com/images/I/41v4ORkoxIL.jpg,460806,depth,3.0 inch
https://m.media-amazon.com/images/I/41OLXEaLtgL.jpg,460806,depth,49.0 millimetre
https://m.media-amazon.com/images/I/61-M1VYLG2L.jpg,460806,depth,52.0 millimetre
https://m.media-amazon.com/images/I/612LnDAth3L.jpg,460806,depth,82.0 millimetre
https://m.media-amazon.com/images/I/51jjotiPtvL.jpg,460806,depth,72.0 millimetre
https://m.media-amazon.com/images/I/51EzmscMfsS.jpg,460806,depth,46.0 millimetre
https://m.media-amazon.com/images/I/51P4oyvRMNL.jpg,460806,depth,7.2 centimetre
https://m.media-amazon.com/images/I/61Buz-d+u3L.jpg,460806,depth,37.0 millimetre
https://m.media-amazon.com/images/I/51vNvkoCxEL.jpg,460806,depth,55.0 millimetre
https://m.media-amazon.com/images/I/51mE0uG9PzL.jpg,460806,depth,70.0 millimetre
https://m.media-amazon.com/images/I/51+1uExsmKL.jpg,460806,depth,52.0 millimetre
https://m.media-amazon.com/images/I/616QCqjOPUL.jpg,460806,depth,5.65 inch
https://m.media-amazon.com/images/I/6181oXtph3L.jpg,460806,depth,2.0 inch
https://m.media-amazon.com/images/I/51TzAlh7Y8L.jpg,460806,depth,77.0 millimetre
https://m.media-amazon.com/images/I/51Tkg3Ms5vL.jpg,460806,depth,62.0 millimetre
https://m.media-amazon.com/images/I/51BCP5kAJNL.jpg,460806,depth,55.0 millimetre
https://m.media-amazon.com/images/I/517wLlW5ozL.jpg,460806,depth,77.0 millimetre
https://m.media-amazon.com/images/I/51offDWsw3L.jpg,460806,depth,48.0 millimetre
https://m.media-amazon.com/images/I/61F8GM4Rs9S.jpg,460806,depth,77.0 millimetre
https://m.media-amazon.com/images/I/6143Mq2GYGL.jpg,460806,depth,62.0 millimetre
https://m.media-amazon.com/images/I/51eAws0bfvL.jpg,460806,depth,55.0 millimetre
https://m.media-amazon.com/images/I/610-T56y4oL.jpg,460806,depth,58.0 millimetre
https://m.media-amazon.com/images/I/61+zQyVehOL.jpg,460806,depth,46.0 millimetre
https://m.media-amazon.com/images/I/619UxCrPreL.jpg,460806,depth,77.0 millimetre
https://m.media-amazon.com/images/I/51BLu+eWKHL.jpg,460806,depth,37.0 millimetre
https://m.media-amazon.com/images/I/611YEM5fblL.jpg,460806,depth,49.0 millimetre
https://m.media-amazon.com/images/I/51FLIfrrOOL.jpg,460806,depth,52.0 millimetre
https://m.media-amazon.com/images/I/51FCfMgkKkL.jpg,460806,depth,52.0 millimetre
https://m.media-amazon.com/images/I/51HTt87tidL.jpg,460806,depth,55.0 millimetre
https://m.media-amazon.com/images/I/51qKROQ7LzL.jpg,460806,depth,2.0 inch
https://m.media-amazon.com/images/I/6125FnK4gaL.jpg,460806,depth,18.0 millimetre
https://m.media-amazon.com/images/I/51XeexF18LL.jpg,460806,depth,105.0 millimetre
https://m.media-amazon.com/images/I/51OeYahbAWL.jpg,460806,depth,72.0 millimetre
https://m.media-amazon.com/images/I/61CqtbZqwUL.jpg,460806,depth,62.0 millimetre
https://m.media-amazon.com/images/I/41rsyz96q2L.jpg,460806,depth,58.0 millimetre
https://m.media-amazon.com/images/I/511IvrQ8obL.jpg,460806,depth,2.0 inch
https://m.media-amazon.com/images/I/61AXJ4FDGcL.jpg,460806,depth,55.0 millimetre
https://m.media-amazon.com/images/I/51ItU4Vr5UL.jpg,460806,depth,82.0 millimetre
https://m.media-amazon.com/images/I/510OBT61UmL.jpg,460806,depth,58.0 millimetre
https://m.media-amazon.com/images/I/41MxSJAFvVL.jpg,460806,depth,29.7 centimetre
https://m.media-amazon.com/images/I/41ki7Ob2t-L.jpg,460806,depth,2.0 inch
https://m.media-amazon.com/images/I/51uSUrBVIkL.jpg,460806,depth,77.0 millimetre
https://m.media-amazon.com/images/I/51tNf6K9boL.jpg,460806,depth,77.0 millimetre
https://m.media-amazon.com/images/I/51UW0CYBMeL.jpg,460806,depth,77.0 millimetre
https://m.media-amazon.com/images/I/614HUD2cT0L.jpg,460806,depth,4.5 inch
https://m.media-amazon.com/images/I/511j9M3fyWL.jpg,460806,depth,1.25 inch
https://m.media-amazon.com/images/I/51vY+Fn3tuL.jpg,460806,depth,58.0 millimetre
https://m.media-amazon.com/images/I/511Ie+V8EdL.jpg,460806,depth,77.0 millimetre
https://m.media-amazon.com/images/I/51aCz-imQeS.jpg,460806,depth,37.0 millimetre
https://m.media-amazon.com/images/I/51TVEvvDdCL.jpg,460806,depth,58.0 millimetre
https://m.media-amazon.com/images/I/41TWI0R-dpL.jpg,460806,depth,77.0 millimetre
https://m.media-amazon.com/images/I/51klhrFwU-L.jpg,460806,depth,150.0 millimetre
https://m.media-amazon.com/images/I/51+i6IVJzHL.jpg,460806,depth,70.0 millimetre
https://m.media-amazon.com/images/I/51YkGsujoRL.jpg,460806,depth,100.0 millimetre
https://m.media-amazon.com/images/I/51FbpJsc4BL.jpg,460806,depth,100.0 millimetre
https://m.media-amazon.com/images/I/41C7AT4Z8kL.jpg,460806,depth,55.0 millimetre
https://m.media-amazon.com/images/I/51uo4coTGxL.jpg,460806,depth,2.0 inch
https://m.media-amazon.com/images/I/51u7Q0xgBkL.jpg,460806,depth,58.0 millimetre
https://m.media-amazon.com/images/I/51OehLF13yL.jpg,460806,depth,32.0 millimetre
https://m.media-amazon.com/images/I/51Jn0aHV5AL.jpg,460806,depth,3.1 centimetre
https://m.media-amazon.com/images/I/51rpBdn4WbL.jpg,460806,depth,67.0 millimetre
https://m.media-amazon.com/images/I/511JQOD4MkL.jpg,460806,depth,37.0 millimetre
https://m.media-amazon.com/images/I/61C4nZJSo3L.jpg,460806,depth,52.0 millimetre
https://m.media-amazon.com/images/I/512qXcYKvhL.jpg,460806,depth,1.25 inch
https://m.media-amazon.com/images/I/41TmJVVIiWL.jpg,460806,depth,17.5 centimetre
https://m.media-amazon.com/images/I/6137jN2sEfL.jpg,460806,depth,62.0 millimetre
https://m.media-amazon.com/images/I/51gg35fEU8S.jpg,460806,depth,58.0 millimetre
https://m.media-amazon.com/images/I/51SVXCS9cXL.jpg,460806,depth,52.0 millimetre
https://m.media-amazon.com/images/I/613SE7lnV8L.jpg,460806,depth,60.0 millimetre
https://m.media-amazon.com/images/I/61ELv2SuEuL.jpg,460806,depth,82.0 millimetre
https://m.media-amazon.com/images/I/41TIjCG7txL.jpg,460806,depth,49.0 millimetre
https://m.media-amazon.com/images/I/51sJR9A-ZfL.jpg,460806,depth,58.0 millimetre
https://m.media-amazon.com/images/I/51aeAoFlFxL.jpg,460806,depth,2.0 inch
https://m.media-amazon.com/images/I/41RR1appgUL.jpg,460806,depth,52.0 millimetre
https://m.media-amazon.com/images/I/41AT-gqccRL.jpg,460806,depth,82.0 millimetre
https://m.media-amazon.com/images/I/51EwyiHI4lL.jpg,460806,depth,37.0 millimetre
https://m.media-amazon.com/images/I/51thfvaS-aL.jpg,460806,depth,50.0 millimetre
https://m.media-amazon.com/images/I/612I9DBqAeL.jpg,460806,depth,1.25 inch
https://m.media-amazon.com/images/I/410cJXeoXXL.jpg,460806,depth,52.0 millimetre
https://m.media-amazon.com/images/I/51MuOB69WrL.jpg,460806,depth,82.0 millimetre
https://m.media-amazon.com/images/I/61Bqvg+LTkL.jpg,460806,depth,72.0 millimetre
https://m.media-amazon.com/images/I/61BeWE3-x-L.jpg,460806,depth,52.0 millimetre
https://m.media-amazon.com/images/I/41UvNNrFXwL.jpg,460806,depth,39.0 millimetre
https://m.media-amazon.com/images/I/51LG-+g+iOL.jpg,460806,depth,43.0 millimetre
https://m.media-amazon.com/images/I/517fm9WuTCL.jpg,460806,depth,72.0 millimetre
https://m.media-amazon.com/images/I/51m4rHld-sL.jpg,460806,depth,92.0 millimetre
https://m.media-amazon.com/images/I/51EY2lQ12OL.jpg,460806,depth,4.0 inch
https://m.media-amazon.com/images/I/51TGXZ33cKL.jpg,460806,depth,55.0 millimetre
https://m.media-amazon.com/images/I/510AnN1ZY4L.jpg,460806,depth,82.0 millimetre
https://m.media-amazon.com/images/I/51gG+yb3rIL.jpg,460806,depth,46.0 millimetre
https://m.media-amazon.com/images/I/517lLrsMnHL.jpg,460806,depth,1.25 inch
https://m.media-amazon.com/images/I/617hBPbE44S.jpg,460806,depth,82.0 millimetre
https://m.media-amazon.com/images/I/510si+IVKoL.jpg,460806,depth,55.0 millimetre
https://m.media-amazon.com/images/I/51106SvunIL.jpg,460806,depth,52.0 millimetre
https://m.media-amazon.com/images/I/51AgvomELhL.jpg,460806,depth,77.0 millimetre
https://m.media-amazon.com/images/I/51upiwk91eL.jpg,460806,depth,67.0 millimetre
https://m.media-amazon.com/images/I/51jyemuqdPL.jpg,460806,depth,62.0 millimetre
https://m.media-amazon.com/images/I/413OwAj9P7L.jpg,460806,depth,67.0 millimetre
https://m.media-amazon.com/images/I/51O0Z8dRXiL.jpg,460806,depth,6.7 centimetre
https://m.media-amazon.com/images/I/619yDdB8JqS.jpg,460806,depth,112.0 millimetre
https://m.media-amazon.com/images/I/51jDEyacFEL.jpg,460806,depth,29.7 centimetre
https://m.media-amazon.com/images/I/61+aX1CYAcL.jpg,460806,depth,95.0 millimetre
https://m.media-amazon.com/images/I/616MhhbYahL.jpg,460806,depth,77.0 millimetre
https://m.media-amazon.com/images/I/61FRD4WLsRL.jpg,460806,depth,143.4 millimetre
https://m.media-amazon.com/images/I/51SFCXT-ocL.jpg,460806,depth,62.0 millimetre
https://m.media-amazon.com/images/I/51e64CG+hQL.jpg,460806,depth,82.0 millimetre
https://m.media-amazon.com/images/I/51zIRb4J1pS.jpg,460806,depth,40.5 millimetre
https://m.media-amazon.com/images/I/51gu2pfJ9qL.jpg,460806,depth,2.0 inch
https://m.media-amazon.com/images/I/41fJjFnjm8L.jpg,460806,depth,72.0 millimetre
https://m.media-amazon.com/images/I/51uwYUwGuuL.jpg,460806,depth,67.0 millimetre
https://m.media-amazon.com/images/I/615e9Hos9UL.jpg,460806,depth,95.0 millimetre
https://m.media-amazon.com/images/I/61EJOZKzUkL.jpg,460806,depth,46.0 millimetre
https://m.media-amazon.com/images/I/61BOXhpAaSL.jpg,460806,depth,77.0 millimetre
https://m.media-amazon.com/images/I/51pD2vl+RzL.jpg,460806,depth,1.59 inch
https://m.media-amazon.com/images/I/519XIaCHKsL.jpg,460806,depth,77.0 millimetre
https://m.media-amazon.com/images/I/31jdALhur8L.jpg,460806,depth,150.0 millimetre
https://m.media-amazon.com/images/I/613ad3HxphL.jpg,460806,depth,77.0 millimetre
https://m.media-amazon.com/images/I/51NW6lgqsbL.jpg,460806,depth,62.0 millimetre
https://m.media-amazon.com/images/I/51T2mNs87tL.jpg,460806,depth,67.0 millimetre
https://m.media-amazon.com/images/I/41w--B+BedL.jpg,460806,depth,62.0 millimetre
https://m.media-amazon.com/images/I/51RN7PDZEtL.jpg,460806,depth,49.0 millimetre
https://m.media-amazon.com/images/I/51t9khE4V0S.jpg,460806,depth,58.0 millimetre
https://m.media-amazon.com/images/I/519GiLEEzvS.jpg,460806,depth,58.0 millimetre
https://m.media-amazon.com/images/I/51qusM0+48L.jpg,460806,depth,82.0 millimetre
https://m.media-amazon.com/images/I/61BHnyzX6vL.jpg,460806,depth,49.0 millimetre
https://m.media-amazon.com/images/I/51uDV7pQuxL.jpg,460806,depth,66.0 millimetre
https://m.media-amazon.com/images/I/51ciOeJ9mxL.jpg,460806,depth,82.0 millimetre
https://m.media-amazon.com/images/I/61DCrRWslxL.jpg,460806,depth,1.25 inch
https://m.media-amazon.com/images/I/51jStwMPs+L.jpg,460806,depth,5.65 inch
https://m.media-amazon.com/images/I/51qZg1GFA3L.jpg,460806,depth,40.5 millimetre
https://m.media-amazon.com/images/I/41t7hQkksHL.jpg,460806,depth,77.0 millimetre
https://m.media-amazon.com/images/I/51NyTkx7hUL.jpg,460806,depth,58.0 millimetre
https://m.media-amazon.com/images/I/51yfF85RFyL.jpg,460806,depth,72.0 millimetre
https://m.media-amazon.com/images/I/614Xff9XIjL.jpg,460806,depth,62.0 millimetre
https://m.media-amazon.com/images/I/51UEdgsU8NL.jpg,460806,depth,77.0 millimetre
https://m.media-amazon.com/images/I/61GJ7X3VdcL.jpg,460806,depth,2.0 inch
https://m.media-amazon.com/images/I/41p+YnWKKFL.jpg,460806,depth,82.0 millimetre
https://m.media-amazon.com/images/I/41H1lsq+jhL.jpg,460806,depth,48.0 millimetre
https://m.media-amazon.com/images/I/51qJRtmlKRL.jpg,460806,depth,62.0 millimetre
https://m.media-amazon.com/images/I/51mz4HKyCFL.jpg,460806,depth,77.0 millimetre
https://m.media-amazon.com/images/I/513uMqthE9L.jpg,460806,depth,43.0 millimetre
https://m.media-amazon.com/images/I/51I6w09jTML.jpg,460806,depth,82.0 millimetre
https://m.media-amazon.com/images/I/41Gs8kuf2CS.jpg,460806,depth,67.0 millimetre
https://m.media-amazon.com/images/I/51+RtU4LYhL.jpg,460806,depth,67.0 millimetre
https://m.media-amazon.com/images/I/51DqEdjjSmL.jpg,460806,depth,67.0 millimetre
https://m.media-amazon.com/images/I/51pG1bbkUJL.jpg,460806,depth,72.0 millimetre
https://m.media-amazon.com/images/I/51VL618Rz+L.jpg,460806,depth,77.0 millimetre
https://m.media-amazon.com/images/I/51ZLQP7PtrL.jpg,460806,depth,4.0 inch
https://m.media-amazon.com/images/I/51bFmRGWziL.jpg,460806,depth,77.0 millimetre
https://m.media-amazon.com/images/I/61CXLet2VrL.jpg,460806,depth,100.0 millimetre
https://m.media-amazon.com/images/I/51Rwi88lKJL.jpg,460806,depth,46.0 millimetre
https://m.media-amazon.com/images/I/41A7xN9KpIS.jpg,460806,depth,55.0 millimetre
https://m.media-amazon.com/images/I/61Cy1bedoiL.jpg,460806,depth,30.0 millimetre
https://m.media-amazon.com/images/I/51jyOCwY1DL.jpg,460806,depth,67.0 millimetre
https://m.media-amazon.com/images/I/51-akLX-bSL.jpg,460806,depth,1.25 inch
https://m.media-amazon.com/images/I/51eR1oO0XaL.jpg,460806,depth,2.0 inch
https://m.media-amazon.com/images/I/51b7KoLZztL.jpg,460806,depth,1.25 inch
https://m.media-amazon.com/images/I/51AHi+yXORL.jpg,460806,depth,21.35 millimetre
https://m.media-amazon.com/images/I/51KdOJzU8oL.jpg,460806,depth,21.0 inch
https://m.media-amazon.com/images/I/610WbuQ3JKL.jpg,460806,depth,77.0 millimetre
https://m.media-amazon.com/images/I/515wYR6a74L.jpg,460806,depth,67.0 millimetre
https://m.media-amazon.com/images/I/41mT5z+XfsL.jpg,460806,depth,170.0 millimetre
https://m.media-amazon.com/images/I/51K4JzE5OMS.jpg,460806,depth,55.0 millimetre
https://m.media-amazon.com/images/I/51R5AZUiJnL.jpg,460806,depth,43.0 millimetre
https://m.media-amazon.com/images/I/51ggCHCGenL.jpg,460806,depth,49.0 millimetre
https://m.media-amazon.com/images/I/615WkELIRDL.jpg,460806,depth,4.0 inch
https://m.media-amazon.com/images/I/51e2ckgNCmL.jpg,460806,depth,70.0 millimetre
https://m.media-amazon.com/images/I/51niqHdszeL.jpg,460806,depth,67.0 millimetre
https://m.media-amazon.com/images/I/51TXMzF2qxL.jpg,460806,depth,2.0 inch
https://m.media-amazon.com/images/I/6168zZpdulL.jpg,460806,depth,82.0 millimetre
https://m.media-amazon.com/images/I/4145kAHG33L.jpg,460806,depth,49.0 millimetre
https://m.media-amazon.com/images/I/51MCOAfaMFL.jpg,460806,depth,82.0 millimetre
https://m.media-amazon.com/images/I/51INxBfPx7L.jpg,460806,depth,52.0 millimetre
https://m.media-amazon.com/images/I/51rwslDmwfL.jpg,460806,depth,70.0 millimetre
https://m.media-amazon.com/images/I/61EBWz8fryL.jpg,460806,depth,37.0 millimetre
https://m.media-amazon.com/images/I/51zjgUPPu5L.jpg,460806,depth,58.0 millimetre
https://m.media-amazon.com/images/I/51CBsb2XaNL.jpg,460806,depth,95.0 millimetre
https://m.media-amazon.com/images/I/6165wOZ6pmL.jpg,460806,depth,55.5 millimetre
https://m.media-amazon.com/images/I/51tZ1XDesBL.jpg,460806,depth,52.0 millimetre
https://m.media-amazon.com/images/I/51UKTrmesPL.jpg,460806,depth,37.0 millimetre
https://m.media-amazon.com/images/I/61F5sw7u7NL.jpg,460806,depth,72.0 millimetre
https://m.media-amazon.com/images/I/51ca-ZfVT0L.jpg,460806,depth,52.0 millimetre
https://m.media-amazon.com/images/I/41QpJqgFjsL.jpg,460806,depth,67.0 millimetre
https://m.media-amazon.com/images/I/41EWgiipdmL.jpg,460806,depth,58.0 millimetre
https://m.media-amazon.com/images/I/513wXtAKicL.jpg,460806,depth,58.0 millimetre
https://m.media-amazon.com/images/I/51j0UWP0wIL.jpg,460806,depth,40.5 millimetre
https://m.media-amazon.com/images/I/5129Ucg-lGL.jpg,460806,depth,52.0 millimetre
https://m.media-amazon.com/images/I/51iOBAf41JL.jpg,460806,depth,77.0 millimetre
https://m.media-amazon.com/images/I/51bGZU3cS3L.jpg,460806,depth,1.25 inch
https://m.media-amazon.com/images/I/51tioNkq-iS.jpg,460806,depth,77.0 millimetre
https://m.media-amazon.com/images/I/51bX6nBr2XL.jpg,460806,depth,58.0 millimetre
https://m.media-amazon.com/images/I/51SJE9CsE-L.jpg,460806,depth,58.0 millimetre
https://m.media-amazon.com/images/I/51HJWJPp7NL.jpg,460806,depth,77.0 millimetre
https://m.media-amazon.com/images/I/518DV6iJh1L.jpg,460806,depth,18.0 millimetre
https://m.media-amazon.com/images/I/51LUf9FVZzS.jpg,460806,depth,58.0 millimetre
https://m.media-amazon.com/images/I/517lSDhq6hL.jpg,460806,depth,100.0 millimetre
https://m.media-amazon.com/images/I/61+16mcwD-L.jpg,460806,depth,4.0 inch
https://m.media-amazon.com/images/I/61-PXNBp-1L.jpg,460806,depth,52.0 millimetre
