image_link,group_id,entity_name,entity_value
https://m.media-amazon.com/images/I/51b9yq5FWtL.jpg,258617,width,2.5 inch
https://m.media-amazon.com/images/I/51MlDJS4ZYL.jpg,258617,width,46.0 millimetre
https://m.media-amazon.com/images/I/51X+HPnAB+L.jpg,258617,width,2.9 inch
https://m.media-amazon.com/images/I/51YJA9EYETL.jpg,258617,width,33.0 millimetre
https://m.media-amazon.com/images/I/410oPbdhEiL.jpg,258617,width,2.3 centimetre
https://m.media-amazon.com/images/I/31yuSNaZq1L.jpg,258617,width,9.0 millimetre
https://m.media-amazon.com/images/I/61-LvUU0KOL.jpg,258617,width,28.0 millimetre
https://m.media-amazon.com/images/I/51AJzSqa9aL.jpg,258617,width,9.0 millimetre
https://m.media-amazon.com/images/I/51OpTeS5YsL.jpg,258617,width,1.12 inch
https://m.media-amazon.com/images/I/51yJP3TXDRL.jpg,258617,width,4.5 centimetre
https://m.media-amazon.com/images/I/514C49cGI1L.jpg,258617,width,0.4 inch
https://m.media-amazon.com/images/I/51W3m6JOZ6L.jpg,258617,width,2.8 centimetre
https://m.media-amazon.com/images/I/51ZdP6kriiL.jpg,258617,width,8.4 centimetre
https://m.media-amazon.com/images/I/61+vIepA6zL.jpg,258617,width,1.1 inch
https://m.media-amazon.com/images/I/41JfJNLf6HL.jpg,258617,width,4.5 centimetre
https://m.media-amazon.com/images/I/51-bgVhipKL.jpg,258617,width,8.0 millimetre
https://m.media-amazon.com/images/I/41SF5nTDKVL.jpg,258617,width,11.0 millimetre
https://m.media-amazon.com/images/I/416AIKLYEqL.jpg,258617,width,1.0 centimetre
https://m.media-amazon.com/images/I/51xbrBheudL.jpg,258617,width,32.0 millimetre
https://m.media-amazon.com/images/I/618jmMvP4eL.jpg,258617,width,1.64 centimetre
https://m.media-amazon.com/images/I/61AxA3DdJSL.jpg,258617,width,2.3 inch
https://m.media-amazon.com/images/I/51tjJ6lGfBL.jpg,258617,width,4.0 centimetre
https://m.media-amazon.com/images/I/51mMVmpyOSL.jpg,258617,width,35.0 millimetre
https://m.media-amazon.com/images/I/41iO8ItgrAL.jpg,258617,width,1.2 inch
https://m.media-amazon.com/images/I/41A-cSlBi5L.jpg,258617,width,1.8 centimetre
https://m.media-amazon.com/images/I/41F4aDjIa5L.jpg,258617,width,1.1 centimetre
https://m.media-amazon.com/images/I/51qlcEnwPCL.jpg,258617,width,2.0 inch
https://m.media-amazon.com/images/I/51Y86t50GHL.jpg,258617,width,1.4 inch
https://m.media-amazon.com/images/I/513yaVOJv-L.jpg,258617,width,37.0 millimetre
https://m.media-amazon.com/images/I/41VrP7+3+uL.jpg,258617,width,1.11 centimetre
https://m.media-amazon.com/images/I/518wzyMIlNL.jpg,258617,width,3.9 centimetre
https://m.media-amazon.com/images/I/51ixL89AUYL.jpg,258617,width,1.1 inch
https://m.media-amazon.com/images/I/51vP7Q5g6jL.jpg,258617,width,19.5 millimetre
https://m.media-amazon.com/images/I/51Yxx+XoPLL.jpg,258617,width,39.0 millimetre
https://m.media-amazon.com/images/I/51taoMa8pDL.jpg,258617,width,0.8 inch
https://m.media-amazon.com/images/I/41HJyyuG4oL.jpg,258617,width,30.0 millimetre
https://m.media-amazon.com/images/I/51+FrHz5fkL.jpg,258617,width,0.4 inch
https://m.media-amazon.com/images/I/41fzly-wB2L.jpg,258617,width,4.0 centimetre
https://m.media-amazon.com/images/I/51-BSinBRoS.jpg,258617,width,3.5 centimetre
https://m.media-amazon.com/images/I/41BTcvL6CUL.jpg,258617,width,2.5 centimetre
https://m.media-amazon.com/images/I/612Tr0t7GFL.jpg,258617,width,3.8 centimetre
https://m.media-amazon.com/images/I/51RzDrP1YmL.jpg,258617,width,2.71 inch
https://m.media-amazon.com/images/I/618LiVNRHDL.jpg,258617,width,50.0 millimetre
https://m.media-amazon.com/images/I/512QLzlvCqL.jpg,258617,width,9.0 millimetre
https://m.media-amazon.com/images/I/61Dhf7zw9KL.jpg,258617,width,1.78 inch
https://m.media-amazon.com/images/I/616Bcsz3TyS.jpg,258617,width,5.0 centimetre
https://m.media-amazon.com/images/I/61GCSrl-2LL.jpg,258617,width,25.0 millimetre
https://m.media-amazon.com/images/I/41-hwoqYbTL.jpg,258617,width,10.0 millimetre
https://m.media-amazon.com/images/I/51hfJsqngxL.jpg,258617,width,1.5 inch
https://m.media-amazon.com/images/I/51JYOTtPsdL.jpg,258617,width,0.8 inch
https://m.media-amazon.com/images/I/51WVupJ2-5L.jpg,258617,width,2.4 inch
https://m.media-amazon.com/images/I/61FOam+PX8S.jpg,258617,width,1.1 inch
https://m.media-amazon.com/images/I/51SvYapgJEL.jpg,258617,width,15.0 millimetre
https://m.media-amazon.com/images/I/6118kbLLCCS.jpg,258617,width,1.1 inch
https://m.media-amazon.com/images/I/51uWNqOE+oL.jpg,258617,width,9.0 millimetre
https://m.media-amazon.com/images/I/51SrmJDYugL.jpg,258617,width,30.0 millimetre
https://m.media-amazon.com/images/I/610tbLJiiBL.jpg,258617,width,70.0 millimetre
https://m.media-amazon.com/images/I/516wRLoqFxS.jpg,258617,width,55.0 millimetre
https://m.media-amazon.com/images/I/51mvpPBwn5L.jpg,258617,width,3.75 centimetre
https://m.media-amazon.com/images/I/51kI1KE7VfL.jpg,258617,width,1.5 inch
https://m.media-amazon.com/images/I/51rMwWXCgML.jpg,258617,width,8.6 millimetre
https://m.media-amazon.com/images/I/511ZWuIO1+L.jpg,258617,width,1.2 inch
https://m.media-amazon.com/images/I/51+fHNSxZ6L.jpg,258617,width,5.0 centimetre
https://m.media-amazon.com/images/I/41ZiwpC43IL.jpg,258617,width,2.33 inch
https://m.media-amazon.com/images/I/41OlwOjPPSL.jpg,258617,width,25.0 millimetre
https://m.media-amazon.com/images/I/51iTmdJkNiL.jpg,258617,width,1.2 inch
https://m.media-amazon.com/images/I/51tXOKSJWaL.jpg,258617,width,2.35 inch
https://m.media-amazon.com/images/I/41Liza7ddxL.jpg,258617,width,1.27 centimetre
https://m.media-amazon.com/images/I/516wg2u3t6L.jpg,258617,width,0.3 inch
https://m.media-amazon.com/images/I/51SUPn50UkL.jpg,258617,width,1.5 inch
https://m.media-amazon.com/images/I/612sku74WlL.jpg,258617,width,3.4 centimetre
https://m.media-amazon.com/images/I/61FHoxlqCmL.jpg,258617,width,30.0 millimetre
https://m.media-amazon.com/images/I/41k7G4BIHBL.jpg,258617,width,6.0 millimetre
https://m.media-amazon.com/images/I/516onu6PjDL.jpg,258617,width,6.0 centimetre
https://m.media-amazon.com/images/I/51ApaHORBuL.jpg,258617,width,38.0 millimetre
https://m.media-amazon.com/images/I/61F+RXBYWRL.jpg,258617,width,1.77 inch
https://m.media-amazon.com/images/I/51MApejMncL.jpg,258617,width,25.0 millimetre
https://m.media-amazon.com/images/I/611IHqK2gyL.jpg,258617,width,1.63 inch
https://m.media-amazon.com/images/I/513GnYwq+HL.jpg,258617,width,3.2 centimetre
https://m.media-amazon.com/images/I/6132oY9KL1L.jpg,258617,width,0.7 inch
https://m.media-amazon.com/images/I/51d8rU9d0-L.jpg,258617,width,2.1 centimetre
https://m.media-amazon.com/images/I/312ddF2zHIL.jpg,258617,width,1.6 inch
https://m.media-amazon.com/images/I/51C59L0C2WL.jpg,258617,width,1.6 inch
https://m.media-amazon.com/images/I/41ikBngObrL.jpg,258617,width,48.0 millimetre
https://m.media-amazon.com/images/I/614skmWryIL.jpg,258617,width,0.43 inch
https://m.media-amazon.com/images/I/616ZdiKk9oL.jpg,258617,width,2.1 centimetre
https://m.media-amazon.com/images/I/515HJiGUo8L.jpg,258617,width,9.0 millimetre
https://m.media-amazon.com/images/I/51jLH19QhJL.jpg,258617,width,1.125 inch
https://m.media-amazon.com/images/I/51JhqJErUnL.jpg,258617,width,12.0 millimetre
https://m.media-amazon.com/images/I/6161vaPhAGL.jpg,258617,width,0.36 inch
https://m.media-amazon.com/images/I/51qHRSTsr4L.jpg,258617,width,0.4 inch
https://m.media-amazon.com/images/I/416Ky7CJxUL.jpg,258617,width,0.7 inch
https://m.media-amazon.com/images/I/51pzdfCfceL.jpg,258617,width,48.0 millimetre
https://m.media-amazon.com/images/I/51TXwWU7ocL.jpg,258617,width,25.0 millimetre
https://m.media-amazon.com/images/I/61+ztEdrr3S.jpg,258617,width,9.0 millimetre
https://m.media-amazon.com/images/I/618xtpylCHL.jpg,258617,width,6.0 millimetre
https://m.media-amazon.com/images/I/51nu5NTSv2L.jpg,258617,width,3.8 centimetre
https://m.media-amazon.com/images/I/615AT-SWwiL.jpg,258617,width,0.5 inch
https://m.media-amazon.com/images/I/51EPXWwvYmL.jpg,258617,width,1.7 centimetre
https://m.media-amazon.com/images/I/51YWSjJYbLL.jpg,258617,width,5.6 centimetre
https://m.media-amazon.com/images/I/51C0KEb4ODL.jpg,258617,width,30.0 millimetre
https://m.media-amazon.com/images/I/51Qd5Cr1c3L.jpg,258617,width,1.3 inch
https://m.media-amazon.com/images/I/61A-KUB5gLL.jpg,258617,width,14.0 millimetre
https://m.media-amazon.com/images/I/518LAHZqYHL.jpg,258617,width,1.06 centimetre
https://m.media-amazon.com/images/I/51HnmkBqG5L.jpg,258617,width,10.0 millimetre
https://m.media-amazon.com/images/I/6124e1Nr-AL.jpg,258617,width,2.8 centimetre
https://m.media-amazon.com/images/I/41SN+0FnPBL.jpg,258617,width,25.0 millimetre
https://m.media-amazon.com/images/I/51-tjhQ6HcL.jpg,258617,width,15.0 millimetre
https://m.media-amazon.com/images/I/61GJRk4pveL.jpg,258617,width,1.57 inch
https://m.media-amazon.com/images/I/51kxNbZDq4L.jpg,258617,width,1.3 inch
https://m.media-amazon.com/images/I/61AnV2RNTOL.jpg,258617,width,4.0 centimetre
https://m.media-amazon.com/images/I/51uYwBF4sJL.jpg,258617,width,1.57 inch
https://m.media-amazon.com/images/I/51Uaz0rZy2L.jpg,258617,width,1.5 inch
https://m.media-amazon.com/images/I/51xrjl-1bmL.jpg,258617,width,2.0 inch
https://m.media-amazon.com/images/I/4193zdIWxNL.jpg,258617,width,4.5 centimetre
https://m.media-amazon.com/images/I/61EC5gXzo0L.jpg,258617,width,51.0 millimetre
https://m.media-amazon.com/images/I/618Q773b-XS.jpg,258617,width,6.6 centimetre
https://m.media-amazon.com/images/I/61B7VKtAiaL.jpg,258617,width,2.8 centimetre
https://m.media-amazon.com/images/I/61+xaO9M3iL.jpg,258617,width,1.3 inch
https://m.media-amazon.com/images/I/51uOhOmwq3L.jpg,258617,width,4.0 centimetre
https://m.media-amazon.com/images/I/513WEPDRq4L.jpg,258617,width,1.46 inch
https://m.media-amazon.com/images/I/51nex1CKfUS.jpg,258617,width,18.0 millimetre
https://m.media-amazon.com/images/I/61CVNOsfgHL.jpg,258617,width,32.0 millimetre
https://m.media-amazon.com/images/I/6168HwqRvJL.jpg,258617,width,1.7 centimetre
https://m.media-amazon.com/images/I/515tJekuH5L.jpg,258617,width,37.0 millimetre
https://m.media-amazon.com/images/I/51E-esQVmeL.jpg,258617,width,56.0 millimetre
https://m.media-amazon.com/images/I/61+AVWzGHjL.jpg,258617,width,40.0 millimetre
https://m.media-amazon.com/images/I/51yKyHHsS6L.jpg,258617,width,1.7 inch
https://m.media-amazon.com/images/I/612HfPsTQrL.jpg,258617,width,3.0 centimetre
https://m.media-amazon.com/images/I/41KcqLG9+rL.jpg,258617,width,0.3 inch
