image_link,group_id,entity_name,entity_value
https://m.media-amazon.com/images/I/51DAScsdVwL.jpg,219260,width,13.0 centimetre
https://m.media-amazon.com/images/I/61CaVxhB25L.jpg,219260,width,29.0 millimetre
https://m.media-amazon.com/images/I/61DiSEVmHIL.jpg,219260,width,7.0 centimetre
https://m.media-amazon.com/images/I/61Ban6yeumL.jpg,219260,width,20.0 centimetre
https://m.media-amazon.com/images/I/615LUqxqD2L.jpg,219260,width,25.0 millimetre
https://m.media-amazon.com/images/I/41wwQ7f3CyL.jpg,219260,width,8.0 centimetre
https://m.media-amazon.com/images/I/61F1-WrnoBL.jpg,219260,width,0.8 inch
https://m.media-amazon.com/images/I/6108eHsWyyS.jpg,219260,width,3.5 centimetre
https://m.media-amazon.com/images/I/61+fRdw4k1L.jpg,219260,width,7.5 centimetre
https://m.media-amazon.com/images/I/61+fRdw4k1L.jpg,219260,height,12.0 centimetre
https://m.media-amazon.com/images/I/61-rOgyXKQL.jpg,219260,width,6.0 centimetre
https://m.media-amazon.com/images/I/610g7RCWDwL.jpg,219260,width,8.27 inch
https://m.media-amazon.com/images/I/51NCwCRIqZL.jpg,219260,width,4.0 centimetre
https://m.media-amazon.com/images/I/511YsgbUckL.jpg,219260,width,3.9 inch
https://m.media-amazon.com/images/I/51MX+j1kwfL.jpg,219260,width,12.0 centimetre
https://m.media-amazon.com/images/I/51evFtLTB0L.jpg,219260,width,3.1 inch
https://m.media-amazon.com/images/I/51qoBEoS-TL.jpg,219260,width,6.0 centimetre
https://m.media-amazon.com/images/I/617h+hC4BGL.jpg,219260,width,2.36 inch
https://m.media-amazon.com/images/I/51vsacyFpML.jpg,219260,width,62.0 millimetre
https://m.media-amazon.com/images/I/610lKbzIJzL.jpg,219260,width,6.0 centimetre
https://m.media-amazon.com/images/I/61-us3CCAPL.jpg,219260,width,5.0 centimetre
https://m.media-amazon.com/images/I/51RFVPn--wL.jpg,219260,height,4.5 centimetre
https://m.media-amazon.com/images/I/61+heAOYRLS.jpg,219260,height,27.5 millimetre
https://m.media-amazon.com/images/I/51Tg-JsxJfL.jpg,219260,height,14.1 inch
https://m.media-amazon.com/images/I/612CLOQrEzL.jpg,219260,height,11.0 centimetre
https://m.media-amazon.com/images/I/614C8mQugnL.jpg,219260,height,11.0 centimetre
https://m.media-amazon.com/images/I/51jNNB1DamL.jpg,219260,height,35.0 millimetre
https://m.media-amazon.com/images/I/51Z76iHIZ4L.jpg,219260,height,3.3 centimetre
https://m.media-amazon.com/images/I/51Hcx1kj8XL.jpg,219260,height,6.5 centimetre
https://m.media-amazon.com/images/I/51CzCyGvsXL.jpg,219260,height,10.4 inch
https://m.media-amazon.com/images/I/51GHLMG5XyS.jpg,219260,height,45.0 millimetre
https://m.media-amazon.com/images/I/6105NIys6VL.jpg,219260,height,12.0 centimetre
https://m.media-amazon.com/images/I/51kKx7R3gCL.jpg,219260,height,34.0 centimetre
https://m.media-amazon.com/images/I/619sh0zzjdL.jpg,219260,height,40.0 centimetre
https://m.media-amazon.com/images/I/51U9P4k3bCL.jpg,219260,height,215.0 millimetre
https://m.media-amazon.com/images/I/41MtWDsH5eL.jpg,219260,height,11.5 centimetre
https://m.media-amazon.com/images/I/51CC07VUoJL.jpg,219260,height,3.5 centimetre
https://m.media-amazon.com/images/I/41K-xwI9PZL.jpg,219260,height,40.0 millimetre
https://m.media-amazon.com/images/I/616qupfdV8L.jpg,219260,height,8.0 centimetre
https://m.media-amazon.com/images/I/51sJuDp4RsL.jpg,219260,height,7.5 centimetre
https://m.media-amazon.com/images/I/518FkiuDRFL.jpg,219260,height,6.0 centimetre
https://m.media-amazon.com/images/I/61EdL3fsuhL.jpg,219260,height,47.0 centimetre
https://m.media-amazon.com/images/I/61BXjFy9-4L.jpg,219260,height,8.46 inch
