image_link,group_id,entity_name,entity_value
https://m.media-amazon.com/images/I/519gt6LUuaL.jpg,450859,width,20.0 centimetre
https://m.media-amazon.com/images/I/61DrEOJPASL.jpg,450859,width,7.5 centimetre
https://m.media-amazon.com/images/I/61DrEOJPASL.jpg,450859,depth,39.0 centimetre
https://m.media-amazon.com/images/I/51Ph4FLwfRL.jpg,450859,width,7.0 centimetre
https://m.media-amazon.com/images/I/51+8hkl-moL.jpg,450859,width,4.7 centimetre
https://m.media-amazon.com/images/I/61DCgrhNuzL.jpg,450859,width,1.5 inch
https://m.media-amazon.com/images/I/41ixAnefqGS.jpg,450859,width,4.0 centimetre
https://m.media-amazon.com/images/I/51jk0FIbPPL.jpg,450859,width,6.5 inch
https://m.media-amazon.com/images/I/613T1APNMCL.jpg,450859,width,1.5 inch
https://m.media-amazon.com/images/I/51Z7RiV7UHL.jpg,450859,width,4.7 inch
https://m.media-amazon.com/images/I/618GBIc8+ML.jpg,450859,width,5.0 centimetre
https://m.media-amazon.com/images/I/619UYThKvMS.jpg,450859,width,3.0 centimetre
https://m.media-amazon.com/images/I/610n+F9I+SL.jpg,450859,width,38.0 millimetre
https://m.media-amazon.com/images/I/613VW6Rf0YL.jpg,450859,width,4.0 centimetre
https://m.media-amazon.com/images/I/51fvyTaKUTL.jpg,450859,width,7.0 centimetre
https://m.media-amazon.com/images/I/613t+8Cvn6L.jpg,450859,width,3.5 centimetre
https://m.media-amazon.com/images/I/51nl+AUT-wL.jpg,450859,width,3.8 centimetre
https://m.media-amazon.com/images/I/618S1VfWSgL.jpg,450859,width,12.6 centimetre
https://m.media-amazon.com/images/I/616wAHKkn8L.jpg,450859,depth,60.0 inch
https://m.media-amazon.com/images/I/613uMSY7yZL.jpg,450859,depth,51.5 centimetre
https://m.media-amazon.com/images/I/51-TlDzVrCL.jpg,450859,depth,49.0 centimetre
https://m.media-amazon.com/images/I/611P0czmpuL.jpg,450859,depth,32.0 centimetre
https://m.media-amazon.com/images/I/618XEd7cWYL.jpg,450859,depth,144.0 inch
https://m.media-amazon.com/images/I/515IuDG9T0L.jpg,450859,depth,12.0 inch
https://m.media-amazon.com/images/I/611P0ZTeySL.jpg,450859,depth,57.0 inch
https://m.media-amazon.com/images/I/61G0QCBPKPL.jpg,450859,depth,90.0 centimetre
https://m.media-amazon.com/images/I/41K9wgBVu2L.jpg,450859,depth,42.0 centimetre
https://m.media-amazon.com/images/I/612UjSdsarL.jpg,450859,depth,135.0 centimetre
https://m.media-amazon.com/images/I/61F3KJAmeRL.jpg,450859,depth,5.0 metre
https://m.media-amazon.com/images/I/51edDf8c19L.jpg,450859,depth,63.0 centimetre
https://m.media-amazon.com/images/I/617h2pqFPCL.jpg,450859,depth,230.0 centimetre
https://m.media-amazon.com/images/I/612yL3c-aNL.jpg,450859,depth,112.0 centimetre
https://m.media-amazon.com/images/I/616YxQ-JMdL.jpg,450859,depth,105.0 centimetre
https://m.media-amazon.com/images/I/61Be06SE7uL.jpg,450859,depth,2.5 metre
https://m.media-amazon.com/images/I/416SjR-VSXL.jpg,450859,depth,90.0 centimetre
https://m.media-amazon.com/images/I/61CyTEEzH4L.jpg,450859,depth,160.0 centimetre
