image_link,group_id,entity_name,entity_value
https://m.media-amazon.com/images/I/612LfTG8ZHL.jpg,711228,width,2.0 inch
https://m.media-amazon.com/images/I/612LfTG8ZHL.jpg,711228,height,1.5 inch
https://m.media-amazon.com/images/I/61DprKIVo2L.jpg,711228,width,1.9 inch
https://m.media-amazon.com/images/I/617B0MmemzL.jpg,711228,width,4.3 centimetre
https://m.media-amazon.com/images/I/6135aVisGuL.jpg,711228,width,5.0 centimetre
https://m.media-amazon.com/images/I/61ChnNjGZTL.jpg,711228,width,5.0 centimetre
https://m.media-amazon.com/images/I/61FvCkahrKL.jpg,711228,width,50.0 millimetre
https://m.media-amazon.com/images/I/41qTZ1nC3iL.jpg,711228,width,5.0 centimetre
https://m.media-amazon.com/images/I/51bSBq8LklL.jpg,711228,width,2.0 centimetre
https://m.media-amazon.com/images/I/51hJEcXc45L.jpg,711228,width,1.96 inch
https://m.media-amazon.com/images/I/61A+vzFC2BL.jpg,711228,width,5.5 centimetre
https://m.media-amazon.com/images/I/610lE+tynnL.jpg,711228,width,7.3 centimetre
https://m.media-amazon.com/images/I/61E0QkJt3+L.jpg,711228,width,2.5 inch
https://m.media-amazon.com/images/I/51A0GV84d0L.jpg,711228,width,6.3 centimetre
https://m.media-amazon.com/images/I/514kBEtlEMS.jpg,711228,width,6.0 centimetre
https://m.media-amazon.com/images/I/514kBEtlEMS.jpg,711228,height,2.5 centimetre
https://m.media-amazon.com/images/I/61DZ8-fc8QL.jpg,711228,width,2.0 inch
https://m.media-amazon.com/images/I/610oZKs5SnL.jpg,711228,width,2.2 inch
https://m.media-amazon.com/images/I/51pUSfvyItL.jpg,711228,width,4.7 centimetre
https://m.media-amazon.com/images/I/613-eh8SQpL.jpg,711228,width,5.0 centimetre
https://m.media-amazon.com/images/I/41+rvZPDM-L.jpg,711228,width,8.0 inch
https://m.media-amazon.com/images/I/51IeZ+Pe3iL.jpg,711228,width,65.0 millimetre
https://m.media-amazon.com/images/I/51f+13xvknL.jpg,711228,width,2.4 inch
https://m.media-amazon.com/images/I/618oKpZuLcL.jpg,711228,width,1.85 inch
https://m.media-amazon.com/images/I/31kRP-rMDQS.jpg,711228,width,2.7 inch
https://m.media-amazon.com/images/I/31kRP-rMDQS.jpg,711228,height,6.0 inch
https://m.media-amazon.com/images/I/51Yh7ciSiqL.jpg,711228,width,5.3 centimetre
https://m.media-amazon.com/images/I/61CXraniJBL.jpg,711228,width,55.0 millimetre
https://m.media-amazon.com/images/I/51epsnC-hML.jpg,711228,width,3.26 inch
https://m.media-amazon.com/images/I/61ExoCGQLrL.jpg,711228,width,35.0 millimetre
https://m.media-amazon.com/images/I/51lDz70k61L.jpg,711228,width,35.0 millimetre
https://m.media-amazon.com/images/I/51RNyn4T-dL.jpg,711228,width,5.5 centimetre
https://m.media-amazon.com/images/I/51FdolSzW6L.jpg,711228,width,4.8 centimetre
https://m.media-amazon.com/images/I/412vLOgjNUL.jpg,711228,width,5.9 centimetre
https://m.media-amazon.com/images/I/412vLOgjNUL.jpg,711228,height,18.0 centimetre
https://m.media-amazon.com/images/I/51csdiwJ2EL.jpg,711228,width,5.0 centimetre
https://m.media-amazon.com/images/I/51H3g5V2h0L.jpg,711228,height,63.0 millimetre
https://m.media-amazon.com/images/I/61Bz3cRl2aL.jpg,711228,height,8.38 centimetre
https://m.media-amazon.com/images/I/51p9+E3H2qL.jpg,711228,height,7.08 inch
https://m.media-amazon.com/images/I/614n0FucinL.jpg,711228,height,20.0 centimetre
https://m.media-amazon.com/images/I/417WN5u5VyS.jpg,711228,height,1.49 inch
https://m.media-amazon.com/images/I/51DYdYZW4AL.jpg,711228,height,23.0 centimetre
https://m.media-amazon.com/images/I/61EwT2-TjlL.jpg,711228,height,5.5 inch
https://m.media-amazon.com/images/I/419wquDpn-L.jpg,711228,height,18.0 centimetre
https://m.media-amazon.com/images/I/617VaH7msCL.jpg,711228,height,22.5 centimetre
https://m.media-amazon.com/images/I/61DxTHLNjNL.jpg,711228,height,4.0 centimetre
https://m.media-amazon.com/images/I/51tJ6TM90bL.jpg,711228,height,16.5 centimetre
https://m.media-amazon.com/images/I/51zt9EScx-L.jpg,711228,height,16.0 centimetre
https://m.media-amazon.com/images/I/51YmjBXD0rL.jpg,711228,height,190.0 millimetre
https://m.media-amazon.com/images/I/41wTPL-Q5KL.jpg,711228,height,15.5 centimetre
https://m.media-amazon.com/images/I/51h4H7vdvYL.jpg,711228,height,260.0 millimetre
https://m.media-amazon.com/images/I/517cY0QsESL.jpg,711228,height,6.8 inch
https://m.media-amazon.com/images/I/41+e+TOVFeL.jpg,711228,height,22.0 centimetre
https://m.media-amazon.com/images/I/41XxIePUqFL.jpg,711228,height,12.2 centimetre
https://m.media-amazon.com/images/I/51uRaHrnmFL.jpg,711228,height,47.0 millimetre
https://m.media-amazon.com/images/I/61+mNVdNQIL.jpg,711228,height,11.6 centimetre
https://m.media-amazon.com/images/I/61CYDQfzhzL.jpg,711228,height,210.0 millimetre
https://m.media-amazon.com/images/I/51JjWj+7FNL.jpg,711228,height,150.0 millimetre
https://m.media-amazon.com/images/I/612KFuIkp0L.jpg,711228,height,6.0 metre
https://m.media-amazon.com/images/I/512gK848mUL.jpg,711228,height,16.7 centimetre
https://m.media-amazon.com/images/I/51YtjvPwh+L.jpg,711228,height,20.0 centimetre
https://m.media-amazon.com/images/I/51spfbUfx1L.jpg,711228,height,6.96 inch
https://m.media-amazon.com/images/I/619M+NMo2QL.jpg,711228,height,70.0 millimetre
https://m.media-amazon.com/images/I/61D9+qhgo0L.jpg,711228,height,11.6 centimetre
https://m.media-amazon.com/images/I/51CMg0r5TpS.jpg,711228,height,167.0 millimetre
https://m.media-amazon.com/images/I/51VSAPGws1L.jpg,711228,height,7.7 inch
https://m.media-amazon.com/images/I/51yUXEkl2KL.jpg,711228,height,8.0 inch
https://m.media-amazon.com/images/I/618vodcdwSL.jpg,711228,height,11.6 centimetre
https://m.media-amazon.com/images/I/51yJermrD2L.jpg,711228,height,163.0 millimetre
https://m.media-amazon.com/images/I/51NNC+TWJoL.jpg,711228,height,5.9 inch
https://m.media-amazon.com/images/I/61+qkTVNwAL.jpg,711228,height,10.0 centimetre
https://m.media-amazon.com/images/I/617kVbR8NwL.jpg,711228,height,6.2 centimetre
https://m.media-amazon.com/images/I/615RbUd3tOL.jpg,711228,height,11.6 centimetre
https://m.media-amazon.com/images/I/51STkj8ljuL.jpg,711228,height,11.3 centimetre
https://m.media-amazon.com/images/I/518chNBkACL.jpg,711228,height,4.3 centimetre
https://m.media-amazon.com/images/I/51aeLoI1pLL.jpg,711228,height,5.71 inch
https://m.media-amazon.com/images/I/519N7P6yhxL.jpg,711228,height,21.0 centimetre
https://m.media-amazon.com/images/I/51XDZtKMr+L.jpg,711228,height,22.0 centimetre
https://m.media-amazon.com/images/I/41GYCVCeWqL.jpg,711228,height,14.0 centimetre
https://m.media-amazon.com/images/I/51-SpEphhBL.jpg,711228,height,8.0 inch
https://m.media-amazon.com/images/I/613qKRbljqL.jpg,711228,height,48.0 millimetre
https://m.media-amazon.com/images/I/51lIwyCPbTL.jpg,711228,height,2.0 inch
https://m.media-amazon.com/images/I/51cvSVbpFQS.jpg,711228,height,220.0 millimetre
https://m.media-amazon.com/images/I/612p7delk+L.jpg,711228,height,2.6 inch
https://m.media-amazon.com/images/I/51wHJnRLoOL.jpg,711228,height,2.3 inch
https://m.media-amazon.com/images/I/612vwJacL5L.jpg,711228,height,7.5 inch
https://m.media-amazon.com/images/I/612dXOlOUxL.jpg,711228,height,21.5 centimetre
https://m.media-amazon.com/images/I/51uUZYSlqtL.jpg,711228,height,13.6 centimetre
https://m.media-amazon.com/images/I/51Om1dLQSVL.jpg,711228,height,6.0 centimetre
https://m.media-amazon.com/images/I/6179fHL1QzL.jpg,711228,height,50.0 millimetre
https://m.media-amazon.com/images/I/51URI-ePh+L.jpg,711228,height,8.66 inch
https://m.media-amazon.com/images/I/515vnKRm8KL.jpg,711228,height,63.0 millimetre
https://m.media-amazon.com/images/I/611ddh7hDdL.jpg,711228,height,6.6 inch
https://m.media-amazon.com/images/I/415gmM-ZkZL.jpg,711228,height,6.5 inch
https://m.media-amazon.com/images/I/61AFkCQom8S.jpg,711228,height,50.0 millimetre
https://m.media-amazon.com/images/I/51vqvYdt3wL.jpg,711228,height,16.5 centimetre
https://m.media-amazon.com/images/I/51YyckVmrPL.jpg,711228,height,3.0 centimetre
