image_link,group_id,entity_name,entity_value
https://m.media-amazon.com/images/I/71Svyb9HpEL.jpg,186035,voltage,230.0 volt
https://m.media-amazon.com/images/I/716eknov7+L.jpg,186035,voltage,"[11.0, 17.0] volt"
https://m.media-amazon.com/images/I/71HMCudrCOL.jpg,186035,voltage,18.0 volt
https://m.media-amazon.com/images/I/81fYO+HP5QL.jpg,186035,voltage,0.5 volt
https://m.media-amazon.com/images/I/A1hj1olf8SL.jpg,186035,voltage,"[220.0, 240.0] volt"
https://m.media-amazon.com/images/I/81ooKOCb+bL.jpg,186035,item_weight,92.0 kilogram
https://m.media-amazon.com/images/I/61mszHXjuGL.jpg,186035,item_weight,44.0 ounce
https://m.media-amazon.com/images/I/61B3oJUstCL.jpg,186035,voltage,5.0 volt
https://m.media-amazon.com/images/I/71e3HSFfrbL.jpg,186035,voltage,5.0 volt
https://m.media-amazon.com/images/I/712AJHEFZDL.jpg,186035,voltage,15.0 volt
https://m.media-amazon.com/images/I/81dJKvHK0tL.jpg,186035,voltage,250.0 volt
https://m.media-amazon.com/images/I/61hn-jaXrFL.jpg,186035,voltage,250.0 volt
https://m.media-amazon.com/images/I/61vK2cpKonL.jpg,186035,voltage,600.0 volt
https://m.media-amazon.com/images/I/61vK2cpKonL.jpg,186035,item_weight,91.0 kilogram
https://m.media-amazon.com/images/I/A1hT1IWTmTL.jpg,186035,item_weight,3.8 kilogram
https://m.media-amazon.com/images/I/A1yrrs5aDBL.jpg,186035,item_weight,8.38 pound
https://m.media-amazon.com/images/I/71sDBwWUt3L.jpg,186035,item_weight,86.0 pound
https://m.media-amazon.com/images/I/414t4jtgPtL.jpg,186035,voltage,415.0 volt
https://m.media-amazon.com/images/I/816cZwLPV7L.jpg,186035,item_weight,4.0 pound
https://m.media-amazon.com/images/I/813tFoFBx-L.jpg,186035,item_weight,4.2 pound
https://m.media-amazon.com/images/I/61y5hWJdEbL.jpg,186035,voltage,12.0 volt
https://m.media-amazon.com/images/I/71D5vBj3MEL.jpg,186035,voltage,110.0 volt
https://m.media-amazon.com/images/I/71z3Ly4RcfL.jpg,186035,voltage,12.0 volt
https://m.media-amazon.com/images/I/71QeQFaPfYL.jpg,186035,voltage,110.0 volt
https://m.media-amazon.com/images/I/7198PWo5khL.jpg,186035,voltage,12.0 volt
https://m.media-amazon.com/images/I/71TAdtogxJL.jpg,186035,voltage,230.0 volt
https://m.media-amazon.com/images/I/61NIJBnrKuL.jpg,186035,voltage,12.0 volt
https://m.media-amazon.com/images/I/71bCZJFgEOL.jpg,186035,voltage,12.0 volt
https://m.media-amazon.com/images/I/81bl6KgjsWL.jpg,186035,item_weight,4.0 pound
https://m.media-amazon.com/images/I/81+tlUnzQbL.jpg,186035,voltage,20.0 volt
https://m.media-amazon.com/images/I/61LdfmULk3L.jpg,186035,voltage,12.0 volt
https://m.media-amazon.com/images/I/610tqY0-5eL.jpg,186035,voltage,12.0 volt
https://m.media-amazon.com/images/I/71uZUif4IqL.jpg,186035,voltage,12.0 volt
https://m.media-amazon.com/images/I/71YMKBbEqUL.jpg,186035,item_weight,23.0 kilogram
https://m.media-amazon.com/images/I/61eKB8deUkL.jpg,186035,voltage,12.0 volt
https://m.media-amazon.com/images/I/71fO1yCIH-L.jpg,186035,voltage,12.0 volt
https://m.media-amazon.com/images/I/614aRmVViqL.jpg,186035,voltage,24.0 volt
https://m.media-amazon.com/images/I/61WN8XU7fML.jpg,186035,voltage,"[12.0, 24.0] volt"
https://m.media-amazon.com/images/I/71eS4Ag8ZNL.jpg,186035,voltage,12.0 volt
https://m.media-amazon.com/images/I/51W77yuFkWL.jpg,186035,voltage,"[12.0, 24.0] volt"
https://m.media-amazon.com/images/I/71jLIB9HNuL.jpg,186035,voltage,12.0 volt
https://m.media-amazon.com/images/I/71VM0frGtvL.jpg,186035,item_weight,5.1 kilogram
https://m.media-amazon.com/images/I/61i9rinWZvL.jpg,186035,voltage,240.0 volt
https://m.media-amazon.com/images/I/61XusxUBXNL.jpg,186035,voltage,5.0 volt
https://m.media-amazon.com/images/I/71II-UXtsHL.jpg,186035,item_weight,14.5 pound
https://m.media-amazon.com/images/I/61nEe4Z66AL.jpg,186035,voltage,12.0 volt
https://m.media-amazon.com/images/I/81UqRNJqGBL.jpg,186035,voltage,230.0 volt
https://m.media-amazon.com/images/I/61jyf5DC3qL.jpg,186035,voltage,12.0 volt
https://m.media-amazon.com/images/I/71rO8BNqLrL.jpg,186035,voltage,230.0 volt
https://m.media-amazon.com/images/I/71gSzWnC2WL.jpg,186035,voltage,12.0 volt
https://m.media-amazon.com/images/I/710rwf0JabL.jpg,186035,item_weight,87.8 kilogram
https://m.media-amazon.com/images/I/811LZHUmUVL.jpg,186035,item_weight,16.84 pound
https://m.media-amazon.com/images/I/71Nx9qHRS+L.jpg,186035,voltage,24.0 volt
https://m.media-amazon.com/images/I/718MbWPL6yL.jpg,186035,voltage,24.0 volt
https://m.media-amazon.com/images/I/61sdwK5jn-L.jpg,186035,voltage,29.0 volt
https://m.media-amazon.com/images/I/91lKPdMQ94L.jpg,186035,voltage,12.0 volt
https://m.media-amazon.com/images/I/71GNB9-VDkL.jpg,186035,item_weight,12.8 pound
https://m.media-amazon.com/images/I/71-O5aet5QL.jpg,186035,item_weight,35.0 kilogram
https://m.media-amazon.com/images/I/71V7CfwoqFL.jpg,186035,voltage,9.0 volt
https://m.media-amazon.com/images/I/71PaAjc1+IL.jpg,186035,voltage,12.0 volt
https://m.media-amazon.com/images/I/61Uhu9mq27L.jpg,186035,voltage,24.0 volt
https://m.media-amazon.com/images/I/81aw92z0brL.jpg,186035,item_weight,6.25 kilogram
https://m.media-amazon.com/images/I/81KTriQF+-L.jpg,186035,item_weight,54.8 pound
https://m.media-amazon.com/images/I/71HLL1sefYL.jpg,186035,voltage,12.0 volt
https://m.media-amazon.com/images/I/71OvSuW8tKL.jpg,186035,voltage,12.0 volt
https://m.media-amazon.com/images/I/71FTh5z0UTL.jpg,186035,item_weight,22.0 kilogram
https://m.media-amazon.com/images/I/71nD9S+6hrL.jpg,186035,voltage,230.0 volt
https://m.media-amazon.com/images/I/71ByPBDVRfL.jpg,186035,item_weight,11.3 kilogram
https://m.media-amazon.com/images/I/71dsdyYxLaL.jpg,186035,item_weight,3.9 kilogram
https://m.media-amazon.com/images/I/51yX+oyK8xS.jpg,186035,item_weight,45.0 ounce
https://m.media-amazon.com/images/I/71hH9U7NGML.jpg,186035,voltage,12.0 volt
https://m.media-amazon.com/images/I/71uBoklQ9+L.jpg,186035,item_weight,7.5 kilogram
https://m.media-amazon.com/images/I/71BTqSmyxAL.jpg,186035,item_weight,1.6 kilogram
https://m.media-amazon.com/images/I/718J6FQ1ToL.jpg,186035,voltage,220.0 volt
https://m.media-amazon.com/images/I/61Q3OjdbwrL.jpg,186035,voltage,12.0 volt
https://m.media-amazon.com/images/I/81m8k31a4jL.jpg,186035,item_weight,247.0 pound
https://m.media-amazon.com/images/I/71D5lc+mWCL.jpg,186035,voltage,120.0 volt
https://m.media-amazon.com/images/I/717Y1ff-sQL.jpg,186035,voltage,120.0 volt
https://m.media-amazon.com/images/I/71FZ2xUm+UL.jpg,186035,item_weight,4.4 kilogram
https://m.media-amazon.com/images/I/81RZjGfPQKL.jpg,186035,item_weight,12.0 pound
https://m.media-amazon.com/images/I/61KwQStBPZL.jpg,186035,voltage,12.0 volt
https://m.media-amazon.com/images/I/61n-bP03YNL.jpg,186035,voltage,12.0 volt
https://m.media-amazon.com/images/I/71eBdarpNlL.jpg,186035,voltage,24.0 volt
https://m.media-amazon.com/images/I/716kqPaiTOL.jpg,186035,item_weight,16.5 pound
https://m.media-amazon.com/images/I/81cQmltpHxL.jpg,186035,voltage,11.11 volt
https://m.media-amazon.com/images/I/61Eln8U+G9L.jpg,186035,voltage,12.0 volt
https://m.media-amazon.com/images/I/71DB9WAY-4L.jpg,186035,item_weight,4.72 kilogram
https://m.media-amazon.com/images/I/71Fn8U+7q1L.jpg,186035,voltage,2.7 volt
https://m.media-amazon.com/images/I/7127qfN-ggL.jpg,186035,voltage,5.0 volt
https://m.media-amazon.com/images/I/71UBJdQbhkL.jpg,186035,item_weight,52.0 kilogram
https://m.media-amazon.com/images/I/91GkAQyF9gL.jpg,186035,item_weight,25.0 kilogram
https://m.media-amazon.com/images/I/61CNH4by-GL.jpg,186035,voltage,5.0 volt
https://m.media-amazon.com/images/I/71iOjc9i-KL.jpg,186035,voltage,5.0 volt
https://m.media-amazon.com/images/I/91E2Hb5khSL.jpg,186035,voltage,12.0 volt
https://m.media-amazon.com/images/I/71P-720GuSL.jpg,186035,voltage,12.0 volt
https://m.media-amazon.com/images/I/71vB4g2UOQL.jpg,186035,voltage,"[5.0, 20.0] volt"
https://m.media-amazon.com/images/I/71YTSGMXtAL.jpg,186035,voltage,24.0 volt
https://m.media-amazon.com/images/I/81YijO4U3zL.jpg,186035,voltage,"[18.0, 70.0] volt"
https://m.media-amazon.com/images/I/71ztNdKN7gL.jpg,186035,voltage,230.0 volt
https://m.media-amazon.com/images/I/71ZP-Xj5V2L.jpg,186035,voltage,5.0 volt
https://m.media-amazon.com/images/I/61c2uDlk7BL.jpg,186035,voltage,12.0 volt
https://m.media-amazon.com/images/I/71oeRghgeQL.jpg,186035,voltage,12.0 volt
https://m.media-amazon.com/images/I/71WJq0GToPL.jpg,186035,voltage,12.0 volt
https://m.media-amazon.com/images/I/71PAx6WKEQL.jpg,186035,voltage,12.0 volt
https://m.media-amazon.com/images/I/91fjyfAzdhL.jpg,186035,item_weight,45.0 kilogram
https://m.media-amazon.com/images/I/71uaC5VasYL.jpg,186035,voltage,"[12.8, 16.5] volt"
https://m.media-amazon.com/images/I/81KvGuFc86L.jpg,186035,voltage,12.0 volt
https://m.media-amazon.com/images/I/71FR5xyTINL.jpg,186035,voltage,"[12.0, 24.0] volt"
https://m.media-amazon.com/images/I/71AZ+-TBg-L.jpg,186035,voltage,"[12.8, 16.5] volt"
https://m.media-amazon.com/images/I/71nuj+HceRL.jpg,186035,voltage,14.8 volt
https://m.media-amazon.com/images/I/61WhxPvP2FL.jpg,186035,voltage,"[12.0, 24.0] volt"
https://m.media-amazon.com/images/I/71bJh+ZR8mL.jpg,186035,voltage,"[12.0, 24.0] volt"
https://m.media-amazon.com/images/I/71g1RwwuYdL.jpg,186035,voltage,30.0 volt
https://m.media-amazon.com/images/I/61SjPrcAwvL.jpg,186035,item_weight,30.9 pound
https://m.media-amazon.com/images/I/81VMPbnXDXL.jpg,186035,item_weight,12.5 pound
https://m.media-amazon.com/images/I/717LG4YPQVL.jpg,186035,item_weight,17.6 pound
https://m.media-amazon.com/images/I/71T3Im+kMrL.jpg,186035,item_weight,7.0 pound
https://m.media-amazon.com/images/I/71P2R+A+z+L.jpg,186035,item_weight,3.2 kilogram
https://m.media-amazon.com/images/I/71w3kjfhG2L.jpg,186035,item_weight,7.0 pound
https://m.media-amazon.com/images/I/71fWAKO+UmL.jpg,186035,item_weight,30.8 pound
https://m.media-amazon.com/images/I/71yyxYndw4L.jpg,186035,item_weight,6.0 kilogram
https://m.media-amazon.com/images/I/71mEwG4NlUL.jpg,186035,item_weight,7.5 kilogram
https://m.media-amazon.com/images/I/716Gg0BcmxL.jpg,186035,voltage,5.0 volt
https://m.media-amazon.com/images/I/817nA92b2IL.jpg,186035,voltage,12.0 volt
https://m.media-amazon.com/images/I/71sehMdvFsL.jpg,186035,item_weight,21.5 kilogram
https://m.media-amazon.com/images/I/71iWNaYI+IL.jpg,186035,voltage,100.0 volt
https://m.media-amazon.com/images/I/81w7fn8HTBL.jpg,186035,item_weight,81.0 kilogram
https://m.media-amazon.com/images/I/61OADqynRdL.jpg,186035,voltage,"[12.0, 30.0] volt"
https://m.media-amazon.com/images/I/61kB77znaeL.jpg,186035,voltage,"[12.0, 30.0] volt"
https://m.media-amazon.com/images/I/61I5aFlsdhL.jpg,186035,item_weight,11.6 pound
https://m.media-amazon.com/images/I/716EoVitBAL.jpg,186035,voltage,120.0 volt
https://m.media-amazon.com/images/I/71rx7R0KysL.jpg,186035,item_weight,5.0 kilogram
https://m.media-amazon.com/images/I/815nDpiyAlL.jpg,186035,item_weight,130.0 pound
https://m.media-amazon.com/images/I/61zb1AWZSFL.jpg,186035,voltage,110.0 volt
https://m.media-amazon.com/images/I/71ZtTNxgwNL.jpg,186035,item_weight,8.37 pound
https://m.media-amazon.com/images/I/81l1xJ7Bg8L.jpg,186035,item_weight,52.9 pound
https://m.media-amazon.com/images/I/71p+1EL0qNL.jpg,186035,item_weight,4.0 pound
https://m.media-amazon.com/images/I/71GZSpaRmWL.jpg,186035,item_weight,7.1 pound
https://m.media-amazon.com/images/I/61T6-s3do7L.jpg,186035,voltage,12.0 volt
https://m.media-amazon.com/images/I/711Wk2hRLEL.jpg,186035,item_weight,6.0 kilogram
https://m.media-amazon.com/images/I/81DXONmBo1L.jpg,186035,item_weight,1935.0 gram
https://m.media-amazon.com/images/I/81Z+WTQdfQL.jpg,186035,voltage,120.0 volt
https://m.media-amazon.com/images/I/81AprXTMy-L.jpg,186035,voltage,125.0 volt
https://m.media-amazon.com/images/I/81VE8OWLAZL.jpg,186035,voltage,120.0 volt
https://m.media-amazon.com/images/I/81OVD2WCcRL.jpg,186035,voltage,110.0 volt
https://m.media-amazon.com/images/I/71lPMzm065L.jpg,186035,voltage,26.1 volt
https://m.media-amazon.com/images/I/81cUtzXCpgL.jpg,186035,voltage,12.0 volt
https://m.media-amazon.com/images/I/61wSPf-flYL.jpg,186035,voltage,230.0 volt
https://m.media-amazon.com/images/I/81hiunUCKCL.jpg,186035,voltage,24.0 volt
https://m.media-amazon.com/images/I/71HSfpeoj+L.jpg,186035,voltage,"[12.0, 24.0] volt"
https://m.media-amazon.com/images/I/71M2ffoItkL.jpg,186035,item_weight,4.8 kilogram
https://m.media-amazon.com/images/I/511hWY7cfIL.jpg,186035,width,15.5 centimetre
https://m.media-amazon.com/images/I/61G7YmhjieL.jpg,186035,width,13.8 millimetre
https://m.media-amazon.com/images/I/6172da2E8vL.jpg,186035,width,3.0 inch
https://m.media-amazon.com/images/I/51Xdhm8urHL.jpg,186035,width,165.0 millimetre
https://m.media-amazon.com/images/I/51KDIw6UjiL.jpg,186035,width,283.5 millimetre
https://m.media-amazon.com/images/I/51yi9SaWpcL.jpg,186035,depth,1.2 metre
https://m.media-amazon.com/images/I/61362klS1NL.jpg,186035,depth,210.0 millimetre
https://m.media-amazon.com/images/I/51VMm80GsYL.jpg,186035,depth,180.0 millimetre
https://m.media-amazon.com/images/I/51G-PK1sNyL.jpg,186035,height,76.0 millimetre
https://m.media-amazon.com/images/I/51iyUzBiZuL.jpg,186035,height,17.0 centimetre
https://m.media-amazon.com/images/I/41RsBrKSOAL.jpg,186035,height,96.0 centimetre
https://m.media-amazon.com/images/I/613cHPqfMzL.jpg,186035,height,16.1 inch
https://m.media-amazon.com/images/I/51W4UOfmazL.jpg,186035,height,80.0 centimetre
https://m.media-amazon.com/images/I/411lpybN2hL.jpg,186035,height,80.0 centimetre
https://m.media-amazon.com/images/I/6121d3Gja8L.jpg,186035,height,46.0 centimetre
https://m.media-amazon.com/images/I/61EXHqHwjGL.jpg,186035,height,78.96 millimetre
https://m.media-amazon.com/images/I/51j60j75skL.jpg,186035,height,33.0 centimetre
https://m.media-amazon.com/images/I/517OIOznjRL.jpg,186035,height,30.5 inch
https://m.media-amazon.com/images/I/41AYfIoj7aL.jpg,186035,height,46.0 inch
https://m.media-amazon.com/images/I/614Wgd08IbL.jpg,186035,height,24.2 centimetre
https://m.media-amazon.com/images/I/51NE3V69PrL.jpg,186035,height,49.0 millimetre
