image_link,group_id,entity_name,entity_value
https://m.media-amazon.com/images/I/611U4vJ39zL.jpg,268873,width,60.0 centimetre
https://m.media-amazon.com/images/I/611HYGAdvjL.jpg,268873,width,50.0 centimetre
https://m.media-amazon.com/images/I/61BAqrX8t5L.jpg,268873,depth,90.0 centimetre
https://m.media-amazon.com/images/I/618o5eF32kL.jpg,268873,depth,60.0 centimetre
https://m.media-amazon.com/images/I/51wuyjL90jL.jpg,268873,depth,55.0 inch
https://m.media-amazon.com/images/I/5120AJmfPEL.jpg,268873,depth,65.0 centimetre
