image_link,group_id,entity_name,entity_value
https://m.media-amazon.com/images/I/71kKyflqh-L.jpg,178958,maximum_weight_recommendation,7 kilogram
https://m.media-amazon.com/images/I/71WkYe-8LNL.jpg,178958,item_weight,4.2 kilogram
https://m.media-amazon.com/images/I/61kUyi-O7KS.jpg,178958,maximum_weight_recommendation,10 pound
https://m.media-amazon.com/images/I/71oLbcZZlGL.jpg,178958,item_weight,20.0 pound
https://m.media-amazon.com/images/I/81Fdv7cgfEL.jpg,178958,maximum_weight_recommendation,150 pound
https://m.media-amazon.com/images/I/71jcpVE69UL.jpg,178958,maximum_weight_recommendation,20 kilogram
https://m.media-amazon.com/images/I/61AjiiPP9uL.jpg,178958,maximum_weight_recommendation,10 kilogram
https://m.media-amazon.com/images/I/71hll1DurML.jpg,178958,maximum_weight_recommendation,13 pound
https://m.media-amazon.com/images/I/61iND3Kua6L.jpg,178958,maximum_weight_recommendation,5 kilogram
https://m.media-amazon.com/images/I/61APqH41Z6L.jpg,178958,maximum_weight_recommendation,10 kilogram
https://m.media-amazon.com/images/I/811IoPzE0TL.jpg,178958,maximum_weight_recommendation,10 kilogram
https://m.media-amazon.com/images/I/61-mQGOMIIL.jpg,178958,maximum_weight_recommendation,10 pound
https://m.media-amazon.com/images/I/81Zjks05GcL.jpg,178958,maximum_weight_recommendation,11 pound
https://m.media-amazon.com/images/I/71TQi8cFD0L.jpg,178958,item_weight,1.0 gram
https://m.media-amazon.com/images/I/815h2nI71EL.jpg,178958,maximum_weight_recommendation,25 kilogram
https://m.media-amazon.com/images/I/71Q9SVa8+tL.jpg,178958,maximum_weight_recommendation,10 kilogram
https://m.media-amazon.com/images/I/61j2LYFrQ1L.jpg,178958,maximum_weight_recommendation,30 kilogram
https://m.media-amazon.com/images/I/614Ghnad6EL.jpg,178958,maximum_weight_recommendation,30 kilogram
https://m.media-amazon.com/images/I/61pb3TfN-EL.jpg,178958,maximum_weight_recommendation,5 kilogram
https://m.media-amazon.com/images/I/71YPOfaV6SL.jpg,178958,maximum_weight_recommendation,10 kilogram
https://m.media-amazon.com/images/I/61lpzxZMYdL.jpg,178958,maximum_weight_recommendation,10 kilogram
https://m.media-amazon.com/images/I/61QGlkcTagL.jpg,178958,maximum_weight_recommendation,90 kilogram
https://m.media-amazon.com/images/I/813zbewmrLL.jpg,178958,maximum_weight_recommendation,18.0 ton
https://m.media-amazon.com/images/I/71WsZvTsUCL.jpg,178958,maximum_weight_recommendation,90 kilogram
https://m.media-amazon.com/images/I/615q5po6H8L.jpg,178958,maximum_weight_recommendation,90 kilogram
https://m.media-amazon.com/images/I/61LruN+AfUS.jpg,178958,maximum_weight_recommendation,10 pound
https://m.media-amazon.com/images/I/71sc1afeVtL.jpg,178958,maximum_weight_recommendation,150 pound
https://m.media-amazon.com/images/I/61GwVmAUBdL.jpg,178958,item_weight,3.0 kilogram
https://m.media-amazon.com/images/I/71Y8aQYz9-L.jpg,178958,maximum_weight_recommendation,1 kilogram
https://m.media-amazon.com/images/I/91dWl9pKI1L.jpg,178958,maximum_weight_recommendation,125 kilogram
https://m.media-amazon.com/images/I/81SHYHdC0OL.jpg,178958,maximum_weight_recommendation,1 kilogram
https://m.media-amazon.com/images/I/71gtM+GgUnL.jpg,178958,item_weight,27.7 pound
https://m.media-amazon.com/images/I/718XUOWcNeL.jpg,178958,item_weight,8.8 ounce
https://m.media-amazon.com/images/I/51DIhm2DFqL.jpg,178958,item_weight,3.6 kilogram
https://m.media-amazon.com/images/I/51DIhm2DFqL.jpg,178958,width,78.0 centimetre
https://m.media-amazon.com/images/I/61JMS37c97L.jpg,178958,maximum_weight_recommendation,40 kilogram
https://m.media-amazon.com/images/I/61iDwMhplqL.jpg,178958,maximum_weight_recommendation,10 pound
https://m.media-amazon.com/images/I/61oT8lNyMbL.jpg,178958,maximum_weight_recommendation,10 pound
https://m.media-amazon.com/images/I/71bCatURKFL.jpg,178958,maximum_weight_recommendation,30.0 kilogram
https://m.media-amazon.com/images/I/716NGl+obDL.jpg,178958,maximum_weight_recommendation,10 kilogram
https://m.media-amazon.com/images/I/71j7gT1bMoL.jpg,178958,maximum_weight_recommendation,3 kilogram
https://m.media-amazon.com/images/I/71ZO1rw0MtL.jpg,178958,maximum_weight_recommendation,90 kilogram
https://m.media-amazon.com/images/I/71a5rFVEwoL.jpg,178958,item_weight,4.5 pound
https://m.media-amazon.com/images/I/61bvm8BvOaL.jpg,178958,maximum_weight_recommendation,5 kilogram
https://m.media-amazon.com/images/I/617pztIqkIL.jpg,178958,maximum_weight_recommendation,15 kilogram
https://m.media-amazon.com/images/I/81WXh6cusFL.jpg,178958,maximum_weight_recommendation,3 kilogram
https://m.media-amazon.com/images/I/71EtrKdP8KL.jpg,178958,maximum_weight_recommendation,3 kilogram
https://m.media-amazon.com/images/I/71Yh-j4qVpL.jpg,178958,item_weight,8.6 pound
https://m.media-amazon.com/images/I/61TwdVGudOL.jpg,178958,maximum_weight_recommendation,5 kilogram
https://m.media-amazon.com/images/I/61gbRH2MSNL.jpg,178958,maximum_weight_recommendation,100.0 gram
https://m.media-amazon.com/images/I/81ZevulSxmL.jpg,178958,maximum_weight_recommendation,17 pound
https://m.media-amazon.com/images/I/61I4uDw2jjL.jpg,178958,maximum_weight_recommendation,18 kilogram
https://m.media-amazon.com/images/I/71FURCCXIIL.jpg,178958,maximum_weight_recommendation,12.0 ton
https://m.media-amazon.com/images/I/610n0UTNQhS.jpg,178958,maximum_weight_recommendation,40 kilogram
https://m.media-amazon.com/images/I/81nyKkE7GeL.jpg,178958,item_weight,194.0 gram
https://m.media-amazon.com/images/I/71Spqh235KL.jpg,178958,maximum_weight_recommendation,3 kilogram
https://m.media-amazon.com/images/I/618iboUFXcL.jpg,178958,maximum_weight_recommendation,110 pound
https://m.media-amazon.com/images/I/71D7XiR4XaL.jpg,178958,maximum_weight_recommendation,110 pound
https://m.media-amazon.com/images/I/61bcZhHBIbL.jpg,178958,item_weight,130.0 gram
https://m.media-amazon.com/images/I/41oAaETWMoS.jpg,178958,maximum_weight_recommendation,10 pound
https://m.media-amazon.com/images/I/612BYi0iG5L.jpg,178958,maximum_weight_recommendation,5 kilogram
https://m.media-amazon.com/images/I/71ownGKnOmL.jpg,178958,maximum_weight_recommendation,25 pound
https://m.media-amazon.com/images/I/71iS9tCS2hL.jpg,178958,item_weight,6.17 pound
https://m.media-amazon.com/images/I/71nmBKXZ4rL.jpg,178958,maximum_weight_recommendation,6.0 ton
https://m.media-amazon.com/images/I/81PBqcbkfNL.jpg,178958,maximum_weight_recommendation,5 pound
https://m.media-amazon.com/images/I/71vj0i5ZwoL.jpg,178958,maximum_weight_recommendation,20 kilogram
https://m.media-amazon.com/images/I/71yMFpPtpGL.jpg,178958,maximum_weight_recommendation,10 kilogram
https://m.media-amazon.com/images/I/61SC+6nj0gL.jpg,178958,maximum_weight_recommendation,100 kilogram
https://m.media-amazon.com/images/I/7122hsxTwQL.jpg,178958,maximum_weight_recommendation,22.7 kilogram
https://m.media-amazon.com/images/I/71RJKOAvI-L.jpg,178958,maximum_weight_recommendation,11 pound
https://m.media-amazon.com/images/I/61W7H-oDMVL.jpg,178958,item_weight,3.0 kilogram
https://m.media-amazon.com/images/I/61bIHY7WL0L.jpg,178958,maximum_weight_recommendation,452 pound
https://m.media-amazon.com/images/I/71ON7bGJlwL.jpg,178958,maximum_weight_recommendation,11.0 pound
https://m.media-amazon.com/images/I/71D6vZbFZzL.jpg,178958,maximum_weight_recommendation,800 pound
https://m.media-amazon.com/images/I/61AkQL1fprL.jpg,178958,item_weight,15.0 kilogram
https://m.media-amazon.com/images/I/61waHA4QfsL.jpg,178958,maximum_weight_recommendation,3 kilogram
https://m.media-amazon.com/images/I/81a7-oFpfNL.jpg,178958,maximum_weight_recommendation,30 pound
https://m.media-amazon.com/images/I/71WURGBRyxL.jpg,178958,item_weight,1.0 gram
https://m.media-amazon.com/images/I/51P4yI-NvvL.jpg,178958,maximum_weight_recommendation,11.0 pound
https://m.media-amazon.com/images/I/81N2Lz6pOxL.jpg,178958,maximum_weight_recommendation,900 pound
https://m.media-amazon.com/images/I/71KSjmLDdyL.jpg,178958,item_weight,40.0 kilogram
https://m.media-amazon.com/images/I/51I6ch0UcPL.jpg,178958,maximum_weight_recommendation,10 kilogram
https://m.media-amazon.com/images/I/91nZRBD0rzS.jpg,178958,maximum_weight_recommendation,125 kilogram
https://m.media-amazon.com/images/I/71QiFL1LbPS.jpg,178958,maximum_weight_recommendation,1 kilogram
https://m.media-amazon.com/images/I/91mbl-HKGHS.jpg,178958,maximum_weight_recommendation,1 kilogram
https://m.media-amazon.com/images/I/71FnGAH4VBL.jpg,178958,item_weight,4.2 kilogram
https://m.media-amazon.com/images/I/6183GrST6EL.jpg,178958,maximum_weight_recommendation,1.0 pound
https://m.media-amazon.com/images/I/81uQmF7zjdL.jpg,178958,maximum_weight_recommendation,132.0 pound
https://m.media-amazon.com/images/I/71YyEs7y-cL.jpg,178958,maximum_weight_recommendation,11.0 pound
https://m.media-amazon.com/images/I/61PDsf0JTXL.jpg,178958,maximum_weight_recommendation,10 kilogram
https://m.media-amazon.com/images/I/61xlDWS0o+S.jpg,178958,maximum_weight_recommendation,210 pound
https://m.media-amazon.com/images/I/61-Csp4O4kL.jpg,178958,item_weight,6.17 pound
https://m.media-amazon.com/images/I/71eszw4f-UL.jpg,178958,item_weight,3.8 kilogram
https://m.media-amazon.com/images/I/61LXaazdbgL.jpg,178958,maximum_weight_recommendation,15.0 ton
https://m.media-amazon.com/images/I/71AFtv6gF9L.jpg,178958,item_weight,4.2 kilogram
https://m.media-amazon.com/images/I/61fPDLY2j5L.jpg,178958,item_weight,5.0 kilogram
https://m.media-amazon.com/images/I/71xVp5rmOeL.jpg,178958,item_weight,21.4 pound
https://m.media-amazon.com/images/I/71hrBT+apWL.jpg,178958,item_weight,4.2 kilogram
https://m.media-amazon.com/images/I/61HvQpXhWiL.jpg,178958,maximum_weight_recommendation,1.0 pound
https://m.media-amazon.com/images/I/61ByfytdrqL.jpg,178958,width,75.0 centimetre
https://m.media-amazon.com/images/I/51gf9NFlNBL.jpg,178958,width,48.0 centimetre
https://m.media-amazon.com/images/I/51bOgcRcrTL.jpg,178958,width,102.0 centimetre
https://m.media-amazon.com/images/I/618U9LFBlCL.jpg,178958,width,45.0 inch
https://m.media-amazon.com/images/I/51nSIxy7diL.jpg,178958,width,72.0 centimetre
https://m.media-amazon.com/images/I/51nSIxy7diL.jpg,178958,height,183.0 centimetre
https://m.media-amazon.com/images/I/51LOTpGlf+L.jpg,178958,width,35.0 centimetre
https://m.media-amazon.com/images/I/51+M6NPmFZL.jpg,178958,width,94.0 centimetre
https://m.media-amazon.com/images/I/61+OjJp1ADL.jpg,178958,width,9.8 inch
https://m.media-amazon.com/images/I/51Iltya0kcL.jpg,178958,width,70.0 centimetre
https://m.media-amazon.com/images/I/61+utoMUDBL.jpg,178958,width,31.5 inch
https://m.media-amazon.com/images/I/51H2ZLyYqJL.jpg,178958,width,44.0 centimetre
https://m.media-amazon.com/images/I/51H2ZLyYqJL.jpg,178958,height,65.0 centimetre
https://m.media-amazon.com/images/I/5157HzDhMYL.jpg,178958,width,40.0 centimetre
https://m.media-amazon.com/images/I/61GBEdUdHQL.jpg,178958,width,64.0 centimetre
https://m.media-amazon.com/images/I/513-HzK7LcL.jpg,178958,width,11.0 inch
https://m.media-amazon.com/images/I/51wdKJ9+pZL.jpg,178958,width,50.0 centimetre
https://m.media-amazon.com/images/I/61AknHk7WDL.jpg,178958,width,24.1 centimetre
https://m.media-amazon.com/images/I/51koIwi0MjL.jpg,178958,width,27.5 centimetre
https://m.media-amazon.com/images/I/41Y5LWqnqEL.jpg,178958,width,60.0 centimetre
https://m.media-amazon.com/images/I/61FQYNp12aL.jpg,178958,width,82.0 centimetre
https://m.media-amazon.com/images/I/51XbopbwFJL.jpg,178958,width,28.5 centimetre
https://m.media-amazon.com/images/I/61E0Wfp4-sL.jpg,178958,width,28.0 centimetre
https://m.media-amazon.com/images/I/51KUE-8eDGL.jpg,178958,width,86.61 inch
https://m.media-amazon.com/images/I/31W3M7wU69L.jpg,178958,width,17.7 inch
https://m.media-amazon.com/images/I/41tYA3DXPyL.jpg,178958,width,105.0 centimetre
https://m.media-amazon.com/images/I/61Cd5nE49hL.jpg,178958,width,92.5 centimetre
https://m.media-amazon.com/images/I/51nVqLjwiPL.jpg,178958,width,89.9 centimetre
https://m.media-amazon.com/images/I/51rTX29TGQS.jpg,178958,width,595.0 millimetre
https://m.media-amazon.com/images/I/51rTX29TGQS.jpg,178958,height,400.0 millimetre
https://m.media-amazon.com/images/I/614FYiFDoeL.jpg,178958,width,58.0 centimetre
https://m.media-amazon.com/images/I/51yfO1mT99L.jpg,178958,width,37.5 inch
https://m.media-amazon.com/images/I/51daVbM1kpL.jpg,178958,width,50.0 centimetre
https://m.media-amazon.com/images/I/610Yfa1HHuL.jpg,178958,width,118.0 inch
https://m.media-amazon.com/images/I/31EusnrwwML.jpg,178958,width,85.0 centimetre
https://m.media-amazon.com/images/I/31EusnrwwML.jpg,178958,height,98.0 centimetre
https://m.media-amazon.com/images/I/51iWGoVr6nL.jpg,178958,width,43.3 inch
https://m.media-amazon.com/images/I/51-CvlXif7L.jpg,178958,width,57.0 inch
https://m.media-amazon.com/images/I/61ATy2SfcfL.jpg,178958,width,18.5 inch
https://m.media-amazon.com/images/I/31DonbbkhvL.jpg,178958,width,60.0 centimetre
https://m.media-amazon.com/images/I/31DonbbkhvL.jpg,178958,height,175.0 centimetre
https://m.media-amazon.com/images/I/61B8dDTDe0L.jpg,178958,width,85.0 centimetre
https://m.media-amazon.com/images/I/51JSm+XYWLL.jpg,178958,width,60.0 centimetre
https://m.media-amazon.com/images/I/611uvmxl4SL.jpg,178958,width,85.0 centimetre
https://m.media-amazon.com/images/I/51LMW9yTR8L.jpg,178958,width,25.0 centimetre
https://m.media-amazon.com/images/I/516BrV1++xL.jpg,178958,width,33.7 centimetre
https://m.media-amazon.com/images/I/51quQ49fFmL.jpg,178958,width,49.0 centimetre
https://m.media-amazon.com/images/I/51sLUtefoSL.jpg,178958,width,60.0 centimetre
https://m.media-amazon.com/images/I/51sLUtefoSL.jpg,178958,height,170.0 centimetre
https://m.media-amazon.com/images/I/61Avgzqxu8L.jpg,178958,width,77.0 centimetre
https://m.media-amazon.com/images/I/611FSbJ6PDL.jpg,178958,width,25.0 centimetre
https://m.media-amazon.com/images/I/517qMh0zd7S.jpg,178958,width,15.75 inch
https://m.media-amazon.com/images/I/41VUyArx6VL.jpg,178958,width,25.0 centimetre
https://m.media-amazon.com/images/I/51FqYYCJ0EL.jpg,178958,width,60.0 centimetre
https://m.media-amazon.com/images/I/61DnncDjH7L.jpg,178958,width,24.0 inch
https://m.media-amazon.com/images/I/51AdiHtcGAL.jpg,178958,width,28.4 inch
https://m.media-amazon.com/images/I/51AdiHtcGAL.jpg,178958,height,65.0 inch
https://m.media-amazon.com/images/I/61A-JDFgapL.jpg,178958,width,60.0 centimetre
https://m.media-amazon.com/images/I/51S9rJ-N3jL.jpg,178958,width,10.0 inch
https://m.media-amazon.com/images/I/41QJOXQ2XEL.jpg,178958,width,20.88 inch
https://m.media-amazon.com/images/I/51+QF47GZjL.jpg,178958,width,17.7 inch
https://m.media-amazon.com/images/I/616msMyuajL.jpg,178958,width,155.0 centimetre
https://m.media-amazon.com/images/I/61AKX1nuVdL.jpg,178958,width,28.5 centimetre
https://m.media-amazon.com/images/I/61ENkuROg8L.jpg,178958,width,32.0 centimetre
https://m.media-amazon.com/images/I/619vsaGHQIL.jpg,178958,width,39.4 inch
https://m.media-amazon.com/images/I/61-WOc1LRtL.jpg,178958,width,100.0 centimetre
https://m.media-amazon.com/images/I/41cZtFL+i6L.jpg,178958,width,31.5 inch
https://m.media-amazon.com/images/I/41cZtFL+i6L.jpg,178958,height,67.0 inch
https://m.media-amazon.com/images/I/51QRZH+lPeL.jpg,178958,width,37.4 inch
https://m.media-amazon.com/images/I/619RCtx3h3L.jpg,178958,width,28.0 centimetre
https://m.media-amazon.com/images/I/51NL8IF3JDL.jpg,178958,width,12.0 inch
https://m.media-amazon.com/images/I/51MdiMPSy9L.jpg,178958,width,89.9 centimetre
https://m.media-amazon.com/images/I/51XP8aiW0gL.jpg,178958,width,38.0 centimetre
https://m.media-amazon.com/images/I/51XP8aiW0gL.jpg,178958,height,178.0 centimetre
https://m.media-amazon.com/images/I/519rSEFgV5L.jpg,178958,width,57.0 centimetre
https://m.media-amazon.com/images/I/51x0s0QU49S.jpg,178958,width,45.0 centimetre
https://m.media-amazon.com/images/I/51J2vsQAbWL.jpg,178958,width,46.0 centimetre
https://m.media-amazon.com/images/I/613Q5pdcLqL.jpg,178958,width,73.0 centimetre
https://m.media-amazon.com/images/I/51VLWIkofnL.jpg,178958,width,42.0 centimetre
https://m.media-amazon.com/images/I/614M8hWH7ZL.jpg,178958,width,80.0 centimetre
https://m.media-amazon.com/images/I/516S8ezaqBS.jpg,178958,width,120.0 centimetre
https://m.media-amazon.com/images/I/619YzlF+TnL.jpg,178958,width,42.0 inch
https://m.media-amazon.com/images/I/51ogxOuvW8L.jpg,178958,width,59.0 centimetre
https://m.media-amazon.com/images/I/61CrxkAzv7L.jpg,178958,width,126.0 centimetre
https://m.media-amazon.com/images/I/61CrxkAzv7L.jpg,178958,height,58.0 inch
https://m.media-amazon.com/images/I/51V7NopsZlL.jpg,178958,width,21.0 inch
https://m.media-amazon.com/images/I/51IZQSLySpL.jpg,178958,width,58.0 centimetre
https://m.media-amazon.com/images/I/51zReRVXFIL.jpg,178958,width,38.0 centimetre
https://m.media-amazon.com/images/I/51-8bEhOGAL.jpg,178958,width,101.0 centimetre
https://m.media-amazon.com/images/I/412tErfXUpL.jpg,178958,width,35.0 centimetre
https://m.media-amazon.com/images/I/61G59xT22rL.jpg,178958,width,60.0 centimetre
https://m.media-amazon.com/images/I/51Mg8Tjy8IS.jpg,178958,width,116.0 centimetre
https://m.media-amazon.com/images/I/51e96Wh7ZbL.jpg,178958,width,100.0 centimetre
https://m.media-amazon.com/images/I/518aZSt0BAL.jpg,178958,width,100.0 centimetre
https://m.media-amazon.com/images/I/41AybH8H7ZL.jpg,178958,height,160.0 centimetre
https://m.media-amazon.com/images/I/51QCBpcg0ZL.jpg,178958,height,54.7 inch
https://m.media-amazon.com/images/I/51BTvl7P9BL.jpg,178958,height,800.0 millimetre
https://m.media-amazon.com/images/I/5140j4T4UFL.jpg,178958,height,110.0 centimetre
https://m.media-amazon.com/images/I/513LXFY+MBL.jpg,178958,height,146.0 centimetre
https://m.media-amazon.com/images/I/61DqxLZzRwL.jpg,178958,height,107.0 centimetre
https://m.media-amazon.com/images/I/616gonABL4L.jpg,178958,height,72.83 inch
https://m.media-amazon.com/images/I/51iUu7eL9dL.jpg,178958,height,164.0 centimetre
https://m.media-amazon.com/images/I/51xrxNPwiGL.jpg,178958,height,92.0 centimetre
https://m.media-amazon.com/images/I/610Av5W66+L.jpg,178958,height,146.0 centimetre
https://m.media-amazon.com/images/I/51sz4csDVlL.jpg,178958,height,59.0 inch
https://m.media-amazon.com/images/I/61ERTqF3vfL.jpg,178958,height,246.0 centimetre
https://m.media-amazon.com/images/I/41k33jvT5NL.jpg,178958,height,63.0 inch
https://m.media-amazon.com/images/I/51hiFWQqTDL.jpg,178958,height,147.0 centimetre
https://m.media-amazon.com/images/I/614bRUSJZKL.jpg,178958,height,151.5 centimetre
https://m.media-amazon.com/images/I/51NprjB0WbL.jpg,178958,height,6.0 centimetre
https://m.media-amazon.com/images/I/41jDwg1+tRL.jpg,178958,height,30.63 inch
https://m.media-amazon.com/images/I/61FEQAQh6hL.jpg,178958,height,100.0 centimetre
https://m.media-amazon.com/images/I/51Sig07376L.jpg,178958,height,5.0 centimetre
https://m.media-amazon.com/images/I/51wydq3-1YL.jpg,178958,height,100.0 centimetre
https://m.media-amazon.com/images/I/412uO2bO8cL.jpg,178958,height,173.0 centimetre
https://m.media-amazon.com/images/I/61FgAdCmdOL.jpg,178958,height,86.5 centimetre
https://m.media-amazon.com/images/I/6188eLVwJFL.jpg,178958,height,27.5 inch
https://m.media-amazon.com/images/I/512O8PMbJlL.jpg,178958,height,72.0 inch
https://m.media-amazon.com/images/I/413zK40h+4L.jpg,178958,height,64.96 inch
https://m.media-amazon.com/images/I/51g30TlCEBL.jpg,178958,height,145.0 centimetre
https://m.media-amazon.com/images/I/51-6o9H3iXL.jpg,178958,height,45.28 inch
https://m.media-amazon.com/images/I/61Eewg825yL.jpg,178958,height,160.0 centimetre
https://m.media-amazon.com/images/I/510d-4X3S3L.jpg,178958,height,62.0 inch
https://m.media-amazon.com/images/I/51ksQ3cbXTL.jpg,178958,height,165.0 centimetre
https://m.media-amazon.com/images/I/51cZgbjC3qL.jpg,178958,height,2.0 centimetre
https://m.media-amazon.com/images/I/51fm4nCqrFL.jpg,178958,height,55.0 inch
https://m.media-amazon.com/images/I/512MUArquBL.jpg,178958,height,31.0 inch
https://m.media-amazon.com/images/I/51HuLxYwsxL.jpg,178958,height,150.0 centimetre
https://m.media-amazon.com/images/I/51OsGpqCfrS.jpg,178958,height,122.5 centimetre
https://m.media-amazon.com/images/I/512PQ8sQi1L.jpg,178958,height,114.0 centimetre
https://m.media-amazon.com/images/I/51yufrTkPqL.jpg,178958,height,118.0 centimetre
https://m.media-amazon.com/images/I/617R9DS7PVL.jpg,178958,height,153.0 centimetre
https://m.media-amazon.com/images/I/51cKWU9OIeL.jpg,178958,height,60.2 inch
https://m.media-amazon.com/images/I/61ECli4KlFL.jpg,178958,height,170.0 centimetre
https://m.media-amazon.com/images/I/51OwdzOxugL.jpg,178958,height,67.0 inch
https://m.media-amazon.com/images/I/618PI2PcbmL.jpg,178958,height,120.0 centimetre
https://m.media-amazon.com/images/I/612ckxJYL3L.jpg,178958,height,157.0 centimetre
https://m.media-amazon.com/images/I/61GCQAafqiL.jpg,178958,height,78.7 inch
https://m.media-amazon.com/images/I/41g6kpK3c3L.jpg,178958,height,53.0 inch
https://m.media-amazon.com/images/I/61+UHQFE7gL.jpg,178958,height,158.5 centimetre
https://m.media-amazon.com/images/I/61271fXEWaL.jpg,178958,height,185.0 centimetre
https://m.media-amazon.com/images/I/615s3907H4S.jpg,178958,height,43.3 inch
https://m.media-amazon.com/images/I/41IcXQKjEoL.jpg,178958,height,154.5 centimetre
https://m.media-amazon.com/images/I/51tKdioTvYL.jpg,178958,height,170.0 centimetre
https://m.media-amazon.com/images/I/41ECRzlu3VL.jpg,178958,height,106.6 centimetre
https://m.media-amazon.com/images/I/6161Zms32JL.jpg,178958,height,175.0 centimetre
https://m.media-amazon.com/images/I/617NU-LCAGL.jpg,178958,height,19.0 centimetre
https://m.media-amazon.com/images/I/418nypudDrL.jpg,178958,height,17.5 centimetre
https://m.media-amazon.com/images/I/615RebEbQnL.jpg,178958,height,166.0 centimetre
https://m.media-amazon.com/images/I/61DWQQ6iYlL.jpg,178958,height,13.0 inch
https://m.media-amazon.com/images/I/51dhWgz+phL.jpg,178958,height,155.0 centimetre
https://m.media-amazon.com/images/I/6171hYF6VVL.jpg,178958,height,30.0 centimetre
https://m.media-amazon.com/images/I/51wzF07mJqL.jpg,178958,height,68.8 inch
https://m.media-amazon.com/images/I/51RubVXB5OL.jpg,178958,height,200.0 centimetre
https://m.media-amazon.com/images/I/51oUQYwxmFL.jpg,178958,height,92.0 centimetre
https://m.media-amazon.com/images/I/51il54ZnszL.jpg,178958,height,81.0 centimetre
https://m.media-amazon.com/images/I/51sP+hJ3xoL.jpg,178958,height,37.9 inch
https://m.media-amazon.com/images/I/51a6y+NLd6L.jpg,178958,height,121.0 centimetre
https://m.media-amazon.com/images/I/614de3CyEDS.jpg,178958,height,58.7 inch
https://m.media-amazon.com/images/I/51VPDV1ZGiL.jpg,178958,height,68.9 inch
https://m.media-amazon.com/images/I/51FpZvexPGL.jpg,178958,height,130.0 centimetre
https://m.media-amazon.com/images/I/611FIiDvseL.jpg,178958,height,150.0 centimetre
https://m.media-amazon.com/images/I/412cbWuJBYL.jpg,178958,height,170.0 centimetre
https://m.media-amazon.com/images/I/510fzc7KHcL.jpg,178958,height,281.0 centimetre
https://m.media-amazon.com/images/I/51l5QTJ-w9L.jpg,178958,height,48.3 inch
https://m.media-amazon.com/images/I/51pfC+KXcaL.jpg,178958,height,67.0 inch
https://m.media-amazon.com/images/I/61-m1X-0ZWL.jpg,178958,height,15.7 inch
https://m.media-amazon.com/images/I/41sHR2ueshL.jpg,178958,height,15.0 centimetre
https://m.media-amazon.com/images/I/61A83MsQ5HS.jpg,178958,height,115.0 centimetre
https://m.media-amazon.com/images/I/61BA147A8XL.jpg,178958,height,73.2 inch
https://m.media-amazon.com/images/I/614CFh5mzLL.jpg,178958,height,168.0 centimetre
https://m.media-amazon.com/images/I/51O2u9pfvCL.jpg,178958,height,200.0 centimetre
https://m.media-amazon.com/images/I/610Q3vj2PAL.jpg,178958,height,36.0 inch
https://m.media-amazon.com/images/I/51KyE43PYmL.jpg,178958,height,170.0 centimetre
https://m.media-amazon.com/images/I/61995Bg6kCL.jpg,178958,height,49.2 inch
https://m.media-amazon.com/images/I/51-Q-9wR99L.jpg,178958,height,160.0 centimetre
https://m.media-amazon.com/images/I/519z6+D08uL.jpg,178958,height,40.0 centimetre
https://m.media-amazon.com/images/I/51lVxRqgGzL.jpg,178958,height,127.0 centimetre
https://m.media-amazon.com/images/I/61BpCW2-yFL.jpg,178958,height,40.0 inch
https://m.media-amazon.com/images/I/519u9G3AJ3S.jpg,178958,height,108.0 centimetre
https://m.media-amazon.com/images/I/51KmBcfSyJL.jpg,178958,height,2.3 inch
https://m.media-amazon.com/images/I/51xtrBHacqL.jpg,178958,height,116.0 centimetre
https://m.media-amazon.com/images/I/51l4uybxzzL.jpg,178958,height,3.5 inch
https://m.media-amazon.com/images/I/51eQ5uqriyL.jpg,178958,height,167.0 centimetre
https://m.media-amazon.com/images/I/517hdeWDwgL.jpg,178958,height,146.0 centimetre
https://m.media-amazon.com/images/I/51piM4eV2QL.jpg,178958,height,165.0 centimetre
https://m.media-amazon.com/images/I/6165E5odEoL.jpg,178958,height,54.0 centimetre
https://m.media-amazon.com/images/I/51gFqInM2NL.jpg,178958,height,281.0 centimetre
