image_link,group_id,entity_name,entity_value
https://m.media-amazon.com/images/I/51x7aojpFUL.jpg,417434,width,21.0 centimetre
https://m.media-amazon.com/images/I/51x7aojpFUL.jpg,417434,depth,40.0 centimetre
https://m.media-amazon.com/images/I/51IqlgXb9sL.jpg,417434,width,4.6 inch
https://m.media-amazon.com/images/I/51dUqj6OriL.jpg,417434,width,22.0 centimetre
https://m.media-amazon.com/images/I/61EPaEisSRL.jpg,417434,width,4.7 inch
https://m.media-amazon.com/images/I/51wQQ0ej4SL.jpg,417434,width,35.4 centimetre
https://m.media-amazon.com/images/I/51wQQ0ej4SL.jpg,417434,height,14.5 centimetre
https://m.media-amazon.com/images/I/611N1nB-DyL.jpg,417434,width,2.3 centimetre
https://m.media-amazon.com/images/I/61939Ygwn4L.jpg,417434,width,12.8 inch
https://m.media-amazon.com/images/I/61939Ygwn4L.jpg,417434,depth,31.5 inch
https://m.media-amazon.com/images/I/51BJhz4RRmL.jpg,417434,width,26.0 centimetre
https://m.media-amazon.com/images/I/410k1ciV-cL.jpg,417434,width,3.01 inch
https://m.media-amazon.com/images/I/51wVLcougyL.jpg,417434,width,30.0 millimetre
https://m.media-amazon.com/images/I/51qRVfwI2kL.jpg,417434,width,5.0 centimetre
https://m.media-amazon.com/images/I/61FsBRbOc9L.jpg,417434,width,6.4 centimetre
https://m.media-amazon.com/images/I/61GF6JokA7L.jpg,417434,width,5.2 centimetre
https://m.media-amazon.com/images/I/614GT0W+M8L.jpg,417434,width,5.0 centimetre
https://m.media-amazon.com/images/I/614GT0W+M8L.jpg,417434,depth,40.0 centimetre
https://m.media-amazon.com/images/I/618lTCg+4QL.jpg,417434,width,63.0 millimetre
https://m.media-amazon.com/images/I/618lTCg+4QL.jpg,417434,height,3.15 inch
https://m.media-amazon.com/images/I/51C5Kpb31dL.jpg,417434,width,17.7 inch
https://m.media-amazon.com/images/I/51C5Kpb31dL.jpg,417434,depth,18.0 inch
https://m.media-amazon.com/images/I/51xpO7bC6iL.jpg,417434,width,13.0 centimetre
https://m.media-amazon.com/images/I/51xpO7bC6iL.jpg,417434,depth,20.4 centimetre
https://m.media-amazon.com/images/I/51xpO7bC6iL.jpg,417434,height,70.0 centimetre
https://m.media-amazon.com/images/I/61Fej9ejl1L.jpg,417434,width,63.0 millimetre
https://m.media-amazon.com/images/I/41Ub8o51oxL.jpg,417434,width,4.7 inch
https://m.media-amazon.com/images/I/41Ub8o51oxL.jpg,417434,depth,23.0 inch
https://m.media-amazon.com/images/I/61ApS+gsLOL.jpg,417434,width,4.2 inch
https://m.media-amazon.com/images/I/61AILrITP1L.jpg,417434,width,6.5 centimetre
https://m.media-amazon.com/images/I/51jB3c+cBVL.jpg,417434,width,6.5 centimetre
https://m.media-amazon.com/images/I/51rDOuSOQ3L.jpg,417434,width,10.5 centimetre
https://m.media-amazon.com/images/I/61+-MfxepgL.jpg,417434,width,2.0 inch
https://m.media-amazon.com/images/I/51dd4vzzOSL.jpg,417434,width,23.0 centimetre
https://m.media-amazon.com/images/I/617ds5m29dL.jpg,417434,width,7.9 centimetre
https://m.media-amazon.com/images/I/61+YnD1NOkL.jpg,417434,width,4.5 centimetre
https://m.media-amazon.com/images/I/51H6wVBK-VL.jpg,417434,width,60.0 millimetre
https://m.media-amazon.com/images/I/51eZG1VgPqS.jpg,417434,width,2.5 inch
https://m.media-amazon.com/images/I/41oY2EK5piL.jpg,417434,width,6.0 centimetre
https://m.media-amazon.com/images/I/519FEOupseL.jpg,417434,width,2.7 inch
https://m.media-amazon.com/images/I/51TIO2Br08L.jpg,417434,width,2.9 inch
https://m.media-amazon.com/images/I/51RsgA9+BUL.jpg,417434,width,43.0 millimetre
https://m.media-amazon.com/images/I/51YQFemUA1L.jpg,417434,width,9.5 centimetre
https://m.media-amazon.com/images/I/51YzbxXvQSL.jpg,417434,width,7.0 centimetre
https://m.media-amazon.com/images/I/51Oyq1Q54DL.jpg,417434,width,75.0 millimetre
https://m.media-amazon.com/images/I/51qAeVT4q6L.jpg,417434,width,68.0 millimetre
https://m.media-amazon.com/images/I/51qAeVT4q6L.jpg,417434,height,22.0 millimetre
https://m.media-amazon.com/images/I/618K8YQubsL.jpg,417434,width,14.5 centimetre
https://m.media-amazon.com/images/I/51+SuwHqxpL.jpg,417434,width,7.0 centimetre
https://m.media-amazon.com/images/I/51HQ6azSaeL.jpg,417434,width,250.0 millimetre
https://m.media-amazon.com/images/I/61BwCCp1DkL.jpg,417434,width,2.81 inch
https://m.media-amazon.com/images/I/519gXs-nFIL.jpg,417434,width,33.5 centimetre
https://m.media-amazon.com/images/I/519gXs-nFIL.jpg,417434,depth,55.0 centimetre
https://m.media-amazon.com/images/I/51TV5K8TbTL.jpg,417434,width,4.7 inch
https://m.media-amazon.com/images/I/51Bfqv-t9rL.jpg,417434,width,2.95 inch
https://m.media-amazon.com/images/I/515bEnquXCL.jpg,417434,width,2.83 inch
https://m.media-amazon.com/images/I/51dsWqrau4L.jpg,417434,width,2.0 inch
https://m.media-amazon.com/images/I/51dsWqrau4L.jpg,417434,depth,35.0 inch
https://m.media-amazon.com/images/I/51hTtEY-txL.jpg,417434,width,1.18 inch
https://m.media-amazon.com/images/I/51hTtEY-txL.jpg,417434,height,245.0 millimetre
https://m.media-amazon.com/images/I/41Y8hsFAvwL.jpg,417434,width,3.75 centimetre
https://m.media-amazon.com/images/I/41CkleLr12L.jpg,417434,width,3.1575 inch
https://m.media-amazon.com/images/I/41CkleLr12L.jpg,417434,height,1.752 inch
https://m.media-amazon.com/images/I/51Fhdxph1ML.jpg,417434,width,2.0 inch
https://m.media-amazon.com/images/I/51Fhdxph1ML.jpg,417434,height,2.4 inch
https://m.media-amazon.com/images/I/61GD8bxyJeL.jpg,417434,width,21.65 inch
https://m.media-amazon.com/images/I/61FNsjPGa-S.jpg,417434,width,27.0 centimetre
https://m.media-amazon.com/images/I/51+MVcoIKeL.jpg,417434,width,16.0 centimetre
https://m.media-amazon.com/images/I/51Wdy2Cr+xL.jpg,417434,width,16.0 centimetre
https://m.media-amazon.com/images/I/515IYMAqlKL.jpg,417434,width,23.5 centimetre
https://m.media-amazon.com/images/I/51dhnYDa55L.jpg,417434,width,7.5 centimetre
https://m.media-amazon.com/images/I/6127xfAhC-L.jpg,417434,depth,8.0 inch
https://m.media-amazon.com/images/I/51cF1-WNmdL.jpg,417434,width,203.0 millimetre
https://m.media-amazon.com/images/I/618E9di64OL.jpg,417434,width,10.4 inch
https://m.media-amazon.com/images/I/512N85MmlWL.jpg,417434,width,5.0 centimetre
https://m.media-amazon.com/images/I/519i+PxEwTL.jpg,417434,width,7.0 centimetre
https://m.media-amazon.com/images/I/41lsRlTGJqL.jpg,417434,width,6.0 centimetre
https://m.media-amazon.com/images/I/41lsRlTGJqL.jpg,417434,height,3.25 centimetre
https://m.media-amazon.com/images/I/51n6Q4mqAoL.jpg,417434,width,215.0 millimetre
https://m.media-amazon.com/images/I/51n6Q4mqAoL.jpg,417434,depth,265.0 millimetre
https://m.media-amazon.com/images/I/614OstyZocL.jpg,417434,width,5.5 centimetre
https://m.media-amazon.com/images/I/614OstyZocL.jpg,417434,height,5.5 centimetre
https://m.media-amazon.com/images/I/51oOuzS37BL.jpg,417434,width,50.0 millimetre
https://m.media-amazon.com/images/I/5111Ggv6b3L.jpg,417434,width,1.6 inch
https://m.media-amazon.com/images/I/61Dxog+7kiS.jpg,417434,width,50.0 millimetre
https://m.media-amazon.com/images/I/61Dxog+7kiS.jpg,417434,height,160.0 millimetre
https://m.media-amazon.com/images/I/61+U5acB17L.jpg,417434,width,70.0 millimetre
https://m.media-amazon.com/images/I/61DpXsfodqL.jpg,417434,depth,43.0 centimetre
https://m.media-amazon.com/images/I/616z8MWMMoL.jpg,417434,depth,78.0 centimetre
https://m.media-amazon.com/images/I/613DEiFZDvL.jpg,417434,depth,18.0 inch
https://m.media-amazon.com/images/I/51VId+GepzL.jpg,417434,depth,16.54 inch
https://m.media-amazon.com/images/I/51uNeTo-11S.jpg,417434,depth,14.0 centimetre
https://m.media-amazon.com/images/I/51uNeTo-11S.jpg,417434,height,16.0 centimetre
https://m.media-amazon.com/images/I/41T1hdArjIL.jpg,417434,depth,14.8 inch
https://m.media-amazon.com/images/I/61CjKHLNECL.jpg,417434,depth,17.71 inch
https://m.media-amazon.com/images/I/51Dr8MO9AjL.jpg,417434,depth,750.0 millimetre
https://m.media-amazon.com/images/I/51e+FsisZoL.jpg,417434,depth,45.0 centimetre
https://m.media-amazon.com/images/I/611tQYLDTBL.jpg,417434,depth,30.0 centimetre
https://m.media-amazon.com/images/I/41wPKXZA9hL.jpg,417434,depth,48.9 centimetre
https://m.media-amazon.com/images/I/615FmtYfGyL.jpg,417434,depth,45.0 centimetre
https://m.media-amazon.com/images/I/614TPeGdV4L.jpg,417434,depth,12.5 inch
https://m.media-amazon.com/images/I/51YC78DqZuL.jpg,417434,depth,45.0 centimetre
https://m.media-amazon.com/images/I/51f6mVMg-TL.jpg,417434,depth,362.0 inch
https://m.media-amazon.com/images/I/51f6mVMg-TL.jpg,417434,height,1.93 inch
https://m.media-amazon.com/images/I/51gfw6o8pVL.jpg,417434,depth,40.0 centimetre
https://m.media-amazon.com/images/I/51gfw6o8pVL.jpg,417434,height,85.0 centimetre
https://m.media-amazon.com/images/I/61A+TfwEAeL.jpg,417434,depth,548.0 millimetre
https://m.media-amazon.com/images/I/51OeOOLgZNL.jpg,417434,depth,48.0 centimetre
https://m.media-amazon.com/images/I/614LlYE-tXL.jpg,417434,depth,25.6 inch
https://m.media-amazon.com/images/I/61CBE53KpwL.jpg,417434,depth,350.0 millimetre
https://m.media-amazon.com/images/I/61CBE53KpwL.jpg,417434,height,245.0 millimetre
https://m.media-amazon.com/images/I/51GlVBNijIL.jpg,417434,depth,15.75 inch
https://m.media-amazon.com/images/I/51CgUS67ctL.jpg,417434,depth,43.0 centimetre
https://m.media-amazon.com/images/I/617h1JKXIfL.jpg,417434,depth,27.5 centimetre
https://m.media-amazon.com/images/I/617h1JKXIfL.jpg,417434,height,29.0 centimetre
https://m.media-amazon.com/images/I/614U59kiC8L.jpg,417434,depth,16.0 inch
https://m.media-amazon.com/images/I/51kKprAclQL.jpg,417434,depth,40.0 centimetre
https://m.media-amazon.com/images/I/51kKprAclQL.jpg,417434,height,21.0 centimetre
https://m.media-amazon.com/images/I/51tuRKR8YdL.jpg,417434,depth,40.0 centimetre
https://m.media-amazon.com/images/I/51tuRKR8YdL.jpg,417434,height,7.6 centimetre
https://m.media-amazon.com/images/I/51dOKeuKA9L.jpg,417434,depth,800.0 millimetre
https://m.media-amazon.com/images/I/51MQvZPc2PL.jpg,417434,depth,37.0 centimetre
https://m.media-amazon.com/images/I/51h4qdINLTL.jpg,417434,depth,6.0 centimetre
https://m.media-amazon.com/images/I/51S928GLN1L.jpg,417434,depth,64.0 centimetre
https://m.media-amazon.com/images/I/31tK8543hsL.jpg,417434,depth,53.0 centimetre
https://m.media-amazon.com/images/I/41IPBMlFT4L.jpg,417434,depth,19.0 centimetre
https://m.media-amazon.com/images/I/41IPBMlFT4L.jpg,417434,height,17.0 centimetre
https://m.media-amazon.com/images/I/51PZm9TlhXL.jpg,417434,depth,60.0 centimetre
https://m.media-amazon.com/images/I/411TtOfLamL.jpg,417434,depth,95.0 centimetre
https://m.media-amazon.com/images/I/411TtOfLamL.jpg,417434,height,22.0 centimetre
https://m.media-amazon.com/images/I/31of2j4AlIL.jpg,417434,depth,7.0 centimetre
https://m.media-amazon.com/images/I/517jdUu3usL.jpg,417434,depth,12.3 inch
https://m.media-amazon.com/images/I/41uVx3UEj9L.jpg,417434,depth,101.0 centimetre
https://m.media-amazon.com/images/I/6126P3fwJSL.jpg,417434,depth,600.0 millimetre
https://m.media-amazon.com/images/I/41pT8QsPGiL.jpg,417434,depth,24.0 centimetre
https://m.media-amazon.com/images/I/51G-J0R2l-L.jpg,417434,depth,9.2 inch
https://m.media-amazon.com/images/I/51aUQPcTAbL.jpg,417434,depth,24.0 inch
https://m.media-amazon.com/images/I/613MHZEHlIL.jpg,417434,depth,160.0 millimetre
https://m.media-amazon.com/images/I/619zJbrE6mL.jpg,417434,depth,20.8 inch
https://m.media-amazon.com/images/I/611KMXS0m4L.jpg,417434,depth,24.3 centimetre
https://m.media-amazon.com/images/I/51QBzvcB67L.jpg,417434,depth,60.0 centimetre
https://m.media-amazon.com/images/I/51wP+ky32LL.jpg,417434,depth,8.46 inch
https://m.media-amazon.com/images/I/51+qQY5VBcL.jpg,417434,depth,23.62 inch
https://m.media-amazon.com/images/I/51UU8Py-XuL.jpg,417434,depth,57.6 centimetre
https://m.media-amazon.com/images/I/618reicKPSL.jpg,417434,depth,17.16 inch
https://m.media-amazon.com/images/I/51mIVcr2a-L.jpg,417434,depth,3.5 centimetre
https://m.media-amazon.com/images/I/51kZGhq1ErL.jpg,417434,depth,50.0 centimetre
https://m.media-amazon.com/images/I/51Kb5y-YLaS.jpg,417434,depth,7.9 inch
https://m.media-amazon.com/images/I/51w9-u8nSqL.jpg,417434,depth,450.0 millimetre
https://m.media-amazon.com/images/I/41ktYoM+uLL.jpg,417434,depth,40.0 centimetre
https://m.media-amazon.com/images/I/51DJUnLfttS.jpg,417434,depth,80.0 centimetre
https://m.media-amazon.com/images/I/612+YDR00dL.jpg,417434,depth,405.0 millimetre
https://m.media-amazon.com/images/I/61A97w+61JL.jpg,417434,depth,31.3 centimetre
https://m.media-amazon.com/images/I/51RLePfvH-L.jpg,417434,depth,39.0 centimetre
https://m.media-amazon.com/images/I/51yAmf095eL.jpg,417434,depth,60.0 centimetre
https://m.media-amazon.com/images/I/51d4sahr3HL.jpg,417434,depth,6.62 inch
https://m.media-amazon.com/images/I/61C342kOguL.jpg,417434,depth,60.0 centimetre
https://m.media-amazon.com/images/I/5133wP1rVrS.jpg,417434,depth,175.0 millimetre
https://m.media-amazon.com/images/I/41mfNW0c0ML.jpg,417434,depth,53.8 centimetre
https://m.media-amazon.com/images/I/41mfNW0c0ML.jpg,417434,height,6.5 centimetre
https://m.media-amazon.com/images/I/51+dmhNUnKS.jpg,417434,depth,23.0 centimetre
https://m.media-amazon.com/images/I/51M068htMrL.jpg,417434,depth,30.0 centimetre
https://m.media-amazon.com/images/I/61D1LQu6fFL.jpg,417434,depth,50.0 centimetre
https://m.media-amazon.com/images/I/61+nj-wYkzL.jpg,417434,depth,67.0 millimetre
https://m.media-amazon.com/images/I/617nogTXK3L.jpg,417434,depth,24.0 inch
https://m.media-amazon.com/images/I/415EKvPyM1S.jpg,417434,depth,12.0 inch
https://m.media-amazon.com/images/I/415EKvPyM1S.jpg,417434,height,2.4 inch
https://m.media-amazon.com/images/I/51QNA4kIgpL.jpg,417434,depth,17.12 inch
https://m.media-amazon.com/images/I/513V+4wfk6L.jpg,417434,depth,39.0 centimetre
https://m.media-amazon.com/images/I/51DsFmep3cS.jpg,417434,depth,12.0 inch
https://m.media-amazon.com/images/I/41pgQsGDJwL.jpg,417434,depth,40.0 centimetre
https://m.media-amazon.com/images/I/51oSczzfsRL.jpg,417434,depth,41.0 centimetre
https://m.media-amazon.com/images/I/51+xeNFG2FL.jpg,417434,depth,20.0 centimetre
https://m.media-amazon.com/images/I/41hFuZtDixL.jpg,417434,depth,60.0 centimetre
https://m.media-amazon.com/images/I/51tFefYdW6L.jpg,417434,depth,49.0 centimetre
https://m.media-amazon.com/images/I/51webb-YBcL.jpg,417434,depth,24.0 inch
https://m.media-amazon.com/images/I/51iJxOWV1yL.jpg,417434,depth,75.0 centimetre
https://m.media-amazon.com/images/I/41pKDUMwImL.jpg,417434,depth,40.0 centimetre
https://m.media-amazon.com/images/I/51OG6nFZbVL.jpg,417434,depth,11.5 centimetre
https://m.media-amazon.com/images/I/519tr3DSIcL.jpg,417434,depth,340.0 millimetre
https://m.media-amazon.com/images/I/513rSa+ke-L.jpg,417434,depth,22.23 inch
https://m.media-amazon.com/images/I/51BGyP6XVYL.jpg,417434,depth,24.0 centimetre
https://m.media-amazon.com/images/I/51BGyP6XVYL.jpg,417434,height,17.7 centimetre
https://m.media-amazon.com/images/I/516b5uAqroL.jpg,417434,depth,30.0 inch
https://m.media-amazon.com/images/I/51jN+mM2bXL.jpg,417434,depth,570.0 millimetre
https://m.media-amazon.com/images/I/618+E5LdtuL.jpg,417434,depth,30.0 centimetre
https://m.media-amazon.com/images/I/61Bp5ajYo1L.jpg,417434,depth,7.5 inch
https://m.media-amazon.com/images/I/41QgcpL6wpL.jpg,417434,depth,25.0 centimetre
https://m.media-amazon.com/images/I/51smtx5NcTS.jpg,417434,depth,18.9 inch
https://m.media-amazon.com/images/I/51NXRPKjHoL.jpg,417434,depth,6.1 inch
https://m.media-amazon.com/images/I/51xsKnZo34L.jpg,417434,depth,50.8 centimetre
https://m.media-amazon.com/images/I/61+wnY2SbeL.jpg,417434,depth,800.0 millimetre
https://m.media-amazon.com/images/I/51v67zCOMEL.jpg,417434,depth,17.7 inch
https://m.media-amazon.com/images/I/618DF961goL.jpg,417434,depth,9.64 inch
https://m.media-amazon.com/images/I/61+L05aLMwL.jpg,417434,depth,16.0 inch
https://m.media-amazon.com/images/I/51oUnJDxTfL.jpg,417434,depth,305.0 millimetre
https://m.media-amazon.com/images/I/61BZCaomOCL.jpg,417434,depth,21.0 inch
https://m.media-amazon.com/images/I/417E7jWMfIL.jpg,417434,depth,45.0 centimetre
https://m.media-amazon.com/images/I/51SFpKUIeHL.jpg,417434,depth,100.0 centimetre
https://m.media-amazon.com/images/I/51lTv0o+WgL.jpg,417434,depth,10.0 inch
https://m.media-amazon.com/images/I/51bZZSKG5EL.jpg,417434,depth,5.6 inch
https://m.media-amazon.com/images/I/51ROZJi87hL.jpg,417434,depth,12.0 inch
https://m.media-amazon.com/images/I/613FlluRtQL.jpg,417434,depth,15.7 inch
https://m.media-amazon.com/images/I/51Zbn3hEOGL.jpg,417434,depth,9.4 inch
https://m.media-amazon.com/images/I/51L-Tcmr-XL.jpg,417434,depth,20.5 centimetre
https://m.media-amazon.com/images/I/615BwG-uUmS.jpg,417434,depth,40.0 centimetre
https://m.media-amazon.com/images/I/614ktbs0RhL.jpg,417434,depth,42.0 centimetre
https://m.media-amazon.com/images/I/51Cs98pMvuL.jpg,417434,depth,48.0 centimetre
https://m.media-amazon.com/images/I/41-ftt+4ANL.jpg,417434,depth,47.0 centimetre
https://m.media-amazon.com/images/I/41vs1Yld6AL.jpg,417434,depth,14.96 inch
https://m.media-amazon.com/images/I/615yNgSQl+L.jpg,417434,depth,8.27 inch
https://m.media-amazon.com/images/I/512Pbj8-hQL.jpg,417434,depth,385.0 millimetre
https://m.media-amazon.com/images/I/51emTU9i5lL.jpg,417434,depth,105.0 millimetre
https://m.media-amazon.com/images/I/41rTdmUzcOL.jpg,417434,depth,48.9 centimetre
https://m.media-amazon.com/images/I/51WOGz58lUL.jpg,417434,depth,410.0 millimetre
https://m.media-amazon.com/images/I/512Z0AHiuSL.jpg,417434,depth,20.0 centimetre
https://m.media-amazon.com/images/I/51x5wxgL9aL.jpg,417434,depth,21.65 inch
https://m.media-amazon.com/images/I/51x5wxgL9aL.jpg,417434,height,67.12 inch
https://m.media-amazon.com/images/I/51D0dV4PzCS.jpg,417434,depth,48.0 centimetre
https://m.media-amazon.com/images/I/51x7WHhdM7L.jpg,417434,depth,38.9 centimetre
https://m.media-amazon.com/images/I/51DZ9mzdW9L.jpg,417434,depth,2.25 inch
https://m.media-amazon.com/images/I/51ZWiKIaTqL.jpg,417434,depth,23.0 centimetre
https://m.media-amazon.com/images/I/617UwA-d0OL.jpg,417434,depth,10.9 inch
https://m.media-amazon.com/images/I/41nX6wGYyYL.jpg,417434,depth,40.0 centimetre
https://m.media-amazon.com/images/I/51qE73PDSxL.jpg,417434,depth,260.0 millimetre
https://m.media-amazon.com/images/I/614aoBHXMBL.jpg,417434,depth,24.0 inch
https://m.media-amazon.com/images/I/616fOuEvVSL.jpg,417434,depth,25.86 inch
https://m.media-amazon.com/images/I/51h4L0H6D9L.jpg,417434,depth,60.0 centimetre
https://m.media-amazon.com/images/I/61-kHcqufDL.jpg,417434,depth,10.5 centimetre
https://m.media-amazon.com/images/I/51lAsbiXZZL.jpg,417434,depth,60.0 centimetre
https://m.media-amazon.com/images/I/61BMN5O18qL.jpg,417434,depth,19.5 inch
https://m.media-amazon.com/images/I/614hTpFyY0L.jpg,417434,depth,29.5 inch
https://m.media-amazon.com/images/I/61FkxWjG32L.jpg,417434,depth,24.0 inch
https://m.media-amazon.com/images/I/517TpyHA3-L.jpg,417434,depth,50.0 centimetre
https://m.media-amazon.com/images/I/61FHUTLCjfL.jpg,417434,depth,100.0 millimetre
https://m.media-amazon.com/images/I/51FVRUoMkaL.jpg,417434,depth,60.0 centimetre
https://m.media-amazon.com/images/I/51FVRUoMkaL.jpg,417434,height,52.0 centimetre
https://m.media-amazon.com/images/I/41mcaIXKVqL.jpg,417434,depth,75.0 centimetre
https://m.media-amazon.com/images/I/516aFfJ1weL.jpg,417434,depth,16.5 inch
https://m.media-amazon.com/images/I/51ZqrpYStTS.jpg,417434,depth,2.77 inch
https://m.media-amazon.com/images/I/5171ly+3inL.jpg,417434,depth,16.0 centimetre
https://m.media-amazon.com/images/I/51ZQm+hloZL.jpg,417434,depth,57.0 centimetre
https://m.media-amazon.com/images/I/51cCmYetXzL.jpg,417434,depth,15.35 inch
https://m.media-amazon.com/images/I/61-GgwrTrdS.jpg,417434,depth,1.0 foot
https://m.media-amazon.com/images/I/61-GgwrTrdS.jpg,417434,height,47.0 millimetre
https://m.media-amazon.com/images/I/51IXem3SNnL.jpg,417434,depth,381.0 millimetre
https://m.media-amazon.com/images/I/51HL6rhPxmL.jpg,417434,depth,29.96 inch
https://m.media-amazon.com/images/I/51HL6rhPxmL.jpg,417434,height,3.15 inch
https://m.media-amazon.com/images/I/51ZuWtXZJYL.jpg,417434,depth,7.0 inch
https://m.media-amazon.com/images/I/612Mm-VhC6L.jpg,417434,depth,7.7 inch
https://m.media-amazon.com/images/I/51vijAfimHL.jpg,417434,depth,90.0 centimetre
https://m.media-amazon.com/images/I/61CDGnPRrYL.jpg,417434,depth,23.0 inch
https://m.media-amazon.com/images/I/518n8KaApBL.jpg,417434,depth,50.0 millimetre
https://m.media-amazon.com/images/I/51K4un6LtlL.jpg,417434,depth,7.4 centimetre
https://m.media-amazon.com/images/I/511ZABmK2LL.jpg,417434,height,11.81 inch
https://m.media-amazon.com/images/I/61-cAcH1VwL.jpg,417434,height,32.0 centimetre
https://m.media-amazon.com/images/I/61-MKN5LXKL.jpg,417434,height,5.9 inch
https://m.media-amazon.com/images/I/61D43sJ0ydL.jpg,417434,height,143.0 millimetre
https://m.media-amazon.com/images/I/41KYja+C+vL.jpg,417434,height,2.13 inch
https://m.media-amazon.com/images/I/615Tod8a57L.jpg,417434,height,7.0 centimetre
https://m.media-amazon.com/images/I/51RJ+ZHsU9L.jpg,417434,height,3.0 centimetre
https://m.media-amazon.com/images/I/51AYH34hawL.jpg,417434,height,140.0 millimetre
https://m.media-amazon.com/images/I/51crXL3ipkL.jpg,417434,height,6.0 centimetre
https://m.media-amazon.com/images/I/51nKXjvThoL.jpg,417434,height,160.0 millimetre
https://m.media-amazon.com/images/I/51jFpEKSkzS.jpg,417434,height,50.0 millimetre
https://m.media-amazon.com/images/I/6112ulwmdNL.jpg,417434,height,5.12 inch
https://m.media-amazon.com/images/I/51tyYd2TY0L.jpg,417434,height,14.0 inch
https://m.media-amazon.com/images/I/41d8Ve3TUmL.jpg,417434,height,9.0 centimetre
https://m.media-amazon.com/images/I/51rCbALDFXL.jpg,417434,height,32.3 inch
https://m.media-amazon.com/images/I/51OjqnFUcbL.jpg,417434,height,2.0 inch
https://m.media-amazon.com/images/I/31pKUPUliGL.jpg,417434,height,2.3 inch
https://m.media-amazon.com/images/I/510L8294PtL.jpg,417434,height,35.0 millimetre
https://m.media-amazon.com/images/I/51aO5s47WNL.jpg,417434,height,0.75 foot
https://m.media-amazon.com/images/I/512Cg6zxzZL.jpg,417434,height,4.0 centimetre
https://m.media-amazon.com/images/I/611oTS0ZVOL.jpg,417434,height,48.0 millimetre
https://m.media-amazon.com/images/I/51agzUX28NL.jpg,417434,height,5.75 inch
https://m.media-amazon.com/images/I/516zS9KiadL.jpg,417434,height,5.5 centimetre
https://m.media-amazon.com/images/I/510NyLzycPL.jpg,417434,height,68.1 inch
https://m.media-amazon.com/images/I/61FOjDJYj2L.jpg,417434,height,245.0 millimetre
https://m.media-amazon.com/images/I/41TE0pJV2PL.jpg,417434,height,3.0 centimetre
https://m.media-amazon.com/images/I/51HYxLnYMxS.jpg,417434,height,3.2 inch
https://m.media-amazon.com/images/I/514LPXJCW1S.jpg,417434,height,33.86 inch
https://m.media-amazon.com/images/I/41z1Fu0DP4L.jpg,417434,height,172.0 centimetre
https://m.media-amazon.com/images/I/615gB2NjSeL.jpg,417434,height,6.3 inch
https://m.media-amazon.com/images/I/51BEOeBb57L.jpg,417434,height,45.0 centimetre
https://m.media-amazon.com/images/I/51+3XpKfevL.jpg,417434,height,29.53 inch
https://m.media-amazon.com/images/I/51YN8BIVS0L.jpg,417434,height,6.8 centimetre
https://m.media-amazon.com/images/I/61+Vhvwe2yL.jpg,417434,height,2.5 inch
https://m.media-amazon.com/images/I/51XdUt2jbbL.jpg,417434,height,5.0 centimetre
https://m.media-amazon.com/images/I/51Kdtpx44KL.jpg,417434,height,230.0 millimetre
https://m.media-amazon.com/images/I/41PnZwWZInS.jpg,417434,height,4.0 centimetre
https://m.media-amazon.com/images/I/51GnBfo+D1L.jpg,417434,height,7.48 inch
https://m.media-amazon.com/images/I/616hpAJzkqL.jpg,417434,height,282.0 millimetre
https://m.media-amazon.com/images/I/611p6qpk4zS.jpg,417434,height,2.0 inch
https://m.media-amazon.com/images/I/51ZSuWFjWIL.jpg,417434,height,8.5 centimetre
https://m.media-amazon.com/images/I/51deR5KWiNL.jpg,417434,height,1.97 inch
https://m.media-amazon.com/images/I/51NY8i6UgPL.jpg,417434,height,82.0 centimetre
https://m.media-amazon.com/images/I/5148AqBf21L.jpg,417434,height,81.0 millimetre
https://m.media-amazon.com/images/I/51KA9l82WdL.jpg,417434,height,85.0 centimetre
https://m.media-amazon.com/images/I/514pfrogkQL.jpg,417434,height,30.0 millimetre
https://m.media-amazon.com/images/I/51g0TJONmnS.jpg,417434,height,50.0 millimetre
https://m.media-amazon.com/images/I/6131yC1oIeL.jpg,417434,height,4.68 inch
https://m.media-amazon.com/images/I/611XeqQgLUL.jpg,417434,height,90.0 millimetre
https://m.media-amazon.com/images/I/51GIv82QxLL.jpg,417434,height,2.24 inch
https://m.media-amazon.com/images/I/513JKsfdbbL.jpg,417434,height,18.7 centimetre
https://m.media-amazon.com/images/I/51Dc3S116LS.jpg,417434,height,5.5 centimetre
https://m.media-amazon.com/images/I/51qm4G2htnL.jpg,417434,height,61.0 inch
https://m.media-amazon.com/images/I/614qsl6gsSL.jpg,417434,height,1.25 inch
https://m.media-amazon.com/images/I/61D5JKzPDxL.jpg,417434,height,80.0 millimetre
https://m.media-amazon.com/images/I/51+Fswa1iFL.jpg,417434,height,70.0 millimetre
https://m.media-amazon.com/images/I/51sA-dbW9ES.jpg,417434,height,14.0 centimetre
https://m.media-amazon.com/images/I/41THEmdeBhL.jpg,417434,height,86.0 millimetre
https://m.media-amazon.com/images/I/41yJeWhIwrL.jpg,417434,height,7.5 centimetre
https://m.media-amazon.com/images/I/51jq7Z4o+EL.jpg,417434,height,122.0 millimetre
https://m.media-amazon.com/images/I/61GG4LIFZeL.jpg,417434,height,40.0 centimetre
https://m.media-amazon.com/images/I/61F-6XODqyL.jpg,417434,height,25.0 millimetre
https://m.media-amazon.com/images/I/51WteHVCPUL.jpg,417434,height,38.0 centimetre
https://m.media-amazon.com/images/I/61EepbQQIWL.jpg,417434,height,6.875 inch
https://m.media-amazon.com/images/I/51h7npz8+DL.jpg,417434,height,85.5 centimetre
https://m.media-amazon.com/images/I/51IUwb8qT3L.jpg,417434,height,9.0 centimetre
https://m.media-amazon.com/images/I/61Am4T-7AJL.jpg,417434,height,18.1 inch
https://m.media-amazon.com/images/I/51cKJJ8yAtL.jpg,417434,height,3.5 centimetre
https://m.media-amazon.com/images/I/41SKlwK-DfL.jpg,417434,height,21.0 centimetre
https://m.media-amazon.com/images/I/51NkoLQcQUL.jpg,417434,height,135.0 millimetre
https://m.media-amazon.com/images/I/613Y8dZ5t7L.jpg,417434,height,83.0 centimetre
https://m.media-amazon.com/images/I/51GElrdC48L.jpg,417434,height,61.0 centimetre
https://m.media-amazon.com/images/I/614Jo2DsG0L.jpg,417434,height,3.0 metre
https://m.media-amazon.com/images/I/51OCFomdpjL.jpg,417434,height,95.0 millimetre
https://m.media-amazon.com/images/I/613Kgd7SZjL.jpg,417434,height,12.0 inch
https://m.media-amazon.com/images/I/513LSfITXnL.jpg,417434,height,7.4 inch
https://m.media-amazon.com/images/I/41bXObRITVL.jpg,417434,height,12.3 inch
https://m.media-amazon.com/images/I/41egtyAR0KL.jpg,417434,height,14.0 centimetre
https://m.media-amazon.com/images/I/61AbNMNPpiL.jpg,417434,height,29.5 inch
https://m.media-amazon.com/images/I/41XyZC1ozfL.jpg,417434,height,19.5 centimetre
https://m.media-amazon.com/images/I/51K2oqpSIpL.jpg,417434,height,4.5 centimetre
https://m.media-amazon.com/images/I/51cLcRaQGeL.jpg,417434,height,57.6 inch
https://m.media-amazon.com/images/I/51+wXnMBxJL.jpg,417434,height,3.0 centimetre
https://m.media-amazon.com/images/I/61CDw2Zx7GS.jpg,417434,height,2.5 inch
https://m.media-amazon.com/images/I/512vbPsPGxL.jpg,417434,height,8.5 centimetre
https://m.media-amazon.com/images/I/51OGzDe3xgL.jpg,417434,height,2.5 inch
https://m.media-amazon.com/images/I/51dAhcC16LL.jpg,417434,height,1.77 inch
https://m.media-amazon.com/images/I/61CBmudozaL.jpg,417434,height,7.19 inch
https://m.media-amazon.com/images/I/610i-w1ziLL.jpg,417434,height,16.0 centimetre
https://m.media-amazon.com/images/I/51smVA9UrSL.jpg,417434,height,22.0 centimetre
https://m.media-amazon.com/images/I/51dDJ+CVMSL.jpg,417434,height,5.5 centimetre
https://m.media-amazon.com/images/I/51NYTrAWzlL.jpg,417434,height,35.43 inch
https://m.media-amazon.com/images/I/41ckiYkyGvL.jpg,417434,height,10.0 centimetre
https://m.media-amazon.com/images/I/611l+q1ZbqS.jpg,417434,height,16.0 centimetre
https://m.media-amazon.com/images/I/61DOwPQJRWL.jpg,417434,height,5.0 centimetre
https://m.media-amazon.com/images/I/51GqUYNGt9L.jpg,417434,height,212.0 millimetre
https://m.media-amazon.com/images/I/61DSEqQc19L.jpg,417434,height,22.4 inch
https://m.media-amazon.com/images/I/61D6HVb1iRL.jpg,417434,height,19.69 inch
https://m.media-amazon.com/images/I/51J1W7UzjbL.jpg,417434,height,17.5 centimetre
https://m.media-amazon.com/images/I/616wFMqkAdL.jpg,417434,height,65.0 centimetre
https://m.media-amazon.com/images/I/6154dQqKvmL.jpg,417434,height,4.13 inch
https://m.media-amazon.com/images/I/61BCC+pip0L.jpg,417434,height,58.0 foot
https://m.media-amazon.com/images/I/610THOnnYUL.jpg,417434,height,4.24 inch
https://m.media-amazon.com/images/I/41qDAqu-ozL.jpg,417434,height,2.4 inch
https://m.media-amazon.com/images/I/611tB5CAy6L.jpg,417434,height,245.0 millimetre
https://m.media-amazon.com/images/I/51nLBWzF+0L.jpg,417434,height,365.0 millimetre
https://m.media-amazon.com/images/I/51bO56w47WL.jpg,417434,height,9.06 inch
https://m.media-amazon.com/images/I/51bXiBV09+L.jpg,417434,height,11.61 inch
https://m.media-amazon.com/images/I/51bc10zk9ZL.jpg,417434,height,32.28 inch
https://m.media-amazon.com/images/I/616n+70QYIS.jpg,417434,height,13.0 centimetre
https://m.media-amazon.com/images/I/61BffjH56XL.jpg,417434,height,16.0 inch
https://m.media-amazon.com/images/I/51DQ6JhASHL.jpg,417434,height,1.18 inch
https://m.media-amazon.com/images/I/41x4etlze0L.jpg,417434,height,6.0 centimetre
https://m.media-amazon.com/images/I/61Co16cYoWL.jpg,417434,height,60.0 inch
https://m.media-amazon.com/images/I/6100I2y4BiL.jpg,417434,height,7.5 centimetre
https://m.media-amazon.com/images/I/51UIla4pVjL.jpg,417434,height,13.0 centimetre
https://m.media-amazon.com/images/I/51tGof8bSpL.jpg,417434,height,7.5 centimetre
https://m.media-amazon.com/images/I/51wn8VneUlS.jpg,417434,height,12.3 inch
https://m.media-amazon.com/images/I/51nbHOS5VHL.jpg,417434,height,33.9 centimetre
https://m.media-amazon.com/images/I/51ulPOVCRlL.jpg,417434,height,5.31 inch
https://m.media-amazon.com/images/I/61CsiVU2tDL.jpg,417434,height,13.03 inch
https://m.media-amazon.com/images/I/618e4JBlySL.jpg,417434,height,55.0 centimetre
https://m.media-amazon.com/images/I/618NjNOTFGL.jpg,417434,height,8.0 inch
https://m.media-amazon.com/images/I/51Lwp-uxSdL.jpg,417434,height,14.25 inch
https://m.media-amazon.com/images/I/41-IRNKs98L.jpg,417434,height,2.12 centimetre
https://m.media-amazon.com/images/I/611xoU5YFFL.jpg,417434,height,4.0 centimetre
https://m.media-amazon.com/images/I/51VunXTCX9L.jpg,417434,height,2.0 inch
https://m.media-amazon.com/images/I/61+7ikg49aL.jpg,417434,height,0.75 inch
https://m.media-amazon.com/images/I/61E7M-UgicL.jpg,417434,height,17.8 centimetre
https://m.media-amazon.com/images/I/51xJHOfQNtL.jpg,417434,height,1000.0 millimetre
https://m.media-amazon.com/images/I/51GHihgh0KL.jpg,417434,height,8.0 centimetre
https://m.media-amazon.com/images/I/6110RjjDJPL.jpg,417434,height,55.0 millimetre
https://m.media-amazon.com/images/I/51udrHwDY8L.jpg,417434,height,5.0 centimetre
https://m.media-amazon.com/images/I/41EmCFoePIL.jpg,417434,height,18.3 centimetre
https://m.media-amazon.com/images/I/51ZGiB8EfpL.jpg,417434,height,28.0 inch
https://m.media-amazon.com/images/I/61Fw3e9e5eL.jpg,417434,height,11.0 inch
https://m.media-amazon.com/images/I/51hYC19oWdL.jpg,417434,height,80.0 millimetre
https://m.media-amazon.com/images/I/51KW3UQqLzL.jpg,417434,height,9.0 centimetre
https://m.media-amazon.com/images/I/51Cl7wEkd2S.jpg,417434,height,30.0 millimetre
https://m.media-amazon.com/images/I/51rO8apMbQL.jpg,417434,height,15.0 centimetre
https://m.media-amazon.com/images/I/51M1fwbLSLL.jpg,417434,height,490.0 millimetre
https://m.media-amazon.com/images/I/41JYjHZexUL.jpg,417434,height,42.0 millimetre
https://m.media-amazon.com/images/I/51JhisKms7L.jpg,417434,height,7.0 inch
https://m.media-amazon.com/images/I/51iwev0lpGL.jpg,417434,height,11.9 centimetre
https://m.media-amazon.com/images/I/51cuXtUvt7L.jpg,417434,height,180.0 centimetre
https://m.media-amazon.com/images/I/51zdW9inAyL.jpg,417434,height,1.57 inch
https://m.media-amazon.com/images/I/518kok3D4SL.jpg,417434,height,136.0 millimetre
https://m.media-amazon.com/images/I/61+P57u3HOL.jpg,417434,height,71.5 centimetre
https://m.media-amazon.com/images/I/6130AT0KbML.jpg,417434,height,1.97 inch
https://m.media-amazon.com/images/I/515Kd6YvH3L.jpg,417434,height,9.0 centimetre
https://m.media-amazon.com/images/I/51DsmdmCe3L.jpg,417434,height,50.0 millimetre
https://m.media-amazon.com/images/I/41Y25fr8hAL.jpg,417434,height,3.0 inch
https://m.media-amazon.com/images/I/61FRykvGr0L.jpg,417434,height,1.96 inch
https://m.media-amazon.com/images/I/61+HVWPoC1L.jpg,417434,height,31.5 centimetre
https://m.media-amazon.com/images/I/514rfKhIGHL.jpg,417434,height,80.0 millimetre
