image_link,group_id,entity_name,entity_value
https://m.media-amazon.com/images/I/617LwpYVntL.jpg,116155,width,9.0 millimetre
https://m.media-amazon.com/images/I/51HnxEukG5L.jpg,116155,width,4.0 inch
https://m.media-amazon.com/images/I/41oJH5nGYwL.jpg,116155,width,19.0 millimetre
https://m.media-amazon.com/images/I/61FUwBEjghL.jpg,116155,width,23.0 millimetre
https://m.media-amazon.com/images/I/51EYi9hqiBL.jpg,116155,width,29.0 millimetre
https://m.media-amazon.com/images/I/619vorz8O7L.jpg,116155,width,12.0 millimetre
https://m.media-amazon.com/images/I/51UG1nrveWL.jpg,116155,width,0.9 inch
https://m.media-amazon.com/images/I/51qSTRE-+wL.jpg,116155,width,40.0 millimetre
https://m.media-amazon.com/images/I/51HDGnnEuzL.jpg,116155,width,10.0 millimetre
https://m.media-amazon.com/images/I/41YN44ObK9L.jpg,116155,width,0.75 inch
https://m.media-amazon.com/images/I/616TFrYncLL.jpg,116155,width,1.0 inch
https://m.media-amazon.com/images/I/61C2jH2h5gL.jpg,116155,width,0.75 inch
https://m.media-amazon.com/images/I/51x8tUqug4L.jpg,116155,width,10.0 millimetre
https://m.media-amazon.com/images/I/51H2Yn5M5ZL.jpg,116155,width,25.0 millimetre
https://m.media-amazon.com/images/I/51x5uXxVkZL.jpg,116155,width,25.0 millimetre
https://m.media-amazon.com/images/I/61BuYrDpDDL.jpg,116155,width,25.0 millimetre
https://m.media-amazon.com/images/I/619k6wS4hWL.jpg,116155,width,80.0 millimetre
https://m.media-amazon.com/images/I/51hmZuzoGLS.jpg,116155,width,38.0 millimetre
https://m.media-amazon.com/images/I/616sh+1iY7L.jpg,116155,width,19.0 millimetre
https://m.media-amazon.com/images/I/616n-9SY9kL.jpg,116155,width,1.0 inch
https://m.media-amazon.com/images/I/41mh+npFJ5L.jpg,116155,width,3.2 inch
https://m.media-amazon.com/images/I/41ahg9x-gVL.jpg,116155,width,1.0 inch
https://m.media-amazon.com/images/I/51A9+vy1bIL.jpg,116155,width,7.0 centimetre
https://m.media-amazon.com/images/I/615ZNQAoUJL.jpg,116155,width,1.12 inch
https://m.media-amazon.com/images/I/514fR5aMOvL.jpg,116155,width,50.0 millimetre
https://m.media-amazon.com/images/I/51ksTNPS6pL.jpg,116155,width,1.5 inch
https://m.media-amazon.com/images/I/61CZ5MjPRtL.jpg,116155,width,9.53 millimetre
https://m.media-amazon.com/images/I/61BbyaER7pL.jpg,116155,width,38.0 millimetre
https://m.media-amazon.com/images/I/51cfOrc7HHL.jpg,116155,width,0.81 inch
https://m.media-amazon.com/images/I/51Ul3mi3GNL.jpg,116155,width,19.0 millimetre
https://m.media-amazon.com/images/I/51hWhF4yAHL.jpg,116155,width,18.0 millimetre
https://m.media-amazon.com/images/I/515tc7ALiAL.jpg,116155,width,25.0 millimetre
https://m.media-amazon.com/images/I/518Y1Hg+8aS.jpg,116155,width,0.9 inch
https://m.media-amazon.com/images/I/41ZgvKbUjnL.jpg,116155,width,24.0 millimetre
https://m.media-amazon.com/images/I/51+hhPXNUrL.jpg,116155,width,55.0 millimetre
https://m.media-amazon.com/images/I/51pJsBqiwoL.jpg,116155,width,25.0 millimetre
https://m.media-amazon.com/images/I/51V6rYOyk-L.jpg,116155,depth,32.0 centimetre
https://m.media-amazon.com/images/I/6183TFYMWxL.jpg,116155,depth,35.0 centimetre
https://m.media-amazon.com/images/I/41l+WMaDbAL.jpg,116155,depth,270.0 millimetre
https://m.media-amazon.com/images/I/51YKdk7HrxL.jpg,116155,depth,20.0 centimetre
https://m.media-amazon.com/images/I/51EtuzLfboL.jpg,116155,depth,230.0 millimetre
https://m.media-amazon.com/images/I/610LhX8ZfKL.jpg,116155,depth,24.0 millimetre
https://m.media-amazon.com/images/I/619YM6ShiaL.jpg,116155,depth,128.0 millimetre
https://m.media-amazon.com/images/I/61DfggwU2nL.jpg,116155,depth,19.0 centimetre
https://m.media-amazon.com/images/I/61DTVGHFmzL.jpg,116155,depth,78.0 millimetre
https://m.media-amazon.com/images/I/41eMqDoGJ-L.jpg,116155,depth,280.0 millimetre
https://m.media-amazon.com/images/I/51KwDdoKLqL.jpg,116155,depth,25.4 centimetre
https://m.media-amazon.com/images/I/51RjYP8dlOL.jpg,116155,depth,280.0 millimetre
https://m.media-amazon.com/images/I/51g1HJBlEQL.jpg,116155,depth,155.0 millimetre
https://m.media-amazon.com/images/I/615xjARzC0L.jpg,116155,depth,6.4 centimetre
https://m.media-amazon.com/images/I/51+iRoiYxVL.jpg,116155,depth,250.0 millimetre
https://m.media-amazon.com/images/I/51-huZILPLL.jpg,116155,depth,411.71 millimetre
https://m.media-amazon.com/images/I/61DgpfxMOrL.jpg,116155,depth,215.0 millimetre
https://m.media-amazon.com/images/I/51d2tWi-ARL.jpg,116155,depth,25.0 millimetre
https://m.media-amazon.com/images/I/51uzMkmQV9L.jpg,116155,depth,15.5 centimetre
https://m.media-amazon.com/images/I/613+papUoDL.jpg,116155,depth,115.0 millimetre
https://m.media-amazon.com/images/I/512qSXXpRkL.jpg,116155,depth,13.5 centimetre
https://m.media-amazon.com/images/I/51PY70YcmoL.jpg,116155,depth,12.0 inch
https://m.media-amazon.com/images/I/51oWYsldmSS.jpg,116155,depth,11.8 inch
https://m.media-amazon.com/images/I/51R1NBvmbjL.jpg,116155,depth,12.0 inch
https://m.media-amazon.com/images/I/51LCxK0ppqL.jpg,116155,depth,493.0 millimetre
https://m.media-amazon.com/images/I/51XUnIWSNoL.jpg,116155,depth,5.33 inch
https://m.media-amazon.com/images/I/51h3xtjtaJL.jpg,116155,depth,24.0 millimetre
https://m.media-amazon.com/images/I/512mim43eQL.jpg,116155,depth,11.8 inch
https://m.media-amazon.com/images/I/51c0Wg1i6SL.jpg,116155,depth,13.0 centimetre
https://m.media-amazon.com/images/I/614QRpMrPpS.jpg,116155,depth,10.5 centimetre
https://m.media-amazon.com/images/I/51PgvR+SawL.jpg,116155,depth,19.68 inch
https://m.media-amazon.com/images/I/51371aGGiBL.jpg,116155,depth,97.5 millimetre
https://m.media-amazon.com/images/I/51e5sficUyL.jpg,116155,depth,280.0 millimetre
https://m.media-amazon.com/images/I/41d7c+r7usL.jpg,116155,depth,200.0 millimetre
https://m.media-amazon.com/images/I/518-454huEL.jpg,116155,depth,5.88 inch
https://m.media-amazon.com/images/I/614ysQPHQcL.jpg,116155,depth,49.0 millimetre
https://m.media-amazon.com/images/I/51aLMaSjyDL.jpg,116155,depth,0.81 inch
https://m.media-amazon.com/images/I/51VxkihoDaL.jpg,116155,depth,280.0 millimetre
https://m.media-amazon.com/images/I/41TrqjgTlpL.jpg,116155,depth,10.0 centimetre
https://m.media-amazon.com/images/I/51xZMrM09uL.jpg,116155,depth,31.0 centimetre
https://m.media-amazon.com/images/I/61FmOIRs23L.jpg,116155,depth,7.0 inch
https://m.media-amazon.com/images/I/61EzgoiArDS.jpg,116155,depth,238.0 millimetre
https://m.media-amazon.com/images/I/51vXnKQYFYS.jpg,116155,depth,15.0 centimetre
https://m.media-amazon.com/images/I/51uL56WPGlL.jpg,116155,depth,40.0 centimetre
https://m.media-amazon.com/images/I/51RezigYIbL.jpg,116155,depth,25.0 millimetre
https://m.media-amazon.com/images/I/618mmRZaTsL.jpg,116155,depth,32.0 millimetre
https://m.media-amazon.com/images/I/51ROIcOggWL.jpg,116155,depth,10.0 inch
https://m.media-amazon.com/images/I/51NSk5TSjnL.jpg,116155,depth,11.0 inch
https://m.media-amazon.com/images/I/51agVDb47QL.jpg,116155,depth,0.31 foot
https://m.media-amazon.com/images/I/61FJc+yf50L.jpg,116155,depth,37.1 centimetre
https://m.media-amazon.com/images/I/61F9gWnqJVL.jpg,116155,depth,190.0 millimetre
https://m.media-amazon.com/images/I/519FkXfViqL.jpg,116155,depth,5.4 centimetre
https://m.media-amazon.com/images/I/51Bo4OnjT+L.jpg,116155,depth,24.0 millimetre
https://m.media-amazon.com/images/I/515-wzXyHvS.jpg,116155,depth,8.0 inch
https://m.media-amazon.com/images/I/613yHa2-BYL.jpg,116155,depth,8.0 inch
