image_link,group_id,entity_name,entity_value
https://m.media-amazon.com/images/I/61-QghTVv8L.jpg,306962,width,2.0 inch
https://m.media-amazon.com/images/I/51nWUHEW1CL.jpg,306962,width,6.9 centimetre
https://m.media-amazon.com/images/I/41EgM4G8RbL.jpg,306962,width,4.0 centimetre
https://m.media-amazon.com/images/I/51RoOgYG7xL.jpg,306962,width,65.0 millimetre
https://m.media-amazon.com/images/I/51lYlaO2piL.jpg,306962,width,7.7 centimetre
https://m.media-amazon.com/images/I/51lYlaO2piL.jpg,306962,depth,8.7 centimetre
https://m.media-amazon.com/images/I/51V1yyNUY1L.jpg,306962,width,5.8 centimetre
https://m.media-amazon.com/images/I/610HJ-e6E9L.jpg,306962,width,4.0 centimetre
https://m.media-amazon.com/images/I/61AE9LR7ngL.jpg,306962,width,70.0 millimetre
https://m.media-amazon.com/images/I/51YjqLw7KiL.jpg,306962,width,8.2 centimetre
https://m.media-amazon.com/images/I/616Prsow1XL.jpg,306962,width,5.8 centimetre
https://m.media-amazon.com/images/I/51hBzsRTMkL.jpg,306962,width,7.0 centimetre
https://m.media-amazon.com/images/I/51rXrzCpxWL.jpg,306962,width,8.5 centimetre
https://m.media-amazon.com/images/I/511W2xPB5xL.jpg,306962,depth,8.0 inch
https://m.media-amazon.com/images/I/61BwOnz7-xL.jpg,306962,depth,22.0 centimetre
https://m.media-amazon.com/images/I/51tCpzhnO8L.jpg,306962,depth,15.0 centimetre
https://m.media-amazon.com/images/I/41KWowsKWqL.jpg,306962,depth,5.1 inch
https://m.media-amazon.com/images/I/614F1-ldOjL.jpg,306962,depth,18.0 centimetre
https://m.media-amazon.com/images/I/51Y8wSBfTDL.jpg,306962,depth,10.0 centimetre
https://m.media-amazon.com/images/I/6166Xf0qOzL.jpg,306962,depth,7.8 centimetre
https://m.media-amazon.com/images/I/51Ohxa0lQfL.jpg,306962,depth,19.0 centimetre
https://m.media-amazon.com/images/I/616kbH4Cy+S.jpg,306962,depth,30.0 centimetre
https://m.media-amazon.com/images/I/519rLY3OXUS.jpg,306962,depth,11.0 centimetre
https://m.media-amazon.com/images/I/41sBmJ561oL.jpg,306962,depth,4.3 inch
https://m.media-amazon.com/images/I/51raeCKZYdS.jpg,306962,depth,7.5 centimetre
https://m.media-amazon.com/images/I/616XOir3s4L.jpg,306962,depth,10.6 centimetre
https://m.media-amazon.com/images/I/51ozWNXMc5L.jpg,306962,depth,220.0 millimetre
https://m.media-amazon.com/images/I/61+JI8ojETL.jpg,306962,depth,10.0 centimetre
https://m.media-amazon.com/images/I/51D-uNbtmgL.jpg,306962,depth,16.0 centimetre
