image_link,group_id,entity_name,entity_value
https://m.media-amazon.com/images/I/81xIDq0JBgL.jpg,666046,item_weight,0.8648648648648649 kilogram
https://m.media-amazon.com/images/I/61eGTBscecL.jpg,666046,item_weight,42 pound
https://m.media-amazon.com/images/I/712rLfPyocL.jpg,666046,item_weight,0.84 kilogram
https://m.media-amazon.com/images/I/81ZvViK036L.jpg,666046,item_weight,8 kilogram
https://m.media-amazon.com/images/I/91vmjhTfeqS.jpg,666046,item_weight,1.75 kilogram
https://m.media-amazon.com/images/I/71J9v9hKZfL.jpg,666046,item_weight,8 kilogram
https://m.media-amazon.com/images/I/81+wZ+69AAL.jpg,666046,item_weight,8 kilogram
https://m.media-amazon.com/images/I/61wIsOHL7LL.jpg,666046,item_weight,6.2 kilogram
https://m.media-amazon.com/images/I/51clXO7vb8L.jpg,666046,item_weight,216.0 ounce
https://m.media-amazon.com/images/I/71zqrT-BKfL.jpg,666046,item_weight,10.9 kilogram
https://m.media-amazon.com/images/I/71pcXlbFXFL.jpg,666046,item_weight,2.8 gram
https://m.media-amazon.com/images/I/61iXLC-ZpyL.jpg,666046,item_weight,7.9 kilogram
https://m.media-amazon.com/images/I/61MKXSZuKDL.jpg,666046,item_weight,83 gram
https://m.media-amazon.com/images/I/81vfTBjzUQL.jpg,666046,item_weight,112.0 pound
https://m.media-amazon.com/images/I/711MU6SRo+L.jpg,666046,item_weight,98.0 gram
https://m.media-amazon.com/images/I/71szSfCdvOL.jpg,666046,item_weight,0.84 kilogram
https://m.media-amazon.com/images/I/814ufMK7gjL.jpg,666046,item_weight,6 kilogram
https://m.media-amazon.com/images/I/81ywupkSItL.jpg,666046,item_weight,5.4 kilogram
https://m.media-amazon.com/images/I/818T10qZjDL.jpg,666046,item_weight,6.9 kilogram
https://m.media-amazon.com/images/I/81XUD3mD3QL.jpg,666046,item_weight,8 kilogram
https://m.media-amazon.com/images/I/61ZhuZgIZgL.jpg,666046,item_weight,1.4 gram
https://m.media-amazon.com/images/I/619b23CCA0L.jpg,666046,item_weight,1.67 kilogram
https://m.media-amazon.com/images/I/71gq52Z19EL.jpg,666046,item_weight,1.0 gram
https://m.media-amazon.com/images/I/71Sh8-tPdQL.jpg,666046,item_weight,760.0 gram
https://m.media-amazon.com/images/I/713VQXoqzPL.jpg,666046,item_weight,6 kilogram
https://m.media-amazon.com/images/I/71+vt0iBnGL.jpg,666046,item_weight,5.6 kilogram
https://m.media-amazon.com/images/I/61cBro9FyoL.jpg,666046,item_weight,760.0 gram
https://m.media-amazon.com/images/I/61u618AtEjL.jpg,666046,item_weight,1.2 gram
https://m.media-amazon.com/images/I/81jOIu4pstL.jpg,666046,item_weight,1.0 gram
https://m.media-amazon.com/images/I/61qKp56Jt-L.jpg,666046,item_weight,1.0 gram
https://m.media-amazon.com/images/I/61BYFkRmYCL.jpg,666046,item_weight,1.38 kilogram
https://m.media-amazon.com/images/I/71EOEqBqIxL.jpg,666046,item_weight,2.3 gram
https://m.media-amazon.com/images/I/71WwUfFQxpL.jpg,666046,item_weight,760.0 gram
https://m.media-amazon.com/images/I/714TcUSLYRL.jpg,666046,item_weight,7.4 kilogram
https://m.media-amazon.com/images/I/51MKubwnN9L.jpg,666046,item_weight,4.0 pound
https://m.media-amazon.com/images/I/61iBf18igkL.jpg,666046,item_weight,2.0 kilogram
https://m.media-amazon.com/images/I/71m1sbUdepL.jpg,666046,item_weight,35.5 kilogram
https://m.media-amazon.com/images/I/71BD-Cogz8L.jpg,666046,item_weight,81.0 pound
https://m.media-amazon.com/images/I/71ypVIlFOML.jpg,666046,item_weight,360.0 gram
https://m.media-amazon.com/images/I/71iXT-k-x0L.jpg,666046,item_weight,11.5 kilogram
https://m.media-amazon.com/images/I/61C-8dXVw+L.jpg,666046,item_weight,1.0 gram
https://m.media-amazon.com/images/I/71Xqz50tLZL.jpg,666046,item_weight,760.0 gram
https://m.media-amazon.com/images/I/61CY37bx3KL.jpg,666046,item_weight,25.0 ounce
https://m.media-amazon.com/images/I/71J8xE47I5L.jpg,666046,item_weight,5.9 kilogram
https://m.media-amazon.com/images/I/61uqeyOSoFL.jpg,666046,item_weight,105.0 gram
https://m.media-amazon.com/images/I/71SKtHrNDhL.jpg,666046,item_weight,10.0 kilogram
https://m.media-amazon.com/images/I/61-08g4ninL.jpg,666046,width,8.0 inch
https://m.media-amazon.com/images/I/61Byccibk6L.jpg,666046,width,27.0 centimetre
https://m.media-amazon.com/images/I/61Byccibk6L.jpg,666046,depth,29.0 centimetre
https://m.media-amazon.com/images/I/611atM1foAL.jpg,666046,width,9.84 inch
https://m.media-amazon.com/images/I/611atM1foAL.jpg,666046,height,19.3 inch
https://m.media-amazon.com/images/I/51hkqZDL8JL.jpg,666046,width,25.0 inch
https://m.media-amazon.com/images/I/61DqNCv16dL.jpg,666046,depth,48.0 inch
https://m.media-amazon.com/images/I/51mtAoU3IKL.jpg,666046,depth,35.0 centimetre
https://m.media-amazon.com/images/I/51XFunMWt0L.jpg,666046,depth,43.0 centimetre
https://m.media-amazon.com/images/I/51u5VrWKUNL.jpg,666046,depth,350.0 millimetre
https://m.media-amazon.com/images/I/511GT6NaosL.jpg,666046,depth,38.0 centimetre
https://m.media-amazon.com/images/I/618kiIf3LtL.jpg,666046,depth,45.0 centimetre
https://m.media-amazon.com/images/I/615RJ1Ss4GL.jpg,666046,depth,1.6 metre
https://m.media-amazon.com/images/I/6150vcqXSWL.jpg,666046,depth,40.0 inch
https://m.media-amazon.com/images/I/6150vcqXSWL.jpg,666046,height,40.0 inch
https://m.media-amazon.com/images/I/51ZEON+BYuL.jpg,666046,height,22.0 centimetre
https://m.media-amazon.com/images/I/61932SPNbGS.jpg,666046,height,21.0 centimetre
https://m.media-amazon.com/images/I/619hlperQSL.jpg,666046,height,11.0 centimetre
https://m.media-amazon.com/images/I/51uEI0ymQaL.jpg,666046,height,21.5 centimetre
https://m.media-amazon.com/images/I/618O7v6-xpL.jpg,666046,height,34.0 inch
https://m.media-amazon.com/images/I/516laus6+IL.jpg,666046,height,66.0 centimetre
https://m.media-amazon.com/images/I/619NN512PKL.jpg,666046,height,20.0 centimetre
