image_link,group_id,entity_name,entity_value
https://m.media-amazon.com/images/I/51PNvo8qE-L.jpg,431436,width,45.0 centimetre
https://m.media-amazon.com/images/I/51HMf+t11kL.jpg,431436,width,47.0 centimetre
https://m.media-amazon.com/images/I/51HMf+t11kL.jpg,431436,height,49.0 centimetre
https://m.media-amazon.com/images/I/616ZV12z6EL.jpg,431436,width,45.0 centimetre
https://m.media-amazon.com/images/I/616ZV12z6EL.jpg,431436,height,20.5 centimetre
https://m.media-amazon.com/images/I/618hvtz7hGL.jpg,431436,width,34.0 centimetre
https://m.media-amazon.com/images/I/618hvtz7hGL.jpg,431436,height,24.0 centimetre
https://m.media-amazon.com/images/I/51AFEwHgzBL.jpg,431436,width,45.0 centimetre
https://m.media-amazon.com/images/I/51fKGQ6B05L.jpg,431436,width,58.5 centimetre
https://m.media-amazon.com/images/I/51i+a6eyk-L.jpg,431436,width,78.0 centimetre
https://m.media-amazon.com/images/I/51uTWApDOVL.jpg,431436,depth,75.0 centimetre
https://m.media-amazon.com/images/I/41FJUwEVsfL.jpg,431436,depth,40.0 centimetre
https://m.media-amazon.com/images/I/51oByvW+gYL.jpg,431436,depth,78.0 centimetre
https://m.media-amazon.com/images/I/51xbRWdXjnL.jpg,431436,depth,44.0 centimetre
https://m.media-amazon.com/images/I/51xbRWdXjnL.jpg,431436,height,44.0 centimetre
https://m.media-amazon.com/images/I/617tFyCHYiL.jpg,431436,depth,61.0 centimetre
https://m.media-amazon.com/images/I/51wweJyCg9S.jpg,431436,depth,97.3 centimetre
https://m.media-amazon.com/images/I/61EWB8x4A4L.jpg,431436,depth,74.0 centimetre
https://m.media-amazon.com/images/I/613tXDkC5tL.jpg,431436,depth,77.0 centimetre
https://m.media-amazon.com/images/I/51LF2YLD5wL.jpg,431436,depth,76.0 centimetre
https://m.media-amazon.com/images/I/51PUpx89TvL.jpg,431436,depth,61.0 centimetre
https://m.media-amazon.com/images/I/514BEUNo75L.jpg,431436,depth,23.6 inch
https://m.media-amazon.com/images/I/51PU1b05t-L.jpg,431436,depth,83.0 centimetre
https://m.media-amazon.com/images/I/51vodiuQguL.jpg,431436,height,97.0 centimetre
https://m.media-amazon.com/images/I/51vbqvP9ymL.jpg,431436,height,33.0 centimetre
https://m.media-amazon.com/images/I/612W0Seg3eL.jpg,431436,height,88.0 centimetre
https://m.media-amazon.com/images/I/51Xfqjed+uL.jpg,431436,height,30.0 centimetre
https://m.media-amazon.com/images/I/61Cu1DxgU+L.jpg,431436,height,54.0 centimetre
https://m.media-amazon.com/images/I/51neo1lcPsL.jpg,431436,height,20.0 centimetre
https://m.media-amazon.com/images/I/41vR8NWAPaL.jpg,431436,height,26.0 centimetre
https://m.media-amazon.com/images/I/519GdDO5TGL.jpg,431436,height,44.0 centimetre
https://m.media-amazon.com/images/I/513EOYxT8pL.jpg,431436,height,20.0 centimetre
https://m.media-amazon.com/images/I/51LTYNWmMkL.jpg,431436,height,25.0 centimetre
https://m.media-amazon.com/images/I/51Ply+9i6zL.jpg,431436,height,21.0 centimetre
https://m.media-amazon.com/images/I/61EPIMKD-wL.jpg,431436,height,7.0 inch
https://m.media-amazon.com/images/I/61Ftcbbl+sL.jpg,431436,height,30.0 centimetre
https://m.media-amazon.com/images/I/618T0b3ubBL.jpg,431436,height,21.0 centimetre
https://m.media-amazon.com/images/I/61-yVevThDL.jpg,431436,height,102.0 centimetre
https://m.media-amazon.com/images/I/619Y2BDWGUL.jpg,431436,height,21.0 centimetre
