image_link,group_id,entity_name,entity_value
https://m.media-amazon.com/images/I/616V0t69W5L.jpg,401212,width,45.0 centimetre
https://m.media-amazon.com/images/I/618Rnk0wKpL.jpg,401212,width,51.2 inch
https://m.media-amazon.com/images/I/51IPgujAB9L.jpg,401212,width,23.62 inch
https://m.media-amazon.com/images/I/51IPgujAB9L.jpg,401212,height,28.94 inch
https://m.media-amazon.com/images/I/618vyDl7tPL.jpg,401212,width,50.8 inch
https://m.media-amazon.com/images/I/51t01aCJQmL.jpg,401212,width,42.0 centimetre
https://m.media-amazon.com/images/I/51t01aCJQmL.jpg,401212,height,91.0 centimetre
https://m.media-amazon.com/images/I/614xdr3HczL.jpg,401212,width,42.25 inch
https://m.media-amazon.com/images/I/41HzwyXuBXL.jpg,401212,width,95.0 centimetre
https://m.media-amazon.com/images/I/6159Q9bpw8L.jpg,401212,width,23.6 inch
https://m.media-amazon.com/images/I/610t-vUjD-L.jpg,401212,width,54.0 centimetre
https://m.media-amazon.com/images/I/61A2ULnDyML.jpg,401212,width,70.0 centimetre
https://m.media-amazon.com/images/I/519G4vtgiKL.jpg,401212,width,53.5 inch
https://m.media-amazon.com/images/I/51AjPBPdCkL.jpg,401212,width,23.6 inch
https://m.media-amazon.com/images/I/41HVRMKQHmL.jpg,401212,width,84.5 centimetre
https://m.media-amazon.com/images/I/51zUteFI5+L.jpg,401212,width,59.6 centimetre
https://m.media-amazon.com/images/I/618-iZXKOfL.jpg,401212,width,66.0 centimetre
https://m.media-amazon.com/images/I/618-iZXKOfL.jpg,401212,height,91.5 centimetre
https://m.media-amazon.com/images/I/61+KJdR4QUL.jpg,401212,width,24.0 centimetre
https://m.media-amazon.com/images/I/51kM00ZkfrL.jpg,401212,width,94.0 centimetre
https://m.media-amazon.com/images/I/51kM00ZkfrL.jpg,401212,height,94.5 centimetre
https://m.media-amazon.com/images/I/51V4+ycQy1L.jpg,401212,width,27.5 inch
https://m.media-amazon.com/images/I/51M+8DXTcyL.jpg,401212,width,40.0 centimetre
https://m.media-amazon.com/images/I/51M+8DXTcyL.jpg,401212,height,95.0 centimetre
https://m.media-amazon.com/images/I/61G1EzPfa1L.jpg,401212,width,29.5 inch
https://m.media-amazon.com/images/I/61BfyIlWjYL.jpg,401212,width,33.0 centimetre
https://m.media-amazon.com/images/I/613a4ZmOmtL.jpg,401212,width,29.9 inch
https://m.media-amazon.com/images/I/611rAMxoqyL.jpg,401212,width,29.5 inch
https://m.media-amazon.com/images/I/51YuB4E4emL.jpg,401212,width,41.0 centimetre
https://m.media-amazon.com/images/I/517tzt4qHOL.jpg,401212,width,53.0 centimetre
https://m.media-amazon.com/images/I/61--ScgxXqL.jpg,401212,width,25.2 inch
https://m.media-amazon.com/images/I/51SwoPksYRL.jpg,401212,width,18.0 inch
https://m.media-amazon.com/images/I/613w8yZMZIL.jpg,401212,width,15.74 inch
https://m.media-amazon.com/images/I/31urGZdMFnL.jpg,401212,width,60.0 centimetre
https://m.media-amazon.com/images/I/613wG4ARm+L.jpg,401212,height,75.5 centimetre
https://m.media-amazon.com/images/I/610iVbnc40L.jpg,401212,height,34.4 inch
https://m.media-amazon.com/images/I/61+P2RH-W5S.jpg,401212,height,83.0 centimetre
https://m.media-amazon.com/images/I/51ePcgGNsdL.jpg,401212,height,86.0 centimetre
https://m.media-amazon.com/images/I/61BDxlEi-eL.jpg,401212,height,39.0 inch
https://m.media-amazon.com/images/I/611wU2T12kL.jpg,401212,height,34.64 inch
https://m.media-amazon.com/images/I/41mAr8CKXvL.jpg,401212,height,64.8 centimetre
https://m.media-amazon.com/images/I/61D617hBmSL.jpg,401212,height,89.5 centimetre
https://m.media-amazon.com/images/I/614oYsHjYzL.jpg,401212,height,95.0 centimetre
https://m.media-amazon.com/images/I/61FjaXFIjgL.jpg,401212,height,90.0 centimetre
https://m.media-amazon.com/images/I/51efl3FI46L.jpg,401212,height,36.2 inch
https://m.media-amazon.com/images/I/61-okCRfDUL.jpg,401212,height,29.5 inch
https://m.media-amazon.com/images/I/61-jwHJWTdL.jpg,401212,height,840.0 millimetre
https://m.media-amazon.com/images/I/611HCld-ZnL.jpg,401212,height,35.75 inch
https://m.media-amazon.com/images/I/51eGv1uESlL.jpg,401212,height,73.0 centimetre
https://m.media-amazon.com/images/I/616FdfdqCzL.jpg,401212,height,33.0 inch
https://m.media-amazon.com/images/I/610T09JbK0L.jpg,401212,height,93.0 centimetre
https://m.media-amazon.com/images/I/51y2BI6WXKL.jpg,401212,height,68.0 centimetre
https://m.media-amazon.com/images/I/61+lqY1rIBL.jpg,401212,height,65.0 centimetre
https://m.media-amazon.com/images/I/51KuZP3Pf-L.jpg,401212,height,36.02 inch
https://m.media-amazon.com/images/I/6108OZgZfJL.jpg,401212,height,80.0 centimetre
https://m.media-amazon.com/images/I/613Tv-jsrCL.jpg,401212,height,70.0 centimetre
https://m.media-amazon.com/images/I/519l4GRdQpL.jpg,401212,height,75.0 centimetre
https://m.media-amazon.com/images/I/51I-UGPAX1L.jpg,401212,height,32.25 inch
https://m.media-amazon.com/images/I/619NHQ7MgFL.jpg,401212,height,33.0 inch
https://m.media-amazon.com/images/I/51SjPngoK2L.jpg,401212,height,11.34 inch
https://m.media-amazon.com/images/I/51CXlJ0QQyS.jpg,401212,height,28.94 inch
https://m.media-amazon.com/images/I/51en9MmmOPL.jpg,401212,height,80.5 centimetre
https://m.media-amazon.com/images/I/61D6pUY+XPL.jpg,401212,height,24.21 inch
https://m.media-amazon.com/images/I/61C5n-eiBzL.jpg,401212,height,35.0 inch
https://m.media-amazon.com/images/I/613VnQAggJL.jpg,401212,height,30.71 inch
https://m.media-amazon.com/images/I/613Gv06dwpL.jpg,401212,height,37.0 inch
https://m.media-amazon.com/images/I/61A4hvErN6L.jpg,401212,height,85.0 centimetre
https://m.media-amazon.com/images/I/51A8Z56hr7L.jpg,401212,height,82.0 centimetre
https://m.media-amazon.com/images/I/612m9rMF2zL.jpg,401212,height,33.1 inch
https://m.media-amazon.com/images/I/51i8om6lveL.jpg,401212,height,31.5 inch
