image_link,group_id,entity_name,entity_value
https://m.media-amazon.com/images/I/61Ct5wrXjvL.jpg,276221,width,11.0 centimetre
https://m.media-amazon.com/images/I/510Xklyzk3L.jpg,276221,width,9.45 inch
https://m.media-amazon.com/images/I/61BMSQNPW-L.jpg,276221,width,36.0 centimetre
https://m.media-amazon.com/images/I/51fDCF1R5xL.jpg,276221,width,85.0 millimetre
https://m.media-amazon.com/images/I/51fDCF1R5xL.jpg,276221,depth,85.0 millimetre
https://m.media-amazon.com/images/I/518poJ2yWwL.jpg,276221,width,42.0 centimetre
https://m.media-amazon.com/images/I/615Wq5Rw5iL.jpg,276221,width,14.0 centimetre
https://m.media-amazon.com/images/I/61Auw278PyL.jpg,276221,width,12.1 centimetre
https://m.media-amazon.com/images/I/61Auw278PyL.jpg,276221,height,19.2 centimetre
https://m.media-amazon.com/images/I/61GKf4bIj-L.jpg,276221,width,22.8 centimetre
https://m.media-amazon.com/images/I/61GKf4bIj-L.jpg,276221,height,30.0 centimetre
https://m.media-amazon.com/images/I/51i4NrRDeIL.jpg,276221,width,13.4 centimetre
https://m.media-amazon.com/images/I/613nHiKZCpL.jpg,276221,width,4.0 centimetre
https://m.media-amazon.com/images/I/610exy7jHIL.jpg,276221,width,23.5 centimetre
https://m.media-amazon.com/images/I/51afqKnvzsL.jpg,276221,width,120.0 millimetre
https://m.media-amazon.com/images/I/51ga0kAYTHL.jpg,276221,width,7.5 centimetre
https://m.media-amazon.com/images/I/61A7V-8CnnL.jpg,276221,width,7.5 centimetre
https://m.media-amazon.com/images/I/6126Dafm2oS.jpg,276221,width,210.0 millimetre
https://m.media-amazon.com/images/I/61A-ihA5QrL.jpg,276221,width,35.0 millimetre
https://m.media-amazon.com/images/I/51FcmzFGa6L.jpg,276221,width,6.91 centimetre
https://m.media-amazon.com/images/I/61Apj-RR5lL.jpg,276221,width,7.5 centimetre
https://m.media-amazon.com/images/I/51gM-bxyK+L.jpg,276221,width,3.4 centimetre
https://m.media-amazon.com/images/I/51gM-bxyK+L.jpg,276221,height,1.0 centimetre
https://m.media-amazon.com/images/I/418gSop9XAL.jpg,276221,width,6.0 centimetre
https://m.media-amazon.com/images/I/418gSop9XAL.jpg,276221,depth,6.0 centimetre
https://m.media-amazon.com/images/I/51tptJmBcIL.jpg,276221,width,11.5 centimetre
https://m.media-amazon.com/images/I/51AWaxckhYL.jpg,276221,width,3.27 inch
https://m.media-amazon.com/images/I/51AWaxckhYL.jpg,276221,depth,32.7 inch
https://m.media-amazon.com/images/I/61DaObZzk8L.jpg,276221,width,11.0 inch
https://m.media-amazon.com/images/I/510UStJ5FZL.jpg,276221,width,25.0 centimetre
https://m.media-amazon.com/images/I/619mu5MyUkL.jpg,276221,width,290.0 millimetre
https://m.media-amazon.com/images/I/51GB0jbaHtL.jpg,276221,width,25.0 centimetre
https://m.media-amazon.com/images/I/513L+M+vFEL.jpg,276221,depth,82.0 centimetre
https://m.media-amazon.com/images/I/51Fwk8wP7XL.jpg,276221,depth,595.0 millimetre
https://m.media-amazon.com/images/I/617CPLKdZVL.jpg,276221,depth,29.0 centimetre
https://m.media-amazon.com/images/I/611yCb1+KvL.jpg,276221,depth,39.4 centimetre
https://m.media-amazon.com/images/I/516DXxJnhvL.jpg,276221,depth,6.5 centimetre
https://m.media-amazon.com/images/I/512-R4MejWS.jpg,276221,depth,13.5 centimetre
https://m.media-amazon.com/images/I/51meG3mYW6L.jpg,276221,depth,6.5 inch
https://m.media-amazon.com/images/I/61100BchaFL.jpg,276221,depth,30.75 inch
https://m.media-amazon.com/images/I/61CaNQjmPLL.jpg,276221,depth,15.0 inch
https://m.media-amazon.com/images/I/618C5G4S0BL.jpg,276221,depth,20.0 centimetre
https://m.media-amazon.com/images/I/51TkqO+gDDL.jpg,276221,depth,9.5 centimetre
https://m.media-amazon.com/images/I/61G8KE9YYxL.jpg,276221,depth,33.0 centimetre
https://m.media-amazon.com/images/I/516mckI4-rS.jpg,276221,depth,210.0 millimetre
https://m.media-amazon.com/images/I/51lX9bKAE5L.jpg,276221,depth,1.0 metre
https://m.media-amazon.com/images/I/51DDz4UVKOL.jpg,276221,depth,18.0 inch
https://m.media-amazon.com/images/I/51Fpu6tUGRL.jpg,276221,depth,26.0 inch
https://m.media-amazon.com/images/I/619ay8OiTOL.jpg,276221,depth,57.5 centimetre
https://m.media-amazon.com/images/I/516kREwlZkL.jpg,276221,depth,15.5 centimetre
https://m.media-amazon.com/images/I/51tbNDDAvrL.jpg,276221,depth,15.5 centimetre
https://m.media-amazon.com/images/I/61CLvPDcv3L.jpg,276221,depth,30.7 inch
https://m.media-amazon.com/images/I/51frOKkVa7S.jpg,276221,depth,22.64 inch
https://m.media-amazon.com/images/I/51frOKkVa7S.jpg,276221,height,14.57 inch
https://m.media-amazon.com/images/I/41l6HsGpHAL.jpg,276221,depth,7.5 centimetre
https://m.media-amazon.com/images/I/41l6HsGpHAL.jpg,276221,height,4.6 centimetre
https://m.media-amazon.com/images/I/612SyM2p-cL.jpg,276221,depth,38.0 centimetre
https://m.media-amazon.com/images/I/51q9og0f-1L.jpg,276221,depth,9.0 centimetre
https://m.media-amazon.com/images/I/61-6Rd2H5TL.jpg,276221,depth,18.0 centimetre
https://m.media-amazon.com/images/I/612oCTMuR5L.jpg,276221,depth,18.0 inch
https://m.media-amazon.com/images/I/61D96xaq+xL.jpg,276221,depth,20.0 inch
https://m.media-amazon.com/images/I/51GacBPHecL.jpg,276221,depth,9.7 centimetre
https://m.media-amazon.com/images/I/514GxjCdboL.jpg,276221,depth,13.5 centimetre
https://m.media-amazon.com/images/I/61BLV62mLbL.jpg,276221,depth,8.07 inch
https://m.media-amazon.com/images/I/51ZUBPnHU2L.jpg,276221,depth,13.1 centimetre
https://m.media-amazon.com/images/I/51z79dncotL.jpg,276221,depth,580.0 millimetre
https://m.media-amazon.com/images/I/51B-qjONO2L.jpg,276221,depth,28.0 centimetre
https://m.media-amazon.com/images/I/51uoieaZVeL.jpg,276221,depth,9.0 centimetre
https://m.media-amazon.com/images/I/517HBb8Y2FL.jpg,276221,depth,15.5 centimetre
https://m.media-amazon.com/images/I/61Ek1s5IoqL.jpg,276221,depth,201.3 millimetre
https://m.media-amazon.com/images/I/61CqifJBQGL.jpg,276221,depth,300.0 millimetre
https://m.media-amazon.com/images/I/51h+xEaVUdL.jpg,276221,depth,29.5 centimetre
https://m.media-amazon.com/images/I/51FoBkTzMnL.jpg,276221,depth,10.3 centimetre
https://m.media-amazon.com/images/I/613ktFn7pCL.jpg,276221,depth,55.0 millimetre
https://m.media-amazon.com/images/I/51xO9KxZO0L.jpg,276221,depth,127.0 millimetre
https://m.media-amazon.com/images/I/6153kSwL5lS.jpg,276221,depth,626.0 millimetre
https://m.media-amazon.com/images/I/51Qp1HVDxLL.jpg,276221,depth,340.0 millimetre
https://m.media-amazon.com/images/I/51OyD5QIYIL.jpg,276221,depth,9.6 centimetre
https://m.media-amazon.com/images/I/619s4QVHahL.jpg,276221,depth,121.5 centimetre
https://m.media-amazon.com/images/I/51rCjYH+6XL.jpg,276221,depth,10.0 inch
https://m.media-amazon.com/images/I/51v-o6hRMzL.jpg,276221,depth,75.0 millimetre
https://m.media-amazon.com/images/I/51Ng2m6+qJL.jpg,276221,depth,12.6 centimetre
https://m.media-amazon.com/images/I/41ytqktdPmL.jpg,276221,depth,240.0 millimetre
https://m.media-amazon.com/images/I/61EsH8nrs3L.jpg,276221,depth,20.5 centimetre
https://m.media-amazon.com/images/I/51KYJAb89qL.jpg,276221,height,3.0 centimetre
https://m.media-amazon.com/images/I/61DqFGiFn6S.jpg,276221,height,11.0 centimetre
https://m.media-amazon.com/images/I/61Ei9XtS6pL.jpg,276221,height,11.0 centimetre
https://m.media-amazon.com/images/I/51pEenVqaZL.jpg,276221,height,10.03 inch
https://m.media-amazon.com/images/I/51McLIFSFML.jpg,276221,height,25.0 millimetre
https://m.media-amazon.com/images/I/51n5mStIJJL.jpg,276221,height,40.0 millimetre
https://m.media-amazon.com/images/I/51Uu5E7x9sL.jpg,276221,height,7.5 centimetre
https://m.media-amazon.com/images/I/31vVyWlpmQL.jpg,276221,height,8.0 centimetre
https://m.media-amazon.com/images/I/515imC9OmxL.jpg,276221,height,6.7 centimetre
https://m.media-amazon.com/images/I/51vERPKYZwL.jpg,276221,height,240.0 centimetre
https://m.media-amazon.com/images/I/61882IloM6L.jpg,276221,height,20.0 inch
https://m.media-amazon.com/images/I/61AQwKBHA2L.jpg,276221,height,8.0 centimetre
https://m.media-amazon.com/images/I/51uaVSf3DvL.jpg,276221,height,85.0 millimetre
https://m.media-amazon.com/images/I/51olykwoCrL.jpg,276221,height,7.5 centimetre
https://m.media-amazon.com/images/I/41c6aixVx3L.jpg,276221,height,5.0 centimetre
https://m.media-amazon.com/images/I/61DJ5vXfQwL.jpg,276221,height,11.0 centimetre
https://m.media-amazon.com/images/I/51rEM-A75LL.jpg,276221,height,30.0 millimetre
https://m.media-amazon.com/images/I/41pQrT6N5RL.jpg,276221,height,56.0 millimetre
https://m.media-amazon.com/images/I/511XoGQt9hL.jpg,276221,height,11.0 centimetre
https://m.media-amazon.com/images/I/51NOQgKyAHL.jpg,276221,height,9.5 centimetre
https://m.media-amazon.com/images/I/618UwE74LVL.jpg,276221,height,91.0 millimetre
https://m.media-amazon.com/images/I/6133y+e1e8L.jpg,276221,height,9.0 centimetre
https://m.media-amazon.com/images/I/616hCOFT3KL.jpg,276221,height,9.44 inch
https://m.media-amazon.com/images/I/51HgUkyBebL.jpg,276221,height,3.7 inch
https://m.media-amazon.com/images/I/51U0SYc0LxL.jpg,276221,height,9.45 inch
https://m.media-amazon.com/images/I/51-vn0y+b6L.jpg,276221,height,14.8 centimetre
https://m.media-amazon.com/images/I/51MRn1FmYZL.jpg,276221,height,13.94 inch
https://m.media-amazon.com/images/I/510YsdsUBRL.jpg,276221,height,43.3 inch
https://m.media-amazon.com/images/I/61FKyMUikNL.jpg,276221,height,20.2 centimetre
https://m.media-amazon.com/images/I/619-rOhMiZL.jpg,276221,height,100.0 millimetre
https://m.media-amazon.com/images/I/51dOLtw7SEL.jpg,276221,height,6.0 millimetre
https://m.media-amazon.com/images/I/51oQKsbOu4L.jpg,276221,height,9.5 centimetre
https://m.media-amazon.com/images/I/51C81bxEjoL.jpg,276221,height,7.5 centimetre
https://m.media-amazon.com/images/I/61AoC-SW0BS.jpg,276221,height,286.0 millimetre
https://m.media-amazon.com/images/I/512juiege4L.jpg,276221,height,105.0 millimetre
https://m.media-amazon.com/images/I/51CnuyDgMKL.jpg,276221,height,6.0 centimetre
https://m.media-amazon.com/images/I/51wkPPzVAbL.jpg,276221,height,4.2 centimetre
https://m.media-amazon.com/images/I/51HEbFakl+L.jpg,276221,height,8.0 centimetre
https://m.media-amazon.com/images/I/51-JlYzDHfL.jpg,276221,height,50.0 millimetre
