image_link,group_id,entity_name,entity_value
https://m.media-amazon.com/images/I/615svlFid7L.jpg,412008,wattage,3.0 horsepower
https://m.media-amazon.com/images/I/51f2HADG6cL.jpg,412008,wattage,4.0 watt
https://m.media-amazon.com/images/I/717ZmdjecdL.jpg,412008,voltage,1.5 volt
https://m.media-amazon.com/images/I/814oXNgKJHL.jpg,412008,voltage,112.0 volt
https://m.media-amazon.com/images/I/81IAA-0SKlL.jpg,412008,wattage,5.0 watt
https://m.media-amazon.com/images/I/71+w75lkqvL.jpg,412008,wattage,40.0 watt
https://m.media-amazon.com/images/I/81S9EdmLJAL.jpg,412008,wattage,3.0 watt
https://m.media-amazon.com/images/I/71qvR+ZHtjL.jpg,412008,wattage,3.6 kilowatt
https://m.media-amazon.com/images/I/61W9snZjPuL.jpg,412008,item_weight,290.0 ounce
https://m.media-amazon.com/images/I/71GbYHWQl3L.jpg,412008,item_weight,10.0 gram
https://m.media-amazon.com/images/I/616Ps7YXtjL.jpg,412008,voltage,120.0 volt
https://m.media-amazon.com/images/I/81eFk68hJPL.jpg,412008,item_weight,44.0 pound
https://m.media-amazon.com/images/I/71m8VnHvn5L.jpg,412008,item_weight,33.0 kilogram
https://m.media-amazon.com/images/I/71T2YcK35gL.jpg,412008,wattage,25.0 watt
https://m.media-amazon.com/images/I/81lRMfJ30CL.jpg,412008,item_weight,2.8 kilogram
https://m.media-amazon.com/images/I/819OuaXSJxL.jpg,412008,item_weight,4.4 pound
https://m.media-amazon.com/images/I/6144bsdA4JS.jpg,412008,wattage,1500.0 watt
https://m.media-amazon.com/images/I/51gsXGIepiL.jpg,412008,item_weight,2.5 kilogram
https://m.media-amazon.com/images/I/71e-iQNqYiL.jpg,412008,item_weight,2.5 kilogram
https://m.media-amazon.com/images/I/61tvS1iKYZL.jpg,412008,item_weight,425.0 gram
https://m.media-amazon.com/images/I/718P2FHWNyS.jpg,412008,item_weight,55.0 kilogram
https://m.media-amazon.com/images/I/71Joo-Jh-gL.jpg,412008,wattage,5.0 watt
https://m.media-amazon.com/images/I/71HaFRkJwjL.jpg,412008,wattage,1500.0 watt
https://m.media-amazon.com/images/I/81VOmP5qmbL.jpg,412008,wattage,3.8 kilowatt
https://m.media-amazon.com/images/I/81rDS5rPIsL.jpg,412008,item_weight,2.5 kilogram
https://m.media-amazon.com/images/I/6153svAV8rL.jpg,412008,wattage,8.0 watt
https://m.media-amazon.com/images/I/6165qwM5f1L.jpg,412008,voltage,304.0 volt
https://m.media-amazon.com/images/I/71-RCxmx8jL.jpg,412008,wattage,2400.0 watt
https://m.media-amazon.com/images/I/51U2uyB7v5L.jpg,412008,voltage,230.0 volt
https://m.media-amazon.com/images/I/71fosWmFd6L.jpg,412008,item_weight,60.0 kilogram
https://m.media-amazon.com/images/I/71qlScZQv3L.jpg,412008,wattage,600.0 watt
https://m.media-amazon.com/images/I/71qlScZQv3L.jpg,412008,voltage,110.0 volt
https://m.media-amazon.com/images/I/71AjKhWF0UL.jpg,412008,wattage,600.0 watt
https://m.media-amazon.com/images/I/71AjKhWF0UL.jpg,412008,voltage,220.0 volt
https://m.media-amazon.com/images/I/71XRvQkx+nL.jpg,412008,wattage,500.0 watt
https://m.media-amazon.com/images/I/71XRvQkx+nL.jpg,412008,voltage,110.0 volt
https://m.media-amazon.com/images/I/61SU7KBIrXL.jpg,412008,wattage,500.0 watt
https://m.media-amazon.com/images/I/612tJ+UgMkL.jpg,412008,wattage,500.0 watt
https://m.media-amazon.com/images/I/71yW0h5mkaL.jpg,412008,wattage,2500.0 watt
https://m.media-amazon.com/images/I/61EZTBO1PWL.jpg,412008,wattage,550.0 watt
https://m.media-amazon.com/images/I/61EZTBO1PWL.jpg,412008,voltage,110.0 volt
https://m.media-amazon.com/images/I/71bQBSufzCL.jpg,412008,wattage,33.0 watt
https://m.media-amazon.com/images/I/511Lpf5+hpL.jpg,412008,wattage,4.0 kilowatt
https://m.media-amazon.com/images/I/718E0C7bI6L.jpg,412008,item_weight,27.0 kilogram
https://m.media-amazon.com/images/I/71Ja5D+2lIL.jpg,412008,item_weight,27.5 kilogram
https://m.media-amazon.com/images/I/81QC6O46l8L.jpg,412008,item_weight,9.0 pound
https://m.media-amazon.com/images/I/71VxCxzzBiL.jpg,412008,item_weight,3.0 gram
https://m.media-amazon.com/images/I/61wLrKsrk8L.jpg,412008,item_weight,500.0 gram
https://m.media-amazon.com/images/I/81uhqAqh2ML.jpg,412008,item_weight,"[5.0, 11.0] kilogram"
https://m.media-amazon.com/images/I/81uhqAqh2ML.jpg,412008,wattage,3.5 kilowatt
https://m.media-amazon.com/images/I/51YUCEVv7cL.jpg,412008,wattage,2.7 kilowatt
https://m.media-amazon.com/images/I/71mTjpyOinL.jpg,412008,wattage,6.0 watt
https://m.media-amazon.com/images/I/71aiu-OWX+L.jpg,412008,wattage,6.3 kilowatt
https://m.media-amazon.com/images/I/71TUTLAwXQL.jpg,412008,item_weight,4.4 pound
https://m.media-amazon.com/images/I/71cr-cb8TxL.jpg,412008,item_weight,20.44 pound
https://m.media-amazon.com/images/I/61LqXhg1GrL.jpg,412008,wattage,2000.0 watt
https://m.media-amazon.com/images/I/71GuneYA86L.jpg,412008,item_weight,37.0 kilogram
https://m.media-amazon.com/images/I/61g3aJMLFuL.jpg,412008,item_weight,70.0 kilogram
https://m.media-amazon.com/images/I/71B1W0crb3L.jpg,412008,item_weight,24.25 pound
https://m.media-amazon.com/images/I/71FDin2QbKL.jpg,412008,wattage,32.0 watt
https://m.media-amazon.com/images/I/71uGnAAzIuL.jpg,412008,item_weight,3.0 pound
https://m.media-amazon.com/images/I/61H5Z6vWxbL.jpg,412008,voltage,120.0 volt
https://m.media-amazon.com/images/I/61H5Z6vWxbL.jpg,412008,wattage,6.0 watt
https://m.media-amazon.com/images/I/415xVhsWWUL.jpg,412008,item_weight,3950.0 gram
https://m.media-amazon.com/images/I/A1cQKzpAyxL.jpg,412008,item_weight,3.0 kilogram
https://m.media-amazon.com/images/I/619LP4QIssL.jpg,412008,item_weight,500.0 gram
https://m.media-amazon.com/images/I/41lafHtfTPL.jpg,412008,wattage,15.0 watt
https://m.media-amazon.com/images/I/81vR6esmpBL.jpg,412008,voltage,2.0 volt
https://m.media-amazon.com/images/I/61hcLxq9GxS.jpg,412008,wattage,1.3 kilowatt
https://m.media-amazon.com/images/I/61e4Y06DmrL.jpg,412008,item_weight,22.6 pound
https://m.media-amazon.com/images/I/71dzc6g20ML.jpg,412008,wattage,15.0 watt
https://m.media-amazon.com/images/I/71vgACAwVuL.jpg,412008,wattage,15.0 watt
https://m.media-amazon.com/images/I/51bEKgqymWL.jpg,412008,item_weight,3.5 pound
https://m.media-amazon.com/images/I/71HWoat96bL.jpg,412008,item_weight,103.0 pound
https://m.media-amazon.com/images/I/61zfBev5+XL.jpg,412008,item_weight,4.2 pound
https://m.media-amazon.com/images/I/715bWpadHiL.jpg,412008,item_weight,6.0 pound
https://m.media-amazon.com/images/I/71HxwmxIuoL.jpg,412008,item_weight,5.1 pound
https://m.media-amazon.com/images/I/710Bq1C1yJL.jpg,412008,wattage,200.0 watt
https://m.media-amazon.com/images/I/71CLMMxhrdL.jpg,412008,wattage,2.2 kilowatt
https://m.media-amazon.com/images/I/51cw+IBqHyL.jpg,412008,wattage,7.033 kilowatt
https://m.media-amazon.com/images/I/717YdxEPOkL.jpg,412008,wattage,5.0 watt
https://m.media-amazon.com/images/I/71SkTfFfAbL.jpg,412008,wattage,2.0 watt
https://m.media-amazon.com/images/I/71O0c6PvURL.jpg,412008,wattage,4.0 watt
https://m.media-amazon.com/images/I/81c997ACwnL.jpg,412008,item_weight,7.0 pound
https://m.media-amazon.com/images/I/71bnMU0JeBL.jpg,412008,wattage,4.0 watt
https://m.media-amazon.com/images/I/51mpks-kzXL.jpg,412008,item_weight,2.5 kilogram
https://m.media-amazon.com/images/I/61jOxlogRdL.jpg,412008,voltage,"[220.0, 240.0] volt"
https://m.media-amazon.com/images/I/71FqW59EnIL.jpg,412008,wattage,5.6 kilowatt
https://m.media-amazon.com/images/I/61y2OUoE7vL.jpg,412008,item_weight,1.25 kilogram
https://m.media-amazon.com/images/I/61hGMxUZy5S.jpg,412008,item_weight,19.0 kilogram
https://m.media-amazon.com/images/I/71R+4Q99ocL.jpg,412008,wattage,2100.0 watt
https://m.media-amazon.com/images/I/71L81JXU9FL.jpg,412008,wattage,2100.0 watt
https://m.media-amazon.com/images/I/71iK7LIurrL.jpg,412008,item_weight,21.0 pound
https://m.media-amazon.com/images/I/61ScnrFYLfL.jpg,412008,item_weight,11.0 kilogram
https://m.media-amazon.com/images/I/614YKTiFXkL.jpg,412008,item_weight,10.0 gram
https://m.media-amazon.com/images/I/71lsUk8m-ZL.jpg,412008,wattage,4.0 watt
https://m.media-amazon.com/images/I/71EOwWjffUL.jpg,412008,wattage,4.0 watt
https://m.media-amazon.com/images/I/41uFgz3x9sL.jpg,412008,item_weight,40.0 kilogram
https://m.media-amazon.com/images/I/71AVcSs8FsL.jpg,412008,item_weight,16.91 pound
https://m.media-amazon.com/images/I/61Hz-xUMV4L.jpg,412008,wattage,4.0 watt
https://m.media-amazon.com/images/I/718O1gwQzNL.jpg,412008,voltage,220.0 volt
https://m.media-amazon.com/images/I/71Ae-EtWlXL.jpg,412008,voltage,220.0 volt
https://m.media-amazon.com/images/I/71DDd4DtQNL.jpg,412008,wattage,2.5 kilowatt
https://m.media-amazon.com/images/I/71PEZwlU1qL.jpg,412008,item_weight,20.0 pound
https://m.media-amazon.com/images/I/81Sc+VotTsL.jpg,412008,item_weight,20.0 pound
https://m.media-amazon.com/images/I/51Omt2ScDSL.jpg,412008,wattage,1.8 kilowatt
https://m.media-amazon.com/images/I/61nHdQheaqL.jpg,412008,item_weight,11.0 kilogram
https://m.media-amazon.com/images/I/71uvZ6gz9jL.jpg,412008,item_weight,13.88 pound
https://m.media-amazon.com/images/I/61M7bIQCVgL.jpg,412008,wattage,152.0 watt
https://m.media-amazon.com/images/I/711yBIvGngL.jpg,412008,item_weight,5.62 pound
https://m.media-amazon.com/images/I/71oaaWbdBGL.jpg,412008,wattage,50.0 watt
https://m.media-amazon.com/images/I/71lnRT+YF2L.jpg,412008,item_weight,2.0 kilogram
https://m.media-amazon.com/images/I/71iZqGOF3rL.jpg,412008,item_weight,2.0 kilogram
https://m.media-amazon.com/images/I/41I965Tie9L.jpg,412008,wattage,1800.0 watt
https://m.media-amazon.com/images/I/81POr3QYVZL.jpg,412008,wattage,2300.0 watt
https://m.media-amazon.com/images/I/612dz1w2cHL.jpg,412008,wattage,4.0 watt
https://m.media-amazon.com/images/I/916TSWtsReL.jpg,412008,item_weight,0.67 pound
https://m.media-amazon.com/images/I/51Pu3pk2BkL.jpg,412008,voltage,230.0 volt
https://m.media-amazon.com/images/I/81QE1AGVjnL.jpg,412008,item_weight,1550.0 milligram
https://m.media-amazon.com/images/I/81RFhTlbWbS.jpg,412008,wattage,2000.0 watt
https://m.media-amazon.com/images/I/51tWcyP6npL.jpg,412008,item_weight,77.0 pound
https://m.media-amazon.com/images/I/51Uco8w1AIL.jpg,412008,item_weight,10.0 pound
https://m.media-amazon.com/images/I/51twkHdEexL.jpg,412008,item_weight,1.6 kilogram
https://m.media-amazon.com/images/I/61LbevsvkrL.jpg,412008,item_weight,1.1 pound
https://m.media-amazon.com/images/I/51+6pbg5W7L.jpg,412008,wattage,2.4 kilowatt
https://m.media-amazon.com/images/I/71NsVmOCIIL.jpg,412008,wattage,40.0 watt
https://m.media-amazon.com/images/I/71C1hN5aaVL.jpg,412008,wattage,2.5 kilowatt
https://m.media-amazon.com/images/I/815Y0ruedgL.jpg,412008,item_weight,1.6 kilogram
https://m.media-amazon.com/images/I/61OvfEj6klL.jpg,412008,voltage,"[3.0, 12.0] volt"
https://m.media-amazon.com/images/I/611B6iHUAsL.jpg,412008,voltage,"[3.0, 12.0] volt"
https://m.media-amazon.com/images/I/51pLheHv54L.jpg,412008,width,75.0 centimetre
https://m.media-amazon.com/images/I/51KpaOuiAlL.jpg,412008,width,98.0 centimetre
https://m.media-amazon.com/images/I/51v3okmupUL.jpg,412008,width,102.0 centimetre
https://m.media-amazon.com/images/I/51v3okmupUL.jpg,412008,height,98.0 centimetre
https://m.media-amazon.com/images/I/61G858R1ZPL.jpg,412008,width,49.5 inch
https://m.media-amazon.com/images/I/612DqM1o2ML.jpg,412008,width,47.0 centimetre
https://m.media-amazon.com/images/I/51NY9rfIBaL.jpg,412008,width,41.0 inch
https://m.media-amazon.com/images/I/51eWM6WXBBL.jpg,412008,width,15.25 inch
https://m.media-amazon.com/images/I/612Rp9LCTzL.jpg,412008,width,100.0 centimetre
https://m.media-amazon.com/images/I/612Rp9LCTzL.jpg,412008,height,98.0 centimetre
https://m.media-amazon.com/images/I/51dA3dfMfGL.jpg,412008,width,17.5 centimetre
https://m.media-amazon.com/images/I/614XjZKQXUL.jpg,412008,width,74.4 inch
https://m.media-amazon.com/images/I/61-7KrLsgnL.jpg,412008,width,35.0 centimetre
https://m.media-amazon.com/images/I/51vh3Hscg+L.jpg,412008,width,115.0 centimetre
https://m.media-amazon.com/images/I/61-i8ifgWbL.jpg,412008,width,330.0 millimetre
https://m.media-amazon.com/images/I/51Ek0utXHTL.jpg,412008,width,61.5 centimetre
https://m.media-amazon.com/images/I/61GG-e1HzrL.jpg,412008,width,104.0 centimetre
https://m.media-amazon.com/images/I/51TmHVsF6FL.jpg,412008,width,44.4 centimetre
https://m.media-amazon.com/images/I/51So8rX3hlL.jpg,412008,width,32.5 centimetre
https://m.media-amazon.com/images/I/61B-KVePUYL.jpg,412008,width,66.14 inch
https://m.media-amazon.com/images/I/61DvL1VBHTL.jpg,412008,width,45.0 centimetre
https://m.media-amazon.com/images/I/51mlbYv1MzL.jpg,412008,width,17.75 inch
https://m.media-amazon.com/images/I/61FSu6SUJxL.jpg,412008,width,49.0 centimetre
https://m.media-amazon.com/images/I/51D5+CUeYpS.jpg,412008,width,54.0 inch
https://m.media-amazon.com/images/I/51D5+CUeYpS.jpg,412008,height,46.0 inch
https://m.media-amazon.com/images/I/41idqLS-fwL.jpg,412008,width,16.5 inch
https://m.media-amazon.com/images/I/51IcUrzQe+L.jpg,412008,width,1120.0 millimetre
https://m.media-amazon.com/images/I/51sL1D9oghL.jpg,412008,width,55.0 centimetre
https://m.media-amazon.com/images/I/51sL1D9oghL.jpg,412008,height,96.5 centimetre
https://m.media-amazon.com/images/I/617SoOUdbjL.jpg,412008,width,95.0 centimetre
https://m.media-amazon.com/images/I/61+E8YoJN0S.jpg,412008,width,300.0 millimetre
https://m.media-amazon.com/images/I/61EPSo9neuL.jpg,412008,width,143.0 centimetre
https://m.media-amazon.com/images/I/51svFV0U-lL.jpg,412008,width,28.7 inch
https://m.media-amazon.com/images/I/51HbARS7caL.jpg,412008,width,55.0 centimetre
https://m.media-amazon.com/images/I/51xl5Rx4mRL.jpg,412008,width,17.0 inch
https://m.media-amazon.com/images/I/51e1eCsPRUL.jpg,412008,width,84.0 centimetre
https://m.media-amazon.com/images/I/61BZX7cmGJL.jpg,412008,width,25.6 inch
https://m.media-amazon.com/images/I/41DfDqNcOIS.jpg,412008,width,207.0 centimetre
https://m.media-amazon.com/images/I/41DfDqNcOIS.jpg,412008,height,81.0 centimetre
https://m.media-amazon.com/images/I/51kbXrXqO5L.jpg,412008,height,103.0 centimetre
https://m.media-amazon.com/images/I/61GGNdqLuFL.jpg,412008,height,28.0 centimetre
https://m.media-amazon.com/images/I/51i9O6gawvL.jpg,412008,height,94.0 centimetre
https://m.media-amazon.com/images/I/51s0QC6SO9L.jpg,412008,height,9.3 inch
https://m.media-amazon.com/images/I/51cNEu2NpRL.jpg,412008,height,5.12 inch
https://m.media-amazon.com/images/I/51xuCa8veSL.jpg,412008,height,6.5 inch
https://m.media-amazon.com/images/I/51db+46XGaL.jpg,412008,height,24.0 centimetre
https://m.media-amazon.com/images/I/51jNm+EsD7L.jpg,412008,height,29.5 inch
https://m.media-amazon.com/images/I/61AAndyvs8L.jpg,412008,height,85.0 millimetre
https://m.media-amazon.com/images/I/61+4GZ4d27L.jpg,412008,height,11.0 centimetre
https://m.media-amazon.com/images/I/614ApEEjgzS.jpg,412008,height,9.0 inch
https://m.media-amazon.com/images/I/519k3Ampf7L.jpg,412008,height,34.5 centimetre
https://m.media-amazon.com/images/I/51yDYAQVAXL.jpg,412008,height,91.0 centimetre
https://m.media-amazon.com/images/I/51XY2nnkbTL.jpg,412008,height,5.25 inch
https://m.media-amazon.com/images/I/51IaoyFYv1S.jpg,412008,height,40.0 centimetre
https://m.media-amazon.com/images/I/51ZKYMyjNcL.jpg,412008,height,18.1 inch
https://m.media-amazon.com/images/I/51Khn3m-E9L.jpg,412008,height,17.5 centimetre
https://m.media-amazon.com/images/I/51xVq8l1G8L.jpg,412008,height,12.7 centimetre
https://m.media-amazon.com/images/I/51EeKhPC29L.jpg,412008,height,97.0 centimetre
https://m.media-amazon.com/images/I/61BtzSYTnqL.jpg,412008,height,100.0 centimetre
https://m.media-amazon.com/images/I/41k4aZiz+oL.jpg,412008,height,9.2 inch
https://m.media-amazon.com/images/I/41GnFydPRuL.jpg,412008,height,21.0 centimetre
https://m.media-amazon.com/images/I/51KObjy98fL.jpg,412008,height,18.0 centimetre
https://m.media-amazon.com/images/I/51MRyDQl4aL.jpg,412008,height,27.0 centimetre
https://m.media-amazon.com/images/I/614OyWE2nqL.jpg,412008,height,8.5 centimetre
https://m.media-amazon.com/images/I/51-Q4SZm4eL.jpg,412008,height,35.5 centimetre
https://m.media-amazon.com/images/I/617KHIxGaUL.jpg,412008,height,200.0 centimetre
https://m.media-amazon.com/images/I/51isNGKVL+S.jpg,412008,height,35.5 inch
https://m.media-amazon.com/images/I/61FPBxSi4hL.jpg,412008,height,33.0 centimetre
https://m.media-amazon.com/images/I/51NT6j9hCEL.jpg,412008,height,780.0 millimetre
https://m.media-amazon.com/images/I/61DqUFgYCgL.jpg,412008,height,89.0 centimetre
https://m.media-amazon.com/images/I/61+spQqPlgL.jpg,412008,height,8.5 centimetre
https://m.media-amazon.com/images/I/51NQXDgt+bL.jpg,412008,height,17.5 centimetre
https://m.media-amazon.com/images/I/514K7tcU+9L.jpg,412008,height,140.0 centimetre
