image_link,group_id,entity_name,entity_value
https://m.media-amazon.com/images/I/51XbmoIxywL.jpg,149708,width,22.0 centimetre
https://m.media-amazon.com/images/I/61Fj0vT505L.jpg,149708,width,20.0 centimetre
https://m.media-amazon.com/images/I/51sZnBCIYcL.jpg,149708,width,4.2 inch
https://m.media-amazon.com/images/I/51QORgLQ0bS.jpg,149708,width,35.0 centimetre
https://m.media-amazon.com/images/I/51IzhfsQUfL.jpg,149708,width,17.0 centimetre
https://m.media-amazon.com/images/I/414y-S2PxVL.jpg,149708,width,1.44 inch
https://m.media-amazon.com/images/I/61FZ-ehaBqL.jpg,149708,width,35.0 centimetre
https://m.media-amazon.com/images/I/51A1NYd7AKL.jpg,149708,width,35.0 centimetre
https://m.media-amazon.com/images/I/514RCo5Jf0L.jpg,149708,width,12.0 centimetre
https://m.media-amazon.com/images/I/612+GZ1ZM4S.jpg,149708,width,40.0 centimetre
https://m.media-amazon.com/images/I/612mTe183EL.jpg,149708,width,12.0 inch
https://m.media-amazon.com/images/I/612mTe183EL.jpg,149708,height,52.0 inch
https://m.media-amazon.com/images/I/618CS5R036S.jpg,149708,width,35.0 centimetre
https://m.media-amazon.com/images/I/51ixsCs6j-L.jpg,149708,width,42.0 centimetre
https://m.media-amazon.com/images/I/51BKFl-IzYL.jpg,149708,width,16.0 inch
https://m.media-amazon.com/images/I/51EYIOPCMGL.jpg,149708,width,7.6 centimetre
https://m.media-amazon.com/images/I/41cz8Z3mMzL.jpg,149708,width,2.55 inch
https://m.media-amazon.com/images/I/51yNkyrTwML.jpg,149708,width,6.38 inch
https://m.media-amazon.com/images/I/51g93fAFwML.jpg,149708,width,5.9 inch
https://m.media-amazon.com/images/I/61ETTwVCVqL.jpg,149708,width,10.6 inch
https://m.media-amazon.com/images/I/615iGyxw0WL.jpg,149708,width,70.0 millimetre
https://m.media-amazon.com/images/I/619kNieIPIL.jpg,149708,width,34.0 centimetre
https://m.media-amazon.com/images/I/61BMKsIG3CL.jpg,149708,width,7.6 centimetre
https://m.media-amazon.com/images/I/51GYKhqa38L.jpg,149708,width,36.0 centimetre
https://m.media-amazon.com/images/I/514ICC5p8LL.jpg,149708,width,32.0 centimetre
https://m.media-amazon.com/images/I/51+X98LomiL.jpg,149708,width,12.0 centimetre
https://m.media-amazon.com/images/I/51SvCFpAOcL.jpg,149708,width,36.0 centimetre
https://m.media-amazon.com/images/I/51Tc9UxPqnL.jpg,149708,width,20.0 centimetre
https://m.media-amazon.com/images/I/610tApw6FCS.jpg,149708,width,35.0 centimetre
https://m.media-amazon.com/images/I/51yaZDos7uL.jpg,149708,width,28.0 centimetre
https://m.media-amazon.com/images/I/41q1smuCZML.jpg,149708,width,18.8 inch
https://m.media-amazon.com/images/I/51pLe+sCctS.jpg,149708,width,40.5 centimetre
https://m.media-amazon.com/images/I/618wleon7oL.jpg,149708,width,27.5 centimetre
https://m.media-amazon.com/images/I/616TzHuW6rL.jpg,149708,width,3.0 inch
https://m.media-amazon.com/images/I/41zayfxM8+L.jpg,149708,width,26.0 centimetre
https://m.media-amazon.com/images/I/51oTHiOjHRL.jpg,149708,width,8.0 inch
https://m.media-amazon.com/images/I/61+54mbkchL.jpg,149708,width,30.0 centimetre
https://m.media-amazon.com/images/I/61+54mbkchL.jpg,149708,height,38.0 centimetre
https://m.media-amazon.com/images/I/41XS9RZEa+L.jpg,149708,width,4.52 inch
https://m.media-amazon.com/images/I/511DQLsmWFL.jpg,149708,width,5.5 centimetre
https://m.media-amazon.com/images/I/51UfHz86h-L.jpg,149708,width,20.0 centimetre
https://m.media-amazon.com/images/I/51UfHz86h-L.jpg,149708,height,35.0 centimetre
https://m.media-amazon.com/images/I/518OH9OVlAL.jpg,149708,width,3.0 centimetre
https://m.media-amazon.com/images/I/51nF5gHLdQL.jpg,149708,width,35.0 centimetre
https://m.media-amazon.com/images/I/61DgbxjcZEL.jpg,149708,width,2.2 inch
https://m.media-amazon.com/images/I/41YrdUGtZ6L.jpg,149708,width,4.0 centimetre
https://m.media-amazon.com/images/I/41nhpLmBnAL.jpg,149708,width,18.0 centimetre
https://m.media-amazon.com/images/I/61BF9WSSp8L.jpg,149708,width,25.0 centimetre
https://m.media-amazon.com/images/I/51UnsmrhiUL.jpg,149708,width,35.0 centimetre
https://m.media-amazon.com/images/I/5190m1xy5YS.jpg,149708,width,12.0 inch
https://m.media-amazon.com/images/I/51GNkWMAnJL.jpg,149708,width,8.0 centimetre
https://m.media-amazon.com/images/I/51VSB-tp9nL.jpg,149708,width,36.5 centimetre
https://m.media-amazon.com/images/I/51FSRJLK6nL.jpg,149708,width,42.0 centimetre
https://m.media-amazon.com/images/I/51CSnjeOIAL.jpg,149708,width,24.0 centimetre
https://m.media-amazon.com/images/I/41OaH1vwvLL.jpg,149708,width,13.0 centimetre
https://m.media-amazon.com/images/I/616pPhZCVXL.jpg,149708,width,31.0 centimetre
https://m.media-amazon.com/images/I/51tj3k8OQPL.jpg,149708,width,14.0 centimetre
https://m.media-amazon.com/images/I/619bF4tpdqL.jpg,149708,width,33.0 centimetre
https://m.media-amazon.com/images/I/618GNWiQw-L.jpg,149708,width,34.0 centimetre
https://m.media-amazon.com/images/I/61FPLBIN5-L.jpg,149708,width,13.0 inch
https://m.media-amazon.com/images/I/51oMTjEFnfL.jpg,149708,width,17.0 centimetre
https://m.media-amazon.com/images/I/51oMTjEFnfL.jpg,149708,height,85.0 centimetre
https://m.media-amazon.com/images/I/51UyWbwtMQL.jpg,149708,width,30.0 centimetre
https://m.media-amazon.com/images/I/61-VyJe8BBS.jpg,149708,width,30.0 centimetre
https://m.media-amazon.com/images/I/6194rG8wKXL.jpg,149708,width,7.8 inch
https://m.media-amazon.com/images/I/51AeFcEPgQL.jpg,149708,width,23.0 centimetre
https://m.media-amazon.com/images/I/51AeFcEPgQL.jpg,149708,height,50.0 centimetre
https://m.media-amazon.com/images/I/619eNN0LR-L.jpg,149708,width,50.0 centimetre
https://m.media-amazon.com/images/I/51T9+eb7-GL.jpg,149708,width,27.0 centimetre
https://m.media-amazon.com/images/I/613qxFJodjL.jpg,149708,width,32.0 centimetre
https://m.media-amazon.com/images/I/61E-N0Ims5L.jpg,149708,width,15.0 centimetre
https://m.media-amazon.com/images/I/51Dz3HhpVXS.jpg,149708,width,24.5 centimetre
https://m.media-amazon.com/images/I/61+nofGU5ML.jpg,149708,width,35.0 centimetre
https://m.media-amazon.com/images/I/61GEnh85VdL.jpg,149708,width,21.0 centimetre
https://m.media-amazon.com/images/I/616aU+4akIL.jpg,149708,width,24.0 inch
https://m.media-amazon.com/images/I/51R3hF68PTL.jpg,149708,width,8.6 centimetre
https://m.media-amazon.com/images/I/51R3hF68PTL.jpg,149708,height,2.4 metre
https://m.media-amazon.com/images/I/51MvmXnF88L.jpg,149708,width,6.0 centimetre
https://m.media-amazon.com/images/I/51pfOK0TMFL.jpg,149708,width,32.0 centimetre
https://m.media-amazon.com/images/I/51KqC0Fyq-L.jpg,149708,width,35.0 centimetre
https://m.media-amazon.com/images/I/611A9zDPW9L.jpg,149708,width,40.0 centimetre
https://m.media-amazon.com/images/I/510WNmtHIlL.jpg,149708,width,57.0 centimetre
https://m.media-amazon.com/images/I/61GDDA8AxeL.jpg,149708,width,45.0 centimetre
https://m.media-amazon.com/images/I/61GDDA8AxeL.jpg,149708,height,70.0 centimetre
https://m.media-amazon.com/images/I/51B12xKMWyL.jpg,149708,width,8.99 inch
https://m.media-amazon.com/images/I/612uZRIww3L.jpg,149708,width,50.0 centimetre
https://m.media-amazon.com/images/I/51hdRRIybSL.jpg,149708,width,2.4 inch
https://m.media-amazon.com/images/I/414EtJoQjQL.jpg,149708,width,22.0 centimetre
https://m.media-amazon.com/images/I/511zHnsXiPL.jpg,149708,width,12.99 inch
https://m.media-amazon.com/images/I/51hBk6padGS.jpg,149708,width,24.0 centimetre
https://m.media-amazon.com/images/I/51hBk6padGS.jpg,149708,height,25.0 centimetre
https://m.media-amazon.com/images/I/41hWSznj9YS.jpg,149708,width,11.0 inch
https://m.media-amazon.com/images/I/51LadpoEK4L.jpg,149708,width,4.0 inch
https://m.media-amazon.com/images/I/51M6HMirjoS.jpg,149708,width,14.17 inch
https://m.media-amazon.com/images/I/51k97lyNWWS.jpg,149708,width,35.0 centimetre
https://m.media-amazon.com/images/I/51Oz9hi5LkL.jpg,149708,width,30.0 centimetre
https://m.media-amazon.com/images/I/51Oz9hi5LkL.jpg,149708,height,100.0 centimetre
https://m.media-amazon.com/images/I/61ARSRYCCxL.jpg,149708,width,9.5 centimetre
https://m.media-amazon.com/images/I/61Dg-cwiUqL.jpg,149708,width,7.5 inch
https://m.media-amazon.com/images/I/51tHnJGOISL.jpg,149708,width,32.0 centimetre
https://m.media-amazon.com/images/I/51M5xhfBhLL.jpg,149708,width,76.19 centimetre
https://m.media-amazon.com/images/I/41SgcEcpFML.jpg,149708,width,9.2 inch
https://m.media-amazon.com/images/I/51LtSV6-evS.jpg,149708,width,9.8 inch
https://m.media-amazon.com/images/I/41Ii24wdpnL.jpg,149708,width,29.0 centimetre
https://m.media-amazon.com/images/I/518Mm168SLL.jpg,149708,width,28.0 centimetre
https://m.media-amazon.com/images/I/51lwRbPzXhS.jpg,149708,width,20.0 centimetre
https://m.media-amazon.com/images/I/51lwRbPzXhS.jpg,149708,height,70.0 centimetre
https://m.media-amazon.com/images/I/416iyULaDtL.jpg,149708,width,53.0 centimetre
https://m.media-amazon.com/images/I/61DOKOr4cZL.jpg,149708,width,25.0 centimetre
https://m.media-amazon.com/images/I/41fyvq4WxaL.jpg,149708,width,18.0 centimetre
https://m.media-amazon.com/images/I/41QvQYQEvfL.jpg,149708,width,24.6 centimetre
https://m.media-amazon.com/images/I/51N5L8z9dWL.jpg,149708,width,8.0 inch
https://m.media-amazon.com/images/I/51Ma-hpfiUL.jpg,149708,width,35.0 centimetre
https://m.media-amazon.com/images/I/41k3+sdCZiL.jpg,149708,width,12.0 centimetre
https://m.media-amazon.com/images/I/41ATZ0aL6WL.jpg,149708,width,40.0 centimetre
https://m.media-amazon.com/images/I/510A0EuCfbL.jpg,149708,width,32.0 centimetre
https://m.media-amazon.com/images/I/51o7ugkD9LL.jpg,149708,width,36.0 centimetre
https://m.media-amazon.com/images/I/51lXpnESSVL.jpg,149708,width,26.0 centimetre
https://m.media-amazon.com/images/I/51WtFgJbF5L.jpg,149708,width,16.0 centimetre
https://m.media-amazon.com/images/I/61Egg+N+pfL.jpg,149708,width,34.0 centimetre
https://m.media-amazon.com/images/I/51KffhDrb3S.jpg,149708,width,4.91 inch
https://m.media-amazon.com/images/I/51KffhDrb3S.jpg,149708,height,70.0 centimetre
https://m.media-amazon.com/images/I/514xClIV6+L.jpg,149708,width,9.43 inch
https://m.media-amazon.com/images/I/51vOfKtZJuL.jpg,149708,width,18.0 centimetre
https://m.media-amazon.com/images/I/512jROAkZJL.jpg,149708,width,35.0 centimetre
https://m.media-amazon.com/images/I/516Z8Qg8VjL.jpg,149708,width,8.33 inch
https://m.media-amazon.com/images/I/516Z8Qg8VjL.jpg,149708,height,22.88 inch
https://m.media-amazon.com/images/I/51ZKuRwbjuL.jpg,149708,width,42.0 centimetre
https://m.media-amazon.com/images/I/61EEB3DuNyL.jpg,149708,width,32.0 centimetre
https://m.media-amazon.com/images/I/51N3giL2NqL.jpg,149708,width,35.0 centimetre
https://m.media-amazon.com/images/I/41-JU5EY9xL.jpg,149708,width,17.0 centimetre
https://m.media-amazon.com/images/I/51qbPK-xDNS.jpg,149708,width,30.0 centimetre
https://m.media-amazon.com/images/I/61BhrI3jDGL.jpg,149708,width,7.0 inch
https://m.media-amazon.com/images/I/51RDSJdd4dL.jpg,149708,width,2.0 inch
https://m.media-amazon.com/images/I/41oSFEpo+WL.jpg,149708,width,10.0 inch
https://m.media-amazon.com/images/I/61FhvlZUCIL.jpg,149708,width,10.6 inch
https://m.media-amazon.com/images/I/51iy2UKm+QL.jpg,149708,width,24.0 centimetre
https://m.media-amazon.com/images/I/51aEaom1kgL.jpg,149708,width,2.7 inch
https://m.media-amazon.com/images/I/41gZFUQnvuS.jpg,149708,width,6.9 centimetre
https://m.media-amazon.com/images/I/51ulLtSx83L.jpg,149708,width,25.0 centimetre
https://m.media-amazon.com/images/I/6107cGqUHbL.jpg,149708,width,5.0 inch
https://m.media-amazon.com/images/I/51i+yJGY13L.jpg,149708,width,35.0 centimetre
https://m.media-amazon.com/images/I/61ECD5+-iPL.jpg,149708,width,30.0 centimetre
https://m.media-amazon.com/images/I/615-1h47HiL.jpg,149708,width,4.0 inch
https://m.media-amazon.com/images/I/615-1h47HiL.jpg,149708,height,4.0 inch
https://m.media-amazon.com/images/I/617nUpW-DoL.jpg,149708,width,5.0 centimetre
https://m.media-amazon.com/images/I/51ZTd7h73UL.jpg,149708,width,2.0 inch
https://m.media-amazon.com/images/I/616T6y8C8EL.jpg,149708,width,10.75 inch
https://m.media-amazon.com/images/I/41vRfrSpy9L.jpg,149708,width,53.0 centimetre
https://m.media-amazon.com/images/I/51lytBqyLUL.jpg,149708,width,66.0 centimetre
https://m.media-amazon.com/images/I/51lytBqyLUL.jpg,149708,height,248.0 centimetre
https://m.media-amazon.com/images/I/51J0PE56D8L.jpg,149708,width,17.0 centimetre
https://m.media-amazon.com/images/I/51J0PE56D8L.jpg,149708,height,36.0 centimetre
https://m.media-amazon.com/images/I/61-ZpMslVpL.jpg,149708,width,36.0 centimetre
https://m.media-amazon.com/images/I/51w1xUifTaL.jpg,149708,width,24.0 centimetre
https://m.media-amazon.com/images/I/61+XDdrDM8L.jpg,149708,width,2.0 inch
https://m.media-amazon.com/images/I/51gTjRERexL.jpg,149708,width,35.0 centimetre
https://m.media-amazon.com/images/I/51qFHbYUsHL.jpg,149708,width,28.0 centimetre
https://m.media-amazon.com/images/I/51oFWL3PSbL.jpg,149708,width,35.0 centimetre
https://m.media-amazon.com/images/I/41G4f6-JawL.jpg,149708,width,7.1 inch
https://m.media-amazon.com/images/I/51SzqgKy-EL.jpg,149708,width,35.0 centimetre
https://m.media-amazon.com/images/I/41zburf-8hL.jpg,149708,width,24.5 centimetre
https://m.media-amazon.com/images/I/51twZSjjyKL.jpg,149708,width,7.8 inch
https://m.media-amazon.com/images/I/51twZSjjyKL.jpg,149708,height,10.6 inch
https://m.media-amazon.com/images/I/61G6Dk770OS.jpg,149708,width,8.0 inch
https://m.media-amazon.com/images/I/61G6Dk770OS.jpg,149708,height,50.0 centimetre
https://m.media-amazon.com/images/I/51MpgZMuh7L.jpg,149708,width,18.0 centimetre
https://m.media-amazon.com/images/I/51kpHfJwRuL.jpg,149708,width,30.0 centimetre
https://m.media-amazon.com/images/I/51PGjSNkNOL.jpg,149708,width,20.0 centimetre
https://m.media-amazon.com/images/I/51+LtnkaygL.jpg,149708,width,35.0 centimetre
https://m.media-amazon.com/images/I/51pp58mLmKL.jpg,149708,width,17.0 centimetre
https://m.media-amazon.com/images/I/51pp58mLmKL.jpg,149708,height,85.0 centimetre
https://m.media-amazon.com/images/I/610eY03sDpS.jpg,149708,width,6.0 inch
https://m.media-amazon.com/images/I/51SwC15M9VL.jpg,149708,width,36.0 centimetre
https://m.media-amazon.com/images/I/51SjpdtyReL.jpg,149708,height,43.0 centimetre
https://m.media-amazon.com/images/I/612oFdSBPPL.jpg,149708,height,80.0 centimetre
https://m.media-amazon.com/images/I/51DvE2Jl06L.jpg,149708,height,50.0 centimetre
https://m.media-amazon.com/images/I/5184aIbZngL.jpg,149708,height,85.0 centimetre
https://m.media-amazon.com/images/I/51rSnWHCRBS.jpg,149708,height,28.0 centimetre
https://m.media-amazon.com/images/I/51R+fhcdaFL.jpg,149708,height,145.0 centimetre
https://m.media-amazon.com/images/I/61ALHnEqbEL.jpg,149708,height,90.0 centimetre
https://m.media-amazon.com/images/I/51tTW2j1I+L.jpg,149708,height,50.0 centimetre
https://m.media-amazon.com/images/I/418basH9EJL.jpg,149708,height,19.68 inch
https://m.media-amazon.com/images/I/51LoNrKIv7L.jpg,149708,height,70.0 centimetre
https://m.media-amazon.com/images/I/41ShA4YSq+L.jpg,149708,height,15.35 inch
https://m.media-amazon.com/images/I/61BuxFxuRzL.jpg,149708,height,3666.5 millimetre
https://m.media-amazon.com/images/I/613lm6M8viL.jpg,149708,height,102.0 centimetre
https://m.media-amazon.com/images/I/517u3YPPlYL.jpg,149708,height,80.0 centimetre
https://m.media-amazon.com/images/I/51b-gccVJjS.jpg,149708,height,50.0 centimetre
https://m.media-amazon.com/images/I/51G6w3wDPnL.jpg,149708,height,50.0 centimetre
https://m.media-amazon.com/images/I/41eXJGoTwFL.jpg,149708,height,10.81 inch
https://m.media-amazon.com/images/I/514yzmJT1bL.jpg,149708,height,5.8 centimetre
https://m.media-amazon.com/images/I/51+WkSOL2NL.jpg,149708,height,50.0 centimetre
https://m.media-amazon.com/images/I/511t7sw95IL.jpg,149708,height,11.0 centimetre
https://m.media-amazon.com/images/I/51UkWBX6pCL.jpg,149708,height,100.0 centimetre
https://m.media-amazon.com/images/I/61F5qvwiP9L.jpg,149708,height,50.0 centimetre
https://m.media-amazon.com/images/I/51+jvfHtLAL.jpg,149708,height,50.0 centimetre
https://m.media-amazon.com/images/I/51s6FCEhpbL.jpg,149708,height,90.0 centimetre
https://m.media-amazon.com/images/I/5168u9gS8mL.jpg,149708,height,73.0 centimetre
https://m.media-amazon.com/images/I/616-4zdms0S.jpg,149708,height,26.0 inch
https://m.media-amazon.com/images/I/512VQGq94cL.jpg,149708,height,24.0 centimetre
https://m.media-amazon.com/images/I/51qAlb7UiFL.jpg,149708,height,15.0 centimetre
https://m.media-amazon.com/images/I/61E8tC7zIKL.jpg,149708,height,180.0 centimetre
https://m.media-amazon.com/images/I/51I8skUFtnL.jpg,149708,height,65.0 centimetre
https://m.media-amazon.com/images/I/617XX6gVhfL.jpg,149708,height,3.0 foot
https://m.media-amazon.com/images/I/51+bXSLgseL.jpg,149708,height,110.0 centimetre
https://m.media-amazon.com/images/I/61AuWtKfuAL.jpg,149708,height,11.41 inch
https://m.media-amazon.com/images/I/51cSd1DTEDL.jpg,149708,height,16.0 inch
https://m.media-amazon.com/images/I/41Ezh61EKnL.jpg,149708,height,47.2 inch
https://m.media-amazon.com/images/I/51s-eA0W0PL.jpg,149708,height,17.7 inch
https://m.media-amazon.com/images/I/61FCZJcrIKL.jpg,149708,height,50.0 centimetre
https://m.media-amazon.com/images/I/51II81bTsrL.jpg,149708,height,39.33 inch
https://m.media-amazon.com/images/I/51V4NSbLGDL.jpg,149708,height,50.0 centimetre
https://m.media-amazon.com/images/I/613V0J6wc6S.jpg,149708,height,75.0 centimetre
https://m.media-amazon.com/images/I/612hWsV2VqL.jpg,149708,height,24.0 centimetre
https://m.media-amazon.com/images/I/51wTWTxp64L.jpg,149708,height,14.0 centimetre
https://m.media-amazon.com/images/I/6184l0zs-+L.jpg,149708,height,50.0 centimetre
https://m.media-amazon.com/images/I/515qxZNutpL.jpg,149708,height,55.0 centimetre
https://m.media-amazon.com/images/I/51Uy-45PFzL.jpg,149708,height,20.47 inch
https://m.media-amazon.com/images/I/41TozS3IN3S.jpg,149708,height,50.0 centimetre
https://m.media-amazon.com/images/I/51G9M0E6POL.jpg,149708,height,28.0 centimetre
https://m.media-amazon.com/images/I/617LqCsRYTL.jpg,149708,height,34.0 centimetre
https://m.media-amazon.com/images/I/518GhVh8+jS.jpg,149708,height,12.0 inch
https://m.media-amazon.com/images/I/616p4dUsweL.jpg,149708,height,15.0 inch
https://m.media-amazon.com/images/I/51WPRMyivHL.jpg,149708,height,200.0 centimetre
https://m.media-amazon.com/images/I/51H5CFsvZ-L.jpg,149708,height,60.0 centimetre
https://m.media-amazon.com/images/I/41RYiu3E8IL.jpg,149708,height,24.7 centimetre
https://m.media-amazon.com/images/I/41dQRwzvz7L.jpg,149708,height,13.0 centimetre
https://m.media-amazon.com/images/I/61GFfD7wQfL.jpg,149708,height,42.0 inch
https://m.media-amazon.com/images/I/616T5Cg+CRL.jpg,149708,height,50.0 centimetre
https://m.media-amazon.com/images/I/51FijpqH-TL.jpg,149708,height,6.3 inch
https://m.media-amazon.com/images/I/51qFFYOSYgL.jpg,149708,height,11.0 inch
https://m.media-amazon.com/images/I/61GERG7MZYL.jpg,149708,height,11.4 inch
https://m.media-amazon.com/images/I/51nkOsNuoNL.jpg,149708,height,65.0 centimetre
https://m.media-amazon.com/images/I/51D-cGuxpLL.jpg,149708,height,29.9 inch
https://m.media-amazon.com/images/I/51ZkFPWU7kL.jpg,149708,height,23.6 inch
https://m.media-amazon.com/images/I/4189pHFmGcL.jpg,149708,height,36.0 centimetre
https://m.media-amazon.com/images/I/51UG4OMldTL.jpg,149708,height,156.0 centimetre
https://m.media-amazon.com/images/I/41nLq5qzCmL.jpg,149708,height,25.98 inch
https://m.media-amazon.com/images/I/51NKKlGCJlL.jpg,149708,height,68.0 centimetre
https://m.media-amazon.com/images/I/418JeUdgk3L.jpg,149708,height,35.4 inch
https://m.media-amazon.com/images/I/51x8o3Dvk0L.jpg,149708,height,50.0 centimetre
https://m.media-amazon.com/images/I/51ftEh4M6WS.jpg,149708,height,50.0 centimetre
https://m.media-amazon.com/images/I/51m0IhHpFBL.jpg,149708,height,35.5 centimetre
https://m.media-amazon.com/images/I/41uSoisGXgL.jpg,149708,height,130.0 centimetre
https://m.media-amazon.com/images/I/51ymp1xveXL.jpg,149708,height,25.0 centimetre
https://m.media-amazon.com/images/I/51Iv05vk-UL.jpg,149708,height,72.0 centimetre
https://m.media-amazon.com/images/I/619U6TTs9JL.jpg,149708,height,18.89 inch
https://m.media-amazon.com/images/I/513YjTukPAL.jpg,149708,height,40.0 centimetre
https://m.media-amazon.com/images/I/516JcJl+FyS.jpg,149708,height,50.0 centimetre
https://m.media-amazon.com/images/I/51CKs8GPVHL.jpg,149708,height,51.0 centimetre
https://m.media-amazon.com/images/I/612xsRVSNQL.jpg,149708,height,174.0 centimetre
https://m.media-amazon.com/images/I/510JgOO6VoL.jpg,149708,height,50.0 centimetre
https://m.media-amazon.com/images/I/614umDjCLML.jpg,149708,height,6.0 inch
https://m.media-amazon.com/images/I/51k10TL6juL.jpg,149708,height,130.0 centimetre
https://m.media-amazon.com/images/I/51EnvZARQJL.jpg,149708,height,7.86 inch
https://m.media-amazon.com/images/I/51W-nCFbl1L.jpg,149708,height,25.0 centimetre
https://m.media-amazon.com/images/I/610I7HEwP0L.jpg,149708,height,15.0 centimetre
https://m.media-amazon.com/images/I/6156gC7xZyL.jpg,149708,height,50.0 centimetre
https://m.media-amazon.com/images/I/51XUs9POASL.jpg,149708,height,50.0 centimetre
https://m.media-amazon.com/images/I/619xGFvtg-L.jpg,149708,height,18.0 inch
https://m.media-amazon.com/images/I/616YOIZIDdL.jpg,149708,height,32.5 centimetre
https://m.media-amazon.com/images/I/51IHzwRUK7L.jpg,149708,height,49.5 centimetre
https://m.media-amazon.com/images/I/51fzr1-RITL.jpg,149708,height,20.4 inch
https://m.media-amazon.com/images/I/51-nfBYlp0L.jpg,149708,height,6.0 inch
https://m.media-amazon.com/images/I/51fZUPsJZmL.jpg,149708,height,189.0 centimetre
https://m.media-amazon.com/images/I/514xFS1nF9L.jpg,149708,height,18.9 inch
https://m.media-amazon.com/images/I/51RL+gn-I1S.jpg,149708,height,28.0 centimetre
https://m.media-amazon.com/images/I/517X4bGgG5L.jpg,149708,height,50.0 centimetre
https://m.media-amazon.com/images/I/51LkG8BQXyL.jpg,149708,height,35.4 inch
https://m.media-amazon.com/images/I/41CjTyA7nqL.jpg,149708,height,42.9 inch
https://m.media-amazon.com/images/I/51sj2OCMqtL.jpg,149708,height,245.0 centimetre
https://m.media-amazon.com/images/I/51iBmZjgptL.jpg,149708,height,11.0 inch
https://m.media-amazon.com/images/I/51x4VXJWKRL.jpg,149708,height,28.5 centimetre
https://m.media-amazon.com/images/I/51lha2KQGiL.jpg,149708,height,6.2 centimetre
https://m.media-amazon.com/images/I/51+YzPHQIHS.jpg,149708,height,5.5 inch
https://m.media-amazon.com/images/I/511uaJ4QFpL.jpg,149708,height,135.0 centimetre
https://m.media-amazon.com/images/I/615UhXYLQ8L.jpg,149708,height,62.0 centimetre
https://m.media-amazon.com/images/I/512qMhuC7OL.jpg,149708,height,130.0 centimetre
https://m.media-amazon.com/images/I/51LXfT1MlJL.jpg,149708,height,120.0 centimetre
https://m.media-amazon.com/images/I/51REr1pjS-L.jpg,149708,height,50.0 centimetre
https://m.media-amazon.com/images/I/51ZWtGTlgsL.jpg,149708,height,12.6 centimetre
https://m.media-amazon.com/images/I/51i8vx2rhXL.jpg,149708,height,20.0 centimetre
https://m.media-amazon.com/images/I/51xgIm5OPQL.jpg,149708,height,66.0 centimetre
https://m.media-amazon.com/images/I/415yqiozXBL.jpg,149708,height,2.75 inch
https://m.media-amazon.com/images/I/51sSZl0QB+L.jpg,149708,height,54.0 centimetre
https://m.media-amazon.com/images/I/51Txl+vkmAL.jpg,149708,height,15.35 inch
https://m.media-amazon.com/images/I/51mJgLiymDL.jpg,149708,height,52.0 centimetre
https://m.media-amazon.com/images/I/51cuhnmIt9L.jpg,149708,height,130.0 centimetre
https://m.media-amazon.com/images/I/51sy9Vshx-L.jpg,149708,height,51.5 centimetre
https://m.media-amazon.com/images/I/51a6rMcHh+L.jpg,149708,height,27.0 inch
https://m.media-amazon.com/images/I/41OLn2Hm1SL.jpg,149708,height,105.0 centimetre
https://m.media-amazon.com/images/I/51l3JGZYXWL.jpg,149708,height,22.8 inch
https://m.media-amazon.com/images/I/41ERLsqZUdL.jpg,149708,height,80.0 centimetre
https://m.media-amazon.com/images/I/6140wJHcmYS.jpg,149708,height,51.0 centimetre
https://m.media-amazon.com/images/I/41KWicLcAyL.jpg,149708,height,13.0 centimetre
https://m.media-amazon.com/images/I/41TEl5j4fsL.jpg,149708,height,130.0 centimetre
https://m.media-amazon.com/images/I/51vD40cT7BL.jpg,149708,height,85.0 centimetre
https://m.media-amazon.com/images/I/61DCal62UqL.jpg,149708,height,14.5 inch
https://m.media-amazon.com/images/I/41BhLLRz8eS.jpg,149708,height,39.3 inch
https://m.media-amazon.com/images/I/51MN7MNozCL.jpg,149708,height,53.2 centimetre
https://m.media-amazon.com/images/I/51zN9rgFpES.jpg,149708,height,12.0 inch
https://m.media-amazon.com/images/I/51GhwRqtLJS.jpg,149708,height,18.0 centimetre
https://m.media-amazon.com/images/I/51r0uW1NdrL.jpg,149708,height,30.0 centimetre
https://m.media-amazon.com/images/I/613zIKEEskL.jpg,149708,height,34.0 centimetre
https://m.media-amazon.com/images/I/514V7FilupL.jpg,149708,height,50.0 centimetre
https://m.media-amazon.com/images/I/61-EHhbQA4L.jpg,149708,height,3.55 inch
https://m.media-amazon.com/images/I/516Fb-I8RiL.jpg,149708,height,50.0 centimetre
https://m.media-amazon.com/images/I/61CswmbaLGL.jpg,149708,height,50.0 centimetre
https://m.media-amazon.com/images/I/616aw9st3GL.jpg,149708,height,85.0 centimetre
https://m.media-amazon.com/images/I/51lsA2MwnnL.jpg,149708,height,6.5 inch
https://m.media-amazon.com/images/I/51XCnDaYfgL.jpg,149708,height,85.0 centimetre
https://m.media-amazon.com/images/I/51Mk2nnIYrL.jpg,149708,height,17.7 inch
https://m.media-amazon.com/images/I/51E7rC11GjS.jpg,149708,height,91.0 centimetre
https://m.media-amazon.com/images/I/51RewWuS4vL.jpg,149708,height,75.0 centimetre
https://m.media-amazon.com/images/I/51V4Mpu29+L.jpg,149708,height,9.44 inch
https://m.media-amazon.com/images/I/51z4nI1asYL.jpg,149708,height,50.0 centimetre
https://m.media-amazon.com/images/I/41-ZubZmwSL.jpg,149708,height,27.9 inch
https://m.media-amazon.com/images/I/614PI1OAIRL.jpg,149708,height,49.0 centimetre
https://m.media-amazon.com/images/I/611d79nLK7L.jpg,149708,height,92.0 centimetre
https://m.media-amazon.com/images/I/51vcP2N2INL.jpg,149708,height,50.0 centimetre
https://m.media-amazon.com/images/I/51qa70obGTL.jpg,149708,height,75.0 centimetre
https://m.media-amazon.com/images/I/51e5UcLJkzL.jpg,149708,height,90.0 centimetre
https://m.media-amazon.com/images/I/511fzkwJleL.jpg,149708,height,157.0 centimetre
https://m.media-amazon.com/images/I/51dO7mhYJuS.jpg,149708,height,146.0 centimetre
https://m.media-amazon.com/images/I/61F05HgD71L.jpg,149708,height,5.9 inch
https://m.media-amazon.com/images/I/51VD60KnyYL.jpg,149708,height,128.0 centimetre
https://m.media-amazon.com/images/I/615xSDURUlL.jpg,149708,height,33.0 centimetre
https://m.media-amazon.com/images/I/614gOnNDzWL.jpg,149708,height,107.0 centimetre
https://m.media-amazon.com/images/I/41TCRV7h+4L.jpg,149708,height,30.0 centimetre
https://m.media-amazon.com/images/I/611UK7G9sZL.jpg,149708,height,151.0 centimetre
https://m.media-amazon.com/images/I/51APEmEcdnS.jpg,149708,height,50.0 centimetre
https://m.media-amazon.com/images/I/612n-gnpPBL.jpg,149708,height,105.0 centimetre
https://m.media-amazon.com/images/I/51N5q4IiT-L.jpg,149708,height,36.0 centimetre
https://m.media-amazon.com/images/I/51XUCNUPT9L.jpg,149708,height,80.0 centimetre
https://m.media-amazon.com/images/I/61-eR-AonoL.jpg,149708,height,25.0 centimetre
https://m.media-amazon.com/images/I/515C0DxUWWL.jpg,149708,height,30.0 centimetre
https://m.media-amazon.com/images/I/515wfUvsTzL.jpg,149708,height,7.08 inch
https://m.media-amazon.com/images/I/612v+Hujc3L.jpg,149708,height,14.57 inch
https://m.media-amazon.com/images/I/610PBghp3gL.jpg,149708,height,34.0 centimetre
https://m.media-amazon.com/images/I/41eFp2dYOhS.jpg,149708,height,19.68 inch
https://m.media-amazon.com/images/I/51lTwJ7lWjL.jpg,149708,height,47.24 inch
https://m.media-amazon.com/images/I/51-Hgf0tiHL.jpg,149708,height,25.0 centimetre
https://m.media-amazon.com/images/I/51+Kx1B-WdL.jpg,149708,height,28.3 inch
https://m.media-amazon.com/images/I/61-klc-TW8L.jpg,149708,height,37.0 inch
https://m.media-amazon.com/images/I/41bPYQccjCL.jpg,149708,height,13.0 centimetre
https://m.media-amazon.com/images/I/51d9PCXobkL.jpg,149708,height,59.0 centimetre
https://m.media-amazon.com/images/I/41CE2EcXifL.jpg,149708,height,48.0 centimetre
https://m.media-amazon.com/images/I/61DCgkNm7BL.jpg,149708,height,15.0 centimetre
https://m.media-amazon.com/images/I/618yY5+onIL.jpg,149708,height,105.0 centimetre
https://m.media-amazon.com/images/I/51DvDn5nCKS.jpg,149708,height,19.7 inch
https://m.media-amazon.com/images/I/51-L9KEGW-L.jpg,149708,height,20.0 centimetre
https://m.media-amazon.com/images/I/51uzijAGQeL.jpg,149708,height,45.0 centimetre
https://m.media-amazon.com/images/I/618VmGnX46L.jpg,149708,height,50.0 centimetre
https://m.media-amazon.com/images/I/41eBLXDMMAS.jpg,149708,height,30.0 centimetre
https://m.media-amazon.com/images/I/51-iS-yFP6L.jpg,149708,height,11.79 inch
https://m.media-amazon.com/images/I/31gCdEuTUHL.jpg,149708,height,17.0 centimetre
https://m.media-amazon.com/images/I/51hxq+JyAJS.jpg,149708,height,65.0 centimetre
https://m.media-amazon.com/images/I/51upageNtUL.jpg,149708,height,1.0 metre
https://m.media-amazon.com/images/I/41Pl2JA0QBL.jpg,149708,height,151.0 centimetre
