image_link,group_id,entity_name,entity_value
https://m.media-amazon.com/images/I/51dMhWQeEoL.jpg,342931,width,5.0 centimetre
https://m.media-amazon.com/images/I/51dMhWQeEoL.jpg,342931,depth,13.5 centimetre
https://m.media-amazon.com/images/I/619E8v7nLSL.jpg,342931,width,3.54 inch
https://m.media-amazon.com/images/I/31FQKw5QghL.jpg,342931,width,5.3 centimetre
https://m.media-amazon.com/images/I/31FQKw5QghL.jpg,342931,depth,23.6 centimetre
https://m.media-amazon.com/images/I/612jBlvUnDL.jpg,342931,width,12.0 centimetre
https://m.media-amazon.com/images/I/610B6Zd3fwL.jpg,342931,width,3.3 inch
https://m.media-amazon.com/images/I/51evDIg+AyL.jpg,342931,width,12.0 centimetre
https://m.media-amazon.com/images/I/51oZLtzJZuL.jpg,342931,width,7.0 centimetre
https://m.media-amazon.com/images/I/517-Yk0r+DL.jpg,342931,width,8.0 centimetre
https://m.media-amazon.com/images/I/51E8E7aDfjL.jpg,342931,width,3.46 inch
https://m.media-amazon.com/images/I/612a4v+9tZL.jpg,342931,width,2.87 inch
https://m.media-amazon.com/images/I/61CgnQb1H2L.jpg,342931,width,7.0 centimetre
https://m.media-amazon.com/images/I/61ApstTL+XL.jpg,342931,width,2.36 inch
https://m.media-amazon.com/images/I/616UytT5r+L.jpg,342931,width,6.0 inch
https://m.media-amazon.com/images/I/51A+59jSKHL.jpg,342931,width,4.9 inch
https://m.media-amazon.com/images/I/51W0eNMOWyL.jpg,342931,width,2.4 inch
https://m.media-amazon.com/images/I/513TxkEQofL.jpg,342931,width,10.0 centimetre
https://m.media-amazon.com/images/I/41kt5GVD2SL.jpg,342931,width,8.9 centimetre
https://m.media-amazon.com/images/I/610a6PYf4PL.jpg,342931,width,4.8 centimetre
https://m.media-amazon.com/images/I/41Xtl7zbgSL.jpg,342931,width,6.3 centimetre
https://m.media-amazon.com/images/I/51E4uymViKL.jpg,342931,width,5.9 centimetre
https://m.media-amazon.com/images/I/51Oyn99-1LL.jpg,342931,width,1.6 inch
https://m.media-amazon.com/images/I/51dZK6KVCyS.jpg,342931,width,5.3 centimetre
https://m.media-amazon.com/images/I/51AY83qEVfL.jpg,342931,width,5.0 centimetre
https://m.media-amazon.com/images/I/5197+jcXLyL.jpg,342931,width,5.0 inch
https://m.media-amazon.com/images/I/51YFEcex56L.jpg,342931,width,4.7 centimetre
https://m.media-amazon.com/images/I/61BxdqscSTL.jpg,342931,width,8.5 centimetre
https://m.media-amazon.com/images/I/51gVLM9AwjL.jpg,342931,width,6.0 centimetre
https://m.media-amazon.com/images/I/51lTGW-S3aL.jpg,342931,width,7.0 centimetre
https://m.media-amazon.com/images/I/51f7H+eCwxL.jpg,342931,width,12.0 centimetre
https://m.media-amazon.com/images/I/41O-B0XJWIL.jpg,342931,width,3.0 inch
https://m.media-amazon.com/images/I/51ayb4YCfsL.jpg,342931,width,8.0 centimetre
https://m.media-amazon.com/images/I/61EQs9Ks2yL.jpg,342931,width,5.5 centimetre
https://m.media-amazon.com/images/I/51F6+N51yhL.jpg,342931,width,12.0 centimetre
https://m.media-amazon.com/images/I/51mHWBDlZAL.jpg,342931,width,5.9 inch
https://m.media-amazon.com/images/I/51mHWBDlZAL.jpg,342931,depth,13.0 inch
https://m.media-amazon.com/images/I/41fdNJ1ZxOL.jpg,342931,width,18.5 centimetre
https://m.media-amazon.com/images/I/615Q6bxmcxL.jpg,342931,width,1.8 inch
https://m.media-amazon.com/images/I/61-ZGPlme9L.jpg,342931,width,5.0 centimetre
https://m.media-amazon.com/images/I/61-ef8bXi-L.jpg,342931,width,5.9 centimetre
https://m.media-amazon.com/images/I/414KTOOEm3L.jpg,342931,width,2.5 inch
https://m.media-amazon.com/images/I/51HV5fjR11L.jpg,342931,width,5.0 centimetre
https://m.media-amazon.com/images/I/51tNSowz1XL.jpg,342931,width,5.5 centimetre
https://m.media-amazon.com/images/I/51FFXhCxPUL.jpg,342931,width,5.5 centimetre
https://m.media-amazon.com/images/I/4129u0CRwaL.jpg,342931,width,8.0 centimetre
https://m.media-amazon.com/images/I/510Nm80ypQL.jpg,342931,width,88.0 millimetre
https://m.media-amazon.com/images/I/61-aWu85aZL.jpg,342931,width,122.0 millimetre
https://m.media-amazon.com/images/I/51532-613UL.jpg,342931,width,63.0 millimetre
https://m.media-amazon.com/images/I/513wrnTlEGL.jpg,342931,width,5.0 centimetre
https://m.media-amazon.com/images/I/61BwVKK6S+L.jpg,342931,width,2.6 inch
https://m.media-amazon.com/images/I/51lrwc0gUvL.jpg,342931,width,6.0 inch
https://m.media-amazon.com/images/I/61G54Hw4ylL.jpg,342931,width,6.0 centimetre
https://m.media-amazon.com/images/I/51fuhf-N8nL.jpg,342931,width,60.0 millimetre
https://m.media-amazon.com/images/I/51PuQMxFI5L.jpg,342931,width,8.0 centimetre
https://m.media-amazon.com/images/I/41ny8VPCYiL.jpg,342931,width,11.3 centimetre
https://m.media-amazon.com/images/I/51GKB2vqWVL.jpg,342931,width,2.8 inch
https://m.media-amazon.com/images/I/51KWKKRxsEL.jpg,342931,width,7.9 inch
https://m.media-amazon.com/images/I/419niCJMFdL.jpg,342931,width,6.8 centimetre
https://m.media-amazon.com/images/I/41hdsUgvZhL.jpg,342931,width,2.2 inch
https://m.media-amazon.com/images/I/51QXLJBZ9kL.jpg,342931,width,80.0 millimetre
https://m.media-amazon.com/images/I/51SpCO69cFL.jpg,342931,width,2.75 inch
https://m.media-amazon.com/images/I/51p7inSoiJS.jpg,342931,width,2.7 inch
https://m.media-amazon.com/images/I/51p7inSoiJS.jpg,342931,depth,5.9 inch
https://m.media-amazon.com/images/I/51k49HhuztL.jpg,342931,width,10.0 centimetre
https://m.media-amazon.com/images/I/41DHalID7FL.jpg,342931,width,8.0 centimetre
https://m.media-amazon.com/images/I/41ASKXroO4L.jpg,342931,width,10.0 centimetre
https://m.media-amazon.com/images/I/51FjH9zzbaL.jpg,342931,width,9.0 centimetre
https://m.media-amazon.com/images/I/51FjH9zzbaL.jpg,342931,depth,33.6 centimetre
https://m.media-amazon.com/images/I/51cRzPIIfqL.jpg,342931,width,6.0 centimetre
https://m.media-amazon.com/images/I/31TP1dPEc3L.jpg,342931,width,15.2 centimetre
https://m.media-amazon.com/images/I/41XzYlZh2+L.jpg,342931,width,8.5 centimetre
https://m.media-amazon.com/images/I/51XTXBujOvL.jpg,342931,width,7.2 centimetre
https://m.media-amazon.com/images/I/61Cf995Tz4S.jpg,342931,width,7.5 centimetre
https://m.media-amazon.com/images/I/51wzblY0tQL.jpg,342931,width,7.2 centimetre
https://m.media-amazon.com/images/I/51zkTTMAj4L.jpg,342931,width,3.14 inch
https://m.media-amazon.com/images/I/51zkTTMAj4L.jpg,342931,depth,12.58 inch
https://m.media-amazon.com/images/I/51rh7KmK+wL.jpg,342931,width,12.7 centimetre
https://m.media-amazon.com/images/I/61-aClJWeQL.jpg,342931,width,9.3 centimetre
https://m.media-amazon.com/images/I/6165467MpjL.jpg,342931,width,2.95 inch
https://m.media-amazon.com/images/I/51y-WIslU1L.jpg,342931,depth,30.5 centimetre
https://m.media-amazon.com/images/I/514RabniTKL.jpg,342931,depth,33.0 centimetre
https://m.media-amazon.com/images/I/41G2vHoJ1ZL.jpg,342931,depth,33.0 centimetre
https://m.media-amazon.com/images/I/51DGZWOMZgL.jpg,342931,depth,32.0 centimetre
https://m.media-amazon.com/images/I/616QTyVB9kL.jpg,342931,depth,13.3 inch
https://m.media-amazon.com/images/I/51snfmsuAqL.jpg,342931,depth,33.0 centimetre
https://m.media-amazon.com/images/I/418vdt3s5KL.jpg,342931,depth,33.0 centimetre
https://m.media-amazon.com/images/I/41Uw4g0a9HL.jpg,342931,depth,12.6 inch
https://m.media-amazon.com/images/I/51BCn7b9iTL.jpg,342931,depth,33.0 centimetre
https://m.media-amazon.com/images/I/51HAYSPND-L.jpg,342931,depth,12.0 centimetre
https://m.media-amazon.com/images/I/418f+-P-ccL.jpg,342931,depth,33.0 centimetre
https://m.media-amazon.com/images/I/51qUXNtw0NL.jpg,342931,depth,29.5 centimetre
https://m.media-amazon.com/images/I/51TNTDxA85L.jpg,342931,depth,27.5 centimetre
https://m.media-amazon.com/images/I/316nNloiHbL.jpg,342931,depth,27.5 centimetre
https://m.media-amazon.com/images/I/51gcm0inDgL.jpg,342931,depth,10.8 inch
https://m.media-amazon.com/images/I/61BSRjCJFSL.jpg,342931,depth,25.5 centimetre
https://m.media-amazon.com/images/I/51InSa2adtL.jpg,342931,depth,205.0 millimetre
https://m.media-amazon.com/images/I/51vmOmqsEIL.jpg,342931,depth,25.5 centimetre
https://m.media-amazon.com/images/I/41e+gXYooJL.jpg,342931,depth,5.9 inch
https://m.media-amazon.com/images/I/613OEfgzKLL.jpg,342931,depth,8.5 inch
https://m.media-amazon.com/images/I/615Jiujz5CL.jpg,342931,depth,25.0 centimetre
https://m.media-amazon.com/images/I/512r7Yip32L.jpg,342931,depth,28.9 centimetre
https://m.media-amazon.com/images/I/51TWloDm8AL.jpg,342931,depth,34.0 centimetre
https://m.media-amazon.com/images/I/413Nl-jD1OL.jpg,342931,depth,238.0 millimetre
https://m.media-amazon.com/images/I/61Bq0VaBrML.jpg,342931,depth,14.6 inch
https://m.media-amazon.com/images/I/61BV02ff62L.jpg,342931,depth,23.0 centimetre
https://m.media-amazon.com/images/I/613k5PJN+HL.jpg,342931,depth,325.0 millimetre
https://m.media-amazon.com/images/I/61AIsnVQFpL.jpg,342931,depth,16.0 centimetre
https://m.media-amazon.com/images/I/51rLJcVTdFL.jpg,342931,depth,10.12 inch
https://m.media-amazon.com/images/I/41AJMF5L5eL.jpg,342931,depth,43.18 centimetre
https://m.media-amazon.com/images/I/51ubjRLqAHL.jpg,342931,depth,20.3 centimetre
https://m.media-amazon.com/images/I/51xSC8T9fYL.jpg,342931,depth,305.0 millimetre
https://m.media-amazon.com/images/I/5131MJ6PJbL.jpg,342931,depth,30.5 centimetre
https://m.media-amazon.com/images/I/51EHGjrEXCL.jpg,342931,depth,28.9 centimetre
https://m.media-amazon.com/images/I/51NLUpNaGcL.jpg,342931,depth,190.0 millimetre
https://m.media-amazon.com/images/I/61-5Q7qe20L.jpg,342931,depth,25.6 centimetre
https://m.media-amazon.com/images/I/519V5yvBEsL.jpg,342931,depth,45.0 centimetre
https://m.media-amazon.com/images/I/61B3S0DhI-L.jpg,342931,depth,31.7 centimetre
https://m.media-amazon.com/images/I/51xhEP2Nu4L.jpg,342931,depth,25.5 centimetre
https://m.media-amazon.com/images/I/618jKeZPHfL.jpg,342931,depth,37.0 centimetre
https://m.media-amazon.com/images/I/51HesGzXWAL.jpg,342931,depth,28.0 centimetre
https://m.media-amazon.com/images/I/51ivAgT8jfL.jpg,342931,depth,22.5 centimetre
https://m.media-amazon.com/images/I/517HlY5IOIL.jpg,342931,depth,11.9 inch
https://m.media-amazon.com/images/I/61ABbzPGjVL.jpg,342931,depth,29.0 centimetre
https://m.media-amazon.com/images/I/51+nIJ9OiNL.jpg,342931,depth,27.5 centimetre
https://m.media-amazon.com/images/I/51wdmHyvsLS.jpg,342931,depth,9.4 inch
https://m.media-amazon.com/images/I/611Q95-GQ4L.jpg,342931,depth,815.0 millimetre
https://m.media-amazon.com/images/I/51m8Xjg1lfL.jpg,342931,depth,20.7 centimetre
https://m.media-amazon.com/images/I/41kTyQS+UmL.jpg,342931,depth,121.0 millimetre
https://m.media-amazon.com/images/I/51BMh0AVHkL.jpg,342931,depth,33.0 centimetre
https://m.media-amazon.com/images/I/51oUOUzs+iL.jpg,342931,depth,20.0 centimetre
https://m.media-amazon.com/images/I/513WvTyj9rL.jpg,342931,depth,17.0 inch
https://m.media-amazon.com/images/I/511wg6XDKKL.jpg,342931,depth,11.9 inch
https://m.media-amazon.com/images/I/61D2lgHj7AL.jpg,342931,depth,8.26 inch
https://m.media-amazon.com/images/I/61Cpgl5OIkL.jpg,342931,depth,4.7 inch
https://m.media-amazon.com/images/I/51X42Dy8EZL.jpg,342931,depth,32.3 centimetre
https://m.media-amazon.com/images/I/41BUOm7Jq4L.jpg,342931,depth,11.0 inch
https://m.media-amazon.com/images/I/51ZdJHj44JL.jpg,342931,depth,26.0 centimetre
https://m.media-amazon.com/images/I/51p1Q9kDwjL.jpg,342931,depth,12.0 inch
https://m.media-amazon.com/images/I/51zJ4KMv7+L.jpg,342931,depth,330.0 millimetre
https://m.media-amazon.com/images/I/61Ex9naZolL.jpg,342931,depth,6.17 inch
https://m.media-amazon.com/images/I/511zMkC2l-L.jpg,342931,depth,27.5 centimetre
https://m.media-amazon.com/images/I/51sacwx4uFL.jpg,342931,depth,23.0 centimetre
https://m.media-amazon.com/images/I/511KjpbtAgL.jpg,342931,depth,14.0 inch
https://m.media-amazon.com/images/I/41-zUCQJORL.jpg,342931,depth,31.0 centimetre
https://m.media-amazon.com/images/I/61BafpFFjBL.jpg,342931,depth,8.0 inch
https://m.media-amazon.com/images/I/41L2ZrZzLJL.jpg,342931,depth,9.45 inch
https://m.media-amazon.com/images/I/51gbZExhTeL.jpg,342931,depth,38.5 centimetre
https://m.media-amazon.com/images/I/51uLNw40FCL.jpg,342931,depth,12.4 inch
https://m.media-amazon.com/images/I/51NKyCLvgQL.jpg,342931,depth,50.0 centimetre
https://m.media-amazon.com/images/I/61AGW0I-QsL.jpg,342931,depth,145.0 millimetre
https://m.media-amazon.com/images/I/51wrydbAIGL.jpg,342931,depth,24.5 centimetre
https://m.media-amazon.com/images/I/51s0mgY2NAL.jpg,342931,depth,11.38 inch
https://m.media-amazon.com/images/I/614zt0ievOL.jpg,342931,depth,12.5 inch
https://m.media-amazon.com/images/I/61-zRKgVnsL.jpg,342931,depth,12.0 inch
https://m.media-amazon.com/images/I/51B9Lr4YSyL.jpg,342931,depth,10.63 inch
https://m.media-amazon.com/images/I/51v+v9OzBUL.jpg,342931,depth,11.9 inch
https://m.media-amazon.com/images/I/518MsV4VR3L.jpg,342931,depth,40.0 centimetre
https://m.media-amazon.com/images/I/51M9tBY6jlL.jpg,342931,depth,12.2 inch
https://m.media-amazon.com/images/I/513taxK9WKL.jpg,342931,depth,35.0 centimetre
https://m.media-amazon.com/images/I/51hpm7qrSyL.jpg,342931,depth,11.8 inch
https://m.media-amazon.com/images/I/61CBJPqNfOL.jpg,342931,depth,11.38 inch
https://m.media-amazon.com/images/I/41e2JzixfQL.jpg,342931,depth,35.5 centimetre
https://m.media-amazon.com/images/I/611F3EB5WFL.jpg,342931,depth,27.0 centimetre
https://m.media-amazon.com/images/I/51n74PyRN0L.jpg,342931,depth,16.0 centimetre
https://m.media-amazon.com/images/I/51IWWV0AKyL.jpg,342931,depth,13.0 centimetre
https://m.media-amazon.com/images/I/41B+R+aC1WL.jpg,342931,depth,30.4 centimetre
https://m.media-amazon.com/images/I/41fJc3VE6NL.jpg,342931,depth,10.63 inch
https://m.media-amazon.com/images/I/31qGeobc2yL.jpg,342931,depth,29.5 centimetre
https://m.media-amazon.com/images/I/51c3YapNneL.jpg,342931,depth,12.2 inch
https://m.media-amazon.com/images/I/51flK-e+gvL.jpg,342931,depth,24.2 centimetre
https://m.media-amazon.com/images/I/617glURcG+L.jpg,342931,depth,22.0 centimetre
https://m.media-amazon.com/images/I/51gdt5+o-0L.jpg,342931,depth,28.9 centimetre
https://m.media-amazon.com/images/I/61FNF6SEiWL.jpg,342931,depth,25.0 centimetre
https://m.media-amazon.com/images/I/51FH8wWwzxL.jpg,342931,depth,28.3 centimetre
https://m.media-amazon.com/images/I/610EzXuZOvL.jpg,342931,depth,16.5 inch
https://m.media-amazon.com/images/I/51PMxhYXFRL.jpg,342931,depth,15.6 centimetre
https://m.media-amazon.com/images/I/51tvgvGWPdL.jpg,342931,depth,12.9 inch
https://m.media-amazon.com/images/I/5132fz0Wo1L.jpg,342931,depth,27.5 centimetre
https://m.media-amazon.com/images/I/616MHJ3aRcL.jpg,342931,depth,33.8 centimetre
https://m.media-amazon.com/images/I/61+SOwt01tL.jpg,342931,depth,16.0 centimetre
https://m.media-amazon.com/images/I/514b+9j8B7L.jpg,342931,depth,10.0 centimetre
https://m.media-amazon.com/images/I/610HJrowmkL.jpg,342931,depth,27.0 centimetre
https://m.media-amazon.com/images/I/51F4Cl2nh5L.jpg,342931,depth,35.0 centimetre
https://m.media-amazon.com/images/I/617dXsfobYL.jpg,342931,depth,8.661 inch
https://m.media-amazon.com/images/I/51vkZDagpQL.jpg,342931,depth,18.0 centimetre
https://m.media-amazon.com/images/I/41wH5RYEfKL.jpg,342931,depth,270.0 millimetre
https://m.media-amazon.com/images/I/515BhYW3SvL.jpg,342931,depth,33.0 centimetre
https://m.media-amazon.com/images/I/41dDrI9ClkL.jpg,342931,depth,30.0 centimetre
https://m.media-amazon.com/images/I/616osydtClL.jpg,342931,depth,13.7 inch
https://m.media-amazon.com/images/I/51WzGobjmnL.jpg,342931,depth,10.8 inch
https://m.media-amazon.com/images/I/51cT6FUiYsL.jpg,342931,depth,11.96 inch
https://m.media-amazon.com/images/I/51K0DVrR1vL.jpg,342931,depth,20.5 centimetre
https://m.media-amazon.com/images/I/511rePa+YoL.jpg,342931,depth,11.38 inch
https://m.media-amazon.com/images/I/617mGGK27TL.jpg,342931,depth,12.0 inch
https://m.media-amazon.com/images/I/413D8CmPeWL.jpg,342931,depth,23.5 centimetre
https://m.media-amazon.com/images/I/51lNZjMQvmL.jpg,342931,depth,225.0 millimetre
https://m.media-amazon.com/images/I/51Jy8tarBoL.jpg,342931,depth,12.0 inch
https://m.media-amazon.com/images/I/51z+6SSpa4L.jpg,342931,depth,30.5 centimetre
https://m.media-amazon.com/images/I/619HkCaMLxL.jpg,342931,depth,8.0 inch
https://m.media-amazon.com/images/I/31gQA1GGrfL.jpg,342931,depth,22.6 centimetre
https://m.media-amazon.com/images/I/618O-iR1WpL.jpg,342931,depth,9.84 inch
https://m.media-amazon.com/images/I/61AvP+HUECL.jpg,342931,depth,35.0 centimetre
https://m.media-amazon.com/images/I/51oFutQlokL.jpg,342931,depth,30.5 centimetre
https://m.media-amazon.com/images/I/61D+t6FuKlL.jpg,342931,depth,15.6 inch
https://m.media-amazon.com/images/I/51CMbPb2ofL.jpg,342931,depth,27.0 centimetre
https://m.media-amazon.com/images/I/51A8EIrwpTL.jpg,342931,depth,16.0 centimetre
https://m.media-amazon.com/images/I/51R0NkW5IAL.jpg,342931,depth,26.5 centimetre
https://m.media-amazon.com/images/I/51vE6Z9HuaL.jpg,342931,depth,14.9 centimetre
https://m.media-amazon.com/images/I/51dKhdGdYRL.jpg,342931,depth,26.0 centimetre
https://m.media-amazon.com/images/I/51ib6KD1LcL.jpg,342931,depth,24.0 centimetre
https://m.media-amazon.com/images/I/618g+rT07GL.jpg,342931,depth,12.4 inch
https://m.media-amazon.com/images/I/6185Z+QisRL.jpg,342931,depth,9.84 inch
https://m.media-amazon.com/images/I/51G6Ts8caiL.jpg,342931,depth,27.0 centimetre
https://m.media-amazon.com/images/I/51VPm-S1xNL.jpg,342931,depth,30.0 centimetre
https://m.media-amazon.com/images/I/512rbD9LsbL.jpg,342931,depth,8.26 inch
https://m.media-amazon.com/images/I/61GDT5CEpLL.jpg,342931,depth,32.2 centimetre
https://m.media-amazon.com/images/I/61-PDNAsSJL.jpg,342931,depth,15.0 centimetre
https://m.media-amazon.com/images/I/512-R8CRQdL.jpg,342931,depth,32.0 centimetre
https://m.media-amazon.com/images/I/61CVYku9+-L.jpg,342931,depth,10.63 inch
https://m.media-amazon.com/images/I/51Uqk45eLXL.jpg,342931,depth,11.0 centimetre
https://m.media-amazon.com/images/I/51jRIS4C73L.jpg,342931,depth,12.0 inch
https://m.media-amazon.com/images/I/51F29r87uZL.jpg,342931,depth,16.0 centimetre
https://m.media-amazon.com/images/I/51714rzzdOL.jpg,342931,depth,35.0 centimetre
https://m.media-amazon.com/images/I/616ePC+11LL.jpg,342931,depth,11.3 inch
https://m.media-amazon.com/images/I/612eHerWPBL.jpg,342931,depth,24.0 centimetre
https://m.media-amazon.com/images/I/61Db9i9HjgS.jpg,342931,depth,12.5 inch
https://m.media-amazon.com/images/I/616js2TfmPL.jpg,342931,depth,32.2 centimetre
https://m.media-amazon.com/images/I/51jYJiZeteL.jpg,342931,depth,36.0 centimetre
https://m.media-amazon.com/images/I/51Yl1BJ2G3L.jpg,342931,depth,10.8 inch
https://m.media-amazon.com/images/I/41uFhnOv0JL.jpg,342931,depth,21.0 centimetre
https://m.media-amazon.com/images/I/51UvYipSX6L.jpg,342931,depth,10.0 inch
https://m.media-amazon.com/images/I/61BuZ3HhDNL.jpg,342931,depth,8.6 inch
https://m.media-amazon.com/images/I/410brtJIvlL.jpg,342931,depth,13.6 inch
https://m.media-amazon.com/images/I/31pcHXLku+L.jpg,342931,depth,22.5 centimetre
https://m.media-amazon.com/images/I/51GoOlkC69L.jpg,342931,depth,24.0 centimetre
https://m.media-amazon.com/images/I/611sxf6RuHL.jpg,342931,depth,260.0 millimetre
https://m.media-amazon.com/images/I/51HrlkgnS+L.jpg,342931,depth,22.0 centimetre
https://m.media-amazon.com/images/I/51IxzPP5N3L.jpg,342931,depth,32.2 centimetre
https://m.media-amazon.com/images/I/41rQjLFGwiL.jpg,342931,depth,25.0 centimetre
https://m.media-amazon.com/images/I/41ENjgATCFL.jpg,342931,depth,9.3 inch
https://m.media-amazon.com/images/I/61EmoiFzyzS.jpg,342931,depth,33.8 centimetre
https://m.media-amazon.com/images/I/51Wken6tvsL.jpg,342931,depth,20.8 centimetre
