image_link,group_id,entity_name,entity_value
https://m.media-amazon.com/images/I/517N-TPYzeL.jpg,536583,width,267.0 millimetre
https://m.media-amazon.com/images/I/51DBezYjH2L.jpg,536583,width,33.0 centimetre
https://m.media-amazon.com/images/I/51ofmQBBRgL.jpg,536583,width,9.0 centimetre
https://m.media-amazon.com/images/I/619QdRQHVBL.jpg,536583,width,12.5 inch
https://m.media-amazon.com/images/I/51aQ7J3JpTL.jpg,536583,width,4.4 centimetre
https://m.media-amazon.com/images/I/51aQ7J3JpTL.jpg,536583,height,4.4 centimetre
https://m.media-amazon.com/images/I/51jgYL7GbEL.jpg,536583,width,30.0 millimetre
https://m.media-amazon.com/images/I/614m-3s4lWL.jpg,536583,width,9.5 millimetre
https://m.media-amazon.com/images/I/61AX2S6qzmL.jpg,536583,width,20.0 millimetre
https://m.media-amazon.com/images/I/61-qjEkY-+L.jpg,536583,width,2.5 inch
https://m.media-amazon.com/images/I/51ErrlqQQ4L.jpg,536583,width,45.0 millimetre
https://m.media-amazon.com/images/I/51mxpnkMu4L.jpg,536583,width,82.0 millimetre
https://m.media-amazon.com/images/I/51E8rFP+kIL.jpg,536583,depth,120.0 millimetre
https://m.media-amazon.com/images/I/610CJM-cJqL.jpg,536583,depth,1.9 inch
https://m.media-amazon.com/images/I/51gKU2bViQL.jpg,536583,depth,6.4 inch
https://m.media-amazon.com/images/I/51AyR-ZRmuL.jpg,536583,depth,39.0 millimetre
https://m.media-amazon.com/images/I/610QR2XkNZL.jpg,536583,depth,82.0 millimetre
https://m.media-amazon.com/images/I/61DC6zM9x2L.jpg,536583,depth,9.0 inch
https://m.media-amazon.com/images/I/51cytpqeeGL.jpg,536583,depth,13.0 inch
https://m.media-amazon.com/images/I/51JUj5hj9mL.jpg,536583,depth,100.0 millimetre
https://m.media-amazon.com/images/I/51b3c4C9ZCL.jpg,536583,depth,54.0 millimetre
https://m.media-amazon.com/images/I/51-PnhYE6zL.jpg,536583,depth,1.0 foot
https://m.media-amazon.com/images/I/51DVJ+lpEZL.jpg,536583,depth,23.0 centimetre
https://m.media-amazon.com/images/I/51u5i33U17L.jpg,536583,depth,4.38 inch
https://m.media-amazon.com/images/I/61DRhcnbX1L.jpg,536583,depth,173.0 millimetre
https://m.media-amazon.com/images/I/51CFzP3MNzS.jpg,536583,depth,3.0 inch
https://m.media-amazon.com/images/I/419IppHiWoL.jpg,536583,depth,20.0 millimetre
https://m.media-amazon.com/images/I/516xczODy1L.jpg,536583,depth,135.0 millimetre
https://m.media-amazon.com/images/I/612EccFZJ7L.jpg,536583,depth,12.5 inch
https://m.media-amazon.com/images/I/51Pv4R7Bz1L.jpg,536583,depth,7.87 inch
https://m.media-amazon.com/images/I/61FwICulK2L.jpg,536583,height,14.5 centimetre
https://m.media-amazon.com/images/I/615lrY88ljL.jpg,536583,height,11.4 inch
https://m.media-amazon.com/images/I/51pD8tth-2L.jpg,536583,height,50.0 millimetre
https://m.media-amazon.com/images/I/5163eP7gmoL.jpg,536583,height,21.3 centimetre
https://m.media-amazon.com/images/I/51j5GKClweL.jpg,536583,height,18.0 centimetre
https://m.media-amazon.com/images/I/41bHj1h1VyL.jpg,536583,height,75.0 millimetre
https://m.media-amazon.com/images/I/614rcNhShKL.jpg,536583,height,250.0 millimetre
https://m.media-amazon.com/images/I/614IxdeiGWL.jpg,536583,height,601.0 millimetre
https://m.media-amazon.com/images/I/51PnILq1VHL.jpg,536583,height,25.0 millimetre
https://m.media-amazon.com/images/I/614+VelwAfL.jpg,536583,height,6.0 centimetre
https://m.media-amazon.com/images/I/612rcCmSq7L.jpg,536583,height,15.0 millimetre
https://m.media-amazon.com/images/I/610FaX+PpNL.jpg,536583,height,24.0 millimetre
https://m.media-amazon.com/images/I/51B+RwrmqGL.jpg,536583,height,1.25 inch
https://m.media-amazon.com/images/I/51EmyTHPzzL.jpg,536583,height,156.0 millimetre
https://m.media-amazon.com/images/I/51VfB0cn0cL.jpg,536583,height,13.0 millimetre
