image_link,group_id,entity_name,entity_value
https://m.media-amazon.com/images/I/61hmMEg2+JL.jpg,625310,item_weight,40.0 gram
https://m.media-amazon.com/images/I/61IIORd9AeL.jpg,625310,item_weight,7.48 kilogram
https://m.media-amazon.com/images/I/61WEpzki4JL.jpg,625310,item_weight,10.74 kilogram
https://m.media-amazon.com/images/I/51Wvt8BFz7L.jpg,625310,item_weight,0.62 kilogram
https://m.media-amazon.com/images/I/51Wvt8BFz7L.jpg,625310,height,5.7 centimetre
https://m.media-amazon.com/images/I/91592PFvnmL.jpg,625310,item_weight,10.7 pound
https://m.media-amazon.com/images/I/51M2DxTvBuL.jpg,625310,item_weight,3.8 kilogram
https://m.media-amazon.com/images/I/81wo35+hS3L.jpg,625310,item_weight,35.0 gram
https://m.media-amazon.com/images/I/91690TrJRuL.jpg,625310,item_weight,4.0 pound
https://m.media-amazon.com/images/I/51o0XT1IRGL.jpg,625310,item_weight,35.0 gram
https://m.media-amazon.com/images/I/61sDMY9JMqL.jpg,625310,item_weight,35.0 gram
https://m.media-amazon.com/images/I/71SW6+gdKJL.jpg,625310,item_weight,161.9 pound
https://m.media-amazon.com/images/I/71JyBw0Gn0L.jpg,625310,item_weight,3.0 pound
https://m.media-amazon.com/images/I/71DSuXkyqGL.jpg,625310,item_weight,890.0 pound
https://m.media-amazon.com/images/I/71-MZqWhQLL.jpg,625310,item_weight,515.0 gram
https://m.media-amazon.com/images/I/51QRHxxztqL.jpg,625310,item_weight,2.4 kilogram
https://m.media-amazon.com/images/I/61cvvE-d4tL.jpg,625310,item_weight,3.16 kilogram
https://m.media-amazon.com/images/I/71eekKFZohL.jpg,625310,item_weight,5.1 ounce
https://m.media-amazon.com/images/I/813iddDaeHL.jpg,625310,item_weight,4.98 pound
https://m.media-amazon.com/images/I/81cS09yvTVL.jpg,625310,item_weight,2.0 pound
https://m.media-amazon.com/images/I/51bgU919+qL.jpg,625310,item_weight,2.6 kilogram
https://m.media-amazon.com/images/I/51bgU919+qL.jpg,625310,height,8.0 centimetre
https://m.media-amazon.com/images/I/91xj3RMwEtL.jpg,625310,item_weight,10.7 pound
https://m.media-amazon.com/images/I/71bpinE-r-L.jpg,625310,item_weight,76.1 pound
https://m.media-amazon.com/images/I/71+iiznA68L.jpg,625310,item_weight,8.0 gram
https://m.media-amazon.com/images/I/61gTO5H9uDL.jpg,625310,item_weight,450.0 gram
https://m.media-amazon.com/images/I/71kxrM4KpiL.jpg,625310,item_weight,3.0 pound
https://m.media-amazon.com/images/I/613xEWcZBdL.jpg,625310,item_weight,720.0 gram
https://m.media-amazon.com/images/I/714zfJ6sAvL.jpg,625310,item_weight,7.49 pound
https://m.media-amazon.com/images/I/51xkQccW8+L.jpg,625310,item_weight,0.46 kilogram
https://m.media-amazon.com/images/I/71IKxc9F4oL.jpg,625310,item_weight,6.0 gram
https://m.media-amazon.com/images/I/61BX9pptcKL.jpg,625310,item_weight,35.0 gram
https://m.media-amazon.com/images/I/61fC7lZwu4L.jpg,625310,item_weight,7.82 kilogram
https://m.media-amazon.com/images/I/81IW0sVnHJL.jpg,625310,item_weight,25.0 ounce
https://m.media-amazon.com/images/I/81n94Wnf8AL.jpg,625310,item_weight,360.0 pound
https://m.media-amazon.com/images/I/81YVlI9VFpL.jpg,625310,item_weight,360.0 pound
https://m.media-amazon.com/images/I/815Tr6PbFYL.jpg,625310,item_weight,360.0 pound
https://m.media-amazon.com/images/I/819gzxk9c2L.jpg,625310,item_weight,360.0 pound
https://m.media-amazon.com/images/I/719goMdV4ML.jpg,625310,item_weight,360.0 pound
https://m.media-amazon.com/images/I/A1+ornUCRoL.jpg,625310,item_weight,55.0 pound
https://m.media-amazon.com/images/I/61avxwtg+2L.jpg,625310,item_weight,87.5 ounce
https://m.media-amazon.com/images/I/51HmUPkOymL.jpg,625310,item_weight,1.05 kilogram
https://m.media-amazon.com/images/I/71ZWkbvdquL.jpg,625310,item_weight,0.44 pound
https://m.media-amazon.com/images/I/718n1a00SUS.jpg,625310,item_weight,1.18 pound
https://m.media-amazon.com/images/I/81vErklgMpL.jpg,625310,item_weight,3.57 pound
https://m.media-amazon.com/images/I/51YIsZRcDPL.jpg,625310,item_weight,0.04 kilogram
https://m.media-amazon.com/images/I/61+PY9J7EhL.jpg,625310,item_weight,0.08 kilogram
https://m.media-amazon.com/images/I/51j5ueV-hUL.jpg,625310,item_weight,0.76 kilogram
https://m.media-amazon.com/images/I/517VuaVLsXS.jpg,625310,item_weight,0.58 kilogram
https://m.media-amazon.com/images/I/81SZJjTxNHL.jpg,625310,item_weight,23.0 ounce
https://m.media-amazon.com/images/I/51g9fSqZ7HL.jpg,625310,item_weight,0.72 kilogram
https://m.media-amazon.com/images/I/515i858gUZL.jpg,625310,item_weight,2.8 kilogram
https://m.media-amazon.com/images/I/51WBiMq49OL.jpg,625310,item_weight,0.98 kilogram
https://m.media-amazon.com/images/I/71dqG2U6KHL.jpg,625310,item_weight,5.1 ounce
https://m.media-amazon.com/images/I/81bxZ4osf0L.jpg,625310,item_weight,224.0 gram
https://m.media-amazon.com/images/I/71vxQ7xsmaL.jpg,625310,item_weight,360.0 pound
https://m.media-amazon.com/images/I/715qp9HWCkL.jpg,625310,item_weight,5.1 ounce
https://m.media-amazon.com/images/I/81L4OWPWiSL.jpg,625310,item_weight,6.0 pound
https://m.media-amazon.com/images/I/8179AYREXzL.jpg,625310,item_weight,360.0 pound
https://m.media-amazon.com/images/I/71Aob-Mhu8L.jpg,625310,item_weight,360.0 pound
https://m.media-amazon.com/images/I/81rRBe35R6L.jpg,625310,item_weight,360.0 pound
https://m.media-amazon.com/images/I/81WmAWhFMnL.jpg,625310,item_weight,360.0 pound
https://m.media-amazon.com/images/I/81OAFaWemML.jpg,625310,item_weight,360.0 pound
https://m.media-amazon.com/images/I/41c8C0F1WuL.jpg,625310,item_weight,720.0 gram
https://m.media-amazon.com/images/I/51bjqrty-XL.jpg,625310,item_weight,1.34 kilogram
https://m.media-amazon.com/images/I/71Cx0UrhJgL.jpg,625310,item_weight,92.3 gram
https://m.media-amazon.com/images/I/61mYUx9f17L.jpg,625310,item_weight,760.0 gram
https://m.media-amazon.com/images/I/71O1cB3TkWL.jpg,625310,item_weight,5.0 gram
https://m.media-amazon.com/images/I/71LK634ST0S.jpg,625310,item_weight,3.0 pound
https://m.media-amazon.com/images/I/81NxxNmqx8L.jpg,625310,item_weight,"[2007.0, 2014.0] gram"
https://m.media-amazon.com/images/I/910oHlWRN4L.jpg,625310,item_weight,10.22 pound
https://m.media-amazon.com/images/I/51tLdMtFf1S.jpg,625310,item_weight,3.0 pound
https://m.media-amazon.com/images/I/51LYsoxh2OS.jpg,625310,item_weight,0.58 kilogram
https://m.media-amazon.com/images/I/51Fe5fBQBeL.jpg,625310,item_weight,0.64 kilogram
https://m.media-amazon.com/images/I/61tYYApNNPL.jpg,625310,item_weight,8.0 gram
https://m.media-amazon.com/images/I/71MdUmOCR0L.jpg,625310,item_weight,8.0 gram
https://m.media-amazon.com/images/I/61f5acGeZqL.jpg,625310,item_weight,0.56 kilogram
https://m.media-amazon.com/images/I/61-JXs79-lL.jpg,625310,item_weight,10.32 kilogram
https://m.media-amazon.com/images/I/715Ez1ONxxL.jpg,625310,item_weight,180.0 ounce
https://m.media-amazon.com/images/I/51AWfuH7O3L.jpg,625310,item_weight,3.1 kilogram
https://m.media-amazon.com/images/I/5153S-bly5L.jpg,625310,item_weight,5.44 kilogram
https://m.media-amazon.com/images/I/51PyFeFRKSL.jpg,625310,item_weight,6.6 kilogram
https://m.media-amazon.com/images/I/512HgGxYfhL.jpg,625310,item_weight,2000.0 gram
https://m.media-amazon.com/images/I/41pII+z8tiL.jpg,625310,item_weight,2000.0 gram
https://m.media-amazon.com/images/I/81r8v38weBL.jpg,625310,item_weight,360.0 pound
https://m.media-amazon.com/images/I/7140MV1eU7L.jpg,625310,item_weight,360.0 pound
https://m.media-amazon.com/images/I/81llzjGtujL.jpg,625310,item_weight,360.0 pound
https://m.media-amazon.com/images/I/81UYA6Ro4pL.jpg,625310,item_weight,360.0 pound
https://m.media-amazon.com/images/I/81m7874f9+L.jpg,625310,item_weight,360.0 pound
https://m.media-amazon.com/images/I/71zk40WJDpL.jpg,625310,item_weight,360.0 pound
https://m.media-amazon.com/images/I/51OAHQ0DXGS.jpg,625310,item_weight,1.16 kilogram
https://m.media-amazon.com/images/I/61U5fmb0hkS.jpg,625310,item_weight,4.0 gram
https://m.media-amazon.com/images/I/61rpuc4ZHwL.jpg,625310,item_weight,2000.0 gram
https://m.media-amazon.com/images/I/71G2UAgDLeL.jpg,625310,item_weight,3.0 pound
https://m.media-amazon.com/images/I/518ycrAh0OL.jpg,625310,item_weight,198.5 ounce
https://m.media-amazon.com/images/I/71zZ2O-qiKL.jpg,625310,item_weight,7.18 pound
https://m.media-amazon.com/images/I/511PDIG6UCL.jpg,625310,item_weight,0.78 kilogram
https://m.media-amazon.com/images/I/51RwcVvZRvL.jpg,625310,item_weight,2.54 kilogram
https://m.media-amazon.com/images/I/71MCfNT8n1L.jpg,625310,item_weight,86.0 gram
https://m.media-amazon.com/images/I/61uCYwGiIwL.jpg,625310,item_weight,0.6 kilogram
https://m.media-amazon.com/images/I/51CKy5JCkWL.jpg,625310,item_weight,5.0 pound
https://m.media-amazon.com/images/I/9181aqN051L.jpg,625310,item_weight,12.62 pound
https://m.media-amazon.com/images/I/712SAB9bnUL.jpg,625310,item_weight,328.0 gram
https://m.media-amazon.com/images/I/91M5z+t6xIL.jpg,625310,item_weight,21.0 pound
https://m.media-amazon.com/images/I/51-tfHXxkwL.jpg,625310,item_weight,0.68 kilogram
https://m.media-amazon.com/images/I/713ROs48xZL.jpg,625310,item_weight,360.0 pound
https://m.media-amazon.com/images/I/61PEZ3cL3RL.jpg,625310,item_weight,360.0 pound
https://m.media-amazon.com/images/I/61EdSEi4EiL.jpg,625310,item_weight,150.0 gram
https://m.media-amazon.com/images/I/4131j-Nnh9L.jpg,625310,item_weight,78.0 gram
https://m.media-amazon.com/images/I/71BfjZVVKaL.jpg,625310,item_weight,2.0 pound
https://m.media-amazon.com/images/I/71h6QhuA9oL.jpg,625310,item_weight,5.6 pound
https://m.media-amazon.com/images/I/817L-xd3ntL.jpg,625310,item_weight,360.0 pound
https://m.media-amazon.com/images/I/81Y86-2V9ZL.jpg,625310,item_weight,360.0 pound
https://m.media-amazon.com/images/I/51WioSJkY7L.jpg,625310,width,2.0 inch
https://m.media-amazon.com/images/I/616QN6ElJxL.jpg,625310,width,10.4 centimetre
https://m.media-amazon.com/images/I/61EyrzKI5wL.jpg,625310,width,6.5 inch
https://m.media-amazon.com/images/I/51Ej8oLZECL.jpg,625310,width,7.0 centimetre
https://m.media-amazon.com/images/I/615Y+McKjlL.jpg,625310,width,3.19 inch
https://m.media-amazon.com/images/I/615f3pKZzXL.jpg,625310,width,0.87 foot
https://m.media-amazon.com/images/I/61386FLBk7L.jpg,625310,width,2.3 inch
https://m.media-amazon.com/images/I/41hq+mQYFBL.jpg,625310,width,468.0 millimetre
https://m.media-amazon.com/images/I/612v1ip1BLL.jpg,625310,width,17.0 inch
https://m.media-amazon.com/images/I/6174un8BifL.jpg,625310,width,13.5 centimetre
https://m.media-amazon.com/images/I/6174un8BifL.jpg,625310,height,24.5 centimetre
https://m.media-amazon.com/images/I/619fTR3esWL.jpg,625310,width,40.0 millimetre
https://m.media-amazon.com/images/I/61AJXvGj3OL.jpg,625310,width,28.5 centimetre
https://m.media-amazon.com/images/I/51mkU-32YCL.jpg,625310,width,200.0 millimetre
https://m.media-amazon.com/images/I/51wsRU--7WL.jpg,625310,width,16.6 centimetre
https://m.media-amazon.com/images/I/51jOP4qowAL.jpg,625310,width,200.0 millimetre
https://m.media-amazon.com/images/I/61+AKLHGJAL.jpg,625310,width,5.25 inch
https://m.media-amazon.com/images/I/51wkoYJh+pL.jpg,625310,width,11.0 centimetre
https://m.media-amazon.com/images/I/613oXshjrGL.jpg,625310,width,80.3 centimetre
https://m.media-amazon.com/images/I/51hoC0ORRyL.jpg,625310,width,3.9 inch
https://m.media-amazon.com/images/I/51hoC0ORRyL.jpg,625310,height,7.1 centimetre
https://m.media-amazon.com/images/I/51wBFAyluzS.jpg,625310,width,10.25 centimetre
https://m.media-amazon.com/images/I/61DPL2zosLL.jpg,625310,width,4.62 inch
https://m.media-amazon.com/images/I/51uD0tjTgUL.jpg,625310,width,19.0 centimetre
https://m.media-amazon.com/images/I/51QZme+C5tL.jpg,625310,width,7.1 centimetre
https://m.media-amazon.com/images/I/6128D6q5yeL.jpg,625310,width,23.2 centimetre
https://m.media-amazon.com/images/I/6128D6q5yeL.jpg,625310,height,28.3 centimetre
https://m.media-amazon.com/images/I/61FD2a6v2wL.jpg,625310,width,100.0 millimetre
https://m.media-amazon.com/images/I/51p0+JHjvaL.jpg,625310,width,858.8 millimetre
https://m.media-amazon.com/images/I/519XFNbgKuL.jpg,625310,width,6.7 inch
https://m.media-amazon.com/images/I/519XFNbgKuL.jpg,625310,height,9.5 inch
https://m.media-amazon.com/images/I/41oar2UzX4S.jpg,625310,width,81.0 millimetre
https://m.media-amazon.com/images/I/41oar2UzX4S.jpg,625310,height,130.0 millimetre
https://m.media-amazon.com/images/I/618WINHHoOS.jpg,625310,width,6.5 inch
https://m.media-amazon.com/images/I/51L6iKLnJaL.jpg,625310,width,13.0 inch
https://m.media-amazon.com/images/I/41pxSTuOClL.jpg,625310,width,3.0 centimetre
https://m.media-amazon.com/images/I/515I0d22O3L.jpg,625310,width,14.5 centimetre
https://m.media-amazon.com/images/I/61BayCOU01L.jpg,625310,width,23.2 centimetre
https://m.media-amazon.com/images/I/510BP-TRYRL.jpg,625310,width,10.25 centimetre
https://m.media-amazon.com/images/I/617BlxvgkQL.jpg,625310,width,6.7 centimetre
https://m.media-amazon.com/images/I/51RalwMJsYL.jpg,625310,width,60.0 millimetre
https://m.media-amazon.com/images/I/51sVvCjsMIL.jpg,625310,width,16.9 centimetre
https://m.media-amazon.com/images/I/51fXdDphscL.jpg,625310,width,16.4 centimetre
https://m.media-amazon.com/images/I/41dSprh9NKL.jpg,625310,width,389.0 millimetre
https://m.media-amazon.com/images/I/51J0KOQgtJL.jpg,625310,width,19.2 centimetre
https://m.media-amazon.com/images/I/51chNtLp81L.jpg,625310,width,10.0 centimetre
https://m.media-amazon.com/images/I/51pSnekRl2L.jpg,625310,width,80.0 millimetre
https://m.media-amazon.com/images/I/51pSnekRl2L.jpg,625310,height,91.0 millimetre
https://m.media-amazon.com/images/I/615I7uQgnCS.jpg,625310,width,2.0 inch
https://m.media-amazon.com/images/I/51nQoJ+LE-L.jpg,625310,width,300.0 millimetre
https://m.media-amazon.com/images/I/61-qgOzKZ7L.jpg,625310,width,15.0 centimetre
https://m.media-amazon.com/images/I/61Cbc62NY5L.jpg,625310,width,192.0 millimetre
https://m.media-amazon.com/images/I/51fQAAGUt6L.jpg,625310,width,13.4 centimetre
https://m.media-amazon.com/images/I/41PWBjP0yhL.jpg,625310,width,780.0 millimetre
https://m.media-amazon.com/images/I/51meHwZcPXL.jpg,625310,height,3.6 centimetre
https://m.media-amazon.com/images/I/618sHhxS4UL.jpg,625310,height,1.2 metre
https://m.media-amazon.com/images/I/412SWkJg95L.jpg,625310,height,5.3 inch
https://m.media-amazon.com/images/I/513YqYCT1gL.jpg,625310,height,1.0 metre
https://m.media-amazon.com/images/I/61+m4fLGPJL.jpg,625310,height,17.0 centimetre
https://m.media-amazon.com/images/I/51xydkPE9iL.jpg,625310,height,50.0 inch
https://m.media-amazon.com/images/I/61G7CVvl18L.jpg,625310,height,1.0 inch
https://m.media-amazon.com/images/I/614w8D1e7IL.jpg,625310,height,26.5 centimetre
https://m.media-amazon.com/images/I/51cMvIi9htL.jpg,625310,height,39.9 millimetre
https://m.media-amazon.com/images/I/41tixj81g+L.jpg,625310,height,115.7 millimetre
https://m.media-amazon.com/images/I/61Cua8mqI1L.jpg,625310,height,1.0 metre
https://m.media-amazon.com/images/I/51ORHQJlizL.jpg,625310,height,6.1 inch
https://m.media-amazon.com/images/I/617JXG3ULDL.jpg,625310,height,1.5 inch
https://m.media-amazon.com/images/I/511Ih-dGmRL.jpg,625310,height,68.0 millimetre
https://m.media-amazon.com/images/I/51KcaUExuAS.jpg,625310,height,6.63 inch
https://m.media-amazon.com/images/I/518zUbKAS1L.jpg,625310,height,7.5 centimetre
https://m.media-amazon.com/images/I/51aVbkHW7ZL.jpg,625310,height,4.0 inch
https://m.media-amazon.com/images/I/51pLPeANN6L.jpg,625310,height,6.0 millimetre
https://m.media-amazon.com/images/I/51mIqBeF-8L.jpg,625310,height,60.4 millimetre
https://m.media-amazon.com/images/I/519ARAq8WHL.jpg,625310,height,6.8 centimetre
https://m.media-amazon.com/images/I/61ExSQhnnYL.jpg,625310,height,11.0 inch
https://m.media-amazon.com/images/I/515CSjZAjvL.jpg,625310,height,200.0 millimetre
https://m.media-amazon.com/images/I/61-JlyR5imL.jpg,625310,height,8.66 inch
https://m.media-amazon.com/images/I/41gR2Uajr-L.jpg,625310,height,562.0 millimetre
https://m.media-amazon.com/images/I/51fEwmC+jJL.jpg,625310,height,85.0 centimetre
https://m.media-amazon.com/images/I/617SJ7r2TYL.jpg,625310,height,1.7 metre
https://m.media-amazon.com/images/I/616ugyvejcL.jpg,625310,height,413.0 millimetre
https://m.media-amazon.com/images/I/6170tUYxlIL.jpg,625310,height,3.0 inch
https://m.media-amazon.com/images/I/410ActIJHrL.jpg,625310,height,226.0 millimetre
https://m.media-amazon.com/images/I/618qu1ADSwL.jpg,625310,height,127.0 millimetre
https://m.media-amazon.com/images/I/5169J+FRHHL.jpg,625310,height,48.5 millimetre
https://m.media-amazon.com/images/I/51+yQ9XJVUL.jpg,625310,height,57.0 millimetre
https://m.media-amazon.com/images/I/51hZtgzggyL.jpg,625310,height,100.0 millimetre
https://m.media-amazon.com/images/I/31gctBQyxWS.jpg,625310,height,68.0 millimetre
https://m.media-amazon.com/images/I/51duYPkt-OL.jpg,625310,height,4.0 inch
https://m.media-amazon.com/images/I/614J2rYXzqL.jpg,625310,height,2.5 inch
https://m.media-amazon.com/images/I/51FX55XhSkL.jpg,625310,height,113.0 millimetre
https://m.media-amazon.com/images/I/51CAgKUVcxL.jpg,625310,height,8.0 centimetre
https://m.media-amazon.com/images/I/41Gi+V8sprL.jpg,625310,height,48.0 millimetre
https://m.media-amazon.com/images/I/51cfqVIRE6L.jpg,625310,height,1.0 metre
https://m.media-amazon.com/images/I/61EtyGd-ikL.jpg,625310,height,27.0 centimetre
https://m.media-amazon.com/images/I/51JEh5Tr++L.jpg,625310,height,7.1 centimetre
https://m.media-amazon.com/images/I/51+NfhVL7UL.jpg,625310,height,320.0 millimetre
https://m.media-amazon.com/images/I/519AGYLw3HL.jpg,625310,height,2.8 inch
https://m.media-amazon.com/images/I/61AtO5DJ3nS.jpg,625310,height,12.5 centimetre
https://m.media-amazon.com/images/I/5151EN53VxL.jpg,625310,height,413.0 millimetre
https://m.media-amazon.com/images/I/51MH1N2gW3L.jpg,625310,height,7.1 centimetre
https://m.media-amazon.com/images/I/51jVCRREt9L.jpg,625310,height,128.0 millimetre
https://m.media-amazon.com/images/I/510-dUiJ+DL.jpg,625310,height,6.1 centimetre
https://m.media-amazon.com/images/I/616ekyBXk3L.jpg,625310,height,135.0 millimetre
https://m.media-amazon.com/images/I/51xlCk0S6ML.jpg,625310,height,100.0 millimetre
https://m.media-amazon.com/images/I/41mzEpFzNJS.jpg,625310,height,55.0 millimetre
https://m.media-amazon.com/images/I/616WjtJaUlL.jpg,625310,height,1.0 inch
https://m.media-amazon.com/images/I/611leul8YUL.jpg,625310,height,3.0 inch
https://m.media-amazon.com/images/I/51aeFpTDZIL.jpg,625310,height,46.8 millimetre
https://m.media-amazon.com/images/I/51NnUdDn-pL.jpg,625310,height,343.0 millimetre
https://m.media-amazon.com/images/I/61FG4VN9E+L.jpg,625310,height,6.8 centimetre
https://m.media-amazon.com/images/I/51IfTf3txCL.jpg,625310,height,4.0 inch
https://m.media-amazon.com/images/I/51IXHq8zKuL.jpg,625310,height,9.0 inch
https://m.media-amazon.com/images/I/519BwVQ59KL.jpg,625310,height,71.0 millimetre
https://m.media-amazon.com/images/I/510nNgIygUL.jpg,625310,height,8.0 inch
https://m.media-amazon.com/images/I/619bW8jB9eL.jpg,625310,height,3.0 inch
https://m.media-amazon.com/images/I/51vCWSJyiCS.jpg,625310,height,15.0 centimetre
https://m.media-amazon.com/images/I/61FhCRc+NtL.jpg,625310,height,1.0 metre
https://m.media-amazon.com/images/I/613rAXEObjL.jpg,625310,height,3.0 inch
https://m.media-amazon.com/images/I/51kQi4JJjAL.jpg,625310,height,10.0 centimetre
https://m.media-amazon.com/images/I/61Ajh-Z79EL.jpg,625310,height,14.8 centimetre
https://m.media-amazon.com/images/I/615+7U1Cy0S.jpg,625310,height,12.5 centimetre
https://m.media-amazon.com/images/I/61-ZoTGSw8L.jpg,625310,height,390.0 millimetre
https://m.media-amazon.com/images/I/6169+ZD1FNL.jpg,625310,height,5.25 inch
https://m.media-amazon.com/images/I/51VOKXyjZPL.jpg,625310,height,13.78 inch
https://m.media-amazon.com/images/I/51OyiNvCDeL.jpg,625310,height,26.5 centimetre
https://m.media-amazon.com/images/I/51zAZ44OIXL.jpg,625310,height,7.0 inch
https://m.media-amazon.com/images/I/611VC8pviBL.jpg,625310,height,70.0 millimetre
https://m.media-amazon.com/images/I/618u2XdtI1L.jpg,625310,height,16.5 centimetre
https://m.media-amazon.com/images/I/51UUwWp+JBL.jpg,625310,height,52.8 millimetre
https://m.media-amazon.com/images/I/6150KXyIDnL.jpg,625310,height,60.0 inch
https://m.media-amazon.com/images/I/61-5fFuKRYL.jpg,625310,height,3.0 inch
https://m.media-amazon.com/images/I/51MyZrxXZ7L.jpg,625310,height,4.0 inch
https://m.media-amazon.com/images/I/51N6v6Dj3zL.jpg,625310,height,3.5 inch
https://m.media-amazon.com/images/I/51Bec5dIUqL.jpg,625310,height,27.6 centimetre
https://m.media-amazon.com/images/I/611cxVFcZEL.jpg,625310,height,13.0 centimetre
