image_link,group_id,entity_name,entity_value
https://m.media-amazon.com/images/I/51+bXgO3JhL.jpg,640565,width,6.8 centimetre
https://m.media-amazon.com/images/I/51kOzAIiWUL.jpg,640565,width,2.75 inch
https://m.media-amazon.com/images/I/51Ztcff-oJS.jpg,640565,width,6.0 centimetre
https://m.media-amazon.com/images/I/51Ztcff-oJS.jpg,640565,depth,6.0 centimetre
https://m.media-amazon.com/images/I/41tvscPtEML.jpg,640565,width,103.0 millimetre
https://m.media-amazon.com/images/I/6185WLsu8TL.jpg,640565,width,3.74 inch
https://m.media-amazon.com/images/I/41NYxnZeDbL.jpg,640565,width,14.0 centimetre
https://m.media-amazon.com/images/I/51w18tl8JwL.jpg,640565,width,3.7 inch
https://m.media-amazon.com/images/I/612YvhA7j4L.jpg,640565,width,10.2 centimetre
https://m.media-amazon.com/images/I/5147-pzQDbL.jpg,640565,width,16.0 centimetre
https://m.media-amazon.com/images/I/5164sKo5DiL.jpg,640565,width,10.0 centimetre
https://m.media-amazon.com/images/I/51YzEoC9lzL.jpg,640565,width,2.75 inch
https://m.media-amazon.com/images/I/6152hdMSZgL.jpg,640565,width,10.3 centimetre
https://m.media-amazon.com/images/I/51ZHdo+ZRXL.jpg,640565,width,3.25 inch
https://m.media-amazon.com/images/I/51ZHdo+ZRXL.jpg,640565,depth,6.0 inch
https://m.media-amazon.com/images/I/51Y+EPzaZWL.jpg,640565,width,8.0 centimetre
https://m.media-amazon.com/images/I/51d2IBHHVZL.jpg,640565,width,10.0 centimetre
https://m.media-amazon.com/images/I/41iw3wJfICL.jpg,640565,width,10.0 centimetre
https://m.media-amazon.com/images/I/51Cp+PwNpPL.jpg,640565,width,9.5 centimetre
https://m.media-amazon.com/images/I/51pYZYJ86qL.jpg,640565,width,3.62 inch
https://m.media-amazon.com/images/I/518d-ZYGWjL.jpg,640565,width,4.72 inch
https://m.media-amazon.com/images/I/51a4fxJKIIL.jpg,640565,width,10.16 centimetre
https://m.media-amazon.com/images/I/51DUlaCId4L.jpg,640565,width,8.0 centimetre
https://m.media-amazon.com/images/I/51rYr39x72L.jpg,640565,width,8.0 centimetre
https://m.media-amazon.com/images/I/51mhMJrkEcL.jpg,640565,width,2.17 inch
https://m.media-amazon.com/images/I/51yM+uK74YL.jpg,640565,width,7.0 centimetre
https://m.media-amazon.com/images/I/61AcT9uOVzL.jpg,640565,width,10.0 centimetre
https://m.media-amazon.com/images/I/618Q18exx6L.jpg,640565,width,3.94 inch
https://m.media-amazon.com/images/I/51l4JlEq0tL.jpg,640565,width,4.0 inch
https://m.media-amazon.com/images/I/51JMO1kolQL.jpg,640565,width,8.0 centimetre
https://m.media-amazon.com/images/I/619bvwf6M3L.jpg,640565,width,9.0 centimetre
https://m.media-amazon.com/images/I/51HcTMZYwOL.jpg,640565,width,2.75 inch
https://m.media-amazon.com/images/I/51YTMp-HfWL.jpg,640565,width,2.75 inch
https://m.media-amazon.com/images/I/51yrF2rP61L.jpg,640565,width,4.13 inch
https://m.media-amazon.com/images/I/51pjmMtbO2L.jpg,640565,width,10.0 centimetre
https://m.media-amazon.com/images/I/51l2hQJKMfL.jpg,640565,width,4.0 inch
https://m.media-amazon.com/images/I/514aznlyJ4L.jpg,640565,width,100.0 millimetre
https://m.media-amazon.com/images/I/51-yimTedmL.jpg,640565,width,2.75 inch
https://m.media-amazon.com/images/I/51SXrORvsaL.jpg,640565,width,7.6 centimetre
https://m.media-amazon.com/images/I/41zaVaWmLyL.jpg,640565,width,35.0 centimetre
https://m.media-amazon.com/images/I/515zJkjUNZL.jpg,640565,width,10.0 centimetre
https://m.media-amazon.com/images/I/512wyIDIHvL.jpg,640565,width,2.75 inch
https://m.media-amazon.com/images/I/512wyIDIHvL.jpg,640565,depth,2.75 inch
https://m.media-amazon.com/images/I/61CLgijkO9L.jpg,640565,width,4.0 inch
https://m.media-amazon.com/images/I/51jdDuWDKaL.jpg,640565,width,15.0 centimetre
https://m.media-amazon.com/images/I/614TcsCF8ML.jpg,640565,width,12.0 centimetre
https://m.media-amazon.com/images/I/51mnG7+PMmL.jpg,640565,width,60.0 millimetre
https://m.media-amazon.com/images/I/615wERk7fBL.jpg,640565,width,15.0 centimetre
https://m.media-amazon.com/images/I/51FJ5jiyhcL.jpg,640565,width,15.0 inch
https://m.media-amazon.com/images/I/51U3B0DzSpS.jpg,640565,width,95.0 millimetre
https://m.media-amazon.com/images/I/51mf6JTtWBL.jpg,640565,width,10.7 centimetre
https://m.media-amazon.com/images/I/51mf6JTtWBL.jpg,640565,depth,10.7 centimetre
https://m.media-amazon.com/images/I/41MFtGGF9zL.jpg,640565,width,2.0 inch
https://m.media-amazon.com/images/I/517nlCedTEL.jpg,640565,width,10.0 centimetre
https://m.media-amazon.com/images/I/519fVvSpEbL.jpg,640565,width,20.0 centimetre
https://m.media-amazon.com/images/I/6101Nz3CEbL.jpg,640565,width,2.75 inch
https://m.media-amazon.com/images/I/610nGTqZjcL.jpg,640565,width,4.0 inch
https://m.media-amazon.com/images/I/51HMhrtoG1S.jpg,640565,width,2.8 inch
https://m.media-amazon.com/images/I/51jvkKCMx7L.jpg,640565,width,2.75 inch
https://m.media-amazon.com/images/I/51aOtcfy5BL.jpg,640565,width,98.0 millimetre
https://m.media-amazon.com/images/I/51ecIXUtaBL.jpg,640565,width,90.0 millimetre
https://m.media-amazon.com/images/I/51BYpyoxsBL.jpg,640565,width,110.0 millimetre
https://m.media-amazon.com/images/I/41JDRFOebcL.jpg,640565,width,7.5 centimetre
https://m.media-amazon.com/images/I/419DDC8HHdL.jpg,640565,width,3.9 inch
https://m.media-amazon.com/images/I/41hr3UjImpL.jpg,640565,width,6.8 centimetre
https://m.media-amazon.com/images/I/51m7zs4biVL.jpg,640565,width,5.5 inch
https://m.media-amazon.com/images/I/51m7zs4biVL.jpg,640565,depth,5.5 inch
https://m.media-amazon.com/images/I/61AVkisFSYL.jpg,640565,width,5.7 inch
https://m.media-amazon.com/images/I/617Y1qfIMRL.jpg,640565,width,90.0 millimetre
https://m.media-amazon.com/images/I/41bShglu-3L.jpg,640565,width,13.0 centimetre
https://m.media-amazon.com/images/I/51ZAT6K40rL.jpg,640565,width,4.0 inch
https://m.media-amazon.com/images/I/51ZAT6K40rL.jpg,640565,depth,4.0 inch
https://m.media-amazon.com/images/I/61DwVSk8rPL.jpg,640565,width,10.0 centimetre
https://m.media-amazon.com/images/I/51g-nK1aVfL.jpg,640565,width,10.0 centimetre
https://m.media-amazon.com/images/I/41Wu3AYgGEL.jpg,640565,width,4.0 inch
https://m.media-amazon.com/images/I/51QLZpmptEL.jpg,640565,width,7.0 centimetre
https://m.media-amazon.com/images/I/514IkOJ1v8L.jpg,640565,width,13.0 centimetre
https://m.media-amazon.com/images/I/51DMlqII16L.jpg,640565,width,2.76 inch
https://m.media-amazon.com/images/I/61CqZq6nv6L.jpg,640565,width,100.0 millimetre
https://m.media-amazon.com/images/I/51+lOPxpeeL.jpg,640565,width,10.0 centimetre
https://m.media-amazon.com/images/I/614pi6R8K2L.jpg,640565,width,2.77 inch
https://m.media-amazon.com/images/I/61AIOo6H6oL.jpg,640565,width,90.0 millimetre
https://m.media-amazon.com/images/I/51U80JBBXxS.jpg,640565,width,4.4 inch
https://m.media-amazon.com/images/I/51DpeiVV4KL.jpg,640565,width,10.5 centimetre
https://m.media-amazon.com/images/I/51DpeiVV4KL.jpg,640565,depth,10.5 centimetre
https://m.media-amazon.com/images/I/51B-74GC1fL.jpg,640565,width,2.75 inch
https://m.media-amazon.com/images/I/51fyv0cpF1L.jpg,640565,width,7.0 centimetre
https://m.media-amazon.com/images/I/51okaclPaIL.jpg,640565,depth,3.0 inch
https://m.media-amazon.com/images/I/41-+YzdJTfL.jpg,640565,depth,3.74 inch
https://m.media-amazon.com/images/I/51+GQ6BtO-L.jpg,640565,depth,3.34 inch
https://m.media-amazon.com/images/I/6173kG2afHL.jpg,640565,depth,3.2 inch
https://m.media-amazon.com/images/I/61BsBy48yaL.jpg,640565,depth,2.95 inch
https://m.media-amazon.com/images/I/51u7KNl7IgL.jpg,640565,depth,10.0 centimetre
https://m.media-amazon.com/images/I/612h2vtcxsS.jpg,640565,depth,3.5 inch
https://m.media-amazon.com/images/I/61D0JxYsDgL.jpg,640565,depth,2.76 inch
https://m.media-amazon.com/images/I/6114icDS2+L.jpg,640565,depth,6.0 centimetre
https://m.media-amazon.com/images/I/51lkJQ7JuKL.jpg,640565,depth,3.8 inch
https://m.media-amazon.com/images/I/41BVJ2KLzgL.jpg,640565,depth,4.0 inch
https://m.media-amazon.com/images/I/61BTFdqRIVL.jpg,640565,depth,6.1 centimetre
https://m.media-amazon.com/images/I/51gKd39JwgL.jpg,640565,depth,7.0 centimetre
https://m.media-amazon.com/images/I/61Em-O0UsjL.jpg,640565,depth,2.76 inch
https://m.media-amazon.com/images/I/51DSlxeCFlL.jpg,640565,depth,14.0 centimetre
https://m.media-amazon.com/images/I/41gR7kGs6NL.jpg,640565,depth,13.9 centimetre
https://m.media-amazon.com/images/I/618UcA-SLoL.jpg,640565,depth,6.5 centimetre
https://m.media-amazon.com/images/I/41zpQOgunYL.jpg,640565,depth,4.6 inch
https://m.media-amazon.com/images/I/516UyemOGTL.jpg,640565,depth,100.0 millimetre
https://m.media-amazon.com/images/I/51jFtdyS56L.jpg,640565,depth,7.0 centimetre
https://m.media-amazon.com/images/I/51TZqfvfWPL.jpg,640565,depth,2.75 inch
https://m.media-amazon.com/images/I/61-QDv-QqaL.jpg,640565,depth,2.76 inch
https://m.media-amazon.com/images/I/61-NIgOOAbL.jpg,640565,depth,3.5 inch
https://m.media-amazon.com/images/I/616SrhFYapL.jpg,640565,depth,2.75 inch
https://m.media-amazon.com/images/I/51-yfEn5ocL.jpg,640565,depth,4.5 inch
https://m.media-amazon.com/images/I/51GEzR+Wd4L.jpg,640565,depth,6.5 centimetre
https://m.media-amazon.com/images/I/51qDXmhhCtS.jpg,640565,depth,6.2 centimetre
https://m.media-amazon.com/images/I/51WtIuM229L.jpg,640565,depth,2.75 inch
https://m.media-amazon.com/images/I/318k2WFXMyL.jpg,640565,depth,3.46 inch
https://m.media-amazon.com/images/I/615ISPbGzzL.jpg,640565,depth,2.77 inch
https://m.media-amazon.com/images/I/51mwTyL9fpL.jpg,640565,depth,10.0 centimetre
https://m.media-amazon.com/images/I/51dYQwpjVlL.jpg,640565,depth,9.5 centimetre
https://m.media-amazon.com/images/I/61AjxELMaIL.jpg,640565,depth,9.1 centimetre
https://m.media-amazon.com/images/I/615Z54-XoFL.jpg,640565,depth,9.6 centimetre
https://m.media-amazon.com/images/I/51Bjj9C6yAL.jpg,640565,depth,10.0 centimetre
https://m.media-amazon.com/images/I/51RyJTGCCZL.jpg,640565,depth,10.0 centimetre
https://m.media-amazon.com/images/I/51idI4q6SOL.jpg,640565,depth,3.0 inch
https://m.media-amazon.com/images/I/51RSmuN54OL.jpg,640565,depth,8.0 centimetre
https://m.media-amazon.com/images/I/41a-UDljDSL.jpg,640565,depth,6.8 centimetre
https://m.media-amazon.com/images/I/51ynLPAz9gL.jpg,640565,depth,10.0 centimetre
https://m.media-amazon.com/images/I/51Zbd9ormiL.jpg,640565,depth,7.0 centimetre
https://m.media-amazon.com/images/I/51YOa1XfCOL.jpg,640565,depth,4.5 inch
https://m.media-amazon.com/images/I/51J+VzXYCfL.jpg,640565,depth,8.5 centimetre
https://m.media-amazon.com/images/I/41-XO3FN1HL.jpg,640565,depth,3.7 inch
https://m.media-amazon.com/images/I/518ZFHM+hkL.jpg,640565,depth,3.15 inch
https://m.media-amazon.com/images/I/519ORk0z75L.jpg,640565,depth,10.0 centimetre
https://m.media-amazon.com/images/I/51-vh4kSpKL.jpg,640565,depth,7.0 centimetre
https://m.media-amazon.com/images/I/51HSGQKqivL.jpg,640565,depth,3.9 inch
https://m.media-amazon.com/images/I/619GibYFzvL.jpg,640565,depth,10.0 centimetre
https://m.media-amazon.com/images/I/61EN8koODUS.jpg,640565,depth,65.0 millimetre
https://m.media-amazon.com/images/I/51aHJDfSjPL.jpg,640565,depth,9.0 centimetre
https://m.media-amazon.com/images/I/61BzYRHbBhL.jpg,640565,depth,10.0 centimetre
https://m.media-amazon.com/images/I/51cYGO-0ExL.jpg,640565,depth,10.0 centimetre
https://m.media-amazon.com/images/I/513cuZflOjL.jpg,640565,depth,6.5 centimetre
https://m.media-amazon.com/images/I/51GpNROzJQL.jpg,640565,depth,3.15 inch
https://m.media-amazon.com/images/I/619ykq+GsnL.jpg,640565,depth,2.77 inch
https://m.media-amazon.com/images/I/618rKX7STQL.jpg,640565,depth,70.0 millimetre
https://m.media-amazon.com/images/I/31pn7aiXInS.jpg,640565,depth,5.91 inch
https://m.media-amazon.com/images/I/51g3kEV7u1S.jpg,640565,depth,10.5 centimetre
https://m.media-amazon.com/images/I/51ur9U1uGBL.jpg,640565,depth,11.5 centimetre
https://m.media-amazon.com/images/I/41O1evzt9wL.jpg,640565,depth,4.13 inch
https://m.media-amazon.com/images/I/61Cht1uOnaL.jpg,640565,depth,3.19 inch
https://m.media-amazon.com/images/I/514LtHDTauL.jpg,640565,depth,3.0 inch
https://m.media-amazon.com/images/I/5115f3p+2IL.jpg,640565,depth,3.82 inch
https://m.media-amazon.com/images/I/61CF-hcVW-L.jpg,640565,depth,7.0 centimetre
https://m.media-amazon.com/images/I/51qRhjXUq-L.jpg,640565,depth,3.9 inch
https://m.media-amazon.com/images/I/51Bi-Jm47GL.jpg,640565,depth,11.5 centimetre
https://m.media-amazon.com/images/I/51rDnwykimL.jpg,640565,depth,11.1 centimetre
https://m.media-amazon.com/images/I/51-oyye4yDL.jpg,640565,depth,10.0 centimetre
https://m.media-amazon.com/images/I/51e6V-0aINL.jpg,640565,depth,4.0 inch
https://m.media-amazon.com/images/I/51u8g4nYEbL.jpg,640565,depth,7.0 centimetre
https://m.media-amazon.com/images/I/613m0XeofaL.jpg,640565,depth,3.93 inch
https://m.media-amazon.com/images/I/51XmTD6iX-L.jpg,640565,depth,2.78 inch
https://m.media-amazon.com/images/I/610zw+6wL7L.jpg,640565,depth,7.27 inch
https://m.media-amazon.com/images/I/615pacL4pfL.jpg,640565,depth,4.0 inch
https://m.media-amazon.com/images/I/51AivvDlxWL.jpg,640565,depth,10.0 centimetre
https://m.media-amazon.com/images/I/51XhczjKZjL.jpg,640565,depth,3.74 inch
https://m.media-amazon.com/images/I/51oGQNwmmqL.jpg,640565,depth,100.0 millimetre
https://m.media-amazon.com/images/I/51o8WkQkzNL.jpg,640565,depth,6.5 centimetre
https://m.media-amazon.com/images/I/619XUWagWzL.jpg,640565,depth,3.15 inch
https://m.media-amazon.com/images/I/61E0-L-PffL.jpg,640565,depth,70.0 millimetre
https://m.media-amazon.com/images/I/51Jt64W9OyL.jpg,640565,depth,88.0 millimetre
https://m.media-amazon.com/images/I/612z9eHUSNL.jpg,640565,depth,10.0 centimetre
https://m.media-amazon.com/images/I/41v+y2Mz-sL.jpg,640565,depth,3.33 inch
https://m.media-amazon.com/images/I/51-0j97CQ4L.jpg,640565,depth,3.0 inch
