image_link,group_id,entity_name,entity_value
https://m.media-amazon.com/images/I/51sdr2ElbeL.jpg,613841,width,8.7 centimetre
https://m.media-amazon.com/images/I/51TefTjFtGL.jpg,613841,width,31.0 centimetre
https://m.media-amazon.com/images/I/411zJO9C10L.jpg,613841,width,10.5 centimetre
https://m.media-amazon.com/images/I/411zJO9C10L.jpg,613841,height,23.0 centimetre
https://m.media-amazon.com/images/I/51LRY-swbEL.jpg,613841,width,92.0 millimetre
https://m.media-amazon.com/images/I/51Yw83niMsL.jpg,613841,width,9.0 centimetre
https://m.media-amazon.com/images/I/51o2fQfKKsL.jpg,613841,height,9.5 centimetre
https://m.media-amazon.com/images/I/51C8xDud0LL.jpg,613841,height,32.0 centimetre
https://m.media-amazon.com/images/I/51W0Pbu4m4L.jpg,613841,height,4.1 inch
