image_link,group_id,entity_name,entity_value
https://m.media-amazon.com/images/I/41V4R3e42FS.jpg,441875,width,10.7 centimetre
https://m.media-amazon.com/images/I/41V4R3e42FS.jpg,441875,height,20.0 centimetre
https://m.media-amazon.com/images/I/614Ssq7M8YL.jpg,441875,width,5.0 centimetre
https://m.media-amazon.com/images/I/61-VRfTPY6S.jpg,441875,depth,3.5 inch
https://m.media-amazon.com/images/I/519XgAqOtRL.jpg,441875,width,8.7 inch
https://m.media-amazon.com/images/I/519XgAqOtRL.jpg,441875,depth,11.8 inch
https://m.media-amazon.com/images/I/51e9Q7L5ebL.jpg,441875,width,4.0 centimetre
https://m.media-amazon.com/images/I/5134O9VIacL.jpg,441875,width,9.0 centimetre
https://m.media-amazon.com/images/I/5134O9VIacL.jpg,441875,depth,10.0 centimetre
https://m.media-amazon.com/images/I/51Va3eSVUjL.jpg,441875,width,31.0 centimetre
https://m.media-amazon.com/images/I/51Va3eSVUjL.jpg,441875,depth,31.0 centimetre
https://m.media-amazon.com/images/I/41IioyBKaOL.jpg,441875,width,96.0 millimetre
https://m.media-amazon.com/images/I/51BrqLwoFeL.jpg,441875,width,75.0 millimetre
https://m.media-amazon.com/images/I/51UX7V3TMnL.jpg,441875,width,4.1 centimetre
https://m.media-amazon.com/images/I/6188Pa1F02L.jpg,441875,width,6.7 centimetre
https://m.media-amazon.com/images/I/51ntsltJADL.jpg,441875,width,44.0 millimetre
https://m.media-amazon.com/images/I/6163ZY8KZwL.jpg,441875,width,15.5 centimetre
https://m.media-amazon.com/images/I/619v-uTgJ+L.jpg,441875,width,1.97 inch
https://m.media-amazon.com/images/I/6147kmRLGfL.jpg,441875,width,52.0 millimetre
https://m.media-amazon.com/images/I/51UJ-XdbTWL.jpg,441875,width,8.5 centimetre
https://m.media-amazon.com/images/I/51c734fiKFS.jpg,441875,width,152.0 millimetre
https://m.media-amazon.com/images/I/51c734fiKFS.jpg,441875,depth,159.0 millimetre
https://m.media-amazon.com/images/I/61G69kQtysL.jpg,441875,width,6.3 centimetre
https://m.media-amazon.com/images/I/51Fz7nQ6LpL.jpg,441875,width,46.0 millimetre
https://m.media-amazon.com/images/I/51Fz7nQ6LpL.jpg,441875,depth,46.0 millimetre
https://m.media-amazon.com/images/I/51jSwuHoYEL.jpg,441875,width,7.0 centimetre
https://m.media-amazon.com/images/I/512AtHD+9SL.jpg,441875,width,45.2 millimetre
https://m.media-amazon.com/images/I/515J8L9uUUL.jpg,441875,width,9.0 centimetre
https://m.media-amazon.com/images/I/51Ks6z23V-L.jpg,441875,width,5.5 centimetre
https://m.media-amazon.com/images/I/51-rON+47iL.jpg,441875,width,8.0 centimetre
https://m.media-amazon.com/images/I/51fytHlt+GL.jpg,441875,width,13.5 centimetre
https://m.media-amazon.com/images/I/51igI24TqTL.jpg,441875,width,6.0 centimetre
https://m.media-amazon.com/images/I/51igI24TqTL.jpg,441875,height,16.0 centimetre
https://m.media-amazon.com/images/I/61Fcd1wYVPL.jpg,441875,width,1.37 inch
https://m.media-amazon.com/images/I/61Bchp8dqcL.jpg,441875,depth,3.0 inch
https://m.media-amazon.com/images/I/51DmZcGMppL.jpg,441875,depth,3.66 inch
https://m.media-amazon.com/images/I/51+IEp9CsvL.jpg,441875,depth,38.0 millimetre
https://m.media-amazon.com/images/I/51Dadj9kHdL.jpg,441875,depth,13.0 centimetre
https://m.media-amazon.com/images/I/51Dadj9kHdL.jpg,441875,height,16.0 centimetre
https://m.media-amazon.com/images/I/61A0cf778lL.jpg,441875,depth,3.94 inch
https://m.media-amazon.com/images/I/51uphA1sjTL.jpg,441875,depth,6.8 centimetre
https://m.media-amazon.com/images/I/51+yAL86uZL.jpg,441875,depth,27.0 millimetre
https://m.media-amazon.com/images/I/61BG3lcsZqL.jpg,441875,depth,6.8 centimetre
https://m.media-amazon.com/images/I/61At00CnV4L.jpg,441875,depth,6.7 inch
https://m.media-amazon.com/images/I/51uAfkCuI3L.jpg,441875,depth,23.0 centimetre
https://m.media-amazon.com/images/I/41q5ByjD3gL.jpg,441875,depth,63.0 millimetre
https://m.media-amazon.com/images/I/51qKe0qpWaL.jpg,441875,depth,10.4 inch
https://m.media-amazon.com/images/I/5135wpR3hGL.jpg,441875,depth,144.0 millimetre
https://m.media-amazon.com/images/I/61CvbXSYOzL.jpg,441875,depth,6.5 centimetre
https://m.media-amazon.com/images/I/51B1AA6xxML.jpg,441875,depth,9.0 centimetre
https://m.media-amazon.com/images/I/51euOWLjp-L.jpg,441875,depth,30.0 centimetre
https://m.media-amazon.com/images/I/61DYtTvhN2L.jpg,441875,depth,19.0 centimetre
https://m.media-amazon.com/images/I/51RjiWZ50QL.jpg,441875,depth,11.5 centimetre
https://m.media-amazon.com/images/I/51rwYbiHV8L.jpg,441875,depth,5.7 centimetre
https://m.media-amazon.com/images/I/61AVjuoAb5L.jpg,441875,depth,8.3 inch
https://m.media-amazon.com/images/I/61AVjuoAb5L.jpg,441875,height,8.3 inch
https://m.media-amazon.com/images/I/41twspQVCsL.jpg,441875,depth,11.0 centimetre
https://m.media-amazon.com/images/I/512n-8w7TIL.jpg,441875,depth,8.3 centimetre
https://m.media-amazon.com/images/I/51MS54slWGS.jpg,441875,height,18.6 centimetre
https://m.media-amazon.com/images/I/41e9JnkUSML.jpg,441875,height,19.0 centimetre
https://m.media-amazon.com/images/I/51ctdWSzLjL.jpg,441875,height,159.0 millimetre
https://m.media-amazon.com/images/I/51sun1I5bCL.jpg,441875,height,25.0 centimetre
https://m.media-amazon.com/images/I/51C1SidUAIL.jpg,441875,height,28.0 centimetre
https://m.media-amazon.com/images/I/61FAkuq1CGL.jpg,441875,height,15.4 centimetre
https://m.media-amazon.com/images/I/61Aw1awLQyL.jpg,441875,height,15.4 centimetre
https://m.media-amazon.com/images/I/610jBWmY7TL.jpg,441875,height,40.0 centimetre
https://m.media-amazon.com/images/I/616H6WQSCiL.jpg,441875,height,7.87 inch
https://m.media-amazon.com/images/I/51gMITAH65L.jpg,441875,height,4.52 inch
https://m.media-amazon.com/images/I/51v-F9CfARL.jpg,441875,height,25.0 centimetre
https://m.media-amazon.com/images/I/514QIO6q0TL.jpg,441875,height,40.0 millimetre
https://m.media-amazon.com/images/I/51nMXlI+rxL.jpg,441875,height,8.07 inch
https://m.media-amazon.com/images/I/61+-E9X1mrL.jpg,441875,height,18.0 centimetre
https://m.media-amazon.com/images/I/51ZgGe6dTgL.jpg,441875,height,6.29 inch
https://m.media-amazon.com/images/I/61GECoiNCGL.jpg,441875,height,120.0 millimetre
https://m.media-amazon.com/images/I/51YHbnXa4CL.jpg,441875,height,18.6 centimetre
https://m.media-amazon.com/images/I/61AOYVi3PLL.jpg,441875,height,19.5 centimetre
https://m.media-amazon.com/images/I/51KwqIPg7rL.jpg,441875,height,19.3 inch
https://m.media-amazon.com/images/I/51afC3OXKUL.jpg,441875,height,18.0 inch
