image_link,group_id,entity_name,entity_value
https://m.media-amazon.com/images/I/61CvgQNCUBL.jpg,492950,width,2.5 centimetre
https://m.media-amazon.com/images/I/514s3eeezsL.jpg,492950,width,11.0 centimetre
https://m.media-amazon.com/images/I/51A+LVTjTNS.jpg,492950,width,25.0 centimetre
https://m.media-amazon.com/images/I/51ni02xZqLL.jpg,492950,width,6.2 centimetre
https://m.media-amazon.com/images/I/51cd1YFhu0L.jpg,492950,width,180.0 millimetre
https://m.media-amazon.com/images/I/51+wsIl-zUL.jpg,492950,width,7.5 centimetre
https://m.media-amazon.com/images/I/51+wsIl-zUL.jpg,492950,height,5.5 centimetre
https://m.media-amazon.com/images/I/512LHRW+sgL.jpg,492950,width,1.37 inch
https://m.media-amazon.com/images/I/614hh+wsybL.jpg,492950,width,3.9 inch
https://m.media-amazon.com/images/I/51zrOWrW1-L.jpg,492950,width,12.2531 centimetre
https://m.media-amazon.com/images/I/51EQfY4kuEL.jpg,492950,width,13.0 centimetre
https://m.media-amazon.com/images/I/51Re5Z1MCQL.jpg,492950,width,28.0 centimetre
https://m.media-amazon.com/images/I/516Ah1+9YML.jpg,492950,width,10.0 centimetre
https://m.media-amazon.com/images/I/41B9oeAEfpL.jpg,492950,width,4.9 inch
https://m.media-amazon.com/images/I/61BXFkO7rpL.jpg,492950,width,7.08 inch
https://m.media-amazon.com/images/I/517wmGaHaSL.jpg,492950,width,58.0 millimetre
https://m.media-amazon.com/images/I/41ag3AbDafL.jpg,492950,width,7.0 centimetre
https://m.media-amazon.com/images/I/6151PwHuCUL.jpg,492950,width,3.42 inch
https://m.media-amazon.com/images/I/6151PwHuCUL.jpg,492950,height,3.74 inch
https://m.media-amazon.com/images/I/51N8teQN6iL.jpg,492950,width,210.0 millimetre
https://m.media-amazon.com/images/I/614d5rNpglL.jpg,492950,width,4.0 centimetre
https://m.media-amazon.com/images/I/613dbqcluWL.jpg,492950,width,4.5 inch
https://m.media-amazon.com/images/I/613dbqcluWL.jpg,492950,height,11.5 inch
https://m.media-amazon.com/images/I/61AsQ9b6RuL.jpg,492950,width,7.0 centimetre
https://m.media-amazon.com/images/I/51Rxh7GzqHL.jpg,492950,width,4.06 inch
https://m.media-amazon.com/images/I/610YokOVTSL.jpg,492950,width,10.5 centimetre
https://m.media-amazon.com/images/I/616JXeMQMlL.jpg,492950,width,27.5 centimetre
https://m.media-amazon.com/images/I/616JXeMQMlL.jpg,492950,height,23.0 centimetre
https://m.media-amazon.com/images/I/51eCcCCheWL.jpg,492950,width,8.0 centimetre
https://m.media-amazon.com/images/I/51aPOxPChpL.jpg,492950,width,16.0 centimetre
https://m.media-amazon.com/images/I/51dUSDCcYbL.jpg,492950,width,12.0 centimetre
https://m.media-amazon.com/images/I/51RE2Ka9dlL.jpg,492950,width,10.5 centimetre
https://m.media-amazon.com/images/I/61EKnQB-VtL.jpg,492950,width,7.0 centimetre
https://m.media-amazon.com/images/I/61945JPXPyL.jpg,492950,width,2.76 inch
https://m.media-amazon.com/images/I/51OdfL9G0tL.jpg,492950,width,10.0 centimetre
https://m.media-amazon.com/images/I/618CraQnLtL.jpg,492950,width,10.0 centimetre
https://m.media-amazon.com/images/I/618U-t+82gS.jpg,492950,width,3.0 inch
https://m.media-amazon.com/images/I/51Oxhs5UnlL.jpg,492950,width,4.33 inch
https://m.media-amazon.com/images/I/617INMiEpHL.jpg,492950,width,3.9 inch
https://m.media-amazon.com/images/I/51PoqcOvPoL.jpg,492950,width,8.0 centimetre
https://m.media-amazon.com/images/I/51PoqcOvPoL.jpg,492950,height,12.0 inch
https://m.media-amazon.com/images/I/51VhqqkC-IL.jpg,492950,width,2.0 inch
https://m.media-amazon.com/images/I/610IUZSp-jL.jpg,492950,width,10.5 centimetre
https://m.media-amazon.com/images/I/51biPAAElxL.jpg,492950,depth,3.35 inch
https://m.media-amazon.com/images/I/612CXfIFaXL.jpg,492950,depth,19.8 inch
https://m.media-amazon.com/images/I/514PVTcC1ML.jpg,492950,depth,20.0 centimetre
https://m.media-amazon.com/images/I/51kfuNTiUWL.jpg,492950,depth,25.0 centimetre
https://m.media-amazon.com/images/I/51WdVtkPdlL.jpg,492950,depth,27.5 centimetre
https://m.media-amazon.com/images/I/414+P1L2hjL.jpg,492950,depth,6.0 inch
https://m.media-amazon.com/images/I/51YZSunPqNL.jpg,492950,depth,10.0 centimetre
https://m.media-amazon.com/images/I/51oahwZGiHL.jpg,492950,depth,6.8 centimetre
https://m.media-amazon.com/images/I/51evzPg-y6L.jpg,492950,depth,10.8 inch
https://m.media-amazon.com/images/I/61DmKXLz+nL.jpg,492950,depth,27.5 centimetre
https://m.media-amazon.com/images/I/61A6ctSns2S.jpg,492950,depth,7.4 centimetre
https://m.media-amazon.com/images/I/617LrNeEt7L.jpg,492950,depth,7.8 inch
https://m.media-amazon.com/images/I/61-gC6g-e2L.jpg,492950,depth,22.0 centimetre
https://m.media-amazon.com/images/I/51sMe9EOuJL.jpg,492950,depth,22.5 centimetre
https://m.media-amazon.com/images/I/61AEeA0Jg-L.jpg,492950,depth,4.0 inch
https://m.media-amazon.com/images/I/61-ZfcCFkyL.jpg,492950,depth,20.0 centimetre
https://m.media-amazon.com/images/I/51D9AlmNqUS.jpg,492950,depth,15.0 centimetre
https://m.media-amazon.com/images/I/51orws504zL.jpg,492950,depth,4.72 inch
https://m.media-amazon.com/images/I/51orws504zL.jpg,492950,height,2.36 inch
https://m.media-amazon.com/images/I/51p30BdGomL.jpg,492950,depth,5.51 inch
https://m.media-amazon.com/images/I/61B2q7n1r3L.jpg,492950,depth,13.5 centimetre
https://m.media-amazon.com/images/I/61B2q7n1r3L.jpg,492950,height,16.0 centimetre
https://m.media-amazon.com/images/I/51jwn3UVo9L.jpg,492950,depth,20.0 centimetre
https://m.media-amazon.com/images/I/51zeDTJZVeL.jpg,492950,depth,27.5 centimetre
https://m.media-amazon.com/images/I/51paq1lqbdL.jpg,492950,depth,10.8 inch
https://m.media-amazon.com/images/I/51+qjFSyalL.jpg,492950,depth,27.5 centimetre
https://m.media-amazon.com/images/I/614SmRoK57L.jpg,492950,depth,19.8 inch
https://m.media-amazon.com/images/I/61-zTQLfzcL.jpg,492950,depth,9.5 centimetre
https://m.media-amazon.com/images/I/51vqHpfThzL.jpg,492950,depth,32.8 centimetre
https://m.media-amazon.com/images/I/51hw7C6x1yL.jpg,492950,depth,27.5 centimetre
https://m.media-amazon.com/images/I/51OpxVDMSQL.jpg,492950,depth,24.6 centimetre
https://m.media-amazon.com/images/I/515chcD22IL.jpg,492950,depth,5.0 inch
https://m.media-amazon.com/images/I/41sWg71kGaL.jpg,492950,depth,29.0 centimetre
https://m.media-amazon.com/images/I/51uuKMehNpL.jpg,492950,depth,8.5 centimetre
https://m.media-amazon.com/images/I/61805yw5a8L.jpg,492950,depth,20.0 centimetre
https://m.media-amazon.com/images/I/51tDENmq4RL.jpg,492950,depth,6.0 centimetre
https://m.media-amazon.com/images/I/51jxuyf79SL.jpg,492950,depth,10.0 centimetre
https://m.media-amazon.com/images/I/51Q63x2VXZL.jpg,492950,depth,15.3 centimetre
https://m.media-amazon.com/images/I/618ERzE9JXL.jpg,492950,depth,5.83 inch
https://m.media-amazon.com/images/I/618ERzE9JXL.jpg,492950,height,3.75 inch
https://m.media-amazon.com/images/I/41MIaowvC0L.jpg,492950,depth,27.5 centimetre
https://m.media-amazon.com/images/I/41MIaowvC0L.jpg,492950,height,23.0 centimetre
https://m.media-amazon.com/images/I/51FaJHKck-L.jpg,492950,depth,19.5 centimetre
https://m.media-amazon.com/images/I/51FaJHKck-L.jpg,492950,height,7.0 centimetre
https://m.media-amazon.com/images/I/41zYQR0i8BL.jpg,492950,depth,18.0 centimetre
https://m.media-amazon.com/images/I/41BCiS-W0eL.jpg,492950,height,6.3 centimetre
https://m.media-amazon.com/images/I/611SPKAIOML.jpg,492950,height,8.7 centimetre
https://m.media-amazon.com/images/I/615vAWjF9ZL.jpg,492950,height,7.0 inch
https://m.media-amazon.com/images/I/51oQmLrcexL.jpg,492950,height,3.0 inch
https://m.media-amazon.com/images/I/61Dufe5JVkL.jpg,492950,height,8.0 centimetre
https://m.media-amazon.com/images/I/61D+nl-W+YL.jpg,492950,height,6.49 inch
https://m.media-amazon.com/images/I/51LzDkLdj-L.jpg,492950,height,23.0 centimetre
https://m.media-amazon.com/images/I/51z5UOODz+L.jpg,492950,height,2.95 inch
https://m.media-amazon.com/images/I/61DemkT5TaL.jpg,492950,height,23.0 centimetre
https://m.media-amazon.com/images/I/61DqAbb-OfL.jpg,492950,height,6.69 inch
https://m.media-amazon.com/images/I/619tTl1KyCL.jpg,492950,height,2.0 inch
https://m.media-amazon.com/images/I/616dwsY7TcL.jpg,492950,height,40.0 centimetre
https://m.media-amazon.com/images/I/51CZOqWcZ1L.jpg,492950,height,6.8 centimetre
https://m.media-amazon.com/images/I/613b7QFQXGL.jpg,492950,height,3.0 centimetre
https://m.media-amazon.com/images/I/618gCSBKryL.jpg,492950,height,26.6 centimetre
https://m.media-amazon.com/images/I/6137rz4PZzL.jpg,492950,height,15.0 centimetre
https://m.media-amazon.com/images/I/619BB3bMg+L.jpg,492950,height,10.31 inch
https://m.media-amazon.com/images/I/41lnY7sDXVL.jpg,492950,height,17.0 centimetre
https://m.media-amazon.com/images/I/612dps7EoDL.jpg,492950,height,9.06 inch
https://m.media-amazon.com/images/I/61+Th+eTH5L.jpg,492950,height,24.0 centimetre
https://m.media-amazon.com/images/I/41G1q0dlE0S.jpg,492950,height,19.5 centimetre
https://m.media-amazon.com/images/I/51Ooda+xsHL.jpg,492950,height,17.0 centimetre
https://m.media-amazon.com/images/I/51Q815J8DcL.jpg,492950,height,9.06 inch
https://m.media-amazon.com/images/I/41ke68gZWeL.jpg,492950,height,6.3 centimetre
https://m.media-amazon.com/images/I/614L1Y2uNFS.jpg,492950,height,15.0 centimetre
https://m.media-amazon.com/images/I/51eX5mPvDOL.jpg,492950,height,23.0 centimetre
https://m.media-amazon.com/images/I/51E3mNJSY6L.jpg,492950,height,23.0 centimetre
https://m.media-amazon.com/images/I/51MEtE-MyAL.jpg,492950,height,87.0 millimetre
https://m.media-amazon.com/images/I/61F273n0lKL.jpg,492950,height,12.0 centimetre
https://m.media-amazon.com/images/I/61Bit63fSOL.jpg,492950,height,26.5 centimetre
https://m.media-amazon.com/images/I/51u8ZVFGN7L.jpg,492950,height,25.0 centimetre
https://m.media-amazon.com/images/I/51CbYZRGa9L.jpg,492950,height,2.6 inch
https://m.media-amazon.com/images/I/51tXDNCxSQL.jpg,492950,height,15.0 centimetre
https://m.media-amazon.com/images/I/615R5JK-imL.jpg,492950,height,148.0 millimetre
https://m.media-amazon.com/images/I/61Fy8isVFnS.jpg,492950,height,26.0 centimetre
