image_link,group_id,entity_name,entity_value
https://m.media-amazon.com/images/I/51+OCs4BmjL.jpg,235693,width,11.0 centimetre
https://m.media-amazon.com/images/I/512WTpEncqL.jpg,235693,width,32.5 centimetre
https://m.media-amazon.com/images/I/512WTpEncqL.jpg,235693,depth,45.0 centimetre
https://m.media-amazon.com/images/I/518ntF2EehL.jpg,235693,width,183.0 millimetre
https://m.media-amazon.com/images/I/618gNyT9sTL.jpg,235693,width,146.0 millimetre
https://m.media-amazon.com/images/I/51YwGIpkIaL.jpg,235693,width,40.0 centimetre
https://m.media-amazon.com/images/I/6140tKx-piL.jpg,235693,width,5.0 centimetre
https://m.media-amazon.com/images/I/41tLVFMQKuS.jpg,235693,width,42.0 millimetre
https://m.media-amazon.com/images/I/61AI1nqAzcL.jpg,235693,width,1.221 inch
https://m.media-amazon.com/images/I/41KtOQOwW5L.jpg,235693,width,3.8 inch
https://m.media-amazon.com/images/I/51KB1VlEb6S.jpg,235693,width,45.0 millimetre
https://m.media-amazon.com/images/I/51gEB3y72QL.jpg,235693,width,37.0 millimetre
https://m.media-amazon.com/images/I/51oqjEk1BrL.jpg,235693,width,12.18 inch
https://m.media-amazon.com/images/I/51SM+63t8UL.jpg,235693,width,5.0 centimetre
https://m.media-amazon.com/images/I/61GKPilyvSL.jpg,235693,width,4.0 centimetre
https://m.media-amazon.com/images/I/61GKPilyvSL.jpg,235693,height,12.0 centimetre
https://m.media-amazon.com/images/I/51pZXoDD8ML.jpg,235693,width,29.0 centimetre
https://m.media-amazon.com/images/I/41WftwPkrqL.jpg,235693,width,90.0 millimetre
https://m.media-amazon.com/images/I/51N3xvIrQfL.jpg,235693,width,285.0 millimetre
https://m.media-amazon.com/images/I/51Q577RtBHL.jpg,235693,width,32.0 millimetre
https://m.media-amazon.com/images/I/51TSB5FFhSL.jpg,235693,width,241.0 millimetre
https://m.media-amazon.com/images/I/51YAfWybH3L.jpg,235693,width,33.0 centimetre
https://m.media-amazon.com/images/I/5118tmFORxL.jpg,235693,width,14.5 inch
https://m.media-amazon.com/images/I/61FuchEmUML.jpg,235693,width,241.0 millimetre
https://m.media-amazon.com/images/I/51ELz4o1WUL.jpg,235693,width,3.0 centimetre
https://m.media-amazon.com/images/I/51ZVljjU5zL.jpg,235693,width,57.0 millimetre
https://m.media-amazon.com/images/I/51SSbcukLUL.jpg,235693,width,87.5 millimetre
https://m.media-amazon.com/images/I/6124RECJS7L.jpg,235693,width,3.327 inch
https://m.media-amazon.com/images/I/51haF-45PgL.jpg,235693,width,26.0 centimetre
https://m.media-amazon.com/images/I/515l0UZgXeL.jpg,235693,width,103.0 millimetre
https://m.media-amazon.com/images/I/615EL1v6c3L.jpg,235693,width,9.5 inch
https://m.media-amazon.com/images/I/615EL1v6c3L.jpg,235693,depth,22.0 inch
https://m.media-amazon.com/images/I/610VSmQWtLL.jpg,235693,width,23.0 inch
https://m.media-amazon.com/images/I/41XVCYy9zuL.jpg,235693,width,1.4 inch
https://m.media-amazon.com/images/I/51jZFbeoC3L.jpg,235693,width,21.0 inch
https://m.media-amazon.com/images/I/51sNO8OXEZL.jpg,235693,width,105.0 millimetre
https://m.media-amazon.com/images/I/51XMHK9mZWL.jpg,235693,width,5.5 centimetre
https://m.media-amazon.com/images/I/614IL1wRFIL.jpg,235693,width,241.0 millimetre
https://m.media-amazon.com/images/I/61DjvMdgGlL.jpg,235693,width,1.97 inch
https://m.media-amazon.com/images/I/41E8HiysSTL.jpg,235693,width,5.0 centimetre
https://m.media-amazon.com/images/I/51k7+EbF6fL.jpg,235693,width,32.0 centimetre
https://m.media-amazon.com/images/I/51j0yZKkRnL.jpg,235693,depth,14.0 centimetre
https://m.media-amazon.com/images/I/51j0yZKkRnL.jpg,235693,height,4.0 centimetre
https://m.media-amazon.com/images/I/51Pl+gI6P+L.jpg,235693,depth,102.0 centimetre
https://m.media-amazon.com/images/I/51A7frvd3TL.jpg,235693,depth,15.77 inch
https://m.media-amazon.com/images/I/614PDYDHAUL.jpg,235693,depth,220.0 millimetre
https://m.media-amazon.com/images/I/51k-F8SXG8L.jpg,235693,depth,36.2 inch
https://m.media-amazon.com/images/I/51k-F8SXG8L.jpg,235693,height,2.2 inch
https://m.media-amazon.com/images/I/51BkVqEJuEL.jpg,235693,depth,105.0 centimetre
https://m.media-amazon.com/images/I/51DBgaH2oeL.jpg,235693,depth,15.77 inch
https://m.media-amazon.com/images/I/516JJGdghGL.jpg,235693,depth,235.0 millimetre
https://m.media-amazon.com/images/I/41xjWPOe1zL.jpg,235693,depth,4.1 inch
https://m.media-amazon.com/images/I/51C2f+4hygL.jpg,235693,depth,13.0 millimetre
https://m.media-amazon.com/images/I/6145Sztc1TL.jpg,235693,depth,9.5 inch
https://m.media-amazon.com/images/I/415oRvcAdFL.jpg,235693,depth,14.0 centimetre
https://m.media-amazon.com/images/I/51UPeJvD3NL.jpg,235693,depth,86.0 centimetre
https://m.media-amazon.com/images/I/618bvJKRNsL.jpg,235693,depth,112.0 millimetre
https://m.media-amazon.com/images/I/51UKpPEpo9L.jpg,235693,depth,96.0 centimetre
https://m.media-amazon.com/images/I/612ytcS8LxL.jpg,235693,depth,281.0 millimetre
https://m.media-amazon.com/images/I/51hx39c5D1L.jpg,235693,depth,104.5 centimetre
https://m.media-amazon.com/images/I/615MhgbpjtL.jpg,235693,depth,222.0 millimetre
https://m.media-amazon.com/images/I/51pIjnF13CL.jpg,235693,depth,99.5 centimetre
https://m.media-amazon.com/images/I/61FKOOtp89L.jpg,235693,depth,314.0 millimetre
https://m.media-amazon.com/images/I/61FiQHJpM0L.jpg,235693,depth,115.0 millimetre
https://m.media-amazon.com/images/I/51CrdVhmZYL.jpg,235693,depth,96.0 centimetre
https://m.media-amazon.com/images/I/51+IhG8s28L.jpg,235693,depth,38.58 inch
https://m.media-amazon.com/images/I/51Qf+3EtYHL.jpg,235693,depth,1035.0 millimetre
https://m.media-amazon.com/images/I/617hNW+IRsL.jpg,235693,depth,44.5 centimetre
https://m.media-amazon.com/images/I/51x8tqUR3GL.jpg,235693,depth,45.0 centimetre
https://m.media-amazon.com/images/I/51x8tqUR3GL.jpg,235693,height,1.7 inch
https://m.media-amazon.com/images/I/61--S30ByAL.jpg,235693,depth,98.0 centimetre
https://m.media-amazon.com/images/I/617-aDrcl2L.jpg,235693,depth,210.0 millimetre
https://m.media-amazon.com/images/I/51KElHDWatL.jpg,235693,depth,41.0 inch
https://m.media-amazon.com/images/I/51dzn6O8eXL.jpg,235693,depth,41.0 inch
https://m.media-amazon.com/images/I/61CnPbE1lrL.jpg,235693,depth,84.0 millimetre
https://m.media-amazon.com/images/I/610MOLJcclL.jpg,235693,depth,39.0 inch
https://m.media-amazon.com/images/I/51NDIHiAFaL.jpg,235693,depth,203.0 millimetre
https://m.media-amazon.com/images/I/61+AjkAaqdL.jpg,235693,depth,1030.0 millimetre
https://m.media-amazon.com/images/I/5130nXg86SL.jpg,235693,depth,641.0 millimetre
https://m.media-amazon.com/images/I/61+sJu-p1ZL.jpg,235693,depth,400.0 millimetre
https://m.media-amazon.com/images/I/31uNvfDn6IS.jpg,235693,depth,15.39 inch
https://m.media-amazon.com/images/I/513df1AoJzL.jpg,235693,depth,39.8 centimetre
https://m.media-amazon.com/images/I/51NmYBD89oL.jpg,235693,depth,265.0 millimetre
https://m.media-amazon.com/images/I/61EV9aiMwVL.jpg,235693,depth,222.0 millimetre
https://m.media-amazon.com/images/I/6119GnBMebL.jpg,235693,depth,104.0 centimetre
https://m.media-amazon.com/images/I/51bi1ftjfpL.jpg,235693,depth,300.0 millimetre
https://m.media-amazon.com/images/I/51nK1JoxZKL.jpg,235693,depth,498.0 millimetre
https://m.media-amazon.com/images/I/31HxBXgfjgL.jpg,235693,depth,10.0 centimetre
https://m.media-amazon.com/images/I/61-4Y0i2AAL.jpg,235693,depth,35.25 inch
https://m.media-amazon.com/images/I/616yHs4EA6L.jpg,235693,depth,98.0 millimetre
https://m.media-amazon.com/images/I/51CmVLEpTIL.jpg,235693,depth,26.6 inch
https://m.media-amazon.com/images/I/51fEItt9MmL.jpg,235693,depth,199.0 millimetre
https://m.media-amazon.com/images/I/51m+HyUgWLL.jpg,235693,depth,107.0 centimetre
https://m.media-amazon.com/images/I/61FKjlgsZkL.jpg,235693,depth,44.8 centimetre
https://m.media-amazon.com/images/I/612LCob36YL.jpg,235693,depth,83.0 centimetre
https://m.media-amazon.com/images/I/617A6jQWqOL.jpg,235693,depth,25.5 inch
https://m.media-amazon.com/images/I/61-11GHAv0L.jpg,235693,depth,510.0 millimetre
https://m.media-amazon.com/images/I/51gHiDJ05TL.jpg,235693,depth,864.0 millimetre
https://m.media-amazon.com/images/I/51rINpRnvCS.jpg,235693,depth,281.0 millimetre
https://m.media-amazon.com/images/I/61-1kqYi9QL.jpg,235693,depth,20.0 inch
https://m.media-amazon.com/images/I/61-1kqYi9QL.jpg,235693,height,1.4 inch
https://m.media-amazon.com/images/I/51xAppFYUpL.jpg,235693,height,73.66 millimetre
https://m.media-amazon.com/images/I/6160HArwPxL.jpg,235693,height,4.0 inch
https://m.media-amazon.com/images/I/61ElTtNsEDL.jpg,235693,height,15.0 millimetre
https://m.media-amazon.com/images/I/51NU0OEABBL.jpg,235693,height,78.0 millimetre
https://m.media-amazon.com/images/I/518KfH0qRvL.jpg,235693,height,6.0 centimetre
https://m.media-amazon.com/images/I/51NpBoTv3yL.jpg,235693,height,5.0 centimetre
https://m.media-amazon.com/images/I/51hmyTydMWL.jpg,235693,height,5.0 centimetre
https://m.media-amazon.com/images/I/31tg8P0sFYL.jpg,235693,height,5.9 inch
https://m.media-amazon.com/images/I/412J7g6hsFS.jpg,235693,height,11.5 centimetre
https://m.media-amazon.com/images/I/613GqYsQZnL.jpg,235693,height,4.8 inch
https://m.media-amazon.com/images/I/61+xpo-sWrL.jpg,235693,height,5.5 centimetre
https://m.media-amazon.com/images/I/51+Okqr+QnL.jpg,235693,height,4.5 centimetre
https://m.media-amazon.com/images/I/51FaWMV4jfL.jpg,235693,height,31.0 millimetre
https://m.media-amazon.com/images/I/410oSUfUjeL.jpg,235693,height,98.0 millimetre
https://m.media-amazon.com/images/I/61AOErQvBIL.jpg,235693,height,90.0 millimetre
https://m.media-amazon.com/images/I/51xqZw33cAL.jpg,235693,height,8.5 centimetre
https://m.media-amazon.com/images/I/51UPVBSNTEL.jpg,235693,height,9.0 centimetre
https://m.media-amazon.com/images/I/51NsGIWmWfL.jpg,235693,height,10.8 millimetre
https://m.media-amazon.com/images/I/411Ci5ZbFkL.jpg,235693,height,14.0 centimetre
https://m.media-amazon.com/images/I/51K296CZl7L.jpg,235693,height,26.0 millimetre
https://m.media-amazon.com/images/I/61Bg4Uyn7XL.jpg,235693,height,110.9 millimetre
https://m.media-amazon.com/images/I/615kqF4Q8hL.jpg,235693,height,101.5 millimetre
https://m.media-amazon.com/images/I/51qQ5JVCjDL.jpg,235693,height,17.0 millimetre
https://m.media-amazon.com/images/I/51ppgzb3nFL.jpg,235693,height,11.5 millimetre
https://m.media-amazon.com/images/I/61Aejn6u5kL.jpg,235693,height,12.1 centimetre
https://m.media-amazon.com/images/I/61AYqxsm-JL.jpg,235693,height,7.5 centimetre
https://m.media-amazon.com/images/I/51VJzyTadDL.jpg,235693,height,8.5 centimetre
https://m.media-amazon.com/images/I/51c6WiDcYyL.jpg,235693,height,3.279 inch
https://m.media-amazon.com/images/I/51LOyx8-yML.jpg,235693,height,110.0 millimetre
https://m.media-amazon.com/images/I/51eubKQptIL.jpg,235693,height,85.0 millimetre
https://m.media-amazon.com/images/I/51Qnhk9qbgL.jpg,235693,height,6.5 centimetre
https://m.media-amazon.com/images/I/513DrJdIpwL.jpg,235693,height,15.5 centimetre
https://m.media-amazon.com/images/I/41W7xf72wdL.jpg,235693,height,8.0 centimetre
https://m.media-amazon.com/images/I/5118w63rGPL.jpg,235693,height,47.0 millimetre
https://m.media-amazon.com/images/I/61Ff8nOp66L.jpg,235693,height,98.0 millimetre
https://m.media-amazon.com/images/I/51zlbX3NxtS.jpg,235693,height,1.89 inch
https://m.media-amazon.com/images/I/518IaiZMvJL.jpg,235693,height,26.0 millimetre
https://m.media-amazon.com/images/I/51sT2+24W6L.jpg,235693,height,3.0 centimetre
https://m.media-amazon.com/images/I/51t9BAQVS+L.jpg,235693,height,72.0 millimetre
https://m.media-amazon.com/images/I/616Zxy7RTyL.jpg,235693,height,22.0 millimetre
https://m.media-amazon.com/images/I/51UKBIJoXCL.jpg,235693,height,4.5 centimetre
https://m.media-amazon.com/images/I/51ejqpUEo9L.jpg,235693,height,43.0 millimetre
https://m.media-amazon.com/images/I/51an9tJWnaL.jpg,235693,height,5.9 centimetre
https://m.media-amazon.com/images/I/51A-XyknpNL.jpg,235693,height,76.0 millimetre
https://m.media-amazon.com/images/I/513-ppx3QpL.jpg,235693,height,2.2 inch
https://m.media-amazon.com/images/I/612bZgqV6JL.jpg,235693,height,52.5 millimetre
https://m.media-amazon.com/images/I/616QE+PYGvL.jpg,235693,height,11.0 centimetre
https://m.media-amazon.com/images/I/51z90K-pWXL.jpg,235693,height,8.5 centimetre
https://m.media-amazon.com/images/I/51S7TTrITaL.jpg,235693,height,78.0 millimetre
https://m.media-amazon.com/images/I/61GLGW25AeL.jpg,235693,height,4.3 inch
https://m.media-amazon.com/images/I/51fu-8sw02S.jpg,235693,height,27.0 millimetre
https://m.media-amazon.com/images/I/51rHXV+rU4L.jpg,235693,height,1.732 inch
https://m.media-amazon.com/images/I/51Q5jKWP5lL.jpg,235693,height,6.0 centimetre
https://m.media-amazon.com/images/I/51vyloAgRWL.jpg,235693,height,17.0 millimetre
https://m.media-amazon.com/images/I/51tjw3Z0aqL.jpg,235693,height,83.6 millimetre
https://m.media-amazon.com/images/I/51Wq+ECm8BL.jpg,235693,height,1.488 inch
https://m.media-amazon.com/images/I/616I-y3a7FL.jpg,235693,height,78.0 millimetre
https://m.media-amazon.com/images/I/51v1OR6yDfL.jpg,235693,height,101.6 millimetre
https://m.media-amazon.com/images/I/4165LnQCOxL.jpg,235693,height,4.24 inch
https://m.media-amazon.com/images/I/51HF+uCufgL.jpg,235693,height,11.0 centimetre
https://m.media-amazon.com/images/I/51cMRj7Q7DL.jpg,235693,height,10.5 centimetre
https://m.media-amazon.com/images/I/411P6VZZbeL.jpg,235693,height,72.0 millimetre
https://m.media-amazon.com/images/I/619VjQaFUqL.jpg,235693,height,85.8 millimetre
https://m.media-amazon.com/images/I/51mFazraRnL.jpg,235693,height,57.0 millimetre
https://m.media-amazon.com/images/I/51YDK8k+HpL.jpg,235693,height,64.5 millimetre
https://m.media-amazon.com/images/I/515CWTyL3hL.jpg,235693,height,63.5 millimetre
https://m.media-amazon.com/images/I/515yz5-medL.jpg,235693,height,64.0 millimetre
https://m.media-amazon.com/images/I/619RuefZauL.jpg,235693,height,1.579 inch
https://m.media-amazon.com/images/I/612MTR4vTML.jpg,235693,height,8.5 centimetre
https://m.media-amazon.com/images/I/614uSfEHl3L.jpg,235693,height,2.0 inch
https://m.media-amazon.com/images/I/61A82JDoTgL.jpg,235693,height,50.0 millimetre
https://m.media-amazon.com/images/I/51MhMhJabZL.jpg,235693,height,32.0 millimetre
https://m.media-amazon.com/images/I/51SXgoMR6vL.jpg,235693,height,29.0 millimetre
https://m.media-amazon.com/images/I/510886Y0yWL.jpg,235693,height,2.2 inch
https://m.media-amazon.com/images/I/51x4w0ft2yL.jpg,235693,height,5.9 inch
https://m.media-amazon.com/images/I/619yGfZ2JCL.jpg,235693,height,3.3 inch
https://m.media-amazon.com/images/I/51lDjcOATtL.jpg,235693,height,70.0 millimetre
https://m.media-amazon.com/images/I/517sUcab59L.jpg,235693,height,8.5 centimetre
https://m.media-amazon.com/images/I/512b0st3AyL.jpg,235693,height,1.7 inch
https://m.media-amazon.com/images/I/61BVvB+yzIL.jpg,235693,height,52.0 millimetre
https://m.media-amazon.com/images/I/51bn7ZGAyVL.jpg,235693,height,50.0 millimetre
https://m.media-amazon.com/images/I/41gp9msyQVL.jpg,235693,height,1.9 inch
