image_link,group_id,entity_name,entity_value
https://m.media-amazon.com/images/I/51GtDRWGISL.jpg,220662,height,7.0 centimetre
https://m.media-amazon.com/images/I/51Ek8IB2SqL.jpg,220662,width,10.5 centimetre
https://m.media-amazon.com/images/I/51xWzbHuUIL.jpg,220662,width,31.8 millimetre
https://m.media-amazon.com/images/I/61BFksZg2DS.jpg,220662,width,5.5 centimetre
https://m.media-amazon.com/images/I/51sIOiHlFWL.jpg,220662,width,11.3 centimetre
https://m.media-amazon.com/images/I/61F9AT77wIL.jpg,220662,width,4.5 centimetre
https://m.media-amazon.com/images/I/41xDiqK7wfL.jpg,220662,width,4.22 inch
https://m.media-amazon.com/images/I/510HOjg4E6L.jpg,220662,width,192.0 millimetre
https://m.media-amazon.com/images/I/51-HK9dRW5L.jpg,220662,width,7.0 centimetre
https://m.media-amazon.com/images/I/61CcwU3bPFL.jpg,220662,width,8.3 centimetre
https://m.media-amazon.com/images/I/51U0O1mh67L.jpg,220662,width,12.0 centimetre
https://m.media-amazon.com/images/I/61BOy1By13L.jpg,220662,width,108.0 millimetre
https://m.media-amazon.com/images/I/617jRrA68xL.jpg,220662,width,88.0 millimetre
https://m.media-amazon.com/images/I/616GHk+utBS.jpg,220662,width,7.0 centimetre
https://m.media-amazon.com/images/I/511u3-v7LzL.jpg,220662,width,14.5 centimetre
https://m.media-amazon.com/images/I/51J1TlOJnDL.jpg,220662,width,57.0 millimetre
https://m.media-amazon.com/images/I/51Nx4rAFo-L.jpg,220662,width,8.0 centimetre
https://m.media-amazon.com/images/I/61+xqyn5kcL.jpg,220662,width,3.34 inch
https://m.media-amazon.com/images/I/61+MOreaomL.jpg,220662,width,32.0 millimetre
https://m.media-amazon.com/images/I/51Dx2ZbWkHL.jpg,220662,width,4.5 centimetre
https://m.media-amazon.com/images/I/51Dx2ZbWkHL.jpg,220662,height,4.5 centimetre
https://m.media-amazon.com/images/I/61258ba52TL.jpg,220662,width,10.0 centimetre
https://m.media-amazon.com/images/I/61AQYUGBq6L.jpg,220662,width,3.93 inch
https://m.media-amazon.com/images/I/61AQYUGBq6L.jpg,220662,depth,3.93 inch
https://m.media-amazon.com/images/I/615T-FR7vUL.jpg,220662,width,5.9 centimetre
https://m.media-amazon.com/images/I/615T-FR7vUL.jpg,220662,depth,8.2 centimetre
https://m.media-amazon.com/images/I/615T-FR7vUL.jpg,220662,height,18.0 centimetre
https://m.media-amazon.com/images/I/51wCQBmOOmL.jpg,220662,width,9.0 centimetre
https://m.media-amazon.com/images/I/61CBuzAWaQL.jpg,220662,width,3.94 inch
https://m.media-amazon.com/images/I/41POWCIHt0L.jpg,220662,width,9.1 centimetre
https://m.media-amazon.com/images/I/41POWCIHt0L.jpg,220662,depth,17.3 centimetre
https://m.media-amazon.com/images/I/51-DAzrEt6L.jpg,220662,width,6.8 centimetre
https://m.media-amazon.com/images/I/51MqPciks+L.jpg,220662,width,10.0 centimetre
https://m.media-amazon.com/images/I/510yyWfcC7L.jpg,220662,width,4.25 inch
https://m.media-amazon.com/images/I/51nC23381mL.jpg,220662,width,2.5 inch
https://m.media-amazon.com/images/I/616VyWumrVL.jpg,220662,width,72.0 millimetre
https://m.media-amazon.com/images/I/51YBu7tWHDL.jpg,220662,width,9.5 centimetre
https://m.media-amazon.com/images/I/51KImrMBGJL.jpg,220662,width,8.0 centimetre
https://m.media-amazon.com/images/I/610Wf8gko5L.jpg,220662,width,2.3 inch
https://m.media-amazon.com/images/I/518VbdLpL7L.jpg,220662,width,65.0 millimetre
https://m.media-amazon.com/images/I/518VbdLpL7L.jpg,220662,height,80.0 millimetre
https://m.media-amazon.com/images/I/61+zD6Fx99L.jpg,220662,width,7.5 centimetre
https://m.media-amazon.com/images/I/616EZlrCPbL.jpg,220662,width,9.0 centimetre
https://m.media-amazon.com/images/I/51bQksKFuRL.jpg,220662,width,75.0 millimetre
https://m.media-amazon.com/images/I/51QtmUWDB1L.jpg,220662,width,15.0 centimetre
https://m.media-amazon.com/images/I/61A8-Qoez5L.jpg,220662,width,3.74 inch
https://m.media-amazon.com/images/I/517mgD9swML.jpg,220662,width,97.0 millimetre
https://m.media-amazon.com/images/I/51yM+uK74YL.jpg,220662,depth,7.0 centimetre
https://m.media-amazon.com/images/I/51MU-nw1M1L.jpg,220662,width,86.0 millimetre
https://m.media-amazon.com/images/I/513QLKPhJtL.jpg,220662,width,7.0 centimetre
https://m.media-amazon.com/images/I/51mPskvh4QL.jpg,220662,width,12.0 centimetre
https://m.media-amazon.com/images/I/611KrZ2jlxS.jpg,220662,width,2.0 inch
https://m.media-amazon.com/images/I/6148jTzXRuL.jpg,220662,width,3.8 inch
https://m.media-amazon.com/images/I/61CWd7-2-sL.jpg,220662,width,6.08 centimetre
https://m.media-amazon.com/images/I/51cpot6ogpL.jpg,220662,width,2.75 inch
https://m.media-amazon.com/images/I/51dlKr0w85L.jpg,220662,width,4.0 inch
https://m.media-amazon.com/images/I/41NPB+r17OL.jpg,220662,width,11.3 centimetre
https://m.media-amazon.com/images/I/51KskG-If6L.jpg,220662,width,60.0 millimetre
https://m.media-amazon.com/images/I/51KskG-If6L.jpg,220662,depth,60.0 millimetre
https://m.media-amazon.com/images/I/51iZ983lIwL.jpg,220662,width,9.0 centimetre
https://m.media-amazon.com/images/I/615-9T4xZHL.jpg,220662,width,9.4 centimetre
https://m.media-amazon.com/images/I/61-rwqEN-9L.jpg,220662,width,75.0 millimetre
https://m.media-amazon.com/images/I/61-rwqEN-9L.jpg,220662,depth,75.0 millimetre
https://m.media-amazon.com/images/I/51WP6-+d5sL.jpg,220662,width,6.0 centimetre
https://m.media-amazon.com/images/I/51wwfvfX4qL.jpg,220662,width,3.2 inch
https://m.media-amazon.com/images/I/51siWUINTUS.jpg,220662,width,4.2 inch
https://m.media-amazon.com/images/I/51qU+7hgWqL.jpg,220662,width,9.0 centimetre
https://m.media-amazon.com/images/I/51l51SytxaL.jpg,220662,width,17.1 centimetre
https://m.media-amazon.com/images/I/51ojHXfVuVL.jpg,220662,width,7.7 centimetre
https://m.media-amazon.com/images/I/51ojHXfVuVL.jpg,220662,height,14.8 centimetre
https://m.media-amazon.com/images/I/31z5djY2d3L.jpg,220662,width,11.2 centimetre
https://m.media-amazon.com/images/I/61C20c5Z5cS.jpg,220662,width,8.0 centimetre
https://m.media-amazon.com/images/I/416yCrBHzNL.jpg,220662,width,3.3 inch
https://m.media-amazon.com/images/I/511SKGh9-aL.jpg,220662,width,2.95 inch
https://m.media-amazon.com/images/I/611czoQ9JBL.jpg,220662,width,3.75 inch
https://m.media-amazon.com/images/I/51hcgaCMU5L.jpg,220662,width,7.5 centimetre
https://m.media-amazon.com/images/I/51OFpP+ggQL.jpg,220662,width,8.0 centimetre
https://m.media-amazon.com/images/I/51BLeDFmxqL.jpg,220662,width,7.0 centimetre
https://m.media-amazon.com/images/I/51BLeDFmxqL.jpg,220662,height,0.5 centimetre
https://m.media-amazon.com/images/I/41icMkANQZL.jpg,220662,width,10.0 centimetre
https://m.media-amazon.com/images/I/614kZedF3hL.jpg,220662,width,8.0 centimetre
https://m.media-amazon.com/images/I/614kZedF3hL.jpg,220662,depth,8.0 centimetre
https://m.media-amazon.com/images/I/614kZedF3hL.jpg,220662,height,9.0 centimetre
https://m.media-amazon.com/images/I/51vHTHVitnL.jpg,220662,width,75.0 millimetre
https://m.media-amazon.com/images/I/51vHTHVitnL.jpg,220662,depth,75.0 millimetre
https://m.media-amazon.com/images/I/51EKQSTRgtL.jpg,220662,width,9.0 centimetre
https://m.media-amazon.com/images/I/615-jU+HjnL.jpg,220662,width,4.9 inch
https://m.media-amazon.com/images/I/61C8H9TlYvL.jpg,220662,width,2.0 inch
https://m.media-amazon.com/images/I/51y0uNPnlIL.jpg,220662,width,80.0 millimetre
https://m.media-amazon.com/images/I/516xsESRtFL.jpg,220662,width,9.5 centimetre
https://m.media-amazon.com/images/I/51919sYKvCL.jpg,220662,width,80.0 millimetre
https://m.media-amazon.com/images/I/419s6vc+kJL.jpg,220662,width,10.0 centimetre
https://m.media-amazon.com/images/I/51dJcYsa86L.jpg,220662,width,3.5 inch
https://m.media-amazon.com/images/I/61+mWzOftPL.jpg,220662,width,7.7 centimetre
https://m.media-amazon.com/images/I/514ChVjU5oL.jpg,220662,width,63.0 millimetre
https://m.media-amazon.com/images/I/51i8r2X81mL.jpg,220662,width,2.5 centimetre
https://m.media-amazon.com/images/I/51skEtQI9ZL.jpg,220662,width,107.0 millimetre
https://m.media-amazon.com/images/I/51skEtQI9ZL.jpg,220662,height,55.0 millimetre
https://m.media-amazon.com/images/I/510EnkevlSL.jpg,220662,width,6.8 centimetre
https://m.media-amazon.com/images/I/6137Ja+KczL.jpg,220662,width,20.5 centimetre
https://m.media-amazon.com/images/I/6137Ja+KczL.jpg,220662,depth,32.8 centimetre
https://m.media-amazon.com/images/I/51MgwwYY+vL.jpg,220662,width,2.99 inch
https://m.media-amazon.com/images/I/51MgwwYY+vL.jpg,220662,depth,3.93 inch
https://m.media-amazon.com/images/I/617F5Is-4kL.jpg,220662,width,21.5 centimetre
https://m.media-amazon.com/images/I/51PlKe1Dd3L.jpg,220662,width,3.3 inch
https://m.media-amazon.com/images/I/518mF0s4XML.jpg,220662,width,66.0 millimetre
https://m.media-amazon.com/images/I/516ocJhIZWL.jpg,220662,width,9.5 centimetre
https://m.media-amazon.com/images/I/51FEKoX9CNL.jpg,220662,width,2.6 inch
https://m.media-amazon.com/images/I/51FEKoX9CNL.jpg,220662,depth,3.5 inch
https://m.media-amazon.com/images/I/51Ccez73WeL.jpg,220662,width,9.0 centimetre
https://m.media-amazon.com/images/I/61Fj7RTlp3L.jpg,220662,width,5.5 centimetre
https://m.media-amazon.com/images/I/51T75QSCJgL.jpg,220662,width,55.0 millimetre
https://m.media-amazon.com/images/I/617WEggPI7L.jpg,220662,width,2.75 inch
https://m.media-amazon.com/images/I/616OLxIbbwL.jpg,220662,width,8.0 centimetre
https://m.media-amazon.com/images/I/51ViqP9W9oL.jpg,220662,width,10.0 centimetre
https://m.media-amazon.com/images/I/51ViqP9W9oL.jpg,220662,depth,19.5 centimetre
https://m.media-amazon.com/images/I/51+e8bs--tL.jpg,220662,width,8.0 centimetre
https://m.media-amazon.com/images/I/51EIx+NztvL.jpg,220662,width,66.0 millimetre
https://m.media-amazon.com/images/I/5127sFqLgjL.jpg,220662,width,2.6 inch
https://m.media-amazon.com/images/I/5127sFqLgjL.jpg,220662,depth,3.3 inch
https://m.media-amazon.com/images/I/618DYI6nZNL.jpg,220662,width,10.5 centimetre
https://m.media-amazon.com/images/I/51NNd91j4EL.jpg,220662,width,15.6 centimetre
https://m.media-amazon.com/images/I/51NNd91j4EL.jpg,220662,height,11.2 centimetre
https://m.media-amazon.com/images/I/519A5dJ6XNL.jpg,220662,width,6.0 centimetre
https://m.media-amazon.com/images/I/61AZ8HreeJL.jpg,220662,width,73.0 millimetre
https://m.media-amazon.com/images/I/61AZ8HreeJL.jpg,220662,height,150.0 millimetre
https://m.media-amazon.com/images/I/51aADTRF0QL.jpg,220662,width,9.1 centimetre
https://m.media-amazon.com/images/I/514dzaDZrOL.jpg,220662,width,19.0 centimetre
https://m.media-amazon.com/images/I/61DT2QrbnvL.jpg,220662,width,22.0 centimetre
https://m.media-amazon.com/images/I/610qhe7NMvL.jpg,220662,width,1.5 inch
https://m.media-amazon.com/images/I/51uluNDJPML.jpg,220662,width,8.5 centimetre
https://m.media-amazon.com/images/I/51ZsmYf749L.jpg,220662,width,80.0 millimetre
https://m.media-amazon.com/images/I/41uTa0sHE+L.jpg,220662,width,6.0 centimetre
https://m.media-amazon.com/images/I/41uTa0sHE+L.jpg,220662,height,6.0 centimetre
https://m.media-amazon.com/images/I/51PEMNBrABL.jpg,220662,width,7.0 inch
https://m.media-amazon.com/images/I/51v+gwQfx2L.jpg,220662,width,3.5 inch
https://m.media-amazon.com/images/I/41JGJbZMQLL.jpg,220662,width,8.7 centimetre
https://m.media-amazon.com/images/I/51QSfa21rHL.jpg,220662,width,10.5 centimetre
https://m.media-amazon.com/images/I/614tW26K89L.jpg,220662,width,70.0 millimetre
https://m.media-amazon.com/images/I/51FXrYrZ1zL.jpg,220662,width,6.85 centimetre
https://m.media-amazon.com/images/I/51AY4F8pLIL.jpg,220662,width,73.0 millimetre
https://m.media-amazon.com/images/I/51Zs+jpV-1L.jpg,220662,width,7.0 centimetre
https://m.media-amazon.com/images/I/612Ayg+MGvL.jpg,220662,width,7.2 centimetre
https://m.media-amazon.com/images/I/619s8dCC3fL.jpg,220662,width,7.0 centimetre
https://m.media-amazon.com/images/I/51CkHiMbD6L.jpg,220662,width,73.0 millimetre
https://m.media-amazon.com/images/I/51CkHiMbD6L.jpg,220662,height,78.0 millimetre
https://m.media-amazon.com/images/I/619elS+BhfL.jpg,220662,width,7.3 centimetre
https://m.media-amazon.com/images/I/613foN+cjDL.jpg,220662,width,19.1 centimetre
https://m.media-amazon.com/images/I/51TqTO8XUzL.jpg,220662,width,95.0 millimetre
https://m.media-amazon.com/images/I/51TqTO8XUzL.jpg,220662,height,66.0 millimetre
https://m.media-amazon.com/images/I/51VzqEjE4FL.jpg,220662,width,6.0 centimetre
https://m.media-amazon.com/images/I/619TaGU0ZaL.jpg,220662,width,8.0 centimetre
https://m.media-amazon.com/images/I/51mXe1nOcxL.jpg,220662,width,85.0 millimetre
https://m.media-amazon.com/images/I/61-Jbsf4xpL.jpg,220662,width,2.0 inch
https://m.media-amazon.com/images/I/51mrkKKUTNL.jpg,220662,width,6.35 centimetre
https://m.media-amazon.com/images/I/51QYm5Gog8L.jpg,220662,width,19.0 millimetre
https://m.media-amazon.com/images/I/61-4ZCBtgKL.jpg,220662,width,85.0 millimetre
https://m.media-amazon.com/images/I/61FU1rE1b0L.jpg,220662,width,3.5 centimetre
https://m.media-amazon.com/images/I/51IESf1opZL.jpg,220662,width,8.5 centimetre
https://m.media-amazon.com/images/I/51BOqKCy9ML.jpg,220662,width,2.75 inch
https://m.media-amazon.com/images/I/41e+7zcp2JL.jpg,220662,width,3.54 inch
https://m.media-amazon.com/images/I/41e+7zcp2JL.jpg,220662,height,3.14 inch
https://m.media-amazon.com/images/I/614ywBT7WjL.jpg,220662,width,94.0 millimetre
https://m.media-amazon.com/images/I/614ywBT7WjL.jpg,220662,depth,102.0 millimetre
https://m.media-amazon.com/images/I/51e0l0u1ciL.jpg,220662,depth,7.48 inch
https://m.media-amazon.com/images/I/611GRpV-BAL.jpg,220662,depth,3.3 inch
https://m.media-amazon.com/images/I/51VbMUzjj9L.jpg,220662,depth,3.94 inch
https://m.media-amazon.com/images/I/51KTtJa+WHL.jpg,220662,depth,28.0 centimetre
https://m.media-amazon.com/images/I/51KTtJa+WHL.jpg,220662,height,21.0 centimetre
https://m.media-amazon.com/images/I/519+zPHPcuL.jpg,220662,depth,7.01 inch
https://m.media-amazon.com/images/I/614xDIBjSCL.jpg,220662,depth,3.0 inch
https://m.media-amazon.com/images/I/61+Uj81t-IL.jpg,220662,depth,28.5 centimetre
https://m.media-amazon.com/images/I/51yDYFRIr5L.jpg,220662,depth,100.0 millimetre
https://m.media-amazon.com/images/I/619bzxF0f0L.jpg,220662,depth,9.5 centimetre
https://m.media-amazon.com/images/I/51oOshartoL.jpg,220662,depth,3.5 inch
https://m.media-amazon.com/images/I/51oOshartoL.jpg,220662,height,9.0 inch
https://m.media-amazon.com/images/I/519u5l0qIRL.jpg,220662,depth,27.3 centimetre
https://m.media-amazon.com/images/I/51kx99GfxbL.jpg,220662,depth,6.0 centimetre
https://m.media-amazon.com/images/I/41gaTzFinrL.jpg,220662,depth,55.0 centimetre
https://m.media-amazon.com/images/I/61-Ql+kHj9L.jpg,220662,depth,20.3 centimetre
https://m.media-amazon.com/images/I/610GF9YfvkL.jpg,220662,depth,3.28 inch
https://m.media-amazon.com/images/I/51UCF1+xfwL.jpg,220662,depth,117.0 millimetre
https://m.media-amazon.com/images/I/51KRp4IwgfL.jpg,220662,depth,80.0 millimetre
https://m.media-amazon.com/images/I/41fD-djCbWL.jpg,220662,depth,7.8 centimetre
https://m.media-amazon.com/images/I/61588uMXD2S.jpg,220662,depth,13.6 centimetre
https://m.media-amazon.com/images/I/515ydPB1EmL.jpg,220662,depth,9.0 centimetre
https://m.media-amazon.com/images/I/51jM4+8P1DL.jpg,220662,depth,8.0 centimetre
https://m.media-amazon.com/images/I/618jpqDgZhL.jpg,220662,depth,20.5 centimetre
https://m.media-amazon.com/images/I/41Fifl0LL1L.jpg,220662,depth,6.8 inch
https://m.media-amazon.com/images/I/51iWpSaKxFL.jpg,220662,height,84.0 millimetre
https://m.media-amazon.com/images/I/51G+4sJzhKL.jpg,220662,depth,12.0 centimetre
https://m.media-amazon.com/images/I/610rbqGqfAL.jpg,220662,depth,4.5 inch
https://m.media-amazon.com/images/I/610rbqGqfAL.jpg,220662,height,4.0 inch
https://m.media-amazon.com/images/I/51-rk-C4QRL.jpg,220662,depth,65.0 millimetre
https://m.media-amazon.com/images/I/61B2Xb70GUL.jpg,220662,depth,7.0 inch
https://m.media-amazon.com/images/I/51GrNIf+neL.jpg,220662,depth,15.0 centimetre
https://m.media-amazon.com/images/I/51-j7QzjdgL.jpg,220662,depth,9.0 centimetre
https://m.media-amazon.com/images/I/6176pzj0WCL.jpg,220662,depth,6.7 inch
https://m.media-amazon.com/images/I/41ozlPUEisS.jpg,220662,depth,10.8 inch
https://m.media-amazon.com/images/I/51ajkuGX4+L.jpg,220662,depth,3.94 inch
https://m.media-amazon.com/images/I/51ajkuGX4+L.jpg,220662,height,9.45 inch
https://m.media-amazon.com/images/I/51jriB6wAkL.jpg,220662,depth,18.5 centimetre
https://m.media-amazon.com/images/I/61F+GcLWOPS.jpg,220662,depth,22.2 centimetre
https://m.media-amazon.com/images/I/51jdTjOhFfL.jpg,220662,depth,22.5 centimetre
https://m.media-amazon.com/images/I/51WhBw+dk6L.jpg,220662,depth,265.0 millimetre
https://m.media-amazon.com/images/I/612EH6w9ZdL.jpg,220662,depth,75.0 millimetre
https://m.media-amazon.com/images/I/51SfipqG4DL.jpg,220662,depth,2.6 inch
https://m.media-amazon.com/images/I/61EWZF3e-ZL.jpg,220662,depth,18.0 centimetre
https://m.media-amazon.com/images/I/51ca+Y+JK0L.jpg,220662,depth,80.0 millimetre
https://m.media-amazon.com/images/I/51Io86Hv3LL.jpg,220662,depth,7.0 centimetre
https://m.media-amazon.com/images/I/51NXhwDO31L.jpg,220662,depth,23.0 centimetre
https://m.media-amazon.com/images/I/51xemw1YuLL.jpg,220662,depth,15.0 centimetre
https://m.media-amazon.com/images/I/51k6bevJLgL.jpg,220662,depth,19.48 inch
https://m.media-amazon.com/images/I/51L4XZK0WzL.jpg,220662,depth,35.0 centimetre
https://m.media-amazon.com/images/I/611C1Vno9oL.jpg,220662,depth,2.75 inch
https://m.media-amazon.com/images/I/51tnrc3OR7L.jpg,220662,depth,137.0 millimetre
https://m.media-amazon.com/images/I/619o2Rx2hBL.jpg,220662,depth,5.0 inch
https://m.media-amazon.com/images/I/51ZfbdJQpZL.jpg,220662,depth,9.5 centimetre
https://m.media-amazon.com/images/I/61FklT610lL.jpg,220662,depth,6.8 centimetre
https://m.media-amazon.com/images/I/41Zq84a4d+L.jpg,220662,depth,11.5 centimetre
https://m.media-amazon.com/images/I/51q0DnGS1iL.jpg,220662,depth,120.0 millimetre
https://m.media-amazon.com/images/I/51ZCMx+7VWL.jpg,220662,depth,238.0 millimetre
https://m.media-amazon.com/images/I/51MdvN+LPTL.jpg,220662,depth,6.8 centimetre
https://m.media-amazon.com/images/I/41EAbAz311L.jpg,220662,depth,11.0 inch
https://m.media-amazon.com/images/I/41EAbAz311L.jpg,220662,height,8.26 inch
https://m.media-amazon.com/images/I/51bfo2cZgvL.jpg,220662,depth,82.0 millimetre
https://m.media-amazon.com/images/I/51hNt+P00PL.jpg,220662,depth,435.0 millimetre
https://m.media-amazon.com/images/I/51ra6QHAGlL.jpg,220662,depth,86.5 millimetre
https://m.media-amazon.com/images/I/51Z55sgAH1L.jpg,220662,depth,25.0 centimetre
https://m.media-amazon.com/images/I/41U9nJvgvYL.jpg,220662,depth,100.0 millimetre
https://m.media-amazon.com/images/I/51-j8zJVWnL.jpg,220662,depth,15.0 centimetre
https://m.media-amazon.com/images/I/61CuFQvo19L.jpg,220662,depth,12.7 inch
https://m.media-amazon.com/images/I/613Yt-qecZL.jpg,220662,depth,9.0 centimetre
https://m.media-amazon.com/images/I/61EdgBtRE7L.jpg,220662,depth,9.0 centimetre
https://m.media-amazon.com/images/I/61+YJtcSeqL.jpg,220662,depth,57.0 millimetre
https://m.media-amazon.com/images/I/51tFX-DCzzL.jpg,220662,depth,7.0 centimetre
https://m.media-amazon.com/images/I/617uX+aRNLL.jpg,220662,depth,40.6 centimetre
https://m.media-amazon.com/images/I/51r0UMmqJ3L.jpg,220662,depth,8.0 centimetre
https://m.media-amazon.com/images/I/61Cl0ZRjDgL.jpg,220662,depth,12.6 inch
https://m.media-amazon.com/images/I/513nVq91lOL.jpg,220662,depth,7.0 centimetre
https://m.media-amazon.com/images/I/51awNtSiE0L.jpg,220662,depth,17.5 centimetre
https://m.media-amazon.com/images/I/51FNk-4BYlL.jpg,220662,depth,15.0 centimetre
https://m.media-amazon.com/images/I/51FNk-4BYlL.jpg,220662,height,15.0 centimetre
https://m.media-amazon.com/images/I/51N6MuqWdSL.jpg,220662,depth,3.74 inch
https://m.media-amazon.com/images/I/51Ias2zglkL.jpg,220662,depth,2.7 inch
https://m.media-amazon.com/images/I/51Ias2zglkL.jpg,220662,height,15.0 centimetre
https://m.media-amazon.com/images/I/51Q4vI15AtL.jpg,220662,depth,21.2 centimetre
https://m.media-amazon.com/images/I/51bxniuX75L.jpg,220662,depth,11.3 centimetre
https://m.media-amazon.com/images/I/51TZvC4wCQL.jpg,220662,depth,73.0 millimetre
https://m.media-amazon.com/images/I/51Z2biOGD5L.jpg,220662,depth,93.4 millimetre
https://m.media-amazon.com/images/I/416NudPYt0L.jpg,220662,depth,17.9 centimetre
https://m.media-amazon.com/images/I/615hvkIEMbL.jpg,220662,depth,3.0 inch
https://m.media-amazon.com/images/I/519+1Oh4hpL.jpg,220662,depth,10.4 centimetre
https://m.media-amazon.com/images/I/51xlZEUc2WL.jpg,220662,depth,75.0 millimetre
https://m.media-amazon.com/images/I/61-dJxhVmYL.jpg,220662,depth,9.6 centimetre
https://m.media-amazon.com/images/I/61-dJxhVmYL.jpg,220662,height,6.6 centimetre
https://m.media-amazon.com/images/I/612gi1kiYEL.jpg,220662,depth,5.7 centimetre
https://m.media-amazon.com/images/I/612gi1kiYEL.jpg,220662,height,9.0 centimetre
https://m.media-amazon.com/images/I/61BoOG-2MnL.jpg,220662,depth,10.0 centimetre
https://m.media-amazon.com/images/I/51nVNYKt9+L.jpg,220662,depth,86.0 millimetre
https://m.media-amazon.com/images/I/613+fiLCweL.jpg,220662,depth,73.0 millimetre
https://m.media-amazon.com/images/I/51vJeHdf5sL.jpg,220662,depth,7.5 centimetre
https://m.media-amazon.com/images/I/61-8nPiaZ+L.jpg,220662,depth,148.0 millimetre
https://m.media-amazon.com/images/I/5172SI4OsNL.jpg,220662,depth,9.0 centimetre
https://m.media-amazon.com/images/I/619Lv8N57gL.jpg,220662,depth,3.25 inch
https://m.media-amazon.com/images/I/61EG03qTdBL.jpg,220662,depth,102.0 millimetre
https://m.media-amazon.com/images/I/51PiLCe5WIL.jpg,220662,depth,90.0 millimetre
https://m.media-amazon.com/images/I/617NuWaAyTS.jpg,220662,depth,8.0 centimetre
https://m.media-amazon.com/images/I/617NuWaAyTS.jpg,220662,height,7.0 centimetre
https://m.media-amazon.com/images/I/51JVNkKn-tL.jpg,220662,depth,4.5 centimetre
https://m.media-amazon.com/images/I/41eiNhRxMvL.jpg,220662,depth,9.0 centimetre
https://m.media-amazon.com/images/I/511X1W9cn6L.jpg,220662,depth,76.0 millimetre
https://m.media-amazon.com/images/I/618F5WkuW4L.jpg,220662,depth,18.0 centimetre
https://m.media-amazon.com/images/I/514ChDXrdHL.jpg,220662,depth,7.2 centimetre
https://m.media-amazon.com/images/I/51+d+cw-fzL.jpg,220662,depth,4.33 inch
https://m.media-amazon.com/images/I/51AMH8SUYwL.jpg,220662,depth,11.5 centimetre
https://m.media-amazon.com/images/I/61DnQphX7AL.jpg,220662,depth,82.0 millimetre
https://m.media-amazon.com/images/I/5155rNJ63PL.jpg,220662,depth,10.5 centimetre
https://m.media-amazon.com/images/I/51OPdXS17-L.jpg,220662,depth,22.0 centimetre
https://m.media-amazon.com/images/I/5194EYJD8bL.jpg,220662,depth,3.35 inch
https://m.media-amazon.com/images/I/618MskeD03L.jpg,220662,depth,11.0 inch
https://m.media-amazon.com/images/I/51ibY2fMBXL.jpg,220662,depth,11.0 centimetre
https://m.media-amazon.com/images/I/410pFo2hK3L.jpg,220662,depth,50.0 millimetre
https://m.media-amazon.com/images/I/514jGhJzHJL.jpg,220662,depth,8.0 centimetre
https://m.media-amazon.com/images/I/610vOT+JMYL.jpg,220662,depth,4.13 inch
https://m.media-amazon.com/images/I/51p9iWJpygL.jpg,220662,depth,6.0 centimetre
https://m.media-amazon.com/images/I/51jXp8uSfKL.jpg,220662,depth,7.5 centimetre
https://m.media-amazon.com/images/I/51hqJ4vXsuL.jpg,220662,depth,9.84 centimetre
https://m.media-amazon.com/images/I/51s2hXR0u-L.jpg,220662,depth,75.0 millimetre
https://m.media-amazon.com/images/I/616q+B-wHJL.jpg,220662,depth,73.0 millimetre
https://m.media-amazon.com/images/I/61DAUmHzVRL.jpg,220662,depth,78.0 millimetre
https://m.media-amazon.com/images/I/61DgJVtJnML.jpg,220662,depth,4.0 inch
https://m.media-amazon.com/images/I/617GTg8m6KS.jpg,220662,depth,78.0 millimetre
https://m.media-amazon.com/images/I/51On1yXZVsL.jpg,220662,depth,9.5 centimetre
https://m.media-amazon.com/images/I/51On1yXZVsL.jpg,220662,height,14.0 centimetre
https://m.media-amazon.com/images/I/51adaJ1ucfL.jpg,220662,depth,6.0 inch
https://m.media-amazon.com/images/I/51mLjEFC5EL.jpg,220662,depth,7.4 centimetre
https://m.media-amazon.com/images/I/51CtOle95EL.jpg,220662,depth,10.49 centimetre
https://m.media-amazon.com/images/I/51vKzC5M2SL.jpg,220662,depth,7.3 centimetre
https://m.media-amazon.com/images/I/51+EvnlKUTL.jpg,220662,depth,10.1 inch
https://m.media-amazon.com/images/I/51SnxWJGzQL.jpg,220662,depth,7.0 centimetre
https://m.media-amazon.com/images/I/51Vegr3pBeL.jpg,220662,depth,6.9 inch
https://m.media-amazon.com/images/I/514IT8BWXKL.jpg,220662,depth,36.5 centimetre
https://m.media-amazon.com/images/I/51uMOe543ML.jpg,220662,depth,7.4 centimetre
https://m.media-amazon.com/images/I/51ELDAdslNL.jpg,220662,depth,42.0 centimetre
https://m.media-amazon.com/images/I/61GG-LGn5KL.jpg,220662,depth,2.56 inch
https://m.media-amazon.com/images/I/612xDwE3q9L.jpg,220662,depth,14.0 centimetre
https://m.media-amazon.com/images/I/51pyA1NehWL.jpg,220662,depth,8.5 centimetre
https://m.media-amazon.com/images/I/615DTwr977L.jpg,220662,depth,8.0 centimetre
https://m.media-amazon.com/images/I/51pGNevqAnL.jpg,220662,depth,7.0 centimetre
https://m.media-amazon.com/images/I/611jXBBop5L.jpg,220662,depth,8.2 inch
https://m.media-amazon.com/images/I/51yPlHjJ9DL.jpg,220662,depth,13.0 centimetre
https://m.media-amazon.com/images/I/6132xTXBwRL.jpg,220662,depth,8.5 centimetre
https://m.media-amazon.com/images/I/6132xTXBwRL.jpg,220662,height,8.5 centimetre
https://m.media-amazon.com/images/I/41ia0XewqhL.jpg,220662,depth,6.45 centimetre
https://m.media-amazon.com/images/I/41ia0XewqhL.jpg,220662,height,10.5 centimetre
https://m.media-amazon.com/images/I/51OAfM4IHqL.jpg,220662,depth,31.0 centimetre
https://m.media-amazon.com/images/I/51RrxDTD5+L.jpg,220662,depth,73.0 millimetre
https://m.media-amazon.com/images/I/51W8MSsuD9L.jpg,220662,depth,8.0 centimetre
https://m.media-amazon.com/images/I/51CsZuCZRpL.jpg,220662,depth,14.0 centimetre
https://m.media-amazon.com/images/I/6194XlenmbL.jpg,220662,depth,7.08 inch
https://m.media-amazon.com/images/I/6194XlenmbL.jpg,220662,height,6.49 inch
https://m.media-amazon.com/images/I/51O90KdT+2L.jpg,220662,depth,2.95 inch
https://m.media-amazon.com/images/I/611KNlYuE1L.jpg,220662,depth,38.1 centimetre
https://m.media-amazon.com/images/I/51S2U2B1nvL.jpg,220662,depth,8.6 centimetre
https://m.media-amazon.com/images/I/615XScmA4fL.jpg,220662,depth,4.72 inch
https://m.media-amazon.com/images/I/51xfYe7JrdL.jpg,220662,depth,10.5 centimetre
https://m.media-amazon.com/images/I/51NBlZqgyQL.jpg,220662,depth,50.0 millimetre
https://m.media-amazon.com/images/I/51hN2KKT-HL.jpg,220662,depth,107.0 millimetre
https://m.media-amazon.com/images/I/515h9JE57DL.jpg,220662,depth,26.0 centimetre
https://m.media-amazon.com/images/I/515tFsNGaeL.jpg,220662,depth,7.0 centimetre
https://m.media-amazon.com/images/I/51v2O2+zGyL.jpg,220662,depth,165.0 millimetre
https://m.media-amazon.com/images/I/61+4a8G1W0L.jpg,220662,depth,2.83 inch
https://m.media-amazon.com/images/I/61CFuF4kA0L.jpg,220662,depth,7.0 centimetre
https://m.media-amazon.com/images/I/51BPp0yC9qL.jpg,220662,depth,23.5 centimetre
https://m.media-amazon.com/images/I/51T6wJPwFqL.jpg,220662,depth,240.0 millimetre
https://m.media-amazon.com/images/I/41WlN8LA2KL.jpg,220662,depth,23.2 centimetre
https://m.media-amazon.com/images/I/51sa1ainxqL.jpg,220662,depth,3.0 inch
https://m.media-amazon.com/images/I/51sa1ainxqL.jpg,220662,height,5.5 inch
https://m.media-amazon.com/images/I/615jTpdXLbL.jpg,220662,depth,4.5 inch
https://m.media-amazon.com/images/I/51GYgNQ7w+L.jpg,220662,depth,3.15 inch
https://m.media-amazon.com/images/I/51wa76Np5uL.jpg,220662,depth,85.0 millimetre
https://m.media-amazon.com/images/I/61CjKk7pYIL.jpg,220662,depth,7.5 centimetre
https://m.media-amazon.com/images/I/41p3vG48btL.jpg,220662,depth,6.5 centimetre
https://m.media-amazon.com/images/I/51BXuY6X3UL.jpg,220662,depth,8.5 centimetre
https://m.media-amazon.com/images/I/41jhgJC7bsL.jpg,220662,depth,8.0 centimetre
https://m.media-amazon.com/images/I/41jhgJC7bsL.jpg,220662,height,16.0 centimetre
https://m.media-amazon.com/images/I/61B7DltiIwL.jpg,220662,depth,7.5 centimetre
https://m.media-amazon.com/images/I/51wbUpbYd+L.jpg,220662,height,100.0 millimetre
https://m.media-amazon.com/images/I/51qatrrl+GL.jpg,220662,depth,7.2 centimetre
https://m.media-amazon.com/images/I/51fzkLl5emL.jpg,220662,depth,10.0 centimetre
https://m.media-amazon.com/images/I/512JyZf5KcL.jpg,220662,depth,8.5 centimetre
https://m.media-amazon.com/images/I/61F9CqnkbJS.jpg,220662,depth,80.0 millimetre
https://m.media-amazon.com/images/I/610YluRw3KS.jpg,220662,depth,18.0 centimetre
https://m.media-amazon.com/images/I/6196+Bps3kS.jpg,220662,depth,145.0 millimetre
https://m.media-amazon.com/images/I/41cq+Q68WSL.jpg,220662,depth,22.0 centimetre
https://m.media-amazon.com/images/I/617747PIPjL.jpg,220662,depth,72.0 millimetre
https://m.media-amazon.com/images/I/51HvdIbK2lL.jpg,220662,depth,7.0 centimetre
https://m.media-amazon.com/images/I/614ve6pHoFL.jpg,220662,depth,45.0 millimetre
https://m.media-amazon.com/images/I/61EXsJbp6OL.jpg,220662,depth,25.8 centimetre
https://m.media-amazon.com/images/I/61CXEmZT43L.jpg,220662,depth,11.0 inch
https://m.media-amazon.com/images/I/512a7Pa3ROL.jpg,220662,depth,3.74 inch
https://m.media-amazon.com/images/I/51GrAkvVjbL.jpg,220662,depth,23.2 centimetre
https://m.media-amazon.com/images/I/51O5hgliAML.jpg,220662,depth,34.0 centimetre
https://m.media-amazon.com/images/I/51jt-ZHaNdL.jpg,220662,depth,14.8 centimetre
https://m.media-amazon.com/images/I/61A5T6YQZeL.jpg,220662,depth,6.0 centimetre
https://m.media-amazon.com/images/I/51Si6crDwqL.jpg,220662,depth,37.5 centimetre
https://m.media-amazon.com/images/I/51Si6crDwqL.jpg,220662,height,12.5 centimetre
https://m.media-amazon.com/images/I/61EWX6BNrvL.jpg,220662,depth,26.2 centimetre
https://m.media-amazon.com/images/I/61CV3fx2PQL.jpg,220662,depth,9.6 centimetre
https://m.media-amazon.com/images/I/610VDLtLuSL.jpg,220662,depth,7.38 inch
https://m.media-amazon.com/images/I/51+kYS5VZgL.jpg,220662,depth,35.0 centimetre
https://m.media-amazon.com/images/I/61AnHldpqUL.jpg,220662,depth,23.4 centimetre
https://m.media-amazon.com/images/I/510qMp7xTbL.jpg,220662,depth,41.0 centimetre
https://m.media-amazon.com/images/I/51aH5BRB3aL.jpg,220662,depth,8.0 centimetre
https://m.media-amazon.com/images/I/51YH6qFRoiS.jpg,220662,depth,7.5 centimetre
https://m.media-amazon.com/images/I/612n6nEmobL.jpg,220662,depth,10.8 centimetre
https://m.media-amazon.com/images/I/51n-ijRQ7WL.jpg,220662,depth,28.5 centimetre
https://m.media-amazon.com/images/I/513vLM3aqiL.jpg,220662,depth,100.0 millimetre
https://m.media-amazon.com/images/I/616EVwOa6oL.jpg,220662,depth,26.5 centimetre
https://m.media-amazon.com/images/I/511X2-uoYvL.jpg,220662,height,10.5 centimetre
https://m.media-amazon.com/images/I/51RVyCaOYHL.jpg,220662,height,11.0 centimetre
https://m.media-amazon.com/images/I/51ls5rWQaiL.jpg,220662,height,9.0 centimetre
https://m.media-amazon.com/images/I/51XE4VDSvlL.jpg,220662,height,4.5 inch
https://m.media-amazon.com/images/I/614krksLuNL.jpg,220662,height,9.0 inch
https://m.media-amazon.com/images/I/61+ERCW9IQS.jpg,220662,height,78.0 millimetre
https://m.media-amazon.com/images/I/517V5JWjrnL.jpg,220662,height,7.9 centimetre
https://m.media-amazon.com/images/I/61+TmlACCeL.jpg,220662,height,4.0 inch
https://m.media-amazon.com/images/I/51hgd4jyr7L.jpg,220662,height,62.0 millimetre
https://m.media-amazon.com/images/I/51sOzlw2-lL.jpg,220662,height,3.74 inch
https://m.media-amazon.com/images/I/51lNnFCuvzL.jpg,220662,height,133.0 millimetre
https://m.media-amazon.com/images/I/51dGSw5dd3L.jpg,220662,height,240.0 millimetre
https://m.media-amazon.com/images/I/61EKDECsVPL.jpg,220662,height,125.0 millimetre
https://m.media-amazon.com/images/I/51c27eBHjsL.jpg,220662,height,7.0 centimetre
https://m.media-amazon.com/images/I/6157azO3OLL.jpg,220662,height,14.0 centimetre
https://m.media-amazon.com/images/I/51x0Ow2wvOL.jpg,220662,height,10.0 centimetre
https://m.media-amazon.com/images/I/51P-Rl13-nL.jpg,220662,height,57.0 millimetre
https://m.media-amazon.com/images/I/51cJQu0djuS.jpg,220662,height,93.0 millimetre
https://m.media-amazon.com/images/I/41AX05UVziL.jpg,220662,height,60.0 millimetre
https://m.media-amazon.com/images/I/614gWsK3uuS.jpg,220662,height,220.0 millimetre
https://m.media-amazon.com/images/I/516FqW38KFL.jpg,220662,height,5.0 centimetre
https://m.media-amazon.com/images/I/51gQPvCTMSL.jpg,220662,height,5.0 inch
https://m.media-amazon.com/images/I/51OJ0m0V8aL.jpg,220662,height,6.5 inch
https://m.media-amazon.com/images/I/51sRtsAT-6L.jpg,220662,height,55.0 millimetre
https://m.media-amazon.com/images/I/51KXPa16YsL.jpg,220662,height,184.0 millimetre
https://m.media-amazon.com/images/I/612RDhZljQL.jpg,220662,height,16.2 centimetre
https://m.media-amazon.com/images/I/61+wJ7SuHkL.jpg,220662,height,32.0 centimetre
https://m.media-amazon.com/images/I/51uhn1ofYyL.jpg,220662,height,18.0 centimetre
https://m.media-amazon.com/images/I/51SFqPuB01L.jpg,220662,height,7.5 centimetre
https://m.media-amazon.com/images/I/51b3-gm28hL.jpg,220662,height,9.0 centimetre
https://m.media-amazon.com/images/I/61-ukFbyxYL.jpg,220662,height,3.0 inch
https://m.media-amazon.com/images/I/51bpOhIHZlL.jpg,220662,height,4.72 inch
https://m.media-amazon.com/images/I/612e72bSUdL.jpg,220662,height,8.0 centimetre
https://m.media-amazon.com/images/I/51H-t+4aSzL.jpg,220662,height,14.2 centimetre
https://m.media-amazon.com/images/I/610p4gnK6zL.jpg,220662,height,95.0 millimetre
https://m.media-amazon.com/images/I/611G0acEKWL.jpg,220662,height,16.0 centimetre
https://m.media-amazon.com/images/I/51bOAeHb9sL.jpg,220662,height,3.54 inch
https://m.media-amazon.com/images/I/51oiS67OSLL.jpg,220662,height,18.2 centimetre
https://m.media-amazon.com/images/I/51hl-lORrlL.jpg,220662,height,13.2 centimetre
https://m.media-amazon.com/images/I/51rtOlBiaZL.jpg,220662,height,9.0 centimetre
https://m.media-amazon.com/images/I/511McSZDT2L.jpg,220662,height,6.125 inch
https://m.media-amazon.com/images/I/51OfaHQW8nL.jpg,220662,height,6.3 inch
https://m.media-amazon.com/images/I/519hyZvbkfL.jpg,220662,height,140.0 millimetre
https://m.media-amazon.com/images/I/517AEhk8RTL.jpg,220662,height,4.35 inch
https://m.media-amazon.com/images/I/61A4ixSnFAL.jpg,220662,height,100.0 millimetre
https://m.media-amazon.com/images/I/61+g5-diWtS.jpg,220662,height,11.0 centimetre
https://m.media-amazon.com/images/I/51MjWKOIMDL.jpg,220662,height,2.1 inch
https://m.media-amazon.com/images/I/611YfveAtqL.jpg,220662,height,8.6 centimetre
https://m.media-amazon.com/images/I/515r1VhHBTL.jpg,220662,height,12.58 inch
https://m.media-amazon.com/images/I/51dOjmow9pL.jpg,220662,height,14.0 centimetre
https://m.media-amazon.com/images/I/51IVLlKMqyL.jpg,220662,height,38.0 centimetre
https://m.media-amazon.com/images/I/41rI4sSIcVL.jpg,220662,height,4.1 inch
https://m.media-amazon.com/images/I/51TDOxmNbcL.jpg,220662,height,7.0 centimetre
https://m.media-amazon.com/images/I/51QkErAurfL.jpg,220662,height,9.14 centimetre
https://m.media-amazon.com/images/I/51M9Q7ZWmVL.jpg,220662,height,113.0 millimetre
https://m.media-amazon.com/images/I/511M0tYdxGL.jpg,220662,height,6.5 inch
https://m.media-amazon.com/images/I/614jFQP3RxL.jpg,220662,height,9.44 inch
https://m.media-amazon.com/images/I/51PBFnr+vVL.jpg,220662,height,6.5 centimetre
https://m.media-amazon.com/images/I/51mVcujnFdL.jpg,220662,height,24.2 centimetre
https://m.media-amazon.com/images/I/41ZdzApksIL.jpg,220662,height,8.84 inch
https://m.media-amazon.com/images/I/51pvnEWGQpL.jpg,220662,height,15.0 centimetre
https://m.media-amazon.com/images/I/51sSEBvzruL.jpg,220662,height,74.0 millimetre
https://m.media-amazon.com/images/I/51VC7eYG51S.jpg,220662,height,140.0 millimetre
https://m.media-amazon.com/images/I/51ti--f0GkL.jpg,220662,height,78.0 millimetre
https://m.media-amazon.com/images/I/51D4+yBcbyL.jpg,220662,height,9.0 centimetre
https://m.media-amazon.com/images/I/51QyPJQZ-iL.jpg,220662,height,20.0 centimetre
https://m.media-amazon.com/images/I/51xz2EBYq5L.jpg,220662,height,6.0 centimetre
https://m.media-amazon.com/images/I/51x5mc7X02L.jpg,220662,height,133.0 millimetre
https://m.media-amazon.com/images/I/61EzpcMfOjL.jpg,220662,height,2.4 inch
https://m.media-amazon.com/images/I/41db6F7W-vL.jpg,220662,height,235.0 millimetre
https://m.media-amazon.com/images/I/61-ym493ILL.jpg,220662,height,13.7 centimetre
https://m.media-amazon.com/images/I/6151EUafmTL.jpg,220662,height,6.0 centimetre
https://m.media-amazon.com/images/I/51A1W-zzVXL.jpg,220662,height,12.0 centimetre
https://m.media-amazon.com/images/I/51Q8I1EDVHL.jpg,220662,height,2.75 inch
https://m.media-amazon.com/images/I/51jl88RYC2L.jpg,220662,height,4.72 inch
https://m.media-amazon.com/images/I/51UnQXf27lL.jpg,220662,height,14.0 centimetre
https://m.media-amazon.com/images/I/51GrnTZ3CnL.jpg,220662,height,14.5 centimetre
https://m.media-amazon.com/images/I/514VOfqehxL.jpg,220662,height,26.0 centimetre
https://m.media-amazon.com/images/I/51V+j99N4XS.jpg,220662,height,5.51 inch
https://m.media-amazon.com/images/I/51tF8RksXNL.jpg,220662,height,70.0 millimetre
https://m.media-amazon.com/images/I/51NmpkJC7EL.jpg,220662,height,14.2 centimetre
https://m.media-amazon.com/images/I/61EunAXlWVL.jpg,220662,height,192.0 millimetre
https://m.media-amazon.com/images/I/41YL7nVnplL.jpg,220662,height,9.0 centimetre
https://m.media-amazon.com/images/I/615mV7iybQL.jpg,220662,height,17.8 centimetre
https://m.media-amazon.com/images/I/61AN0HhyUUL.jpg,220662,height,24.0 centimetre
https://m.media-amazon.com/images/I/51sq-ZlhvzL.jpg,220662,height,150.0 millimetre
https://m.media-amazon.com/images/I/517I+R8av2L.jpg,220662,height,118.0 millimetre
https://m.media-amazon.com/images/I/51l05ovvaWL.jpg,220662,height,20.0 centimetre
https://m.media-amazon.com/images/I/61DpXPsOoJL.jpg,220662,height,5.07 inch
https://m.media-amazon.com/images/I/51mMS+kQ10L.jpg,220662,height,9.5 centimetre
https://m.media-amazon.com/images/I/617CyiEknLL.jpg,220662,height,3.25 inch
https://m.media-amazon.com/images/I/51jkCbiL69L.jpg,220662,height,14.0 centimetre
https://m.media-amazon.com/images/I/51GjQm3-nVL.jpg,220662,height,6.3 inch
https://m.media-amazon.com/images/I/51S-z8QCWRL.jpg,220662,height,140.0 millimetre
https://m.media-amazon.com/images/I/51V5L7oiiEL.jpg,220662,height,18.5 centimetre
https://m.media-amazon.com/images/I/615SQxCzx2L.jpg,220662,height,18.0 centimetre
https://m.media-amazon.com/images/I/51nDOkO-puL.jpg,220662,height,190.0 millimetre
https://m.media-amazon.com/images/I/51Bi79m7+wL.jpg,220662,height,3.1 inch
https://m.media-amazon.com/images/I/51V2ykkLEoL.jpg,220662,height,5.5 centimetre
https://m.media-amazon.com/images/I/612fuKpOgxL.jpg,220662,height,2.6 inch
https://m.media-amazon.com/images/I/616z0491GQL.jpg,220662,height,9.0 inch
https://m.media-amazon.com/images/I/51zkj+t4lnL.jpg,220662,height,5.9 inch
https://m.media-amazon.com/images/I/51LOK0JpaYL.jpg,220662,height,7.8 inch
https://m.media-amazon.com/images/I/614-4HBD9ML.jpg,220662,height,3.25 inch
https://m.media-amazon.com/images/I/515VxIv+GmL.jpg,220662,height,13.5 centimetre
https://m.media-amazon.com/images/I/518QecWhczL.jpg,220662,height,10.0 centimetre
https://m.media-amazon.com/images/I/51Buyw0oTQL.jpg,220662,height,50.0 millimetre
https://m.media-amazon.com/images/I/51Wn8bEJCYL.jpg,220662,height,11.0 inch
https://m.media-amazon.com/images/I/61Bb2gt+9BL.jpg,220662,height,4.0 centimetre
https://m.media-amazon.com/images/I/51aUEAjGBzL.jpg,220662,height,13.0 centimetre
https://m.media-amazon.com/images/I/51uiSkyb82L.jpg,220662,height,105.0 millimetre
https://m.media-amazon.com/images/I/51QCbSSdFoL.jpg,220662,height,7.5 centimetre
https://m.media-amazon.com/images/I/51CuNe+QniL.jpg,220662,height,69.85 millimetre
https://m.media-amazon.com/images/I/51WDx1BXAJL.jpg,220662,height,8.3 centimetre
https://m.media-amazon.com/images/I/5145YwS-StL.jpg,220662,height,2.75 inch
https://m.media-amazon.com/images/I/61A-jdEoq5L.jpg,220662,height,9.5 centimetre
https://m.media-amazon.com/images/I/612CNHpNl1L.jpg,220662,height,10.5 centimetre
https://m.media-amazon.com/images/I/51wZZZl7p3L.jpg,220662,height,60.0 millimetre
https://m.media-amazon.com/images/I/41mlROrfa6L.jpg,220662,height,9.2 centimetre
https://m.media-amazon.com/images/I/616oC34MHJS.jpg,220662,height,6.8 inch
https://m.media-amazon.com/images/I/61ChphMWqXL.jpg,220662,height,21.0 centimetre
https://m.media-amazon.com/images/I/61FmZD4xyCL.jpg,220662,height,17.5 centimetre
https://m.media-amazon.com/images/I/51Fu5v6V0lL.jpg,220662,height,8.9 centimetre
https://m.media-amazon.com/images/I/51wiaM4fhcL.jpg,220662,height,8.0 centimetre
https://m.media-amazon.com/images/I/61DJtIs8M1L.jpg,220662,height,3.75 inch
https://m.media-amazon.com/images/I/61CaKoIIchL.jpg,220662,height,8.3 centimetre
https://m.media-amazon.com/images/I/61B60kycz7L.jpg,220662,height,9.0 centimetre
https://m.media-amazon.com/images/I/51ivj9hT8FL.jpg,220662,height,143.0 millimetre
https://m.media-amazon.com/images/I/51BQKX9H8cL.jpg,220662,height,22.0 centimetre
https://m.media-amazon.com/images/I/61808Dy3mQL.jpg,220662,height,156.0 millimetre
https://m.media-amazon.com/images/I/61E3NG8fBeL.jpg,220662,height,15.0 centimetre
https://m.media-amazon.com/images/I/51xNZFWhtPL.jpg,220662,height,6.0 inch
https://m.media-amazon.com/images/I/61ExjZDbpQL.jpg,220662,height,6.5 inch
https://m.media-amazon.com/images/I/51b1jeoh2+L.jpg,220662,height,3.22 inch
https://m.media-amazon.com/images/I/51+9Ca-5X2L.jpg,220662,height,20.0 centimetre
https://m.media-amazon.com/images/I/51EczyAm4-L.jpg,220662,height,9.2 centimetre
https://m.media-amazon.com/images/I/51dSnNI8UWL.jpg,220662,height,9.5 centimetre
https://m.media-amazon.com/images/I/51TporS4oxL.jpg,220662,height,10.5 inch
https://m.media-amazon.com/images/I/612VdawDueL.jpg,220662,height,192.0 millimetre
https://m.media-amazon.com/images/I/61EmgfvSxEL.jpg,220662,height,9.25 inch
https://m.media-amazon.com/images/I/616i8iqOrbL.jpg,220662,height,4.0 inch
https://m.media-amazon.com/images/I/61BAPYIxiwL.jpg,220662,height,38.0 millimetre
https://m.media-amazon.com/images/I/41L+wgko2eL.jpg,220662,height,138.0 millimetre
https://m.media-amazon.com/images/I/51wEk78cxWL.jpg,220662,height,16.0 centimetre
https://m.media-amazon.com/images/I/61Ab+WVCeoL.jpg,220662,height,11.5 centimetre
https://m.media-amazon.com/images/I/51LsZz7AM5L.jpg,220662,height,1.7 inch
https://m.media-amazon.com/images/I/617-XFBqiAL.jpg,220662,height,5.9 inch
https://m.media-amazon.com/images/I/51L8epWqirL.jpg,220662,height,7.0 centimetre
https://m.media-amazon.com/images/I/616XN2gKb+L.jpg,220662,height,5.51 inch
https://m.media-amazon.com/images/I/51aEOrbPyWL.jpg,220662,height,7.2 centimetre
https://m.media-amazon.com/images/I/51LLTIrenVS.jpg,220662,height,14.5 centimetre
https://m.media-amazon.com/images/I/6137i5mYmKL.jpg,220662,height,4.0 inch
https://m.media-amazon.com/images/I/51WlUjl2grL.jpg,220662,height,10.0 centimetre
https://m.media-amazon.com/images/I/61777304sSL.jpg,220662,height,2.76 inch
https://m.media-amazon.com/images/I/515pMD12+mL.jpg,220662,height,21.0 centimetre
https://m.media-amazon.com/images/I/51+lPUc-YnS.jpg,220662,height,3.2 inch
https://m.media-amazon.com/images/I/61CZEfBNsyS.jpg,220662,height,60.0 millimetre
https://m.media-amazon.com/images/I/41nBhqmtR3S.jpg,220662,height,18.0 centimetre
https://m.media-amazon.com/images/I/51YrAB9rwPL.jpg,220662,height,14.5 centimetre
https://m.media-amazon.com/images/I/51FLois2NaS.jpg,220662,height,18.0 centimetre
https://m.media-amazon.com/images/I/616Hguhbg6L.jpg,220662,height,75.0 millimetre
https://m.media-amazon.com/images/I/41aQ53QJYgL.jpg,220662,height,15.5 centimetre
https://m.media-amazon.com/images/I/51wEPLQzqxL.jpg,220662,height,17.0 centimetre
https://m.media-amazon.com/images/I/512igTEssuL.jpg,220662,height,13.5 centimetre
https://m.media-amazon.com/images/I/51CfO5-Hu3L.jpg,220662,height,165.0 millimetre
https://m.media-amazon.com/images/I/617DE47KQCL.jpg,220662,height,3.9 inch
https://m.media-amazon.com/images/I/51hBnIdKK3L.jpg,220662,height,57.0 millimetre
https://m.media-amazon.com/images/I/51MMZESdFDL.jpg,220662,height,27.5 centimetre
https://m.media-amazon.com/images/I/51tAGXf3TOL.jpg,220662,height,7.0 centimetre
https://m.media-amazon.com/images/I/51pS7naFXQL.jpg,220662,height,21.0 centimetre
https://m.media-amazon.com/images/I/51YrJBKERCL.jpg,220662,height,12.0 centimetre
https://m.media-amazon.com/images/I/51dnfuqsc8L.jpg,220662,height,59.0 millimetre
https://m.media-amazon.com/images/I/613JEYu8CiL.jpg,220662,height,5.9 inch
