image_link,group_id,entity_name,entity_value
https://m.media-amazon.com/images/I/514Ly69t7uL.jpg,523599,width,27.0 centimetre
https://m.media-amazon.com/images/I/51xSqHS1wzL.jpg,523599,width,21.5 centimetre
https://m.media-amazon.com/images/I/51RwPtI2zbL.jpg,523599,width,10.5 centimetre
https://m.media-amazon.com/images/I/61Bt2XmBCwL.jpg,523599,width,21.9 centimetre
https://m.media-amazon.com/images/I/51h1--5IoeL.jpg,523599,width,19.0 centimetre
https://m.media-amazon.com/images/I/51OSpYeguDL.jpg,523599,width,3.1 inch
https://m.media-amazon.com/images/I/51FTq-B3f0L.jpg,523599,width,3.5 inch
https://m.media-amazon.com/images/I/51eef3MGC6L.jpg,523599,width,20.0 centimetre
https://m.media-amazon.com/images/I/513HO+UW+GL.jpg,523599,width,20.0 centimetre
https://m.media-amazon.com/images/I/51I8iYTYwXL.jpg,523599,width,17.0 centimetre
https://m.media-amazon.com/images/I/61Aj4BsqmSL.jpg,523599,width,4.0 centimetre
https://m.media-amazon.com/images/I/51kvHI9Rt2S.jpg,523599,width,24.0 centimetre
https://m.media-amazon.com/images/I/51UGWYmJjgL.jpg,523599,width,9.0 centimetre
https://m.media-amazon.com/images/I/61CA4h0eAwL.jpg,523599,width,3.8 inch
https://m.media-amazon.com/images/I/61CA4h0eAwL.jpg,523599,depth,12.5 inch
https://m.media-amazon.com/images/I/51GBoxMui1L.jpg,523599,width,10.5 centimetre
https://m.media-amazon.com/images/I/51ibaTnDEqL.jpg,523599,width,20.5 centimetre
https://m.media-amazon.com/images/I/51dnecUzlxL.jpg,523599,width,3.4 inch
https://m.media-amazon.com/images/I/41T6IP4A1aL.jpg,523599,width,4.2 inch
https://m.media-amazon.com/images/I/51McDkdNhWL.jpg,523599,width,2.36 inch
https://m.media-amazon.com/images/I/61AcyECd-qL.jpg,523599,width,20.5 centimetre
https://m.media-amazon.com/images/I/41NSwkvR9PL.jpg,523599,width,17.0 centimetre
https://m.media-amazon.com/images/I/51fIM569-3L.jpg,523599,width,18.0 centimetre
https://m.media-amazon.com/images/I/51odU9xxf0L.jpg,523599,width,6.75 inch
https://m.media-amazon.com/images/I/51PekWNklPL.jpg,523599,width,15.0 centimetre
https://m.media-amazon.com/images/I/51H27KXkJYL.jpg,523599,width,200.0 millimetre
https://m.media-amazon.com/images/I/51H27KXkJYL.jpg,523599,depth,390.0 millimetre
https://m.media-amazon.com/images/I/51u3Cf9eKaL.jpg,523599,width,10.0 centimetre
https://m.media-amazon.com/images/I/618-NEm7Y0L.jpg,523599,width,7.5 centimetre
https://m.media-amazon.com/images/I/41O1tOA24tS.jpg,523599,width,10.8 centimetre
https://m.media-amazon.com/images/I/618oc+UZdtL.jpg,523599,width,20.5 centimetre
https://m.media-amazon.com/images/I/514Im0vQhCL.jpg,523599,width,15.0 centimetre
https://m.media-amazon.com/images/I/51fgHYj+s8L.jpg,523599,width,15.0 centimetre
https://m.media-amazon.com/images/I/51fgHYj+s8L.jpg,523599,depth,32.0 centimetre
https://m.media-amazon.com/images/I/516m6Zg44-L.jpg,523599,width,18.0 centimetre
https://m.media-amazon.com/images/I/610KW+FwTvL.jpg,523599,depth,12.6 inch
https://m.media-amazon.com/images/I/61BjWOsAT9S.jpg,523599,depth,45.0 centimetre
https://m.media-amazon.com/images/I/41EMijzCGEL.jpg,523599,depth,12.25 inch
https://m.media-amazon.com/images/I/51Uws-RG9RL.jpg,523599,depth,11.4 inch
https://m.media-amazon.com/images/I/51j4epoJ-BL.jpg,523599,depth,19.0 centimetre
https://m.media-amazon.com/images/I/51InwpBjI3L.jpg,523599,depth,11.2 inch
https://m.media-amazon.com/images/I/51MSuj6WynL.jpg,523599,depth,31.5 centimetre
https://m.media-amazon.com/images/I/613BYPeTy6L.jpg,523599,depth,10.4 inch
https://m.media-amazon.com/images/I/51oMALv2s5L.jpg,523599,depth,12.6 inch
https://m.media-amazon.com/images/I/41+VdKZusaS.jpg,523599,depth,12.2 inch
https://m.media-amazon.com/images/I/5115jbCgVcL.jpg,523599,depth,24.0 centimetre
https://m.media-amazon.com/images/I/61-NYuIuG4L.jpg,523599,depth,11.73 inch
https://m.media-amazon.com/images/I/51wQNdYD0gL.jpg,523599,depth,26.0 centimetre
https://m.media-amazon.com/images/I/51gRbjqt8eL.jpg,523599,depth,13.8 inch
https://m.media-amazon.com/images/I/51ogPBd-JCL.jpg,523599,depth,37.0 centimetre
https://m.media-amazon.com/images/I/51cLTuvvERL.jpg,523599,depth,10.94 inch
https://m.media-amazon.com/images/I/51fEh3LMVmL.jpg,523599,depth,30.0 centimetre
https://m.media-amazon.com/images/I/61Ccy3E44yL.jpg,523599,depth,12.2 inch
https://m.media-amazon.com/images/I/51DlVw-2N4L.jpg,523599,depth,9.4 inch
https://m.media-amazon.com/images/I/51wDhSI6zJL.jpg,523599,depth,18.6 inch
https://m.media-amazon.com/images/I/51R3iOCMPbL.jpg,523599,depth,25.0 centimetre
https://m.media-amazon.com/images/I/519Xmp5XI9L.jpg,523599,depth,13.0 inch
https://m.media-amazon.com/images/I/51lH9bABDBL.jpg,523599,depth,26.5 centimetre
https://m.media-amazon.com/images/I/51ckZePiNtS.jpg,523599,depth,21.0 centimetre
https://m.media-amazon.com/images/I/51EJelnWoBL.jpg,523599,depth,33.0 centimetre
https://m.media-amazon.com/images/I/51frXVYoenL.jpg,523599,depth,10.2 inch
https://m.media-amazon.com/images/I/41Q-HLxufaL.jpg,523599,depth,27.0 centimetre
https://m.media-amazon.com/images/I/51N6C-Wm6BL.jpg,523599,depth,33.0 centimetre
https://m.media-amazon.com/images/I/618GAikl2lL.jpg,523599,depth,33.6 centimetre
https://m.media-amazon.com/images/I/61-EUS0RDdL.jpg,523599,depth,335.0 millimetre
https://m.media-amazon.com/images/I/61F72o99KGL.jpg,523599,depth,29.5 centimetre
https://m.media-amazon.com/images/I/41UDq9RoldL.jpg,523599,depth,11.4 inch
https://m.media-amazon.com/images/I/61-9Nz9x8eL.jpg,523599,depth,13.0 inch
https://m.media-amazon.com/images/I/61EKEzYYA+L.jpg,523599,depth,26.5 centimetre
https://m.media-amazon.com/images/I/41xE9hwLjcL.jpg,523599,depth,35.0 centimetre
https://m.media-amazon.com/images/I/61D8D3NKSTL.jpg,523599,depth,13.2 inch
https://m.media-amazon.com/images/I/61AOk6jx0bL.jpg,523599,depth,13.2 inch
https://m.media-amazon.com/images/I/6132tSpbgVL.jpg,523599,depth,42.0 centimetre
https://m.media-amazon.com/images/I/61-pF9+hBTL.jpg,523599,depth,16.3 inch
https://m.media-amazon.com/images/I/51NuNHLEecL.jpg,523599,depth,12.0 inch
https://m.media-amazon.com/images/I/51uMJAy-JyL.jpg,523599,depth,33.5 centimetre
https://m.media-amazon.com/images/I/51-SwAQk5US.jpg,523599,depth,11.0 inch
https://m.media-amazon.com/images/I/51XmhyqenML.jpg,523599,depth,26.0 centimetre
https://m.media-amazon.com/images/I/51r8974iDxL.jpg,523599,depth,33.0 centimetre
https://m.media-amazon.com/images/I/61GEsV4fQGL.jpg,523599,depth,27.0 centimetre
https://m.media-amazon.com/images/I/41rTxNBdQBL.jpg,523599,depth,18.0 centimetre
https://m.media-amazon.com/images/I/517wK6EFUSL.jpg,523599,depth,27.5 centimetre
https://m.media-amazon.com/images/I/51En1i7xBdL.jpg,523599,depth,288.5 millimetre
https://m.media-amazon.com/images/I/51hQw56t1+L.jpg,523599,depth,35.0 centimetre
https://m.media-amazon.com/images/I/41sinm+FACL.jpg,523599,depth,30.0 centimetre
https://m.media-amazon.com/images/I/51xaR5XFYUL.jpg,523599,depth,29.5 centimetre
https://m.media-amazon.com/images/I/51G-gTCNocL.jpg,523599,depth,12.6 inch
