image_link,group_id,entity_name,entity_value
https://m.media-amazon.com/images/I/614Fn9V-IzL.jpg,279307,item_weight,10.0 gram
https://m.media-amazon.com/images/I/8175Clmqv+L.jpg,279307,item_weight,130.0 pound
https://m.media-amazon.com/images/I/81ltmJBt9gL.jpg,279307,item_weight,5.0 gram
https://m.media-amazon.com/images/I/8103OEKPK4L.jpg,279307,item_weight,5002.0 gram
https://m.media-amazon.com/images/I/41-9cKOuuBL.jpg,279307,item_weight,60.0 gram
https://m.media-amazon.com/images/I/61BMlNQHmsL.jpg,279307,item_weight,344.0 pound
https://m.media-amazon.com/images/I/71oByLe9j+L.jpg,279307,item_weight,8.0 kilogram
https://m.media-amazon.com/images/I/31yK2OrjCAL.jpg,279307,item_weight,10.0 gram
https://m.media-amazon.com/images/I/712OmxEUjDL.jpg,279307,item_weight,1.0 gram
https://m.media-amazon.com/images/I/51mopk1DNiL.jpg,279307,item_weight,47.0 gram
https://m.media-amazon.com/images/I/61gt6TSDmbL.jpg,279307,item_weight,33.0 gram
https://m.media-amazon.com/images/I/51SgHJsQzoL.jpg,279307,item_weight,0.33 kilogram
https://m.media-amazon.com/images/I/31s3CyRZNbS.jpg,279307,item_weight,30.0 gram
https://m.media-amazon.com/images/I/51emzjd+0fL.jpg,279307,item_weight,"[200.0, 220.0] gram"
https://m.media-amazon.com/images/I/71-EYrhbPjL.jpg,279307,item_weight,2.0 pound
https://m.media-amazon.com/images/I/21V12M3nC3L.jpg,279307,item_weight,5.0 gram
https://m.media-amazon.com/images/I/61XikNvGDXL.jpg,279307,item_weight,5.0 gram
https://m.media-amazon.com/images/I/41OHsErX-hS.jpg,279307,item_weight,34.0 gram
https://m.media-amazon.com/images/I/41GVltbEIFL.jpg,279307,item_weight,30.0 gram
https://m.media-amazon.com/images/I/81q3AGgokgL.jpg,279307,item_weight,130.0 pound
https://m.media-amazon.com/images/I/61sffg4sL8L.jpg,279307,item_weight,130.0 pound
https://m.media-amazon.com/images/I/61XTBs3jNnL.jpg,279307,item_weight,10.23 ounce
https://m.media-amazon.com/images/I/41UBb2LJ4eS.jpg,279307,item_weight,452006.0 gram
https://m.media-amazon.com/images/I/71P+lUnKmnL.jpg,279307,item_weight,2.0 pound
https://m.media-amazon.com/images/I/814+bIX3mcL.jpg,279307,item_weight,125.0 gram
