image_link,group_id,entity_name,entity_value
https://m.media-amazon.com/images/I/510Img08fXL.jpg,385140,width,370.0 millimetre
https://m.media-amazon.com/images/I/613LJN5uYRS.jpg,385140,width,14.17 inch
https://m.media-amazon.com/images/I/51Hw4qtuJOL.jpg,385140,width,165.0 millimetre
https://m.media-amazon.com/images/I/61ANn-UP6zL.jpg,385140,width,37.0 inch
https://m.media-amazon.com/images/I/61-QuyIOpFL.jpg,385140,width,11.0 inch
https://m.media-amazon.com/images/I/51J3MCuZGjL.jpg,385140,width,21.65 inch
https://m.media-amazon.com/images/I/51NjnfUL13S.jpg,385140,width,270.0 millimetre
https://m.media-amazon.com/images/I/618hUn1ZC3L.jpg,385140,width,54.5 centimetre
https://m.media-amazon.com/images/I/51VSSPs2eYL.jpg,385140,width,270.0 millimetre
https://m.media-amazon.com/images/I/511liUt2zFL.jpg,385140,width,1.5 foot
https://m.media-amazon.com/images/I/51sTo7Tcp3L.jpg,385140,width,10.0 inch
https://m.media-amazon.com/images/I/61+Vrm-+TjL.jpg,385140,height,98.0 millimetre
https://m.media-amazon.com/images/I/51K+Z0Zo8BL.jpg,385140,width,2.6 inch
https://m.media-amazon.com/images/I/51kPcySpYPL.jpg,385140,width,132.0 millimetre
https://m.media-amazon.com/images/I/51loDwoCyRL.jpg,385140,width,530.0 millimetre
https://m.media-amazon.com/images/I/51LzD704naL.jpg,385140,width,400.0 millimetre
https://m.media-amazon.com/images/I/51bxX8ISUjL.jpg,385140,depth,27.0 inch
https://m.media-amazon.com/images/I/51zs+SEozyL.jpg,385140,depth,1.0 metre
https://m.media-amazon.com/images/I/617sPyuzrnL.jpg,385140,depth,1.1 metre
https://m.media-amazon.com/images/I/51VUY4SaFuL.jpg,385140,depth,10.0 foot
https://m.media-amazon.com/images/I/51llBupklfL.jpg,385140,depth,42.6 inch
https://m.media-amazon.com/images/I/41iAT24RB8L.jpg,385140,depth,1260.0 millimetre
https://m.media-amazon.com/images/I/619vSrASsPL.jpg,385140,depth,38.58 inch
https://m.media-amazon.com/images/I/619vSrASsPL.jpg,385140,height,1.4 inch
https://m.media-amazon.com/images/I/61EHqWwD63L.jpg,385140,depth,5.0 metre
https://m.media-amazon.com/images/I/615OBZ0z9GL.jpg,385140,depth,500.0 millimetre
https://m.media-amazon.com/images/I/51L5kwKl0dL.jpg,385140,depth,1140.0 millimetre
https://m.media-amazon.com/images/I/617JlRXAvOL.jpg,385140,depth,250.0 centimetre
https://m.media-amazon.com/images/I/518YI77278L.jpg,385140,depth,40.0 millimetre
https://m.media-amazon.com/images/I/518YI77278L.jpg,385140,height,40.0 millimetre
https://m.media-amazon.com/images/I/51LBe2wp6ML.jpg,385140,depth,1065.0 millimetre
https://m.media-amazon.com/images/I/610BToRDrGL.jpg,385140,depth,30.0 inch
https://m.media-amazon.com/images/I/51JtoyA6tuL.jpg,385140,depth,21.0 centimetre
https://m.media-amazon.com/images/I/617GBsix6gL.jpg,385140,depth,60.0 millimetre
https://m.media-amazon.com/images/I/51tA83XpTcL.jpg,385140,depth,86.0 centimetre
https://m.media-amazon.com/images/I/51m0Sv3yaYL.jpg,385140,depth,27.0 inch
https://m.media-amazon.com/images/I/61BQ1b4X1NL.jpg,385140,depth,67.0 centimetre
https://m.media-amazon.com/images/I/51VXKcfTsuL.jpg,385140,depth,20.9 inch
https://m.media-amazon.com/images/I/61+btdmZICL.jpg,385140,depth,8.0 foot
https://m.media-amazon.com/images/I/51sRehbmU9L.jpg,385140,depth,21.6 inch
https://m.media-amazon.com/images/I/614Ce58jzaL.jpg,385140,depth,25.0 inch
https://m.media-amazon.com/images/I/61AuElbVVhL.jpg,385140,depth,105.0 centimetre
https://m.media-amazon.com/images/I/519jBPZ2SfL.jpg,385140,height,3.0 centimetre
https://m.media-amazon.com/images/I/615mONfBrZL.jpg,385140,height,0.5 inch
https://m.media-amazon.com/images/I/51Zr7RfyPEL.jpg,385140,height,3.0 centimetre
https://m.media-amazon.com/images/I/615uNbA-3FL.jpg,385140,height,25.0 millimetre
https://m.media-amazon.com/images/I/61FbcuXOvFL.jpg,385140,height,2.0 millimetre
https://m.media-amazon.com/images/I/617IhTCG+JL.jpg,385140,height,3.0 millimetre
https://m.media-amazon.com/images/I/51PiBYccZ4S.jpg,385140,height,1.1 inch
https://m.media-amazon.com/images/I/619oIMJ+98L.jpg,385140,height,8.0 millimetre
https://m.media-amazon.com/images/I/611wJwqceAL.jpg,385140,height,1.1 inch
https://m.media-amazon.com/images/I/510tzUU2thL.jpg,385140,height,2.7 inch
https://m.media-amazon.com/images/I/51sFTM42MhL.jpg,385140,height,3.0 inch
https://m.media-amazon.com/images/I/613wDYOIZhL.jpg,385140,height,38.0 millimetre
https://m.media-amazon.com/images/I/51rkxTtH6QL.jpg,385140,height,3.0 centimetre
https://m.media-amazon.com/images/I/612ReL89cEL.jpg,385140,height,60.0 millimetre
https://m.media-amazon.com/images/I/51JOWT7hLnS.jpg,385140,height,2.5 millimetre
https://m.media-amazon.com/images/I/51z11cwgqOL.jpg,385140,height,2.5 millimetre
https://m.media-amazon.com/images/I/51GjhULTqgS.jpg,385140,height,32.0 millimetre
https://m.media-amazon.com/images/I/61-k1JfnL3L.jpg,385140,height,8.0 millimetre
https://m.media-amazon.com/images/I/513Okm7hf2L.jpg,385140,height,25.0 millimetre
https://m.media-amazon.com/images/I/616r+kJgV3L.jpg,385140,height,30.0 millimetre
https://m.media-amazon.com/images/I/61AXJC6DHoL.jpg,385140,height,1.4 inch
https://m.media-amazon.com/images/I/41WbnvdcZFL.jpg,385140,height,2.0 millimetre
https://m.media-amazon.com/images/I/51fY7JfCTnL.jpg,385140,height,30.0 millimetre
https://m.media-amazon.com/images/I/612PcGIyrAL.jpg,385140,height,2.3 centimetre
https://m.media-amazon.com/images/I/51PH8c3+GlL.jpg,385140,height,30.0 millimetre
https://m.media-amazon.com/images/I/610sauHz3pL.jpg,385140,height,8.0 millimetre
https://m.media-amazon.com/images/I/61FBw07fsXL.jpg,385140,height,0.9 inch
