image_link,group_id,entity_name,entity_value
https://m.media-amazon.com/images/I/51LSzTUjBuL.jpg,546242,width,10.0 centimetre
https://m.media-amazon.com/images/I/614T0Xe1LgL.jpg,546242,width,8.0 centimetre
https://m.media-amazon.com/images/I/41zo4Hvmg2L.jpg,546242,width,8.5 centimetre
https://m.media-amazon.com/images/I/51gcom04SiL.jpg,546242,width,8.88 inch
https://m.media-amazon.com/images/I/51ru+yK6pmL.jpg,546242,width,14.0 centimetre
https://m.media-amazon.com/images/I/611O2jhaqsL.jpg,546242,width,42.0 centimetre
https://m.media-amazon.com/images/I/612JOy2w1TL.jpg,546242,width,8.0 centimetre
https://m.media-amazon.com/images/I/612JOy2w1TL.jpg,546242,depth,140.0 centimetre
https://m.media-amazon.com/images/I/41aQFRmIpoL.jpg,546242,width,40.0 centimetre
https://m.media-amazon.com/images/I/61E3JyoJ+5L.jpg,546242,width,3.1 inch
https://m.media-amazon.com/images/I/419-6DlhFES.jpg,546242,width,5.9 inch
https://m.media-amazon.com/images/I/51G4WhYZWpL.jpg,546242,width,6.0 inch
https://m.media-amazon.com/images/I/51SBe4r9B8L.jpg,546242,depth,8.0 centimetre
https://m.media-amazon.com/images/I/617BzLWG6AL.jpg,546242,depth,280.0 centimetre
https://m.media-amazon.com/images/I/613wHO3sf8L.jpg,546242,depth,23.0 centimetre
https://m.media-amazon.com/images/I/51MBgwS+ERL.jpg,546242,depth,29.0 centimetre
https://m.media-amazon.com/images/I/51nkUIieYiS.jpg,546242,depth,60.0 centimetre
https://m.media-amazon.com/images/I/41AdAnQINdL.jpg,546242,depth,127.0 centimetre
https://m.media-amazon.com/images/I/61D7fbGt65L.jpg,546242,depth,44.0 inch
https://m.media-amazon.com/images/I/41GAGSwNbAL.jpg,546242,depth,280.0 centimetre
https://m.media-amazon.com/images/I/519GRdsiJiL.jpg,546242,depth,100.0 inch
https://m.media-amazon.com/images/I/61CSe+VJaEL.jpg,546242,depth,15.7 inch
https://m.media-amazon.com/images/I/51VYlVMI0OS.jpg,546242,depth,96.5 inch
https://m.media-amazon.com/images/I/518TNCkcU5L.jpg,546242,depth,6.0 foot
https://m.media-amazon.com/images/I/41qZ0ndLppL.jpg,546242,depth,127.0 centimetre
https://m.media-amazon.com/images/I/61CToMyTd7L.jpg,546242,depth,6.0 foot
https://m.media-amazon.com/images/I/51-vdhAg6kL.jpg,546242,depth,9.8 inch
https://m.media-amazon.com/images/I/51Lqh0GUZlL.jpg,546242,depth,21.0 centimetre
https://m.media-amazon.com/images/I/51Nb5aLmU2L.jpg,546242,depth,220.0 centimetre
https://m.media-amazon.com/images/I/61+jrxJwxLL.jpg,546242,depth,22.0 centimetre
https://m.media-amazon.com/images/I/51P4QXutI9L.jpg,546242,depth,97.0 centimetre
