image_link,group_id,entity_name,entity_value
https://m.media-amazon.com/images/I/9166EVCOLwL.jpg,529489,item_weight,13.0 kilogram
https://m.media-amazon.com/images/I/71m0kbvBqHL.jpg,529489,item_weight,440.0 milligram
https://m.media-amazon.com/images/I/61ifk7AwocL.jpg,529489,item_weight,2.43 pound
https://m.media-amazon.com/images/I/511TLwtuswL.jpg,529489,width,14.0 centimetre
https://m.media-amazon.com/images/I/41SxmooXl4L.jpg,529489,width,22.0 inch
https://m.media-amazon.com/images/I/41G1U5FjE9L.jpg,529489,width,85.0 centimetre
https://m.media-amazon.com/images/I/41G1U5FjE9L.jpg,529489,height,1.65 metre
https://m.media-amazon.com/images/I/611DTCKTJ9L.jpg,529489,width,97.0 centimetre
https://m.media-amazon.com/images/I/51MqZXqzgFL.jpg,529489,width,25.2 inch
https://m.media-amazon.com/images/I/51MqZXqzgFL.jpg,529489,depth,31.5 inch
https://m.media-amazon.com/images/I/61+WziAkvwL.jpg,529489,width,100.0 millimetre
https://m.media-amazon.com/images/I/51vdkqTQCnL.jpg,529489,width,165.0 centimetre
https://m.media-amazon.com/images/I/51XiQWmVEoL.jpg,529489,width,38.58 inch
https://m.media-amazon.com/images/I/51QM2mNPSrL.jpg,529489,width,97.0 centimetre
https://m.media-amazon.com/images/I/51BxSrVrJ0L.jpg,529489,width,19.5 centimetre
https://m.media-amazon.com/images/I/617dHXnES4L.jpg,529489,width,92.0 centimetre
https://m.media-amazon.com/images/I/61BUAAdisbL.jpg,529489,width,5.5 inch
https://m.media-amazon.com/images/I/51MSJmi7acL.jpg,529489,width,180.0 millimetre
https://m.media-amazon.com/images/I/51n4X6ZGN6L.jpg,529489,depth,62.0 centimetre
https://m.media-amazon.com/images/I/51B+6SVcoRL.jpg,529489,depth,18.0 centimetre
https://m.media-amazon.com/images/I/612x6AdRfRL.jpg,529489,depth,8.7 inch
https://m.media-amazon.com/images/I/51wkKMYdpIL.jpg,529489,depth,5.1 inch
https://m.media-amazon.com/images/I/61GFVzqRBkL.jpg,529489,depth,22.0 centimetre
https://m.media-amazon.com/images/I/41bHgMA46ZL.jpg,529489,depth,105.0 centimetre
https://m.media-amazon.com/images/I/51JToeoyBwL.jpg,529489,depth,19.5 centimetre
https://m.media-amazon.com/images/I/51DA5aujUyL.jpg,529489,depth,17.0 centimetre
https://m.media-amazon.com/images/I/613Gz5STaKL.jpg,529489,depth,50.0 centimetre
https://m.media-amazon.com/images/I/61-o7efonRL.jpg,529489,depth,34.0 inch
https://m.media-amazon.com/images/I/611iCxpRW+L.jpg,529489,depth,16.8 inch
https://m.media-amazon.com/images/I/617l39dqSrS.jpg,529489,depth,23.6 inch
https://m.media-amazon.com/images/I/51s7v0+9J7L.jpg,529489,depth,22.0 centimetre
https://m.media-amazon.com/images/I/612cp5FSVtL.jpg,529489,depth,63.5 centimetre
https://m.media-amazon.com/images/I/518JbMxK7qL.jpg,529489,depth,12.0 centimetre
https://m.media-amazon.com/images/I/51kl85TY7jL.jpg,529489,depth,12.0 centimetre
https://m.media-amazon.com/images/I/614+2wp72SL.jpg,529489,depth,94.0 centimetre
https://m.media-amazon.com/images/I/518iwkw5coL.jpg,529489,depth,19.0 centimetre
https://m.media-amazon.com/images/I/51h-1uPEoqL.jpg,529489,depth,97.0 centimetre
https://m.media-amazon.com/images/I/41U7nrG2GVL.jpg,529489,depth,97.0 centimetre
https://m.media-amazon.com/images/I/518ki5Jb5oS.jpg,529489,height,11.0 centimetre
https://m.media-amazon.com/images/I/51kI1K7hvpL.jpg,529489,height,102.0 centimetre
https://m.media-amazon.com/images/I/613IBcsmBiL.jpg,529489,height,60.0 millimetre
https://m.media-amazon.com/images/I/614FqCg-OmL.jpg,529489,height,26.8 inch
https://m.media-amazon.com/images/I/61FDIw0zXLL.jpg,529489,height,11.0 centimetre
https://m.media-amazon.com/images/I/51Bjb5rD29L.jpg,529489,height,64.96 inch
https://m.media-amazon.com/images/I/612KkvnpvTL.jpg,529489,height,60.0 millimetre
https://m.media-amazon.com/images/I/51b7fVejPxL.jpg,529489,height,175.0 centimetre
https://m.media-amazon.com/images/I/618Gsq2DbdL.jpg,529489,height,11.5 inch
https://m.media-amazon.com/images/I/614t-55a8tL.jpg,529489,height,48.4 inch
https://m.media-amazon.com/images/I/51V4i-jCa4S.jpg,529489,height,13.0 centimetre
https://m.media-amazon.com/images/I/61FhQIuwUbL.jpg,529489,height,7.28 inch
https://m.media-amazon.com/images/I/51HibhIUMJL.jpg,529489,height,18.0 centimetre
https://m.media-amazon.com/images/I/61FkNdZJKLL.jpg,529489,height,90.0 millimetre
https://m.media-amazon.com/images/I/51eKfEWq75L.jpg,529489,height,64.96 inch
https://m.media-amazon.com/images/I/51Xteo9dAOL.jpg,529489,height,40.74 inch
