image_link,group_id,entity_name,entity_value
https://m.media-amazon.com/images/I/51Bp9hHPTzL.jpg,502410,width,88.0 centimetre
https://m.media-amazon.com/images/I/616qO+0kWIL.jpg,502410,width,120.0 centimetre
https://m.media-amazon.com/images/I/51uLMMntP6L.jpg,502410,width,54.5 centimetre
https://m.media-amazon.com/images/I/51umic0dtDL.jpg,502410,height,31.8 centimetre
https://m.media-amazon.com/images/I/613Cd3NHSOL.jpg,502410,width,12.0 foot
https://m.media-amazon.com/images/I/61+o0nnfAeL.jpg,502410,width,90.0 centimetre
https://m.media-amazon.com/images/I/61FD7Q2ehOL.jpg,502410,width,90.0 centimetre
https://m.media-amazon.com/images/I/51O-u8fVPXL.jpg,502410,height,30.0 centimetre
https://m.media-amazon.com/images/I/61DDgiMMtbL.jpg,502410,height,175.0 centimetre
https://m.media-amazon.com/images/I/51zHA6xgb7L.jpg,502410,height,55.0 centimetre
https://m.media-amazon.com/images/I/61E2Oo7RtzL.jpg,502410,height,90.0 centimetre
https://m.media-amazon.com/images/I/41m8LwgSpEL.jpg,502410,height,84.5 centimetre
