image_link,group_id,entity_name,entity_value
https://m.media-amazon.com/images/I/51559KWVvxL.jpg,551478,width,6.0 centimetre
https://m.media-amazon.com/images/I/51LNtyViVNL.jpg,551478,width,100.0 millimetre
https://m.media-amazon.com/images/I/51uv8+0v4sL.jpg,551478,depth,150.0 millimetre
https://m.media-amazon.com/images/I/51uv8+0v4sL.jpg,551478,height,50.0 millimetre
https://m.media-amazon.com/images/I/51pHivlsPaL.jpg,551478,depth,4.6 inch
https://m.media-amazon.com/images/I/51pHivlsPaL.jpg,551478,height,4.6 inch
https://m.media-amazon.com/images/I/51yHclcCElL.jpg,551478,depth,10.8 centimetre
https://m.media-amazon.com/images/I/51G7MnT-2WL.jpg,551478,height,45.5 millimetre
https://m.media-amazon.com/images/I/51GGFEDIVsL.jpg,551478,height,0.6 inch
https://m.media-amazon.com/images/I/41jnFOsI7sL.jpg,551478,height,0.7 inch
https://m.media-amazon.com/images/I/513HZFGUyyL.jpg,551478,height,25.0 millimetre
https://m.media-amazon.com/images/I/51p9zvJMpqL.jpg,551478,height,1.5 centimetre
https://m.media-amazon.com/images/I/51paShotSfL.jpg,551478,height,11.0 centimetre
https://m.media-amazon.com/images/I/51nklbs-SuL.jpg,551478,height,4.25 inch
https://m.media-amazon.com/images/I/615dAxgULHL.jpg,551478,height,0.29 metre
https://m.media-amazon.com/images/I/51uAmp6aoJL.jpg,551478,height,10.0 centimetre
https://m.media-amazon.com/images/I/412tkx11lmL.jpg,551478,height,0.7 inch
https://m.media-amazon.com/images/I/51B3o95aBFL.jpg,551478,height,16.5 millimetre
https://m.media-amazon.com/images/I/51JUw0tawoS.jpg,551478,height,0.854 inch
https://m.media-amazon.com/images/I/51i5Egz4dxL.jpg,551478,height,22.0 millimetre
https://m.media-amazon.com/images/I/6114Dqv1ZkL.jpg,551478,height,16.5 millimetre
