image_link,group_id,entity_name,entity_value
https://m.media-amazon.com/images/I/51hwXw3eIsS.jpg,597647,width,50.0 millimetre
https://m.media-amazon.com/images/I/610j--08YcS.jpg,597647,width,2.0 inch
https://m.media-amazon.com/images/I/61D6lrNxr9L.jpg,597647,width,56.0 millimetre
https://m.media-amazon.com/images/I/61D6lrNxr9L.jpg,597647,height,56.0 millimetre
https://m.media-amazon.com/images/I/6157Lpxha4L.jpg,597647,width,2.0 inch
https://m.media-amazon.com/images/I/615Yet-cFjL.jpg,597647,width,6.0 centimetre
https://m.media-amazon.com/images/I/615Yet-cFjL.jpg,597647,depth,15.0 centimetre
https://m.media-amazon.com/images/I/51w1NETFKfL.jpg,597647,width,6.0 centimetre
https://m.media-amazon.com/images/I/51y10EqFONL.jpg,597647,width,65.0 millimetre
https://m.media-amazon.com/images/I/61BjvRtjcWL.jpg,597647,width,2.56 inch
https://m.media-amazon.com/images/I/61DgB1fmuTL.jpg,597647,width,85.0 millimetre
https://m.media-amazon.com/images/I/61DgB1fmuTL.jpg,597647,height,20.0 millimetre
https://m.media-amazon.com/images/I/51FhrcicJTL.jpg,597647,width,11.0 centimetre
https://m.media-amazon.com/images/I/51+xnGaYVlL.jpg,597647,width,6.0 centimetre
https://m.media-amazon.com/images/I/612NiyTdlXL.jpg,597647,width,142.0 millimetre
https://m.media-amazon.com/images/I/612NiyTdlXL.jpg,597647,depth,150.0 millimetre
https://m.media-amazon.com/images/I/51DPjVASPVL.jpg,597647,width,60.0 millimetre
https://m.media-amazon.com/images/I/51bwDtqP-3L.jpg,597647,width,3.6 centimetre
https://m.media-amazon.com/images/I/61DrrnhbyXL.jpg,597647,width,2.2 inch
https://m.media-amazon.com/images/I/51iehqE2UZL.jpg,597647,width,7.5 centimetre
https://m.media-amazon.com/images/I/51HgYfzlfAL.jpg,597647,width,6.0 centimetre
https://m.media-amazon.com/images/I/417TS7ijQgL.jpg,597647,width,60.0 millimetre
https://m.media-amazon.com/images/I/51CUwr9OSRL.jpg,597647,width,70.0 millimetre
https://m.media-amazon.com/images/I/612mRYm9fcL.jpg,597647,width,7.5 centimetre
https://m.media-amazon.com/images/I/51JJK6OVx0L.jpg,597647,width,6.0 centimetre
https://m.media-amazon.com/images/I/51Ck-wCyonL.jpg,597647,width,6.0 centimetre
https://m.media-amazon.com/images/I/51SvEucmcJL.jpg,597647,width,3.0 inch
https://m.media-amazon.com/images/I/51pvWU2HC+S.jpg,597647,width,4.25 inch
https://m.media-amazon.com/images/I/51JB3-JGRiL.jpg,597647,width,2.1 inch
https://m.media-amazon.com/images/I/51ViW-j90HL.jpg,597647,width,2.1 inch
https://m.media-amazon.com/images/I/613RFGX-4+L.jpg,597647,depth,33.6 centimetre
https://m.media-amazon.com/images/I/61-5HFAyWRL.jpg,597647,depth,18.0 centimetre
https://m.media-amazon.com/images/I/61-TMaPWhsL.jpg,597647,depth,10.0 inch
https://m.media-amazon.com/images/I/51KD-HjOthL.jpg,597647,depth,200.0 millimetre
https://m.media-amazon.com/images/I/51umB3HpL6L.jpg,597647,depth,21.5 centimetre
https://m.media-amazon.com/images/I/418fTGNdiYL.jpg,597647,depth,20.0 centimetre
https://m.media-amazon.com/images/I/51eAe-sAVOL.jpg,597647,depth,8.0 inch
https://m.media-amazon.com/images/I/41Vsc4rxHGL.jpg,597647,depth,23.0 centimetre
https://m.media-amazon.com/images/I/51llT0jrb5L.jpg,597647,depth,8.0 inch
https://m.media-amazon.com/images/I/618zuv0e0ML.jpg,597647,depth,8.66 inch
https://m.media-amazon.com/images/I/51HFOt9DptL.jpg,597647,depth,38.5 centimetre
https://m.media-amazon.com/images/I/616TMkAvlbL.jpg,597647,depth,180.0 millimetre
https://m.media-amazon.com/images/I/51A59Sr-yCL.jpg,597647,depth,240.0 millimetre
https://m.media-amazon.com/images/I/51AP5bi8TZL.jpg,597647,depth,7.5 inch
https://m.media-amazon.com/images/I/41YtSWBQ21L.jpg,597647,depth,17.0 centimetre
https://m.media-amazon.com/images/I/51HxIEZ05lS.jpg,597647,depth,9.25 inch
https://m.media-amazon.com/images/I/611hyNccKML.jpg,597647,depth,20.5 centimetre
https://m.media-amazon.com/images/I/51miXVBLVSL.jpg,597647,depth,8.15 inch
https://m.media-amazon.com/images/I/51miXVBLVSL.jpg,597647,height,0.98 inch
https://m.media-amazon.com/images/I/61DOr-z9LXL.jpg,597647,depth,25.0 centimetre
https://m.media-amazon.com/images/I/51ilRYiNg4S.jpg,597647,height,0.98 inch
https://m.media-amazon.com/images/I/51Xu4MIU7QL.jpg,597647,height,0.81 inch
https://m.media-amazon.com/images/I/610iIM7+2xL.jpg,597647,height,10.0 centimetre
https://m.media-amazon.com/images/I/613PTVzoa9L.jpg,597647,height,40.0 millimetre
https://m.media-amazon.com/images/I/51vFj0Ra2BL.jpg,597647,height,40.0 millimetre
https://m.media-amazon.com/images/I/41mX0Mnxr4L.jpg,597647,height,10.0 centimetre
https://m.media-amazon.com/images/I/51uLzLixpmL.jpg,597647,height,21.0 millimetre
https://m.media-amazon.com/images/I/51rtvo8jG+L.jpg,597647,height,3.0 centimetre
https://m.media-amazon.com/images/I/51MCwBGEWRL.jpg,597647,height,60.0 millimetre
https://m.media-amazon.com/images/I/61+++s6FFuL.jpg,597647,height,63.0 millimetre
https://m.media-amazon.com/images/I/613jFCN3yrL.jpg,597647,height,1.0 inch
https://m.media-amazon.com/images/I/610UYuInEAL.jpg,597647,height,1.0 inch
https://m.media-amazon.com/images/I/51KO4b7KTEL.jpg,597647,height,30.0 millimetre
https://m.media-amazon.com/images/I/51sovhWU7BL.jpg,597647,height,38.0 millimetre
https://m.media-amazon.com/images/I/51gMQ3hZhEL.jpg,597647,height,100.0 millimetre
https://m.media-amazon.com/images/I/516WJC3PcDL.jpg,597647,height,1.5 inch
https://m.media-amazon.com/images/I/51YtRDagV5L.jpg,597647,height,3.5 inch
https://m.media-amazon.com/images/I/61A0WVxcYSL.jpg,597647,height,38.0 millimetre
https://m.media-amazon.com/images/I/51gV2YcuFqL.jpg,597647,height,1.0 inch
https://m.media-amazon.com/images/I/51-ne4nNUoL.jpg,597647,height,10.0 millimetre
https://m.media-amazon.com/images/I/51Fuss4X1ZL.jpg,597647,height,2.8 centimetre
https://m.media-amazon.com/images/I/51utJB81A7L.jpg,597647,height,0.81 inch
https://m.media-amazon.com/images/I/6172byHSaTS.jpg,597647,height,2.0 centimetre
https://m.media-amazon.com/images/I/5123Px4BcQL.jpg,597647,height,6.0 centimetre
https://m.media-amazon.com/images/I/51ZbsB6RUZL.jpg,597647,height,1.0 inch
https://m.media-amazon.com/images/I/51jgue2vGdL.jpg,597647,height,0.6666666666666666 inch
https://m.media-amazon.com/images/I/61CW0YTHBnL.jpg,597647,height,1.0 inch
https://m.media-amazon.com/images/I/51IG9IjlEEL.jpg,597647,height,100.0 millimetre
https://m.media-amazon.com/images/I/51lHgf6U9wL.jpg,597647,height,4.4 centimetre
https://m.media-amazon.com/images/I/51CTrj3FroL.jpg,597647,height,20.0 millimetre
https://m.media-amazon.com/images/I/51Nmkq8kg9L.jpg,597647,height,151.0 millimetre
