image_link,group_id,entity_name,entity_value
https://m.media-amazon.com/images/I/51eq9tSU47L.jpg,708102,width,1.22 inch
https://m.media-amazon.com/images/I/41zSNZRo8KL.jpg,708102,width,0.79 inch
https://m.media-amazon.com/images/I/51YUezM+WJL.jpg,708102,width,4.0 centimetre
https://m.media-amazon.com/images/I/612D+CA5X-L.jpg,708102,width,3.3 inch
https://m.media-amazon.com/images/I/61F0sPx1mRL.jpg,708102,width,1.97 inch
https://m.media-amazon.com/images/I/514bRDq1CVL.jpg,708102,width,2.0 centimetre
https://m.media-amazon.com/images/I/51rLF4qJtjL.jpg,708102,width,50.0 millimetre
https://m.media-amazon.com/images/I/61Fhg5tzT9L.jpg,708102,width,4.0 millimetre
https://m.media-amazon.com/images/I/51Rpc7SojtL.jpg,708102,width,2.0 inch
https://m.media-amazon.com/images/I/61DGIF+sCxL.jpg,708102,width,28.0 millimetre
https://m.media-amazon.com/images/I/5159suhFp2L.jpg,708102,width,5.0 centimetre
https://m.media-amazon.com/images/I/616a2Kyhg3L.jpg,708102,width,5.0 centimetre
https://m.media-amazon.com/images/I/612fT6+mtXL.jpg,708102,width,4.3 centimetre
https://m.media-amazon.com/images/I/41YgM5qYwQL.jpg,708102,width,2.5 centimetre
https://m.media-amazon.com/images/I/51taAy5CHwL.jpg,708102,width,3.2 centimetre
https://m.media-amazon.com/images/I/6195UAnpn7L.jpg,708102,width,257.0 millimetre
https://m.media-amazon.com/images/I/51pzLxMGYlL.jpg,708102,width,0.39 inch
https://m.media-amazon.com/images/I/51FyGm6V6UL.jpg,708102,width,3.0 centimetre
https://m.media-amazon.com/images/I/617p9Or8FbL.jpg,708102,width,25.0 millimetre
https://m.media-amazon.com/images/I/41dfssxkOfL.jpg,708102,width,0.79 inch
https://m.media-amazon.com/images/I/51DIxJq5mLL.jpg,708102,width,2.0 centimetre
https://m.media-amazon.com/images/I/515fPNvBHnL.jpg,708102,width,0.75 inch
https://m.media-amazon.com/images/I/51NPx1v3G9L.jpg,708102,width,0.9 inch
https://m.media-amazon.com/images/I/41-FcodKQsL.jpg,708102,width,0.98 inch
https://m.media-amazon.com/images/I/617jM3wKuKL.jpg,708102,width,9.4 centimetre
https://m.media-amazon.com/images/I/61B1-y8vBOL.jpg,708102,width,1.6 inch
https://m.media-amazon.com/images/I/610SugDJvHL.jpg,708102,width,3.0 inch
https://m.media-amazon.com/images/I/619x4N2pH-L.jpg,708102,width,1.0 inch
https://m.media-amazon.com/images/I/412XQSTJ32L.jpg,708102,width,2.5 centimetre
https://m.media-amazon.com/images/I/51RRt21rUlL.jpg,708102,width,0.8 centimetre
https://m.media-amazon.com/images/I/51ZOGREdPxL.jpg,708102,width,0.1 inch
https://m.media-amazon.com/images/I/51ZOGREdPxL.jpg,708102,depth,4.8 inch
https://m.media-amazon.com/images/I/51GiBCo3S7L.jpg,708102,width,3.0 centimetre
https://m.media-amazon.com/images/I/61AZa8jpHRL.jpg,708102,width,1.4 inch
https://m.media-amazon.com/images/I/61-qzc5NQnL.jpg,708102,width,1.1 inch
https://m.media-amazon.com/images/I/6165CtrXZrL.jpg,708102,width,1.0 inch
https://m.media-amazon.com/images/I/6165CtrXZrL.jpg,708102,depth,1.0 inch
https://m.media-amazon.com/images/I/51Om7IE4E4L.jpg,708102,width,3.8 centimetre
https://m.media-amazon.com/images/I/51Om7IE4E4L.jpg,708102,depth,6.8 inch
https://m.media-amazon.com/images/I/51faYJPp1-S.jpg,708102,width,0.2 centimetre
https://m.media-amazon.com/images/I/51Qs9fqC1tL.jpg,708102,width,3.2 centimetre
https://m.media-amazon.com/images/I/51MP+5xiRPL.jpg,708102,width,68.0 millimetre
https://m.media-amazon.com/images/I/61FDioKAmHL.jpg,708102,width,9.3 centimetre
https://m.media-amazon.com/images/I/51pV93DDJQS.jpg,708102,width,105.0 millimetre
https://m.media-amazon.com/images/I/51ltOl2BFnL.jpg,708102,width,0.39 inch
https://m.media-amazon.com/images/I/5152iGlDDeL.jpg,708102,width,90.0 millimetre
https://m.media-amazon.com/images/I/51JIzpE+zDL.jpg,708102,width,1.22 inch
https://m.media-amazon.com/images/I/51sRxKDqF4L.jpg,708102,width,19.5 millimetre
https://m.media-amazon.com/images/I/51peOSi2o7L.jpg,708102,width,25.0 millimetre
https://m.media-amazon.com/images/I/51EAu48IuUL.jpg,708102,width,33.0 millimetre
https://m.media-amazon.com/images/I/51XMu287UCL.jpg,708102,width,3.0 centimetre
https://m.media-amazon.com/images/I/51eIe4VkIKS.jpg,708102,width,5.0 centimetre
https://m.media-amazon.com/images/I/41LFnIJXmTL.jpg,708102,width,7.0 centimetre
https://m.media-amazon.com/images/I/516wM32pUsL.jpg,708102,width,4.0 centimetre
https://m.media-amazon.com/images/I/51+PPKllY4L.jpg,708102,width,2.6 centimetre
https://m.media-amazon.com/images/I/51A5OFhspwL.jpg,708102,width,2.5 centimetre
https://m.media-amazon.com/images/I/51O+sWvk9YL.jpg,708102,width,1.3 centimetre
https://m.media-amazon.com/images/I/51KVQv3Ob3L.jpg,708102,width,3.1 centimetre
https://m.media-amazon.com/images/I/61-k8O2R2mL.jpg,708102,width,2.0 inch
https://m.media-amazon.com/images/I/61FnpK6SejL.jpg,708102,width,30.0 centimetre
https://m.media-amazon.com/images/I/616213dgujL.jpg,708102,width,1.0 inch
https://m.media-amazon.com/images/I/51GgtkDVncL.jpg,708102,width,9.0 centimetre
https://m.media-amazon.com/images/I/4182DX0xdDL.jpg,708102,width,4.0 centimetre
https://m.media-amazon.com/images/I/51lrDiFx53L.jpg,708102,width,2.0 centimetre
https://m.media-amazon.com/images/I/61-sFJA5KwL.jpg,708102,width,3.0 centimetre
https://m.media-amazon.com/images/I/517y6qwd2CL.jpg,708102,width,2.0 millimetre
https://m.media-amazon.com/images/I/61DLz3VzbUL.jpg,708102,width,5.0 centimetre
https://m.media-amazon.com/images/I/61DLz3VzbUL.jpg,708102,depth,15.0 centimetre
https://m.media-amazon.com/images/I/51P4uiroHZL.jpg,708102,width,5.2 centimetre
https://m.media-amazon.com/images/I/611+PW5g7wL.jpg,708102,width,4.0 centimetre
https://m.media-amazon.com/images/I/51L4xi+7n+L.jpg,708102,width,1.9 inch
https://m.media-amazon.com/images/I/510U6phd5hL.jpg,708102,width,2.5 centimetre
https://m.media-amazon.com/images/I/61DC8Ipj+7L.jpg,708102,width,2.53 centimetre
https://m.media-amazon.com/images/I/51c4BX5gsCL.jpg,708102,width,51.0 millimetre
https://m.media-amazon.com/images/I/51tAnt-rYxL.jpg,708102,width,5.0 centimetre
https://m.media-amazon.com/images/I/516YIbIXy7L.jpg,708102,width,1.9 inch
https://m.media-amazon.com/images/I/51wuuzmuWrL.jpg,708102,width,3.0 centimetre
https://m.media-amazon.com/images/I/51buuFDczOS.jpg,708102,width,2.0 centimetre
https://m.media-amazon.com/images/I/51NZkONs3TL.jpg,708102,width,2.04 inch
https://m.media-amazon.com/images/I/41eElpwF3DL.jpg,708102,width,2.0 inch
https://m.media-amazon.com/images/I/41l30HZqybL.jpg,708102,width,68.0 millimetre
https://m.media-amazon.com/images/I/51dvT894tkL.jpg,708102,width,1.1 inch
https://m.media-amazon.com/images/I/51BEskOSdwL.jpg,708102,width,0.79 inch
https://m.media-amazon.com/images/I/618wPGGvMrL.jpg,708102,width,0.79 inch
https://m.media-amazon.com/images/I/61B73zZUcuL.jpg,708102,width,7.3 centimetre
https://m.media-amazon.com/images/I/61G4VKKUe2L.jpg,708102,width,3.0 centimetre
https://m.media-amazon.com/images/I/51vZgMt75PL.jpg,708102,width,55.0 millimetre
https://m.media-amazon.com/images/I/51vZgMt75PL.jpg,708102,depth,55.0 millimetre
https://m.media-amazon.com/images/I/514+SXlE-9L.jpg,708102,width,3.5 centimetre
https://m.media-amazon.com/images/I/51dDym+ATaL.jpg,708102,width,6.4 centimetre
https://m.media-amazon.com/images/I/51GWVJ1JkSL.jpg,708102,width,70.0 millimetre
https://m.media-amazon.com/images/I/41IJSM5ymcL.jpg,708102,width,5.4 centimetre
https://m.media-amazon.com/images/I/51AG7ZAUwYL.jpg,708102,width,60.0 millimetre
https://m.media-amazon.com/images/I/41iL9iuOJ8L.jpg,708102,width,3.5 centimetre
https://m.media-amazon.com/images/I/614zCuZNmSL.jpg,708102,width,6.2 centimetre
https://m.media-amazon.com/images/I/61AVkMZB3yL.jpg,708102,width,7.0 centimetre
https://m.media-amazon.com/images/I/51edA6VPjrL.jpg,708102,width,2.0 centimetre
https://m.media-amazon.com/images/I/418qQJJeqZL.jpg,708102,depth,120.0 millimetre
https://m.media-amazon.com/images/I/51YbefvCM8L.jpg,708102,depth,14.0 centimetre
https://m.media-amazon.com/images/I/61EY7mhFNjL.jpg,708102,depth,13.0 centimetre
https://m.media-amazon.com/images/I/51RPBawxkqL.jpg,708102,depth,12.0 centimetre
https://m.media-amazon.com/images/I/31Y6G8mXL6L.jpg,708102,depth,4.7 inch
https://m.media-amazon.com/images/I/51CtPzN-omL.jpg,708102,depth,15.5 centimetre
https://m.media-amazon.com/images/I/613nLOb94IL.jpg,708102,depth,3.15 inch
https://m.media-amazon.com/images/I/61FjkB6kfwL.jpg,708102,depth,6.0 inch
https://m.media-amazon.com/images/I/51kJOhnR-fL.jpg,708102,depth,15.2 centimetre
https://m.media-amazon.com/images/I/41TbNJys7PL.jpg,708102,depth,29.7 centimetre
https://m.media-amazon.com/images/I/51ugFWyTzAL.jpg,708102,depth,5.0 inch
https://m.media-amazon.com/images/I/618yy8DgDlS.jpg,708102,depth,12.0 centimetre
https://m.media-amazon.com/images/I/614IVDXCtqL.jpg,708102,depth,5.1 inch
https://m.media-amazon.com/images/I/51e7K2eWqzL.jpg,708102,depth,14.5 centimetre
https://m.media-amazon.com/images/I/610TfUggvqL.jpg,708102,depth,120.0 millimetre
https://m.media-amazon.com/images/I/51Lj5U4B2JL.jpg,708102,depth,15.0 centimetre
https://m.media-amazon.com/images/I/41iBd1v+tML.jpg,708102,depth,19.0 centimetre
https://m.media-amazon.com/images/I/51t+C1iY3IL.jpg,708102,depth,13.1 centimetre
https://m.media-amazon.com/images/I/41R4ydO0v7L.jpg,708102,depth,6.2 inch
https://m.media-amazon.com/images/I/51HKNq8mvcL.jpg,708102,depth,4.72 inch
https://m.media-amazon.com/images/I/61BWSUtF0uL.jpg,708102,depth,21.0 centimetre
https://m.media-amazon.com/images/I/41F+y5DM2rL.jpg,708102,depth,20.0 centimetre
https://m.media-amazon.com/images/I/611V+3ZjwwL.jpg,708102,depth,6.0 inch
https://m.media-amazon.com/images/I/51qSNeDozEL.jpg,708102,depth,12.0 centimetre
https://m.media-amazon.com/images/I/41siz6pbEmL.jpg,708102,depth,9.0 centimetre
https://m.media-amazon.com/images/I/31ygUVkd3-L.jpg,708102,depth,16.0 centimetre
https://m.media-amazon.com/images/I/51EAWXSXGGL.jpg,708102,depth,40.0 millimetre
https://m.media-amazon.com/images/I/51yxwOKzMPL.jpg,708102,depth,12.0 centimetre
https://m.media-amazon.com/images/I/618JzcaaHML.jpg,708102,depth,5.9 inch
https://m.media-amazon.com/images/I/513NjMCuiuL.jpg,708102,depth,1.6 centimetre
https://m.media-amazon.com/images/I/51D3U3QVaOL.jpg,708102,depth,100.0 millimetre
https://m.media-amazon.com/images/I/617c3noeNkL.jpg,708102,depth,6.0 centimetre
https://m.media-amazon.com/images/I/41mDmnPS2RL.jpg,708102,depth,2.36 inch
https://m.media-amazon.com/images/I/61DtRx3NeyS.jpg,708102,depth,4.5 inch
https://m.media-amazon.com/images/I/6171anc7OFL.jpg,708102,depth,17.5 centimetre
https://m.media-amazon.com/images/I/617qPkj5uLL.jpg,708102,depth,12.0 centimetre
https://m.media-amazon.com/images/I/51-jk-R0XQL.jpg,708102,depth,14.0 centimetre
https://m.media-amazon.com/images/I/51mR4AoKv8L.jpg,708102,depth,5.5 inch
https://m.media-amazon.com/images/I/61+O8ZxlLYL.jpg,708102,depth,14.3 centimetre
https://m.media-amazon.com/images/I/51Kwf2esvuL.jpg,708102,depth,2.0 inch
https://m.media-amazon.com/images/I/51aykFQ8v5L.jpg,708102,depth,6.0 inch
https://m.media-amazon.com/images/I/51-v2W1BGBL.jpg,708102,depth,13.0 centimetre
https://m.media-amazon.com/images/I/51pFHmojzPL.jpg,708102,depth,9.0 centimetre
https://m.media-amazon.com/images/I/61FhZh7hxCL.jpg,708102,depth,15.0 centimetre
https://m.media-amazon.com/images/I/613FxTn4b4L.jpg,708102,depth,15.0 centimetre
https://m.media-amazon.com/images/I/51TTGCm8n1L.jpg,708102,depth,14.3 centimetre
https://m.media-amazon.com/images/I/51sNl9JdFdL.jpg,708102,depth,14.6 centimetre
https://m.media-amazon.com/images/I/619uEBaCguL.jpg,708102,depth,130.0 millimetre
https://m.media-amazon.com/images/I/51uciWnti+L.jpg,708102,depth,5.4 inch
https://m.media-amazon.com/images/I/618L5LYtqbL.jpg,708102,depth,11.5 centimetre
https://m.media-amazon.com/images/I/41qIXCr8dxL.jpg,708102,depth,1.97 inch
https://m.media-amazon.com/images/I/51dh4i9GMQL.jpg,708102,depth,15.5 centimetre
https://m.media-amazon.com/images/I/513EpwTYiCL.jpg,708102,depth,130.0 millimetre
https://m.media-amazon.com/images/I/51HmqXT2qJL.jpg,708102,depth,32.0 centimetre
https://m.media-amazon.com/images/I/51tfqSU29xL.jpg,708102,depth,2.5 inch
https://m.media-amazon.com/images/I/61FiQg-JzuL.jpg,708102,depth,12.0 centimetre
https://m.media-amazon.com/images/I/51usjm5HCLL.jpg,708102,depth,5.31 inch
https://m.media-amazon.com/images/I/61+kuO1FJCL.jpg,708102,depth,17.0 inch
https://m.media-amazon.com/images/I/51sduwiC6rL.jpg,708102,depth,100.0 millimetre
https://m.media-amazon.com/images/I/51hAKjdyLiL.jpg,708102,depth,19.0 centimetre
https://m.media-amazon.com/images/I/518-usTS5RL.jpg,708102,depth,26.0 centimetre
https://m.media-amazon.com/images/I/516uEKRqWgL.jpg,708102,depth,12.3 centimetre
https://m.media-amazon.com/images/I/51+DG18wtwS.jpg,708102,depth,12.0 centimetre
https://m.media-amazon.com/images/I/51tBkNKDp4S.jpg,708102,depth,60.0 millimetre
https://m.media-amazon.com/images/I/41k-hYuAQRL.jpg,708102,depth,1.97 inch
https://m.media-amazon.com/images/I/61-iAm4ArIL.jpg,708102,depth,7.81 inch
https://m.media-amazon.com/images/I/51keUO3958L.jpg,708102,depth,1.33 inch
https://m.media-amazon.com/images/I/61+CAHf7VrL.jpg,708102,depth,150.0 millimetre
https://m.media-amazon.com/images/I/51u6dAMBNSL.jpg,708102,depth,5.11 inch
https://m.media-amazon.com/images/I/51ADdeW5dML.jpg,708102,depth,80.0 millimetre
https://m.media-amazon.com/images/I/614ehNpT1+L.jpg,708102,depth,15.0 inch
https://m.media-amazon.com/images/I/413TbdgHpjL.jpg,708102,depth,13.0 centimetre
https://m.media-amazon.com/images/I/618LDMQdMQL.jpg,708102,depth,5.6 inch
https://m.media-amazon.com/images/I/51KTsCGiViL.jpg,708102,depth,1.97 inch
https://m.media-amazon.com/images/I/51r0tRajvpL.jpg,708102,depth,12.0 centimetre
https://m.media-amazon.com/images/I/61GKYwvTIML.jpg,708102,depth,15.0 centimetre
https://m.media-amazon.com/images/I/51UjrNQY3WL.jpg,708102,depth,11.0 centimetre
https://m.media-amazon.com/images/I/51g-IlCuPhL.jpg,708102,depth,10.0 centimetre
https://m.media-amazon.com/images/I/51UZhUDeC2L.jpg,708102,depth,4.84 inch
https://m.media-amazon.com/images/I/61EpzmrYIdL.jpg,708102,depth,145.0 millimetre
https://m.media-amazon.com/images/I/61E-0zBqH8L.jpg,708102,depth,12.3 centimetre
https://m.media-amazon.com/images/I/51eRObmdFTL.jpg,708102,depth,21.0 centimetre
https://m.media-amazon.com/images/I/418U8rHFM+L.jpg,708102,depth,15.0 centimetre
https://m.media-amazon.com/images/I/615UReyevhL.jpg,708102,depth,3.94 inch
https://m.media-amazon.com/images/I/51AQuVTrCqL.jpg,708102,depth,16.4 centimetre
https://m.media-amazon.com/images/I/51ViXfMRduL.jpg,708102,depth,19.0 centimetre
https://m.media-amazon.com/images/I/61D5Ze+GyLL.jpg,708102,depth,13.0 centimetre
https://m.media-amazon.com/images/I/51FnraxnKLL.jpg,708102,depth,11.5 centimetre
https://m.media-amazon.com/images/I/51rLZXwLmxS.jpg,708102,depth,6.0 centimetre
https://m.media-amazon.com/images/I/616LRarm1DL.jpg,708102,depth,13.0 centimetre
https://m.media-amazon.com/images/I/51lthGDaz0L.jpg,708102,depth,11.5 centimetre
https://m.media-amazon.com/images/I/51oQssvnHWL.jpg,708102,depth,20.5 centimetre
https://m.media-amazon.com/images/I/51g7iZ6km4L.jpg,708102,depth,20.0 centimetre
https://m.media-amazon.com/images/I/51f0iCpdNvL.jpg,708102,depth,13.0 centimetre
https://m.media-amazon.com/images/I/616ZvXgsbBL.jpg,708102,depth,15.0 centimetre
https://m.media-amazon.com/images/I/5175nqGS1rL.jpg,708102,depth,8.0 centimetre
https://m.media-amazon.com/images/I/51R6-F66nkL.jpg,708102,depth,3.94 inch
https://m.media-amazon.com/images/I/51RPye4T9aL.jpg,708102,depth,15.0 centimetre
https://m.media-amazon.com/images/I/612muXW8RsL.jpg,708102,depth,15.0 centimetre
https://m.media-amazon.com/images/I/51U9MqP4-WL.jpg,708102,depth,14.0 centimetre
https://m.media-amazon.com/images/I/51jjBS9siYL.jpg,708102,depth,4.7 inch
https://m.media-amazon.com/images/I/51ZNJTg7qwL.jpg,708102,depth,5.0 centimetre
https://m.media-amazon.com/images/I/51UMNpNDo2L.jpg,708102,depth,31.0 centimetre
https://m.media-amazon.com/images/I/61388evbZSL.jpg,708102,depth,15.0 centimetre
https://m.media-amazon.com/images/I/61DBDs9z0ML.jpg,708102,depth,15.0 centimetre
https://m.media-amazon.com/images/I/51AlyAGB5jL.jpg,708102,depth,7.9 centimetre
https://m.media-amazon.com/images/I/51ubah+SJQL.jpg,708102,depth,12.0 centimetre
https://m.media-amazon.com/images/I/613Rks2F0tL.jpg,708102,depth,7.0 inch
https://m.media-amazon.com/images/I/619BG0IBhSL.jpg,708102,depth,4.5 inch
