image_link,group_id,entity_name,entity_value
https://m.media-amazon.com/images/I/61F6+bXKL8L.jpg,668667,width,15.74 inch
https://m.media-amazon.com/images/I/61CRfYeS9ML.jpg,668667,width,5.0 metre
https://m.media-amazon.com/images/I/51zeoYxXacL.jpg,668667,width,176.0 centimetre
https://m.media-amazon.com/images/I/51VhT-4eb8L.jpg,668667,width,3.6 metre
https://m.media-amazon.com/images/I/51EhcuCB7cL.jpg,668667,width,91.0 centimetre
https://m.media-amazon.com/images/I/61-LEVZOYPL.jpg,668667,width,137.0 inch
https://m.media-amazon.com/images/I/61-LEVZOYPL.jpg,668667,depth,96.0 inch
https://m.media-amazon.com/images/I/61AWyKdR53L.jpg,668667,width,140.0 centimetre
https://m.media-amazon.com/images/I/61E4YZVPaIL.jpg,668667,width,20.5 inch
https://m.media-amazon.com/images/I/51tpXaVC6DL.jpg,668667,width,20.5 inch
https://m.media-amazon.com/images/I/51GV-trYN9L.jpg,668667,width,3.0 metre
https://m.media-amazon.com/images/I/41ZeZajcizL.jpg,668667,width,31.5 inch
https://m.media-amazon.com/images/I/614zWA-f6UL.jpg,668667,width,151.0 inch
https://m.media-amazon.com/images/I/61258S1up4L.jpg,668667,width,91.0 inch
https://m.media-amazon.com/images/I/51G2eR9WDML.jpg,668667,width,500.0 centimetre
https://m.media-amazon.com/images/I/51OK72MJ2VL.jpg,668667,width,15.74 inch
https://m.media-amazon.com/images/I/51OK72MJ2VL.jpg,668667,depth,3.0 metre
https://m.media-amazon.com/images/I/51gm6Al80fL.jpg,668667,width,53.0 centimetre
https://m.media-amazon.com/images/I/61+ct5rUNJL.jpg,668667,width,3.6 metre
https://m.media-amazon.com/images/I/51xHQlK-NmL.jpg,668667,width,78.0 centimetre
https://m.media-amazon.com/images/I/51uW1MSHEzL.jpg,668667,width,314.96 inch
https://m.media-amazon.com/images/I/61C3X+44C9L.jpg,668667,width,120.0 centimetre
https://m.media-amazon.com/images/I/51ffwHgimDL.jpg,668667,width,9.0 inch
https://m.media-amazon.com/images/I/51ffwHgimDL.jpg,668667,depth,12.0 inch
https://m.media-amazon.com/images/I/51PKUCkoh9L.jpg,668667,width,8.0 foot
https://m.media-amazon.com/images/I/51K1YYA3ipL.jpg,668667,width,300.0 centimetre
https://m.media-amazon.com/images/I/61D03OXw6+L.jpg,668667,width,500.0 centimetre
https://m.media-amazon.com/images/I/516zBlTkhDL.jpg,668667,width,5.0 inch
https://m.media-amazon.com/images/I/51+IDC9vDwL.jpg,668667,width,12.0 inch
https://m.media-amazon.com/images/I/614lB78H0xL.jpg,668667,width,10.0 metre
https://m.media-amazon.com/images/I/413vHyQPkoL.jpg,668667,width,10.0 centimetre
https://m.media-amazon.com/images/I/61+4feQjTZL.jpg,668667,width,27.0 inch
https://m.media-amazon.com/images/I/610anrtgPoL.jpg,668667,width,120.0 inch
https://m.media-amazon.com/images/I/51d2dMioZTL.jpg,668667,width,17.7 inch
https://m.media-amazon.com/images/I/615CCRht-BL.jpg,668667,width,70.0 centimetre
https://m.media-amazon.com/images/I/51ganpnmxdL.jpg,668667,width,31.5 inch
https://m.media-amazon.com/images/I/61Fi+NPtBIL.jpg,668667,width,18.0 inch
https://m.media-amazon.com/images/I/6172vVRFO3L.jpg,668667,width,8.0 foot
https://m.media-amazon.com/images/I/614qjsaX1uL.jpg,668667,width,2.3 metre
https://m.media-amazon.com/images/I/61-eS81uLNL.jpg,668667,width,18.0 inch
https://m.media-amazon.com/images/I/41jtkbsjqeL.jpg,668667,width,500.0 millimetre
https://m.media-amazon.com/images/I/41jtkbsjqeL.jpg,668667,depth,500.0 millimetre
https://m.media-amazon.com/images/I/51+9lWsi4sL.jpg,668667,width,10.0 metre
https://m.media-amazon.com/images/I/610R3IicRzL.jpg,668667,width,393.0 inch
https://m.media-amazon.com/images/I/51AnbTz-SiL.jpg,668667,width,16.0 inch
https://m.media-amazon.com/images/I/61C4vAlPKTL.jpg,668667,width,500.0 centimetre
https://m.media-amazon.com/images/I/51Qkhpn36wL.jpg,668667,width,77.0 centimetre
https://m.media-amazon.com/images/I/51OUxkSqBLL.jpg,668667,width,35.0 inch
https://m.media-amazon.com/images/I/51nqvg86rIL.jpg,668667,width,56.0 centimetre
https://m.media-amazon.com/images/I/415b3m-DCjL.jpg,668667,width,9.5 metre
https://m.media-amazon.com/images/I/61FkEbIjv5L.jpg,668667,width,70.0 centimetre
https://m.media-amazon.com/images/I/41tqWFxcHDL.jpg,668667,width,25.0 centimetre
https://m.media-amazon.com/images/I/516VAJgngqL.jpg,668667,width,66.0 centimetre
https://m.media-amazon.com/images/I/51TQsrLOfwL.jpg,668667,width,9.5 metre
https://m.media-amazon.com/images/I/51TQsrLOfwL.jpg,668667,depth,0.53 metre
https://m.media-amazon.com/images/I/51JsUFkzgzL.jpg,668667,width,36.0 inch
https://m.media-amazon.com/images/I/51iYUhZlL1L.jpg,668667,width,265.0 centimetre
https://m.media-amazon.com/images/I/61EpHcnRkJL.jpg,668667,width,40.0 centimetre
https://m.media-amazon.com/images/I/612V+WmSxIL.jpg,668667,width,158.0 inch
https://m.media-amazon.com/images/I/51QwpOqeCPL.jpg,668667,width,45.0 centimetre
https://m.media-amazon.com/images/I/517sxXqE8YL.jpg,668667,width,6.0 inch
https://m.media-amazon.com/images/I/51x+ADgQp9L.jpg,668667,width,200.0 centimetre
https://m.media-amazon.com/images/I/51x+ADgQp9L.jpg,668667,depth,10.0 centimetre
https://m.media-amazon.com/images/I/613r5HtQXPL.jpg,668667,width,60.0 centimetre
https://m.media-amazon.com/images/I/51LuXanwlzL.jpg,668667,width,300.0 centimetre
https://m.media-amazon.com/images/I/51LuXanwlzL.jpg,668667,depth,70.5 centimetre
https://m.media-amazon.com/images/I/51WqoMjgSdL.jpg,668667,width,17.7 inch
https://m.media-amazon.com/images/I/51mPA6urFYL.jpg,668667,width,3.0 metre
https://m.media-amazon.com/images/I/517J6W9NRhL.jpg,668667,width,394.0 inch
https://m.media-amazon.com/images/I/615VVjQhGFL.jpg,668667,width,0.53 metre
https://m.media-amazon.com/images/I/51MVOpPibIL.jpg,668667,width,70.0 centimetre
https://m.media-amazon.com/images/I/51MVOpPibIL.jpg,668667,depth,77.0 centimetre
https://m.media-amazon.com/images/I/618-7GffOSL.jpg,668667,width,200.0 inch
https://m.media-amazon.com/images/I/41ZKjLrrfML.jpg,668667,width,100.0 centimetre
https://m.media-amazon.com/images/I/51o3c9dcN0L.jpg,668667,width,20.0 foot
https://m.media-amazon.com/images/I/61CiQxorlML.jpg,668667,width,44.0 centimetre
https://m.media-amazon.com/images/I/51CYtvqZpGL.jpg,668667,width,200.0 centimetre
https://m.media-amazon.com/images/I/416IiU9vXBL.jpg,668667,width,10.0 centimetre
https://m.media-amazon.com/images/I/614QHGYiUfL.jpg,668667,width,2.0 metre
https://m.media-amazon.com/images/I/51qEx9advzL.jpg,668667,width,300.0 centimetre
https://m.media-amazon.com/images/I/615sXuAjm+S.jpg,668667,width,24.0 inch
https://m.media-amazon.com/images/I/41x9OEwJYZL.jpg,668667,depth,2.56 inch
https://m.media-amazon.com/images/I/5119IZzezCL.jpg,668667,depth,7.87 foot
https://m.media-amazon.com/images/I/51Os6xlf0dL.jpg,668667,depth,0.53 metre
https://m.media-amazon.com/images/I/51zkHEZwSBL.jpg,668667,depth,78.7 inch
https://m.media-amazon.com/images/I/615pip0bGwL.jpg,668667,depth,157.0 inch
https://m.media-amazon.com/images/I/612AAHsw7KL.jpg,668667,depth,7.4 centimetre
https://m.media-amazon.com/images/I/51FW-t-z2wL.jpg,668667,depth,300.0 centimetre
https://m.media-amazon.com/images/I/51YIIGa166L.jpg,668667,depth,10.0 centimetre
https://m.media-amazon.com/images/I/51pxb2WXGuL.jpg,668667,depth,120.0 centimetre
https://m.media-amazon.com/images/I/61-+GfUXcUS.jpg,668667,depth,3.0 inch
https://m.media-amazon.com/images/I/41CAPBMCRxL.jpg,668667,depth,20.5 centimetre
https://m.media-amazon.com/images/I/516h772TpLL.jpg,668667,depth,10.0 centimetre
https://m.media-amazon.com/images/I/615lBHZzDrL.jpg,668667,depth,44.0 centimetre
https://m.media-amazon.com/images/I/51xD9kmBzLL.jpg,668667,depth,10.0 centimetre
https://m.media-amazon.com/images/I/51KEDdABn8L.jpg,668667,depth,17.7 inch
https://m.media-amazon.com/images/I/613yIm1ClGL.jpg,668667,depth,69.0 inch
https://m.media-amazon.com/images/I/61DHgOKisBL.jpg,668667,depth,60.0 centimetre
https://m.media-amazon.com/images/I/51h+VEhuH3L.jpg,668667,depth,9.0 foot
https://m.media-amazon.com/images/I/41ffoP+pEVL.jpg,668667,depth,10.0 centimetre
https://m.media-amazon.com/images/I/6133eH7XciL.jpg,668667,depth,3.0 metre
https://m.media-amazon.com/images/I/61CjhRY7A8S.jpg,668667,depth,0.53 metre
https://m.media-amazon.com/images/I/61BeyI1uLLL.jpg,668667,depth,11.0 inch
https://m.media-amazon.com/images/I/51rNcY9wLcS.jpg,668667,depth,69.0 inch
https://m.media-amazon.com/images/I/616QH9s5j1L.jpg,668667,depth,20.3 centimetre
https://m.media-amazon.com/images/I/51u7UNf+M3L.jpg,668667,depth,10.0 centimetre
https://m.media-amazon.com/images/I/51cd4tQ63SL.jpg,668667,depth,83.0 centimetre
https://m.media-amazon.com/images/I/61Ds+iXukJL.jpg,668667,depth,30.5 inch
https://m.media-amazon.com/images/I/418dq-JKsVL.jpg,668667,depth,70.0 centimetre
https://m.media-amazon.com/images/I/51UwPM5T5zL.jpg,668667,depth,120.0 inch
https://m.media-amazon.com/images/I/6140BM6V+oL.jpg,668667,depth,8.0 centimetre
https://m.media-amazon.com/images/I/6138cQ8YxBL.jpg,668667,depth,17.7 inch
https://m.media-amazon.com/images/I/513bhgsoMuL.jpg,668667,depth,21.6 inch
https://m.media-amazon.com/images/I/61CEpZX0M3L.jpg,668667,depth,8.0 centimetre
https://m.media-amazon.com/images/I/414zY5MC7SL.jpg,668667,depth,10.0 centimetre
https://m.media-amazon.com/images/I/51bSfWhc-6L.jpg,668667,depth,11.0 centimetre
https://m.media-amazon.com/images/I/61CDYBTZdBL.jpg,668667,depth,10.0 centimetre
https://m.media-amazon.com/images/I/612-6lZnlbL.jpg,668667,depth,22.83 inch
https://m.media-amazon.com/images/I/41xkOOuxjLL.jpg,668667,depth,200.0 centimetre
https://m.media-amazon.com/images/I/51SIAVJxr6L.jpg,668667,depth,50.0 centimetre
https://m.media-amazon.com/images/I/610F0louUyL.jpg,668667,depth,17.3 inch
https://m.media-amazon.com/images/I/41gaZp3dFQL.jpg,668667,depth,184.0 centimetre
https://m.media-amazon.com/images/I/61DUM28+nSL.jpg,668667,depth,17.5 inch
https://m.media-amazon.com/images/I/51q1K+jdbzL.jpg,668667,depth,11.8 inch
https://m.media-amazon.com/images/I/617+fbTSQkL.jpg,668667,depth,60.0 centimetre
https://m.media-amazon.com/images/I/6149fzxt3FL.jpg,668667,depth,53.0 centimetre
https://m.media-amazon.com/images/I/5117E8Sdn7L.jpg,668667,depth,4.25 inch
https://m.media-amazon.com/images/I/51hYWIU4BpS.jpg,668667,depth,256.0 centimetre
https://m.media-amazon.com/images/I/41+myIBzxlS.jpg,668667,depth,300.0 centimetre
https://m.media-amazon.com/images/I/611wFHHmImL.jpg,668667,depth,9.0 inch
https://m.media-amazon.com/images/I/610NeALGAtL.jpg,668667,depth,17.7 inch
https://m.media-amazon.com/images/I/415QVwtQaCL.jpg,668667,depth,200.0 centimetre
https://m.media-amazon.com/images/I/51swmcrwCYS.jpg,668667,depth,708.0 inch
https://m.media-amazon.com/images/I/61GL41fuauL.jpg,668667,depth,118.0 inch
https://m.media-amazon.com/images/I/51t93RiB1uL.jpg,668667,depth,17.7 inch
https://m.media-amazon.com/images/I/51lybH0nWUL.jpg,668667,depth,21.6 inch
https://m.media-amazon.com/images/I/61Az0fcMZvL.jpg,668667,depth,60.0 centimetre
https://m.media-amazon.com/images/I/61F-UdzxQDL.jpg,668667,depth,200.0 centimetre
https://m.media-amazon.com/images/I/51ipTDjypFL.jpg,668667,depth,3.0 inch
https://m.media-amazon.com/images/I/51712CYGPsL.jpg,668667,depth,70.0 centimetre
https://m.media-amazon.com/images/I/51pgtVBYE2L.jpg,668667,depth,10.05 metre
https://m.media-amazon.com/images/I/614CLYEmrKL.jpg,668667,depth,600.0 centimetre
https://m.media-amazon.com/images/I/41eWe6xyTOL.jpg,668667,depth,393.0 inch
https://m.media-amazon.com/images/I/6139XENta5L.jpg,668667,depth,45.0 centimetre
https://m.media-amazon.com/images/I/6178bk5DUHS.jpg,668667,depth,118.11 inch
https://m.media-amazon.com/images/I/5151XmdaUIS.jpg,668667,depth,17.7 inch
https://m.media-amazon.com/images/I/6153Yv2cX+L.jpg,668667,depth,9.5 metre
https://m.media-amazon.com/images/I/51NJqouQp4L.jpg,668667,depth,10.0 centimetre
https://m.media-amazon.com/images/I/41k0wFaaDtS.jpg,668667,depth,15.0 centimetre
https://m.media-amazon.com/images/I/616Ag40VdqL.jpg,668667,depth,78.7 inch
https://m.media-amazon.com/images/I/61+fG6HlZAL.jpg,668667,depth,17.7 inch
https://m.media-amazon.com/images/I/51xy7580dlL.jpg,668667,depth,78.7 inch
https://m.media-amazon.com/images/I/51UZBG14R0L.jpg,668667,depth,69.0 inch
https://m.media-amazon.com/images/I/619iaqqXZiL.jpg,668667,depth,190.0 centimetre
https://m.media-amazon.com/images/I/516WJvT5EnL.jpg,668667,depth,10.0 centimetre
https://m.media-amazon.com/images/I/612lRP8m1bL.jpg,668667,depth,16.0 inch
https://m.media-amazon.com/images/I/51BT0AxQBNL.jpg,668667,depth,2.5 metre
https://m.media-amazon.com/images/I/51YYzvPxz3L.jpg,668667,depth,15.0 centimetre
https://m.media-amazon.com/images/I/51DhUbwqoBL.jpg,668667,depth,2.8 metre
https://m.media-amazon.com/images/I/61-qal+O1pL.jpg,668667,depth,22.83 inch
https://m.media-amazon.com/images/I/51Da1oUOH7L.jpg,668667,depth,203.0 centimetre
