image_link,group_id,entity_name,entity_value
https://m.media-amazon.com/images/I/51axYEMomAL.jpg,536334,width,17.0 centimetre
https://m.media-amazon.com/images/I/613QPmoZH9L.jpg,536334,width,4.0 centimetre
https://m.media-amazon.com/images/I/41XS32dCgKL.jpg,536334,width,8.5 centimetre
https://m.media-amazon.com/images/I/51JaBLU5M+L.jpg,536334,width,13.0 centimetre
https://m.media-amazon.com/images/I/51JaBLU5M+L.jpg,536334,depth,13.0 centimetre
https://m.media-amazon.com/images/I/61DRZq9HGrL.jpg,536334,width,4.0 centimetre
https://m.media-amazon.com/images/I/51fg89kSaUL.jpg,536334,width,8.9 centimetre
https://m.media-amazon.com/images/I/51fhnW9aBhL.jpg,536334,width,1.7 inch
https://m.media-amazon.com/images/I/51zTxygtqyL.jpg,536334,width,2.4 inch
https://m.media-amazon.com/images/I/51dxN-6+c4L.jpg,536334,width,3.0 inch
https://m.media-amazon.com/images/I/51dxN-6+c4L.jpg,536334,depth,3.0 inch
https://m.media-amazon.com/images/I/61B02Ie8DrL.jpg,536334,width,5.8 centimetre
https://m.media-amazon.com/images/I/31Vto5lII3L.jpg,536334,width,1.2 inch
https://m.media-amazon.com/images/I/51kGkPgYU+L.jpg,536334,width,39.0 millimetre
https://m.media-amazon.com/images/I/51d3PIyxV4L.jpg,536334,width,50.0 millimetre
https://m.media-amazon.com/images/I/611O3-ltcVL.jpg,536334,width,13.0 centimetre
https://m.media-amazon.com/images/I/51V2N2mK4nL.jpg,536334,width,4.2 centimetre
https://m.media-amazon.com/images/I/51V2N2mK4nL.jpg,536334,depth,12.0 centimetre
https://m.media-amazon.com/images/I/51KiyGZzN-L.jpg,536334,width,4.7 centimetre
https://m.media-amazon.com/images/I/51FDJ5wIAxL.jpg,536334,width,3.14 inch
https://m.media-amazon.com/images/I/51lhL0RApDL.jpg,536334,width,2.2 inch
https://m.media-amazon.com/images/I/51lhL0RApDL.jpg,536334,height,1.9 inch
https://m.media-amazon.com/images/I/41HzEgJVU0L.jpg,536334,width,8.48 centimetre
https://m.media-amazon.com/images/I/51urRrV1CcL.jpg,536334,width,15.0 centimetre
https://m.media-amazon.com/images/I/4135EjrmtzL.jpg,536334,width,3.7 inch
https://m.media-amazon.com/images/I/51jtdeX8CdS.jpg,536334,width,10.0 centimetre
https://m.media-amazon.com/images/I/51jtdeX8CdS.jpg,536334,depth,10.0 centimetre
https://m.media-amazon.com/images/I/51EcxUOktmL.jpg,536334,width,6.0 centimetre
https://m.media-amazon.com/images/I/51EcxUOktmL.jpg,536334,depth,10.0 centimetre
https://m.media-amazon.com/images/I/51LLCWOGEmL.jpg,536334,width,80.0 millimetre
https://m.media-amazon.com/images/I/51WCkXg1TNL.jpg,536334,width,13.0 centimetre
https://m.media-amazon.com/images/I/51Me3u0+2DL.jpg,536334,width,7.0 centimetre
https://m.media-amazon.com/images/I/611cQlwaiML.jpg,536334,width,3.1 inch
https://m.media-amazon.com/images/I/410bn9TM1EL.jpg,536334,width,39.0 millimetre
https://m.media-amazon.com/images/I/61FBQ+JWUxS.jpg,536334,width,5.7 centimetre
https://m.media-amazon.com/images/I/41Kc0S8nCzL.jpg,536334,width,5.5 centimetre
https://m.media-amazon.com/images/I/41PqZDAUU+L.jpg,536334,width,12.0 centimetre
https://m.media-amazon.com/images/I/51cueFPCcOL.jpg,536334,width,3.4 centimetre
https://m.media-amazon.com/images/I/51a1VsySkGL.jpg,536334,width,2.08 inch
https://m.media-amazon.com/images/I/61BbPNuC0WL.jpg,536334,width,7.5 centimetre
https://m.media-amazon.com/images/I/51fyudn0NkL.jpg,536334,width,8.0 centimetre
https://m.media-amazon.com/images/I/41xf6+V64jL.jpg,536334,width,6.5 centimetre
https://m.media-amazon.com/images/I/518Vuh-ZuML.jpg,536334,depth,14.0 centimetre
https://m.media-amazon.com/images/I/51rYaVkRb7L.jpg,536334,depth,6.0 centimetre
https://m.media-amazon.com/images/I/511oPP88hhL.jpg,536334,depth,8.0 centimetre
https://m.media-amazon.com/images/I/414saO6RobS.jpg,536334,depth,2.6 inch
https://m.media-amazon.com/images/I/51AwdOhoeuL.jpg,536334,depth,2.75 inch
https://m.media-amazon.com/images/I/615xwxeh68L.jpg,536334,depth,130.0 millimetre
https://m.media-amazon.com/images/I/6196kSdk5IL.jpg,536334,depth,7.0 inch
https://m.media-amazon.com/images/I/6196kSdk5IL.jpg,536334,height,9.1 inch
https://m.media-amazon.com/images/I/51h7OIcPzXL.jpg,536334,depth,8.0 centimetre
https://m.media-amazon.com/images/I/41JrXz+mF7L.jpg,536334,depth,2.55 inch
https://m.media-amazon.com/images/I/514v1YvB+UL.jpg,536334,depth,16.5 centimetre
https://m.media-amazon.com/images/I/41Ip0Zg5jpL.jpg,536334,depth,4.5 centimetre
https://m.media-amazon.com/images/I/51zA4+hxkbL.jpg,536334,depth,3.2 inch
https://m.media-amazon.com/images/I/41i7dQRE+GL.jpg,536334,depth,5.0 centimetre
https://m.media-amazon.com/images/I/61FyJS8WrBL.jpg,536334,depth,7.5 centimetre
https://m.media-amazon.com/images/I/51QAkX1eoDL.jpg,536334,depth,2.3 inch
https://m.media-amazon.com/images/I/51y7tZ3kNdL.jpg,536334,depth,6.5 centimetre
https://m.media-amazon.com/images/I/41i7hAJCerL.jpg,536334,depth,100.0 millimetre
https://m.media-amazon.com/images/I/5163zrg-m1L.jpg,536334,depth,2.3 inch
https://m.media-amazon.com/images/I/51GyfVrUYqL.jpg,536334,depth,74.0 millimetre
https://m.media-amazon.com/images/I/41HjXJoIaAL.jpg,536334,depth,3.7 inch
https://m.media-amazon.com/images/I/51tIYdYxhCL.jpg,536334,depth,4.0 inch
https://m.media-amazon.com/images/I/41T7uDFntLL.jpg,536334,depth,2.0 inch
https://m.media-amazon.com/images/I/41Ur6ZPjOQL.jpg,536334,depth,3.46 inch
https://m.media-amazon.com/images/I/51-KcWaWgkL.jpg,536334,depth,7.0 centimetre
https://m.media-amazon.com/images/I/51ydN0dF5xL.jpg,536334,depth,9.0 centimetre
https://m.media-amazon.com/images/I/51ydN0dF5xL.jpg,536334,height,17.5 centimetre
https://m.media-amazon.com/images/I/51U0H8WjMBL.jpg,536334,depth,8.0 centimetre
https://m.media-amazon.com/images/I/51KTaE14LSL.jpg,536334,depth,3.0 inch
https://m.media-amazon.com/images/I/5180XVoFAcL.jpg,536334,depth,7.0 inch
https://m.media-amazon.com/images/I/5180XVoFAcL.jpg,536334,height,7.0 inch
https://m.media-amazon.com/images/I/61EtfbtLMVL.jpg,536334,depth,21.0 centimetre
https://m.media-amazon.com/images/I/61EtfbtLMVL.jpg,536334,height,11.0 centimetre
https://m.media-amazon.com/images/I/51aC1DwD-fL.jpg,536334,depth,11.0 centimetre
https://m.media-amazon.com/images/I/51CGXiiA-rL.jpg,536334,depth,8.3 centimetre
https://m.media-amazon.com/images/I/615h0DKqtVL.jpg,536334,depth,11.0 centimetre
https://m.media-amazon.com/images/I/51uH8vjjC4L.jpg,536334,depth,3.2 inch
https://m.media-amazon.com/images/I/613aKeXUpPS.jpg,536334,depth,120.0 millimetre
https://m.media-amazon.com/images/I/51hLpZKZTWL.jpg,536334,depth,13.5 centimetre
https://m.media-amazon.com/images/I/51G0MmFmfqL.jpg,536334,depth,9.0 inch
https://m.media-amazon.com/images/I/61F834Tr7eL.jpg,536334,depth,7.0 inch
https://m.media-amazon.com/images/I/51QSfz6RpdL.jpg,536334,depth,11.3 centimetre
https://m.media-amazon.com/images/I/41nIACxRzfL.jpg,536334,depth,31.0 centimetre
https://m.media-amazon.com/images/I/41VwTKvt+QL.jpg,536334,depth,9.0 centimetre
https://m.media-amazon.com/images/I/5173KSaVELL.jpg,536334,depth,14.0 centimetre
https://m.media-amazon.com/images/I/51WZ-jBM36S.jpg,536334,depth,11.5 centimetre
https://m.media-amazon.com/images/I/41Y5fMEyrhL.jpg,536334,depth,21.0 centimetre
https://m.media-amazon.com/images/I/612VWNrPtPL.jpg,536334,depth,10.5 centimetre
https://m.media-amazon.com/images/I/51hpJgc-5rL.jpg,536334,depth,4.9 inch
https://m.media-amazon.com/images/I/61BmnagmGiL.jpg,536334,depth,3.25 inch
https://m.media-amazon.com/images/I/61DcCtLktFL.jpg,536334,depth,2.55 inch
https://m.media-amazon.com/images/I/51GE40Hq+ZL.jpg,536334,depth,9.0 centimetre
https://m.media-amazon.com/images/I/51OOIzhaaRL.jpg,536334,depth,8.0 centimetre
https://m.media-amazon.com/images/I/51PDNIgWkwL.jpg,536334,depth,4.5 inch
https://m.media-amazon.com/images/I/510nQnWCjTL.jpg,536334,depth,7.0 centimetre
https://m.media-amazon.com/images/I/510nQnWCjTL.jpg,536334,height,12.5 centimetre
https://m.media-amazon.com/images/I/51DqJrEGvcL.jpg,536334,depth,9.8 inch
https://m.media-amazon.com/images/I/51jxXRTaYmL.jpg,536334,depth,8.5 inch
https://m.media-amazon.com/images/I/41O9UvOjIVL.jpg,536334,depth,2.16 inch
https://m.media-amazon.com/images/I/511g9b51d2L.jpg,536334,depth,115.0 millimetre
https://m.media-amazon.com/images/I/511g9b51d2L.jpg,536334,height,195.0 millimetre
https://m.media-amazon.com/images/I/51C0eRAokGL.jpg,536334,depth,14.0 centimetre
https://m.media-amazon.com/images/I/51SFc6wR-3L.jpg,536334,depth,8.0 centimetre
https://m.media-amazon.com/images/I/61BhiTX0RaL.jpg,536334,depth,6.3 centimetre
https://m.media-amazon.com/images/I/51Z8gRiHTML.jpg,536334,depth,4.0 centimetre
https://m.media-amazon.com/images/I/612+wZSHxJL.jpg,536334,depth,1.02 inch
https://m.media-amazon.com/images/I/515OEtQRuWL.jpg,536334,depth,9.5 centimetre
https://m.media-amazon.com/images/I/51CcIQ-4PAL.jpg,536334,depth,10.15 centimetre
https://m.media-amazon.com/images/I/51rZuWQ5UJL.jpg,536334,height,5.0 inch
https://m.media-amazon.com/images/I/51iw7TnlN1L.jpg,536334,height,100.0 millimetre
https://m.media-amazon.com/images/I/610C4Hnh3lL.jpg,536334,height,2.9 inch
https://m.media-amazon.com/images/I/61DkrMBXEvL.jpg,536334,height,2.5 centimetre
https://m.media-amazon.com/images/I/511Krq87BBL.jpg,536334,height,17.0 centimetre
https://m.media-amazon.com/images/I/616Lw9xu6sL.jpg,536334,height,1.8 inch
https://m.media-amazon.com/images/I/51Aan6FzOPL.jpg,536334,height,28.5 centimetre
https://m.media-amazon.com/images/I/61EmFUWoMjL.jpg,536334,height,8.1 inch
https://m.media-amazon.com/images/I/51zL4rFYF1L.jpg,536334,height,4.0 inch
https://m.media-amazon.com/images/I/51j3i0BigQL.jpg,536334,height,41.0 centimetre
https://m.media-amazon.com/images/I/51ef5-pXCSL.jpg,536334,height,10.0 centimetre
https://m.media-amazon.com/images/I/41HNmiD+FpL.jpg,536334,height,12.5 inch
https://m.media-amazon.com/images/I/61Fk+f6feIL.jpg,536334,height,23.5 centimetre
https://m.media-amazon.com/images/I/518cbW08-JL.jpg,536334,height,2.5 centimetre
https://m.media-amazon.com/images/I/51e0di1UbXL.jpg,536334,height,2.5 centimetre
https://m.media-amazon.com/images/I/612xGt4cmsL.jpg,536334,height,8.0 inch
https://m.media-amazon.com/images/I/614Q89g023L.jpg,536334,height,3.6 inch
https://m.media-amazon.com/images/I/51TuohP3pFL.jpg,536334,height,8.5 inch
https://m.media-amazon.com/images/I/51BaN1rlhtL.jpg,536334,height,30.5 centimetre
https://m.media-amazon.com/images/I/61BXFld7sWL.jpg,536334,height,2.8 centimetre
https://m.media-amazon.com/images/I/51tTnJRVefS.jpg,536334,height,7.45 inch
https://m.media-amazon.com/images/I/61AHbvhb4AL.jpg,536334,height,8.0 centimetre
https://m.media-amazon.com/images/I/61+So1-IRAL.jpg,536334,height,10.0 inch
https://m.media-amazon.com/images/I/613ugRtbVbL.jpg,536334,height,4.1 inch
https://m.media-amazon.com/images/I/615HNe8ZB7L.jpg,536334,height,9.5 inch
https://m.media-amazon.com/images/I/61+TqvT0P6L.jpg,536334,height,3.0 inch
https://m.media-amazon.com/images/I/614POD+Uk9L.jpg,536334,height,18.5 centimetre
https://m.media-amazon.com/images/I/51dtcCnVSwS.jpg,536334,height,310.0 millimetre
https://m.media-amazon.com/images/I/51-xKOB3mvL.jpg,536334,height,11.8 inch
https://m.media-amazon.com/images/I/51B4SHUodgL.jpg,536334,height,94.0 millimetre
https://m.media-amazon.com/images/I/51J2qohFi9L.jpg,536334,height,22.0 centimetre
https://m.media-amazon.com/images/I/6119AFcQi4L.jpg,536334,height,6.5 centimetre
https://m.media-amazon.com/images/I/510N3RURJ-L.jpg,536334,height,5.0 centimetre
https://m.media-amazon.com/images/I/51p8i3CrdsL.jpg,536334,height,6.5 inch
https://m.media-amazon.com/images/I/51ur2-ZKunL.jpg,536334,height,4.5 centimetre
https://m.media-amazon.com/images/I/61DWM8-U19L.jpg,536334,height,7.66 inch
https://m.media-amazon.com/images/I/61Aeo5JKdnL.jpg,536334,height,20.5 centimetre
https://m.media-amazon.com/images/I/613JS8SPkIL.jpg,536334,height,59.0 millimetre
https://m.media-amazon.com/images/I/41dAa4Smy7L.jpg,536334,height,2.5 inch
https://m.media-amazon.com/images/I/51Eoo2T5jXL.jpg,536334,height,15.5 centimetre
https://m.media-amazon.com/images/I/51FrU872L+L.jpg,536334,height,9.0 centimetre
https://m.media-amazon.com/images/I/41ejziK6RTL.jpg,536334,height,9.63 inch
https://m.media-amazon.com/images/I/512YbyN7JLL.jpg,536334,height,2.05 inch
https://m.media-amazon.com/images/I/41D-+s5VwnL.jpg,536334,height,2.1 centimetre
https://m.media-amazon.com/images/I/51piXJ8g49L.jpg,536334,height,6.0 centimetre
https://m.media-amazon.com/images/I/615a1-ssf-L.jpg,536334,height,36.0 inch
https://m.media-amazon.com/images/I/51Z7JPRoemL.jpg,536334,height,12.0 inch
https://m.media-amazon.com/images/I/41gWmKpTu4L.jpg,536334,height,16.5 centimetre
https://m.media-amazon.com/images/I/41KN89n7S3L.jpg,536334,height,3.0 inch
https://m.media-amazon.com/images/I/51zGVCtsimL.jpg,536334,height,100.0 millimetre
https://m.media-amazon.com/images/I/51Tpv91pxFL.jpg,536334,height,20.0 centimetre
