image_link,group_id,entity_name,entity_value
https://m.media-amazon.com/images/I/612S8ZJbkhL.jpg,595247,width,25.0 centimetre
https://m.media-amazon.com/images/I/51rMc1SDFFL.jpg,595247,width,15.35 inch
https://m.media-amazon.com/images/I/61301G+hyzL.jpg,595247,width,40.0 centimetre
https://m.media-amazon.com/images/I/51aZn+JEXhL.jpg,595247,width,29.5 inch
https://m.media-amazon.com/images/I/51TnaV4XCdL.jpg,595247,width,25.0 centimetre
https://m.media-amazon.com/images/I/61406SQ18bL.jpg,595247,width,36.0 centimetre
https://m.media-amazon.com/images/I/51uf1oGpqZL.jpg,595247,width,37.0 centimetre
https://m.media-amazon.com/images/I/61E7US2CpIS.jpg,595247,depth,100.0 centimetre
https://m.media-amazon.com/images/I/613BTebYawL.jpg,595247,depth,46.0 centimetre
https://m.media-amazon.com/images/I/51O4r+mvzhL.jpg,595247,depth,53.0 centimetre
https://m.media-amazon.com/images/I/51dqE81hweL.jpg,595247,depth,23.6 inch
https://m.media-amazon.com/images/I/616kJs85HoL.jpg,595247,depth,60.0 centimetre
