image_link,group_id,entity_name,entity_value
https://m.media-amazon.com/images/I/61zyJdPYp8L.jpg,611510,item_weight,9.2 pound
https://m.media-amazon.com/images/I/61opmw27trS.jpg,611510,maximum_weight_recommendation,100 kilogram
https://m.media-amazon.com/images/I/71A8rAIsGJL.jpg,611510,item_weight,5.74 pound
https://m.media-amazon.com/images/I/61VatRzHVgL.jpg,611510,maximum_weight_recommendation,300.0 pound
https://m.media-amazon.com/images/I/71J8+lHwFmL.jpg,611510,maximum_weight_recommendation,350 pound
https://m.media-amazon.com/images/I/81z1WGMynEL.jpg,611510,item_weight,2.5 kilogram
https://m.media-amazon.com/images/I/81z1WGMynEL.jpg,611510,maximum_weight_recommendation,150 kilogram
https://m.media-amazon.com/images/I/511MNP9mdnL.jpg,611510,item_weight,15.6 kilogram
https://m.media-amazon.com/images/I/511v2PmulxL.jpg,611510,maximum_weight_recommendation,100 kilogram
https://m.media-amazon.com/images/I/71onXN5DxJL.jpg,611510,item_weight,150.0 kilogram
https://m.media-amazon.com/images/I/51K61C3MvrL.jpg,611510,maximum_weight_recommendation,13.4 kilogram
https://m.media-amazon.com/images/I/51K61C3MvrL.jpg,611510,item_weight,13.4 kilogram
https://m.media-amazon.com/images/I/51BTLAlgQPL.jpg,611510,item_weight,13.4 kilogram
https://m.media-amazon.com/images/I/614-fny+w8L.jpg,611510,item_weight,18.69 ounce
https://m.media-amazon.com/images/I/71kgM9Vb32L.jpg,611510,maximum_weight_recommendation,100 kilogram
https://m.media-amazon.com/images/I/6184rNrdtCL.jpg,611510,item_weight,2.54 pound
https://m.media-amazon.com/images/I/71AUrBvEarL.jpg,611510,maximum_weight_recommendation,150 kilogram
https://m.media-amazon.com/images/I/61KctbA4zXL.jpg,611510,maximum_weight_recommendation,150 kilogram
https://m.media-amazon.com/images/I/51z2RaizvBL.jpg,611510,maximum_weight_recommendation,286 pound
https://m.media-amazon.com/images/I/615F6R+PtxL.jpg,611510,maximum_weight_recommendation,220 pound
https://m.media-amazon.com/images/I/61oD9t+sYFS.jpg,611510,maximum_weight_recommendation,350 pound
https://m.media-amazon.com/images/I/61oD9t+sYFS.jpg,611510,item_weight,1.94 pound
https://m.media-amazon.com/images/I/71D8W20QvfS.jpg,611510,maximum_weight_recommendation,350 pound
https://m.media-amazon.com/images/I/81AnNNO-kRL.jpg,611510,maximum_weight_recommendation,110 kilogram
https://m.media-amazon.com/images/I/81AnNNO-kRL.jpg,611510,item_weight,1.9 kilogram
https://m.media-amazon.com/images/I/61yUVhwBBrL.jpg,611510,maximum_weight_recommendation,400 pound
https://m.media-amazon.com/images/I/61yUVhwBBrL.jpg,611510,item_weight,2.54 pound
https://m.media-amazon.com/images/I/615F1G6LoHL.jpg,611510,maximum_weight_recommendation,400 pound
https://m.media-amazon.com/images/I/615F1G6LoHL.jpg,611510,item_weight,2.54 pound
https://m.media-amazon.com/images/I/71b4KkcMqWL.jpg,611510,maximum_weight_recommendation,263 kilogram
https://m.media-amazon.com/images/I/81MXo8Z23lL.jpg,611510,item_weight,1.5 kilogram
https://m.media-amazon.com/images/I/81MXo8Z23lL.jpg,611510,maximum_weight_recommendation,110 kilogram
https://m.media-amazon.com/images/I/71eOex45bNL.jpg,611510,maximum_weight_recommendation,150 kilogram
https://m.media-amazon.com/images/I/516o-VARIXL.jpg,611510,item_weight,13.6 kilogram
https://m.media-amazon.com/images/I/411PPpr1M7S.jpg,611510,item_weight,2.075 kilogram
https://m.media-amazon.com/images/I/411PPpr1M7S.jpg,611510,maximum_weight_recommendation,2.075 kilogram
https://m.media-amazon.com/images/I/71TEsmUo9LL.jpg,611510,item_weight,2.29 pound
https://m.media-amazon.com/images/I/810db88AzoL.jpg,611510,maximum_weight_recommendation,330 pound
https://m.media-amazon.com/images/I/71ZgQFCkleL.jpg,611510,maximum_weight_recommendation,350 pound
https://m.media-amazon.com/images/I/61vvGy7-nvL.jpg,611510,maximum_weight_recommendation,350 pound
https://m.media-amazon.com/images/I/61vvGy7-nvL.jpg,611510,item_weight,1.94 pound
https://m.media-amazon.com/images/I/61ZMKvdFZ0L.jpg,611510,item_weight,1.3 kilogram
https://m.media-amazon.com/images/I/71bM786lqML.jpg,611510,maximum_weight_recommendation,150 kilogram
https://m.media-amazon.com/images/I/81l1oh+e3EL.jpg,611510,maximum_weight_recommendation,110 kilogram
https://m.media-amazon.com/images/I/81l1oh+e3EL.jpg,611510,item_weight,1.5 kilogram
https://m.media-amazon.com/images/I/718MZOyxveL.jpg,611510,maximum_weight_recommendation,330 pound
https://m.media-amazon.com/images/I/61cHUJYWq0L.jpg,611510,item_weight,1.87 pound
https://m.media-amazon.com/images/I/51lcNduNVFL.jpg,611510,maximum_weight_recommendation,350 pound
https://m.media-amazon.com/images/I/71VIhH-GH5L.jpg,611510,item_weight,450.0 gram
https://m.media-amazon.com/images/I/718wY-e-5aL.jpg,611510,item_weight,4.5 gram
https://m.media-amazon.com/images/I/61z91WdfJ5L.jpg,611510,maximum_weight_recommendation,100 kilogram
https://m.media-amazon.com/images/I/618I2mxYplL.jpg,611510,item_weight,0.8 kilogram
https://m.media-amazon.com/images/I/61oNV0M6iUL.jpg,611510,maximum_weight_recommendation,100 kilogram
https://m.media-amazon.com/images/I/5195dx-G5iL.jpg,611510,item_weight,95.24 ounce
https://m.media-amazon.com/images/I/5195dx-G5iL.jpg,611510,width,23.6 inch
https://m.media-amazon.com/images/I/51VnM-FXeYL.jpg,611510,maximum_weight_recommendation,100 kilogram
https://m.media-amazon.com/images/I/61QCws7v35L.jpg,611510,maximum_weight_recommendation,286 pound
https://m.media-amazon.com/images/I/61LA0TLbx-L.jpg,611510,maximum_weight_recommendation,250 pound
https://m.media-amazon.com/images/I/61DaIwfG74L.jpg,611510,maximum_weight_recommendation,100 kilogram
https://m.media-amazon.com/images/I/71LXfu5DwkL.jpg,611510,maximum_weight_recommendation,302 pound
https://m.media-amazon.com/images/I/51pdRACdoRL.jpg,611510,maximum_weight_recommendation,129 kilogram
https://m.media-amazon.com/images/I/517VreNaXuL.jpg,611510,maximum_weight_recommendation,100 kilogram
https://m.media-amazon.com/images/I/71PbyQFLeNL.jpg,611510,maximum_weight_recommendation,100 kilogram
https://m.media-amazon.com/images/I/61Xp3NM3PRS.jpg,611510,maximum_weight_recommendation,100 kilogram
https://m.media-amazon.com/images/I/61qlOnKr9xS.jpg,611510,item_weight,900.0 gram
https://m.media-amazon.com/images/I/61yNt5oFjbL.jpg,611510,maximum_weight_recommendation,1 gram
https://m.media-amazon.com/images/I/71mFXIFhmGL.jpg,611510,item_weight,2.76 pound
https://m.media-amazon.com/images/I/71mFXIFhmGL.jpg,611510,maximum_weight_recommendation,130 kilogram
https://m.media-amazon.com/images/I/514SxPKon-L.jpg,611510,maximum_weight_recommendation,180 kilogram
https://m.media-amazon.com/images/I/61NuonNZzBL.jpg,611510,maximum_weight_recommendation,350 pound
https://m.media-amazon.com/images/I/719heAdLkUL.jpg,611510,maximum_weight_recommendation,350 pound
https://m.media-amazon.com/images/I/61-NzDvFrvL.jpg,611510,item_weight,12.2 pound
https://m.media-amazon.com/images/I/71IHmmrP39S.jpg,611510,maximum_weight_recommendation,180 kilogram
https://m.media-amazon.com/images/I/51BakaBOsmL.jpg,611510,maximum_weight_recommendation,300.0 pound
https://m.media-amazon.com/images/I/617UDBqrJbS.jpg,611510,maximum_weight_recommendation,100 kilogram
https://m.media-amazon.com/images/I/71vQKejO-vL.jpg,611510,maximum_weight_recommendation,330 pound
https://m.media-amazon.com/images/I/71ckHjjG1mS.jpg,611510,maximum_weight_recommendation,330 pound
https://m.media-amazon.com/images/I/71ckHjjG1mS.jpg,611510,item_weight,1.25 kilogram
https://m.media-amazon.com/images/I/61ttxBN2aIL.jpg,611510,maximum_weight_recommendation,113 kilogram
https://m.media-amazon.com/images/I/81qSX2avEaL.jpg,611510,maximum_weight_recommendation,110 kilogram
https://m.media-amazon.com/images/I/81qSX2avEaL.jpg,611510,item_weight,1.9 kilogram
https://m.media-amazon.com/images/I/71xjReuh8eL.jpg,611510,item_weight,225.0 pound
https://m.media-amazon.com/images/I/71RLvYl5j2L.jpg,611510,item_weight,650.0 gram
https://m.media-amazon.com/images/I/81AWAY1eCyL.jpg,611510,item_weight,2.5 pound
https://m.media-amazon.com/images/I/61aO3N87tjL.jpg,611510,maximum_weight_recommendation,100 kilogram
https://m.media-amazon.com/images/I/91Ge3y6EzTL.jpg,611510,maximum_weight_recommendation,110 kilogram
https://m.media-amazon.com/images/I/91Ge3y6EzTL.jpg,611510,item_weight,1.5 kilogram
https://m.media-amazon.com/images/I/61hG7wg8nqL.jpg,611510,item_weight,10.4 pound
https://m.media-amazon.com/images/I/61pCaYIArJL.jpg,611510,maximum_weight_recommendation,60 kilogram
https://m.media-amazon.com/images/I/61po4U6b9SL.jpg,611510,maximum_weight_recommendation,660 pound
https://m.media-amazon.com/images/I/51fGwQCvydL.jpg,611510,item_weight,600.0 gram
https://m.media-amazon.com/images/I/81px10eXcUL.jpg,611510,item_weight,2.075 kilogram
https://m.media-amazon.com/images/I/41EimwjQjwS.jpg,611510,item_weight,2.075 kilogram
https://m.media-amazon.com/images/I/61v+lP+HNML.jpg,611510,maximum_weight_recommendation,331 pound
https://m.media-amazon.com/images/I/415WoekX8ZL.jpg,611510,item_weight,4.0 kilogram
https://m.media-amazon.com/images/I/81hh9O2HFAL.jpg,611510,item_weight,4.0 kilogram
https://m.media-amazon.com/images/I/615vqPVHyeL.jpg,611510,item_weight,100.0 ounce
https://m.media-amazon.com/images/I/51UGu-oqM4L.jpg,611510,maximum_weight_recommendation,330 pound
https://m.media-amazon.com/images/I/51ZvmgDywZL.jpg,611510,maximum_weight_recommendation,300.0 pound
https://m.media-amazon.com/images/I/71OhHUrayBL.jpg,611510,item_weight,2.55 pound
https://m.media-amazon.com/images/I/7135ZM1+-oL.jpg,611510,item_weight,2.55 pound
https://m.media-amazon.com/images/I/81nth+jD0kL.jpg,611510,item_weight,1.9 kilogram
https://m.media-amazon.com/images/I/81nth+jD0kL.jpg,611510,maximum_weight_recommendation,110 kilogram
https://m.media-amazon.com/images/I/71Hf-ZYun1S.jpg,611510,item_weight,1250.0 gram
https://m.media-amazon.com/images/I/61z4m6o9NrL.jpg,611510,item_weight,1.3 kilogram
https://m.media-amazon.com/images/I/61P-D9zTwDL.jpg,611510,maximum_weight_recommendation,400 pound
https://m.media-amazon.com/images/I/61FX9iQu5-L.jpg,611510,item_weight,9.2 pound
https://m.media-amazon.com/images/I/51dlcNjfmBL.jpg,611510,maximum_weight_recommendation,397 pound
https://m.media-amazon.com/images/I/71TwjwIZSGS.jpg,611510,maximum_weight_recommendation,250 pound
https://m.media-amazon.com/images/I/71SHiEWi+US.jpg,611510,maximum_weight_recommendation,250 pound
https://m.media-amazon.com/images/I/71Qr8QMZwoL.jpg,611510,item_weight,1.9 kilogram
https://m.media-amazon.com/images/I/51kJnZ7RLsL.jpg,611510,maximum_weight_recommendation,35 kilogram
https://m.media-amazon.com/images/I/811GDzpaLvL.jpg,611510,item_weight,1.25 kilogram
https://m.media-amazon.com/images/I/811GDzpaLvL.jpg,611510,maximum_weight_recommendation,330 pound
https://m.media-amazon.com/images/I/71+LEsmhldL.jpg,611510,item_weight,0.65 kilogram
https://m.media-amazon.com/images/I/51QnqKq4MlL.jpg,611510,item_weight,2.29 pound
https://m.media-amazon.com/images/I/5103y7ihgKL.jpg,611510,maximum_weight_recommendation,350 pound
https://m.media-amazon.com/images/I/5103y7ihgKL.jpg,611510,item_weight,1.9 pound
https://m.media-amazon.com/images/I/51bWRu1yExL.jpg,611510,maximum_weight_recommendation,286 pound
https://m.media-amazon.com/images/I/81eFrZgeOFL.jpg,611510,maximum_weight_recommendation,350 pound
https://m.media-amazon.com/images/I/716ZJ0KXiGS.jpg,611510,item_weight,1.25 kilogram
https://m.media-amazon.com/images/I/61TuuoI5IGL.jpg,611510,maximum_weight_recommendation,120.0 kilogram
https://m.media-amazon.com/images/I/51ztBHbZouL.jpg,611510,maximum_weight_recommendation,250 kilogram
https://m.media-amazon.com/images/I/71nThfW3qRL.jpg,611510,maximum_weight_recommendation,150 kilogram
https://m.media-amazon.com/images/I/91zRsHZKohL.jpg,611510,maximum_weight_recommendation,110 kilogram
https://m.media-amazon.com/images/I/91zRsHZKohL.jpg,611510,item_weight,1.5 kilogram
https://m.media-amazon.com/images/I/51hEKUzSEVL.jpg,611510,maximum_weight_recommendation,350 pound
https://m.media-amazon.com/images/I/81Ka4VH64jL.jpg,611510,item_weight,2.5 pound
https://m.media-amazon.com/images/I/61osxk6RdxL.jpg,611510,maximum_weight_recommendation,100.0 kilogram
https://m.media-amazon.com/images/I/51E-RSwNyVL.jpg,611510,item_weight,14.5 kilogram
https://m.media-amazon.com/images/I/51E-RSwNyVL.jpg,611510,maximum_weight_recommendation,14.5 kilogram
https://m.media-amazon.com/images/I/716-sxao19L.jpg,611510,item_weight,8.3 kilogram
https://m.media-amazon.com/images/I/61+Zl0GkOOS.jpg,611510,maximum_weight_recommendation,300 pound
https://m.media-amazon.com/images/I/71w5dNr6FtL.jpg,611510,maximum_weight_recommendation,350 pound
https://m.media-amazon.com/images/I/61D6Dj6iv5L.jpg,611510,maximum_weight_recommendation,350 pound
https://m.media-amazon.com/images/I/815rBOqEURL.jpg,611510,item_weight,19.84 pound
https://m.media-amazon.com/images/I/61SlEZvheKL.jpg,611510,maximum_weight_recommendation,300 pound
https://m.media-amazon.com/images/I/51QSwDJ7C8L.jpg,611510,item_weight,2.7 pound
https://m.media-amazon.com/images/I/71H2bdcQGaL.jpg,611510,item_weight,"[150.0, 350.0] pound"
https://m.media-amazon.com/images/I/71vXdZj1VSL.jpg,611510,maximum_weight_recommendation,450 pound
https://m.media-amazon.com/images/I/614Tr8ctSGL.jpg,611510,item_weight,5.5 kilogram
https://m.media-amazon.com/images/I/51N1Gu2M7DL.jpg,611510,item_weight,9.5 pound
https://m.media-amazon.com/images/I/61gfxI1YXsS.jpg,611510,maximum_weight_recommendation,250 pound
https://m.media-amazon.com/images/I/71B9JXkGa5L.jpg,611510,maximum_weight_recommendation,275.0 pound
https://m.media-amazon.com/images/I/71IyR5LIfLS.jpg,611510,maximum_weight_recommendation,300 pound
https://m.media-amazon.com/images/I/81GEACScPqS.jpg,611510,maximum_weight_recommendation,300 pound
https://m.media-amazon.com/images/I/51ktFhWr2VS.jpg,611510,maximum_weight_recommendation,85 kilogram
https://m.media-amazon.com/images/I/71y1PrDGldL.jpg,611510,item_weight,125.0 kilogram
https://m.media-amazon.com/images/I/81ca-MMMZjL.jpg,611510,item_weight,2.5 pound
https://m.media-amazon.com/images/I/71WlcWiPSsL.jpg,611510,maximum_weight_recommendation,330 pound
https://m.media-amazon.com/images/I/61NorI0C1sL.jpg,611510,maximum_weight_recommendation,331 pound
https://m.media-amazon.com/images/I/61zAEB7dtQL.jpg,611510,maximum_weight_recommendation,331 pound
https://m.media-amazon.com/images/I/61g8Lh+HdlL.jpg,611510,maximum_weight_recommendation,117 kilogram
https://m.media-amazon.com/images/I/61jh7dP5p-L.jpg,611510,item_weight,3.0 pound
https://m.media-amazon.com/images/I/91OrP6mKaZL.jpg,611510,maximum_weight_recommendation,110 kilogram
https://m.media-amazon.com/images/I/91OrP6mKaZL.jpg,611510,item_weight,1.5 kilogram
https://m.media-amazon.com/images/I/51K844zPItL.jpg,611510,maximum_weight_recommendation,286 pound
https://m.media-amazon.com/images/I/61HDK7MtSLL.jpg,611510,maximum_weight_recommendation,2 pound
https://m.media-amazon.com/images/I/51Xj75OiOqS.jpg,611510,maximum_weight_recommendation,300 pound
https://m.media-amazon.com/images/I/71+lcV19dkL.jpg,611510,item_weight,250.0 pound
https://m.media-amazon.com/images/I/51Ab3Ee80uL.jpg,611510,item_weight,16.8 kilogram
https://m.media-amazon.com/images/I/51SNNmyhsSL.jpg,611510,maximum_weight_recommendation,100 kilogram
https://m.media-amazon.com/images/I/51UU7bRGm9L.jpg,611510,item_weight,13.4 kilogram
https://m.media-amazon.com/images/I/61xdsMqpSsL.jpg,611510,item_weight,8.8 pound
https://m.media-amazon.com/images/I/71gbWMCyCqL.jpg,611510,item_weight,2.7 kilogram
https://m.media-amazon.com/images/I/71DmJxsJiEL.jpg,611510,maximum_weight_recommendation,3.5 pound
https://m.media-amazon.com/images/I/61k0EbVw8FL.jpg,611510,maximum_weight_recommendation,120 kilogram
https://m.media-amazon.com/images/I/71BLeYYg4mL.jpg,611510,maximum_weight_recommendation,180 kilogram
https://m.media-amazon.com/images/I/61uUHb0ynpL.jpg,611510,maximum_weight_recommendation,330 pound
https://m.media-amazon.com/images/I/61g5wU4AHRL.jpg,611510,maximum_weight_recommendation,242.0 pound
https://m.media-amazon.com/images/I/71kazQp5HRL.jpg,611510,maximum_weight_recommendation,110 kilogram
https://m.media-amazon.com/images/I/51pTNbrkxOL.jpg,611510,maximum_weight_recommendation,13.4 kilogram
https://m.media-amazon.com/images/I/81OSALX8c+L.jpg,611510,maximum_weight_recommendation,300 pound
https://m.media-amazon.com/images/I/51Py6HHxQJL.jpg,611510,maximum_weight_recommendation,300.0 pound
https://m.media-amazon.com/images/I/811ZtjJHvbL.jpg,611510,maximum_weight_recommendation,250 pound
https://m.media-amazon.com/images/I/51kn436GEjL.jpg,611510,maximum_weight_recommendation,136 kilogram
https://m.media-amazon.com/images/I/71tI7JPg04L.jpg,611510,item_weight,101.0 pound
https://m.media-amazon.com/images/I/71EuFZ5FWCL.jpg,611510,item_weight,101.0 pound
https://m.media-amazon.com/images/I/61CDuYRNjRL.jpg,611510,item_weight,2.075 kilogram
https://m.media-amazon.com/images/I/71YhrzRQ63L.jpg,611510,maximum_weight_recommendation,150 kilogram
https://m.media-amazon.com/images/I/71xQaneAwWL.jpg,611510,maximum_weight_recommendation,150 kilogram
https://m.media-amazon.com/images/I/61CCx+SIwBL.jpg,611510,item_weight,1.9 kilogram
https://m.media-amazon.com/images/I/61rYt4ANH5L.jpg,611510,maximum_weight_recommendation,330 pound
https://m.media-amazon.com/images/I/41km6i1vByL.jpg,611510,maximum_weight_recommendation,100 kilogram
https://m.media-amazon.com/images/I/71+nkRXp26L.jpg,611510,maximum_weight_recommendation,150 kilogram
https://m.media-amazon.com/images/I/61zyIGelLUL.jpg,611510,maximum_weight_recommendation,100 kilogram
https://m.media-amazon.com/images/I/61pNmGSV12L.jpg,611510,item_weight,12.2 pound
https://m.media-amazon.com/images/I/61o5-wv9KCL.jpg,611510,maximum_weight_recommendation,242 pound
https://m.media-amazon.com/images/I/61ZhaOFLL9S.jpg,611510,item_weight,1.2 kilogram
https://m.media-amazon.com/images/I/41HPwlucFeL.jpg,611510,maximum_weight_recommendation,440 pound
https://m.media-amazon.com/images/I/71fr3p0RMgL.jpg,611510,maximum_weight_recommendation,650 pound
https://m.media-amazon.com/images/I/61w+i8AYHLL.jpg,611510,maximum_weight_recommendation,242.0 pound
https://m.media-amazon.com/images/I/812MfFlXS1L.jpg,611510,item_weight,100.0 kilogram
https://m.media-amazon.com/images/I/61ATj-0U9FL.jpg,611510,item_weight,6.6 pound
https://m.media-amazon.com/images/I/7191Q0H04BS.jpg,611510,maximum_weight_recommendation,100 kilogram
https://m.media-amazon.com/images/I/51IkPonil2L.jpg,611510,maximum_weight_recommendation,63.5 ton
https://m.media-amazon.com/images/I/61FV5t0I6uL.jpg,611510,maximum_weight_recommendation,120.0 kilogram
https://m.media-amazon.com/images/I/61FV5t0I6uL.jpg,611510,height,450.0 millimetre
https://m.media-amazon.com/images/I/41dML8ilAoL.jpg,611510,item_weight,1.0 ounce
https://m.media-amazon.com/images/I/71DZIhvObaL.jpg,611510,maximum_weight_recommendation,275 pound
https://m.media-amazon.com/images/I/61msINweFOL.jpg,611510,maximum_weight_recommendation,300 pound
https://m.media-amazon.com/images/I/81FcFE16bML.jpg,611510,maximum_weight_recommendation,250 pound
https://m.media-amazon.com/images/I/5100aKQ3YzL.jpg,611510,item_weight,0.4 kilogram
https://m.media-amazon.com/images/I/61N6oFVP6aL.jpg,611510,maximum_weight_recommendation,150 kilogram
https://m.media-amazon.com/images/I/719rXOKLCEL.jpg,611510,item_weight,2.5 pound
https://m.media-amazon.com/images/I/719fUm16ZoL.jpg,611510,item_weight,10.0 kilogram
https://m.media-amazon.com/images/I/41Op6N150kL.jpg,611510,item_weight,3.0 kilogram
https://m.media-amazon.com/images/I/41D55KeteCL.jpg,611510,item_weight,272.0 gram
https://m.media-amazon.com/images/I/81O01nPZhtL.jpg,611510,item_weight,150.0 kilogram
https://m.media-amazon.com/images/I/81LVwTA71PL.jpg,611510,item_weight,39.0 gram
https://m.media-amazon.com/images/I/61iuBlGee3L.jpg,611510,item_weight,80.0 gram
https://m.media-amazon.com/images/I/51uct1GzgkL.jpg,611510,item_weight,366.0 gram
https://m.media-amazon.com/images/I/51yMJ07KdvL.jpg,611510,item_weight,24.2 pound
https://m.media-amazon.com/images/I/71t52H9PI8L.jpg,611510,item_weight,8.3 kilogram
https://m.media-amazon.com/images/I/713xLGsKKhL.jpg,611510,item_weight,"[150.0, 350.0] pound"
https://m.media-amazon.com/images/I/8143Aj96ReL.jpg,611510,item_weight,3000.0 gram
https://m.media-amazon.com/images/I/61CvAwyhv0L.jpg,611510,item_weight,12.2 pound
https://m.media-amazon.com/images/I/61ayleWmn7L.jpg,611510,item_weight,150.0 kilogram
https://m.media-amazon.com/images/I/61PAm6TwHgL.jpg,611510,item_weight,1.0 kilogram
https://m.media-amazon.com/images/I/71S0t01pftL.jpg,611510,item_weight,5.0 pound
https://m.media-amazon.com/images/I/31XngZaZpbL.jpg,611510,item_weight,21.0 pound
https://m.media-amazon.com/images/I/71xwYSD2tVL.jpg,611510,item_weight,450.0 gram
https://m.media-amazon.com/images/I/91OrUPmkwnL.jpg,611510,item_weight,12.2 kilogram
https://m.media-amazon.com/images/I/51+7eEvD1bL.jpg,611510,item_weight,3.0 gram
https://m.media-amazon.com/images/I/51DNsaZd3JL.jpg,611510,item_weight,13.8 kilogram
https://m.media-amazon.com/images/I/51QFHjW0CtL.jpg,611510,item_weight,13.4 kilogram
https://m.media-amazon.com/images/I/610ztu8YoiL.jpg,611510,width,16.0 inch
https://m.media-amazon.com/images/I/512mXL9-ViL.jpg,611510,width,15.7 inch
https://m.media-amazon.com/images/I/514X-ONp1ML.jpg,611510,width,48.0 centimetre
https://m.media-amazon.com/images/I/513+Ap9bDkL.jpg,611510,width,40.0 centimetre
https://m.media-amazon.com/images/I/516EOdwWTGL.jpg,611510,width,17.0 inch
https://m.media-amazon.com/images/I/41sYj+34qQS.jpg,611510,width,47.0 centimetre
https://m.media-amazon.com/images/I/61BadaMTw9L.jpg,611510,width,16.2 inch
https://m.media-amazon.com/images/I/614k7C4BsgL.jpg,611510,width,33.0 centimetre
https://m.media-amazon.com/images/I/610ihc-rECL.jpg,611510,width,60.0 centimetre
https://m.media-amazon.com/images/I/51UCG6KDj4S.jpg,611510,width,37.0 centimetre
https://m.media-amazon.com/images/I/51UCG6KDj4S.jpg,611510,height,70.0 centimetre
https://m.media-amazon.com/images/I/51QRMm3rmnL.jpg,611510,width,40.0 centimetre
https://m.media-amazon.com/images/I/51QRMm3rmnL.jpg,611510,height,83.0 centimetre
https://m.media-amazon.com/images/I/510DASCGPtL.jpg,611510,width,47.0 centimetre
https://m.media-amazon.com/images/I/51ar05vvIhL.jpg,611510,width,38.0 centimetre
https://m.media-amazon.com/images/I/51-PuE+GKoL.jpg,611510,width,320.0 millimetre
https://m.media-amazon.com/images/I/51x6M6QGQCL.jpg,611510,width,15.2 inch
https://m.media-amazon.com/images/I/511zedCJVHL.jpg,611510,width,16.5 inch
https://m.media-amazon.com/images/I/61EW01BQ12L.jpg,611510,width,17.7 inch
https://m.media-amazon.com/images/I/513AcjzUjGL.jpg,611510,width,55.0 centimetre
https://m.media-amazon.com/images/I/51pLreBnyRL.jpg,611510,width,38.5 centimetre
https://m.media-amazon.com/images/I/61AM0d41HBL.jpg,611510,width,35.0 centimetre
https://m.media-amazon.com/images/I/610c6uRFPSL.jpg,611510,width,58.0 centimetre
https://m.media-amazon.com/images/I/519+tB69fbL.jpg,611510,width,9.25 inch
https://m.media-amazon.com/images/I/615tZKJSMzL.jpg,611510,width,21.0 inch
https://m.media-amazon.com/images/I/61CMdbIyJlL.jpg,611510,width,30.0 centimetre
https://m.media-amazon.com/images/I/6190HqelY2L.jpg,611510,width,18.3 inch
https://m.media-amazon.com/images/I/51Yro4ON9dL.jpg,611510,width,53.0 centimetre
https://m.media-amazon.com/images/I/510Nd8Pz+WL.jpg,611510,width,18.0 inch
https://m.media-amazon.com/images/I/61C4cepIixL.jpg,611510,width,16.6 inch
https://m.media-amazon.com/images/I/51jTEdgcOWL.jpg,611510,width,54.0 centimetre
https://m.media-amazon.com/images/I/51w2zrgCSKL.jpg,611510,width,33.0 centimetre
https://m.media-amazon.com/images/I/514vETsEglL.jpg,611510,width,36.5 centimetre
https://m.media-amazon.com/images/I/514UfMA9d-L.jpg,611510,width,19.0 inch
https://m.media-amazon.com/images/I/51VNym2ZUjL.jpg,611510,width,18.5 inch
https://m.media-amazon.com/images/I/41DWXvQwWRL.jpg,611510,width,35.5 centimetre
https://m.media-amazon.com/images/I/41DWXvQwWRL.jpg,611510,height,64.0 centimetre
https://m.media-amazon.com/images/I/615XcPowQ8S.jpg,611510,width,51.0 centimetre
https://m.media-amazon.com/images/I/610JHIyMPkL.jpg,611510,width,38.0 centimetre
https://m.media-amazon.com/images/I/6136SUg8FiL.jpg,611510,width,45.0 centimetre
https://m.media-amazon.com/images/I/51+t9f++R3S.jpg,611510,width,29.0 centimetre
https://m.media-amazon.com/images/I/614eS5eESqL.jpg,611510,width,29.0 centimetre
https://m.media-amazon.com/images/I/613wqm98xDL.jpg,611510,width,50.0 centimetre
https://m.media-amazon.com/images/I/51DNKeXejUL.jpg,611510,width,16.0 inch
https://m.media-amazon.com/images/I/51mYMx2NqPL.jpg,611510,width,37.0 centimetre
https://m.media-amazon.com/images/I/51f38eHY80L.jpg,611510,width,28.0 centimetre
https://m.media-amazon.com/images/I/51f38eHY80L.jpg,611510,height,25.0 centimetre
https://m.media-amazon.com/images/I/51q0PZmsCyL.jpg,611510,width,30.0 centimetre
https://m.media-amazon.com/images/I/417M6vGaMRL.jpg,611510,width,47.0 centimetre
https://m.media-amazon.com/images/I/41IBkH3a-nL.jpg,611510,width,11.2 inch
https://m.media-amazon.com/images/I/51mpM+tT-4L.jpg,611510,width,43.0 centimetre
https://m.media-amazon.com/images/I/61EsDSqALJL.jpg,611510,width,44.0 centimetre
https://m.media-amazon.com/images/I/61EsDSqALJL.jpg,611510,height,61.0 centimetre
https://m.media-amazon.com/images/I/61DjdfXx3kL.jpg,611510,width,16.1 inch
https://m.media-amazon.com/images/I/619sF3WIJ7L.jpg,611510,width,38.0 centimetre
https://m.media-amazon.com/images/I/51oTdCWSCsL.jpg,611510,width,46.0 centimetre
https://m.media-amazon.com/images/I/6140URwwekS.jpg,611510,width,35.0 centimetre
https://m.media-amazon.com/images/I/51DsjBH+DWL.jpg,611510,width,13.0 inch
https://m.media-amazon.com/images/I/51GI2-NDXvL.jpg,611510,width,18.0 inch
https://m.media-amazon.com/images/I/51gl5K8pL8L.jpg,611510,width,32.0 centimetre
https://m.media-amazon.com/images/I/51Sw4lpGURL.jpg,611510,width,40.0 centimetre
https://m.media-amazon.com/images/I/41x-9U2TxhL.jpg,611510,width,44.0 centimetre
https://m.media-amazon.com/images/I/515zzK8F6WL.jpg,611510,width,51.0 centimetre
https://m.media-amazon.com/images/I/612YdNbby2L.jpg,611510,width,33.0 centimetre
https://m.media-amazon.com/images/I/51QtKoGeA6L.jpg,611510,width,29.0 centimetre
https://m.media-amazon.com/images/I/51wHM20VXCS.jpg,611510,width,42.0 centimetre
https://m.media-amazon.com/images/I/51wHM20VXCS.jpg,611510,height,65.0 centimetre
https://m.media-amazon.com/images/I/61-aBGC5fXL.jpg,611510,width,18.5 inch
https://m.media-amazon.com/images/I/6178uUvh6mL.jpg,611510,width,45.0 centimetre
https://m.media-amazon.com/images/I/51oug21v60L.jpg,611510,width,37.0 centimetre
https://m.media-amazon.com/images/I/51ZGIGSmFbL.jpg,611510,width,390.0 millimetre
https://m.media-amazon.com/images/I/616NRjozulL.jpg,611510,width,32.0 centimetre
https://m.media-amazon.com/images/I/6177XH5mt8L.jpg,611510,width,45.0 centimetre
https://m.media-amazon.com/images/I/6177XH5mt8L.jpg,611510,height,81.0 centimetre
https://m.media-amazon.com/images/I/61-b26IS4QL.jpg,611510,width,38.5 centimetre
https://m.media-amazon.com/images/I/61-b26IS4QL.jpg,611510,height,38.5 centimetre
https://m.media-amazon.com/images/I/51G6psUoeCL.jpg,611510,width,17.0 inch
https://m.media-amazon.com/images/I/616WCqvzsRL.jpg,611510,width,16.3 inch
https://m.media-amazon.com/images/I/51-k2OQEluL.jpg,611510,width,31.0 centimetre
https://m.media-amazon.com/images/I/51G6P+u8ouL.jpg,611510,width,18.0 inch
https://m.media-amazon.com/images/I/61EPNztdcCL.jpg,611510,width,36.0 centimetre
https://m.media-amazon.com/images/I/519xpLIHiKL.jpg,611510,width,36.0 centimetre
https://m.media-amazon.com/images/I/519xpLIHiKL.jpg,611510,height,44.0 centimetre
https://m.media-amazon.com/images/I/41ehJ5VztoL.jpg,611510,width,41.4 centimetre
https://m.media-amazon.com/images/I/51LX4cuXTUL.jpg,611510,width,32.0 centimetre
https://m.media-amazon.com/images/I/51LX4cuXTUL.jpg,611510,height,52.0 centimetre
https://m.media-amazon.com/images/I/51H5vTkQ6KL.jpg,611510,width,17.5 inch
https://m.media-amazon.com/images/I/51X20HgIsfL.jpg,611510,width,27.0 centimetre
https://m.media-amazon.com/images/I/41J7TAmyH-L.jpg,611510,width,38.0 centimetre
https://m.media-amazon.com/images/I/61DJbDa7-mL.jpg,611510,width,28.0 centimetre
https://m.media-amazon.com/images/I/611m2C+VgcL.jpg,611510,width,18.5 inch
https://m.media-amazon.com/images/I/51sYnWi-MiL.jpg,611510,width,61.0 centimetre
https://m.media-amazon.com/images/I/41HTWj+-AQL.jpg,611510,width,30.0 centimetre
https://m.media-amazon.com/images/I/61+tVK53hSL.jpg,611510,width,39.0 centimetre
https://m.media-amazon.com/images/I/51gBydgmzlL.jpg,611510,width,17.32 inch
https://m.media-amazon.com/images/I/51O1af3J5TL.jpg,611510,width,20.5 inch
https://m.media-amazon.com/images/I/51O1af3J5TL.jpg,611510,height,31.5 inch
https://m.media-amazon.com/images/I/41F5Tje412L.jpg,611510,width,39.5 centimetre
https://m.media-amazon.com/images/I/61GG-96eB6L.jpg,611510,width,10.0 inch
https://m.media-amazon.com/images/I/51GkHsQphZL.jpg,611510,width,43.0 centimetre
https://m.media-amazon.com/images/I/61660S88NSL.jpg,611510,width,25.0 centimetre
https://m.media-amazon.com/images/I/61Dgk8vqrVL.jpg,611510,width,43.0 centimetre
https://m.media-amazon.com/images/I/51ECkFarbYL.jpg,611510,width,21.5 inch
https://m.media-amazon.com/images/I/615JY9ij1TL.jpg,611510,width,25.0 centimetre
https://m.media-amazon.com/images/I/615wYgDt6ZL.jpg,611510,width,16.0 inch
https://m.media-amazon.com/images/I/61Bs3tNb6KL.jpg,611510,width,20.9 inch
https://m.media-amazon.com/images/I/61Bs3tNb6KL.jpg,611510,height,42.5 inch
https://m.media-amazon.com/images/I/51jae2e7P-L.jpg,611510,width,30.0 centimetre
https://m.media-amazon.com/images/I/610Y0pascfL.jpg,611510,width,48.0 centimetre
https://m.media-amazon.com/images/I/610Y0pascfL.jpg,611510,height,92.0 centimetre
https://m.media-amazon.com/images/I/612pXGP2RsL.jpg,611510,width,20.0 inch
https://m.media-amazon.com/images/I/31xXnXNFuWS.jpg,611510,width,45.0 centimetre
https://m.media-amazon.com/images/I/51brhpnxPCL.jpg,611510,width,33.0 centimetre
https://m.media-amazon.com/images/I/51z034eFW7L.jpg,611510,width,30.0 centimetre
https://m.media-amazon.com/images/I/51z034eFW7L.jpg,611510,height,35.0 centimetre
https://m.media-amazon.com/images/I/61-zqhp7EhL.jpg,611510,width,17.7 inch
https://m.media-amazon.com/images/I/61AeJTY2CbL.jpg,611510,width,41.0 centimetre
https://m.media-amazon.com/images/I/511B6qUY9KL.jpg,611510,width,16.5 inch
https://m.media-amazon.com/images/I/612+aEcbLqL.jpg,611510,width,19.7 inch
https://m.media-amazon.com/images/I/51DbN8J3tYL.jpg,611510,width,47.0 centimetre
https://m.media-amazon.com/images/I/51wVCKkpQxL.jpg,611510,width,44.0 centimetre
https://m.media-amazon.com/images/I/51y8Ts6CdKL.jpg,611510,width,33.0 centimetre
https://m.media-amazon.com/images/I/617-bZNBdBL.jpg,611510,width,17.7 inch
https://m.media-amazon.com/images/I/51NCiw1QBeL.jpg,611510,width,44.0 centimetre
https://m.media-amazon.com/images/I/51gmKY3JjaL.jpg,611510,width,33.0 centimetre
https://m.media-amazon.com/images/I/613eb6MiTgS.jpg,611510,width,36.0 centimetre
https://m.media-amazon.com/images/I/51jICNM+g0L.jpg,611510,width,60.0 centimetre
https://m.media-amazon.com/images/I/61+3LWLBErL.jpg,611510,width,17.0 inch
https://m.media-amazon.com/images/I/41QyvweIMOL.jpg,611510,width,49.0 centimetre
https://m.media-amazon.com/images/I/41QyvweIMOL.jpg,611510,height,85.0 centimetre
https://m.media-amazon.com/images/I/41VjZwNAM0L.jpg,611510,width,36.58 centimetre
https://m.media-amazon.com/images/I/51uSajptmJL.jpg,611510,width,45.0 centimetre
https://m.media-amazon.com/images/I/51CCxBRcadL.jpg,611510,width,17.0 inch
https://m.media-amazon.com/images/I/51CCxBRcadL.jpg,611510,height,39.5 inch
https://m.media-amazon.com/images/I/516oa6MLU2L.jpg,611510,width,33.0 centimetre
https://m.media-amazon.com/images/I/61+l30XTz9L.jpg,611510,width,38.0 centimetre
https://m.media-amazon.com/images/I/61GBF7zjKML.jpg,611510,width,33.0 centimetre
https://m.media-amazon.com/images/I/61FncgCx6FL.jpg,611510,width,18.0 inch
https://m.media-amazon.com/images/I/51tGozYjaQL.jpg,611510,width,42.0 centimetre
https://m.media-amazon.com/images/I/61ARnTEwlFL.jpg,611510,width,33.0 centimetre
https://m.media-amazon.com/images/I/51P-zA5ax3L.jpg,611510,width,33.0 centimetre
https://m.media-amazon.com/images/I/51EnyG9wNML.jpg,611510,width,47.0 centimetre
https://m.media-amazon.com/images/I/51vkuDQ7pXL.jpg,611510,width,23.0 centimetre
https://m.media-amazon.com/images/I/61-cHONRD7L.jpg,611510,width,34.0 centimetre
https://m.media-amazon.com/images/I/41hHWX1aF0L.jpg,611510,width,22.83 inch
https://m.media-amazon.com/images/I/51xFRl-YeaS.jpg,611510,width,40.0 centimetre
https://m.media-amazon.com/images/I/51g19HkCpmL.jpg,611510,width,15.0 inch
https://m.media-amazon.com/images/I/51wyjzIahLL.jpg,611510,width,32.0 centimetre
https://m.media-amazon.com/images/I/6166CmBLzYL.jpg,611510,width,44.0 centimetre
https://m.media-amazon.com/images/I/41EqB+gpPCL.jpg,611510,width,37.0 centimetre
https://m.media-amazon.com/images/I/614591wcDQL.jpg,611510,width,22.0 centimetre
https://m.media-amazon.com/images/I/615O8kq8eLL.jpg,611510,width,35.0 centimetre
https://m.media-amazon.com/images/I/61B2b0B8bwL.jpg,611510,width,38.5 centimetre
https://m.media-amazon.com/images/I/61B2b0B8bwL.jpg,611510,height,94.0 centimetre
https://m.media-amazon.com/images/I/619u4uzuGzL.jpg,611510,width,16.0 inch
https://m.media-amazon.com/images/I/51jqTo8LXIL.jpg,611510,width,41.0 centimetre
https://m.media-amazon.com/images/I/61EK8u0iylL.jpg,611510,width,15.5 inch
https://m.media-amazon.com/images/I/512PJLpH0oL.jpg,611510,width,33.0 centimetre
https://m.media-amazon.com/images/I/61BxOjBlnoL.jpg,611510,width,16.0 inch
https://m.media-amazon.com/images/I/51jJ33aaf1L.jpg,611510,width,36.0 centimetre
https://m.media-amazon.com/images/I/51gSTh9Z7wL.jpg,611510,width,17.5 inch
https://m.media-amazon.com/images/I/51MdUjl69+L.jpg,611510,width,38.0 centimetre
https://m.media-amazon.com/images/I/51-a0Cyn9dL.jpg,611510,width,36.0 centimetre
https://m.media-amazon.com/images/I/41ECM-m8mhL.jpg,611510,width,16.3 inch
https://m.media-amazon.com/images/I/614y0uVA9vL.jpg,611510,width,42.0 centimetre
https://m.media-amazon.com/images/I/51U6LekfIJL.jpg,611510,width,44.0 centimetre
https://m.media-amazon.com/images/I/618MBNDHKnL.jpg,611510,width,17.7 inch
https://m.media-amazon.com/images/I/610CayyqcaL.jpg,611510,width,28.0 centimetre
https://m.media-amazon.com/images/I/51CsQLmJHsL.jpg,611510,width,32.0 centimetre
https://m.media-amazon.com/images/I/51s+q58GMLL.jpg,611510,width,34.0 centimetre
https://m.media-amazon.com/images/I/611F1xIDLdL.jpg,611510,width,17.5 inch
https://m.media-amazon.com/images/I/613dlbQCGRL.jpg,611510,width,40.0 centimetre
https://m.media-amazon.com/images/I/51kU8fye8aL.jpg,611510,width,30.0 centimetre
https://m.media-amazon.com/images/I/51kqTseCZFL.jpg,611510,width,16.0 inch
https://m.media-amazon.com/images/I/41JU8ZCYwLL.jpg,611510,width,36.0 centimetre
https://m.media-amazon.com/images/I/51RUSjLEsQL.jpg,611510,width,42.0 centimetre
https://m.media-amazon.com/images/I/51leB3QoM1L.jpg,611510,width,60.0 centimetre
https://m.media-amazon.com/images/I/415fFZ+3SQL.jpg,611510,width,19.0 inch
https://m.media-amazon.com/images/I/61A0pPj0iLL.jpg,611510,width,14.0 inch
https://m.media-amazon.com/images/I/6170v+WjyAL.jpg,611510,width,18.0 inch
https://m.media-amazon.com/images/I/41fxBEoflWL.jpg,611510,width,40.0 centimetre
https://m.media-amazon.com/images/I/61BI6S5kHmL.jpg,611510,width,16.0 inch
https://m.media-amazon.com/images/I/51hHaIceT-L.jpg,611510,width,42.0 centimetre
https://m.media-amazon.com/images/I/611PL09cUCS.jpg,611510,width,16.0 inch
https://m.media-amazon.com/images/I/41bfw7ELnmL.jpg,611510,width,34.0 centimetre
https://m.media-amazon.com/images/I/617R8CbxmgL.jpg,611510,width,16.1 inch
https://m.media-amazon.com/images/I/512v4nULfdL.jpg,611510,width,13.0 inch
https://m.media-amazon.com/images/I/51YZpkusCHL.jpg,611510,width,40.0 centimetre
https://m.media-amazon.com/images/I/51YZpkusCHL.jpg,611510,height,42.5 inch
https://m.media-amazon.com/images/I/51+qABqWSGL.jpg,611510,width,38.5 centimetre
https://m.media-amazon.com/images/I/51+qABqWSGL.jpg,611510,height,69.0 centimetre
https://m.media-amazon.com/images/I/61AODStrQTL.jpg,611510,width,38.0 centimetre
https://m.media-amazon.com/images/I/61AODStrQTL.jpg,611510,height,76.0 centimetre
https://m.media-amazon.com/images/I/41tXbscYDRL.jpg,611510,width,30.0 centimetre
https://m.media-amazon.com/images/I/41tXbscYDRL.jpg,611510,height,76.0 centimetre
https://m.media-amazon.com/images/I/611ai8ojRrL.jpg,611510,width,20.5 inch
https://m.media-amazon.com/images/I/51EU1+2PHRL.jpg,611510,width,45.0 centimetre
https://m.media-amazon.com/images/I/51tacMnHT-L.jpg,611510,width,20.4 inch
https://m.media-amazon.com/images/I/51tacMnHT-L.jpg,611510,height,28.3 inch
https://m.media-amazon.com/images/I/41TqQ6jQ8xL.jpg,611510,width,7.0 centimetre
https://m.media-amazon.com/images/I/514j9P8QoSL.jpg,611510,width,43.0 centimetre
https://m.media-amazon.com/images/I/514j9P8QoSL.jpg,611510,height,87.0 centimetre
https://m.media-amazon.com/images/I/61-4kTnGABL.jpg,611510,width,45.0 centimetre
https://m.media-amazon.com/images/I/51t6AeQpl1L.jpg,611510,width,45.0 centimetre
https://m.media-amazon.com/images/I/51t6AeQpl1L.jpg,611510,height,57.0 centimetre
https://m.media-amazon.com/images/I/51P5xQBA-GL.jpg,611510,width,44.0 centimetre
https://m.media-amazon.com/images/I/51K8l2J62mL.jpg,611510,width,35.0 centimetre
https://m.media-amazon.com/images/I/611Bszh1GML.jpg,611510,width,44.0 centimetre
https://m.media-amazon.com/images/I/51Lu+HP8dGL.jpg,611510,width,53.0 centimetre
https://m.media-amazon.com/images/I/51m26sQLwxL.jpg,611510,width,31.0 centimetre
https://m.media-amazon.com/images/I/61Ab6vyRZ2L.jpg,611510,width,17.38 inch
https://m.media-amazon.com/images/I/51Yo3KzKfCL.jpg,611510,width,27.0 centimetre
https://m.media-amazon.com/images/I/615AAfWl0cL.jpg,611510,width,26.0 centimetre
https://m.media-amazon.com/images/I/618vsTLTLdL.jpg,611510,width,51.5 centimetre
https://m.media-amazon.com/images/I/51JzwTcUP-L.jpg,611510,width,17.32 inch
https://m.media-amazon.com/images/I/51OlLRgcIGL.jpg,611510,width,38.5 centimetre
https://m.media-amazon.com/images/I/513KtNeINxL.jpg,611510,width,39.0 centimetre
https://m.media-amazon.com/images/I/61F7RxUgKwL.jpg,611510,width,40.0 centimetre
https://m.media-amazon.com/images/I/61C7I0ArYOL.jpg,611510,width,22.04 inch
https://m.media-amazon.com/images/I/61EYZvqkiAL.jpg,611510,width,39.0 centimetre
https://m.media-amazon.com/images/I/51fqCNzlwVL.jpg,611510,width,34.0 centimetre
https://m.media-amazon.com/images/I/51fqCNzlwVL.jpg,611510,height,79.5 centimetre
https://m.media-amazon.com/images/I/614RC4niJEL.jpg,611510,width,34.0 centimetre
https://m.media-amazon.com/images/I/6197V5747eL.jpg,611510,width,45.0 centimetre
https://m.media-amazon.com/images/I/61C7OU4GEwL.jpg,611510,width,35.0 centimetre
https://m.media-amazon.com/images/I/51TFCuE4PRL.jpg,611510,width,32.0 centimetre
https://m.media-amazon.com/images/I/51n--ei0HfL.jpg,611510,width,18.0 inch
https://m.media-amazon.com/images/I/5152RdaPf4L.jpg,611510,width,32.0 centimetre
https://m.media-amazon.com/images/I/51vGYFvFMZL.jpg,611510,width,8.5 inch
https://m.media-amazon.com/images/I/41hO1Kr5oNL.jpg,611510,height,40.0 inch
https://m.media-amazon.com/images/I/51vUQ-6DZvL.jpg,611510,height,22.0 centimetre
https://m.media-amazon.com/images/I/61-aAu7af-L.jpg,611510,height,36.0 inch
https://m.media-amazon.com/images/I/61DSRNAHghL.jpg,611510,height,65.5 centimetre
https://m.media-amazon.com/images/I/61E9A78CUSL.jpg,611510,height,98.0 centimetre
https://m.media-amazon.com/images/I/613uLPzSKyL.jpg,611510,height,25.0 inch
https://m.media-amazon.com/images/I/51gKcD40sfL.jpg,611510,height,87.0 centimetre
https://m.media-amazon.com/images/I/51NyD5zwgHL.jpg,611510,height,37.0 centimetre
https://m.media-amazon.com/images/I/6151WmiGd3L.jpg,611510,height,38.0 inch
https://m.media-amazon.com/images/I/613rUhIwW8L.jpg,611510,height,33.5 inch
https://m.media-amazon.com/images/I/41vA5BWq5BL.jpg,611510,height,96.0 centimetre
https://m.media-amazon.com/images/I/614x0gUMaLL.jpg,611510,height,32.0 inch
https://m.media-amazon.com/images/I/61-mS2l90AL.jpg,611510,height,45.0 centimetre
https://m.media-amazon.com/images/I/61EhLNrH0UL.jpg,611510,height,13.4 inch
https://m.media-amazon.com/images/I/6189rI4w7AL.jpg,611510,height,25.0 inch
https://m.media-amazon.com/images/I/614DN67cf0L.jpg,611510,height,39.4 inch
https://m.media-amazon.com/images/I/61BKFAOIiUL.jpg,611510,height,110.0 centimetre
https://m.media-amazon.com/images/I/51TlgspghTL.jpg,611510,height,37.0 inch
https://m.media-amazon.com/images/I/51FAxBypilL.jpg,611510,height,48.0 inch
https://m.media-amazon.com/images/I/51GDwIiReHL.jpg,611510,height,18.5 inch
https://m.media-amazon.com/images/I/61EQO848JXL.jpg,611510,height,41.3 inch
https://m.media-amazon.com/images/I/51VaSeSivPL.jpg,611510,height,29.0 centimetre
https://m.media-amazon.com/images/I/613sUbIJEHL.jpg,611510,height,33.07 inch
https://m.media-amazon.com/images/I/613-l2MjqxL.jpg,611510,height,12.0 centimetre
https://m.media-amazon.com/images/I/617H7k2KXsL.jpg,611510,height,48.0 inch
https://m.media-amazon.com/images/I/51bk+-qwhuL.jpg,611510,height,94.0 centimetre
https://m.media-amazon.com/images/I/41vTw-We8lL.jpg,611510,height,41.5 centimetre
https://m.media-amazon.com/images/I/51GNwrgz+jL.jpg,611510,height,20.0 inch
https://m.media-amazon.com/images/I/61DnR9DF84L.jpg,611510,height,15.75 inch
https://m.media-amazon.com/images/I/51H0jhTob7L.jpg,611510,height,60.5 centimetre
https://m.media-amazon.com/images/I/51IAPd8L6KL.jpg,611510,height,22.0 centimetre
https://m.media-amazon.com/images/I/51-yJo+patL.jpg,611510,height,89.0 centimetre
https://m.media-amazon.com/images/I/41Zdtw+cpbL.jpg,611510,height,23.0 centimetre
https://m.media-amazon.com/images/I/51ssHnCHdbL.jpg,611510,height,49.0 centimetre
https://m.media-amazon.com/images/I/615EAn10o2L.jpg,611510,height,44.0 centimetre
https://m.media-amazon.com/images/I/51ogwxzDVHL.jpg,611510,height,34.0 centimetre
https://m.media-amazon.com/images/I/51VJuh16wcL.jpg,611510,height,46.0 inch
https://m.media-amazon.com/images/I/51LYnchrRPL.jpg,611510,height,30.0 inch
https://m.media-amazon.com/images/I/51cLuSbIxoS.jpg,611510,height,59.0 centimetre
https://m.media-amazon.com/images/I/51nwJ452orL.jpg,611510,height,85.0 centimetre
https://m.media-amazon.com/images/I/512RK+eseVL.jpg,611510,height,30.0 centimetre
https://m.media-amazon.com/images/I/5130ajtXKyL.jpg,611510,height,50.5 inch
https://m.media-amazon.com/images/I/51v8-kGZZkL.jpg,611510,height,82.0 centimetre
https://m.media-amazon.com/images/I/51R5mw-zINL.jpg,611510,height,7.4 inch
https://m.media-amazon.com/images/I/51672bYQZoL.jpg,611510,height,56.0 centimetre
https://m.media-amazon.com/images/I/51bMK0LPHmL.jpg,611510,height,40.0 inch
https://m.media-amazon.com/images/I/51B+sAzQC+L.jpg,611510,height,12.2 inch
https://m.media-amazon.com/images/I/51U-ba7kgcL.jpg,611510,height,90.0 centimetre
https://m.media-amazon.com/images/I/510QXLCOL5L.jpg,611510,height,60.0 centimetre
https://m.media-amazon.com/images/I/51DYyubZGFL.jpg,611510,height,68.0 centimetre
https://m.media-amazon.com/images/I/518y6MlBskL.jpg,611510,height,15.0 inch
https://m.media-amazon.com/images/I/61+HDEd02QL.jpg,611510,height,40.0 centimetre
https://m.media-amazon.com/images/I/51wFCMPx+6L.jpg,611510,height,17.32 inch
https://m.media-amazon.com/images/I/51ByAhkUeVL.jpg,611510,height,45.0 centimetre
https://m.media-amazon.com/images/I/614nzXtFxML.jpg,611510,height,17.5 inch
https://m.media-amazon.com/images/I/51vMwGDCbCL.jpg,611510,height,66.0 centimetre
https://m.media-amazon.com/images/I/51eACm-sEOL.jpg,611510,height,68.5 centimetre
https://m.media-amazon.com/images/I/51wxre2uhIL.jpg,611510,height,100.0 centimetre
https://m.media-amazon.com/images/I/610COztH9SL.jpg,611510,height,66.0 centimetre
https://m.media-amazon.com/images/I/6118M2+rYnL.jpg,611510,height,32.0 inch
https://m.media-amazon.com/images/I/510slEZhEUL.jpg,611510,height,17.7 inch
https://m.media-amazon.com/images/I/51rz3D8U6HL.jpg,611510,height,21.7 inch
https://m.media-amazon.com/images/I/61Fq6fbwXbL.jpg,611510,height,92.0 centimetre
https://m.media-amazon.com/images/I/61+D3hWnEEL.jpg,611510,height,31.69 inch
https://m.media-amazon.com/images/I/51SNd6QxmwL.jpg,611510,height,37.0 centimetre
https://m.media-amazon.com/images/I/611vepjlSML.jpg,611510,height,156.0 centimetre
https://m.media-amazon.com/images/I/61ApfCDI4OL.jpg,611510,height,28.0 centimetre
https://m.media-amazon.com/images/I/614csAK52kL.jpg,611510,height,49.0 centimetre
https://m.media-amazon.com/images/I/514-9vvFXdL.jpg,611510,height,42.0 inch
https://m.media-amazon.com/images/I/61-8fN6-IeL.jpg,611510,height,36.0 inch
https://m.media-amazon.com/images/I/61-7SZ321JL.jpg,611510,height,81.0 centimetre
https://m.media-amazon.com/images/I/51kLribXZXL.jpg,611510,height,21.0 inch
https://m.media-amazon.com/images/I/61871CTTdxL.jpg,611510,height,86.0 centimetre
https://m.media-amazon.com/images/I/616LGZYud3L.jpg,611510,height,11.0 inch
https://m.media-amazon.com/images/I/61A7jk4sSdL.jpg,611510,height,8.7 inch
https://m.media-amazon.com/images/I/61CZTddAlTL.jpg,611510,height,22.0 centimetre
https://m.media-amazon.com/images/I/61C+LC-ec1L.jpg,611510,height,27.0 centimetre
https://m.media-amazon.com/images/I/61DjNKRraHL.jpg,611510,height,27.0 centimetre
https://m.media-amazon.com/images/I/61-DtBrkx0L.jpg,611510,height,45.0 centimetre
https://m.media-amazon.com/images/I/51aM4bLFWRL.jpg,611510,height,41.0 centimetre
https://m.media-amazon.com/images/I/61Elk0SWH5L.jpg,611510,height,37.4 inch
https://m.media-amazon.com/images/I/610KIlhHQSL.jpg,611510,height,23.6 inch
https://m.media-amazon.com/images/I/51j3lCGDB6L.jpg,611510,height,50.5 centimetre
https://m.media-amazon.com/images/I/51PgELrwuVL.jpg,611510,height,78.0 centimetre
https://m.media-amazon.com/images/I/61-1jUiGaML.jpg,611510,height,26.34 inch
https://m.media-amazon.com/images/I/61EHBEMwb+L.jpg,611510,height,37.4 inch
https://m.media-amazon.com/images/I/6170NzjBc3L.jpg,611510,height,29.62 inch
https://m.media-amazon.com/images/I/51pVhzVPFfL.jpg,611510,height,37.75 inch
https://m.media-amazon.com/images/I/61ChqsrlmBL.jpg,611510,height,32.0 inch
https://m.media-amazon.com/images/I/51gZGN88EjL.jpg,611510,height,46.0 centimetre
https://m.media-amazon.com/images/I/615EjMSjDwL.jpg,611510,height,49.5 inch
https://m.media-amazon.com/images/I/51haFkHADxL.jpg,611510,height,43.0 centimetre
https://m.media-amazon.com/images/I/51VpsKqSGfL.jpg,611510,height,27.0 centimetre
https://m.media-amazon.com/images/I/517EqiKMcYL.jpg,611510,height,66.0 centimetre
https://m.media-amazon.com/images/I/51RruWjpWuL.jpg,611510,height,65.0 centimetre
https://m.media-amazon.com/images/I/51Q49JknwvL.jpg,611510,height,45.5 centimetre
https://m.media-amazon.com/images/I/51AI5y6riYL.jpg,611510,height,91.5 centimetre
https://m.media-amazon.com/images/I/6105njDtdDL.jpg,611510,height,80.5 centimetre
https://m.media-amazon.com/images/I/513MmKXGDML.jpg,611510,height,24.0 inch
https://m.media-amazon.com/images/I/51elFK5pHCL.jpg,611510,height,44.0 centimetre
https://m.media-amazon.com/images/I/618Mr5NTs9L.jpg,611510,height,44.0 inch
https://m.media-amazon.com/images/I/51hEciBYpQL.jpg,611510,height,17.7 inch
https://m.media-amazon.com/images/I/51YWX6qqfiL.jpg,611510,height,60.0 centimetre
https://m.media-amazon.com/images/I/51-2YhWzwfL.jpg,611510,height,42.0 centimetre
https://m.media-amazon.com/images/I/51yCt-kQN2L.jpg,611510,height,30.0 inch
https://m.media-amazon.com/images/I/51da6QZJ2TL.jpg,611510,height,30.0 inch
https://m.media-amazon.com/images/I/6131jXdBn4L.jpg,611510,height,39.75 inch
https://m.media-amazon.com/images/I/51noXcSZ2kL.jpg,611510,height,40.0 centimetre
https://m.media-amazon.com/images/I/610vvdIf8AL.jpg,611510,height,29.9 inch
https://m.media-amazon.com/images/I/51LwPh9GGHL.jpg,611510,height,66.0 centimetre
https://m.media-amazon.com/images/I/51oMvtCyk9L.jpg,611510,height,29.52 inch
https://m.media-amazon.com/images/I/61CQzDABaSL.jpg,611510,height,86.0 centimetre
https://m.media-amazon.com/images/I/51l2PL3h35L.jpg,611510,height,63.0 centimetre
https://m.media-amazon.com/images/I/51Q-WIvn6NL.jpg,611510,height,46.4 inch
https://m.media-amazon.com/images/I/61AuvU5-6sL.jpg,611510,height,87.0 centimetre
https://m.media-amazon.com/images/I/61-Y7B6c3fL.jpg,611510,height,18.5 inch
https://m.media-amazon.com/images/I/618BKgQHjsL.jpg,611510,height,91.0 centimetre
https://m.media-amazon.com/images/I/51qeCOllrxL.jpg,611510,height,24.0 inch
https://m.media-amazon.com/images/I/617XavEi3IL.jpg,611510,height,17.0 inch
https://m.media-amazon.com/images/I/51K84cehBcL.jpg,611510,height,26.75 inch
https://m.media-amazon.com/images/I/61+LuBhhGuL.jpg,611510,height,99.06 centimetre
https://m.media-amazon.com/images/I/61-sk5ewP+L.jpg,611510,height,36.2 inch
https://m.media-amazon.com/images/I/619Ju9h45tL.jpg,611510,height,32.0 inch
https://m.media-amazon.com/images/I/612OR65jLcL.jpg,611510,height,18.0 inch
https://m.media-amazon.com/images/I/61-WoD03YRL.jpg,611510,height,33.07 inch
https://m.media-amazon.com/images/I/51Zd0gkVt0L.jpg,611510,height,47.0 centimetre
https://m.media-amazon.com/images/I/51MPxxnXv6L.jpg,611510,height,73.0 centimetre
https://m.media-amazon.com/images/I/518v4l57xwL.jpg,611510,height,18.5 inch
https://m.media-amazon.com/images/I/51H6bgCXQaL.jpg,611510,height,35.0 inch
https://m.media-amazon.com/images/I/51VhK+Bk1RL.jpg,611510,height,42.0 centimetre
https://m.media-amazon.com/images/I/51Zi15aBrAL.jpg,611510,height,65.0 centimetre
https://m.media-amazon.com/images/I/41ht+YnDRYS.jpg,611510,height,58.0 centimetre
https://m.media-amazon.com/images/I/51nabP-VyOL.jpg,611510,height,45.0 centimetre
https://m.media-amazon.com/images/I/51hyzfeTANL.jpg,611510,height,60.0 centimetre
https://m.media-amazon.com/images/I/619jLDI8+DL.jpg,611510,height,20.5 inch
https://m.media-amazon.com/images/I/51RWnJipYZL.jpg,611510,height,33.0 centimetre
https://m.media-amazon.com/images/I/51YhZEetKXS.jpg,611510,height,28.0 centimetre
https://m.media-amazon.com/images/I/512WvcE408L.jpg,611510,height,33.8 inch
https://m.media-amazon.com/images/I/619Xu68YQ8L.jpg,611510,height,23.2 inch
https://m.media-amazon.com/images/I/5135rUnVq3L.jpg,611510,height,58.0 centimetre
https://m.media-amazon.com/images/I/51Q7CDw645L.jpg,611510,height,92.0 centimetre
https://m.media-amazon.com/images/I/51dFbSaYdiL.jpg,611510,height,31.0 inch
https://m.media-amazon.com/images/I/61C0vQZBYnL.jpg,611510,height,34.0 inch
https://m.media-amazon.com/images/I/51QcjipJ1mL.jpg,611510,height,110.0 centimetre
https://m.media-amazon.com/images/I/613W2VBGgSL.jpg,611510,height,56.2 centimetre
https://m.media-amazon.com/images/I/61AnoyUXidL.jpg,611510,height,67.0 centimetre
https://m.media-amazon.com/images/I/518cVr2oNmL.jpg,611510,height,25.59 inch
https://m.media-amazon.com/images/I/51rivpnDD2L.jpg,611510,height,61.0 centimetre
https://m.media-amazon.com/images/I/419Q3FGMotL.jpg,611510,height,5.0 centimetre
https://m.media-amazon.com/images/I/618zJf+9D+L.jpg,611510,height,14.9 inch
https://m.media-amazon.com/images/I/610XAB7AetL.jpg,611510,height,71.0 centimetre
https://m.media-amazon.com/images/I/616FHL7NB0L.jpg,611510,height,63.0 centimetre
https://m.media-amazon.com/images/I/51z9GJySZ9L.jpg,611510,height,31.0 inch
https://m.media-amazon.com/images/I/519D4xTTWdL.jpg,611510,height,18.89 inch
https://m.media-amazon.com/images/I/617L9YaC+dL.jpg,611510,height,10.0 inch
https://m.media-amazon.com/images/I/612aSksfHBL.jpg,611510,height,17.8 inch
https://m.media-amazon.com/images/I/616o+MwT5fL.jpg,611510,height,45.0 centimetre
https://m.media-amazon.com/images/I/619W34osQcL.jpg,611510,height,8.0 inch
https://m.media-amazon.com/images/I/51TxCToUiRL.jpg,611510,height,18.11 inch
https://m.media-amazon.com/images/I/51RcHjgGfEL.jpg,611510,height,33.0 centimetre
https://m.media-amazon.com/images/I/518q-19GNxL.jpg,611510,height,43.5 inch
https://m.media-amazon.com/images/I/6172u3ss35L.jpg,611510,height,31.5 inch
https://m.media-amazon.com/images/I/617+DogLGcL.jpg,611510,height,37.75 inch
https://m.media-amazon.com/images/I/610BXZ0vC4L.jpg,611510,height,70.0 centimetre
https://m.media-amazon.com/images/I/51I+YqI6ADL.jpg,611510,height,45.0 centimetre
https://m.media-amazon.com/images/I/51DqDa6ouPL.jpg,611510,height,61.5 centimetre
https://m.media-amazon.com/images/I/51UAGeAgN2L.jpg,611510,height,28.0 centimetre
https://m.media-amazon.com/images/I/613GRhvtFqL.jpg,611510,height,38.98 inch
https://m.media-amazon.com/images/I/611+Aue01WL.jpg,611510,height,65.0 centimetre
https://m.media-amazon.com/images/I/51qqJ3R46+L.jpg,611510,height,85.0 centimetre
https://m.media-amazon.com/images/I/6190I0ryYfL.jpg,611510,height,34.0 centimetre
https://m.media-amazon.com/images/I/510QBVVmqXL.jpg,611510,height,51.0 centimetre
https://m.media-amazon.com/images/I/61FT56nMc1L.jpg,611510,height,24.4 inch
https://m.media-amazon.com/images/I/610d0spbvuL.jpg,611510,height,85.0 centimetre
https://m.media-amazon.com/images/I/51PdBYJdtSL.jpg,611510,height,24.0 inch
https://m.media-amazon.com/images/I/51oaFcva5aL.jpg,611510,height,20.2 inch
https://m.media-amazon.com/images/I/51D3cy5USoL.jpg,611510,height,27.2 inch
https://m.media-amazon.com/images/I/51cLp8wDfgL.jpg,611510,height,29.5 inch
https://m.media-amazon.com/images/I/51DqLSqdyiL.jpg,611510,height,40.0 centimetre
https://m.media-amazon.com/images/I/511i99ryp0L.jpg,611510,height,89.0 centimetre
https://m.media-amazon.com/images/I/614Ws0Bb+WL.jpg,611510,height,45.0 centimetre
https://m.media-amazon.com/images/I/51wbgnxoKmL.jpg,611510,height,44.0 centimetre
https://m.media-amazon.com/images/I/51A9ezm2m7L.jpg,611510,height,30.0 centimetre
https://m.media-amazon.com/images/I/511rBxjbcpL.jpg,611510,height,94.0 centimetre
https://m.media-amazon.com/images/I/517lrqO5qCL.jpg,611510,height,24.2 inch
https://m.media-amazon.com/images/I/515DIn9HVHL.jpg,611510,height,700.0 millimetre
https://m.media-amazon.com/images/I/61+yGsYAkKL.jpg,611510,height,79.0 centimetre
https://m.media-amazon.com/images/I/61Bvwt6SewL.jpg,611510,height,20.0 inch
https://m.media-amazon.com/images/I/511Wlwrdf1L.jpg,611510,height,38.5 inch
https://m.media-amazon.com/images/I/518IomABRTL.jpg,611510,height,60.0 centimetre
https://m.media-amazon.com/images/I/51Eu3AYfN2L.jpg,611510,height,40.0 inch
https://m.media-amazon.com/images/I/51vh-VMBFYL.jpg,611510,height,40.0 centimetre
https://m.media-amazon.com/images/I/61FTDnxc9VL.jpg,611510,height,18.0 inch
https://m.media-amazon.com/images/I/618crhL7WiS.jpg,611510,height,49.0 centimetre
https://m.media-amazon.com/images/I/31p9uybZ4mL.jpg,611510,height,40.0 centimetre
https://m.media-amazon.com/images/I/519e9ugS2VL.jpg,611510,height,36.0 centimetre
https://m.media-amazon.com/images/I/61DGx4FDotL.jpg,611510,height,37.5 centimetre
https://m.media-amazon.com/images/I/517t58RMcpL.jpg,611510,height,100.0 centimetre
https://m.media-amazon.com/images/I/515jgx7r-kL.jpg,611510,height,83.0 centimetre
https://m.media-amazon.com/images/I/51uRrkTmSGL.jpg,611510,height,60.0 centimetre
https://m.media-amazon.com/images/I/619UunU0U1L.jpg,611510,height,43.5 inch
https://m.media-amazon.com/images/I/51DSpZqM1aL.jpg,611510,height,35.0 centimetre
https://m.media-amazon.com/images/I/614Qlktg3-L.jpg,611510,height,40.7 inch
https://m.media-amazon.com/images/I/51ljdYa+uLL.jpg,611510,height,93.0 centimetre
https://m.media-amazon.com/images/I/51YKa1aAE1L.jpg,611510,height,22.13 inch
https://m.media-amazon.com/images/I/51enwsREIiL.jpg,611510,height,94.0 centimetre
https://m.media-amazon.com/images/I/619hvA-REfL.jpg,611510,height,75.0 centimetre
https://m.media-amazon.com/images/I/51h8l6eDguL.jpg,611510,height,75.0 centimetre
https://m.media-amazon.com/images/I/51hN5ssj3JL.jpg,611510,height,92.0 centimetre
https://m.media-amazon.com/images/I/41769W240LL.jpg,611510,height,44.0 centimetre
https://m.media-amazon.com/images/I/41MxUlUtRaL.jpg,611510,height,44.0 centimetre
https://m.media-amazon.com/images/I/51XOV8eYBML.jpg,611510,height,17.5 inch
https://m.media-amazon.com/images/I/61DHundtZTL.jpg,611510,height,26.5 inch
https://m.media-amazon.com/images/I/512p94scvYL.jpg,611510,height,47.5 inch
https://m.media-amazon.com/images/I/619LPEeQvwL.jpg,611510,height,30.4 centimetre
https://m.media-amazon.com/images/I/51MKuMa4hFL.jpg,611510,height,28.0 centimetre
https://m.media-amazon.com/images/I/51ZZYdx8xzL.jpg,611510,height,29.0 inch
https://m.media-amazon.com/images/I/51gbB3UQCJL.jpg,611510,height,75.0 centimetre
https://m.media-amazon.com/images/I/51dVlr+ECJL.jpg,611510,height,45.0 centimetre
https://m.media-amazon.com/images/I/41TLy-L9yiL.jpg,611510,height,100.0 centimetre
https://m.media-amazon.com/images/I/51jda+FPJiL.jpg,611510,height,38.8 inch
https://m.media-amazon.com/images/I/51AZtn2wMmL.jpg,611510,height,93.0 centimetre
https://m.media-amazon.com/images/I/61FEGPll8OL.jpg,611510,height,20.0 inch
https://m.media-amazon.com/images/I/51Xd9VrQLUL.jpg,611510,height,31.0 centimetre
https://m.media-amazon.com/images/I/51+s3QOZYhL.jpg,611510,height,41.0 centimetre
https://m.media-amazon.com/images/I/616MWyRQXBL.jpg,611510,height,72.0 centimetre
https://m.media-amazon.com/images/I/51nkXqn8axL.jpg,611510,height,51.0 centimetre
https://m.media-amazon.com/images/I/51bLUe6z8jL.jpg,611510,height,44.0 centimetre
https://m.media-amazon.com/images/I/51amaZqSVEL.jpg,611510,height,45.0 centimetre
https://m.media-amazon.com/images/I/51Kxqvb7evL.jpg,611510,height,46.0 centimetre
https://m.media-amazon.com/images/I/51ls3GLafTL.jpg,611510,height,40.5 inch
https://m.media-amazon.com/images/I/51QT4N1VqVL.jpg,611510,height,98.5 centimetre
https://m.media-amazon.com/images/I/61-Twvy9tQL.jpg,611510,height,23.5 inch
https://m.media-amazon.com/images/I/51CCvs6JdaL.jpg,611510,height,20.0 inch
https://m.media-amazon.com/images/I/51Equ+n5-XL.jpg,611510,height,18.0 centimetre
https://m.media-amazon.com/images/I/51EKYN5opCL.jpg,611510,height,60.5 centimetre
https://m.media-amazon.com/images/I/61EG+GQgvwL.jpg,611510,height,17.3 inch
https://m.media-amazon.com/images/I/61Bl15p+3gL.jpg,611510,height,35.43 inch
https://m.media-amazon.com/images/I/41xxZV4wfUL.jpg,611510,height,70.0 centimetre
https://m.media-amazon.com/images/I/51QyShq880L.jpg,611510,height,90.0 centimetre
https://m.media-amazon.com/images/I/51W9yIMmoCL.jpg,611510,height,56.0 centimetre
https://m.media-amazon.com/images/I/51lZneC5oqS.jpg,611510,height,25.9 inch
https://m.media-amazon.com/images/I/51yfY8s53aL.jpg,611510,height,85.0 centimetre
https://m.media-amazon.com/images/I/612WWu+8GeL.jpg,611510,height,59.5 centimetre
https://m.media-amazon.com/images/I/61650jo4h4L.jpg,611510,height,26.4 inch
https://m.media-amazon.com/images/I/51dJvU95lNL.jpg,611510,height,44.0 centimetre
https://m.media-amazon.com/images/I/51D-uQuSDjL.jpg,611510,height,32.0 centimetre
https://m.media-amazon.com/images/I/51uijcLrxFL.jpg,611510,height,27.0 centimetre
https://m.media-amazon.com/images/I/61-86cA-S1L.jpg,611510,height,64.0 centimetre
https://m.media-amazon.com/images/I/61CuLmcvwfL.jpg,611510,height,30.0 centimetre
https://m.media-amazon.com/images/I/51t4Ri1n7HL.jpg,611510,height,45.0 centimetre
https://m.media-amazon.com/images/I/51vjxkUwSrL.jpg,611510,height,92.0 centimetre
https://m.media-amazon.com/images/I/41oYIjyzTCL.jpg,611510,height,25.6 inch
https://m.media-amazon.com/images/I/51Ny6MWNXrL.jpg,611510,height,75.0 centimetre
https://m.media-amazon.com/images/I/51TXpdfFgqL.jpg,611510,height,94.0 centimetre
https://m.media-amazon.com/images/I/51rixc6dvyS.jpg,611510,height,33.9 inch
https://m.media-amazon.com/images/I/614SNtjuqYL.jpg,611510,height,83.0 centimetre
https://m.media-amazon.com/images/I/51OU4-3uG3S.jpg,611510,height,29.5 inch
https://m.media-amazon.com/images/I/51C9V54amoL.jpg,611510,height,21.5 inch
https://m.media-amazon.com/images/I/517hPIDp47L.jpg,611510,height,90.0 centimetre
https://m.media-amazon.com/images/I/610RKd2ggYL.jpg,611510,height,45.0 centimetre
https://m.media-amazon.com/images/I/615BGsRcSkL.jpg,611510,height,76.0 centimetre
https://m.media-amazon.com/images/I/51zHDtMmz3L.jpg,611510,height,25.2 inch
https://m.media-amazon.com/images/I/51+3Ad+D7IL.jpg,611510,height,39.0 centimetre
https://m.media-amazon.com/images/I/615dAk6jYlL.jpg,611510,height,40.5 inch
https://m.media-amazon.com/images/I/51PhLC34wKL.jpg,611510,height,80.5 centimetre
https://m.media-amazon.com/images/I/51-v0Bl+hIL.jpg,611510,height,52.0 centimetre
https://m.media-amazon.com/images/I/51ME90D2e+L.jpg,611510,height,22.0 inch
https://m.media-amazon.com/images/I/51zrViszR6S.jpg,611510,height,61.0 centimetre
https://m.media-amazon.com/images/I/510I72E935L.jpg,611510,height,15.4 inch
https://m.media-amazon.com/images/I/51Iz3DPGqhL.jpg,611510,height,65.0 centimetre
https://m.media-amazon.com/images/I/51SkBUs7HmL.jpg,611510,height,46.7 inch
https://m.media-amazon.com/images/I/611WsHiOnEL.jpg,611510,height,45.0 centimetre
https://m.media-amazon.com/images/I/61F3zxte9tL.jpg,611510,height,45.0 centimetre
https://m.media-amazon.com/images/I/615QNp04ReL.jpg,611510,height,94.0 centimetre
https://m.media-amazon.com/images/I/51oLfMRO2wL.jpg,611510,height,30.25 inch
https://m.media-amazon.com/images/I/51dvaKi4mnL.jpg,611510,height,12.4 inch
https://m.media-amazon.com/images/I/514xkO7ER+L.jpg,611510,height,87.0 centimetre
https://m.media-amazon.com/images/I/51lKMexoYDL.jpg,611510,height,76.0 centimetre
https://m.media-amazon.com/images/I/51jbwqLe62L.jpg,611510,height,17.7 inch
https://m.media-amazon.com/images/I/51Ehi3sP1OL.jpg,611510,height,25.0 centimetre
https://m.media-amazon.com/images/I/51MvfHAnv9L.jpg,611510,height,55.0 centimetre
https://m.media-amazon.com/images/I/61Ct1nt1xYL.jpg,611510,height,9.0 inch
https://m.media-amazon.com/images/I/51kfwJyvqSL.jpg,611510,height,42.0 centimetre
https://m.media-amazon.com/images/I/613o5Dp+5zL.jpg,611510,height,16.93 inch
https://m.media-amazon.com/images/I/41wPbjNVGZL.jpg,611510,height,46.0 centimetre
https://m.media-amazon.com/images/I/51CRcRaqhaL.jpg,611510,height,29.1 inch
https://m.media-amazon.com/images/I/611fsGv+LYL.jpg,611510,height,89.0 centimetre
https://m.media-amazon.com/images/I/51gx0QdUjhL.jpg,611510,height,18.11 inch
https://m.media-amazon.com/images/I/41fDLApKeoL.jpg,611510,height,64.0 centimetre
https://m.media-amazon.com/images/I/51gkR1YKXmL.jpg,611510,height,26.0 centimetre
https://m.media-amazon.com/images/I/61-8-+ffTQL.jpg,611510,height,29.52 inch
https://m.media-amazon.com/images/I/41Xzhgr4MjL.jpg,611510,height,61.47 centimetre
https://m.media-amazon.com/images/I/51hiXYCz4AL.jpg,611510,height,81.0 centimetre
https://m.media-amazon.com/images/I/51jKP3OJg6L.jpg,611510,height,78.0 centimetre
https://m.media-amazon.com/images/I/510dyQ5zolL.jpg,611510,height,112.0 centimetre
https://m.media-amazon.com/images/I/612rlOCuz0L.jpg,611510,height,37.75 inch
https://m.media-amazon.com/images/I/51iR4eAXAoL.jpg,611510,height,60.0 centimetre
https://m.media-amazon.com/images/I/5117JsOHmHL.jpg,611510,height,99.0 centimetre
https://m.media-amazon.com/images/I/61Cejwu-S8L.jpg,611510,height,1300.0 millimetre
https://m.media-amazon.com/images/I/51dJwSaD74L.jpg,611510,height,65.0 centimetre
https://m.media-amazon.com/images/I/5152DFuSOmL.jpg,611510,height,51.0 centimetre
https://m.media-amazon.com/images/I/515I-iAZzmL.jpg,611510,height,33.5 inch
https://m.media-amazon.com/images/I/611jXYEEtjL.jpg,611510,height,24.0 inch
https://m.media-amazon.com/images/I/614M4iJhRML.jpg,611510,height,93.0 centimetre
https://m.media-amazon.com/images/I/5199c8ZUrwL.jpg,611510,height,10.23 inch
https://m.media-amazon.com/images/I/41pGK6sCGRS.jpg,611510,height,14.38 inch
https://m.media-amazon.com/images/I/51BmmHTHzgL.jpg,611510,height,19.0 centimetre
https://m.media-amazon.com/images/I/61A+NA6DT+L.jpg,611510,height,32.0 inch
