image_link,group_id,entity_name,entity_value
https://m.media-amazon.com/images/I/51bdoybAECL.jpg,219148,width,20.0 millimetre
https://m.media-amazon.com/images/I/51cDF1mb6VL.jpg,219148,width,1.0 inch
https://m.media-amazon.com/images/I/5163R-lo86L.jpg,219148,width,9.5 millimetre
https://m.media-amazon.com/images/I/5151gFOP9lL.jpg,219148,width,10.4 millimetre
https://m.media-amazon.com/images/I/61+cxB6VOgL.jpg,219148,width,0.9583333333333334 inch
https://m.media-amazon.com/images/I/61DOEqrg+XL.jpg,219148,width,2.3 centimetre
https://m.media-amazon.com/images/I/61EkMhgCoPL.jpg,219148,width,56.0 millimetre
https://m.media-amazon.com/images/I/61EkMhgCoPL.jpg,219148,depth,56.0 millimetre
https://m.media-amazon.com/images/I/41pXvrl3rAL.jpg,219148,depth,40.0 millimetre
https://m.media-amazon.com/images/I/51TJHm3YLbL.jpg,219148,depth,0.62 inch
https://m.media-amazon.com/images/I/51CfeTOkxNL.jpg,219148,depth,3.0 centimetre
https://m.media-amazon.com/images/I/514HDjoLQ9L.jpg,219148,depth,1.76 inch
https://m.media-amazon.com/images/I/51PSDXgBrDL.jpg,219148,depth,5.6 centimetre
https://m.media-amazon.com/images/I/618n0rBGlDL.jpg,219148,depth,12.0 centimetre
https://m.media-amazon.com/images/I/41VxKYB0TsL.jpg,219148,depth,29.0 millimetre
https://m.media-amazon.com/images/I/51JPvLjU-dL.jpg,219148,depth,19.0 millimetre
https://m.media-amazon.com/images/I/51r0ODqok-L.jpg,219148,depth,1.0 inch
