image_link,group_id,entity_name,entity_value
https://m.media-amazon.com/images/I/614erizJOzL.jpg,263982,width,50.6 millimetre
https://m.media-amazon.com/images/I/51JG4fMaL9L.jpg,263982,width,65.0 millimetre
https://m.media-amazon.com/images/I/51Q9YEKM3SL.jpg,263982,width,136.0 millimetre
https://m.media-amazon.com/images/I/61+sD6snDpL.jpg,263982,width,8.0 centimetre
https://m.media-amazon.com/images/I/51jJzF+HfSL.jpg,263982,width,119.0 millimetre
https://m.media-amazon.com/images/I/61AL77SbsdL.jpg,263982,width,2.0 inch
https://m.media-amazon.com/images/I/61A-rMwu0nL.jpg,263982,width,110.0 millimetre
https://m.media-amazon.com/images/I/51L8FkpDo0L.jpg,263982,width,2.5 inch
https://m.media-amazon.com/images/I/618z-WogZ6L.jpg,263982,width,4.0 inch
https://m.media-amazon.com/images/I/51eNEI9QGmL.jpg,263982,width,4.53 inch
https://m.media-amazon.com/images/I/619qYa5dckL.jpg,263982,width,0.073 metre
https://m.media-amazon.com/images/I/619VU1VURBL.jpg,263982,width,10.0 centimetre
https://m.media-amazon.com/images/I/51Az3ZNh-NL.jpg,263982,width,12.0 centimetre
https://m.media-amazon.com/images/I/51fLdfGvfFL.jpg,263982,width,120.0 millimetre
https://m.media-amazon.com/images/I/51jch5Ei16L.jpg,263982,width,127.0 millimetre
https://m.media-amazon.com/images/I/61C5MQ55puL.jpg,263982,width,4.0 inch
https://m.media-amazon.com/images/I/51pz5ldCa5L.jpg,263982,width,10.2 centimetre
https://m.media-amazon.com/images/I/51+T2WZNeUS.jpg,263982,width,73.0 millimetre
https://m.media-amazon.com/images/I/41G2LPe+sjL.jpg,263982,width,112.0 millimetre
https://m.media-amazon.com/images/I/51fiE1jxOxL.jpg,263982,width,72.0 millimetre
https://m.media-amazon.com/images/I/61A4B+OtDOL.jpg,263982,width,0.116 metre
https://m.media-amazon.com/images/I/51Y2nTHYKjL.jpg,263982,width,7.0 centimetre
https://m.media-amazon.com/images/I/519nqlwdguL.jpg,263982,width,11.0 centimetre
https://m.media-amazon.com/images/I/519nqlwdguL.jpg,263982,height,3.6 centimetre
https://m.media-amazon.com/images/I/61DL1LeNCbS.jpg,263982,width,2.0 inch
https://m.media-amazon.com/images/I/61DL1LeNCbS.jpg,263982,height,1.0 inch
https://m.media-amazon.com/images/I/617fJ3F3ptL.jpg,263982,width,2.0 inch
https://m.media-amazon.com/images/I/61CXpGuPaNL.jpg,263982,height,1.6 foot
https://m.media-amazon.com/images/I/6187GX8GgfL.jpg,263982,height,0.232 metre
https://m.media-amazon.com/images/I/6159gNs8MHL.jpg,263982,height,140.0 millimetre
https://m.media-amazon.com/images/I/615za45Vl1L.jpg,263982,height,0.055 metre
https://m.media-amazon.com/images/I/51KMcKdGYSL.jpg,263982,height,155.0 millimetre
https://m.media-amazon.com/images/I/51lu47DtQFL.jpg,263982,height,35.0 millimetre
https://m.media-amazon.com/images/I/51Ccciu+Y3L.jpg,263982,height,1.00028 metre
https://m.media-amazon.com/images/I/419JK09bbLL.jpg,263982,height,20.0 centimetre
https://m.media-amazon.com/images/I/614HQ9Wcy-L.jpg,263982,height,3.0 metre
https://m.media-amazon.com/images/I/41pFeSwdvIL.jpg,263982,height,10.0 inch
https://m.media-amazon.com/images/I/51Z+-CL4okL.jpg,263982,height,121.0 millimetre
https://m.media-amazon.com/images/I/51Ygeklij1L.jpg,263982,height,100.5 millimetre
https://m.media-amazon.com/images/I/51s6Mi2F9dL.jpg,263982,height,90.0 millimetre
https://m.media-amazon.com/images/I/611xgHsjgsL.jpg,263982,height,30.0 centimetre
https://m.media-amazon.com/images/I/419X1V0vb6S.jpg,263982,height,120.0 millimetre
https://m.media-amazon.com/images/I/51uDQAyvVwL.jpg,263982,height,3.0 inch
https://m.media-amazon.com/images/I/51xnmmZlg4L.jpg,263982,height,11.0 inch
https://m.media-amazon.com/images/I/61DUqO8yNoL.jpg,263982,height,16.0 centimetre
https://m.media-amazon.com/images/I/617mQPxOaXL.jpg,263982,height,2.0 inch
https://m.media-amazon.com/images/I/51H-XbIuqJL.jpg,263982,height,0.065 metre
https://m.media-amazon.com/images/I/51znfpFr1uL.jpg,263982,height,136.0 millimetre
https://m.media-amazon.com/images/I/619n3GnyXiL.jpg,263982,height,1.0 metre
https://m.media-amazon.com/images/I/5173zTbwaSL.jpg,263982,height,63.0 millimetre
https://m.media-amazon.com/images/I/615eRUg61rL.jpg,263982,height,150.0 millimetre
https://m.media-amazon.com/images/I/51klvH7DwKL.jpg,263982,height,0.3 metre
https://m.media-amazon.com/images/I/6113khy95fL.jpg,263982,height,60.0 millimetre
https://m.media-amazon.com/images/I/61B9fjOPHfL.jpg,263982,height,73.0 millimetre
https://m.media-amazon.com/images/I/61655o-JbvL.jpg,263982,height,31.0 centimetre
https://m.media-amazon.com/images/I/51IoIzOCtrL.jpg,263982,height,10.0 centimetre
https://m.media-amazon.com/images/I/614UZ-zTwTL.jpg,263982,height,1.0 metre
https://m.media-amazon.com/images/I/51OBCPxyzkL.jpg,263982,height,15.5 centimetre
https://m.media-amazon.com/images/I/51XV2T0YURL.jpg,263982,height,105.0 millimetre
https://m.media-amazon.com/images/I/51qx4mULR7L.jpg,263982,height,3.0 inch
https://m.media-amazon.com/images/I/6197ipCZ8zL.jpg,263982,height,135.0 millimetre
https://m.media-amazon.com/images/I/51BiU4O28eL.jpg,263982,height,9.5 centimetre
https://m.media-amazon.com/images/I/51gHUoLLibL.jpg,263982,height,7.0 centimetre
https://m.media-amazon.com/images/I/51ZykdlRGqL.jpg,263982,height,9.0 centimetre
https://m.media-amazon.com/images/I/51mep5OYrML.jpg,263982,height,10.2 centimetre
https://m.media-amazon.com/images/I/51wHXi-vA0L.jpg,263982,height,3.0 inch
https://m.media-amazon.com/images/I/51zTICsIWfL.jpg,263982,height,9.0 centimetre
https://m.media-amazon.com/images/I/51Ltq-PhhOS.jpg,263982,height,9.0 centimetre
https://m.media-amazon.com/images/I/51qdRLGm-ML.jpg,263982,height,10.2 centimetre
https://m.media-amazon.com/images/I/51Q1aIed+GL.jpg,263982,height,2.0 inch
https://m.media-amazon.com/images/I/41pBNFo47GS.jpg,263982,height,510.0 millimetre
https://m.media-amazon.com/images/I/61DXAe5x3PL.jpg,263982,height,40.0 centimetre
https://m.media-amazon.com/images/I/51g+EqnumpL.jpg,263982,height,3.74 inch
https://m.media-amazon.com/images/I/41qusOIMR7L.jpg,263982,height,73.0 millimetre
https://m.media-amazon.com/images/I/41XZAoW4eSL.jpg,263982,height,30.0 inch
https://m.media-amazon.com/images/I/61FpDHvjjwL.jpg,263982,height,1.0 metre
https://m.media-amazon.com/images/I/41nz5vJrrbL.jpg,263982,height,1115.0 millimetre
https://m.media-amazon.com/images/I/612NZNdO25L.jpg,263982,height,55.0 millimetre
