image_link,group_id,entity_name,entity_value
https://m.media-amazon.com/images/I/51g2agL+YkL.jpg,618163,width,90.0 centimetre
https://m.media-amazon.com/images/I/51g2agL+YkL.jpg,618163,height,62.0 centimetre
https://m.media-amazon.com/images/I/61DRAIx4b8L.jpg,618163,width,29.53 inch
https://m.media-amazon.com/images/I/61DRAIx4b8L.jpg,618163,height,19.45 inch
https://m.media-amazon.com/images/I/612TA7z2QoL.jpg,618163,width,60.0 centimetre
https://m.media-amazon.com/images/I/519P7Oble4L.jpg,618163,width,650.0 millimetre
https://m.media-amazon.com/images/I/51c92A2hOmL.jpg,618163,width,22.8 inch
https://m.media-amazon.com/images/I/5146VuQguwL.jpg,618163,width,36.0 inch
https://m.media-amazon.com/images/I/51h5gD1cY5L.jpg,618163,width,60.0 centimetre
https://m.media-amazon.com/images/I/51h5gD1cY5L.jpg,618163,height,130.0 centimetre
https://m.media-amazon.com/images/I/41mMiXJMshL.jpg,618163,height,30.7 inch
https://m.media-amazon.com/images/I/51ZThzvogTL.jpg,618163,height,123.0 millimetre
https://m.media-amazon.com/images/I/617Xvmth+rL.jpg,618163,height,72.0 centimetre
https://m.media-amazon.com/images/I/51zFX8LYeSL.jpg,618163,height,30.0 inch
https://m.media-amazon.com/images/I/51KV2OXKb5L.jpg,618163,height,130.0 millimetre
https://m.media-amazon.com/images/I/51gSoVoA4TL.jpg,618163,height,50.6 centimetre
https://m.media-amazon.com/images/I/51kgzw51JNL.jpg,618163,height,147.0 millimetre
https://m.media-amazon.com/images/I/51ppDMY1MZL.jpg,618163,height,22.8 inch
https://m.media-amazon.com/images/I/61+bI-Wg1JL.jpg,618163,height,40.7 centimetre
https://m.media-amazon.com/images/I/51PQ0zAiFWL.jpg,618163,height,10.6 centimetre
https://m.media-amazon.com/images/I/617i5IFRmlL.jpg,618163,height,155.0 millimetre
https://m.media-amazon.com/images/I/511we6JNEgL.jpg,618163,height,150.0 millimetre
https://m.media-amazon.com/images/I/51wOUQsTeGL.jpg,618163,height,42.1 inch
https://m.media-amazon.com/images/I/51qnYLMyFNL.jpg,618163,height,30.0 inch
https://m.media-amazon.com/images/I/51PSw4Wxa-L.jpg,618163,height,35.0 centimetre
https://m.media-amazon.com/images/I/6169Ff00OKL.jpg,618163,height,27.5 centimetre
https://m.media-amazon.com/images/I/61B3dO2briS.jpg,618163,height,550.0 millimetre
https://m.media-amazon.com/images/I/610YJkVS8mS.jpg,618163,height,17.75 inch
https://m.media-amazon.com/images/I/51PXP7rZVXL.jpg,618163,height,36.0 inch
https://m.media-amazon.com/images/I/41MSIwJW++L.jpg,618163,height,73.0 centimetre
https://m.media-amazon.com/images/I/51N2OW-qxBL.jpg,618163,height,34.0 centimetre
https://m.media-amazon.com/images/I/41hOMBJrqoL.jpg,618163,height,39.0 centimetre
https://m.media-amazon.com/images/I/610ybd99MoL.jpg,618163,height,30.0 inch
https://m.media-amazon.com/images/I/519gotHvveL.jpg,618163,height,8.0 centimetre
https://m.media-amazon.com/images/I/51Owayi8VQL.jpg,618163,height,11.5 inch
https://m.media-amazon.com/images/I/516XZ51phiL.jpg,618163,height,5.0 inch
https://m.media-amazon.com/images/I/5163-C4uhGL.jpg,618163,height,10.23 inch
https://m.media-amazon.com/images/I/51lu8HdclFL.jpg,618163,height,50.0 centimetre
https://m.media-amazon.com/images/I/51vcmXCJsnL.jpg,618163,height,178.0 millimetre
https://m.media-amazon.com/images/I/51oMATz97WL.jpg,618163,height,130.0 centimetre
https://m.media-amazon.com/images/I/51qs06rOCzL.jpg,618163,height,60.0 centimetre
https://m.media-amazon.com/images/I/614FMruH+AL.jpg,618163,height,36.48 inch
https://m.media-amazon.com/images/I/612vrtm0s5L.jpg,618163,height,30.0 inch
