image_link,group_id,entity_name,entity_value
https://m.media-amazon.com/images/I/41hEfdbZoiS.jpg,292475,width,15.0 centimetre
https://m.media-amazon.com/images/I/41xFzaScEjL.jpg,292475,width,2.95 inch
https://m.media-amazon.com/images/I/61ASlpJ-B4L.jpg,292475,width,11.0 centimetre
https://m.media-amazon.com/images/I/51PBWovwtdL.jpg,292475,width,3.0 inch
https://m.media-amazon.com/images/I/51PDUfOXmaL.jpg,292475,width,1.89 inch
https://m.media-amazon.com/images/I/51HY8F3+kbL.jpg,292475,width,12.0 centimetre
https://m.media-amazon.com/images/I/51H6Upe9cjL.jpg,292475,width,9.8 centimetre
https://m.media-amazon.com/images/I/51ylcQADw-L.jpg,292475,width,29.5 centimetre
https://m.media-amazon.com/images/I/41VyrftM4+L.jpg,292475,width,28.0 centimetre
https://m.media-amazon.com/images/I/61+MBEUt7aL.jpg,292475,width,14.0 centimetre
https://m.media-amazon.com/images/I/51Nb6ReS-VL.jpg,292475,width,2.75 inch
https://m.media-amazon.com/images/I/61DchJt03cL.jpg,292475,width,18.0 centimetre
https://m.media-amazon.com/images/I/6107lWkvtjL.jpg,292475,width,4.5 inch
https://m.media-amazon.com/images/I/41Shbn0A2OL.jpg,292475,width,5.0 inch
https://m.media-amazon.com/images/I/616MJuShGbL.jpg,292475,width,5.0 inch
https://m.media-amazon.com/images/I/61CtV8CIrVL.jpg,292475,width,25.5 centimetre
https://m.media-amazon.com/images/I/5160SVUA71L.jpg,292475,width,16.0 centimetre
https://m.media-amazon.com/images/I/6199ufRG4qL.jpg,292475,width,10.0 inch
https://m.media-amazon.com/images/I/51LAMtKNtQL.jpg,292475,width,14.0 centimetre
https://m.media-amazon.com/images/I/517fqlxGAeL.jpg,292475,width,7.0 inch
https://m.media-amazon.com/images/I/51s1IHy1W4S.jpg,292475,width,14.5 centimetre
https://m.media-amazon.com/images/I/51dq0WGfQgL.jpg,292475,width,9.0 centimetre
https://m.media-amazon.com/images/I/614jbH8gbrL.jpg,292475,width,3.5 inch
https://m.media-amazon.com/images/I/51lIZjtAxDL.jpg,292475,width,18.0 centimetre
https://m.media-amazon.com/images/I/51Ubo09Tz5L.jpg,292475,width,2.2 inch
https://m.media-amazon.com/images/I/51CFOyA9vsL.jpg,292475,width,6.7 centimetre
https://m.media-amazon.com/images/I/51Rt4wzOLpL.jpg,292475,width,4.25 inch
https://m.media-amazon.com/images/I/614PSG+4WVL.jpg,292475,width,8.54 inch
https://m.media-amazon.com/images/I/51rc64-WfwL.jpg,292475,width,28.0 centimetre
https://m.media-amazon.com/images/I/411NX8PVxsL.jpg,292475,width,14.0 centimetre
https://m.media-amazon.com/images/I/511E8VdeF0L.jpg,292475,width,8.0 centimetre
https://m.media-amazon.com/images/I/5136cbWjlUL.jpg,292475,width,27.0 centimetre
https://m.media-amazon.com/images/I/41IiYBzG-BL.jpg,292475,width,11.0 centimetre
https://m.media-amazon.com/images/I/519K0fqzqtL.jpg,292475,width,22.0 centimetre
https://m.media-amazon.com/images/I/51bq3PL9ROL.jpg,292475,width,16.0 centimetre
https://m.media-amazon.com/images/I/51FMxbKlyQL.jpg,292475,width,3.9 inch
https://m.media-amazon.com/images/I/41CewYSvnzL.jpg,292475,width,12.0 centimetre
https://m.media-amazon.com/images/I/613PfretHGL.jpg,292475,width,8.0 inch
https://m.media-amazon.com/images/I/515PX0FODqS.jpg,292475,width,14.0 centimetre
https://m.media-amazon.com/images/I/51QXewg26IL.jpg,292475,width,6.2 centimetre
https://m.media-amazon.com/images/I/61Empkg3pkL.jpg,292475,width,14.99 centimetre
https://m.media-amazon.com/images/I/51RPL9Igr6L.jpg,292475,width,4.4 inch
https://m.media-amazon.com/images/I/616lv4wFEcL.jpg,292475,width,15.0 centimetre
https://m.media-amazon.com/images/I/51cx+lSJyXL.jpg,292475,width,3.4 inch
https://m.media-amazon.com/images/I/51cx+lSJyXL.jpg,292475,height,1.6 inch
https://m.media-amazon.com/images/I/611Ksg2jHsL.jpg,292475,width,20.5 centimetre
https://m.media-amazon.com/images/I/51X8LpLr36L.jpg,292475,width,19.0 centimetre
https://m.media-amazon.com/images/I/6142bz+heAS.jpg,292475,width,5.5 inch
https://m.media-amazon.com/images/I/6142bz+heAS.jpg,292475,height,5.0 centimetre
https://m.media-amazon.com/images/I/51oNGAWEsbL.jpg,292475,width,19.0 centimetre
https://m.media-amazon.com/images/I/51yFwiZtUCL.jpg,292475,width,9.76 inch
https://m.media-amazon.com/images/I/51xEI26VZdL.jpg,292475,width,11.3 centimetre
https://m.media-amazon.com/images/I/61EMZL+j-DL.jpg,292475,width,11.4 centimetre
https://m.media-amazon.com/images/I/5120Ms4mYzL.jpg,292475,width,7.5 inch
https://m.media-amazon.com/images/I/610njjK-1iL.jpg,292475,width,8.9 inch
https://m.media-amazon.com/images/I/51HOi9w7IkL.jpg,292475,width,9.4 centimetre
https://m.media-amazon.com/images/I/61BVKLbfS4L.jpg,292475,width,2.95 inch
https://m.media-amazon.com/images/I/51DRBnXatdL.jpg,292475,width,9.8 inch
https://m.media-amazon.com/images/I/41Zu-bZvw+L.jpg,292475,width,3.54 inch
https://m.media-amazon.com/images/I/41Zu-bZvw+L.jpg,292475,height,3.54 inch
https://m.media-amazon.com/images/I/51UkVT-avoL.jpg,292475,width,7.87 inch
https://m.media-amazon.com/images/I/51J714Y6ZUL.jpg,292475,width,24.0 centimetre
https://m.media-amazon.com/images/I/613pyL5RgyL.jpg,292475,width,22.0 centimetre
https://m.media-amazon.com/images/I/41O11aFxSWL.jpg,292475,width,4.5 inch
https://m.media-amazon.com/images/I/51m-BNdXnTL.jpg,292475,width,8.4 centimetre
https://m.media-amazon.com/images/I/517xJPo02fL.jpg,292475,width,65.0 millimetre
https://m.media-amazon.com/images/I/61A9lN4Fm0L.jpg,292475,width,12.0 centimetre
https://m.media-amazon.com/images/I/51kiDH22YoL.jpg,292475,width,15.5 centimetre
https://m.media-amazon.com/images/I/31MTWbTuHZL.jpg,292475,width,9.0 centimetre
https://m.media-amazon.com/images/I/617rnUZ24KL.jpg,292475,width,22.2 centimetre
https://m.media-amazon.com/images/I/615BZVuKSuL.jpg,292475,width,28.0 centimetre
https://m.media-amazon.com/images/I/51I3MJVDdCL.jpg,292475,width,23.6 centimetre
https://m.media-amazon.com/images/I/51nEqEqc8XL.jpg,292475,width,15.0 centimetre
https://m.media-amazon.com/images/I/41qB5xLyidL.jpg,292475,width,5.7 inch
https://m.media-amazon.com/images/I/614sggzereL.jpg,292475,width,8.5 centimetre
https://m.media-amazon.com/images/I/516TZ1uwQYL.jpg,292475,width,11.3 centimetre
https://m.media-amazon.com/images/I/617B9WFeCnL.jpg,292475,width,3.0 inch
https://m.media-amazon.com/images/I/617B9WFeCnL.jpg,292475,height,1.25 inch
https://m.media-amazon.com/images/I/61CbZLr3nTL.jpg,292475,width,3.74 inch
https://m.media-amazon.com/images/I/51g8w3t4F-L.jpg,292475,width,17.0 centimetre
https://m.media-amazon.com/images/I/413Kw2eIHeL.jpg,292475,width,16.0 centimetre
https://m.media-amazon.com/images/I/413Kw2eIHeL.jpg,292475,height,6.5 centimetre
https://m.media-amazon.com/images/I/51YRJiyWvwL.jpg,292475,width,4.4 inch
https://m.media-amazon.com/images/I/41+IhjN0OQL.jpg,292475,width,20.0 centimetre
https://m.media-amazon.com/images/I/51gjd0Py0WL.jpg,292475,width,10.4 centimetre
https://m.media-amazon.com/images/I/61+yU6n+G1L.jpg,292475,width,26.0 centimetre
https://m.media-amazon.com/images/I/512t7k03ikL.jpg,292475,width,9.82 inch
https://m.media-amazon.com/images/I/512t7k03ikL.jpg,292475,height,5.899 inch
https://m.media-amazon.com/images/I/51zucJuv6+L.jpg,292475,width,2.75 inch
https://m.media-amazon.com/images/I/51EsvKkn56L.jpg,292475,width,22.5 centimetre
https://m.media-amazon.com/images/I/616PpIIoJyL.jpg,292475,width,24.0 centimetre
https://m.media-amazon.com/images/I/51-4cntvw+L.jpg,292475,width,2.5 inch
https://m.media-amazon.com/images/I/51-4cntvw+L.jpg,292475,height,3.0 inch
https://m.media-amazon.com/images/I/41yqIHvzf3L.jpg,292475,width,3.0 centimetre
https://m.media-amazon.com/images/I/514LGCLNA3L.jpg,292475,width,20.0 centimetre
https://m.media-amazon.com/images/I/41YsJ5-S7yL.jpg,292475,width,4.33 inch
https://m.media-amazon.com/images/I/519xQ3l4eoL.jpg,292475,width,24.0 centimetre
https://m.media-amazon.com/images/I/51QkOTxgBWL.jpg,292475,width,18.0 centimetre
https://m.media-amazon.com/images/I/51983CBqEXL.jpg,292475,width,5.5 centimetre
https://m.media-amazon.com/images/I/517p5M4NE6L.jpg,292475,width,40.0 centimetre
https://m.media-amazon.com/images/I/51nvwANEh5L.jpg,292475,width,9.1 centimetre
https://m.media-amazon.com/images/I/51SXlG0qlqL.jpg,292475,width,10.0 centimetre
https://m.media-amazon.com/images/I/51iOL1Wx+BL.jpg,292475,width,3.0 inch
https://m.media-amazon.com/images/I/41YN8ixrGjL.jpg,292475,width,3.54 inch
https://m.media-amazon.com/images/I/51h8hrXEzhL.jpg,292475,width,4.3 inch
https://m.media-amazon.com/images/I/513sBSUN1dS.jpg,292475,width,18.0 centimetre
https://m.media-amazon.com/images/I/51B6tRmj5sL.jpg,292475,width,8.25 inch
https://m.media-amazon.com/images/I/610I8WpvwYL.jpg,292475,width,13.0 centimetre
https://m.media-amazon.com/images/I/617cA++5lHL.jpg,292475,width,4.0 inch
https://m.media-amazon.com/images/I/419ZyRmeLSL.jpg,292475,width,15.0 centimetre
https://m.media-amazon.com/images/I/5196xWAny5L.jpg,292475,width,3.14 inch
https://m.media-amazon.com/images/I/51lheR3No7L.jpg,292475,width,7.0 centimetre
https://m.media-amazon.com/images/I/41s4YLMSA-L.jpg,292475,width,11.8 centimetre
https://m.media-amazon.com/images/I/51sABAvWVlL.jpg,292475,width,5.2 centimetre
https://m.media-amazon.com/images/I/61EMMN4ZDgL.jpg,292475,width,4.3 inch
https://m.media-amazon.com/images/I/51gPcOz4yYL.jpg,292475,width,17.0 centimetre
https://m.media-amazon.com/images/I/51JXpxNY40L.jpg,292475,width,2.9 inch
https://m.media-amazon.com/images/I/51gUoli+bOL.jpg,292475,width,17.0 centimetre
https://m.media-amazon.com/images/I/617uYR2Eq-L.jpg,292475,width,35.0 centimetre
https://m.media-amazon.com/images/I/51sP3O8pJ0L.jpg,292475,width,9.5 inch
https://m.media-amazon.com/images/I/51vrVJA80aL.jpg,292475,width,19.5 centimetre
https://m.media-amazon.com/images/I/41enDbyiMeL.jpg,292475,width,7.8 inch
https://m.media-amazon.com/images/I/51JqdAgWT5L.jpg,292475,width,12.0 centimetre
https://m.media-amazon.com/images/I/614cEgr04RL.jpg,292475,width,5.0 centimetre
https://m.media-amazon.com/images/I/516UBUFsbdL.jpg,292475,width,26.5 centimetre
https://m.media-amazon.com/images/I/51m7LmZxj8L.jpg,292475,width,17.5 centimetre
https://m.media-amazon.com/images/I/51m7LmZxj8L.jpg,292475,height,8.0 centimetre
https://m.media-amazon.com/images/I/51LzIvAlY3L.jpg,292475,width,7.5 centimetre
https://m.media-amazon.com/images/I/51804OzTlGL.jpg,292475,width,12.2 centimetre
https://m.media-amazon.com/images/I/51z2AXSQGdL.jpg,292475,width,6.2 inch
https://m.media-amazon.com/images/I/51z2AXSQGdL.jpg,292475,height,2.7 inch
https://m.media-amazon.com/images/I/51LZA7bEESL.jpg,292475,width,26.0 centimetre
https://m.media-amazon.com/images/I/512-QjdrjpL.jpg,292475,width,90.0 millimetre
https://m.media-amazon.com/images/I/512-QjdrjpL.jpg,292475,height,62.0 millimetre
https://m.media-amazon.com/images/I/51890bRq01L.jpg,292475,width,6.0 inch
https://m.media-amazon.com/images/I/51Q7RlnsLgL.jpg,292475,width,8.0 inch
https://m.media-amazon.com/images/I/617Z3AqtJEL.jpg,292475,width,3.5 inch
https://m.media-amazon.com/images/I/51RxXpzwBjL.jpg,292475,width,4.9 inch
https://m.media-amazon.com/images/I/51y-asK+3uL.jpg,292475,width,18.0 centimetre
https://m.media-amazon.com/images/I/617N1J7RicL.jpg,292475,width,21.0 centimetre
https://m.media-amazon.com/images/I/61-h3L1s2DL.jpg,292475,width,20.0 centimetre
https://m.media-amazon.com/images/I/41Uv7A1T4uL.jpg,292475,width,20.0 centimetre
https://m.media-amazon.com/images/I/51aWxxjZT2L.jpg,292475,width,8.7 centimetre
https://m.media-amazon.com/images/I/51bo-LBiBDL.jpg,292475,width,7.0 centimetre
https://m.media-amazon.com/images/I/51g+69SG-UL.jpg,292475,width,16.0 centimetre
https://m.media-amazon.com/images/I/610ZKp2h5sL.jpg,292475,width,11.0 inch
https://m.media-amazon.com/images/I/51YqOft3kbL.jpg,292475,width,8.0 centimetre
https://m.media-amazon.com/images/I/612z8rvpqxL.jpg,292475,width,25.5 centimetre
https://m.media-amazon.com/images/I/517lwCSrdlL.jpg,292475,width,16.0 centimetre
https://m.media-amazon.com/images/I/513XTT8Ae0S.jpg,292475,width,27.0 centimetre
https://m.media-amazon.com/images/I/51ITj4ZoW0L.jpg,292475,width,8.0 centimetre
https://m.media-amazon.com/images/I/51YdH8SQXgL.jpg,292475,width,3.5 inch
https://m.media-amazon.com/images/I/51YdH8SQXgL.jpg,292475,height,2.8 inch
https://m.media-amazon.com/images/I/41-neJ506gL.jpg,292475,width,2.2 inch
https://m.media-amazon.com/images/I/610xQYGpQYL.jpg,292475,width,3.5 inch
https://m.media-amazon.com/images/I/51AnHPuQmrL.jpg,292475,width,2.7 inch
https://m.media-amazon.com/images/I/51NFf1bKr1L.jpg,292475,width,8.7 centimetre
https://m.media-amazon.com/images/I/514O55hqwzL.jpg,292475,width,26.0 centimetre
https://m.media-amazon.com/images/I/61C1JWii+zL.jpg,292475,width,100.0 millimetre
https://m.media-amazon.com/images/I/41Nu3CmwEOL.jpg,292475,width,11.125 inch
https://m.media-amazon.com/images/I/41azE2gsUQL.jpg,292475,width,14.0 centimetre
https://m.media-amazon.com/images/I/51WZII2FZ+L.jpg,292475,width,8.0 centimetre
https://m.media-amazon.com/images/I/41QHsWH5XFL.jpg,292475,width,7.07 inch
https://m.media-amazon.com/images/I/613rY+IqZNL.jpg,292475,width,15.0 centimetre
https://m.media-amazon.com/images/I/51pPTkTgNjL.jpg,292475,width,28.0 centimetre
https://m.media-amazon.com/images/I/412jEsTtRCL.jpg,292475,width,12.5 centimetre
https://m.media-amazon.com/images/I/616fZwiF6UL.jpg,292475,width,25.0 centimetre
https://m.media-amazon.com/images/I/61188TJcSrL.jpg,292475,width,21.0 centimetre
https://m.media-amazon.com/images/I/613Ds5AOdwL.jpg,292475,width,8.0 inch
https://m.media-amazon.com/images/I/51ipPF8EIwL.jpg,292475,width,18.0 centimetre
https://m.media-amazon.com/images/I/51ipPF8EIwL.jpg,292475,height,12.5 centimetre
https://m.media-amazon.com/images/I/61+B-zcr38L.jpg,292475,width,140.0 millimetre
https://m.media-amazon.com/images/I/51fhGlzRlsL.jpg,292475,width,14.0 centimetre
https://m.media-amazon.com/images/I/51qn7UEbZQL.jpg,292475,width,9.8 centimetre
https://m.media-amazon.com/images/I/61GB6c9hNsL.jpg,292475,width,25.0 centimetre
https://m.media-amazon.com/images/I/51ctYe1J7jL.jpg,292475,width,7.1 inch
https://m.media-amazon.com/images/I/61-uop1PWYL.jpg,292475,width,107.0 millimetre
https://m.media-amazon.com/images/I/614+yLKxj9S.jpg,292475,width,14.4 centimetre
https://m.media-amazon.com/images/I/51MoQe5FHML.jpg,292475,width,4.33 inch
https://m.media-amazon.com/images/I/51VFHX-es7L.jpg,292475,width,4.3 centimetre
https://m.media-amazon.com/images/I/51dnVUh+ixL.jpg,292475,width,20.5 centimetre
https://m.media-amazon.com/images/I/619hIRxBexL.jpg,292475,width,26.5 centimetre
https://m.media-amazon.com/images/I/51lbW9wqHyL.jpg,292475,width,7.1 inch
https://m.media-amazon.com/images/I/51ovtBj7a2L.jpg,292475,width,2.4 inch
https://m.media-amazon.com/images/I/41VS2t2f6-S.jpg,292475,width,28.0 centimetre
https://m.media-amazon.com/images/I/41pO5BVwVFL.jpg,292475,width,8.0 centimetre
https://m.media-amazon.com/images/I/51qejqL5G9L.jpg,292475,width,6.5 centimetre
https://m.media-amazon.com/images/I/51zB5rbepPL.jpg,292475,width,11.5 centimetre
https://m.media-amazon.com/images/I/512oVo2mAmL.jpg,292475,width,27.5 centimetre
https://m.media-amazon.com/images/I/51f6H1GwGDL.jpg,292475,width,10.0 centimetre
https://m.media-amazon.com/images/I/51-mIka71+L.jpg,292475,width,4.7 inch
https://m.media-amazon.com/images/I/51S1hicGoEL.jpg,292475,width,4.0 inch
https://m.media-amazon.com/images/I/51U4O80V7HL.jpg,292475,width,16.5 centimetre
https://m.media-amazon.com/images/I/41dKE9ypLcL.jpg,292475,width,11.0 centimetre
https://m.media-amazon.com/images/I/615vcR+PNHL.jpg,292475,width,72.0 millimetre
https://m.media-amazon.com/images/I/615vcR+PNHL.jpg,292475,height,120.0 millimetre
https://m.media-amazon.com/images/I/615TxUI4PdL.jpg,292475,width,12.0 centimetre
https://m.media-amazon.com/images/I/51-x+XHtjgL.jpg,292475,width,19.0 centimetre
https://m.media-amazon.com/images/I/51qW8dDW0-S.jpg,292475,width,14.0 centimetre
https://m.media-amazon.com/images/I/41AmRd-nJJL.jpg,292475,width,11.5 centimetre
https://m.media-amazon.com/images/I/41T4LXKc+oL.jpg,292475,width,1.6 inch
https://m.media-amazon.com/images/I/41T4LXKc+oL.jpg,292475,height,1.8 inch
https://m.media-amazon.com/images/I/51dDjDhfsML.jpg,292475,width,6.5 centimetre
https://m.media-amazon.com/images/I/51qvgT4Hc8L.jpg,292475,width,5.5 inch
https://m.media-amazon.com/images/I/61+eRdKQgeL.jpg,292475,width,100.0 millimetre
https://m.media-amazon.com/images/I/615kyKH3EeL.jpg,292475,width,2.75 inch
https://m.media-amazon.com/images/I/61BWAHnyT8L.jpg,292475,width,3.5 inch
https://m.media-amazon.com/images/I/51COe1m+2cL.jpg,292475,width,28.0 centimetre
https://m.media-amazon.com/images/I/51ER9jQTbKL.jpg,292475,width,22.0 centimetre
https://m.media-amazon.com/images/I/51mQrTJ0mtL.jpg,292475,width,7.4 inch
https://m.media-amazon.com/images/I/619hc92vtHL.jpg,292475,width,8.3 centimetre
https://m.media-amazon.com/images/I/51Jc1Jgqj-L.jpg,292475,width,2.75 inch
https://m.media-amazon.com/images/I/518o0uUWwoL.jpg,292475,width,19.5 centimetre
https://m.media-amazon.com/images/I/31Jk-rForXL.jpg,292475,width,29.0 inch
https://m.media-amazon.com/images/I/31Jk-rForXL.jpg,292475,height,4.5 centimetre
https://m.media-amazon.com/images/I/51FViZs6OsL.jpg,292475,width,4.2 inch
https://m.media-amazon.com/images/I/6199d+NIflL.jpg,292475,width,2.75 inch
https://m.media-amazon.com/images/I/61DfJLnW+kL.jpg,292475,width,14.0 centimetre
https://m.media-amazon.com/images/I/51wp20Z+64L.jpg,292475,width,10.49 inch
https://m.media-amazon.com/images/I/41tWaX+mp2S.jpg,292475,width,15.0 centimetre
https://m.media-amazon.com/images/I/61+Oumy7AjL.jpg,292475,width,174.0 millimetre
https://m.media-amazon.com/images/I/41aZdm6JBSL.jpg,292475,width,11.4 inch
https://m.media-amazon.com/images/I/614m-pkx0IL.jpg,292475,width,9.0 centimetre
https://m.media-amazon.com/images/I/610jdwImz3L.jpg,292475,width,9.8 inch
https://m.media-amazon.com/images/I/51QXXDn8VvL.jpg,292475,width,6.0 inch
https://m.media-amazon.com/images/I/51Mgq2ms8SL.jpg,292475,width,3.0 inch
https://m.media-amazon.com/images/I/51Mbpj1CbZL.jpg,292475,width,2.59 inch
https://m.media-amazon.com/images/I/51lpB6oVxSL.jpg,292475,width,14.0 centimetre
https://m.media-amazon.com/images/I/61AQ44vudVL.jpg,292475,width,7.2 centimetre
https://m.media-amazon.com/images/I/51UElWIk1UL.jpg,292475,width,3.0 inch
https://m.media-amazon.com/images/I/516ZrCFxwhL.jpg,292475,width,9.5 centimetre
https://m.media-amazon.com/images/I/51huBXfbXsL.jpg,292475,width,6.7 centimetre
https://m.media-amazon.com/images/I/51IjEeOxUwL.jpg,292475,width,18.3 centimetre
https://m.media-amazon.com/images/I/41Pg6BRIpvL.jpg,292475,width,23.0 centimetre
https://m.media-amazon.com/images/I/41i7fjrOgXL.jpg,292475,width,3.5 inch
https://m.media-amazon.com/images/I/51KVbRgzNOL.jpg,292475,width,27.0 centimetre
https://m.media-amazon.com/images/I/51RFwu4O4GL.jpg,292475,width,10.0 centimetre
https://m.media-amazon.com/images/I/41SxSzOmqtL.jpg,292475,width,5.9 inch
https://m.media-amazon.com/images/I/61EzxyjaxmL.jpg,292475,width,8.0 centimetre
https://m.media-amazon.com/images/I/51vkDGS8-aL.jpg,292475,width,7.0 inch
https://m.media-amazon.com/images/I/51xAvlSa8WL.jpg,292475,width,4.9 inch
https://m.media-amazon.com/images/I/51xAvlSa8WL.jpg,292475,height,1.9 inch
https://m.media-amazon.com/images/I/61DBjixiLcL.jpg,292475,width,12.0 centimetre
https://m.media-amazon.com/images/I/61B+7PqHGCL.jpg,292475,width,3.6 inch
https://m.media-amazon.com/images/I/61CCR7318yL.jpg,292475,width,5.9 inch
https://m.media-amazon.com/images/I/613Cj3gvzzL.jpg,292475,width,17.0 centimetre
https://m.media-amazon.com/images/I/41SU6f2D6SL.jpg,292475,width,9.24 inch
https://m.media-amazon.com/images/I/51KLLH9369L.jpg,292475,width,11.0 centimetre
https://m.media-amazon.com/images/I/51PsFItyIyL.jpg,292475,width,6.0 centimetre
https://m.media-amazon.com/images/I/5105p51lCZL.jpg,292475,width,5.0 inch
https://m.media-amazon.com/images/I/51+1NxRoW3L.jpg,292475,width,13.0 inch
https://m.media-amazon.com/images/I/51+FgwJgmtL.jpg,292475,width,18.0 centimetre
https://m.media-amazon.com/images/I/51-Mbfd7qJL.jpg,292475,width,15.0 centimetre
https://m.media-amazon.com/images/I/61AUd40QKNL.jpg,292475,width,10.5 centimetre
https://m.media-amazon.com/images/I/611A4NYIHYL.jpg,292475,width,30.0 centimetre
https://m.media-amazon.com/images/I/41g1KqNoq1L.jpg,292475,width,11.0 centimetre
https://m.media-amazon.com/images/I/51buLJY3kZL.jpg,292475,width,4.52 inch
https://m.media-amazon.com/images/I/51buLJY3kZL.jpg,292475,height,7.79 inch
https://m.media-amazon.com/images/I/51LPQSoZ02S.jpg,292475,width,16.0 centimetre
https://m.media-amazon.com/images/I/51fGKEgRJEL.jpg,292475,width,11.5 inch
https://m.media-amazon.com/images/I/51QvawSH7sS.jpg,292475,width,3.9 inch
https://m.media-amazon.com/images/I/41AuYcDHavL.jpg,292475,width,5.8 centimetre
https://m.media-amazon.com/images/I/41tHeeg1RxL.jpg,292475,width,11.2 inch
https://m.media-amazon.com/images/I/613dy-C2uRL.jpg,292475,width,27.0 centimetre
https://m.media-amazon.com/images/I/51dIjsBQIqS.jpg,292475,width,13.2 centimetre
https://m.media-amazon.com/images/I/51kVyq8dqyL.jpg,292475,width,7.5 centimetre
https://m.media-amazon.com/images/I/51v62FsdmpL.jpg,292475,width,2.3 inch
https://m.media-amazon.com/images/I/51FXqGW0JVL.jpg,292475,width,15.0 centimetre
https://m.media-amazon.com/images/I/61D8omvXhxL.jpg,292475,width,7.0 inch
https://m.media-amazon.com/images/I/51UyLYWjzeL.jpg,292475,width,19.0 centimetre
https://m.media-amazon.com/images/I/51+-j8JlHXL.jpg,292475,width,18.0 centimetre
https://m.media-amazon.com/images/I/41u76-VOIlL.jpg,292475,width,8.54 inch
https://m.media-amazon.com/images/I/51dzMyHkzuL.jpg,292475,width,8.2 centimetre
https://m.media-amazon.com/images/I/51dzMyHkzuL.jpg,292475,height,2.7 centimetre
https://m.media-amazon.com/images/I/41he7LD04lL.jpg,292475,width,6.29 inch
https://m.media-amazon.com/images/I/41qkbbs2neL.jpg,292475,width,45.0 centimetre
https://m.media-amazon.com/images/I/51ZdKAJ-irL.jpg,292475,width,10.24 inch
https://m.media-amazon.com/images/I/51L+v-rnk1L.jpg,292475,width,20.0 centimetre
https://m.media-amazon.com/images/I/51VOOHPeRRL.jpg,292475,width,9.0 centimetre
https://m.media-amazon.com/images/I/51VOOHPeRRL.jpg,292475,height,2.8 centimetre
https://m.media-amazon.com/images/I/6164N9DJx6L.jpg,292475,width,14.0 centimetre
https://m.media-amazon.com/images/I/61ETt6cY0PL.jpg,292475,width,20.0 inch
https://m.media-amazon.com/images/I/51DiVcw5oyL.jpg,292475,width,5.0 centimetre
https://m.media-amazon.com/images/I/51H-rjNaXjL.jpg,292475,width,8.0 inch
https://m.media-amazon.com/images/I/51-LRr7iyyL.jpg,292475,width,4.8 centimetre
https://m.media-amazon.com/images/I/51P1gzr5NnS.jpg,292475,width,13.2 centimetre
https://m.media-amazon.com/images/I/51Wgg+tmuRL.jpg,292475,width,22.0 centimetre
https://m.media-amazon.com/images/I/41Cp2NLzzKL.jpg,292475,width,6.2 centimetre
https://m.media-amazon.com/images/I/31q5PHgniFS.jpg,292475,width,6.9 inch
https://m.media-amazon.com/images/I/51SWUoQfwzL.jpg,292475,width,50.0 millimetre
https://m.media-amazon.com/images/I/61F4Q8es8YL.jpg,292475,width,3.5 inch
https://m.media-amazon.com/images/I/51kSb1d76IL.jpg,292475,width,7.5 inch
https://m.media-amazon.com/images/I/41OU6JjgQ6L.jpg,292475,width,2.9 inch
https://m.media-amazon.com/images/I/51ZaCh2TaML.jpg,292475,width,30.5 centimetre
https://m.media-amazon.com/images/I/41QCr-24tnL.jpg,292475,width,6.13 inch
https://m.media-amazon.com/images/I/41QHNrTamHL.jpg,292475,width,11.5 centimetre
https://m.media-amazon.com/images/I/61F2LgZBqdL.jpg,292475,width,14.0 centimetre
https://m.media-amazon.com/images/I/51S0vAOrd+L.jpg,292475,width,4.22 inch
https://m.media-amazon.com/images/I/51pXn7W2v1L.jpg,292475,width,18.0 centimetre
https://m.media-amazon.com/images/I/51jr1fvrXYL.jpg,292475,width,7.6 inch
https://m.media-amazon.com/images/I/612GFY9oJ8L.jpg,292475,width,11.5 centimetre
https://m.media-amazon.com/images/I/617KqRxUMmL.jpg,292475,width,8.5 centimetre
https://m.media-amazon.com/images/I/41mOaKgwUkL.jpg,292475,width,2.1 inch
https://m.media-amazon.com/images/I/51+o7AmGQUL.jpg,292475,width,4.0 inch
https://m.media-amazon.com/images/I/61-ICKVkOQL.jpg,292475,width,26.0 centimetre
https://m.media-amazon.com/images/I/519UQxL9KPL.jpg,292475,width,29.0 centimetre
https://m.media-amazon.com/images/I/51FypSFW1wL.jpg,292475,width,10.0 centimetre
https://m.media-amazon.com/images/I/51FypSFW1wL.jpg,292475,height,6.5 centimetre
https://m.media-amazon.com/images/I/51WnMFcm9lL.jpg,292475,width,6.9 inch
https://m.media-amazon.com/images/I/51rn6T9PA+L.jpg,292475,width,13.7 centimetre
https://m.media-amazon.com/images/I/51PWhuZvoJL.jpg,292475,width,14.5 centimetre
https://m.media-amazon.com/images/I/51qyuhNYLNL.jpg,292475,width,9.5 centimetre
https://m.media-amazon.com/images/I/41Q99adcMxL.jpg,292475,width,7.3 inch
https://m.media-amazon.com/images/I/6142OrJc8ZL.jpg,292475,width,74.0 millimetre
https://m.media-amazon.com/images/I/5180eV8ZjNL.jpg,292475,width,2.13 inch
https://m.media-amazon.com/images/I/511sE9fN9FL.jpg,292475,width,4.25 inch
https://m.media-amazon.com/images/I/511sE9fN9FL.jpg,292475,height,3.0 inch
https://m.media-amazon.com/images/I/513R8fwcMBL.jpg,292475,width,3.2 inch
https://m.media-amazon.com/images/I/61Ecs15EE6L.jpg,292475,width,6.0 inch
https://m.media-amazon.com/images/I/51YlycKyNZL.jpg,292475,width,18.5 centimetre
https://m.media-amazon.com/images/I/51uUpKwdUmL.jpg,292475,width,5.1 inch
https://m.media-amazon.com/images/I/511Og75YRAL.jpg,292475,width,4.0 inch
https://m.media-amazon.com/images/I/611oz9X07TL.jpg,292475,width,19.0 centimetre
https://m.media-amazon.com/images/I/61-0VI0IMXL.jpg,292475,width,15.0 centimetre
https://m.media-amazon.com/images/I/51DQuQ+-tnL.jpg,292475,width,13.7 centimetre
https://m.media-amazon.com/images/I/610Of8VEdXL.jpg,292475,width,7.0 centimetre
https://m.media-amazon.com/images/I/610Of8VEdXL.jpg,292475,height,10.0 centimetre
https://m.media-amazon.com/images/I/51tFU5sP92L.jpg,292475,width,14.0 inch
https://m.media-amazon.com/images/I/51Ms2cea67L.jpg,292475,width,10.7 centimetre
https://m.media-amazon.com/images/I/41PS3Ezm9QL.jpg,292475,width,20.0 centimetre
https://m.media-amazon.com/images/I/51Ry3fDItGL.jpg,292475,width,11.8 centimetre
https://m.media-amazon.com/images/I/41TWukDqtVS.jpg,292475,width,20.6 centimetre
https://m.media-amazon.com/images/I/61As5hUME4L.jpg,292475,width,30.0 centimetre
https://m.media-amazon.com/images/I/51GTm46yOUL.jpg,292475,width,5.7 inch
https://m.media-amazon.com/images/I/51EP6rPY+LL.jpg,292475,width,26.0 centimetre
https://m.media-amazon.com/images/I/51MaaHorxhL.jpg,292475,width,4.6 inch
https://m.media-amazon.com/images/I/617IOFPteLL.jpg,292475,width,7.0 centimetre
https://m.media-amazon.com/images/I/415FZkLp8AL.jpg,292475,width,7.0 inch
https://m.media-amazon.com/images/I/61G+BIstPrL.jpg,292475,width,5.8 inch
https://m.media-amazon.com/images/I/51crA6RZeJL.jpg,292475,width,5.5 inch
https://m.media-amazon.com/images/I/61AxhMJnfdL.jpg,292475,width,18.0 centimetre
https://m.media-amazon.com/images/I/519fjOXlN1L.jpg,292475,width,15.0 centimetre
https://m.media-amazon.com/images/I/41cCZESHXDL.jpg,292475,width,20.3 centimetre
https://m.media-amazon.com/images/I/51foAvRH+UL.jpg,292475,width,18.0 centimetre
https://m.media-amazon.com/images/I/51uEUvJbC2L.jpg,292475,width,12.0 centimetre
https://m.media-amazon.com/images/I/612od4N-5nL.jpg,292475,width,9.6 centimetre
https://m.media-amazon.com/images/I/51Pcyn6ocCS.jpg,292475,width,11.0 centimetre
https://m.media-amazon.com/images/I/41oUBi2ycEL.jpg,292475,width,4.3 inch
https://m.media-amazon.com/images/I/61-SRcN+GqL.jpg,292475,width,8.7 centimetre
https://m.media-amazon.com/images/I/61-SRcN+GqL.jpg,292475,height,12.0 centimetre
https://m.media-amazon.com/images/I/41L991N9LNL.jpg,292475,width,12.5 centimetre
https://m.media-amazon.com/images/I/51kglbV+MsL.jpg,292475,width,250.0 millimetre
https://m.media-amazon.com/images/I/619TDTy++AL.jpg,292475,width,9.1 inch
https://m.media-amazon.com/images/I/51bT2HftPdL.jpg,292475,width,5.4 centimetre
https://m.media-amazon.com/images/I/51bT2HftPdL.jpg,292475,height,5.4 centimetre
https://m.media-amazon.com/images/I/512dRqt9DkL.jpg,292475,width,32.5 centimetre
https://m.media-amazon.com/images/I/41aJ-oS52zL.jpg,292475,width,26.5 centimetre
https://m.media-amazon.com/images/I/51gBmPBovSL.jpg,292475,width,10.3 centimetre
https://m.media-amazon.com/images/I/51dWGm3id5L.jpg,292475,height,2.8 inch
https://m.media-amazon.com/images/I/61D9mr2dlmS.jpg,292475,height,1.8 inch
https://m.media-amazon.com/images/I/41pl-1U74hS.jpg,292475,height,13.5 centimetre
https://m.media-amazon.com/images/I/51dO4DB8-UL.jpg,292475,height,6.8 centimetre
https://m.media-amazon.com/images/I/51Pp5lrVceL.jpg,292475,height,13.5 centimetre
https://m.media-amazon.com/images/I/41Kt+yuZ8VL.jpg,292475,height,6.7 centimetre
https://m.media-amazon.com/images/I/51poNjz20cL.jpg,292475,height,2.9 inch
https://m.media-amazon.com/images/I/51YiJRRzfPL.jpg,292475,height,5.7 centimetre
https://m.media-amazon.com/images/I/51KGB3RposL.jpg,292475,height,7.5 centimetre
https://m.media-amazon.com/images/I/31-9yyeFJ-S.jpg,292475,height,5.3 centimetre
https://m.media-amazon.com/images/I/519naOMVoiL.jpg,292475,height,10.0 centimetre
https://m.media-amazon.com/images/I/41iNoSfyBzL.jpg,292475,height,3.0 inch
https://m.media-amazon.com/images/I/31gpPIIH4zL.jpg,292475,height,4.3 centimetre
https://m.media-amazon.com/images/I/31gc4FEmYnL.jpg,292475,height,11.5 centimetre
https://m.media-amazon.com/images/I/51OqVIVIiQL.jpg,292475,height,3.7 inch
https://m.media-amazon.com/images/I/51vi1tlzz8L.jpg,292475,height,1.9 inch
https://m.media-amazon.com/images/I/51cgCavtBvL.jpg,292475,height,12.8 centimetre
https://m.media-amazon.com/images/I/610mLTn6IpL.jpg,292475,height,14.4 centimetre
https://m.media-amazon.com/images/I/61CZMdKzhCL.jpg,292475,height,16.0 centimetre
https://m.media-amazon.com/images/I/41ezcWEY4yS.jpg,292475,height,9.0 centimetre
https://m.media-amazon.com/images/I/51B9ybQUe4L.jpg,292475,height,3.3 centimetre
https://m.media-amazon.com/images/I/610ub5ptzmL.jpg,292475,height,10.5 centimetre
https://m.media-amazon.com/images/I/51WDU4JJKFL.jpg,292475,height,25.0 centimetre
https://m.media-amazon.com/images/I/619z4z2KKoL.jpg,292475,height,8.5 centimetre
https://m.media-amazon.com/images/I/51WInDFeoKL.jpg,292475,height,2.5 inch
https://m.media-amazon.com/images/I/51FM-T6TozL.jpg,292475,height,7.8 centimetre
https://m.media-amazon.com/images/I/51Kv1KPaPfL.jpg,292475,height,5.5 inch
https://m.media-amazon.com/images/I/51j4+5YC07S.jpg,292475,height,4.9 inch
https://m.media-amazon.com/images/I/518cw9AlE0L.jpg,292475,height,13.0 centimetre
https://m.media-amazon.com/images/I/413njF-FnQL.jpg,292475,height,10.0 centimetre
https://m.media-amazon.com/images/I/61-oPKoP2mL.jpg,292475,height,2.65 inch
https://m.media-amazon.com/images/I/611-ezz+fTL.jpg,292475,height,2.2 inch
https://m.media-amazon.com/images/I/51flroFJdrL.jpg,292475,height,2.2 inch
https://m.media-amazon.com/images/I/51TEhZASebS.jpg,292475,height,8.5 centimetre
https://m.media-amazon.com/images/I/51Hfv-7JvbL.jpg,292475,height,8.0 centimetre
https://m.media-amazon.com/images/I/41k+f8KtFfL.jpg,292475,height,9.0 centimetre
https://m.media-amazon.com/images/I/51SFbKxUALL.jpg,292475,height,11.5 centimetre
https://m.media-amazon.com/images/I/51k0FNC2qzL.jpg,292475,height,1.811 inch
https://m.media-amazon.com/images/I/416Z5u0CaIL.jpg,292475,height,3.1 inch
https://m.media-amazon.com/images/I/51+h+qyiTSL.jpg,292475,height,6.0 centimetre
https://m.media-amazon.com/images/I/51-YxTSla5L.jpg,292475,height,1.1 inch
https://m.media-amazon.com/images/I/51SQrzQwVbL.jpg,292475,height,4.72 inch
https://m.media-amazon.com/images/I/617zPUeypkL.jpg,292475,height,2.48 inch
https://m.media-amazon.com/images/I/61DgB+CUoFL.jpg,292475,height,18.0 centimetre
https://m.media-amazon.com/images/I/4115PlaMzUL.jpg,292475,height,11.0 centimetre
https://m.media-amazon.com/images/I/61CjGBlI+-S.jpg,292475,height,7.3 centimetre
https://m.media-amazon.com/images/I/610Lc7605fL.jpg,292475,height,4.8 centimetre
https://m.media-amazon.com/images/I/41EYzM8l2LL.jpg,292475,height,2.5 inch
https://m.media-amazon.com/images/I/41ed8slWoJL.jpg,292475,height,1.7 inch
https://m.media-amazon.com/images/I/51xvGED0C6L.jpg,292475,height,8.5 centimetre
https://m.media-amazon.com/images/I/41a4pXurykL.jpg,292475,height,1.3 inch
https://m.media-amazon.com/images/I/51YXooEX5FL.jpg,292475,height,3.7 inch
https://m.media-amazon.com/images/I/51ywGDZ-A9L.jpg,292475,height,4.5 centimetre
https://m.media-amazon.com/images/I/516afKmZP3L.jpg,292475,height,2.5 inch
https://m.media-amazon.com/images/I/51A44RrBcgL.jpg,292475,height,9.5 centimetre
https://m.media-amazon.com/images/I/61CesLmrxRL.jpg,292475,height,8.9 centimetre
https://m.media-amazon.com/images/I/51x1aN4JuHL.jpg,292475,height,1.25 inch
https://m.media-amazon.com/images/I/51E32fa65fL.jpg,292475,height,9.8 centimetre
https://m.media-amazon.com/images/I/51Y4d9ZWpUL.jpg,292475,height,10.0 centimetre
https://m.media-amazon.com/images/I/619fzWcol9L.jpg,292475,height,14.5 centimetre
https://m.media-amazon.com/images/I/41XpZrc3DDL.jpg,292475,height,5.0 centimetre
https://m.media-amazon.com/images/I/612km04LyCS.jpg,292475,height,3.0 inch
https://m.media-amazon.com/images/I/51J4UWSPXtL.jpg,292475,height,3.5 inch
https://m.media-amazon.com/images/I/51lHegPdWeL.jpg,292475,height,5.5 centimetre
https://m.media-amazon.com/images/I/41Eg0o486sL.jpg,292475,height,5.5 centimetre
https://m.media-amazon.com/images/I/61DQ91SN1mL.jpg,292475,height,11.2 centimetre
https://m.media-amazon.com/images/I/610Bo3mYKmL.jpg,292475,height,7.8 centimetre
https://m.media-amazon.com/images/I/51LUNQRvRAL.jpg,292475,height,7.5 centimetre
https://m.media-amazon.com/images/I/51KyAW5frFL.jpg,292475,height,245.0 millimetre
https://m.media-amazon.com/images/I/61-RYl7RxUL.jpg,292475,height,10.5 centimetre
https://m.media-amazon.com/images/I/51DWPYos23L.jpg,292475,height,2.3 centimetre
https://m.media-amazon.com/images/I/51VmtG-EgjL.jpg,292475,height,3.5 inch
https://m.media-amazon.com/images/I/51Bbo+xsf1L.jpg,292475,height,10.0 centimetre
https://m.media-amazon.com/images/I/51y5pXGzm4L.jpg,292475,height,9.0 centimetre
https://m.media-amazon.com/images/I/31NxCn5PUEL.jpg,292475,height,5.0 centimetre
https://m.media-amazon.com/images/I/6137Vo3e4lL.jpg,292475,height,19.0 centimetre
https://m.media-amazon.com/images/I/61DoNsj-SpL.jpg,292475,height,2.0 inch
https://m.media-amazon.com/images/I/61BOLmtB9fL.jpg,292475,height,8.5 centimetre
https://m.media-amazon.com/images/I/51seRqAoCRL.jpg,292475,height,3.8 centimetre
https://m.media-amazon.com/images/I/51J0wP-GiTS.jpg,292475,height,2.95 inch
https://m.media-amazon.com/images/I/51xcrV+GsOL.jpg,292475,height,1.57 inch
https://m.media-amazon.com/images/I/51+dVNLISbL.jpg,292475,height,1.77 inch
https://m.media-amazon.com/images/I/51t9p+JWEqL.jpg,292475,height,2.5 inch
https://m.media-amazon.com/images/I/615a4IjsFeL.jpg,292475,height,6.0 centimetre
https://m.media-amazon.com/images/I/51xJvpg97aL.jpg,292475,height,38.5 centimetre
https://m.media-amazon.com/images/I/51M+pxgdnlL.jpg,292475,height,3.5 centimetre
https://m.media-amazon.com/images/I/513UVptbumL.jpg,292475,height,2.7 inch
https://m.media-amazon.com/images/I/610LXfdD5PL.jpg,292475,height,12.5 centimetre
https://m.media-amazon.com/images/I/51jVEKqqV+L.jpg,292475,height,4.0 inch
https://m.media-amazon.com/images/I/51FqeJLWFBL.jpg,292475,height,4.133 inch
https://m.media-amazon.com/images/I/61EYeqcoSrL.jpg,292475,height,5.0 centimetre
https://m.media-amazon.com/images/I/51mdX9sqAfL.jpg,292475,height,7.5 centimetre
https://m.media-amazon.com/images/I/516oeEJ80AS.jpg,292475,height,12.0 centimetre
https://m.media-amazon.com/images/I/615-WGQZG1L.jpg,292475,height,6.0 centimetre
https://m.media-amazon.com/images/I/41kaNMX5v0L.jpg,292475,height,11.5 centimetre
https://m.media-amazon.com/images/I/41Nf6tJKwwL.jpg,292475,height,4.13 inch
https://m.media-amazon.com/images/I/51aryyTAjVL.jpg,292475,height,5.0 inch
https://m.media-amazon.com/images/I/51tXHPlIRYL.jpg,292475,height,2.0 inch
https://m.media-amazon.com/images/I/51tYHI5+3ML.jpg,292475,height,9.0 centimetre
https://m.media-amazon.com/images/I/51JZkgNhrkL.jpg,292475,height,5.8 centimetre
https://m.media-amazon.com/images/I/41C7TFEajnL.jpg,292475,height,9.0 centimetre
https://m.media-amazon.com/images/I/61+oXLpa7JL.jpg,292475,height,2.6 inch
https://m.media-amazon.com/images/I/61FSmU0OMvL.jpg,292475,height,7.0 centimetre
https://m.media-amazon.com/images/I/51mcKGlKnyL.jpg,292475,height,9.5 centimetre
https://m.media-amazon.com/images/I/51LlG4s+B8L.jpg,292475,height,7.5 centimetre
https://m.media-amazon.com/images/I/61DMGda4aZL.jpg,292475,height,3.5 inch
https://m.media-amazon.com/images/I/51cTM0IuHdL.jpg,292475,height,7.5 centimetre
https://m.media-amazon.com/images/I/51IYruYVyAL.jpg,292475,height,6.0 centimetre
https://m.media-amazon.com/images/I/51vaqh0IDXL.jpg,292475,height,7.0 centimetre
https://m.media-amazon.com/images/I/41SLkqePCrL.jpg,292475,height,8.2 centimetre
https://m.media-amazon.com/images/I/416sSe9dS5S.jpg,292475,height,4.5 inch
https://m.media-amazon.com/images/I/414U1loigOL.jpg,292475,height,3.8 centimetre
https://m.media-amazon.com/images/I/51kpewQPNpL.jpg,292475,height,3.5 centimetre
https://m.media-amazon.com/images/I/5199Z0aGiBL.jpg,292475,height,8.0 centimetre
https://m.media-amazon.com/images/I/519--3-8ZPL.jpg,292475,height,6.3 centimetre
https://m.media-amazon.com/images/I/513vHTvKfYL.jpg,292475,height,2.5 inch
https://m.media-amazon.com/images/I/61FP7Ezxh+L.jpg,292475,height,3.15 inch
https://m.media-amazon.com/images/I/51Jri6eJvkL.jpg,292475,height,9.0 centimetre
https://m.media-amazon.com/images/I/51WzsV3ieRL.jpg,292475,height,7.1 centimetre
https://m.media-amazon.com/images/I/31jq9CDE9uS.jpg,292475,height,7.2 centimetre
https://m.media-amazon.com/images/I/51EVL4R1r2L.jpg,292475,height,15.5 inch
https://m.media-amazon.com/images/I/616EtUBExSL.jpg,292475,height,3.2 inch
https://m.media-amazon.com/images/I/51EhL4iw52L.jpg,292475,height,2.1 inch
https://m.media-amazon.com/images/I/51ZfF1pBVsL.jpg,292475,height,2.75 inch
https://m.media-amazon.com/images/I/61Ch5-By+kL.jpg,292475,height,1.9 inch
https://m.media-amazon.com/images/I/41U5Nv2jX2L.jpg,292475,height,6.2 inch
https://m.media-amazon.com/images/I/51OH3oSdoGL.jpg,292475,height,3.1 inch
https://m.media-amazon.com/images/I/519yIneM7qL.jpg,292475,height,2.0 inch
https://m.media-amazon.com/images/I/51p7ZRthgpL.jpg,292475,height,5.5 centimetre
https://m.media-amazon.com/images/I/51vsN3ENPJL.jpg,292475,height,3.93 inch
https://m.media-amazon.com/images/I/41VYiwyhTUL.jpg,292475,height,9.0 centimetre
https://m.media-amazon.com/images/I/51Ch4Beq5VL.jpg,292475,height,29.0 centimetre
https://m.media-amazon.com/images/I/61-WNyLJCsL.jpg,292475,height,4.8 centimetre
https://m.media-amazon.com/images/I/51qhFwdV70L.jpg,292475,height,11.0 centimetre
https://m.media-amazon.com/images/I/51OG-WDShQL.jpg,292475,height,8.0 centimetre
https://m.media-amazon.com/images/I/41xFRMbEmOL.jpg,292475,height,10.2 inch
https://m.media-amazon.com/images/I/61CfDM1Eu4L.jpg,292475,height,9.0 centimetre
https://m.media-amazon.com/images/I/51VFGmptyDL.jpg,292475,height,3.3 centimetre
https://m.media-amazon.com/images/I/61CgGP37SQL.jpg,292475,height,21.0 centimetre
https://m.media-amazon.com/images/I/51jrMNcLcrL.jpg,292475,height,7.0 centimetre
https://m.media-amazon.com/images/I/61Env1jcPNL.jpg,292475,height,6.0 centimetre
https://m.media-amazon.com/images/I/51hpI55EgsL.jpg,292475,height,21.0 centimetre
https://m.media-amazon.com/images/I/51i5WLnmuFS.jpg,292475,height,3.7 inch
https://m.media-amazon.com/images/I/41kfr8kbY4L.jpg,292475,height,19.0 centimetre
https://m.media-amazon.com/images/I/61G8rPf2PeL.jpg,292475,height,11.0 inch
https://m.media-amazon.com/images/I/41RlFnO8d4L.jpg,292475,height,8.0 centimetre
https://m.media-amazon.com/images/I/51GUlv3fk+L.jpg,292475,height,7.0 centimetre
https://m.media-amazon.com/images/I/51crvIGjYQL.jpg,292475,height,6.5 centimetre
https://m.media-amazon.com/images/I/51qI-E5gGoL.jpg,292475,height,19.0 centimetre
https://m.media-amazon.com/images/I/617GaRmAhRL.jpg,292475,height,2.9 inch
https://m.media-amazon.com/images/I/51tAroC9cTL.jpg,292475,height,5.0 centimetre
https://m.media-amazon.com/images/I/616BjjpTQCL.jpg,292475,height,7.0 centimetre
https://m.media-amazon.com/images/I/51scDd36kaL.jpg,292475,height,5.5 centimetre
https://m.media-amazon.com/images/I/51tiKU2tgTL.jpg,292475,height,4.0 inch
https://m.media-amazon.com/images/I/41D4pEd4JjL.jpg,292475,height,2.33 inch
https://m.media-amazon.com/images/I/51iyFsjV0mL.jpg,292475,height,3.5 inch
https://m.media-amazon.com/images/I/51bv2s9wbYL.jpg,292475,height,4.5 centimetre
https://m.media-amazon.com/images/I/51HjpHyCHOL.jpg,292475,height,2.8 inch
https://m.media-amazon.com/images/I/51wRXzl3SVL.jpg,292475,height,3.1 inch
https://m.media-amazon.com/images/I/5160R-aNNZL.jpg,292475,height,2.4 inch
https://m.media-amazon.com/images/I/41+KeEhYS2L.jpg,292475,height,2.95 inch
https://m.media-amazon.com/images/I/51iZVg5WQJL.jpg,292475,height,2.7 inch
https://m.media-amazon.com/images/I/513JXdD0EZL.jpg,292475,height,1.97 inch
https://m.media-amazon.com/images/I/515xx8QannL.jpg,292475,height,11.0 centimetre
https://m.media-amazon.com/images/I/51dXf5a2qoL.jpg,292475,height,2.0 centimetre
https://m.media-amazon.com/images/I/61-DW6re17L.jpg,292475,height,3.38 inch
https://m.media-amazon.com/images/I/51SOAe7mCrL.jpg,292475,height,2.7 inch
https://m.media-amazon.com/images/I/41wZYf3PSPS.jpg,292475,height,3.5 inch
https://m.media-amazon.com/images/I/41eXCbt4xTL.jpg,292475,height,6.0 centimetre
https://m.media-amazon.com/images/I/51yYW8jYHaL.jpg,292475,height,6.8 centimetre
https://m.media-amazon.com/images/I/51Cf8ud3ZxL.jpg,292475,height,8.5 centimetre
https://m.media-amazon.com/images/I/51zzHjbfktL.jpg,292475,height,4.8 centimetre
https://m.media-amazon.com/images/I/61FaKBuuuaL.jpg,292475,height,3.2 inch
https://m.media-amazon.com/images/I/51umgSKPvQL.jpg,292475,height,9.0 centimetre
https://m.media-amazon.com/images/I/51QN73U2m2L.jpg,292475,height,7.0 centimetre
https://m.media-amazon.com/images/I/61CPrScAi6L.jpg,292475,height,2.5 inch
https://m.media-amazon.com/images/I/51lyBPJlYjL.jpg,292475,height,4.8 inch
https://m.media-amazon.com/images/I/51ZMKJBIeSL.jpg,292475,height,4.25 inch
https://m.media-amazon.com/images/I/51fN8KEBoZL.jpg,292475,height,5.0 centimetre
https://m.media-amazon.com/images/I/51JdhHyozPL.jpg,292475,height,4.53 inch
https://m.media-amazon.com/images/I/61BqL6PAYnL.jpg,292475,height,3.94 inch
https://m.media-amazon.com/images/I/51GIreurPIL.jpg,292475,height,7.0 centimetre
https://m.media-amazon.com/images/I/51vHbJWyESL.jpg,292475,height,2.95 inch
https://m.media-amazon.com/images/I/51vyZ-HQF6L.jpg,292475,height,5.5 centimetre
https://m.media-amazon.com/images/I/619St5Yd5AL.jpg,292475,height,21.0 centimetre
https://m.media-amazon.com/images/I/61AcALg4YZS.jpg,292475,height,7.8 centimetre
https://m.media-amazon.com/images/I/51-wex7ACZL.jpg,292475,height,3.74 inch
https://m.media-amazon.com/images/I/51s12pe3U6L.jpg,292475,height,1.8 inch
https://m.media-amazon.com/images/I/61Df1VXlgpL.jpg,292475,height,6.0 centimetre
https://m.media-amazon.com/images/I/51CvPZeXIIL.jpg,292475,height,1.5 inch
https://m.media-amazon.com/images/I/51W+pIq3JKL.jpg,292475,height,9.5 centimetre
https://m.media-amazon.com/images/I/616TmtwsiUL.jpg,292475,height,4.1 inch
https://m.media-amazon.com/images/I/51L50p-GvhL.jpg,292475,height,6.0 centimetre
https://m.media-amazon.com/images/I/61FIu2sW28L.jpg,292475,height,11.0 centimetre
https://m.media-amazon.com/images/I/51KhTXwOzwS.jpg,292475,height,9.5 centimetre
https://m.media-amazon.com/images/I/614DhRVS3HL.jpg,292475,height,3.5 centimetre
https://m.media-amazon.com/images/I/61CC0r2SrcL.jpg,292475,height,6.5 centimetre
https://m.media-amazon.com/images/I/51VP+VwJ6ZL.jpg,292475,height,10.0 centimetre
https://m.media-amazon.com/images/I/61Eb7NlfX3L.jpg,292475,height,17.0 centimetre
https://m.media-amazon.com/images/I/51xYZoHrH-S.jpg,292475,height,11.3 centimetre
https://m.media-amazon.com/images/I/51DEx0yWT3L.jpg,292475,height,7.5 centimetre
https://m.media-amazon.com/images/I/51GBYQB2I0S.jpg,292475,height,3.5 centimetre
https://m.media-amazon.com/images/I/61CGYmw5j4L.jpg,292475,height,13.0 centimetre
https://m.media-amazon.com/images/I/513HLdKiN5L.jpg,292475,height,3.0 inch
https://m.media-amazon.com/images/I/51WVVTocw9L.jpg,292475,height,9.0 centimetre
https://m.media-amazon.com/images/I/519EFFd01-L.jpg,292475,height,3.0 inch
https://m.media-amazon.com/images/I/51taOqSNKEL.jpg,292475,height,7.6 centimetre
https://m.media-amazon.com/images/I/61AXCTF7eHL.jpg,292475,height,10.0 centimetre
https://m.media-amazon.com/images/I/51rWjWYeKlL.jpg,292475,height,7.5 centimetre
https://m.media-amazon.com/images/I/51GuaIkmb1L.jpg,292475,height,25.0 centimetre
https://m.media-amazon.com/images/I/41ttodZSGDS.jpg,292475,height,5.1 inch
https://m.media-amazon.com/images/I/51-YaMLOrUL.jpg,292475,height,0.9 inch
https://m.media-amazon.com/images/I/51XMaS5qRAL.jpg,292475,height,3.0 inch
https://m.media-amazon.com/images/I/61EBSj9W63L.jpg,292475,height,51.0 millimetre
https://m.media-amazon.com/images/I/41XhzC-SgyL.jpg,292475,height,3.3 inch
https://m.media-amazon.com/images/I/51GenVXjkhL.jpg,292475,height,2.75 inch
https://m.media-amazon.com/images/I/51mOJY44BqL.jpg,292475,height,5.0 centimetre
https://m.media-amazon.com/images/I/51zWoArixPL.jpg,292475,height,3.5 inch
https://m.media-amazon.com/images/I/51E4UDi1UDL.jpg,292475,height,6.2 centimetre
https://m.media-amazon.com/images/I/51-1zuvXTYS.jpg,292475,height,5.5 centimetre
https://m.media-amazon.com/images/I/41qe9-H5LQL.jpg,292475,height,5.0 centimetre
https://m.media-amazon.com/images/I/510lZX-YCDL.jpg,292475,height,6.5 centimetre
https://m.media-amazon.com/images/I/51-F2j-za5S.jpg,292475,height,1.0 inch
https://m.media-amazon.com/images/I/41orvaVtuxL.jpg,292475,height,14.76 inch
https://m.media-amazon.com/images/I/31v6h0MXTML.jpg,292475,height,2.3 inch
https://m.media-amazon.com/images/I/61CEyVfYMyL.jpg,292475,height,2.0 inch
https://m.media-amazon.com/images/I/41ddEDzg+QS.jpg,292475,height,255.0 millimetre
https://m.media-amazon.com/images/I/51F5CB8Du+L.jpg,292475,height,8.8 inch
https://m.media-amazon.com/images/I/61FmOz6eMvL.jpg,292475,height,7.0 centimetre
https://m.media-amazon.com/images/I/517ZLKFBbFL.jpg,292475,height,3.9 inch
https://m.media-amazon.com/images/I/51Cfud83KWL.jpg,292475,height,105.0 millimetre
https://m.media-amazon.com/images/I/61B50J7JLcL.jpg,292475,height,1.5 inch
https://m.media-amazon.com/images/I/61AGufftKgL.jpg,292475,height,2.9 inch
https://m.media-amazon.com/images/I/51e89cYdIcL.jpg,292475,height,15.5 centimetre
https://m.media-amazon.com/images/I/61EnptEwd3L.jpg,292475,height,1.9 inch
https://m.media-amazon.com/images/I/51hzqRUx47L.jpg,292475,height,10.3 centimetre
https://m.media-amazon.com/images/I/418KcdJ2DOL.jpg,292475,height,5.5 centimetre
https://m.media-amazon.com/images/I/61C+kSpoTML.jpg,292475,height,92.0 millimetre
https://m.media-amazon.com/images/I/51I6xiw9KHL.jpg,292475,height,7.6 centimetre
https://m.media-amazon.com/images/I/41jjDjiXnxL.jpg,292475,height,9.5 centimetre
https://m.media-amazon.com/images/I/51IreJpF0SS.jpg,292475,height,7.8 centimetre
https://m.media-amazon.com/images/I/51ishiqiWRL.jpg,292475,height,2.16 inch
https://m.media-amazon.com/images/I/61EKBK3vRGL.jpg,292475,height,2.3 inch
https://m.media-amazon.com/images/I/41bmpZGkdoL.jpg,292475,height,6.8 centimetre
https://m.media-amazon.com/images/I/518kKbdCTOL.jpg,292475,height,11.5 centimetre
https://m.media-amazon.com/images/I/61AVYFGpz-L.jpg,292475,height,2.83 inch
https://m.media-amazon.com/images/I/51MJem2VlES.jpg,292475,height,6.0 centimetre
https://m.media-amazon.com/images/I/612NDk5eowL.jpg,292475,height,8.5 centimetre
https://m.media-amazon.com/images/I/618eGAlAQbL.jpg,292475,height,15.5 centimetre
https://m.media-amazon.com/images/I/61EKuPgAMpL.jpg,292475,height,5.5 centimetre
https://m.media-amazon.com/images/I/51zoO53Pm2L.jpg,292475,height,1.26 inch
https://m.media-amazon.com/images/I/51YIIKKojJL.jpg,292475,height,7.8 centimetre
https://m.media-amazon.com/images/I/313porb+NxL.jpg,292475,height,5.0 centimetre
https://m.media-amazon.com/images/I/51jHVLZWGIL.jpg,292475,height,37.0 centimetre
https://m.media-amazon.com/images/I/51ozWSgDJQL.jpg,292475,height,5.8 inch
https://m.media-amazon.com/images/I/41OdQTGA5WL.jpg,292475,height,7.0 centimetre
https://m.media-amazon.com/images/I/51h+EGIbcWL.jpg,292475,height,6.0 centimetre
https://m.media-amazon.com/images/I/51O8Y99yJDS.jpg,292475,height,7.5 centimetre
https://m.media-amazon.com/images/I/612Dh1TS2sL.jpg,292475,height,3.0 inch
https://m.media-amazon.com/images/I/619YXzHOjXL.jpg,292475,height,6.5 centimetre
https://m.media-amazon.com/images/I/51myaxMh3IL.jpg,292475,height,1.02 inch
https://m.media-amazon.com/images/I/619Bcd0FXDL.jpg,292475,height,11.0 centimetre
https://m.media-amazon.com/images/I/41UIOp2iZwL.jpg,292475,height,5.0 centimetre
https://m.media-amazon.com/images/I/51a9d7k1LHL.jpg,292475,height,9.0 centimetre
https://m.media-amazon.com/images/I/51f5PFxYI7L.jpg,292475,height,21.5 centimetre
https://m.media-amazon.com/images/I/31-hPql0+2L.jpg,292475,height,16.0 centimetre
https://m.media-amazon.com/images/I/510D-w29hFL.jpg,292475,height,11.5 centimetre
https://m.media-amazon.com/images/I/41s-rdwbPAL.jpg,292475,height,26.0 centimetre
https://m.media-amazon.com/images/I/41kTC+f5c+L.jpg,292475,height,2.7 inch
https://m.media-amazon.com/images/I/51d5mNFGEFL.jpg,292475,height,6.5 centimetre
https://m.media-amazon.com/images/I/61+LaxA9rLL.jpg,292475,height,4.7 inch
https://m.media-amazon.com/images/I/513wpa6piLL.jpg,292475,height,4.0 centimetre
https://m.media-amazon.com/images/I/31W6Ujajr3L.jpg,292475,height,9.5 centimetre
https://m.media-amazon.com/images/I/61EYYQ1AOZL.jpg,292475,height,16.0 centimetre
https://m.media-amazon.com/images/I/615KWz7jxlL.jpg,292475,height,13.4 centimetre
https://m.media-amazon.com/images/I/511ixaI33KL.jpg,292475,height,1.96 inch
https://m.media-amazon.com/images/I/51OebbMkWkL.jpg,292475,height,3.0 centimetre
https://m.media-amazon.com/images/I/41LP5kWXLeL.jpg,292475,height,2.4 inch
https://m.media-amazon.com/images/I/319UnUT8lyL.jpg,292475,height,4.5 centimetre
https://m.media-amazon.com/images/I/41fqWDA3PFL.jpg,292475,height,9.0 centimetre
https://m.media-amazon.com/images/I/51eDUHtVsFL.jpg,292475,height,8.0 centimetre
https://m.media-amazon.com/images/I/5105uQYVh9L.jpg,292475,height,7.28 inch
https://m.media-amazon.com/images/I/61597gs9sxL.jpg,292475,height,8.0 centimetre
https://m.media-amazon.com/images/I/51zNbCdFpAL.jpg,292475,height,10.0 inch
https://m.media-amazon.com/images/I/51P2zgUvknL.jpg,292475,height,8.8 centimetre
https://m.media-amazon.com/images/I/51merzBEz3L.jpg,292475,height,5.5 centimetre
https://m.media-amazon.com/images/I/612IQF5dBKL.jpg,292475,height,2.045 inch
https://m.media-amazon.com/images/I/613kitoImIL.jpg,292475,height,11.0 centimetre
https://m.media-amazon.com/images/I/515IyTX+nLL.jpg,292475,height,3.7 inch
https://m.media-amazon.com/images/I/41mDUaA+JdL.jpg,292475,height,7.0 centimetre
https://m.media-amazon.com/images/I/61BLA1Zn08L.jpg,292475,height,5.0 centimetre
https://m.media-amazon.com/images/I/513UC-AbNFL.jpg,292475,height,2.9 inch
https://m.media-amazon.com/images/I/51qKhuCjUzL.jpg,292475,height,5.8 centimetre
https://m.media-amazon.com/images/I/41E-eFmIz8L.jpg,292475,height,10.0 centimetre
https://m.media-amazon.com/images/I/51Fi5IqnibL.jpg,292475,height,60.0 millimetre
https://m.media-amazon.com/images/I/51Rz4Ch-hZL.jpg,292475,height,11.5 centimetre
https://m.media-amazon.com/images/I/511MjCdpQPL.jpg,292475,height,8.0 centimetre
https://m.media-amazon.com/images/I/413oxCZG16L.jpg,292475,height,6.0 centimetre
https://m.media-amazon.com/images/I/51xLMS+PTyL.jpg,292475,height,9.0 centimetre
https://m.media-amazon.com/images/I/5154UGOvACL.jpg,292475,height,6.5 centimetre
https://m.media-amazon.com/images/I/41z9xCXshZL.jpg,292475,height,3.2 inch
https://m.media-amazon.com/images/I/41xsVDSehDL.jpg,292475,height,10.0 centimetre
https://m.media-amazon.com/images/I/51nr4tc5u8L.jpg,292475,height,4.0 inch
https://m.media-amazon.com/images/I/519IwnvOTHL.jpg,292475,height,2.9 inch
https://m.media-amazon.com/images/I/61FoyibsXOL.jpg,292475,height,4.9 inch
https://m.media-amazon.com/images/I/51FH0sJC8JL.jpg,292475,height,2.3 inch
https://m.media-amazon.com/images/I/51JhWtLvm1L.jpg,292475,height,2.5 centimetre
https://m.media-amazon.com/images/I/51EFS6xOHcL.jpg,292475,height,1.69 inch
https://m.media-amazon.com/images/I/51eBmjrZucL.jpg,292475,height,5.0 centimetre
https://m.media-amazon.com/images/I/51PTKvqKunL.jpg,292475,height,7.0 centimetre
https://m.media-amazon.com/images/I/51jkujWtPuL.jpg,292475,height,5.8 centimetre
https://m.media-amazon.com/images/I/513DmXbcCGL.jpg,292475,height,2.83 inch
https://m.media-amazon.com/images/I/619q+Kf1wjL.jpg,292475,height,33.0 centimetre
https://m.media-amazon.com/images/I/51pocod2NgL.jpg,292475,height,5.42 inch
https://m.media-amazon.com/images/I/51b5BGXG3HL.jpg,292475,height,142.0 millimetre
https://m.media-amazon.com/images/I/51+EUWExvlL.jpg,292475,height,9.25 inch
https://m.media-amazon.com/images/I/619IxVsTanL.jpg,292475,height,5.0 centimetre
https://m.media-amazon.com/images/I/6159D0xL4yL.jpg,292475,height,9.8 centimetre
https://m.media-amazon.com/images/I/51raORfnv3L.jpg,292475,height,11.6 centimetre
https://m.media-amazon.com/images/I/51wmENB7EcL.jpg,292475,height,7.6 centimetre
https://m.media-amazon.com/images/I/5119-EXW4ML.jpg,292475,height,10.0 centimetre
https://m.media-amazon.com/images/I/51ukRzM921L.jpg,292475,height,7.8 centimetre
https://m.media-amazon.com/images/I/51Uc7-l09tL.jpg,292475,height,11.0 centimetre
https://m.media-amazon.com/images/I/61DXE2d4pIL.jpg,292475,height,8.0 centimetre
https://m.media-amazon.com/images/I/517pKgnMmzS.jpg,292475,height,7.1 centimetre
https://m.media-amazon.com/images/I/51d9KrphYgL.jpg,292475,height,11.0 centimetre
https://m.media-amazon.com/images/I/51e0S3w180L.jpg,292475,height,6.9 centimetre
https://m.media-amazon.com/images/I/514E1g9zMTL.jpg,292475,height,5.5 centimetre
https://m.media-amazon.com/images/I/51q9MGA7D0L.jpg,292475,height,2.3 inch
https://m.media-amazon.com/images/I/41gATd+yLlL.jpg,292475,height,5.7 centimetre
https://m.media-amazon.com/images/I/61C8Zi7o-PL.jpg,292475,height,3.38 inch
https://m.media-amazon.com/images/I/51DUtFmbxKL.jpg,292475,height,2.9 inch
https://m.media-amazon.com/images/I/51VVePs4X+L.jpg,292475,height,1.6 inch
https://m.media-amazon.com/images/I/51ps1r3aOCL.jpg,292475,height,1.9 inch
https://m.media-amazon.com/images/I/41t6Wwbb97L.jpg,292475,height,4.72 inch
https://m.media-amazon.com/images/I/515Xi1qZAhL.jpg,292475,height,31.5 centimetre
https://m.media-amazon.com/images/I/519FzgRwkYL.jpg,292475,height,1.4 inch
https://m.media-amazon.com/images/I/51bQktvK8QL.jpg,292475,height,30.0 centimetre
https://m.media-amazon.com/images/I/61FVJnCHftL.jpg,292475,height,5.0 centimetre
https://m.media-amazon.com/images/I/51dLAKukfxL.jpg,292475,height,4.33 inch
https://m.media-amazon.com/images/I/51DRvlnsFoL.jpg,292475,height,4.8 centimetre
https://m.media-amazon.com/images/I/31vyknpRngS.jpg,292475,height,5.4 inch
https://m.media-amazon.com/images/I/41guuud-YMS.jpg,292475,height,19.0 centimetre
https://m.media-amazon.com/images/I/51GAqWUJgFL.jpg,292475,height,4.0 centimetre
https://m.media-amazon.com/images/I/511Cxh9WZnL.jpg,292475,height,1.6 inch
https://m.media-amazon.com/images/I/51WLTR4owhL.jpg,292475,height,5.0 centimetre
https://m.media-amazon.com/images/I/61BpEzNG3YL.jpg,292475,height,4.8 inch
https://m.media-amazon.com/images/I/51uhucW+vyL.jpg,292475,height,2.88 inch
https://m.media-amazon.com/images/I/513mpizTZ5L.jpg,292475,height,3.27 inch
https://m.media-amazon.com/images/I/41BeocKyWLL.jpg,292475,height,6.0 centimetre
https://m.media-amazon.com/images/I/51hM5FPKldL.jpg,292475,height,2.66 inch
https://m.media-amazon.com/images/I/51AVoeuAMgL.jpg,292475,height,1.5 inch
https://m.media-amazon.com/images/I/619RAMOBaKL.jpg,292475,height,3.0 inch
https://m.media-amazon.com/images/I/5136hWBWGZL.jpg,292475,height,3.4 centimetre
https://m.media-amazon.com/images/I/51VAShf9vqS.jpg,292475,height,8.8 centimetre
https://m.media-amazon.com/images/I/51WFqe1p33L.jpg,292475,height,7.0 centimetre
https://m.media-amazon.com/images/I/612E0hpHa5L.jpg,292475,height,15.0 centimetre
https://m.media-amazon.com/images/I/516geTc-nIL.jpg,292475,height,7.3 centimetre
https://m.media-amazon.com/images/I/51ypJKga3xL.jpg,292475,height,2.5 centimetre
https://m.media-amazon.com/images/I/51FqIRL9f8L.jpg,292475,height,2.75 inch
https://m.media-amazon.com/images/I/41e49dqVLHL.jpg,292475,height,8.0 centimetre
https://m.media-amazon.com/images/I/418cfDeiC2L.jpg,292475,height,5.8 centimetre
https://m.media-amazon.com/images/I/51bqvqHUP2L.jpg,292475,height,2.2 inch
https://m.media-amazon.com/images/I/41eb3T-xEEL.jpg,292475,height,4.09 inch
https://m.media-amazon.com/images/I/41g-aHa7D5L.jpg,292475,height,2.7 inch
https://m.media-amazon.com/images/I/41oQXxQXAiL.jpg,292475,height,50.0 millimetre
https://m.media-amazon.com/images/I/51HKwcblfXL.jpg,292475,height,2.4 inch
https://m.media-amazon.com/images/I/513cgdRqIuL.jpg,292475,height,11.5 centimetre
https://m.media-amazon.com/images/I/516bnk79snL.jpg,292475,height,8.0 centimetre
https://m.media-amazon.com/images/I/61-aOKpcakL.jpg,292475,height,3.75 inch
https://m.media-amazon.com/images/I/6178D0p06hL.jpg,292475,height,10.0 centimetre
https://m.media-amazon.com/images/I/51uWGlQkX+L.jpg,292475,height,14.5 centimetre
https://m.media-amazon.com/images/I/51AtBckMODL.jpg,292475,height,5.5 centimetre
https://m.media-amazon.com/images/I/51mdAaXL0ZL.jpg,292475,height,5.111 inch
https://m.media-amazon.com/images/I/61EBOGV85eL.jpg,292475,height,2.1 inch
https://m.media-amazon.com/images/I/513HyxtAWVL.jpg,292475,height,6.8 centimetre
https://m.media-amazon.com/images/I/41Z+2yqbslL.jpg,292475,height,10.5 centimetre
https://m.media-amazon.com/images/I/51Bi+qaJTCL.jpg,292475,height,2.63 inch
https://m.media-amazon.com/images/I/51K6hDk-8aL.jpg,292475,height,9.5 centimetre
https://m.media-amazon.com/images/I/61AFLtROiXL.jpg,292475,height,6.0 centimetre
https://m.media-amazon.com/images/I/41DgkMwV6hL.jpg,292475,height,2.0 inch
https://m.media-amazon.com/images/I/51BegvCzMBL.jpg,292475,height,2.99 inch
https://m.media-amazon.com/images/I/51lbUQYZ7ZL.jpg,292475,height,3.54 inch
https://m.media-amazon.com/images/I/6133VpKRt1L.jpg,292475,height,6.3 centimetre
https://m.media-amazon.com/images/I/517ftp55-2L.jpg,292475,height,2.3 inch
https://m.media-amazon.com/images/I/51vhJZF1-eS.jpg,292475,height,6.3 inch
https://m.media-amazon.com/images/I/51iDNArlI9L.jpg,292475,height,3.5 inch
https://m.media-amazon.com/images/I/51eQwqBEnEL.jpg,292475,height,1.7 inch
https://m.media-amazon.com/images/I/51sRIc5dLIL.jpg,292475,height,6.0 centimetre
https://m.media-amazon.com/images/I/51HRIjIo-3L.jpg,292475,height,5.0 centimetre
https://m.media-amazon.com/images/I/51iK6l9ACdL.jpg,292475,height,1.8 inch
https://m.media-amazon.com/images/I/61+kVW5VpCL.jpg,292475,height,4.8 centimetre
https://m.media-amazon.com/images/I/41P3XbWqsRL.jpg,292475,height,3.5 inch
https://m.media-amazon.com/images/I/51jCe5sWBCL.jpg,292475,height,10.0 centimetre
https://m.media-amazon.com/images/I/61DXm87xSML.jpg,292475,height,2.9 inch
https://m.media-amazon.com/images/I/51-mIXDl3KL.jpg,292475,height,23.0 centimetre
https://m.media-amazon.com/images/I/51oVPUmtYeL.jpg,292475,height,2.95 inch
https://m.media-amazon.com/images/I/61F73WSL1ZL.jpg,292475,height,4.5 inch
https://m.media-amazon.com/images/I/61FMfZfD4JL.jpg,292475,height,11.5 centimetre
https://m.media-amazon.com/images/I/512zNiVNhkL.jpg,292475,height,1.75 inch
https://m.media-amazon.com/images/I/51fA-TcfztL.jpg,292475,height,6.0 centimetre
https://m.media-amazon.com/images/I/51qzXmcNMHL.jpg,292475,height,6.5 centimetre
https://m.media-amazon.com/images/I/51Bpm3uTLQL.jpg,292475,height,6.0 centimetre
https://m.media-amazon.com/images/I/31w9v82HgJL.jpg,292475,height,3.14 inch
https://m.media-amazon.com/images/I/51VniV05wqL.jpg,292475,height,5.0 centimetre
https://m.media-amazon.com/images/I/619bj0-nMXL.jpg,292475,height,4.5 centimetre
https://m.media-amazon.com/images/I/61+rFXdb5cL.jpg,292475,height,33.0 centimetre
https://m.media-amazon.com/images/I/51tACiznvcS.jpg,292475,height,50.0 millimetre
https://m.media-amazon.com/images/I/51CqZXYShoL.jpg,292475,height,2.7 inch
https://m.media-amazon.com/images/I/5153HdwO5UL.jpg,292475,height,2.36 inch
https://m.media-amazon.com/images/I/51ItHGZXQwL.jpg,292475,height,2.0 inch
https://m.media-amazon.com/images/I/51-bRu3ugPL.jpg,292475,height,3.3 inch
https://m.media-amazon.com/images/I/514XRavurhL.jpg,292475,height,5.9 inch
https://m.media-amazon.com/images/I/51ONzUy0HIL.jpg,292475,height,22.5 centimetre
https://m.media-amazon.com/images/I/614kVVM+W1L.jpg,292475,height,7.0 centimetre
https://m.media-amazon.com/images/I/412y21HMNSL.jpg,292475,height,3.14 inch
https://m.media-amazon.com/images/I/51KPIqgcS8L.jpg,292475,height,1.65 inch
https://m.media-amazon.com/images/I/51eXN91qIIL.jpg,292475,height,8.5 centimetre
https://m.media-amazon.com/images/I/31FYRuqaPnL.jpg,292475,height,2.8 centimetre
https://m.media-amazon.com/images/I/51PVS0D4R1L.jpg,292475,height,10.0 centimetre
https://m.media-amazon.com/images/I/61Bh1Ha6rnL.jpg,292475,height,2.36 inch
https://m.media-amazon.com/images/I/51tHCnm3sAS.jpg,292475,height,10.0 centimetre
https://m.media-amazon.com/images/I/612ksCzTkiL.jpg,292475,height,1.96 inch
https://m.media-amazon.com/images/I/51hzvGPG5UL.jpg,292475,height,6.6 centimetre
https://m.media-amazon.com/images/I/516-o7gqajL.jpg,292475,height,7.5 centimetre
https://m.media-amazon.com/images/I/619NfJacZRL.jpg,292475,height,2.32 inch
https://m.media-amazon.com/images/I/41V-p8rFPwL.jpg,292475,height,7.5 centimetre
https://m.media-amazon.com/images/I/51ea6d5RgVL.jpg,292475,height,3.1 inch
https://m.media-amazon.com/images/I/51Qi0WPOgoL.jpg,292475,height,3.26 inch
https://m.media-amazon.com/images/I/51B--vpyG0S.jpg,292475,height,6.0 centimetre
https://m.media-amazon.com/images/I/41rydtBZBUL.jpg,292475,height,3.34 inch
https://m.media-amazon.com/images/I/616dZZqf2HL.jpg,292475,height,5.0 centimetre
https://m.media-amazon.com/images/I/51qRUGH+UXL.jpg,292475,height,14.0 centimetre
https://m.media-amazon.com/images/I/51B6VG4mgdL.jpg,292475,height,6.5 centimetre
https://m.media-amazon.com/images/I/51jrCxU-VVL.jpg,292475,height,7.3 centimetre
https://m.media-amazon.com/images/I/61-vJGWxIxL.jpg,292475,height,7.0 centimetre
https://m.media-amazon.com/images/I/51Oib20X1OL.jpg,292475,height,6.0 centimetre
https://m.media-amazon.com/images/I/516pFAQxCqL.jpg,292475,height,3.5 inch
https://m.media-amazon.com/images/I/316yCMuH80L.jpg,292475,height,4.0 centimetre
https://m.media-amazon.com/images/I/5199pjms1CL.jpg,292475,height,5.5 centimetre
https://m.media-amazon.com/images/I/41pn7sETUcL.jpg,292475,height,5.99 inch
https://m.media-amazon.com/images/I/51l+ySLmrML.jpg,292475,height,4.5 centimetre
https://m.media-amazon.com/images/I/51lEWncixkL.jpg,292475,height,56.0 millimetre
https://m.media-amazon.com/images/I/51iFDlqnd0L.jpg,292475,height,3.5 centimetre
https://m.media-amazon.com/images/I/51C2Awd8KKL.jpg,292475,height,1.9 inch
https://m.media-amazon.com/images/I/51Gvt9ZheHL.jpg,292475,height,11.5 centimetre
https://m.media-amazon.com/images/I/41GW6jpXEQL.jpg,292475,height,9.0 centimetre
https://m.media-amazon.com/images/I/51unm9XpjFL.jpg,292475,height,2.75 inch
https://m.media-amazon.com/images/I/51PgHVaRB9L.jpg,292475,height,4.5 centimetre
https://m.media-amazon.com/images/I/61DtjfRcXxL.jpg,292475,height,9.1 centimetre
https://m.media-amazon.com/images/I/613XuE52B0L.jpg,292475,height,5.0 centimetre
https://m.media-amazon.com/images/I/61+0hB0pT6L.jpg,292475,height,11.6 centimetre
https://m.media-amazon.com/images/I/61EQVFn0o+L.jpg,292475,height,4.0 inch
https://m.media-amazon.com/images/I/518AySp59VL.jpg,292475,height,3.1 inch
https://m.media-amazon.com/images/I/616qpSyJlIL.jpg,292475,height,3.6 inch
https://m.media-amazon.com/images/I/41VstYOswCL.jpg,292475,height,8.0 centimetre
https://m.media-amazon.com/images/I/51wZ5inZrSL.jpg,292475,height,29.0 centimetre
https://m.media-amazon.com/images/I/61ENoBZPc-L.jpg,292475,height,5.0 centimetre
https://m.media-amazon.com/images/I/51G0blSPIlL.jpg,292475,height,2.25 inch
https://m.media-amazon.com/images/I/617j0cOGsnS.jpg,292475,height,8.0 centimetre
https://m.media-amazon.com/images/I/51xdoNolCoL.jpg,292475,height,5.4 centimetre
https://m.media-amazon.com/images/I/51N3Di7F6oL.jpg,292475,height,2.9 inch
https://m.media-amazon.com/images/I/415dXCsxKhL.jpg,292475,height,4.2 centimetre
https://m.media-amazon.com/images/I/51bxS2BVyNL.jpg,292475,height,5.78 inch
https://m.media-amazon.com/images/I/619vJFFUz7L.jpg,292475,height,8.5 centimetre
https://m.media-amazon.com/images/I/51sUUyDbLxL.jpg,292475,height,7.5 centimetre
https://m.media-amazon.com/images/I/512JdX7YAlL.jpg,292475,height,7.8 centimetre
https://m.media-amazon.com/images/I/51kgKVMR55L.jpg,292475,height,7.0 centimetre
https://m.media-amazon.com/images/I/510KCN+WYVL.jpg,292475,height,18.0 centimetre
https://m.media-amazon.com/images/I/513Ib2OBwGL.jpg,292475,height,7.0 centimetre
https://m.media-amazon.com/images/I/517Fpnzm+rL.jpg,292475,height,2.4 centimetre
https://m.media-amazon.com/images/I/517PkCe0cuL.jpg,292475,height,11.5 centimetre
https://m.media-amazon.com/images/I/51ZyUenwY+L.jpg,292475,height,4.7 inch
https://m.media-amazon.com/images/I/51QjPxLYxDL.jpg,292475,height,2.0 centimetre
https://m.media-amazon.com/images/I/51VLEbL2xAL.jpg,292475,height,2.36 inch
https://m.media-amazon.com/images/I/51FEDTHskUL.jpg,292475,height,6.35 centimetre
