image_link,group_id,entity_name,entity_value
https://m.media-amazon.com/images/I/511xsNdTVEL.jpg,556959,width,9.5 centimetre
https://m.media-amazon.com/images/I/51L6FZGuUuL.jpg,556959,width,5.0 centimetre
https://m.media-amazon.com/images/I/51L6FZGuUuL.jpg,556959,depth,22.3 centimetre
https://m.media-amazon.com/images/I/51vfsZ625XL.jpg,556959,width,14.5 centimetre
https://m.media-amazon.com/images/I/61BruMOKxEL.jpg,556959,width,14.0 centimetre
https://m.media-amazon.com/images/I/51-yrxjeHTL.jpg,556959,width,5.5 inch
https://m.media-amazon.com/images/I/61APYz8K-mL.jpg,556959,width,13.5 centimetre
https://m.media-amazon.com/images/I/51G2pL40KPL.jpg,556959,width,105.0 millimetre
https://m.media-amazon.com/images/I/61EX8GmVoQL.jpg,556959,width,29.0 centimetre
https://m.media-amazon.com/images/I/51AC3p3DA5L.jpg,556959,width,4.4 centimetre
https://m.media-amazon.com/images/I/41itZqiBITL.jpg,556959,width,15.1 centimetre
https://m.media-amazon.com/images/I/51-G6FtLS2L.jpg,556959,depth,38.0 centimetre
https://m.media-amazon.com/images/I/51NATNzxrHL.jpg,556959,depth,36.0 centimetre
https://m.media-amazon.com/images/I/51g+H6MLGPL.jpg,556959,depth,38.0 centimetre
https://m.media-amazon.com/images/I/51dnkIYhZ7L.jpg,556959,depth,11.0 centimetre
https://m.media-amazon.com/images/I/51a8yAhBsvL.jpg,556959,depth,33.5 centimetre
https://m.media-amazon.com/images/I/51eBmqhDzXL.jpg,556959,depth,8.25 inch
https://m.media-amazon.com/images/I/51uwp7rUENL.jpg,556959,depth,37.0 centimetre
https://m.media-amazon.com/images/I/61-1Iao1sfL.jpg,556959,depth,10.23 inch
https://m.media-amazon.com/images/I/617TEZasHgL.jpg,556959,depth,12.2 inch
https://m.media-amazon.com/images/I/61AihByBWAL.jpg,556959,depth,9.8 inch
https://m.media-amazon.com/images/I/51VIlT1wc0L.jpg,556959,depth,905.0 millimetre
https://m.media-amazon.com/images/I/61FKo89+wiS.jpg,556959,depth,390.0 millimetre
https://m.media-amazon.com/images/I/61EOPCjbhTL.jpg,556959,depth,9.4 inch
https://m.media-amazon.com/images/I/511AqqDSjxL.jpg,556959,depth,14.4 inch
