image_link,group_id,entity_name,entity_value
https://m.media-amazon.com/images/I/613YJol6gpL.jpg,303395,width,73.0 millimetre
https://m.media-amazon.com/images/I/51tUIRBs-IL.jpg,303395,width,17.0 millimetre
https://m.media-amazon.com/images/I/41z3nWQS-YL.jpg,303395,width,88.0 millimetre
https://m.media-amazon.com/images/I/51d6OWIHvUL.jpg,303395,width,2.5 centimetre
https://m.media-amazon.com/images/I/612J2rSiTuL.jpg,303395,width,26.0 millimetre
https://m.media-amazon.com/images/I/41JLrb2HqGL.jpg,303395,width,71.0 millimetre
https://m.media-amazon.com/images/I/51K6+-Gp44L.jpg,303395,width,4.5 centimetre
https://m.media-amazon.com/images/I/51BO06kCIKL.jpg,303395,width,18.0 millimetre
https://m.media-amazon.com/images/I/41XQnA38-JL.jpg,303395,width,24.0 millimetre
https://m.media-amazon.com/images/I/51lhRyC52qL.jpg,303395,width,2.5 centimetre
https://m.media-amazon.com/images/I/61D5E-WBRlL.jpg,303395,width,26.0 millimetre
https://m.media-amazon.com/images/I/61D5E-WBRlL.jpg,303395,depth,31.0 millimetre
https://m.media-amazon.com/images/I/616KGvNMdRL.jpg,303395,width,1.22 inch
https://m.media-amazon.com/images/I/51nlVYME5PL.jpg,303395,width,2.5 centimetre
https://m.media-amazon.com/images/I/6152hgW4F1S.jpg,303395,width,46.0 millimetre
https://m.media-amazon.com/images/I/6152hgW4F1S.jpg,303395,depth,46.0 millimetre
https://m.media-amazon.com/images/I/51EWXphoekL.jpg,303395,width,26.0 millimetre
https://m.media-amazon.com/images/I/51gg9kY3FLL.jpg,303395,width,26.0 millimetre
https://m.media-amazon.com/images/I/61Bvs2B0QoL.jpg,303395,width,32.0 millimetre
https://m.media-amazon.com/images/I/51If9P6ljvL.jpg,303395,width,73.0 millimetre
https://m.media-amazon.com/images/I/51b-2L1OFkL.jpg,303395,width,26.0 millimetre
https://m.media-amazon.com/images/I/51NWDqxB2jL.jpg,303395,width,32.0 millimetre
https://m.media-amazon.com/images/I/51akIRAcCZL.jpg,303395,width,26.0 millimetre
https://m.media-amazon.com/images/I/61A8lMHFT-L.jpg,303395,width,1.02 inch
https://m.media-amazon.com/images/I/61Aya82rJdL.jpg,303395,width,27.0 millimetre
https://m.media-amazon.com/images/I/6107AcwiUNL.jpg,303395,width,1.02 inch
https://m.media-amazon.com/images/I/519lir2cCWL.jpg,303395,width,20.0 millimetre
https://m.media-amazon.com/images/I/61EYIk7LsJL.jpg,303395,width,5.0 centimetre
https://m.media-amazon.com/images/I/61EYIk7LsJL.jpg,303395,depth,11.5 centimetre
https://m.media-amazon.com/images/I/51yHTpJTD-L.jpg,303395,width,1.5 inch
https://m.media-amazon.com/images/I/31xVugPJf8L.jpg,303395,width,3.5 inch
https://m.media-amazon.com/images/I/51e1QIw4BeL.jpg,303395,width,2.7 centimetre
https://m.media-amazon.com/images/I/41Out4QMWHL.jpg,303395,width,2.6 centimetre
https://m.media-amazon.com/images/I/515N9SbNjfL.jpg,303395,width,73.0 millimetre
https://m.media-amazon.com/images/I/41RDxS92EfL.jpg,303395,width,63.0 millimetre
https://m.media-amazon.com/images/I/614SH8E8axL.jpg,303395,depth,1.18 inch
https://m.media-amazon.com/images/I/51RqYLrKw+L.jpg,303395,depth,1.2 inch
https://m.media-amazon.com/images/I/61+yM800WYL.jpg,303395,depth,58.0 millimetre
https://m.media-amazon.com/images/I/6119qWwk3nL.jpg,303395,depth,26.0 millimetre
https://m.media-amazon.com/images/I/51ihVOwTRcL.jpg,303395,depth,36.0 millimetre
https://m.media-amazon.com/images/I/6195u8cAL1L.jpg,303395,depth,72.0 millimetre
https://m.media-amazon.com/images/I/51uTOPlNhdS.jpg,303395,depth,3.0 centimetre
https://m.media-amazon.com/images/I/513MSwQsJtL.jpg,303395,depth,20.0 millimetre
https://m.media-amazon.com/images/I/513Q3dVF3bL.jpg,303395,depth,160.0 millimetre
https://m.media-amazon.com/images/I/41Qf3qSwHJL.jpg,303395,depth,32.0 millimetre
https://m.media-amazon.com/images/I/51HX518Jp2L.jpg,303395,depth,81.0 millimetre
https://m.media-amazon.com/images/I/5127PupiySL.jpg,303395,depth,3.0 centimetre
https://m.media-amazon.com/images/I/51aenoONTcL.jpg,303395,depth,3.0 centimetre
https://m.media-amazon.com/images/I/61Dn1iZXD2L.jpg,303395,depth,73.0 millimetre
https://m.media-amazon.com/images/I/61GHshu0z-L.jpg,303395,depth,88.0 millimetre
https://m.media-amazon.com/images/I/51GunWCClcL.jpg,303395,depth,135.0 millimetre
https://m.media-amazon.com/images/I/41o4uRbHVkL.jpg,303395,depth,3.0 centimetre
https://m.media-amazon.com/images/I/51p4w1Ren1L.jpg,303395,depth,22.0 millimetre
https://m.media-amazon.com/images/I/61+jmL2834L.jpg,303395,depth,73.0 millimetre
https://m.media-amazon.com/images/I/613DIO8ar4L.jpg,303395,depth,30.0 millimetre
https://m.media-amazon.com/images/I/51LPXXCERTS.jpg,303395,depth,16.0 millimetre
https://m.media-amazon.com/images/I/51WNEIftdzL.jpg,303395,depth,29.0 millimetre
https://m.media-amazon.com/images/I/51kjWkCh21L.jpg,303395,depth,3.0 centimetre
https://m.media-amazon.com/images/I/61BBObIkmgS.jpg,303395,depth,46.0 millimetre
https://m.media-amazon.com/images/I/61104YR0SvL.jpg,303395,depth,1.2 inch
https://m.media-amazon.com/images/I/51HEGxpB0oL.jpg,303395,depth,23.0 millimetre
https://m.media-amazon.com/images/I/614qTlB1JDL.jpg,303395,depth,3.0 centimetre
https://m.media-amazon.com/images/I/519R4J0+y6L.jpg,303395,depth,3.0 centimetre
https://m.media-amazon.com/images/I/61ANsL19iRL.jpg,303395,depth,1.18 inch
https://m.media-amazon.com/images/I/51e7U8ORZCL.jpg,303395,depth,3.0 centimetre
https://m.media-amazon.com/images/I/61AbHzg4skL.jpg,303395,depth,12.0 centimetre
https://m.media-amazon.com/images/I/51fcjC-8cUL.jpg,303395,depth,3.0 centimetre
https://m.media-amazon.com/images/I/51SwLMBzueS.jpg,303395,depth,73.0 millimetre
https://m.media-amazon.com/images/I/617iws7hbML.jpg,303395,depth,3.0 centimetre
https://m.media-amazon.com/images/I/51hUAlBNKXL.jpg,303395,depth,96.0 millimetre
https://m.media-amazon.com/images/I/614ialmAI5L.jpg,303395,depth,1.26 inch
https://m.media-amazon.com/images/I/51FOuK6EsFL.jpg,303395,depth,12.0 centimetre
https://m.media-amazon.com/images/I/51YjZh0IlcL.jpg,303395,depth,3.0 centimetre
https://m.media-amazon.com/images/I/51NoNv8OCxS.jpg,303395,depth,32.0 millimetre
https://m.media-amazon.com/images/I/51QikAPcfmL.jpg,303395,depth,3.0 centimetre
https://m.media-amazon.com/images/I/612l6TIj5xL.jpg,303395,depth,3.0 centimetre
https://m.media-amazon.com/images/I/51jFn1oxKSL.jpg,303395,depth,2.0 centimetre
https://m.media-amazon.com/images/I/41-DczEATBL.jpg,303395,depth,9.4 centimetre
https://m.media-amazon.com/images/I/613zhHvOYaL.jpg,303395,depth,25.0 millimetre
https://m.media-amazon.com/images/I/611k5+5Tc3L.jpg,303395,depth,1.9 inch
https://m.media-amazon.com/images/I/6123msbW8aL.jpg,303395,depth,3.2 centimetre
https://m.media-amazon.com/images/I/31o98NgOEXL.jpg,303395,depth,30.0 millimetre
https://m.media-amazon.com/images/I/51kqu+DnezL.jpg,303395,depth,33.0 millimetre
https://m.media-amazon.com/images/I/61D0ArS4DVL.jpg,303395,depth,70.0 millimetre
