image_link,group_id,entity_name,entity_value
https://m.media-amazon.com/images/I/512VLS1HfAL.jpg,639268,depth,13.0 foot
https://m.media-amazon.com/images/I/61BtXBEGyuL.jpg,639268,depth,6.6 foot
https://m.media-amazon.com/images/I/51P0u5eFM6L.jpg,639268,depth,32.0 foot
https://m.media-amazon.com/images/I/6128vm0JVDL.jpg,639268,depth,110.0 centimetre
https://m.media-amazon.com/images/I/51QkrieBNwL.jpg,639268,depth,80.0 inch
https://m.media-amazon.com/images/I/614le-QVVkL.jpg,639268,depth,37.8 inch
https://m.media-amazon.com/images/I/51Sk0m9BZxL.jpg,639268,depth,170.0 centimetre
https://m.media-amazon.com/images/I/61+RXLTMDgL.jpg,639268,depth,63.0 centimetre
https://m.media-amazon.com/images/I/41aVfm8ELxL.jpg,639268,depth,100.0 centimetre
https://m.media-amazon.com/images/I/41vlovHWWOL.jpg,639268,depth,14.0 inch
https://m.media-amazon.com/images/I/41OEG14XErL.jpg,639268,depth,10.0 metre
https://m.media-amazon.com/images/I/51sM1jRuF4L.jpg,639268,depth,7.0 inch
https://m.media-amazon.com/images/I/61FTVzkRIKL.jpg,639268,depth,4.0 metre
https://m.media-amazon.com/images/I/41nz+JWEqzL.jpg,639268,depth,45.27 inch
https://m.media-amazon.com/images/I/61CA3rzNc7L.jpg,639268,depth,91.0 centimetre
https://m.media-amazon.com/images/I/51qM6MTNwLL.jpg,639268,depth,12.0 foot
https://m.media-amazon.com/images/I/4168N7ie5AL.jpg,639268,depth,100.0 centimetre
https://m.media-amazon.com/images/I/518Ez4zU9ML.jpg,639268,depth,3.0 inch
https://m.media-amazon.com/images/I/61-gZEkn5+L.jpg,639268,depth,9.0 inch
https://m.media-amazon.com/images/I/51mjL6rSBBL.jpg,639268,depth,118.1 inch
https://m.media-amazon.com/images/I/51ebOCwLTXL.jpg,639268,depth,8.3 inch
https://m.media-amazon.com/images/I/51MJ0TEJYuS.jpg,639268,depth,4.72 inch
https://m.media-amazon.com/images/I/511YrD13hOL.jpg,639268,depth,17.0 centimetre
https://m.media-amazon.com/images/I/616huN1fX1L.jpg,639268,depth,108.0 centimetre
https://m.media-amazon.com/images/I/61C34OBC5mL.jpg,639268,depth,35.0 centimetre
https://m.media-amazon.com/images/I/617WvHM0ZUL.jpg,639268,depth,13.0 foot
https://m.media-amazon.com/images/I/51oBzzgni5L.jpg,639268,depth,10.0 metre
https://m.media-amazon.com/images/I/51drH8dQvqL.jpg,639268,depth,7.0 inch
https://m.media-amazon.com/images/I/51Ckp-PU-4L.jpg,639268,depth,59.0 inch
https://m.media-amazon.com/images/I/51J+0nCaeRL.jpg,639268,depth,13.0 foot
https://m.media-amazon.com/images/I/618CSGpUpwL.jpg,639268,depth,2.13 metre
https://m.media-amazon.com/images/I/51CshBSFGwL.jpg,639268,depth,35.0 centimetre
https://m.media-amazon.com/images/I/51vDhhOQEUL.jpg,639268,depth,10.0 foot
https://m.media-amazon.com/images/I/61A-O0j846L.jpg,639268,depth,9.0 centimetre
https://m.media-amazon.com/images/I/61-JMzDNpZL.jpg,639268,depth,34.7 centimetre
https://m.media-amazon.com/images/I/51zGb3wQAXL.jpg,639268,depth,50.0 inch
https://m.media-amazon.com/images/I/61+tchcOBaL.jpg,639268,depth,300.0 centimetre
https://m.media-amazon.com/images/I/51t9hB+IanL.jpg,639268,depth,8.3 inch
https://m.media-amazon.com/images/I/51rp2vFe1qL.jpg,639268,depth,32.8 foot
https://m.media-amazon.com/images/I/613EOFR4nNL.jpg,639268,depth,1.8 metre
https://m.media-amazon.com/images/I/51Oz79tKiFL.jpg,639268,depth,13.0 foot
https://m.media-amazon.com/images/I/511A9jn3NFL.jpg,639268,depth,11.5 foot
https://m.media-amazon.com/images/I/51LIX7uCL7L.jpg,639268,depth,13.0 foot
https://m.media-amazon.com/images/I/612arkjccXL.jpg,639268,depth,10.0 centimetre
https://m.media-amazon.com/images/I/618vwwwdNTL.jpg,639268,depth,50.8 centimetre
https://m.media-amazon.com/images/I/51w3S2zGHsL.jpg,639268,depth,8.3 inch
https://m.media-amazon.com/images/I/61-tS7w6nwL.jpg,639268,depth,22.0 centimetre
https://m.media-amazon.com/images/I/51IbyVUA8LL.jpg,639268,depth,7.1 inch
https://m.media-amazon.com/images/I/612iQst5WEL.jpg,639268,depth,196.85 inch
https://m.media-amazon.com/images/I/51lnEkZ8jdL.jpg,639268,depth,98.4 inch
https://m.media-amazon.com/images/I/51UCqFgm6+L.jpg,639268,depth,20.0 centimetre
https://m.media-amazon.com/images/I/51gv8hUWeJL.jpg,639268,depth,58.0 inch
https://m.media-amazon.com/images/I/51vKhPk9ubL.jpg,639268,depth,6.0 foot
https://m.media-amazon.com/images/I/51EHGs5U6tL.jpg,639268,depth,2.13 metre
https://m.media-amazon.com/images/I/612UOvC-dsL.jpg,639268,depth,12.5 centimetre
https://m.media-amazon.com/images/I/615kF90ulFL.jpg,639268,depth,13.0 foot
https://m.media-amazon.com/images/I/6125czwA1QL.jpg,639268,depth,12.0 inch
https://m.media-amazon.com/images/I/51YXom3x9iL.jpg,639268,depth,7.0 foot
https://m.media-amazon.com/images/I/51XX4R1tZvL.jpg,639268,depth,28.0 centimetre
https://m.media-amazon.com/images/I/6127XIJJTDL.jpg,639268,depth,80.0 centimetre
https://m.media-amazon.com/images/I/516Huy-rIHL.jpg,639268,depth,20.0 centimetre
https://m.media-amazon.com/images/I/51y1QF5VtZL.jpg,639268,depth,70.7 inch
https://m.media-amazon.com/images/I/41v7rBwmTtS.jpg,639268,depth,32.8 foot
https://m.media-amazon.com/images/I/51I4KmhggGL.jpg,639268,depth,32.0 foot
https://m.media-amazon.com/images/I/51VR0AEJ5DL.jpg,639268,depth,32.0 inch
https://m.media-amazon.com/images/I/615JfD0vqML.jpg,639268,depth,55.0 inch
https://m.media-amazon.com/images/I/617EYAHM3VL.jpg,639268,depth,39.4 inch
https://m.media-amazon.com/images/I/51CEN-2jugL.jpg,639268,depth,98.5 inch
https://m.media-amazon.com/images/I/51d2CutJMgS.jpg,639268,depth,2.0 metre
https://m.media-amazon.com/images/I/51fr65EzPxL.jpg,639268,depth,4.0 metre
https://m.media-amazon.com/images/I/61656CO-AaL.jpg,639268,depth,30.0 centimetre
https://m.media-amazon.com/images/I/51j7ud1HxpL.jpg,639268,depth,250.0 centimetre
https://m.media-amazon.com/images/I/61BweGWYfKL.jpg,639268,depth,11.5 foot
https://m.media-amazon.com/images/I/51dkEuN3WwL.jpg,639268,depth,33.0 centimetre
https://m.media-amazon.com/images/I/51ei5ua46sL.jpg,639268,depth,16.0 foot
https://m.media-amazon.com/images/I/417hGpy0qEL.jpg,639268,depth,30.0 inch
https://m.media-amazon.com/images/I/61+mUTlGX-L.jpg,639268,depth,3.0 metre
https://m.media-amazon.com/images/I/41QaA4Cp9HL.jpg,639268,depth,10.0 inch
https://m.media-amazon.com/images/I/518K1ln-dEL.jpg,639268,depth,96.0 centimetre
https://m.media-amazon.com/images/I/51U6gx21smL.jpg,639268,depth,6.0 inch
https://m.media-amazon.com/images/I/51VYhxo0UCL.jpg,639268,depth,59.0 inch
https://m.media-amazon.com/images/I/41-Oqa+mPhL.jpg,639268,depth,19.0 centimetre
https://m.media-amazon.com/images/I/611xRlRLhoL.jpg,639268,depth,31.0 centimetre
https://m.media-amazon.com/images/I/51miqTfpVuL.jpg,639268,depth,32.0 inch
https://m.media-amazon.com/images/I/6154IuH49EL.jpg,639268,depth,33.0 centimetre
https://m.media-amazon.com/images/I/61FqS+15i8L.jpg,639268,depth,2.9 inch
https://m.media-amazon.com/images/I/51CW3asAb3L.jpg,639268,depth,194.0 centimetre
https://m.media-amazon.com/images/I/61-9bsY4HhL.jpg,639268,depth,7.0 centimetre
https://m.media-amazon.com/images/I/61DRHFdmMYL.jpg,639268,depth,3.0 metre
https://m.media-amazon.com/images/I/51II7g5fKcL.jpg,639268,depth,22.0 centimetre
https://m.media-amazon.com/images/I/51hzWU+n95L.jpg,639268,depth,32.0 foot
https://m.media-amazon.com/images/I/41mDZDC+RvL.jpg,639268,depth,38.0 inch
