image_link,group_id,entity_name,entity_value
https://m.media-amazon.com/images/I/61EaapdLOSL.jpg,219199,width,5.2 centimetre
https://m.media-amazon.com/images/I/51AySkQWMzL.jpg,219199,width,4.5 inch
https://m.media-amazon.com/images/I/51Ix01mbaCL.jpg,219199,width,9.0 centimetre
https://m.media-amazon.com/images/I/51p21pQrKLL.jpg,219199,width,6.2 centimetre
https://m.media-amazon.com/images/I/51N09pwrAAL.jpg,219199,width,7.0 centimetre
https://m.media-amazon.com/images/I/41rARg4fvaL.jpg,219199,width,1.5 inch
https://m.media-amazon.com/images/I/51X4MJ3KeGL.jpg,219199,width,16.0 centimetre
https://m.media-amazon.com/images/I/51X4MJ3KeGL.jpg,219199,depth,16.0 centimetre
https://m.media-amazon.com/images/I/51HBchCBFAL.jpg,219199,width,2.5 centimetre
https://m.media-amazon.com/images/I/51HBchCBFAL.jpg,219199,depth,12.0 centimetre
https://m.media-amazon.com/images/I/510rcteteGL.jpg,219199,width,4.0 centimetre
https://m.media-amazon.com/images/I/619CdnZxJvL.jpg,219199,width,4.5 inch
https://m.media-amazon.com/images/I/51B8acGpOgL.jpg,219199,width,1.3 centimetre
https://m.media-amazon.com/images/I/619l83Hl8xL.jpg,219199,width,4.0 centimetre
https://m.media-amazon.com/images/I/41gnzeuAEvL.jpg,219199,width,4.0 inch
https://m.media-amazon.com/images/I/51oeoSoM7OL.jpg,219199,width,1.5 centimetre
https://m.media-amazon.com/images/I/510ycKmVB1L.jpg,219199,width,2.0 centimetre
https://m.media-amazon.com/images/I/513N8kcB9RL.jpg,219199,width,3.5 centimetre
https://m.media-amazon.com/images/I/51ZrjzZy0vS.jpg,219199,width,5.1 centimetre
https://m.media-amazon.com/images/I/41Jc5JdzAjL.jpg,219199,width,9.0 centimetre
https://m.media-amazon.com/images/I/51VBPCtCfZL.jpg,219199,width,3.0 centimetre
https://m.media-amazon.com/images/I/51aMKXfrgPL.jpg,219199,width,1.18 inch
https://m.media-amazon.com/images/I/51aMKXfrgPL.jpg,219199,depth,3.54 inch
https://m.media-amazon.com/images/I/51QgD-GCitL.jpg,219199,width,3.5 centimetre
https://m.media-amazon.com/images/I/51s72g8-svL.jpg,219199,width,8.7 centimetre
https://m.media-amazon.com/images/I/51fZNx3EM+L.jpg,219199,width,4.5 centimetre
https://m.media-amazon.com/images/I/51v5MxBUjHL.jpg,219199,width,5.0 centimetre
https://m.media-amazon.com/images/I/6161-aiYXML.jpg,219199,width,55.0 millimetre
https://m.media-amazon.com/images/I/51MwBMYb-KL.jpg,219199,width,4.0 centimetre
https://m.media-amazon.com/images/I/61-U8ffvaIL.jpg,219199,width,7.62 centimetre
https://m.media-amazon.com/images/I/617r007bcGL.jpg,219199,width,12.5 centimetre
https://m.media-amazon.com/images/I/515SaKKNUML.jpg,219199,width,3.5 centimetre
https://m.media-amazon.com/images/I/51xyi5XZlYL.jpg,219199,width,7.0 centimetre
https://m.media-amazon.com/images/I/51-JN35gp6L.jpg,219199,width,0.43 inch
https://m.media-amazon.com/images/I/51RIFlcvMEL.jpg,219199,width,18.0 centimetre
https://m.media-amazon.com/images/I/51iUKcCxHDL.jpg,219199,width,12.0 centimetre
https://m.media-amazon.com/images/I/51ifgHg8X9L.jpg,219199,width,2.0 inch
https://m.media-amazon.com/images/I/514sPSBlMLL.jpg,219199,width,0.63 inch
https://m.media-amazon.com/images/I/51NJSXqYu9S.jpg,219199,width,4.5 centimetre
https://m.media-amazon.com/images/I/51mwm6oRm1L.jpg,219199,width,5.5 centimetre
https://m.media-amazon.com/images/I/614FuiUw-7L.jpg,219199,width,6.0 inch
https://m.media-amazon.com/images/I/51sssHHfCuL.jpg,219199,width,8.5 centimetre
https://m.media-amazon.com/images/I/51e+6LyVeiL.jpg,219199,width,8.0 inch
https://m.media-amazon.com/images/I/518gT4CFvUL.jpg,219199,width,1.8 inch
https://m.media-amazon.com/images/I/41NGWBhh9DL.jpg,219199,width,0.7 inch
https://m.media-amazon.com/images/I/51uDLuetjlL.jpg,219199,width,4.5 centimetre
https://m.media-amazon.com/images/I/51rdtdp3AcL.jpg,219199,width,1.2 centimetre
https://m.media-amazon.com/images/I/511f4snDZ9L.jpg,219199,width,3.5 centimetre
https://m.media-amazon.com/images/I/51aofvneACL.jpg,219199,width,3.54 inch
https://m.media-amazon.com/images/I/519DqYxyWxL.jpg,219199,width,2.24 inch
https://m.media-amazon.com/images/I/512j5tvuf6L.jpg,219199,width,4.32 inch
https://m.media-amazon.com/images/I/512EujUOe9L.jpg,219199,width,2.17 inch
https://m.media-amazon.com/images/I/51fVWyuO1ES.jpg,219199,width,1.5 centimetre
https://m.media-amazon.com/images/I/51nqL6fsuxS.jpg,219199,width,2.4 inch
https://m.media-amazon.com/images/I/51gldTq4+GL.jpg,219199,width,4.3 centimetre
https://m.media-amazon.com/images/I/51va588QbYL.jpg,219199,width,1.3 centimetre
https://m.media-amazon.com/images/I/51ZLkMc83FL.jpg,219199,width,2.0 centimetre
https://m.media-amazon.com/images/I/41JHfrOG0QL.jpg,219199,width,1.4 inch
https://m.media-amazon.com/images/I/51uvX7aXQXS.jpg,219199,width,2.5 centimetre
https://m.media-amazon.com/images/I/51uvX7aXQXS.jpg,219199,depth,26.5 centimetre
https://m.media-amazon.com/images/I/51cVCQNnI5L.jpg,219199,width,4.6 centimetre
https://m.media-amazon.com/images/I/514sgiCUvQL.jpg,219199,width,10.8 centimetre
https://m.media-amazon.com/images/I/51YsZoCN2bL.jpg,219199,width,16.0 centimetre
https://m.media-amazon.com/images/I/61+ZZx9hNaL.jpg,219199,width,11.0 centimetre
https://m.media-amazon.com/images/I/612-UpC6HYL.jpg,219199,width,3.0 centimetre
https://m.media-amazon.com/images/I/41YJxysROCL.jpg,219199,width,0.55 inch
https://m.media-amazon.com/images/I/51CV1E3ml3L.jpg,219199,width,14.5 centimetre
https://m.media-amazon.com/images/I/51dI01NNGJL.jpg,219199,width,1.3 centimetre
https://m.media-amazon.com/images/I/61+6efpsgWL.jpg,219199,width,12.5 centimetre
https://m.media-amazon.com/images/I/61CC2Q8rCyS.jpg,219199,width,7.0 centimetre
https://m.media-amazon.com/images/I/412iZeTtFyL.jpg,219199,width,7.8 centimetre
https://m.media-amazon.com/images/I/61-NRwQeWAL.jpg,219199,width,3.0 centimetre
https://m.media-amazon.com/images/I/51siuPaTqNL.jpg,219199,width,4.0 centimetre
https://m.media-amazon.com/images/I/51WaijeaxuL.jpg,219199,width,7.4 centimetre
https://m.media-amazon.com/images/I/612-umJVUSL.jpg,219199,width,3.3 centimetre
https://m.media-amazon.com/images/I/51FXDMTDFML.jpg,219199,width,4.6 centimetre
https://m.media-amazon.com/images/I/51wu8ecGDyL.jpg,219199,width,4.3 centimetre
https://m.media-amazon.com/images/I/51vsshTV+CL.jpg,219199,width,1.0 centimetre
https://m.media-amazon.com/images/I/5135ghgUvIL.jpg,219199,width,1.9 inch
https://m.media-amazon.com/images/I/5135ghgUvIL.jpg,219199,depth,15.5 centimetre
https://m.media-amazon.com/images/I/51KxqQfC9-L.jpg,219199,width,4.9 inch
https://m.media-amazon.com/images/I/51Z5dXLZgSL.jpg,219199,width,0.25 inch
https://m.media-amazon.com/images/I/51kezrhTETL.jpg,219199,width,4.5 centimetre
https://m.media-amazon.com/images/I/51LtB4Z04TL.jpg,219199,width,4.0 centimetre
https://m.media-amazon.com/images/I/51YIjOgsdML.jpg,219199,width,8.0 centimetre
https://m.media-amazon.com/images/I/51Z67ZUFXAL.jpg,219199,width,1.69 inch
https://m.media-amazon.com/images/I/612HX8gpASL.jpg,219199,width,3.5 centimetre
https://m.media-amazon.com/images/I/51tL+35q7iL.jpg,219199,width,2.36 inch
https://m.media-amazon.com/images/I/51XtwpoeUAL.jpg,219199,width,3.8 centimetre
https://m.media-amazon.com/images/I/51LvqCMBovL.jpg,219199,width,2.54 centimetre
https://m.media-amazon.com/images/I/5169lbAU3rL.jpg,219199,width,2.2 inch
https://m.media-amazon.com/images/I/615dLF88DDL.jpg,219199,width,0.5 inch
https://m.media-amazon.com/images/I/51H9Cnld-2L.jpg,219199,width,5.0 inch
https://m.media-amazon.com/images/I/51XSqgGR5JL.jpg,219199,width,1.3 centimetre
https://m.media-amazon.com/images/I/51mNvk8dnjL.jpg,219199,width,1.73 inch
https://m.media-amazon.com/images/I/51mNvk8dnjL.jpg,219199,depth,10.0 inch
https://m.media-amazon.com/images/I/611fKLb1UBL.jpg,219199,width,23.0 centimetre
https://m.media-amazon.com/images/I/611fKLb1UBL.jpg,219199,depth,23.0 centimetre
https://m.media-amazon.com/images/I/51C5zKJ9Y8L.jpg,219199,width,1.4 centimetre
https://m.media-amazon.com/images/I/51djnmty2OL.jpg,219199,width,7.7 centimetre
https://m.media-amazon.com/images/I/61G2W25H0YL.jpg,219199,width,4.5 centimetre
https://m.media-amazon.com/images/I/61G2W25H0YL.jpg,219199,depth,23.0 centimetre
https://m.media-amazon.com/images/I/51R5LsjkTFL.jpg,219199,width,1.5 centimetre
https://m.media-amazon.com/images/I/51R5LsjkTFL.jpg,219199,depth,10.5 centimetre
https://m.media-amazon.com/images/I/610sPGb8GhL.jpg,219199,width,16.8 centimetre
https://m.media-amazon.com/images/I/515x+YmD25L.jpg,219199,width,2.0 inch
https://m.media-amazon.com/images/I/41wggIb0T1L.jpg,219199,width,10.5 centimetre
https://m.media-amazon.com/images/I/41PMZAN33rL.jpg,219199,width,2.1 inch
https://m.media-amazon.com/images/I/51qeGjxa1AL.jpg,219199,width,10.0 centimetre
https://m.media-amazon.com/images/I/61-arX88LAL.jpg,219199,depth,8.8 inch
https://m.media-amazon.com/images/I/61+yj2+i-pS.jpg,219199,depth,13.0 centimetre
https://m.media-amazon.com/images/I/51GI8J-WrIL.jpg,219199,depth,5.1 inch
https://m.media-amazon.com/images/I/61APEybo8mL.jpg,219199,depth,30.0 centimetre
https://m.media-amazon.com/images/I/51BujcLNK3L.jpg,219199,depth,12.5 centimetre
https://m.media-amazon.com/images/I/51gOObGyxLL.jpg,219199,depth,20.2 inch
https://m.media-amazon.com/images/I/51UDK46u3PL.jpg,219199,depth,26.0 centimetre
https://m.media-amazon.com/images/I/51siZF7PLaL.jpg,219199,depth,19.0 centimetre
https://m.media-amazon.com/images/I/61CCG0l9OPL.jpg,219199,depth,10.0 inch
https://m.media-amazon.com/images/I/615OeHDhNIL.jpg,219199,depth,310.0 millimetre
https://m.media-amazon.com/images/I/41Ykao5SB6L.jpg,219199,depth,17.0 centimetre
https://m.media-amazon.com/images/I/41zxn906UES.jpg,219199,depth,12.2 inch
https://m.media-amazon.com/images/I/41GCXL5CfcL.jpg,219199,depth,13.0 centimetre
https://m.media-amazon.com/images/I/51BwUpJtSfL.jpg,219199,depth,22.0 centimetre
https://m.media-amazon.com/images/I/51mJhfB93eL.jpg,219199,depth,9.64 inch
https://m.media-amazon.com/images/I/51z7pG7isVL.jpg,219199,depth,20.0 inch
https://m.media-amazon.com/images/I/51R2PxGk6JL.jpg,219199,depth,9.0 inch
https://m.media-amazon.com/images/I/51NmlcYvFEL.jpg,219199,depth,10.0 centimetre
https://m.media-amazon.com/images/I/5111GmPn9WL.jpg,219199,depth,11.65 inch
https://m.media-amazon.com/images/I/61-zDh9EkQL.jpg,219199,depth,24.0 inch
https://m.media-amazon.com/images/I/61Bh0y8nGIL.jpg,219199,depth,17.0 centimetre
https://m.media-amazon.com/images/I/51LdzhGrDUL.jpg,219199,depth,16.0 centimetre
https://m.media-amazon.com/images/I/51KfzA9WWyL.jpg,219199,depth,17.8 centimetre
https://m.media-amazon.com/images/I/51HoGYIJkBL.jpg,219199,depth,21.0 centimetre
https://m.media-amazon.com/images/I/51vNn8xfUBL.jpg,219199,depth,15.0 centimetre
https://m.media-amazon.com/images/I/41Kg8b2SeKL.jpg,219199,depth,40.0 centimetre
https://m.media-amazon.com/images/I/619l3O5NuNL.jpg,219199,depth,17.5 centimetre
https://m.media-amazon.com/images/I/61+050t7RtL.jpg,219199,depth,15.5 centimetre
https://m.media-amazon.com/images/I/41dmfZgWotS.jpg,219199,depth,25.3 centimetre
https://m.media-amazon.com/images/I/51+4yu6Qx9L.jpg,219199,depth,30.0 centimetre
https://m.media-amazon.com/images/I/51IpHmMXs1L.jpg,219199,depth,17.0 centimetre
https://m.media-amazon.com/images/I/619GElz1kyL.jpg,219199,depth,34.0 centimetre
https://m.media-amazon.com/images/I/51hnVmGDRiS.jpg,219199,depth,4.6 inch
https://m.media-amazon.com/images/I/51wE1sIQXOL.jpg,219199,depth,23.0 centimetre
https://m.media-amazon.com/images/I/612eXSx-g4L.jpg,219199,depth,6.89 inch
https://m.media-amazon.com/images/I/61Bdpn0LlAL.jpg,219199,depth,18.0 centimetre
https://m.media-amazon.com/images/I/519vAVh8c3L.jpg,219199,depth,17.0 centimetre
https://m.media-amazon.com/images/I/61D7b173X0S.jpg,219199,depth,3.9 inch
https://m.media-amazon.com/images/I/51XBqR9TSgL.jpg,219199,depth,12.0 inch
https://m.media-amazon.com/images/I/51kuLDHTSJL.jpg,219199,depth,12.5 centimetre
https://m.media-amazon.com/images/I/51N2N6uv-nL.jpg,219199,depth,32.0 centimetre
https://m.media-amazon.com/images/I/51gmFNTvHWL.jpg,219199,depth,10.0 centimetre
https://m.media-amazon.com/images/I/41LTAib4qbL.jpg,219199,depth,16.0 centimetre
https://m.media-amazon.com/images/I/618103Zg-OL.jpg,219199,depth,24.3 centimetre
https://m.media-amazon.com/images/I/41uYOF1zr3L.jpg,219199,depth,30.0 centimetre
https://m.media-amazon.com/images/I/41gc4NSjJxL.jpg,219199,depth,12.0 centimetre
https://m.media-amazon.com/images/I/51cuQ1NRyJL.jpg,219199,depth,30.0 centimetre
https://m.media-amazon.com/images/I/417OG2vI9HL.jpg,219199,depth,7.99 inch
https://m.media-amazon.com/images/I/61DkJbpyLrL.jpg,219199,depth,31.0 centimetre
https://m.media-amazon.com/images/I/61BvUJhgeIL.jpg,219199,depth,30.0 centimetre
https://m.media-amazon.com/images/I/517nw6SCgaL.jpg,219199,depth,9.5 inch
https://m.media-amazon.com/images/I/613wxlJUkRL.jpg,219199,depth,18.0 centimetre
https://m.media-amazon.com/images/I/61C1SiErEnL.jpg,219199,depth,44.5 centimetre
https://m.media-amazon.com/images/I/41byfRUZcLL.jpg,219199,depth,15.0 centimetre
https://m.media-amazon.com/images/I/41LH0qneI9L.jpg,219199,depth,12.0 centimetre
https://m.media-amazon.com/images/I/617OfRlB-SL.jpg,219199,depth,23.0 centimetre
https://m.media-amazon.com/images/I/518x5ctjpuL.jpg,219199,depth,22.4 centimetre
https://m.media-amazon.com/images/I/41L3PY229QL.jpg,219199,depth,16.0 centimetre
https://m.media-amazon.com/images/I/41NBHL0PV2L.jpg,219199,depth,36.0 centimetre
https://m.media-amazon.com/images/I/515ca1il55L.jpg,219199,depth,17.0 centimetre
https://m.media-amazon.com/images/I/616hOTNx3sL.jpg,219199,depth,1.4 inch
https://m.media-amazon.com/images/I/41ibaJw3yUL.jpg,219199,depth,374.7 millimetre
https://m.media-amazon.com/images/I/41BbenYs0ML.jpg,219199,depth,35.0 centimetre
https://m.media-amazon.com/images/I/51HFVuznSFL.jpg,219199,depth,15.35 inch
https://m.media-amazon.com/images/I/51BQTevyXSL.jpg,219199,depth,90.0 millimetre
https://m.media-amazon.com/images/I/51P33hYrH2L.jpg,219199,depth,12.0 centimetre
https://m.media-amazon.com/images/I/51gb3Tc3LRS.jpg,219199,depth,8.0 inch
https://m.media-amazon.com/images/I/61B7kIXA+JL.jpg,219199,depth,9.0 inch
https://m.media-amazon.com/images/I/51JRWjAcxbL.jpg,219199,depth,9.3 inch
https://m.media-amazon.com/images/I/51JU6O+-ChS.jpg,219199,depth,43.0 centimetre
https://m.media-amazon.com/images/I/51XtcjRnoXL.jpg,219199,depth,37.0 centimetre
https://m.media-amazon.com/images/I/51-N003+PML.jpg,219199,depth,9.5 centimetre
https://m.media-amazon.com/images/I/41gEnUkxquL.jpg,219199,depth,6.3 inch
https://m.media-amazon.com/images/I/51hcr+CfXUL.jpg,219199,depth,11.0 centimetre
https://m.media-amazon.com/images/I/5111YWmtQLL.jpg,219199,depth,10.8 centimetre
https://m.media-amazon.com/images/I/51kXFP0OruL.jpg,219199,depth,13.5 centimetre
https://m.media-amazon.com/images/I/51FSRCEACiL.jpg,219199,depth,12.3 centimetre
https://m.media-amazon.com/images/I/51rVkWbHQ9L.jpg,219199,depth,32.5 centimetre
https://m.media-amazon.com/images/I/51+PK9i0yXS.jpg,219199,depth,26.0 centimetre
https://m.media-amazon.com/images/I/514-9NLPDIL.jpg,219199,depth,16.0 inch
https://m.media-amazon.com/images/I/51D48+QCOGL.jpg,219199,depth,24.0 centimetre
https://m.media-amazon.com/images/I/512XsPrKv3L.jpg,219199,depth,5.3 inch
https://m.media-amazon.com/images/I/619ucpvUj2L.jpg,219199,depth,12.0 centimetre
https://m.media-amazon.com/images/I/51GIX569DsL.jpg,219199,depth,13.0 centimetre
https://m.media-amazon.com/images/I/41dwiGd+swL.jpg,219199,depth,22.5 centimetre
https://m.media-amazon.com/images/I/51yPkeRlmOL.jpg,219199,depth,12.0 inch
https://m.media-amazon.com/images/I/61-qlRivS1L.jpg,219199,depth,30.0 centimetre
https://m.media-amazon.com/images/I/51kxeKOp6rL.jpg,219199,depth,17.5 centimetre
https://m.media-amazon.com/images/I/41zberHOvgL.jpg,219199,depth,16.0 centimetre
https://m.media-amazon.com/images/I/51eAlkMlGGL.jpg,219199,depth,4.3 inch
https://m.media-amazon.com/images/I/416oW+ZcvvL.jpg,219199,depth,20.5 centimetre
https://m.media-amazon.com/images/I/51yF2wU6YiL.jpg,219199,depth,428.0 millimetre
https://m.media-amazon.com/images/I/3100CBnef8L.jpg,219199,depth,25.0 centimetre
https://m.media-amazon.com/images/I/51o4RXOR8qS.jpg,219199,depth,23.0 centimetre
https://m.media-amazon.com/images/I/51AauHSsLRL.jpg,219199,depth,21.5 centimetre
https://m.media-amazon.com/images/I/618QNbSTAKL.jpg,219199,depth,25.0 centimetre
https://m.media-amazon.com/images/I/51xIIC0So-L.jpg,219199,depth,33.0 centimetre
https://m.media-amazon.com/images/I/51WjGe+YnnL.jpg,219199,depth,12.0 inch
https://m.media-amazon.com/images/I/41kRQHoJXmL.jpg,219199,depth,80.0 millimetre
https://m.media-amazon.com/images/I/51DGkj+iuIL.jpg,219199,depth,0.25 metre
https://m.media-amazon.com/images/I/61F9N4mJGvS.jpg,219199,depth,8.2 inch
https://m.media-amazon.com/images/I/51y5L1JFWkL.jpg,219199,depth,8.6 inch
https://m.media-amazon.com/images/I/41ZZt2umt4L.jpg,219199,depth,2.76 inch
https://m.media-amazon.com/images/I/41uyfoWH3nL.jpg,219199,depth,26.0 centimetre
https://m.media-amazon.com/images/I/615h7K26VyL.jpg,219199,depth,40.0 centimetre
https://m.media-amazon.com/images/I/41FJFW2JmAL.jpg,219199,depth,22.0 centimetre
https://m.media-amazon.com/images/I/61AbF4-+4VL.jpg,219199,depth,17.0 centimetre
https://m.media-amazon.com/images/I/51BWKqUBdpL.jpg,219199,depth,21.0 centimetre
https://m.media-amazon.com/images/I/616vWhb0yxL.jpg,219199,depth,16.0 inch
https://m.media-amazon.com/images/I/51ixrVbo6PL.jpg,219199,depth,30.0 centimetre
https://m.media-amazon.com/images/I/61A6B1+CF3L.jpg,219199,depth,17.5 inch
https://m.media-amazon.com/images/I/41KMU2x7adL.jpg,219199,depth,10.5 centimetre
https://m.media-amazon.com/images/I/51aD29cnPcL.jpg,219199,depth,13.36 inch
https://m.media-amazon.com/images/I/51VvX4+Qh2L.jpg,219199,depth,22.0 centimetre
https://m.media-amazon.com/images/I/51Qtyue2E2S.jpg,219199,depth,9.0 inch
https://m.media-amazon.com/images/I/618uoNcV2zL.jpg,219199,depth,10.5 centimetre
https://m.media-amazon.com/images/I/41yHLTfI54S.jpg,219199,depth,9.6 inch
https://m.media-amazon.com/images/I/41+l4Zpf9OL.jpg,219199,depth,13.0 centimetre
https://m.media-amazon.com/images/I/51bZS1lnFJL.jpg,219199,depth,10.0 inch
https://m.media-amazon.com/images/I/51II0WslyVL.jpg,219199,depth,17.5 centimetre
https://m.media-amazon.com/images/I/61-ZVRNz-wL.jpg,219199,depth,6.0 inch
https://m.media-amazon.com/images/I/61-LIPH42JL.jpg,219199,depth,10.3 inch
https://m.media-amazon.com/images/I/51jaeefD-oS.jpg,219199,depth,24.3 centimetre
https://m.media-amazon.com/images/I/419EbLAuBvL.jpg,219199,depth,33.0 centimetre
https://m.media-amazon.com/images/I/61AvoupB11L.jpg,219199,depth,16.0 centimetre
https://m.media-amazon.com/images/I/51U5c5057XL.jpg,219199,depth,16.0 centimetre
https://m.media-amazon.com/images/I/51Z0wL6LTqL.jpg,219199,depth,27.0 centimetre
https://m.media-amazon.com/images/I/6152x+o9QQL.jpg,219199,depth,13.7 centimetre
https://m.media-amazon.com/images/I/51cWRYT997L.jpg,219199,depth,13.0 centimetre
https://m.media-amazon.com/images/I/51+cJe0V5HL.jpg,219199,depth,10.0 inch
https://m.media-amazon.com/images/I/41mIznwGtJL.jpg,219199,depth,33.0 centimetre
https://m.media-amazon.com/images/I/51-8bCoP7+L.jpg,219199,depth,11.0 centimetre
https://m.media-amazon.com/images/I/612qP1Q0V+L.jpg,219199,depth,27.5 centimetre
https://m.media-amazon.com/images/I/619Zg3qOMML.jpg,219199,depth,30.0 centimetre
https://m.media-amazon.com/images/I/619YOITWDRL.jpg,219199,depth,19.0 centimetre
https://m.media-amazon.com/images/I/51sIdnfaTzL.jpg,219199,depth,9.0 centimetre
https://m.media-amazon.com/images/I/514O7hPIaAL.jpg,219199,depth,8.6 inch
https://m.media-amazon.com/images/I/51drMeenrGS.jpg,219199,depth,8.6 inch
https://m.media-amazon.com/images/I/51A9HWDhlbL.jpg,219199,depth,9.0 inch
https://m.media-amazon.com/images/I/51zgV0oaWzL.jpg,219199,depth,16.5 centimetre
https://m.media-amazon.com/images/I/51xa7kNJVoL.jpg,219199,depth,13.5 centimetre
https://m.media-amazon.com/images/I/41K-5wJFF7L.jpg,219199,depth,12.0 centimetre
https://m.media-amazon.com/images/I/61C+R8TTbdL.jpg,219199,depth,7.2023 inch
https://m.media-amazon.com/images/I/51aWv4vaDdL.jpg,219199,depth,24.3 centimetre
https://m.media-amazon.com/images/I/611nDWc62uL.jpg,219199,depth,22.0 centimetre
https://m.media-amazon.com/images/I/614UqbIeamS.jpg,219199,depth,12.0 centimetre
https://m.media-amazon.com/images/I/41atE3Ym5kL.jpg,219199,depth,12.0 centimetre
https://m.media-amazon.com/images/I/51biDEOvwFL.jpg,219199,depth,7.0 centimetre
https://m.media-amazon.com/images/I/61EAzHXvwbL.jpg,219199,depth,32.0 inch
https://m.media-amazon.com/images/I/51xVckD3B2L.jpg,219199,depth,20.0 centimetre
https://m.media-amazon.com/images/I/41oMqmTZ9AL.jpg,219199,depth,8.7 inch
https://m.media-amazon.com/images/I/51GLtuzo2EL.jpg,219199,depth,16.1 centimetre
https://m.media-amazon.com/images/I/51U91CudjrL.jpg,219199,depth,15.0 centimetre
https://m.media-amazon.com/images/I/61A4SGKMIkL.jpg,219199,depth,16.0 centimetre
https://m.media-amazon.com/images/I/51FvT9YAZSL.jpg,219199,depth,27.0 centimetre
https://m.media-amazon.com/images/I/612yM+HvyoL.jpg,219199,depth,7.0 inch
https://m.media-amazon.com/images/I/51Qu8G7vcnL.jpg,219199,depth,42.5 centimetre
https://m.media-amazon.com/images/I/51BQltTSrSL.jpg,219199,depth,18.0 centimetre
https://m.media-amazon.com/images/I/51rh9-zrYXL.jpg,219199,depth,20.5 centimetre
https://m.media-amazon.com/images/I/41pRDd4QHdL.jpg,219199,depth,7.1 inch
https://m.media-amazon.com/images/I/618L0ZVMMhL.jpg,219199,depth,30.0 centimetre
https://m.media-amazon.com/images/I/51lCHyzOJCL.jpg,219199,depth,29.0 centimetre
https://m.media-amazon.com/images/I/51DdeSCbEmL.jpg,219199,depth,11.02 inch
https://m.media-amazon.com/images/I/618y5pQbYpL.jpg,219199,depth,30.5 centimetre
https://m.media-amazon.com/images/I/517VwmuEQSL.jpg,219199,depth,37.0 centimetre
https://m.media-amazon.com/images/I/51i+gkZp-cL.jpg,219199,depth,10.0 inch
https://m.media-amazon.com/images/I/61FEKuY-MdL.jpg,219199,depth,12.0 inch
https://m.media-amazon.com/images/I/51u6eKFFdwL.jpg,219199,depth,11.22 inch
https://m.media-amazon.com/images/I/410GOM+TReL.jpg,219199,depth,30.0 centimetre
https://m.media-amazon.com/images/I/41tR1IEaVYL.jpg,219199,depth,55.0 centimetre
https://m.media-amazon.com/images/I/51Ocpx2aXWL.jpg,219199,depth,29.0 centimetre
https://m.media-amazon.com/images/I/51dAcUBvc5L.jpg,219199,depth,12.0 inch
