image_link,group_id,entity_name,entity_value
https://m.media-amazon.com/images/I/41+yng5ZRJL.jpg,702157,width,3.11 inch
https://m.media-amazon.com/images/I/51dQ2XhEpML.jpg,702157,width,14.0 millimetre
https://m.media-amazon.com/images/I/41g+mfIyY7L.jpg,702157,width,30.0 millimetre
https://m.media-amazon.com/images/I/51kiRtGKeAS.jpg,702157,width,30.0 centimetre
https://m.media-amazon.com/images/I/510BwvIcCkL.jpg,702157,width,100.0 millimetre
https://m.media-amazon.com/images/I/51HPxYa945L.jpg,702157,width,6.4 centimetre
https://m.media-amazon.com/images/I/51HPxYa945L.jpg,702157,height,14.0 centimetre
https://m.media-amazon.com/images/I/512Oudlx4VL.jpg,702157,width,124.0 millimetre
https://m.media-amazon.com/images/I/51YKUOcBxvL.jpg,702157,width,8.0 centimetre
https://m.media-amazon.com/images/I/51fzjNe++BL.jpg,702157,width,20.0 centimetre
https://m.media-amazon.com/images/I/51fzjNe++BL.jpg,702157,height,20.0 centimetre
https://m.media-amazon.com/images/I/51-2qC+tTmL.jpg,702157,width,3.3 centimetre
https://m.media-amazon.com/images/I/51l7mYgSZnL.jpg,702157,width,5.0 centimetre
https://m.media-amazon.com/images/I/51xefSfHr6L.jpg,702157,width,3.3 centimetre
https://m.media-amazon.com/images/I/51fWT1vdiuL.jpg,702157,width,20.0 centimetre
https://m.media-amazon.com/images/I/51fWT1vdiuL.jpg,702157,height,20.0 centimetre
https://m.media-amazon.com/images/I/41lAPblRhcS.jpg,702157,width,80.0 millimetre
https://m.media-amazon.com/images/I/51nU0Gy5eqL.jpg,702157,width,106.0 millimetre
https://m.media-amazon.com/images/I/51JVDUmXJ-S.jpg,702157,width,17.0 centimetre
https://m.media-amazon.com/images/I/51fl2xV0vYL.jpg,702157,width,12.0 millimetre
https://m.media-amazon.com/images/I/41xzeGwkoIL.jpg,702157,width,3.3 inch
https://m.media-amazon.com/images/I/410vVNmpilL.jpg,702157,width,3.9 inch
https://m.media-amazon.com/images/I/5194dVwJ6PL.jpg,702157,width,255.0 millimetre
https://m.media-amazon.com/images/I/5184RsVVO-L.jpg,702157,width,65.0 millimetre
https://m.media-amazon.com/images/I/615jSDtrhJL.jpg,702157,width,2.36 inch
https://m.media-amazon.com/images/I/51+F1mAhpaL.jpg,702157,width,123.0 millimetre
https://m.media-amazon.com/images/I/51eQ-KSg-QL.jpg,702157,width,10.0 centimetre
https://m.media-amazon.com/images/I/41N6wyyz2fL.jpg,702157,width,5.0 centimetre
https://m.media-amazon.com/images/I/51q286TfIjL.jpg,702157,width,5.0 centimetre
https://m.media-amazon.com/images/I/41MfDSmXggS.jpg,702157,width,150.0 millimetre
https://m.media-amazon.com/images/I/51Rf7VtiR5L.jpg,702157,width,125.0 millimetre
https://m.media-amazon.com/images/I/61CMVu7w8nL.jpg,702157,width,3.3 centimetre
https://m.media-amazon.com/images/I/51f8ZQ1P+aL.jpg,702157,width,5.9 inch
https://m.media-amazon.com/images/I/41IwXfzFy0L.jpg,702157,width,25.0 centimetre
https://m.media-amazon.com/images/I/51yaaUmwICL.jpg,702157,width,65.0 millimetre
https://m.media-amazon.com/images/I/41dGtzGI0dS.jpg,702157,width,3.3 inch
https://m.media-amazon.com/images/I/41ZRLhTLTcL.jpg,702157,height,25.0 centimetre
https://m.media-amazon.com/images/I/51VQF4rj8-L.jpg,702157,height,33.5 centimetre
https://m.media-amazon.com/images/I/61BkfJ2w2fL.jpg,702157,height,17.0 centimetre
https://m.media-amazon.com/images/I/413TKiEwnVL.jpg,702157,height,2.76 inch
https://m.media-amazon.com/images/I/51vqASUt9rL.jpg,702157,height,250.0 millimetre
https://m.media-amazon.com/images/I/51tTtmPMzzL.jpg,702157,height,20.0 centimetre
https://m.media-amazon.com/images/I/512MRJWO56L.jpg,702157,height,174.0 millimetre
https://m.media-amazon.com/images/I/41o0EniSL-L.jpg,702157,height,4.49 inch
https://m.media-amazon.com/images/I/51-BzHEqYWS.jpg,702157,height,20.0 centimetre
https://m.media-amazon.com/images/I/41jIMYrFKKL.jpg,702157,height,130.0 millimetre
https://m.media-amazon.com/images/I/61DPScoPWML.jpg,702157,height,105.0 millimetre
https://m.media-amazon.com/images/I/511KRvBhp4L.jpg,702157,height,19.4 inch
https://m.media-amazon.com/images/I/51prl1FRYuL.jpg,702157,height,33.0 centimetre
https://m.media-amazon.com/images/I/417IVYWWsKL.jpg,702157,height,7.0 inch
https://m.media-amazon.com/images/I/41xoDtis59L.jpg,702157,height,34.0 centimetre
https://m.media-amazon.com/images/I/616ronADAtL.jpg,702157,height,55.0 centimetre
https://m.media-amazon.com/images/I/51CogEgnCJL.jpg,702157,height,17.0 centimetre
https://m.media-amazon.com/images/I/51pbFqw1dAL.jpg,702157,height,175.0 millimetre
https://m.media-amazon.com/images/I/41ZRXLVsBeL.jpg,702157,height,2.76 inch
https://m.media-amazon.com/images/I/41pU-fC4ZzL.jpg,702157,height,7.48 inch
https://m.media-amazon.com/images/I/51n7MtMUyTL.jpg,702157,height,34.0 millimetre
https://m.media-amazon.com/images/I/517MP1b5SpL.jpg,702157,height,20.0 centimetre
https://m.media-amazon.com/images/I/51OFlKHTu6L.jpg,702157,height,28.1 millimetre
https://m.media-amazon.com/images/I/51uxkpuCcfL.jpg,702157,height,12.0 centimetre
https://m.media-amazon.com/images/I/51KaFjznAQL.jpg,702157,height,17.0 centimetre
https://m.media-amazon.com/images/I/51gZQCcWXPL.jpg,702157,height,9.05 inch
https://m.media-amazon.com/images/I/51MfNHZLcjS.jpg,702157,height,2.0 inch
https://m.media-amazon.com/images/I/51Yhsm2FJgL.jpg,702157,height,4.92 inch
https://m.media-amazon.com/images/I/51SqmNtFujL.jpg,702157,height,20.0 centimetre
https://m.media-amazon.com/images/I/51MRtfXB-DL.jpg,702157,height,3.94 inch
https://m.media-amazon.com/images/I/41LvufqKtTL.jpg,702157,height,7.88 inch
https://m.media-amazon.com/images/I/416KhjcKkzL.jpg,702157,height,8.26 inch
https://m.media-amazon.com/images/I/41Bm+2W2GJL.jpg,702157,height,10.83 inch
https://m.media-amazon.com/images/I/51xb3h3caTL.jpg,702157,height,30.0 centimetre
https://m.media-amazon.com/images/I/51QBZRqYz3L.jpg,702157,height,20.0 centimetre
https://m.media-amazon.com/images/I/41nbpWSi+FS.jpg,702157,height,3.66 inch
https://m.media-amazon.com/images/I/5190dfalcQL.jpg,702157,height,4.21 inch
https://m.media-amazon.com/images/I/41Ss3ZHLghL.jpg,702157,height,6.2 inch
https://m.media-amazon.com/images/I/51hRp0TGPyL.jpg,702157,height,140.0 millimetre
https://m.media-amazon.com/images/I/51CUIf6ovtL.jpg,702157,height,35.0 centimetre
https://m.media-amazon.com/images/I/51kFOilM1AL.jpg,702157,height,160.0 millimetre
https://m.media-amazon.com/images/I/51IyFl0x14L.jpg,702157,height,19.2 inch
https://m.media-amazon.com/images/I/617RK-LYC9L.jpg,702157,height,40.0 centimetre
https://m.media-amazon.com/images/I/51PLFNMWwSL.jpg,702157,height,190.0 millimetre
https://m.media-amazon.com/images/I/511xcZB6BQL.jpg,702157,height,116.0 millimetre
https://m.media-amazon.com/images/I/51tjIYVlIBL.jpg,702157,height,30.0 centimetre
https://m.media-amazon.com/images/I/51FnlSCDD1L.jpg,702157,height,6.34 inch
https://m.media-amazon.com/images/I/519QFtEwWgL.jpg,702157,height,185.0 millimetre
https://m.media-amazon.com/images/I/61Fal2BmoeL.jpg,702157,height,20.0 centimetre
https://m.media-amazon.com/images/I/51WoxfHR2mL.jpg,702157,height,18.0 centimetre
https://m.media-amazon.com/images/I/415UxjtC7gL.jpg,702157,height,270.0 millimetre
https://m.media-amazon.com/images/I/51yfU5mX3bL.jpg,702157,height,30.0 centimetre
https://m.media-amazon.com/images/I/41rC8E0L0jL.jpg,702157,height,7.08 inch
https://m.media-amazon.com/images/I/4137voaR11S.jpg,702157,height,5.0 centimetre
https://m.media-amazon.com/images/I/614Xa-mkYhL.jpg,702157,height,210.0 millimetre
https://m.media-amazon.com/images/I/61ABaqUERNL.jpg,702157,height,21.0 centimetre
https://m.media-amazon.com/images/I/51XXzLAovoL.jpg,702157,height,8.5 centimetre
https://m.media-amazon.com/images/I/61265lNq1KL.jpg,702157,height,20.0 centimetre
https://m.media-amazon.com/images/I/51FhcFUx5NL.jpg,702157,height,175.0 millimetre
https://m.media-amazon.com/images/I/41i5aTpbUkL.jpg,702157,height,25.0 centimetre
https://m.media-amazon.com/images/I/51LReaTwSwL.jpg,702157,height,50.0 centimetre
https://m.media-amazon.com/images/I/517IbJPMgHL.jpg,702157,height,8.25 inch
https://m.media-amazon.com/images/I/51a5-91CKMS.jpg,702157,height,80.0 millimetre
https://m.media-amazon.com/images/I/41IJQo6EhGS.jpg,702157,height,9.05 inch
https://m.media-amazon.com/images/I/51TPPLlJYMS.jpg,702157,height,35.0 millimetre
https://m.media-amazon.com/images/I/51vMW-GBFcL.jpg,702157,height,80.0 millimetre
https://m.media-amazon.com/images/I/51TszOoUa3L.jpg,702157,height,20.0 centimetre
https://m.media-amazon.com/images/I/51zOALQIDlL.jpg,702157,height,25.0 centimetre
