image_link,group_id,entity_name,entity_value
https://m.media-amazon.com/images/I/51JdfQ3VoIL.jpg,484042,depth,590.0 millimetre
https://m.media-amazon.com/images/I/617vZwAiXAL.jpg,484042,depth,3.0 metre
https://m.media-amazon.com/images/I/61CosqtSPDL.jpg,484042,depth,200.0 millimetre
https://m.media-amazon.com/images/I/61BqEiThAqL.jpg,484042,depth,450.0 millimetre
https://m.media-amazon.com/images/I/61DQdcHEMBL.jpg,484042,depth,5.0 inch
https://m.media-amazon.com/images/I/51u8vHNp72L.jpg,484042,depth,66.7 centimetre
https://m.media-amazon.com/images/I/515X8hsseGL.jpg,484042,depth,150.0 millimetre
https://m.media-amazon.com/images/I/51dE5KzLVRL.jpg,484042,depth,15.0 centimetre
https://m.media-amazon.com/images/I/617G4C9urFL.jpg,484042,depth,18.0 inch
https://m.media-amazon.com/images/I/61-wy63E1zL.jpg,484042,depth,6.0 inch
https://m.media-amazon.com/images/I/51o7Taj+uUL.jpg,484042,depth,541.5 millimetre
https://m.media-amazon.com/images/I/510IdMr437L.jpg,484042,depth,15.0 centimetre
https://m.media-amazon.com/images/I/51qJmD3xMfL.jpg,484042,depth,10.0 centimetre
https://m.media-amazon.com/images/I/51CgmyCHhWL.jpg,484042,depth,50.0 millimetre
https://m.media-amazon.com/images/I/51VX+OXeJ0L.jpg,484042,depth,16.0 centimetre
https://m.media-amazon.com/images/I/6191z6DSSgL.jpg,484042,depth,6.0 inch
https://m.media-amazon.com/images/I/61Bxo00LIaL.jpg,484042,depth,300.0 millimetre
https://m.media-amazon.com/images/I/51qCgv28C9L.jpg,484042,depth,12.5 centimetre
https://m.media-amazon.com/images/I/41cCGUSESZL.jpg,484042,depth,100.0 millimetre
https://m.media-amazon.com/images/I/51WQw3xqDAL.jpg,484042,depth,10.0 centimetre
https://m.media-amazon.com/images/I/615Yiy+WvZL.jpg,484042,depth,3.0 metre
https://m.media-amazon.com/images/I/51YYY1YNfdL.jpg,484042,depth,10.6 centimetre
https://m.media-amazon.com/images/I/51Rfoxn0EwL.jpg,484042,depth,15.0 centimetre
https://m.media-amazon.com/images/I/51oxD0Jz5AL.jpg,484042,depth,12.0 inch
https://m.media-amazon.com/images/I/51lZq+Y89aL.jpg,484042,depth,4.72 inch
https://m.media-amazon.com/images/I/61G8x9CKD0L.jpg,484042,depth,25.8 centimetre
https://m.media-amazon.com/images/I/618jCvNG8ZS.jpg,484042,depth,11.8 inch
https://m.media-amazon.com/images/I/61-9Lp6iV8L.jpg,484042,depth,125.0 millimetre
https://m.media-amazon.com/images/I/51u+k70LdHL.jpg,484042,depth,15.0 centimetre
https://m.media-amazon.com/images/I/616uwoU8cpL.jpg,484042,depth,200.0 millimetre
https://m.media-amazon.com/images/I/51igQjsnJCL.jpg,484042,depth,200.0 millimetre
https://m.media-amazon.com/images/I/51E397yvAEL.jpg,484042,depth,500.0 millimetre
https://m.media-amazon.com/images/I/511b7pcCqhL.jpg,484042,depth,24.0 inch
https://m.media-amazon.com/images/I/519rwZ3o32L.jpg,484042,depth,200.0 millimetre
https://m.media-amazon.com/images/I/51SSnzDBf9L.jpg,484042,depth,300.0 millimetre
https://m.media-amazon.com/images/I/614KF6vmrRL.jpg,484042,depth,300.0 millimetre
https://m.media-amazon.com/images/I/61FE1lVwtCL.jpg,484042,depth,15.0 centimetre
https://m.media-amazon.com/images/I/612Ucf9B6QL.jpg,484042,depth,20.0 centimetre
https://m.media-amazon.com/images/I/51ilsSdxTWL.jpg,484042,depth,150.0 millimetre
https://m.media-amazon.com/images/I/51hPvsrKYEL.jpg,484042,depth,27.2 centimetre
https://m.media-amazon.com/images/I/51m2onTJSZL.jpg,484042,depth,40.0 centimetre
https://m.media-amazon.com/images/I/61DJm2zjh3L.jpg,484042,depth,27.2 centimetre
https://m.media-amazon.com/images/I/515uSm1RywL.jpg,484042,depth,8.0 inch
https://m.media-amazon.com/images/I/51lC+9CCakL.jpg,484042,depth,6.0 inch
https://m.media-amazon.com/images/I/51fL+-XtOeL.jpg,484042,depth,250.0 millimetre
https://m.media-amazon.com/images/I/61-kpw7Ub8L.jpg,484042,depth,9.0 inch
https://m.media-amazon.com/images/I/615IlLMz3ML.jpg,484042,depth,473.0 millimetre
https://m.media-amazon.com/images/I/610TpcECprL.jpg,484042,depth,15.2 centimetre
https://m.media-amazon.com/images/I/31I+mOPu5GL.jpg,484042,depth,295.0 millimetre
https://m.media-amazon.com/images/I/61AU9qzMs0L.jpg,484042,depth,10.0 inch
https://m.media-amazon.com/images/I/51tyd+MgsAS.jpg,484042,depth,91.0 millimetre
https://m.media-amazon.com/images/I/51jt3U2V7QL.jpg,484042,depth,2.2 inch
https://m.media-amazon.com/images/I/616f39TYdLL.jpg,484042,depth,150.0 millimetre
https://m.media-amazon.com/images/I/51EHEySJaJL.jpg,484042,depth,10.0 inch
https://m.media-amazon.com/images/I/41GO0+dlupL.jpg,484042,depth,4.17 inch
https://m.media-amazon.com/images/I/41zp+7662CL.jpg,484042,depth,10.0 inch
https://m.media-amazon.com/images/I/51pG2zA9EDL.jpg,484042,depth,24.0 inch
https://m.media-amazon.com/images/I/611CVH4wCZL.jpg,484042,depth,3.0 inch
https://m.media-amazon.com/images/I/41vA36Y1bFL.jpg,484042,depth,9.8 centimetre
https://m.media-amazon.com/images/I/615NQSLwQKL.jpg,484042,depth,3.55 inch
https://m.media-amazon.com/images/I/51d24jfjnjL.jpg,484042,depth,200.0 millimetre
https://m.media-amazon.com/images/I/51cg12ClFpS.jpg,484042,depth,20.5 centimetre
https://m.media-amazon.com/images/I/61-c7yIDzxL.jpg,484042,depth,11.0 metre
https://m.media-amazon.com/images/I/41U5HBuyqEL.jpg,484042,depth,8.0 centimetre
https://m.media-amazon.com/images/I/51jWpb+-pOL.jpg,484042,depth,6.0 inch
https://m.media-amazon.com/images/I/51EgbuWkUqL.jpg,484042,depth,105.0 millimetre
https://m.media-amazon.com/images/I/61DAak4K1GL.jpg,484042,depth,16.0 foot
https://m.media-amazon.com/images/I/617+GAg8t9L.jpg,484042,depth,20.0 foot
https://m.media-amazon.com/images/I/410cP7-LN4L.jpg,484042,depth,15.0 centimetre
https://m.media-amazon.com/images/I/51+CIsdfGBL.jpg,484042,depth,200.0 millimetre
https://m.media-amazon.com/images/I/612EyedetdL.jpg,484042,depth,15.7 inch
https://m.media-amazon.com/images/I/517qYL8hEJL.jpg,484042,depth,15.0 centimetre
https://m.media-amazon.com/images/I/31X092svZmL.jpg,484042,depth,105.0 millimetre
https://m.media-amazon.com/images/I/51ZE6h1i2hL.jpg,484042,depth,100.0 millimetre
https://m.media-amazon.com/images/I/6171ObuUyAS.jpg,484042,depth,14.0 centimetre
https://m.media-amazon.com/images/I/51wwZNIPVmL.jpg,484042,depth,300.0 millimetre
https://m.media-amazon.com/images/I/51MxnvvTIsL.jpg,484042,depth,25.0 centimetre
https://m.media-amazon.com/images/I/51jcQmuNIcL.jpg,484042,depth,14.0 inch
https://m.media-amazon.com/images/I/51PbDg5Ut0L.jpg,484042,depth,16.0 inch
https://m.media-amazon.com/images/I/610A7GE8QUL.jpg,484042,depth,12.0 inch
https://m.media-amazon.com/images/I/51h6GKJYjVL.jpg,484042,depth,16.0 inch
https://m.media-amazon.com/images/I/41BdvsysjZL.jpg,484042,depth,16.0 inch
https://m.media-amazon.com/images/I/61Ef5qg8TwL.jpg,484042,depth,47.2 inch
https://m.media-amazon.com/images/I/41qlaqAk1BL.jpg,484042,depth,20.0 centimetre
https://m.media-amazon.com/images/I/51MivFjFHUL.jpg,484042,depth,19.0 centimetre
https://m.media-amazon.com/images/I/612F0COW+BL.jpg,484042,depth,23.6 inch
https://m.media-amazon.com/images/I/51dGaOReflL.jpg,484042,depth,18.0 inch
https://m.media-amazon.com/images/I/612WlmZ1fcL.jpg,484042,depth,80.0 centimetre
https://m.media-amazon.com/images/I/61Ef+Itnu-L.jpg,484042,depth,150.0 millimetre
https://m.media-amazon.com/images/I/41NW545A5DL.jpg,484042,depth,15.0 centimetre
