image_link,group_id,entity_name,entity_value
https://m.media-amazon.com/images/I/61DgPRU3WrL.jpg,120488,width,145.0 millimetre
https://m.media-amazon.com/images/I/618OvwBUuYL.jpg,120488,width,27.0 centimetre
https://m.media-amazon.com/images/I/61FOZyRURJL.jpg,120488,width,205.0 millimetre
https://m.media-amazon.com/images/I/51NHHDFTk-L.jpg,120488,width,61.0 centimetre
https://m.media-amazon.com/images/I/51DebCiaEjL.jpg,120488,width,205.0 millimetre
https://m.media-amazon.com/images/I/51ye+7gR0SL.jpg,120488,width,180.0 millimetre
https://m.media-amazon.com/images/I/51pkjHPhDvL.jpg,120488,width,5.17 inch
https://m.media-amazon.com/images/I/61CvkRiVUUL.jpg,120488,width,31.0 centimetre
https://m.media-amazon.com/images/I/51rrtA9EuUL.jpg,120488,height,170.0 millimetre
https://m.media-amazon.com/images/I/514yAnr2AzL.jpg,120488,height,8.0 inch
https://m.media-amazon.com/images/I/61CQmVsUUTL.jpg,120488,height,16.0 centimetre
https://m.media-amazon.com/images/I/6100kQQ0JFL.jpg,120488,height,7.5 inch
https://m.media-amazon.com/images/I/61BwiRupMjL.jpg,120488,height,5.9 inch
https://m.media-amazon.com/images/I/51FSAHbUhoL.jpg,120488,height,9.0 centimetre
https://m.media-amazon.com/images/I/414auRzPNyL.jpg,120488,height,4.9 centimetre
https://m.media-amazon.com/images/I/41-RXXbWiEL.jpg,120488,height,10.0 inch
https://m.media-amazon.com/images/I/615H2B82pZL.jpg,120488,height,5.91 inch
https://m.media-amazon.com/images/I/51knbfqTQlL.jpg,120488,height,20.5 centimetre
https://m.media-amazon.com/images/I/61DdoCJNG8L.jpg,120488,height,40.0 inch
https://m.media-amazon.com/images/I/614Yk72qIsS.jpg,120488,height,32.0 inch
https://m.media-amazon.com/images/I/6174neCZPUL.jpg,120488,height,3.0 inch
