image_link,group_id,entity_name,entity_value
https://m.media-amazon.com/images/I/6142o44h34L.jpg,150264,width,1.5 inch
https://m.media-amazon.com/images/I/61-7DuPOm6L.jpg,150264,width,2.88 inch
https://m.media-amazon.com/images/I/51ZNsi15dOL.jpg,150264,width,53.0 millimetre
https://m.media-amazon.com/images/I/61ErxneKGOL.jpg,150264,width,50.0 centimetre
https://m.media-amazon.com/images/I/61ErxneKGOL.jpg,150264,depth,60.0 centimetre
https://m.media-amazon.com/images/I/61AxBsUDC6L.jpg,150264,width,1.0 inch
https://m.media-amazon.com/images/I/610NhnQnNhL.jpg,150264,width,1.0 centimetre
https://m.media-amazon.com/images/I/51-pm3w+5PL.jpg,150264,width,85.0 millimetre
https://m.media-amazon.com/images/I/51-pm3w+5PL.jpg,150264,depth,3.9 inch
https://m.media-amazon.com/images/I/617MS6qQQ3L.jpg,150264,width,11.0 inch
https://m.media-amazon.com/images/I/51QnPENnEwL.jpg,150264,width,48.0 millimetre
https://m.media-amazon.com/images/I/61EjOL4re3L.jpg,150264,width,48.0 millimetre
https://m.media-amazon.com/images/I/512gnPjoVqL.jpg,150264,width,1.9 inch
https://m.media-amazon.com/images/I/615uC5Qp0pL.jpg,150264,width,5.0 inch
https://m.media-amazon.com/images/I/61AHW-WLE-L.jpg,150264,width,1.18 inch
https://m.media-amazon.com/images/I/6110G5l4EDL.jpg,150264,width,0.05 metre
https://m.media-amazon.com/images/I/51-6TMaJtwL.jpg,150264,width,3.2 centimetre
https://m.media-amazon.com/images/I/51LMN2zhGKL.jpg,150264,width,2.5 centimetre
https://m.media-amazon.com/images/I/614JnwzCEIS.jpg,150264,width,1.9 inch
https://m.media-amazon.com/images/I/617H5suBGxL.jpg,150264,width,3.0 inch
https://m.media-amazon.com/images/I/61AVeBEm7sL.jpg,150264,width,62.0 millimetre
https://m.media-amazon.com/images/I/51T4tXsUOJL.jpg,150264,width,40.0 centimetre
https://m.media-amazon.com/images/I/51ojeW6TQ9L.jpg,150264,width,60.0 millimetre
https://m.media-amazon.com/images/I/51p8jK6Zy8L.jpg,150264,width,1.3 inch
https://m.media-amazon.com/images/I/41uX2Omt-DL.jpg,150264,width,10.0 millimetre
https://m.media-amazon.com/images/I/51GeIH2AVrL.jpg,150264,width,50.0 millimetre
https://m.media-amazon.com/images/I/51L1Puj+VLL.jpg,150264,depth,4.8 centimetre
https://m.media-amazon.com/images/I/6148oIgdhML.jpg,150264,depth,6.0 inch
https://m.media-amazon.com/images/I/51XSDzw6rZL.jpg,150264,depth,13.0 centimetre
https://m.media-amazon.com/images/I/51+cZxgWGML.jpg,150264,depth,2.0 inch
https://m.media-amazon.com/images/I/51wkKmoz9vL.jpg,150264,depth,8.0 inch
https://m.media-amazon.com/images/I/51-YW-0vlYL.jpg,150264,depth,60.0 millimetre
https://m.media-amazon.com/images/I/51pKOqyuYKL.jpg,150264,depth,8.0 centimetre
https://m.media-amazon.com/images/I/61ECNLi4NsL.jpg,150264,depth,2.0 inch
https://m.media-amazon.com/images/I/51kjJ0Op3VL.jpg,150264,depth,10.0 inch
https://m.media-amazon.com/images/I/51ZDQoNkadL.jpg,150264,depth,1.97 inch
https://m.media-amazon.com/images/I/51wlBcDHLzL.jpg,150264,depth,76.0 millimetre
https://m.media-amazon.com/images/I/41EkWMjgTUL.jpg,150264,depth,20.0 centimetre
https://m.media-amazon.com/images/I/51nrY37m3OL.jpg,150264,depth,2.0 inch
https://m.media-amazon.com/images/I/51QaiMMgrbL.jpg,150264,depth,8.3 centimetre
https://m.media-amazon.com/images/I/51AzTVXNC6L.jpg,150264,depth,37.3 centimetre
https://m.media-amazon.com/images/I/51gtB9XuFkL.jpg,150264,depth,8.2 centimetre
https://m.media-amazon.com/images/I/51Ml2QwAftS.jpg,150264,depth,0.5 metre
https://m.media-amazon.com/images/I/61DfZ46fC1L.jpg,150264,depth,65.0 millimetre
https://m.media-amazon.com/images/I/618Pp8zDszL.jpg,150264,depth,86.0 millimetre
https://m.media-amazon.com/images/I/51jMjpZxTwL.jpg,150264,depth,8.2 centimetre
https://m.media-amazon.com/images/I/615B0+NBcsL.jpg,150264,depth,20.0 centimetre
https://m.media-amazon.com/images/I/51xpMKSjzWL.jpg,150264,depth,8.2 centimetre
https://m.media-amazon.com/images/I/61-Jp5QxVOL.jpg,150264,depth,95.0 millimetre
https://m.media-amazon.com/images/I/613yzipDKxL.jpg,150264,depth,60.0 millimetre
https://m.media-amazon.com/images/I/61FrudMt4ZL.jpg,150264,depth,4.0 inch
https://m.media-amazon.com/images/I/61BssATEmaL.jpg,150264,depth,180.0 millimetre
https://m.media-amazon.com/images/I/612lOZHXh-L.jpg,150264,depth,6.5 centimetre
https://m.media-amazon.com/images/I/61G1EZazBVL.jpg,150264,depth,55.0 millimetre
https://m.media-amazon.com/images/I/61BH7-0o52L.jpg,150264,depth,12.0 inch
https://m.media-amazon.com/images/I/51LqjbVjRiL.jpg,150264,depth,6.0 centimetre
https://m.media-amazon.com/images/I/611S9q+uM4L.jpg,150264,depth,9.0 inch
https://m.media-amazon.com/images/I/61GHc0Bpv2L.jpg,150264,depth,30.0 centimetre
https://m.media-amazon.com/images/I/51yLWn44BoL.jpg,150264,depth,7.0 inch
https://m.media-amazon.com/images/I/51x6O6TCjPL.jpg,150264,depth,2.0 centimetre
https://m.media-amazon.com/images/I/51OdgkZEEjL.jpg,150264,depth,3.62 inch
https://m.media-amazon.com/images/I/610Had4wMtL.jpg,150264,depth,9.0 inch
https://m.media-amazon.com/images/I/51Ne-o8UaiL.jpg,150264,depth,35.0 millimetre
https://m.media-amazon.com/images/I/51VwxHMpfNL.jpg,150264,depth,110.0 millimetre
https://m.media-amazon.com/images/I/51KvnoRT7BS.jpg,150264,depth,7.5 centimetre
