image_link,group_id,entity_name,entity_value
https://m.media-amazon.com/images/I/51Nrk-yvKvL.jpg,667319,width,5.0 centimetre
https://m.media-amazon.com/images/I/51jfyBwtzHL.jpg,667319,width,10.2 inch
https://m.media-amazon.com/images/I/615JuhVnw9L.jpg,667319,width,32.0 centimetre
https://m.media-amazon.com/images/I/615JuhVnw9L.jpg,667319,height,2.0 inch
https://m.media-amazon.com/images/I/611LIxpx0DL.jpg,667319,width,7.0 centimetre
https://m.media-amazon.com/images/I/61G2jgvgLyL.jpg,667319,width,26.0 centimetre
https://m.media-amazon.com/images/I/51dQyjIzcHL.jpg,667319,width,5.5 centimetre
https://m.media-amazon.com/images/I/51dQyjIzcHL.jpg,667319,height,18.0 centimetre
https://m.media-amazon.com/images/I/61EULoPQMPL.jpg,667319,width,27.0 centimetre
https://m.media-amazon.com/images/I/51xT+9xHMlL.jpg,667319,width,30.0 centimetre
https://m.media-amazon.com/images/I/619AbyXENGS.jpg,667319,width,45.5 centimetre
https://m.media-amazon.com/images/I/61+zVNvKERL.jpg,667319,width,35.0 centimetre
https://m.media-amazon.com/images/I/615U6g5NEBS.jpg,667319,width,34.0 centimetre
https://m.media-amazon.com/images/I/51U31AgS8DS.jpg,667319,width,32.0 centimetre
https://m.media-amazon.com/images/I/61DSPHoqfDL.jpg,667319,width,9.5 inch
https://m.media-amazon.com/images/I/51+pq9b3-iL.jpg,667319,width,40.5 centimetre
https://m.media-amazon.com/images/I/51CoiuE-WDL.jpg,667319,width,35.0 centimetre
https://m.media-amazon.com/images/I/51C+lhtJ8nL.jpg,667319,width,34.0 centimetre
https://m.media-amazon.com/images/I/51D5xQG113L.jpg,667319,height,120.0 centimetre
https://m.media-amazon.com/images/I/613FaTrX7lL.jpg,667319,height,8.0 centimetre
https://m.media-amazon.com/images/I/51O91885ZmS.jpg,667319,height,960.0 millimetre
https://m.media-amazon.com/images/I/51uyZtehkYL.jpg,667319,height,29.0 centimetre
https://m.media-amazon.com/images/I/51-9lVwgDIL.jpg,667319,height,22.0 centimetre
https://m.media-amazon.com/images/I/61DD74l4O+L.jpg,667319,height,22.0 centimetre
https://m.media-amazon.com/images/I/51KoAMy0YnL.jpg,667319,height,24.0 centimetre
https://m.media-amazon.com/images/I/51I6xvOyS2L.jpg,667319,height,40.0 centimetre
https://m.media-amazon.com/images/I/61D1AVGuSmL.jpg,667319,height,1020.0 millimetre
https://m.media-amazon.com/images/I/51V3RObi5hL.jpg,667319,height,29.0 centimetre
https://m.media-amazon.com/images/I/51D7SMQsT6L.jpg,667319,height,28.5 centimetre
https://m.media-amazon.com/images/I/51XZth2a6zL.jpg,667319,height,230.0 millimetre
https://m.media-amazon.com/images/I/5151Yw8US1L.jpg,667319,height,24.5 centimetre
https://m.media-amazon.com/images/I/51NuTlnEDuL.jpg,667319,height,29.0 centimetre
https://m.media-amazon.com/images/I/51S3hr6Tk-L.jpg,667319,height,7.5 centimetre
https://m.media-amazon.com/images/I/61E-itrHt-L.jpg,667319,height,14.0 centimetre
https://m.media-amazon.com/images/I/51ALHLR7MLL.jpg,667319,height,27.0 centimetre
https://m.media-amazon.com/images/I/51mMVwnck6L.jpg,667319,height,4.3 inch
https://m.media-amazon.com/images/I/511UhRhLNML.jpg,667319,height,40.0 centimetre
https://m.media-amazon.com/images/I/51hMJHc6lTL.jpg,667319,height,12.0 centimetre
https://m.media-amazon.com/images/I/511oDSHY97L.jpg,667319,height,28.5 centimetre
https://m.media-amazon.com/images/I/51LPanMnM0L.jpg,667319,height,27.5 centimetre
https://m.media-amazon.com/images/I/41teBgSBe7S.jpg,667319,height,480.0 millimetre
https://m.media-amazon.com/images/I/51kc8jZddaL.jpg,667319,height,30.5 centimetre
