image_link,group_id,entity_name,entity_value
https://m.media-amazon.com/images/I/6167tTvgJJL.jpg,351134,width,20.0 centimetre
https://m.media-amazon.com/images/I/6167tTvgJJL.jpg,351134,height,20.0 centimetre
https://m.media-amazon.com/images/I/51CcJ00NEZL.jpg,351134,width,15.7 centimetre
https://m.media-amazon.com/images/I/61+OJw-W4nL.jpg,351134,width,1.73 inch
https://m.media-amazon.com/images/I/51DrB22H24L.jpg,351134,width,5.5 centimetre
https://m.media-amazon.com/images/I/516AIFyoQPS.jpg,351134,width,4.3 inch
https://m.media-amazon.com/images/I/51aB3kjtgyL.jpg,351134,width,16.0 centimetre
https://m.media-amazon.com/images/I/51YZIhLA8LL.jpg,351134,width,3.14 inch
https://m.media-amazon.com/images/I/513SV7ZvqsL.jpg,351134,width,16.0 centimetre
https://m.media-amazon.com/images/I/615ndXYbnRL.jpg,351134,width,15.0 centimetre
https://m.media-amazon.com/images/I/615ndXYbnRL.jpg,351134,height,7.9 inch
https://m.media-amazon.com/images/I/41dylibRi0L.jpg,351134,width,3.93 inch
https://m.media-amazon.com/images/I/51q4pPUV+hL.jpg,351134,width,1.0 inch
https://m.media-amazon.com/images/I/6103FbXb6VL.jpg,351134,width,15.0 centimetre
https://m.media-amazon.com/images/I/6103FbXb6VL.jpg,351134,depth,30.0 centimetre
https://m.media-amazon.com/images/I/51AL4IB7IOL.jpg,351134,width,50.0 millimetre
https://m.media-amazon.com/images/I/61EnLbarDJL.jpg,351134,width,16.0 centimetre
https://m.media-amazon.com/images/I/61EnLbarDJL.jpg,351134,height,20.5 centimetre
https://m.media-amazon.com/images/I/41b2Bp9ih3L.jpg,351134,width,4.5 centimetre
https://m.media-amazon.com/images/I/41b2Bp9ih3L.jpg,351134,depth,22.0 centimetre
https://m.media-amazon.com/images/I/51kVxTRqYCL.jpg,351134,width,6.5 centimetre
https://m.media-amazon.com/images/I/51ZdrXn8PlS.jpg,351134,width,3.54 inch
https://m.media-amazon.com/images/I/51wkYr-0ybL.jpg,351134,width,24.0 centimetre
https://m.media-amazon.com/images/I/612NukU9d3L.jpg,351134,width,4.7 inch
https://m.media-amazon.com/images/I/51YIDT7xNRL.jpg,351134,width,24.0 centimetre
https://m.media-amazon.com/images/I/51pwOgWnMgL.jpg,351134,width,2.0 centimetre
https://m.media-amazon.com/images/I/41wXswCGpQL.jpg,351134,width,3.2 inch
https://m.media-amazon.com/images/I/51mlWQH1nzL.jpg,351134,width,8.0 inch
https://m.media-amazon.com/images/I/517cN-+vbBL.jpg,351134,width,7.5 inch
https://m.media-amazon.com/images/I/61DsUvZl0WL.jpg,351134,width,3.23 inch
https://m.media-amazon.com/images/I/616L4yIYrAL.jpg,351134,width,8.0 inch
https://m.media-amazon.com/images/I/51lMV2hTPZL.jpg,351134,width,6.5 centimetre
https://m.media-amazon.com/images/I/610OJUKQFYL.jpg,351134,width,32.0 centimetre
https://m.media-amazon.com/images/I/417BBNvzPvL.jpg,351134,width,17.7 inch
https://m.media-amazon.com/images/I/61AOexbP0sL.jpg,351134,width,6.69 inch
https://m.media-amazon.com/images/I/51VNo4UhMbL.jpg,351134,width,20.0 centimetre
https://m.media-amazon.com/images/I/614cTbi4tVL.jpg,351134,width,5.9 inch
https://m.media-amazon.com/images/I/614cTbi4tVL.jpg,351134,depth,27.0 centimetre
https://m.media-amazon.com/images/I/614cTbi4tVL.jpg,351134,height,22.0 centimetre
https://m.media-amazon.com/images/I/51-twCDTZUL.jpg,351134,width,16.0 centimetre
https://m.media-amazon.com/images/I/51t5r0lOlPL.jpg,351134,width,10.4 inch
https://m.media-amazon.com/images/I/51t5r0lOlPL.jpg,351134,height,2.0 inch
https://m.media-amazon.com/images/I/51Ig4yy5iPL.jpg,351134,width,13.0 centimetre
https://m.media-amazon.com/images/I/51DVID3Lk8L.jpg,351134,width,12.6 inch
https://m.media-amazon.com/images/I/61-s-tkubmL.jpg,351134,width,4.0 centimetre
https://m.media-amazon.com/images/I/514aOO4Ng3L.jpg,351134,width,9.45 inch
https://m.media-amazon.com/images/I/51bDniWtfPL.jpg,351134,width,21.0 centimetre
https://m.media-amazon.com/images/I/61FP4hWy34L.jpg,351134,width,4.0 inch
https://m.media-amazon.com/images/I/51LbzfeFn5L.jpg,351134,width,21.0 centimetre
https://m.media-amazon.com/images/I/51LbzfeFn5L.jpg,351134,height,20.0 centimetre
https://m.media-amazon.com/images/I/51I2PqEDZBL.jpg,351134,width,5.0 centimetre
https://m.media-amazon.com/images/I/51+-XZik6HL.jpg,351134,width,30.0 centimetre
https://m.media-amazon.com/images/I/51J-fVVrHnL.jpg,351134,width,4.52 inch
https://m.media-amazon.com/images/I/51xDSzDDbAL.jpg,351134,width,2.5 centimetre
https://m.media-amazon.com/images/I/51OK+pYS8wL.jpg,351134,width,16.5 centimetre
https://m.media-amazon.com/images/I/413+YoZlPoL.jpg,351134,width,18.0 centimetre
https://m.media-amazon.com/images/I/51lfA55iA8L.jpg,351134,width,20.0 centimetre
https://m.media-amazon.com/images/I/51IfZEqZDBL.jpg,351134,width,20.0 centimetre
https://m.media-amazon.com/images/I/51CwaR64iML.jpg,351134,width,16.0 centimetre
https://m.media-amazon.com/images/I/51nHdQ2z7NL.jpg,351134,width,9.5 centimetre
https://m.media-amazon.com/images/I/51nHdQ2z7NL.jpg,351134,height,17.0 centimetre
https://m.media-amazon.com/images/I/51Yg43Io+EL.jpg,351134,width,21.0 centimetre
https://m.media-amazon.com/images/I/51lwZfFG3dL.jpg,351134,width,30.0 centimetre
https://m.media-amazon.com/images/I/51lwZfFG3dL.jpg,351134,height,20.0 centimetre
https://m.media-amazon.com/images/I/51ay9ltckyL.jpg,351134,width,9.8 inch
https://m.media-amazon.com/images/I/51DPOzPPtAL.jpg,351134,width,36.0 centimetre
https://m.media-amazon.com/images/I/41OC685Ov+L.jpg,351134,width,12.0 centimetre
https://m.media-amazon.com/images/I/5187MuuaDRL.jpg,351134,width,17.9 centimetre
https://m.media-amazon.com/images/I/5187MuuaDRL.jpg,351134,height,35.0 centimetre
https://m.media-amazon.com/images/I/615D47OJ2oL.jpg,351134,width,25.0 centimetre
https://m.media-amazon.com/images/I/619b3W8KjUL.jpg,351134,width,6.9 inch
https://m.media-amazon.com/images/I/619b3W8KjUL.jpg,351134,height,16.7 inch
https://m.media-amazon.com/images/I/6179W8lsA7L.jpg,351134,width,3.5 inch
https://m.media-amazon.com/images/I/51kgGKbNjAL.jpg,351134,width,5.1 centimetre
https://m.media-amazon.com/images/I/51YdoN7KfJL.jpg,351134,width,9.6 centimetre
https://m.media-amazon.com/images/I/51EyDtsuNfL.jpg,351134,width,11.0 centimetre
https://m.media-amazon.com/images/I/51OOYHR3njL.jpg,351134,width,12.9 centimetre
https://m.media-amazon.com/images/I/51+OolMaYXL.jpg,351134,width,8.0 inch
https://m.media-amazon.com/images/I/51+OolMaYXL.jpg,351134,depth,30.0 centimetre
https://m.media-amazon.com/images/I/51+CMu+krTL.jpg,351134,width,229.0 millimetre
https://m.media-amazon.com/images/I/511cg6TrllL.jpg,351134,width,7.1 inch
https://m.media-amazon.com/images/I/51sd8FOdqML.jpg,351134,width,12.6 inch
https://m.media-amazon.com/images/I/51WeEp-WyQL.jpg,351134,width,4.0 centimetre
https://m.media-amazon.com/images/I/51if835yLAL.jpg,351134,width,16.0 centimetre
https://m.media-amazon.com/images/I/611etxybXNL.jpg,351134,width,25.0 centimetre
https://m.media-amazon.com/images/I/51Q9gzZAibL.jpg,351134,width,12.0 centimetre
https://m.media-amazon.com/images/I/41F8VPUQTdL.jpg,351134,width,8.45 inch
https://m.media-amazon.com/images/I/51SqdtbzMHL.jpg,351134,width,1.9 inch
https://m.media-amazon.com/images/I/61FDYcDJLhL.jpg,351134,width,15.0 centimetre
https://m.media-amazon.com/images/I/613Ppvr1wYL.jpg,351134,width,4.75 centimetre
https://m.media-amazon.com/images/I/610WuQF7keL.jpg,351134,width,12.0 centimetre
https://m.media-amazon.com/images/I/51ktQ+UVJrL.jpg,351134,width,16.0 centimetre
https://m.media-amazon.com/images/I/51ktQ+UVJrL.jpg,351134,height,25.5 centimetre
https://m.media-amazon.com/images/I/51J+VOsYDuL.jpg,351134,width,25.0 centimetre
https://m.media-amazon.com/images/I/51g0OmehlmL.jpg,351134,width,11.0 centimetre
https://m.media-amazon.com/images/I/51837Vj3mOL.jpg,351134,width,3.9 inch
https://m.media-amazon.com/images/I/51nWzDLhp0L.jpg,351134,width,20.0 centimetre
https://m.media-amazon.com/images/I/51vPtUAzQ3S.jpg,351134,width,7.4 centimetre
https://m.media-amazon.com/images/I/518doW-4ySL.jpg,351134,width,3.0 centimetre
https://m.media-amazon.com/images/I/61DRtAHcyPL.jpg,351134,width,2.6 inch
https://m.media-amazon.com/images/I/61AovQyFi+L.jpg,351134,width,160.0 millimetre
https://m.media-amazon.com/images/I/51Xj3j+KsvL.jpg,351134,width,11.8 inch
https://m.media-amazon.com/images/I/51Xj3j+KsvL.jpg,351134,height,11.8 inch
https://m.media-amazon.com/images/I/61GL5N46+NL.jpg,351134,width,35.0 centimetre
https://m.media-amazon.com/images/I/617NxoFUlvL.jpg,351134,width,2.5 inch
https://m.media-amazon.com/images/I/51G9J6CJ+QL.jpg,351134,width,3.7 inch
https://m.media-amazon.com/images/I/51G9J6CJ+QL.jpg,351134,depth,11.0 inch
https://m.media-amazon.com/images/I/61BE00FPxYL.jpg,351134,width,32.0 centimetre
https://m.media-amazon.com/images/I/51kBvH0U5kL.jpg,351134,width,3.9 inch
https://m.media-amazon.com/images/I/41mrRht0l6L.jpg,351134,width,20.0 centimetre
https://m.media-amazon.com/images/I/51SkEBbv+QL.jpg,351134,width,10.63 inch
https://m.media-amazon.com/images/I/515wHfIzHmL.jpg,351134,width,15.0 centimetre
https://m.media-amazon.com/images/I/515wHfIzHmL.jpg,351134,depth,25.0 centimetre
https://m.media-amazon.com/images/I/51PXMUriNvL.jpg,351134,width,3.0 inch
https://m.media-amazon.com/images/I/51PXMUriNvL.jpg,351134,depth,9.0 inch
https://m.media-amazon.com/images/I/51PXMUriNvL.jpg,351134,height,3.0 inch
https://m.media-amazon.com/images/I/41a1j3P6WjL.jpg,351134,width,4.7 inch
https://m.media-amazon.com/images/I/51UOyac6-yL.jpg,351134,depth,21.0 centimetre
https://m.media-amazon.com/images/I/51ziI5w7qLL.jpg,351134,depth,27.0 centimetre
https://m.media-amazon.com/images/I/51NQVQvz4QL.jpg,351134,depth,12.0 centimetre
https://m.media-amazon.com/images/I/51L5U0Cw8mL.jpg,351134,depth,22.0 centimetre
https://m.media-amazon.com/images/I/610hi9X9aYL.jpg,351134,depth,10.0 centimetre
https://m.media-amazon.com/images/I/61Aep3zKOAL.jpg,351134,depth,1.8 inch
https://m.media-amazon.com/images/I/51et3uCJHkL.jpg,351134,depth,30.0 centimetre
https://m.media-amazon.com/images/I/51nbfvnmdDL.jpg,351134,depth,30.0 centimetre
https://m.media-amazon.com/images/I/61Blig7widL.jpg,351134,depth,4.0 inch
https://m.media-amazon.com/images/I/516vxxCBz2L.jpg,351134,depth,10.0 centimetre
https://m.media-amazon.com/images/I/516vxxCBz2L.jpg,351134,height,10.0 centimetre
https://m.media-amazon.com/images/I/51UMIsbUEgL.jpg,351134,depth,22.0 centimetre
https://m.media-amazon.com/images/I/6196vJz4TJL.jpg,351134,depth,25.0 centimetre
https://m.media-amazon.com/images/I/619-Sh35SML.jpg,351134,depth,11.8 inch
https://m.media-amazon.com/images/I/61D4NenTxIL.jpg,351134,depth,2.36 inch
https://m.media-amazon.com/images/I/615j0dJZkbL.jpg,351134,depth,10.0 inch
https://m.media-amazon.com/images/I/61+EsGuy4yL.jpg,351134,depth,15.0 centimetre
https://m.media-amazon.com/images/I/51Dv4vw0i2L.jpg,351134,depth,7.6 inch
https://m.media-amazon.com/images/I/51SHD7v+LdL.jpg,351134,depth,235.0 millimetre
https://m.media-amazon.com/images/I/51PGcXJZLuS.jpg,351134,depth,6.0 inch
https://m.media-amazon.com/images/I/51+CGEWRrlS.jpg,351134,depth,20.0 centimetre
https://m.media-amazon.com/images/I/61AgC3qzq2L.jpg,351134,depth,6.4 centimetre
https://m.media-amazon.com/images/I/51oZwQPOgaS.jpg,351134,depth,350.0 millimetre
https://m.media-amazon.com/images/I/61F68LQx2iL.jpg,351134,depth,28.0 centimetre
https://m.media-amazon.com/images/I/5171eXr-KjL.jpg,351134,depth,3.5 inch
https://m.media-amazon.com/images/I/61Du9OgblwL.jpg,351134,depth,9.8 inch
https://m.media-amazon.com/images/I/51wePavv-6L.jpg,351134,depth,25.0 centimetre
https://m.media-amazon.com/images/I/41y4dsGHDgL.jpg,351134,depth,24.5 centimetre
https://m.media-amazon.com/images/I/51lAV9o5nDL.jpg,351134,depth,10.0 inch
https://m.media-amazon.com/images/I/61CoLcx3u8L.jpg,351134,depth,18.0 inch
https://m.media-amazon.com/images/I/51jeh-G9saL.jpg,351134,depth,21.5 centimetre
https://m.media-amazon.com/images/I/51nMaXHHtYL.jpg,351134,depth,24.5 centimetre
https://m.media-amazon.com/images/I/51OOta4bvJL.jpg,351134,depth,10.9 inch
https://m.media-amazon.com/images/I/51awXMIVttS.jpg,351134,depth,10.2 inch
https://m.media-amazon.com/images/I/41+wcBdK5hL.jpg,351134,depth,25.0 centimetre
https://m.media-amazon.com/images/I/618PBHad7oL.jpg,351134,depth,12.0 inch
https://m.media-amazon.com/images/I/518iyakT7mL.jpg,351134,depth,6.5 inch
https://m.media-amazon.com/images/I/51dau2QCNJL.jpg,351134,depth,26.0 centimetre
https://m.media-amazon.com/images/I/61-WzUcA30L.jpg,351134,depth,7.52 inch
https://m.media-amazon.com/images/I/511-RWy1JCL.jpg,351134,depth,12.5 inch
https://m.media-amazon.com/images/I/51zP2EvCV4L.jpg,351134,depth,41.0 centimetre
https://m.media-amazon.com/images/I/615xdRdRl2L.jpg,351134,depth,11.8 inch
https://m.media-amazon.com/images/I/51x814vq4HL.jpg,351134,depth,50.0 centimetre
https://m.media-amazon.com/images/I/519EkNURVTL.jpg,351134,depth,12.0 centimetre
https://m.media-amazon.com/images/I/51OfmBn80zL.jpg,351134,depth,12.1 inch
https://m.media-amazon.com/images/I/51qssDnJWHL.jpg,351134,depth,3.3 inch
https://m.media-amazon.com/images/I/51i8h93fLYL.jpg,351134,depth,3.2 inch
https://m.media-amazon.com/images/I/61De6EMimFL.jpg,351134,depth,22.5 centimetre
https://m.media-amazon.com/images/I/41Dj5zQnVEL.jpg,351134,depth,7.0 centimetre
https://m.media-amazon.com/images/I/516w7LoKLjL.jpg,351134,depth,41.0 centimetre
https://m.media-amazon.com/images/I/51Z6XnDFJvL.jpg,351134,depth,70.0 millimetre
https://m.media-amazon.com/images/I/51wF9ipEEvL.jpg,351134,depth,36.0 centimetre
https://m.media-amazon.com/images/I/51bk--EDrCL.jpg,351134,depth,320.0 centimetre
https://m.media-amazon.com/images/I/51dclcIZmrL.jpg,351134,depth,3.15 inch
https://m.media-amazon.com/images/I/51r+toJV6xL.jpg,351134,depth,19.7 inch
https://m.media-amazon.com/images/I/51pUk2QC6VL.jpg,351134,depth,19.7 inch
https://m.media-amazon.com/images/I/51efvNqHaqS.jpg,351134,depth,12.99 inch
https://m.media-amazon.com/images/I/51KS68V3d-L.jpg,351134,depth,36.0 centimetre
https://m.media-amazon.com/images/I/61+vxcZOwVL.jpg,351134,depth,17.5 inch
https://m.media-amazon.com/images/I/514-yYoZn6L.jpg,351134,depth,20.0 centimetre
https://m.media-amazon.com/images/I/51XpBSZtNAL.jpg,351134,depth,23.0 centimetre
https://m.media-amazon.com/images/I/6140GEvuZPL.jpg,351134,depth,28.0 centimetre
https://m.media-amazon.com/images/I/51yh7sYeVoL.jpg,351134,depth,11.46 inch
https://m.media-amazon.com/images/I/51NAARvXpwL.jpg,351134,depth,19.7 inch
https://m.media-amazon.com/images/I/51NAARvXpwL.jpg,351134,height,31.5 inch
https://m.media-amazon.com/images/I/51pyFZ+Bm3L.jpg,351134,depth,30.0 centimetre
https://m.media-amazon.com/images/I/51d2sm48wTL.jpg,351134,depth,300.0 millimetre
https://m.media-amazon.com/images/I/61E0nH8jjuL.jpg,351134,depth,4.52 inch
https://m.media-amazon.com/images/I/615aWckOBLL.jpg,351134,depth,11.0 centimetre
https://m.media-amazon.com/images/I/617bPwBcMZL.jpg,351134,depth,25.5 centimetre
https://m.media-amazon.com/images/I/51tkyZ-yeGL.jpg,351134,depth,30.0 centimetre
https://m.media-amazon.com/images/I/51tkyZ-yeGL.jpg,351134,height,10.0 centimetre
https://m.media-amazon.com/images/I/51wllOq9s2L.jpg,351134,depth,22.0 centimetre
https://m.media-amazon.com/images/I/51wllOq9s2L.jpg,351134,height,22.0 centimetre
https://m.media-amazon.com/images/I/51Q+vDjuMDL.jpg,351134,depth,72.0 millimetre
https://m.media-amazon.com/images/I/61AFAyoR7DL.jpg,351134,depth,82.0 centimetre
https://m.media-amazon.com/images/I/51u-fjeSjDL.jpg,351134,depth,7.8 centimetre
https://m.media-amazon.com/images/I/61Ab+uMe95L.jpg,351134,depth,26.0 centimetre
https://m.media-amazon.com/images/I/41zgLJRNxBL.jpg,351134,depth,17.0 inch
https://m.media-amazon.com/images/I/511noJAC+EL.jpg,351134,depth,9.5 centimetre
https://m.media-amazon.com/images/I/51EF-m3mckL.jpg,351134,depth,22.0 centimetre
https://m.media-amazon.com/images/I/51ayKRO4aRL.jpg,351134,depth,10.8 inch
https://m.media-amazon.com/images/I/61DsP8AmEsL.jpg,351134,depth,3.03 inch
https://m.media-amazon.com/images/I/61D8Vs6gpjL.jpg,351134,depth,5.5 centimetre
https://m.media-amazon.com/images/I/51nLDKOvlYL.jpg,351134,depth,16.0 centimetre
https://m.media-amazon.com/images/I/51wIqhwIo4L.jpg,351134,depth,7.2 inch
https://m.media-amazon.com/images/I/51X8qMr8Z-L.jpg,351134,depth,4.3 inch
https://m.media-amazon.com/images/I/51X8qMr8Z-L.jpg,351134,height,1.8 inch
https://m.media-amazon.com/images/I/51vWtThIljL.jpg,351134,depth,32.0 centimetre
https://m.media-amazon.com/images/I/51AsyDSeFxL.jpg,351134,depth,18.0 centimetre
https://m.media-amazon.com/images/I/610g7M+L7eL.jpg,351134,depth,42.0 centimetre
https://m.media-amazon.com/images/I/611aeW7Tr3L.jpg,351134,depth,13.8 inch
https://m.media-amazon.com/images/I/51112KbcjVL.jpg,351134,depth,8.8 centimetre
https://m.media-amazon.com/images/I/610FvPPbhXL.jpg,351134,depth,14.0 inch
https://m.media-amazon.com/images/I/61FKO9YVo7L.jpg,351134,depth,13.0 inch
https://m.media-amazon.com/images/I/61Ch6qZwJAL.jpg,351134,depth,71.0 centimetre
https://m.media-amazon.com/images/I/51oCAXRTbxL.jpg,351134,depth,2.75 inch
https://m.media-amazon.com/images/I/61-Zcj4IbrL.jpg,351134,depth,30.0 centimetre
https://m.media-amazon.com/images/I/61Cuog6yQ-L.jpg,351134,depth,35.0 centimetre
https://m.media-amazon.com/images/I/51bEHHUrbXL.jpg,351134,depth,13.76 inch
https://m.media-amazon.com/images/I/616UtwdXltL.jpg,351134,depth,30.0 centimetre
https://m.media-amazon.com/images/I/51i6LtxvlwL.jpg,351134,depth,11.8 inch
https://m.media-amazon.com/images/I/51v7A2GPmmL.jpg,351134,depth,15.0 centimetre
https://m.media-amazon.com/images/I/516Owyp6flL.jpg,351134,depth,6.7 centimetre
https://m.media-amazon.com/images/I/51W4QLIekbL.jpg,351134,depth,10.0 centimetre
https://m.media-amazon.com/images/I/41GinsVKjlL.jpg,351134,depth,9.72 inch
https://m.media-amazon.com/images/I/41GinsVKjlL.jpg,351134,height,2.08 inch
https://m.media-amazon.com/images/I/610js7Ozx8L.jpg,351134,depth,29.0 centimetre
https://m.media-amazon.com/images/I/51923iJ5LdL.jpg,351134,depth,38.0 centimetre
https://m.media-amazon.com/images/I/51vBTwK480S.jpg,351134,depth,117.0 millimetre
https://m.media-amazon.com/images/I/51vBTwK480S.jpg,351134,height,206.0 millimetre
https://m.media-amazon.com/images/I/51G7q4MetEL.jpg,351134,depth,20.0 centimetre
https://m.media-amazon.com/images/I/51KeRzBLZ9S.jpg,351134,depth,5.12 inch
https://m.media-amazon.com/images/I/41sSWa9LpxL.jpg,351134,depth,7.5 centimetre
https://m.media-amazon.com/images/I/617s-m7x-jL.jpg,351134,depth,41.0 centimetre
https://m.media-amazon.com/images/I/41GoLLskmYL.jpg,351134,depth,11.5 centimetre
https://m.media-amazon.com/images/I/51pI+jagwiL.jpg,351134,depth,11.0 inch
https://m.media-amazon.com/images/I/51knKheiAkL.jpg,351134,depth,15.7 inch
https://m.media-amazon.com/images/I/513z+-fSaEL.jpg,351134,depth,3.94 inch
https://m.media-amazon.com/images/I/51GGxS+pH7L.jpg,351134,depth,21.0 centimetre
https://m.media-amazon.com/images/I/51wayDzXx9S.jpg,351134,depth,25.0 centimetre
https://m.media-amazon.com/images/I/51iWyTB9FeL.jpg,351134,depth,25.0 centimetre
https://m.media-amazon.com/images/I/51DeuDfMkwL.jpg,351134,depth,50.0 centimetre
https://m.media-amazon.com/images/I/51fCiFoKMWL.jpg,351134,depth,15.7 inch
https://m.media-amazon.com/images/I/51Bb5G87eJL.jpg,351134,depth,13.5 centimetre
https://m.media-amazon.com/images/I/51Bb5G87eJL.jpg,351134,height,13.0 centimetre
https://m.media-amazon.com/images/I/61CdBga7vVL.jpg,351134,depth,12.6 inch
https://m.media-amazon.com/images/I/51zGccr56AL.jpg,351134,depth,22.4 inch
https://m.media-amazon.com/images/I/51f+PKwNcZL.jpg,351134,depth,12.0 inch
https://m.media-amazon.com/images/I/6106T7CTuKL.jpg,351134,depth,16.5 inch
https://m.media-amazon.com/images/I/51vGDBHZF2L.jpg,351134,depth,4.0 inch
https://m.media-amazon.com/images/I/51vGDBHZF2L.jpg,351134,height,10.0 centimetre
https://m.media-amazon.com/images/I/516pnYWQ0EL.jpg,351134,depth,22.4 centimetre
https://m.media-amazon.com/images/I/51pQeWr4lZL.jpg,351134,depth,23.5 centimetre
https://m.media-amazon.com/images/I/51gWzwd77+L.jpg,351134,depth,6.4 centimetre
https://m.media-amazon.com/images/I/6168kRbHzmL.jpg,351134,depth,35.5 centimetre
https://m.media-amazon.com/images/I/51eTInuhbGL.jpg,351134,depth,27.2 centimetre
https://m.media-amazon.com/images/I/610+Rr0HT+L.jpg,351134,depth,46.5 centimetre
https://m.media-amazon.com/images/I/51aPi9swL0L.jpg,351134,depth,11.0 inch
https://m.media-amazon.com/images/I/51ShFfKQuJL.jpg,351134,depth,65.0 centimetre
https://m.media-amazon.com/images/I/51dcCNc50kL.jpg,351134,depth,24.2 centimetre
https://m.media-amazon.com/images/I/613VWOzh7BL.jpg,351134,depth,11.8 inch
https://m.media-amazon.com/images/I/613VWOzh7BL.jpg,351134,height,40.0 centimetre
https://m.media-amazon.com/images/I/617lsQGeuYL.jpg,351134,depth,32.0 inch
https://m.media-amazon.com/images/I/51cIkq+7vqL.jpg,351134,depth,35.0 centimetre
https://m.media-amazon.com/images/I/51qfuAmrNBL.jpg,351134,depth,18.0 centimetre
https://m.media-amazon.com/images/I/41A-mtYtL2L.jpg,351134,depth,14.0 centimetre
https://m.media-amazon.com/images/I/51ruXjdTtbS.jpg,351134,depth,11.8 inch
https://m.media-amazon.com/images/I/41igsfMBY8L.jpg,351134,depth,21.6 inch
https://m.media-amazon.com/images/I/51zmkf-ZdhL.jpg,351134,depth,32.0 centimetre
https://m.media-amazon.com/images/I/612bH7X7dYL.jpg,351134,depth,17.0 inch
https://m.media-amazon.com/images/I/6157C985UaL.jpg,351134,depth,35.0 centimetre
https://m.media-amazon.com/images/I/41pRy0nEfpL.jpg,351134,depth,65.0 centimetre
https://m.media-amazon.com/images/I/61DqIXh+q8L.jpg,351134,depth,32.0 centimetre
https://m.media-amazon.com/images/I/517SaJOF4JL.jpg,351134,depth,21.9 centimetre
https://m.media-amazon.com/images/I/61+o-WuCpZL.jpg,351134,depth,32.0 centimetre
https://m.media-amazon.com/images/I/51gs4JTJWGL.jpg,351134,depth,24.0 centimetre
https://m.media-amazon.com/images/I/51abbpov9JL.jpg,351134,depth,35.0 centimetre
https://m.media-amazon.com/images/I/61C2OqlkDnL.jpg,351134,height,30.0 centimetre
https://m.media-amazon.com/images/I/51YWYyGJuJL.jpg,351134,height,30.0 centimetre
https://m.media-amazon.com/images/I/61+zqQvXoGL.jpg,351134,height,6.0 inch
https://m.media-amazon.com/images/I/61FKplqafrL.jpg,351134,height,40.0 centimetre
https://m.media-amazon.com/images/I/51+a5eGt5-L.jpg,351134,height,217.0 millimetre
https://m.media-amazon.com/images/I/61DHNVVbsQS.jpg,351134,height,31.0 centimetre
https://m.media-amazon.com/images/I/513UKORQu2L.jpg,351134,height,21.0 centimetre
https://m.media-amazon.com/images/I/61Bkjdb2m7L.jpg,351134,height,38.1 centimetre
https://m.media-amazon.com/images/I/616jLgMQfxL.jpg,351134,height,9.5 centimetre
https://m.media-amazon.com/images/I/6131lPKtYLL.jpg,351134,height,7.0 centimetre
https://m.media-amazon.com/images/I/615V-ZKAyKL.jpg,351134,height,25.0 centimetre
https://m.media-amazon.com/images/I/614B7kTS+lL.jpg,351134,height,172.0 centimetre
https://m.media-amazon.com/images/I/61Bu5sqgCGL.jpg,351134,height,26.0 centimetre
https://m.media-amazon.com/images/I/41rICm3SnyL.jpg,351134,height,21.0 centimetre
https://m.media-amazon.com/images/I/61-+cVuO+xL.jpg,351134,height,41.0 centimetre
https://m.media-amazon.com/images/I/51-BiaRTaTL.jpg,351134,height,32.0 centimetre
https://m.media-amazon.com/images/I/51qA5R-hnOL.jpg,351134,height,10.5 centimetre
https://m.media-amazon.com/images/I/61Aee7ey8+L.jpg,351134,height,63.0 centimetre
https://m.media-amazon.com/images/I/51H+u6QppmL.jpg,351134,height,41.0 centimetre
https://m.media-amazon.com/images/I/61AxDJRc-sL.jpg,351134,height,34.0 centimetre
https://m.media-amazon.com/images/I/51VH8Rtv9YL.jpg,351134,height,10.0 centimetre
https://m.media-amazon.com/images/I/51J-cKD9g5S.jpg,351134,height,12.7 centimetre
https://m.media-amazon.com/images/I/61C6XRc-d-L.jpg,351134,height,50.0 centimetre
https://m.media-amazon.com/images/I/51JIk9gs93L.jpg,351134,height,16.0 centimetre
https://m.media-amazon.com/images/I/6123lI8z2pL.jpg,351134,height,41.0 centimetre
https://m.media-amazon.com/images/I/51OohVsQjSL.jpg,351134,height,15.9 inch
https://m.media-amazon.com/images/I/515NJ8tAAGL.jpg,351134,height,9.0 centimetre
https://m.media-amazon.com/images/I/617Z3wpE66L.jpg,351134,height,25.7 centimetre
https://m.media-amazon.com/images/I/51jbQ4ShFSL.jpg,351134,height,7.9 inch
https://m.media-amazon.com/images/I/61B3DcLJtML.jpg,351134,height,9.0 inch
https://m.media-amazon.com/images/I/31zw6pN-HEL.jpg,351134,height,2.19 inch
https://m.media-amazon.com/images/I/51DnmRYVr9L.jpg,351134,height,25.2 centimetre
https://m.media-amazon.com/images/I/513plSt-TwL.jpg,351134,height,6.7 centimetre
https://m.media-amazon.com/images/I/619OqYjuS+L.jpg,351134,height,10.87 inch
https://m.media-amazon.com/images/I/610K9RaLMAL.jpg,351134,height,30.4 centimetre
https://m.media-amazon.com/images/I/61C3WifPjjL.jpg,351134,height,23.6 inch
https://m.media-amazon.com/images/I/41Lw0wP8vML.jpg,351134,height,30.0 centimetre
https://m.media-amazon.com/images/I/51DmQ2hmwVL.jpg,351134,height,25.0 centimetre
https://m.media-amazon.com/images/I/6185+55YyaL.jpg,351134,height,18.0 centimetre
https://m.media-amazon.com/images/I/61FjFDz45PL.jpg,351134,height,49.5 centimetre
https://m.media-amazon.com/images/I/4122N6kI41L.jpg,351134,height,1.8 inch
https://m.media-amazon.com/images/I/610bKqOwLDL.jpg,351134,height,11.0 centimetre
https://m.media-amazon.com/images/I/51rOfUy5ZmL.jpg,351134,height,127.0 millimetre
https://m.media-amazon.com/images/I/51xzhxTQpiL.jpg,351134,height,25.5 centimetre
https://m.media-amazon.com/images/I/51rW+GIhbpL.jpg,351134,height,20.0 centimetre
https://m.media-amazon.com/images/I/6118ECE2oML.jpg,351134,height,250.0 millimetre
https://m.media-amazon.com/images/I/41nRvCPM40L.jpg,351134,height,334.0 millimetre
https://m.media-amazon.com/images/I/615bD2ixN0L.jpg,351134,height,5.0 inch
https://m.media-amazon.com/images/I/51clHukZo9L.jpg,351134,height,5.9 inch
https://m.media-amazon.com/images/I/61AJ8VWQzLL.jpg,351134,height,172.0 centimetre
https://m.media-amazon.com/images/I/5101KcE04+L.jpg,351134,height,40.0 centimetre
https://m.media-amazon.com/images/I/51VWpqBiloL.jpg,351134,height,32.0 centimetre
https://m.media-amazon.com/images/I/617NkdFjRJL.jpg,351134,height,28.0 centimetre
https://m.media-amazon.com/images/I/6145-ZifWEL.jpg,351134,height,90.0 centimetre
https://m.media-amazon.com/images/I/51oYkPxKGwL.jpg,351134,height,20.5 centimetre
https://m.media-amazon.com/images/I/61+wlWoI6OL.jpg,351134,height,10.6 inch
https://m.media-amazon.com/images/I/61FGK++KRBL.jpg,351134,height,50.0 centimetre
https://m.media-amazon.com/images/I/619gjHpDu0L.jpg,351134,height,30.0 centimetre
https://m.media-amazon.com/images/I/51XGQ500l3L.jpg,351134,height,51.0 centimetre
https://m.media-amazon.com/images/I/511UiXgu0RL.jpg,351134,height,40.0 centimetre
https://m.media-amazon.com/images/I/61E+6fs2zEL.jpg,351134,height,30.0 centimetre
https://m.media-amazon.com/images/I/51L8zlksG7L.jpg,351134,height,90.0 centimetre
https://m.media-amazon.com/images/I/41MsDBJIWpL.jpg,351134,height,6.6 inch
https://m.media-amazon.com/images/I/617dr0GOOHL.jpg,351134,height,40.0 centimetre
https://m.media-amazon.com/images/I/51UkMgGMLWL.jpg,351134,height,25.0 centimetre
https://m.media-amazon.com/images/I/51LnC99XVDL.jpg,351134,height,8.0 centimetre
https://m.media-amazon.com/images/I/41ei5ByunyL.jpg,351134,height,35.0 centimetre
https://m.media-amazon.com/images/I/51DvZ7BhEyL.jpg,351134,height,4.0 centimetre
https://m.media-amazon.com/images/I/51ji-SUbr4L.jpg,351134,height,51.0 centimetre
https://m.media-amazon.com/images/I/51t+m-ujL8L.jpg,351134,height,31.5 inch
https://m.media-amazon.com/images/I/618MU3hO20L.jpg,351134,height,14.6 inch
https://m.media-amazon.com/images/I/51l+wXUSQTL.jpg,351134,height,24.4 inch
https://m.media-amazon.com/images/I/61-5Hs3j7cL.jpg,351134,height,17.0 centimetre
https://m.media-amazon.com/images/I/618zXz0pcGL.jpg,351134,height,26.0 centimetre
https://m.media-amazon.com/images/I/51Xv2NphehL.jpg,351134,height,8.3 centimetre
https://m.media-amazon.com/images/I/51qNRomH+FL.jpg,351134,height,25.4 centimetre
https://m.media-amazon.com/images/I/512wOFaiwEL.jpg,351134,height,9.05 inch
https://m.media-amazon.com/images/I/61AYxliKcVL.jpg,351134,height,40.0 centimetre
https://m.media-amazon.com/images/I/51tj1qbA2QL.jpg,351134,height,19.0 centimetre
https://m.media-amazon.com/images/I/51a9P0LPeHL.jpg,351134,height,15.0 centimetre
https://m.media-amazon.com/images/I/61FOu9svXuL.jpg,351134,height,22.5 centimetre
https://m.media-amazon.com/images/I/41zngcEr-XL.jpg,351134,height,15.0 centimetre
https://m.media-amazon.com/images/I/516GYtMldeL.jpg,351134,height,10.0 inch
https://m.media-amazon.com/images/I/51ZSYWFqVrL.jpg,351134,height,27.0 centimetre
https://m.media-amazon.com/images/I/611dvv3adQL.jpg,351134,height,113.0 centimetre
https://m.media-amazon.com/images/I/51Epbca0r+L.jpg,351134,height,11.8 inch
https://m.media-amazon.com/images/I/51awOj5KTUL.jpg,351134,height,22.7 centimetre
https://m.media-amazon.com/images/I/51A4LgcTEmL.jpg,351134,height,26.0 centimetre
https://m.media-amazon.com/images/I/41I0G+-yiZL.jpg,351134,height,2.16 inch
https://m.media-amazon.com/images/I/51GCJfoSgWL.jpg,351134,height,12.5 inch
https://m.media-amazon.com/images/I/611EovMKtmL.jpg,351134,height,15.0 inch
https://m.media-amazon.com/images/I/51iN4dEu8BL.jpg,351134,height,22.0 centimetre
https://m.media-amazon.com/images/I/51LsxmkhH2L.jpg,351134,height,9.25 inch
https://m.media-amazon.com/images/I/51X7qh8odmL.jpg,351134,height,6.9 centimetre
https://m.media-amazon.com/images/I/51LrT+rjPjL.jpg,351134,height,10.0 centimetre
https://m.media-amazon.com/images/I/613cEgqdLRL.jpg,351134,height,13.0 inch
https://m.media-amazon.com/images/I/51FT6irh9EL.jpg,351134,height,20.0 centimetre
https://m.media-amazon.com/images/I/51mRUEz1-+L.jpg,351134,height,8.0 centimetre
https://m.media-amazon.com/images/I/51YKHoXFgGL.jpg,351134,height,9.5 centimetre
https://m.media-amazon.com/images/I/617EdvKBTwL.jpg,351134,height,40.0 centimetre
https://m.media-amazon.com/images/I/61FY2O6dYtL.jpg,351134,height,5.0 inch
https://m.media-amazon.com/images/I/512x55p7evL.jpg,351134,height,4.0 centimetre
https://m.media-amazon.com/images/I/51i2YRSF4oL.jpg,351134,height,19.3 centimetre
https://m.media-amazon.com/images/I/41VwjfT6K0S.jpg,351134,height,7.0 centimetre
https://m.media-amazon.com/images/I/517mCcPb+DL.jpg,351134,height,16.0 inch
https://m.media-amazon.com/images/I/51Jpx8ImkkL.jpg,351134,height,16.2 centimetre
https://m.media-amazon.com/images/I/51HbFpec5pL.jpg,351134,height,31.0 centimetre
https://m.media-amazon.com/images/I/51c6eT02b4L.jpg,351134,height,20.0 centimetre
https://m.media-amazon.com/images/I/51z5sO2dZiL.jpg,351134,height,6.8 centimetre
https://m.media-amazon.com/images/I/41osDA-sEGL.jpg,351134,height,18.11 inch
https://m.media-amazon.com/images/I/614XocG87oL.jpg,351134,height,10.7 inch
https://m.media-amazon.com/images/I/514ar7BY+vL.jpg,351134,height,27.0 centimetre
https://m.media-amazon.com/images/I/51pDTI8CieL.jpg,351134,height,9.0 inch
https://m.media-amazon.com/images/I/617QERBiyBL.jpg,351134,height,17.5 centimetre
https://m.media-amazon.com/images/I/61CJopGAd1L.jpg,351134,height,7.9 inch
https://m.media-amazon.com/images/I/51yKbZUcmpL.jpg,351134,height,31.5 inch
https://m.media-amazon.com/images/I/51WwCIHfOjL.jpg,351134,height,7.6 centimetre
https://m.media-amazon.com/images/I/51UCcLRL27L.jpg,351134,height,10.5 inch
https://m.media-amazon.com/images/I/51Sii0urP1L.jpg,351134,height,27.0 centimetre
https://m.media-amazon.com/images/I/51ZiXEkz2sL.jpg,351134,height,1.97 inch
https://m.media-amazon.com/images/I/51W8mHhMb-L.jpg,351134,height,19.0 centimetre
https://m.media-amazon.com/images/I/51VHYWb1XgL.jpg,351134,height,21.8 centimetre
https://m.media-amazon.com/images/I/51yCflh4V1S.jpg,351134,height,25.0 centimetre
https://m.media-amazon.com/images/I/51IhvU5vcwL.jpg,351134,height,12.7 inch
https://m.media-amazon.com/images/I/61-fqcnv0wL.jpg,351134,height,3.2 inch
https://m.media-amazon.com/images/I/514ekohr5JL.jpg,351134,height,26.4 centimetre
https://m.media-amazon.com/images/I/612bxy9IbtL.jpg,351134,height,33.3 centimetre
https://m.media-amazon.com/images/I/41GVqBzP-eS.jpg,351134,height,1.5 metre
https://m.media-amazon.com/images/I/61+QAJWtLlL.jpg,351134,height,21.5 centimetre
https://m.media-amazon.com/images/I/51xClxNh+iL.jpg,351134,height,11.5 centimetre
https://m.media-amazon.com/images/I/61CTO2ebXtL.jpg,351134,height,50.0 centimetre
https://m.media-amazon.com/images/I/613CVNCFI5L.jpg,351134,height,21.8 centimetre
https://m.media-amazon.com/images/I/515RldkPtPL.jpg,351134,height,5.6 centimetre
https://m.media-amazon.com/images/I/51un09CAPML.jpg,351134,height,29.6 centimetre
https://m.media-amazon.com/images/I/51FD7RZk2yL.jpg,351134,height,36.0 centimetre
https://m.media-amazon.com/images/I/51Unsx999uS.jpg,351134,height,10.0 centimetre
https://m.media-amazon.com/images/I/6117dJfGJSS.jpg,351134,height,30.0 centimetre
https://m.media-amazon.com/images/I/51wckBaGRIL.jpg,351134,height,18.0 centimetre
https://m.media-amazon.com/images/I/51bmyeMfXUL.jpg,351134,height,20.0 centimetre
https://m.media-amazon.com/images/I/51Gr3mXO2yL.jpg,351134,height,30.0 centimetre
https://m.media-amazon.com/images/I/61AtK2wjlLL.jpg,351134,height,20.0 centimetre
https://m.media-amazon.com/images/I/51Gb8gxdThL.jpg,351134,height,29.2 centimetre
https://m.media-amazon.com/images/I/51bTkm3dFDL.jpg,351134,height,12.58 inch
https://m.media-amazon.com/images/I/41MdjCL0O8S.jpg,351134,height,10.7 inch
https://m.media-amazon.com/images/I/618a6o9jLGL.jpg,351134,height,4.33 inch
https://m.media-amazon.com/images/I/612yx5+RW1L.jpg,351134,height,7.9 inch
https://m.media-amazon.com/images/I/51L3PuVs9kL.jpg,351134,height,3.0 inch
https://m.media-amazon.com/images/I/41nBLB0ctzL.jpg,351134,height,52.0 millimetre
https://m.media-amazon.com/images/I/51FQZJ3aJZL.jpg,351134,height,264.0 millimetre
https://m.media-amazon.com/images/I/51l1LOy60wL.jpg,351134,height,20.0 centimetre
https://m.media-amazon.com/images/I/51-728gLO9L.jpg,351134,height,20.0 centimetre
