image_link,group_id,entity_name,entity_value
https://m.media-amazon.com/images/I/61mtruRlylL.jpg,549052,item_weight,200 gram
https://m.media-amazon.com/images/I/81SC6oU1pfL.jpg,549052,item_weight,5 kilogram to 20 kilogram
https://m.media-amazon.com/images/I/71fdZo1B2rL.jpg,549052,item_weight,0.54 pound
https://m.media-amazon.com/images/I/71z8BmniA4L.jpg,549052,item_weight,1.07 pound
https://m.media-amazon.com/images/I/715sDapaGjL.jpg,549052,item_weight,0 kilogram to 2kilogram
https://m.media-amazon.com/images/I/61m0sUfyn9S.jpg,549052,item_weight,33 gram
https://m.media-amazon.com/images/I/81mmlJU-wTL.jpg,549052,item_weight,30 pound
https://m.media-amazon.com/images/I/61AQY4M6yHL.jpg,549052,item_weight,2.0 kilogram
https://m.media-amazon.com/images/I/71rs0f0ltzL.jpg,549052,item_weight,"[10.0, 30.0] kilogram"
https://m.media-amazon.com/images/I/715ZMat6+ML.jpg,549052,item_weight,30 kilogram
https://m.media-amazon.com/images/I/71tDX65JMXL.jpg,549052,item_weight,0.31 kilogram
https://m.media-amazon.com/images/I/81MolpgQftL.jpg,549052,item_weight,10 kilogram to 30 kilogram
https://m.media-amazon.com/images/I/71CTqtQf+sL.jpg,549052,item_weight,0 kilogram to 11 kilogram
https://m.media-amazon.com/images/I/81SX4nEDtKL.jpg,549052,item_weight,10 kilogram to 20 kilogram
https://m.media-amazon.com/images/I/513MCqE56fL.jpg,549052,item_weight,5 kilogram
https://m.media-amazon.com/images/I/81CruZB55JL.jpg,549052,item_weight,5 kilogram
https://m.media-amazon.com/images/I/71dYqka9jRL.jpg,549052,item_weight,5 kilogram
https://m.media-amazon.com/images/I/81NQIfgM5FL.jpg,549052,item_weight,5 kilogram
https://m.media-amazon.com/images/I/615Qm28JyUL.jpg,549052,item_weight,20 kilogram
https://m.media-amazon.com/images/I/71CSx5we6bL.jpg,549052,item_weight,360.0 gram
https://m.media-amazon.com/images/I/71wC6bFK7yL.jpg,549052,item_weight,5.8 ounce
https://m.media-amazon.com/images/I/71W8keHxqFL.jpg,549052,item_weight,43.3 gram
https://m.media-amazon.com/images/I/815ALQZciuL.jpg,549052,item_weight,5 kilogram to 20 kilogram
https://m.media-amazon.com/images/I/81VAuzxygJL.jpg,549052,item_weight,5 kilogram to 20 kilogram
https://m.media-amazon.com/images/I/71AFJa6lScS.jpg,549052,item_weight,10 kilogram to 30 kilogram
https://m.media-amazon.com/images/I/819aLD0FylL.jpg,549052,item_weight,10 kilogram to 30 kilogram
https://m.media-amazon.com/images/I/51jLRJg7RYL.jpg,549052,item_weight,80 gram
https://m.media-amazon.com/images/I/81+YdidKziL.jpg,549052,item_weight,750 gram
https://m.media-amazon.com/images/I/81Bo8OcQhnL.jpg,549052,item_weight,25.0 pound
https://m.media-amazon.com/images/I/81WXGkJDKVL.jpg,549052,item_weight,5 kilogram to 20 kilogram
https://m.media-amazon.com/images/I/81SUxbj+CxL.jpg,549052,item_weight,6.0 gram
https://m.media-amazon.com/images/I/61rEDLW6c6L.jpg,549052,item_weight,6 kilogram
https://m.media-amazon.com/images/I/71xqD6F655L.jpg,549052,item_weight,75.0 gram
https://m.media-amazon.com/images/I/71zDxGBy21L.jpg,549052,item_weight,2.15 pound
https://m.media-amazon.com/images/I/6107ytSyQML.jpg,549052,item_weight,165.0 gram
https://m.media-amazon.com/images/I/71drEqBSTmL.jpg,549052,item_weight,0.63 pound
https://m.media-amazon.com/images/I/51SViK9lm9L.jpg,549052,item_weight,250.0 gram
https://m.media-amazon.com/images/I/71YjZZxvFiL.jpg,549052,item_weight,70.0 gram
https://m.media-amazon.com/images/I/51YWDBblP8L.jpg,549052,item_weight,35 pound
https://m.media-amazon.com/images/I/81e2IcSrDTL.jpg,549052,item_weight,0 kilogram to 2kilogram
https://m.media-amazon.com/images/I/51Sxzcvo1sL.jpg,549052,item_weight,198.0 gram
https://m.media-amazon.com/images/I/61albqsVOvL.jpg,549052,item_weight,1.26 pound
https://m.media-amazon.com/images/I/61Gv06FGpSL.jpg,549052,item_weight,20 kilogram
https://m.media-amazon.com/images/I/61cFPJaBh3L.jpg,549052,item_weight,20 kilogram
https://m.media-amazon.com/images/I/515Ottw66lL.jpg,549052,item_weight,0.39 pound
https://m.media-amazon.com/images/I/81GjRcRbLWL.jpg,549052,item_weight,0 kilogram to 11 kilogram
https://m.media-amazon.com/images/I/51Clq7+THuL.jpg,549052,item_weight,8.48 ounce
https://m.media-amazon.com/images/I/718BWDOGv0L.jpg,549052,item_weight,120 gram
https://m.media-amazon.com/images/I/81f2B4ZtpZL.jpg,549052,item_weight,120 gram
https://m.media-amazon.com/images/I/51-IbzYlFWL.jpg,549052,item_weight,30 gram
https://m.media-amazon.com/images/I/61tYD0cCulL.jpg,549052,item_weight,12 kilogram to 32 kilogram
https://m.media-amazon.com/images/I/71f4QQyHNmL.jpg,549052,item_weight,"[10.0, 20.0] kilogram"
https://m.media-amazon.com/images/I/91W1YvlyaeL.jpg,549052,item_weight,375.0 gram
https://m.media-amazon.com/images/I/6145dZWgE9L.jpg,549052,item_weight,385.0 gram
https://m.media-amazon.com/images/I/51dQoUgLU6L.jpg,549052,item_weight,9.0 gram
https://m.media-amazon.com/images/I/81G5zhj3zGL.jpg,549052,item_weight,0 kilogram to 11 kilogram
https://m.media-amazon.com/images/I/51vzTQ19DHL.jpg,549052,item_weight,0.88 pound
https://m.media-amazon.com/images/I/61IM7noIK8L.jpg,549052,item_weight,12.3 gram
https://m.media-amazon.com/images/I/51N0gHZ9FGL.jpg,549052,item_weight,7.0 gram
https://m.media-amazon.com/images/I/61u-JgeELwL.jpg,549052,item_weight,7.0 gram
https://m.media-amazon.com/images/I/81Y4q6yUfML.jpg,549052,item_weight,1.98 pound
https://m.media-amazon.com/images/I/414RZPDH2ZL.jpg,549052,item_weight,30.0 gram
https://m.media-amazon.com/images/I/718mUkB5c3L.jpg,549052,item_weight,75.0 pound
https://m.media-amazon.com/images/I/91ozQBAvdGL.jpg,549052,item_weight,850.0 gram
https://m.media-amazon.com/images/I/91M85gE6igL.jpg,549052,item_weight,100.0 gram
https://m.media-amazon.com/images/I/91HNkaAJX8L.jpg,549052,item_weight,10.0 ounce
https://m.media-amazon.com/images/I/91o2oqgi20L.jpg,549052,item_weight,10.0 ounce
https://m.media-amazon.com/images/I/715hRFL2rDL.jpg,549052,item_weight,360.0 gram
https://m.media-amazon.com/images/I/91vLqlxarAL.jpg,549052,item_weight,100.0 gram
https://m.media-amazon.com/images/I/519AEKMl-sL.jpg,549052,item_weight,30 gram
https://m.media-amazon.com/images/I/61g-QxakEuL.jpg,549052,item_weight,7 kilogram to 16 kilogram
https://m.media-amazon.com/images/I/81YX8m27KJL.jpg,549052,item_weight,0.31 pound
https://m.media-amazon.com/images/I/71ZGd3eqHfL.jpg,549052,item_weight,10 kilogram to 30 kilogram
https://m.media-amazon.com/images/I/71Dal3k-+UL.jpg,549052,item_weight,300.0 gram
https://m.media-amazon.com/images/I/31+G-2uGjCL.jpg,549052,item_weight,60 gram
https://m.media-amazon.com/images/I/71OuFgLV5uL.jpg,549052,item_weight,3.0 gram
https://m.media-amazon.com/images/I/81j1dKlGnoL.jpg,549052,item_weight,0 kilogram to 11 kilogram
https://m.media-amazon.com/images/I/51k2oAPWYzL.jpg,549052,item_weight,40.0 gram
https://m.media-amazon.com/images/I/41mkdQ+xJ2S.jpg,549052,item_weight,4 gram
https://m.media-amazon.com/images/I/81CienQRpRL.jpg,549052,item_weight,0 kilogram to 1kilogram
https://m.media-amazon.com/images/I/61du0CcWZYL.jpg,549052,item_weight,36.5 gram
https://m.media-amazon.com/images/I/71-BxkW6aIL.jpg,549052,item_weight,2.15 pound
https://m.media-amazon.com/images/I/81XE0jLnj8L.jpg,549052,item_weight,0 kilogram to 1kilogram
https://m.media-amazon.com/images/I/81KjnIWL2tL.jpg,549052,item_weight,0.4 pound
https://m.media-amazon.com/images/I/71NG0VMv0SL.jpg,549052,item_weight,2 pound
https://m.media-amazon.com/images/I/71KSV+uFtgL.jpg,549052,item_weight,4516.0 gram
https://m.media-amazon.com/images/I/71qaqLf2yiL.jpg,549052,item_weight,60 pound to 90 pound
https://m.media-amazon.com/images/I/718Qk0SqLIL.jpg,549052,item_weight,8.0 gram
https://m.media-amazon.com/images/I/51lKr+VAzfL.jpg,549052,item_weight,100.0 gram
https://m.media-amazon.com/images/I/51lGEbpfilL.jpg,549052,item_weight,175 gram
https://m.media-amazon.com/images/I/71ySsDVRTzL.jpg,549052,item_weight,2.0 pound
https://m.media-amazon.com/images/I/614BGpY-q6L.jpg,549052,item_weight,30 pound to 65 pound
https://m.media-amazon.com/images/I/712wFtfIf4L.jpg,549052,item_weight,0 kilogram to 15 kilogram
https://m.media-amazon.com/images/I/81PIGUwD3JL.jpg,549052,item_weight,30.0 gram
https://m.media-amazon.com/images/I/71OJ7xSGjPL.jpg,549052,item_weight,18 pound
https://m.media-amazon.com/images/I/61OmUVIWFgL.jpg,549052,item_weight,20 kilogram
https://m.media-amazon.com/images/I/81iFUm+3vUL.jpg,549052,item_weight,30.0 gram
https://m.media-amazon.com/images/I/61kSuyCWZKL.jpg,549052,item_weight,37 gram
https://m.media-amazon.com/images/I/711yLB2g0IL.jpg,549052,item_weight,2.39 pound
https://m.media-amazon.com/images/I/71BlrAcQnCS.jpg,549052,item_weight,10 kilogram to 30 kilogram
https://m.media-amazon.com/images/I/61qmkE5rt8L.jpg,549052,item_weight,4 ounce
https://m.media-amazon.com/images/I/61Yk-Nt2KsS.jpg,549052,item_weight,123.0 gram
https://m.media-amazon.com/images/I/51eAcU35rNL.jpg,549052,item_weight,9.7 ounce
https://m.media-amazon.com/images/I/71Aqno1bkaL.jpg,549052,item_weight,8 kilogram
https://m.media-amazon.com/images/I/61bQOiH+xZL.jpg,549052,item_weight,5 kilogram
https://m.media-amazon.com/images/I/81bl3ULWwLL.jpg,549052,item_weight,3 kilogram
https://m.media-amazon.com/images/I/81Iv6PBHb7L.jpg,549052,item_weight,3 kilogram
https://m.media-amazon.com/images/I/51RFi7WcXHL.jpg,549052,item_weight,215 gram
https://m.media-amazon.com/images/I/715FOp9P99L.jpg,549052,item_weight,27.5 gram
https://m.media-amazon.com/images/I/81DL8GB3weL.jpg,549052,item_weight,20 kilogram to 30 kilogram
https://m.media-amazon.com/images/I/51Ujt1OpmiL.jpg,549052,item_weight,0 kilogram to 16 kilogram
https://m.media-amazon.com/images/I/71NopbxZzYL.jpg,549052,item_weight,2.39 pound
https://m.media-amazon.com/images/I/71ypUWNVTwL.jpg,549052,item_weight,0 kilogram to 11 kilogram
https://m.media-amazon.com/images/I/61rLGQW7aWL.jpg,549052,item_weight,280 gram
https://m.media-amazon.com/images/I/816DTFDVXrL.jpg,549052,item_weight,90 pound
https://m.media-amazon.com/images/I/711-jyeucjL.jpg,549052,item_weight,0.09 pound
https://m.media-amazon.com/images/I/61haefXwOcL.jpg,549052,item_weight,10 gram
https://m.media-amazon.com/images/I/61pmt8-K9LL.jpg,549052,item_weight,10 gram
https://m.media-amazon.com/images/I/61Lhv2iZ4EL.jpg,549052,item_weight,12 gram
https://m.media-amazon.com/images/I/21xaaWZSvdL.jpg,549052,item_weight,12 gram
https://m.media-amazon.com/images/I/31vDuLfYaUL.jpg,549052,item_weight,38 gram
https://m.media-amazon.com/images/I/31n5QnC9fzL.jpg,549052,item_weight,69 gram
https://m.media-amazon.com/images/I/51NvQcHO5HL.jpg,549052,item_weight,100.0 gram
https://m.media-amazon.com/images/I/61wmPY5Mr8L.jpg,549052,item_weight,100.0 gram
https://m.media-amazon.com/images/I/613EdvEDfuL.jpg,549052,item_weight,125 gram
https://m.media-amazon.com/images/I/81fxoV3RKnL.jpg,549052,item_weight,20 kilogram to 40 kilogram
https://m.media-amazon.com/images/I/81C0TrxEMOL.jpg,549052,item_weight,30 pound
https://m.media-amazon.com/images/I/71fVZXdc3gL.jpg,549052,item_weight,3 kilogram
https://m.media-amazon.com/images/I/71lPVu02gmL.jpg,549052,item_weight,20 kilogram
https://m.media-amazon.com/images/I/81wXiG0CSHL.jpg,549052,item_weight,3 kilogram
https://m.media-amazon.com/images/I/61VK2SFdv6L.jpg,549052,item_weight,3 kilogram
https://m.media-amazon.com/images/I/61DoNQZTcHL.jpg,549052,item_weight,3 kilogram
https://m.media-amazon.com/images/I/81Ng3wN3p0L.jpg,549052,item_weight,3 kilogram
https://m.media-amazon.com/images/I/71NTVWE7qiL.jpg,549052,item_weight,36.0 pound
https://m.media-amazon.com/images/I/71ukXGL4ZdL.jpg,549052,item_weight,170.0 gram
https://m.media-amazon.com/images/I/81T8IoX8rSL.jpg,549052,item_weight,5 kilogram
https://m.media-amazon.com/images/I/51YdFdX+jFL.jpg,549052,item_weight,0 kilogram to 11 kilogram
https://m.media-amazon.com/images/I/71oUenQlydL.jpg,549052,item_weight,5 kilogram to 18 kilogram
https://m.media-amazon.com/images/I/61w2HMUZekL.jpg,549052,item_weight,35.0 kilogram
https://m.media-amazon.com/images/I/71Ust1m3BZL.jpg,549052,item_weight,43.3 gram
https://m.media-amazon.com/images/I/71L8uiTENVL.jpg,549052,item_weight,0.5 pound
https://m.media-amazon.com/images/I/71xWaYafdNS.jpg,549052,item_weight,60 pound
https://m.media-amazon.com/images/I/81ccReLOHCL.jpg,549052,item_weight,26.0 gram
https://m.media-amazon.com/images/I/71vKzyMsnWL.jpg,549052,item_weight,6.49 ounce
https://m.media-amazon.com/images/I/61f4u7+ktkL.jpg,549052,item_weight,5 kilogram
https://m.media-amazon.com/images/I/71cZ74pxqWL.jpg,549052,item_weight,5 kilogram
https://m.media-amazon.com/images/I/71zKP49twTL.jpg,549052,item_weight,5 kilogram
https://m.media-amazon.com/images/I/81MK+wC-FTL.jpg,549052,item_weight,5 kilogram
https://m.media-amazon.com/images/I/819aLimux4L.jpg,549052,item_weight,5 kilogram
https://m.media-amazon.com/images/I/815ekwnU4KL.jpg,549052,item_weight,15 pound to 35 pound
https://m.media-amazon.com/images/I/71kb9yCAazL.jpg,549052,item_weight,15 pound to 35 pound
https://m.media-amazon.com/images/I/71rGZnNEY5L.jpg,549052,item_weight,290 gram
https://m.media-amazon.com/images/I/71njIglz4zL.jpg,549052,item_weight,0.5 pound
https://m.media-amazon.com/images/I/812SVzJSHRL.jpg,549052,item_weight,20 pound
https://m.media-amazon.com/images/I/718HqSPh5aL.jpg,549052,item_weight,10.6 ounce
https://m.media-amazon.com/images/I/815vtlvYNuS.jpg,549052,item_weight,65.0 gram
https://m.media-amazon.com/images/I/81HpSJTe4AL.jpg,549052,item_weight,580 gram
https://m.media-amazon.com/images/I/71PyOPF-atL.jpg,549052,item_weight,1.41 pound
https://m.media-amazon.com/images/I/61iNxVaig0L.jpg,549052,item_weight,20 kilogram
https://m.media-amazon.com/images/I/61KEHHv1IyL.jpg,549052,item_weight,7 kilogram to 16 kilogram
https://m.media-amazon.com/images/I/61UHshvNuSL.jpg,549052,item_weight,2.0 gram
https://m.media-amazon.com/images/I/71qg+fYrRWL.jpg,549052,item_weight,50 pound
https://m.media-amazon.com/images/I/81tKFgtqB6L.jpg,549052,item_weight,50 pound
https://m.media-amazon.com/images/I/71D-KOgw0ML.jpg,549052,item_weight,0.5 pound
https://m.media-amazon.com/images/I/61CdydRwyFL.jpg,549052,item_weight,300.0 gram
https://m.media-amazon.com/images/I/81HFhJVUPfL.jpg,549052,item_weight,0 kilogram to 2kilogram
https://m.media-amazon.com/images/I/41iWLxvbS2L.jpg,549052,item_weight,60.0 gram
https://m.media-amazon.com/images/I/61lgJuP9BlL.jpg,549052,item_weight,20 kilogram
https://m.media-amazon.com/images/I/71w9kxngitL.jpg,549052,item_weight,15.0 pound
https://m.media-amazon.com/images/I/71fgJSuYk2L.jpg,549052,item_weight,8 ounce
https://m.media-amazon.com/images/I/617xjZT-uML.jpg,549052,item_weight,45 gram
https://m.media-amazon.com/images/I/51Po-V2Y6CL.jpg,549052,item_weight,6 gram
https://m.media-amazon.com/images/I/71hhrDm5CuL.jpg,549052,item_weight,5 kilogram
https://m.media-amazon.com/images/I/81r-AiR7ofL.jpg,549052,item_weight,6.0 gram
https://m.media-amazon.com/images/I/81opfzA8jML.jpg,549052,item_weight,6.0 gram
https://m.media-amazon.com/images/I/51tKsq0OYJL.jpg,549052,item_weight,0.7 pound
https://m.media-amazon.com/images/I/51Kcp8nVQRL.jpg,549052,item_weight,23.0 kilogram
https://m.media-amazon.com/images/I/51ix2bTlRUL.jpg,549052,item_weight,50.0 pound
https://m.media-amazon.com/images/I/51Povoe1ucL.jpg,549052,item_weight,23.0 kilogram
https://m.media-amazon.com/images/I/51qPquoEKsL.jpg,549052,item_weight,7.1 ounce
https://m.media-amazon.com/images/I/81+AiB1EOtL.jpg,549052,item_weight,68.0 gram
https://m.media-amazon.com/images/I/61nhmactODL.jpg,549052,item_weight,3.2 ounce
https://m.media-amazon.com/images/I/81RK4LJAcmL.jpg,549052,item_weight,90 pound
https://m.media-amazon.com/images/I/81M3wgq2fgL.jpg,549052,item_weight,0 kilogram to 2kilogram
https://m.media-amazon.com/images/I/71XFfL8L2xS.jpg,549052,item_weight,30 kilogram
https://m.media-amazon.com/images/I/818XJ-6cv9L.jpg,549052,item_weight,110 gram
https://m.media-amazon.com/images/I/31DK8SpnG+L.jpg,549052,item_weight,110 gram
https://m.media-amazon.com/images/I/71cCx9E8NAL.jpg,549052,item_weight,0 kilogram to 1kilogram
https://m.media-amazon.com/images/I/71MurpmcgpL.jpg,549052,item_weight,80.0 gram
https://m.media-amazon.com/images/I/81Ou52VwhWL.jpg,549052,item_weight,177.0 gram
https://m.media-amazon.com/images/I/716y9Xw6vaL.jpg,549052,item_weight,"[5.0, 20.0] kilogram"
https://m.media-amazon.com/images/I/71LULPvK05L.jpg,549052,item_weight,35 pound
https://m.media-amazon.com/images/I/71u6BjEHcGL.jpg,549052,item_weight,0.56 pound
https://m.media-amazon.com/images/I/81YcrLtCxEL.jpg,549052,item_weight,0 gram
https://m.media-amazon.com/images/I/81DD6Qb9XtL.jpg,549052,item_weight,0 kilogram to 2kilogram
https://m.media-amazon.com/images/I/71RrQ7U2vjS.jpg,549052,item_weight,0.44 pound
https://m.media-amazon.com/images/I/71q9fb6ICgL.jpg,549052,item_weight,0.32 pound
https://m.media-amazon.com/images/I/71KZMCjlIHL.jpg,549052,item_weight,246 gram
https://m.media-amazon.com/images/I/71nuEj9xusL.jpg,549052,item_weight,43.3 gram
https://m.media-amazon.com/images/I/71FVVRbQezL.jpg,549052,item_weight,10.0 pound
https://m.media-amazon.com/images/I/81FJ4Ny82PL.jpg,549052,item_weight,1000 gram
https://m.media-amazon.com/images/I/51f7cZslphL.jpg,549052,item_weight,135 gram
https://m.media-amazon.com/images/I/51rCU4y34kL.jpg,549052,item_weight,270 gram
https://m.media-amazon.com/images/I/71xg6l2rVbL.jpg,549052,item_weight,35.0 kilogram
https://m.media-amazon.com/images/I/81fyKVD-kxL.jpg,549052,item_weight,0 kilogram to 7 kilogram
https://m.media-amazon.com/images/I/815yPamCw6L.jpg,549052,item_weight,12 kilogram
https://m.media-amazon.com/images/I/71ZOmGByzsL.jpg,549052,item_weight,69.0 gram
https://m.media-amazon.com/images/I/612jDNeRSBL.jpg,549052,item_weight,10.0 kilogram
https://m.media-amazon.com/images/I/612jDNeRSBL.jpg,549052,width,9.0 centimetre
https://m.media-amazon.com/images/I/81nmwa7j+rL.jpg,549052,item_weight,30 pound to 65 pound
https://m.media-amazon.com/images/I/71AL+En+HzL.jpg,549052,item_weight,30 pound to 65 pound
https://m.media-amazon.com/images/I/81s05Td4YhL.jpg,549052,item_weight,0.36 pound
https://m.media-amazon.com/images/I/91pyJyS2+iL.jpg,549052,item_weight,15 pound
https://m.media-amazon.com/images/I/912qpR5E-7L.jpg,549052,item_weight,30.0 pound
https://m.media-amazon.com/images/I/61HhD7XME-L.jpg,549052,item_weight,2 kilogram
https://m.media-amazon.com/images/I/71seodjnOsL.jpg,549052,item_weight,70 gram
https://m.media-amazon.com/images/I/71fFXQwQguL.jpg,549052,item_weight,94.0 gram
https://m.media-amazon.com/images/I/71MqC9aZL0L.jpg,549052,item_weight,385 gram
https://m.media-amazon.com/images/I/71SGyYKiOXL.jpg,549052,item_weight,40.0 kilogram
https://m.media-amazon.com/images/I/61BZRRY-DoL.jpg,549052,item_weight,1.5 ounce
https://m.media-amazon.com/images/I/71oS-8JKjGL.jpg,549052,item_weight,1.5 ounce
https://m.media-amazon.com/images/I/714ZzPpw3uL.jpg,549052,item_weight,42 gram
https://m.media-amazon.com/images/I/718NiiPHV4L.jpg,549052,item_weight,330.0 gram
https://m.media-amazon.com/images/I/71b0pjh4fiL.jpg,549052,item_weight,26.0 ounce
https://m.media-amazon.com/images/I/71PsKYWZU3L.jpg,549052,item_weight,6.7 ounce
https://m.media-amazon.com/images/I/61F+nU5IIaL.jpg,549052,item_weight,25.0 gram
https://m.media-amazon.com/images/I/7147QV4JesS.jpg,549052,item_weight,50 gram
https://m.media-amazon.com/images/I/71U6PSuZVdL.jpg,549052,item_weight,50 pound
https://m.media-amazon.com/images/I/813vw5TwJsL.jpg,549052,item_weight,50 pound
https://m.media-amazon.com/images/I/61VPxs1eP5L.jpg,549052,item_weight,134 gram
https://m.media-amazon.com/images/I/61uTh2fH-AL.jpg,549052,item_weight,3.5 kilogram
https://m.media-amazon.com/images/I/81cNvUW7h9L.jpg,549052,item_weight,226.0 gram
https://m.media-amazon.com/images/I/61eX6LYAh0L.jpg,549052,item_weight,55.0 gram
https://m.media-amazon.com/images/I/513-f9sXj+L.jpg,549052,item_weight,40.0 gram
https://m.media-amazon.com/images/I/81c2aSTsjXL.jpg,549052,item_weight,278.0 gram
https://m.media-amazon.com/images/I/71Zhsb--kqL.jpg,549052,item_weight,50.0 gram
https://m.media-amazon.com/images/I/71RL2FgVVBL.jpg,549052,item_weight,50.0 gram
https://m.media-amazon.com/images/I/71WX6O99+zL.jpg,549052,item_weight,50.0 pound
https://m.media-amazon.com/images/I/81P0WO2GcnL.jpg,549052,item_weight,50.0 pound
https://m.media-amazon.com/images/I/71AlvMTN-EL.jpg,549052,item_weight,50.0 pound
https://m.media-amazon.com/images/I/41Q2I-KgQrL.jpg,549052,item_weight,40.0 gram
https://m.media-amazon.com/images/I/611+COn4rLL.jpg,549052,item_weight,50.0 gram
https://m.media-amazon.com/images/I/71YU+B6aXhL.jpg,549052,item_weight,230.0 gram
https://m.media-amazon.com/images/I/61bygUXfU2L.jpg,549052,item_weight,110.0 gram
https://m.media-amazon.com/images/I/61eSEVIbZ8L.jpg,549052,item_weight,193.0 gram
https://m.media-amazon.com/images/I/81yA096LpPL.jpg,549052,item_weight,43.3 gram
https://m.media-amazon.com/images/I/41fnUD8g7vL.jpg,549052,item_weight,0.17 kilogram
https://m.media-amazon.com/images/I/61CdBxSvViL.jpg,549052,item_weight,400.0 gram
https://m.media-amazon.com/images/I/61WaWWLs6rL.jpg,549052,item_weight,400.0 gram
https://m.media-amazon.com/images/I/71Tf-zz7MFL.jpg,549052,item_weight,0.43 pound
https://m.media-amazon.com/images/I/717SSkE9q6L.jpg,549052,item_weight,1500.0 gram
https://m.media-amazon.com/images/I/5183Ph+XoXL.jpg,549052,item_weight,43.0 gram
https://m.media-amazon.com/images/I/71dUI60osxL.jpg,549052,item_weight,280.0 gram
https://m.media-amazon.com/images/I/71e9A92V+yL.jpg,549052,item_weight,42.0 gram
https://m.media-amazon.com/images/I/81PDfbSXxNL.jpg,549052,item_weight,42.0 gram
https://m.media-amazon.com/images/I/71RjpA6-1uL.jpg,549052,item_weight,2.0 kilogram
https://m.media-amazon.com/images/I/71cBS18WKyL.jpg,549052,item_weight,20.0 gram
https://m.media-amazon.com/images/I/31UTt2mrekL.jpg,549052,item_weight,85.0 gram
https://m.media-amazon.com/images/I/41c6XhLmlbL.jpg,549052,item_weight,85.0 gram
https://m.media-amazon.com/images/I/71d+oje0xeL.jpg,549052,item_weight,80.0 gram
https://m.media-amazon.com/images/I/61Tl7sBQtbL.jpg,549052,item_weight,530.0 gram
https://m.media-amazon.com/images/I/51ZDPWqt8LL.jpg,549052,width,4.0 inch
https://m.media-amazon.com/images/I/518-miZw+KS.jpg,549052,width,6.0 centimetre
https://m.media-amazon.com/images/I/51EwFvHbczL.jpg,549052,width,7.0 centimetre
https://m.media-amazon.com/images/I/61+qv+CGuHL.jpg,549052,width,12.0 centimetre
https://m.media-amazon.com/images/I/51PMsTGTtBL.jpg,549052,width,51.0 centimetre
https://m.media-amazon.com/images/I/51yHJW1Xw4L.jpg,549052,width,25.0 centimetre
https://m.media-amazon.com/images/I/51HXj7EocnL.jpg,549052,width,9.5 inch
https://m.media-amazon.com/images/I/514jvXenlcL.jpg,549052,width,3.0 inch
https://m.media-amazon.com/images/I/61-Mx5MbjgL.jpg,549052,width,25.0 centimetre
https://m.media-amazon.com/images/I/61FwbZxJeLL.jpg,549052,width,2.36 inch
https://m.media-amazon.com/images/I/51hlYoh7vUL.jpg,549052,width,22.0 centimetre
https://m.media-amazon.com/images/I/51B9jYtkdzL.jpg,549052,width,15.0 centimetre
https://m.media-amazon.com/images/I/51B9jYtkdzL.jpg,549052,depth,15.0 centimetre
https://m.media-amazon.com/images/I/6149DsJK2GL.jpg,549052,width,7.5 centimetre
https://m.media-amazon.com/images/I/611MYFC5OrL.jpg,549052,width,6.0 centimetre
https://m.media-amazon.com/images/I/51TYHXudFmL.jpg,549052,width,2.0 inch
https://m.media-amazon.com/images/I/51W6s+bosFL.jpg,549052,width,31.0 centimetre
https://m.media-amazon.com/images/I/51W6s+bosFL.jpg,549052,height,31.0 centimetre
https://m.media-amazon.com/images/I/51henkBZxmL.jpg,549052,width,18.0 centimetre
https://m.media-amazon.com/images/I/617evzlUKJL.jpg,549052,width,16.73 inch
https://m.media-amazon.com/images/I/61-zmxydJ7S.jpg,549052,width,5.0 centimetre
https://m.media-amazon.com/images/I/61-zmxydJ7S.jpg,549052,height,5.0 centimetre
https://m.media-amazon.com/images/I/51QqV-27bGL.jpg,549052,width,30.0 centimetre
https://m.media-amazon.com/images/I/61A6-KkS28L.jpg,549052,width,63.0 millimetre
https://m.media-amazon.com/images/I/415uKBRrs1S.jpg,549052,width,9.25 inch
https://m.media-amazon.com/images/I/614dk3N5d-L.jpg,549052,width,63.0 millimetre
https://m.media-amazon.com/images/I/51CnZ+XTcZL.jpg,549052,width,150.0 millimetre
https://m.media-amazon.com/images/I/41Wy-WpL4QL.jpg,549052,width,2.5 inch
https://m.media-amazon.com/images/I/618cBbL5zNL.jpg,549052,width,26.0 centimetre
https://m.media-amazon.com/images/I/5138KgMw2gL.jpg,549052,width,15.6 centimetre
https://m.media-amazon.com/images/I/51WSfuYdaKL.jpg,549052,width,5.63 inch
https://m.media-amazon.com/images/I/51WSfuYdaKL.jpg,549052,depth,5.63 inch
https://m.media-amazon.com/images/I/51STqeBfWkL.jpg,549052,width,20.0 centimetre
https://m.media-amazon.com/images/I/612EY0P5YEL.jpg,549052,width,8.0 centimetre
https://m.media-amazon.com/images/I/61G9rdOoi7L.jpg,549052,width,23.0 centimetre
https://m.media-amazon.com/images/I/61CjHyAfN6L.jpg,549052,width,23.0 centimetre
https://m.media-amazon.com/images/I/61CjHyAfN6L.jpg,549052,depth,23.0 centimetre
https://m.media-amazon.com/images/I/61CjHyAfN6L.jpg,549052,height,18.0 centimetre
https://m.media-amazon.com/images/I/51UDfU0pSgL.jpg,549052,width,3.5 centimetre
https://m.media-amazon.com/images/I/51CkAbw+xUL.jpg,549052,width,29.0 centimetre
https://m.media-amazon.com/images/I/41Td6Wmg9RL.jpg,549052,width,8.3 inch
https://m.media-amazon.com/images/I/41e7MQFLMNL.jpg,549052,width,11.0 centimetre
https://m.media-amazon.com/images/I/616e49qLDGL.jpg,549052,width,40.0 centimetre
https://m.media-amazon.com/images/I/51opEQpK+PS.jpg,549052,width,70.0 millimetre
https://m.media-amazon.com/images/I/61+Pref3jtL.jpg,549052,width,4.2 centimetre
https://m.media-amazon.com/images/I/61+Pref3jtL.jpg,549052,height,6.3 inch
https://m.media-amazon.com/images/I/612nqrSI9cL.jpg,549052,width,6.5 inch
https://m.media-amazon.com/images/I/614tGkMtvwL.jpg,549052,width,180.0 millimetre
https://m.media-amazon.com/images/I/51GmDaC524L.jpg,549052,width,70.0 millimetre
https://m.media-amazon.com/images/I/51TMzQGx2gL.jpg,549052,width,2.5 inch
https://m.media-amazon.com/images/I/51k1aFIt82L.jpg,549052,width,4.2 centimetre
https://m.media-amazon.com/images/I/618cmxrFJTL.jpg,549052,width,4.0 centimetre
https://m.media-amazon.com/images/I/41e-XVUJ7yL.jpg,549052,width,3.93 inch
https://m.media-amazon.com/images/I/51wmXu74QxL.jpg,549052,width,5.0 centimetre
https://m.media-amazon.com/images/I/51EXyIdwvdL.jpg,549052,width,5.0 centimetre
https://m.media-amazon.com/images/I/61FtUsL5rdL.jpg,549052,width,14.0 centimetre
https://m.media-amazon.com/images/I/61FtUsL5rdL.jpg,549052,height,22.0 centimetre
https://m.media-amazon.com/images/I/61CivL0xiKL.jpg,549052,width,4.0 inch
https://m.media-amazon.com/images/I/51r-PBjcgxL.jpg,549052,width,9.6 centimetre
https://m.media-amazon.com/images/I/51RMNDot-qL.jpg,549052,width,23.0 centimetre
https://m.media-amazon.com/images/I/61+hAARC3NL.jpg,549052,width,9.0 centimetre
https://m.media-amazon.com/images/I/61+hAARC3NL.jpg,549052,depth,9.0 centimetre
https://m.media-amazon.com/images/I/61+hAARC3NL.jpg,549052,height,12.5 centimetre
https://m.media-amazon.com/images/I/61+lLWIdohL.jpg,549052,width,4.25 inch
https://m.media-amazon.com/images/I/51TfXqznpdL.jpg,549052,width,15.0 centimetre
https://m.media-amazon.com/images/I/51TfXqznpdL.jpg,549052,height,36.0 centimetre
https://m.media-amazon.com/images/I/61+7BMMj0iL.jpg,549052,width,3.54 inch
https://m.media-amazon.com/images/I/51cgDJHUNQL.jpg,549052,width,6.5 centimetre
https://m.media-amazon.com/images/I/41nSNXwchSL.jpg,549052,width,4.0 inch
https://m.media-amazon.com/images/I/51Ilg4aqShL.jpg,549052,width,23.5 centimetre
https://m.media-amazon.com/images/I/51hBLZGuRfL.jpg,549052,width,18.0 centimetre
https://m.media-amazon.com/images/I/51hBLZGuRfL.jpg,549052,height,18.0 centimetre
https://m.media-amazon.com/images/I/51zt+C-uyoL.jpg,549052,width,29.0 centimetre
https://m.media-amazon.com/images/I/51zt+C-uyoL.jpg,549052,depth,29.0 centimetre
https://m.media-amazon.com/images/I/51WTvZSr48L.jpg,549052,width,2.5 centimetre
https://m.media-amazon.com/images/I/614aDyBth8L.jpg,549052,width,2.0 inch
https://m.media-amazon.com/images/I/61816qWOAHL.jpg,549052,width,20.0 centimetre
https://m.media-amazon.com/images/I/61816qWOAHL.jpg,549052,depth,20.0 centimetre
https://m.media-amazon.com/images/I/51VMC-bK7wL.jpg,549052,width,7.5 inch
https://m.media-amazon.com/images/I/51VMC-bK7wL.jpg,549052,height,22.25 inch
https://m.media-amazon.com/images/I/51gMqczig0L.jpg,549052,width,43.0 millimetre
https://m.media-amazon.com/images/I/51YZcUFYdFL.jpg,549052,width,4.5 inch
https://m.media-amazon.com/images/I/61BiPQgDuDL.jpg,549052,width,2.75 inch
https://m.media-amazon.com/images/I/51pin+-KVmL.jpg,549052,width,3.15 inch
https://m.media-amazon.com/images/I/51VhonIAp7L.jpg,549052,width,4.0 centimetre
https://m.media-amazon.com/images/I/61+UWGvMo3L.jpg,549052,width,14.5 centimetre
https://m.media-amazon.com/images/I/51oMphQXXeL.jpg,549052,width,6.0 inch
https://m.media-amazon.com/images/I/51VkApwLZyL.jpg,549052,width,5.7 inch
https://m.media-amazon.com/images/I/51UjIllDWiL.jpg,549052,width,1.7 inch
https://m.media-amazon.com/images/I/515pSC8-fxL.jpg,549052,width,8.0 centimetre
https://m.media-amazon.com/images/I/51EJO3oa7yL.jpg,549052,width,25.4 centimetre
https://m.media-amazon.com/images/I/61BsuildjJL.jpg,549052,width,2.1 inch
https://m.media-amazon.com/images/I/61Fda00xbjL.jpg,549052,width,8.0 centimetre
https://m.media-amazon.com/images/I/51IyITS8DPL.jpg,549052,width,4.25 inch
https://m.media-amazon.com/images/I/41nqULqRaCL.jpg,549052,width,3.14 inch
https://m.media-amazon.com/images/I/61Aym5rYjGL.jpg,549052,width,13.0 centimetre
https://m.media-amazon.com/images/I/51WGEcvnCTL.jpg,549052,width,2.75 inch
https://m.media-amazon.com/images/I/51D2djAikXL.jpg,549052,width,25.0 centimetre
https://m.media-amazon.com/images/I/610SVeZzHrL.jpg,549052,width,17.0 centimetre
https://m.media-amazon.com/images/I/61-Q4eR5WGL.jpg,549052,width,5.0 centimetre
https://m.media-amazon.com/images/I/51o-niA9kGS.jpg,549052,width,18.0 centimetre
https://m.media-amazon.com/images/I/61C1YDZgAZL.jpg,549052,width,3.6 inch
https://m.media-amazon.com/images/I/51x9eOUqJ6L.jpg,549052,width,7.0 centimetre
https://m.media-amazon.com/images/I/51x9eOUqJ6L.jpg,549052,depth,7.0 centimetre
https://m.media-amazon.com/images/I/613mMaf1nXL.jpg,549052,width,25.0 centimetre
https://m.media-amazon.com/images/I/61+6hxDO6jL.jpg,549052,width,6.0 centimetre
https://m.media-amazon.com/images/I/61Fhq5fWzHL.jpg,549052,width,5.5 inch
https://m.media-amazon.com/images/I/610lfcLgxUL.jpg,549052,width,8.0 inch
https://m.media-amazon.com/images/I/51a0MHn1e0L.jpg,549052,width,2.5 inch
https://m.media-amazon.com/images/I/61B5jxeFxsL.jpg,549052,width,11.4 centimetre
https://m.media-amazon.com/images/I/610HgCpLt-L.jpg,549052,width,10.0 centimetre
https://m.media-amazon.com/images/I/41SDUIvlb7L.jpg,549052,width,2.0 centimetre
https://m.media-amazon.com/images/I/61-RwQFaApL.jpg,549052,width,8.0 inch
https://m.media-amazon.com/images/I/51VmyCiifCL.jpg,549052,width,3.0 inch
https://m.media-amazon.com/images/I/61AqQyhpp5L.jpg,549052,width,10.0 centimetre
https://m.media-amazon.com/images/I/61AqQyhpp5L.jpg,549052,height,10.0 centimetre
https://m.media-amazon.com/images/I/51PsrqcFkAL.jpg,549052,width,3.75 inch
https://m.media-amazon.com/images/I/51PsrqcFkAL.jpg,549052,depth,3.75 inch
https://m.media-amazon.com/images/I/519Rzg24ZCL.jpg,549052,width,12.0 centimetre
https://m.media-amazon.com/images/I/4179S4oay1L.jpg,549052,width,5.0 centimetre
https://m.media-amazon.com/images/I/4179S4oay1L.jpg,549052,height,5.0 centimetre
https://m.media-amazon.com/images/I/516jT3OmDsL.jpg,549052,width,17.8 centimetre
https://m.media-amazon.com/images/I/51OPfyRcXFL.jpg,549052,width,6.5 centimetre
https://m.media-amazon.com/images/I/51jHTu6zCpL.jpg,549052,width,50.0 millimetre
https://m.media-amazon.com/images/I/614IZASMa8L.jpg,549052,width,22.8 centimetre
https://m.media-amazon.com/images/I/61C6m7EPenL.jpg,549052,width,4.8 centimetre
https://m.media-amazon.com/images/I/618OMZQ8KFL.jpg,549052,width,8.6 inch
https://m.media-amazon.com/images/I/610lADaJGUL.jpg,549052,width,1.8 centimetre
https://m.media-amazon.com/images/I/51XJNL2usdL.jpg,549052,width,15.0 centimetre
https://m.media-amazon.com/images/I/51OPJgSUk+L.jpg,549052,width,4.5 centimetre
https://m.media-amazon.com/images/I/51u5ocFDhnL.jpg,549052,width,32.0 centimetre
https://m.media-amazon.com/images/I/612BSC57URL.jpg,549052,width,15.0 centimetre
https://m.media-amazon.com/images/I/51J77fQ4USL.jpg,549052,depth,22.4 inch
https://m.media-amazon.com/images/I/616i5yYUA5L.jpg,549052,depth,10.0 centimetre
https://m.media-amazon.com/images/I/61AL57OytsL.jpg,549052,depth,2.0 inch
https://m.media-amazon.com/images/I/516deQBLSGL.jpg,549052,depth,3.0 inch
https://m.media-amazon.com/images/I/51QArLkeM1L.jpg,549052,depth,2.9 inch
https://m.media-amazon.com/images/I/51QArLkeM1L.jpg,549052,height,6.2 inch
https://m.media-amazon.com/images/I/51i68SZy+xL.jpg,549052,depth,150.0 millimetre
https://m.media-amazon.com/images/I/51epM6fnMrL.jpg,549052,depth,43.0 millimetre
https://m.media-amazon.com/images/I/51sdBWiozlL.jpg,549052,depth,30.0 centimetre
https://m.media-amazon.com/images/I/41u-LKFqRTL.jpg,549052,depth,2.0 inch
https://m.media-amazon.com/images/I/61Eiwzee9RL.jpg,549052,depth,12.5 centimetre
https://m.media-amazon.com/images/I/61+99+nmRxS.jpg,549052,depth,2.9 inch
https://m.media-amazon.com/images/I/61+99+nmRxS.jpg,549052,height,11.8 inch
https://m.media-amazon.com/images/I/5103XsMdN5L.jpg,549052,depth,7.0 centimetre
https://m.media-amazon.com/images/I/51qXeH4Fn8L.jpg,549052,depth,25.0 centimetre
https://m.media-amazon.com/images/I/611xb6chj1L.jpg,549052,depth,15.5 centimetre
https://m.media-amazon.com/images/I/51TSPuZG3mL.jpg,549052,depth,21.0 centimetre
https://m.media-amazon.com/images/I/51Ut0ebAwsL.jpg,549052,depth,8.0 centimetre
https://m.media-amazon.com/images/I/51w-lATQ2BS.jpg,549052,depth,8.0 centimetre
https://m.media-amazon.com/images/I/617VMmzYo2L.jpg,549052,depth,7.5 inch
https://m.media-amazon.com/images/I/61BsHEvEBbL.jpg,549052,depth,29.5 centimetre
https://m.media-amazon.com/images/I/517xd6zwOdL.jpg,549052,depth,18.5 inch
https://m.media-amazon.com/images/I/517xd6zwOdL.jpg,549052,height,4.7 inch
https://m.media-amazon.com/images/I/51AjGR3R5oL.jpg,549052,depth,57.5 centimetre
https://m.media-amazon.com/images/I/51BUAxzrrkL.jpg,549052,depth,18.0 centimetre
https://m.media-amazon.com/images/I/51iJb-R8l2L.jpg,549052,depth,2.8 inch
https://m.media-amazon.com/images/I/5128GBSI7AL.jpg,549052,depth,41.0 centimetre
https://m.media-amazon.com/images/I/61BBnYPhnTL.jpg,549052,depth,7.5 inch
https://m.media-amazon.com/images/I/617La1BHxTL.jpg,549052,depth,5.0 centimetre
https://m.media-amazon.com/images/I/513w+hYLI+L.jpg,549052,depth,5.5 centimetre
https://m.media-amazon.com/images/I/51iec7ozKLL.jpg,549052,depth,12.0 centimetre
https://m.media-amazon.com/images/I/51iec7ozKLL.jpg,549052,height,6.0 centimetre
https://m.media-amazon.com/images/I/617gDyi+ARL.jpg,549052,depth,8.3 inch
https://m.media-amazon.com/images/I/41+4mkVmKpL.jpg,549052,depth,30.0 centimetre
https://m.media-amazon.com/images/I/61G8fZH8nFL.jpg,549052,depth,8.0 centimetre
https://m.media-amazon.com/images/I/51z2lwsletL.jpg,549052,depth,19.0 centimetre
https://m.media-amazon.com/images/I/512iu0q5vsL.jpg,549052,depth,33.46 inch
https://m.media-amazon.com/images/I/512iu0q5vsL.jpg,549052,height,10.0 centimetre
https://m.media-amazon.com/images/I/51cFs3sHhSL.jpg,549052,depth,30.0 centimetre
https://m.media-amazon.com/images/I/61-1JXvN4xL.jpg,549052,depth,7.5 inch
https://m.media-amazon.com/images/I/41bDcZe6KVL.jpg,549052,depth,3.14 inch
https://m.media-amazon.com/images/I/51l5F3bKRiL.jpg,549052,depth,6.0 centimetre
https://m.media-amazon.com/images/I/616suZUB+UL.jpg,549052,depth,12.0 centimetre
https://m.media-amazon.com/images/I/616suZUB+UL.jpg,549052,height,23.5 centimetre
https://m.media-amazon.com/images/I/611EGdh1ZhL.jpg,549052,depth,10.0 centimetre
https://m.media-amazon.com/images/I/61FMNSYYnuL.jpg,549052,depth,5.63 inch
https://m.media-amazon.com/images/I/612mBlUnUfL.jpg,549052,depth,11.0 inch
https://m.media-amazon.com/images/I/512NsLbYFPL.jpg,549052,depth,2.6 inch
https://m.media-amazon.com/images/I/41wvWx0iKBL.jpg,549052,depth,2.25 inch
https://m.media-amazon.com/images/I/51TZvFGeA+L.jpg,549052,depth,2.0 inch
https://m.media-amazon.com/images/I/51TZvFGeA+L.jpg,549052,height,4.3 inch
https://m.media-amazon.com/images/I/51SNQeOYH2L.jpg,549052,depth,6.5 centimetre
https://m.media-amazon.com/images/I/61-qUKxNDjL.jpg,549052,depth,8.0 centimetre
https://m.media-amazon.com/images/I/61ET1-SArLL.jpg,549052,depth,7.5 centimetre
https://m.media-amazon.com/images/I/51uvlkClZOL.jpg,549052,depth,45.0 centimetre
https://m.media-amazon.com/images/I/51esyOc3Z9L.jpg,549052,depth,40.2 centimetre
https://m.media-amazon.com/images/I/613mVYcJCDL.jpg,549052,depth,23.6 inch
https://m.media-amazon.com/images/I/616ZcLcso8L.jpg,549052,depth,24.0 millimetre
https://m.media-amazon.com/images/I/6111x1ESI0L.jpg,549052,depth,8.3 inch
https://m.media-amazon.com/images/I/51LTLzjWylL.jpg,549052,depth,25.5 centimetre
https://m.media-amazon.com/images/I/618rnZgJ6NL.jpg,549052,depth,7.0 centimetre
https://m.media-amazon.com/images/I/41w6OaksLvL.jpg,549052,depth,7.0 inch
https://m.media-amazon.com/images/I/5160YAihmLL.jpg,549052,depth,5.0 inch
https://m.media-amazon.com/images/I/518mGQntstL.jpg,549052,depth,75.0 centimetre
https://m.media-amazon.com/images/I/61CuqI8axUL.jpg,549052,depth,14.0 centimetre
https://m.media-amazon.com/images/I/41yNiiprsWL.jpg,549052,depth,3.0 centimetre
https://m.media-amazon.com/images/I/618VnE4fF7L.jpg,549052,depth,5.3 inch
https://m.media-amazon.com/images/I/61G+Of1yaUL.jpg,549052,depth,8.45 inch
https://m.media-amazon.com/images/I/61Fv9dCqaCL.jpg,549052,depth,25.0 centimetre
https://m.media-amazon.com/images/I/51H35gEYoLL.jpg,549052,depth,2.59 inch
https://m.media-amazon.com/images/I/610+Sp2EQlL.jpg,549052,depth,7.8 inch
https://m.media-amazon.com/images/I/61BOU1zEKRL.jpg,549052,depth,7.0 inch
https://m.media-amazon.com/images/I/514AzuN9eOL.jpg,549052,depth,1.6 inch
https://m.media-amazon.com/images/I/614HkIMlUYL.jpg,549052,depth,10.0 inch
https://m.media-amazon.com/images/I/51D2fqHFOfL.jpg,549052,depth,5.0 centimetre
https://m.media-amazon.com/images/I/51D2fqHFOfL.jpg,549052,height,8.5 inch
https://m.media-amazon.com/images/I/51k5z5bycPL.jpg,549052,depth,6.0 centimetre
https://m.media-amazon.com/images/I/51No+HUYxqL.jpg,549052,depth,5.0 centimetre
https://m.media-amazon.com/images/I/51yujzvItRL.jpg,549052,depth,6.5 centimetre
https://m.media-amazon.com/images/I/51oGVXMNKHL.jpg,549052,depth,6.0 centimetre
https://m.media-amazon.com/images/I/51vnVNOLXXL.jpg,549052,depth,8.0 centimetre
https://m.media-amazon.com/images/I/61+rOnRZGVL.jpg,549052,depth,35.0 centimetre
https://m.media-amazon.com/images/I/61+rOnRZGVL.jpg,549052,height,2.0 centimetre
https://m.media-amazon.com/images/I/51yMjMJiNZL.jpg,549052,depth,3.0 inch
https://m.media-amazon.com/images/I/513fk5MzJVL.jpg,549052,depth,10.0 inch
https://m.media-amazon.com/images/I/51ndpKG-+5L.jpg,549052,depth,6.0 centimetre
https://m.media-amazon.com/images/I/61D3BGc3+XL.jpg,549052,depth,40.6 centimetre
https://m.media-amazon.com/images/I/41y1A2UdgPS.jpg,549052,depth,13.5 centimetre
https://m.media-amazon.com/images/I/61CooUjZljL.jpg,549052,depth,18.0 centimetre
https://m.media-amazon.com/images/I/41SEZIkxjmL.jpg,549052,depth,8.8 centimetre
https://m.media-amazon.com/images/I/51X1K9qAB5S.jpg,549052,depth,15.0 centimetre
https://m.media-amazon.com/images/I/51PVry9sahL.jpg,549052,depth,8.0 centimetre
https://m.media-amazon.com/images/I/61A2t53KQZL.jpg,549052,depth,55.0 centimetre
https://m.media-amazon.com/images/I/61-gW4PPGQL.jpg,549052,depth,38.0 centimetre
https://m.media-amazon.com/images/I/51vqgMV0umL.jpg,549052,depth,19.0 centimetre
https://m.media-amazon.com/images/I/51FfN7MgQnL.jpg,549052,depth,38.0 centimetre
https://m.media-amazon.com/images/I/415PgaqnZgL.jpg,549052,depth,12.0 centimetre
https://m.media-amazon.com/images/I/51P3tJFhQbL.jpg,549052,depth,8.0 centimetre
https://m.media-amazon.com/images/I/51z618JfZKL.jpg,549052,depth,3.0 centimetre
https://m.media-amazon.com/images/I/51MfP86qxaS.jpg,549052,depth,8.33 inch
https://m.media-amazon.com/images/I/51NPgoeSQAL.jpg,549052,depth,7.8 centimetre
https://m.media-amazon.com/images/I/41MsCXPWwnL.jpg,549052,depth,47.0 centimetre
https://m.media-amazon.com/images/I/61Dm0z26yKL.jpg,549052,depth,4.8 centimetre
https://m.media-amazon.com/images/I/611hyEKEG-L.jpg,549052,depth,13.78 inch
https://m.media-amazon.com/images/I/61-DRiS61kL.jpg,549052,depth,12.0 centimetre
https://m.media-amazon.com/images/I/61BofMmDnNL.jpg,549052,depth,14.9 inch
https://m.media-amazon.com/images/I/51UJcG9PQmL.jpg,549052,depth,6.5 centimetre
https://m.media-amazon.com/images/I/61Bt11jkycL.jpg,549052,depth,7.0 inch
https://m.media-amazon.com/images/I/518uF3B2z1L.jpg,549052,depth,13.0 centimetre
https://m.media-amazon.com/images/I/51r1GZ3W-KL.jpg,549052,depth,2.2 inch
https://m.media-amazon.com/images/I/51jHfXMbwLL.jpg,549052,depth,7.0 inch
https://m.media-amazon.com/images/I/6155MXTGNKL.jpg,549052,depth,12.0 centimetre
https://m.media-amazon.com/images/I/6155MXTGNKL.jpg,549052,height,25.0 centimetre
https://m.media-amazon.com/images/I/516L0Vy8+UL.jpg,549052,depth,32.0 centimetre
https://m.media-amazon.com/images/I/51d-MwisFfL.jpg,549052,depth,20.0 centimetre
https://m.media-amazon.com/images/I/41KyXWHhB0L.jpg,549052,depth,10.23 inch
https://m.media-amazon.com/images/I/61-MYQBD3LL.jpg,549052,depth,26.0 centimetre
https://m.media-amazon.com/images/I/61C+UcLVtzL.jpg,549052,depth,16.0 centimetre
https://m.media-amazon.com/images/I/610yLcIUmeS.jpg,549052,depth,70.0 centimetre
https://m.media-amazon.com/images/I/610yLcIUmeS.jpg,549052,height,7.0 inch
https://m.media-amazon.com/images/I/515gBvOpu7L.jpg,549052,depth,9.5 inch
https://m.media-amazon.com/images/I/51u6UbYjrzL.jpg,549052,depth,18.0 centimetre
https://m.media-amazon.com/images/I/51u6UbYjrzL.jpg,549052,height,18.0 centimetre
https://m.media-amazon.com/images/I/61Eo4UsAZWL.jpg,549052,depth,11.0 centimetre
https://m.media-amazon.com/images/I/51qaiUxEbqL.jpg,549052,depth,5.0 centimetre
https://m.media-amazon.com/images/I/516q4oq7BcL.jpg,549052,depth,10.0 centimetre
https://m.media-amazon.com/images/I/51zSzQ9IuyL.jpg,549052,depth,3.25 inch
https://m.media-amazon.com/images/I/615630+UGZL.jpg,549052,depth,4.0 inch
https://m.media-amazon.com/images/I/51RfzB3ka8L.jpg,549052,depth,2.59 inch
https://m.media-amazon.com/images/I/51m5iXNqamL.jpg,549052,depth,15.0 centimetre
https://m.media-amazon.com/images/I/51m5iXNqamL.jpg,549052,height,15.0 centimetre
https://m.media-amazon.com/images/I/51vrAUSc5kL.jpg,549052,depth,20.0 centimetre
https://m.media-amazon.com/images/I/617-isdMm4L.jpg,549052,depth,16.0 centimetre
https://m.media-amazon.com/images/I/51UrlQ66XeL.jpg,549052,depth,20.0 centimetre
https://m.media-amazon.com/images/I/51sWhtOVS5L.jpg,549052,depth,35.0 centimetre
https://m.media-amazon.com/images/I/516lChYf9VL.jpg,549052,depth,75.0 millimetre
https://m.media-amazon.com/images/I/610FJ8HRCnL.jpg,549052,depth,25.5 centimetre
https://m.media-amazon.com/images/I/61A0nxR3VEL.jpg,549052,depth,29.0 centimetre
https://m.media-amazon.com/images/I/513SeNHtdeL.jpg,549052,depth,5.6 centimetre
https://m.media-amazon.com/images/I/61DNIEuDntL.jpg,549052,depth,4.0 centimetre
https://m.media-amazon.com/images/I/51Rhj+wXrjL.jpg,549052,depth,110.0 millimetre
https://m.media-amazon.com/images/I/41rKMd9s8eL.jpg,549052,depth,43.0 millimetre
https://m.media-amazon.com/images/I/51d0KACGuNL.jpg,549052,depth,40.0 centimetre
https://m.media-amazon.com/images/I/619wJPfWyCL.jpg,549052,depth,3.2 inch
https://m.media-amazon.com/images/I/51qbo4-kARL.jpg,549052,depth,32.0 centimetre
https://m.media-amazon.com/images/I/617E6eaN9uL.jpg,549052,depth,11.0 inch
https://m.media-amazon.com/images/I/611YFxTswUL.jpg,549052,depth,15.0 centimetre
https://m.media-amazon.com/images/I/51You3lgA3L.jpg,549052,depth,3.75 inch
https://m.media-amazon.com/images/I/51uOqFSsS9L.jpg,549052,depth,140.0 millimetre
https://m.media-amazon.com/images/I/41cYuRtM1VS.jpg,549052,depth,5.0 centimetre
https://m.media-amazon.com/images/I/41cYuRtM1VS.jpg,549052,height,5.0 centimetre
https://m.media-amazon.com/images/I/614qHwDuU8L.jpg,549052,depth,15.0 centimetre
https://m.media-amazon.com/images/I/51iZh9LA-1L.jpg,549052,depth,3.5 centimetre
https://m.media-amazon.com/images/I/61+FpfDFDNL.jpg,549052,depth,13.5 centimetre
https://m.media-amazon.com/images/I/51ZgKTEjV6L.jpg,549052,depth,28.0 centimetre
https://m.media-amazon.com/images/I/51KXiwqlVEL.jpg,549052,depth,7.0 inch
https://m.media-amazon.com/images/I/613yAwu-lwL.jpg,549052,depth,61.0 centimetre
https://m.media-amazon.com/images/I/616tAygc71L.jpg,549052,depth,37.0 centimetre
https://m.media-amazon.com/images/I/51RJh7pELTL.jpg,549052,depth,40.0 centimetre
https://m.media-amazon.com/images/I/512GUdEgeIL.jpg,549052,depth,3.2 inch
https://m.media-amazon.com/images/I/510GQ+rscDL.jpg,549052,depth,30.0 centimetre
https://m.media-amazon.com/images/I/51zvEJVTXHL.jpg,549052,depth,3.5 inch
https://m.media-amazon.com/images/I/514Kfkpda7L.jpg,549052,depth,13.0 centimetre
https://m.media-amazon.com/images/I/61Drwb9OFkL.jpg,549052,depth,7.0 centimetre
https://m.media-amazon.com/images/I/51PnozNo1KL.jpg,549052,depth,6.6 centimetre
https://m.media-amazon.com/images/I/510QInqBfLL.jpg,549052,depth,43.0 millimetre
https://m.media-amazon.com/images/I/51JsLApnJrL.jpg,549052,depth,27.0 centimetre
https://m.media-amazon.com/images/I/51EXVWe8HDL.jpg,549052,depth,11.0 centimetre
https://m.media-amazon.com/images/I/61GEoqeCkeL.jpg,549052,depth,4.8 centimetre
https://m.media-amazon.com/images/I/51VL3fezv8L.jpg,549052,depth,4.0 inch
https://m.media-amazon.com/images/I/5154-g-qItL.jpg,549052,depth,4.3 centimetre
https://m.media-amazon.com/images/I/51NKh04483S.jpg,549052,depth,19.0 centimetre
https://m.media-amazon.com/images/I/613vuSMtdSS.jpg,549052,depth,2.76 inch
https://m.media-amazon.com/images/I/610BRCy01mL.jpg,549052,depth,4.0 inch
https://m.media-amazon.com/images/I/51lSYKT4inL.jpg,549052,depth,4.06 centimetre
https://m.media-amazon.com/images/I/61+9Dfe+VEL.jpg,549052,depth,7.4 inch
https://m.media-amazon.com/images/I/51Mdi0SwL9L.jpg,549052,depth,6.2 centimetre
https://m.media-amazon.com/images/I/51ciki-sJsL.jpg,549052,depth,5.0 centimetre
https://m.media-amazon.com/images/I/61481S7Am0L.jpg,549052,depth,8.0 centimetre
https://m.media-amazon.com/images/I/51-1H1lEVSL.jpg,549052,depth,130.0 millimetre
https://m.media-amazon.com/images/I/61-5td7DJ5L.jpg,549052,depth,1.5 centimetre
https://m.media-amazon.com/images/I/51RCxFi9bRL.jpg,549052,depth,11.5 centimetre
https://m.media-amazon.com/images/I/61Fs0ALvwSL.jpg,549052,depth,24.1 centimetre
https://m.media-amazon.com/images/I/514vM-g8txL.jpg,549052,depth,6.8 centimetre
https://m.media-amazon.com/images/I/514vM-g8txL.jpg,549052,height,11.0 centimetre
https://m.media-amazon.com/images/I/617qa8U0TkL.jpg,549052,depth,4.0 inch
https://m.media-amazon.com/images/I/614ma8mX9iL.jpg,549052,depth,9.8 inch
https://m.media-amazon.com/images/I/610o7DFQo9L.jpg,549052,depth,6.1 inch
https://m.media-amazon.com/images/I/610o7DFQo9L.jpg,549052,height,1.78 inch
https://m.media-amazon.com/images/I/41tAtpEpCqL.jpg,549052,depth,4.5 centimetre
https://m.media-amazon.com/images/I/41sHNUuL5+L.jpg,549052,depth,3.0 inch
https://m.media-amazon.com/images/I/5175LLGScOL.jpg,549052,depth,30.0 centimetre
https://m.media-amazon.com/images/I/51ei4yH60-S.jpg,549052,depth,20.0 centimetre
https://m.media-amazon.com/images/I/617ZPZxHN0L.jpg,549052,depth,4.17 inch
https://m.media-amazon.com/images/I/51ArmKaSk5L.jpg,549052,depth,30.0 centimetre
https://m.media-amazon.com/images/I/613KrrooIlL.jpg,549052,depth,22.0 centimetre
https://m.media-amazon.com/images/I/61E+hscprsL.jpg,549052,depth,33.0 centimetre
https://m.media-amazon.com/images/I/61BbuFG3RMS.jpg,549052,depth,5.5 inch
https://m.media-amazon.com/images/I/51nggb7-vdL.jpg,549052,depth,7.5 centimetre
https://m.media-amazon.com/images/I/51jQ3qxwmVL.jpg,549052,depth,18.0 centimetre
https://m.media-amazon.com/images/I/51oeoToxYpL.jpg,549052,depth,2.75 inch
https://m.media-amazon.com/images/I/51hbHDQto-L.jpg,549052,depth,2.92 inch
https://m.media-amazon.com/images/I/51EYFGbZ-5S.jpg,549052,depth,14.0 centimetre
https://m.media-amazon.com/images/I/51BGbGAtDiL.jpg,549052,depth,15.25 inch
https://m.media-amazon.com/images/I/51B0XTKklML.jpg,549052,depth,4.0 inch
https://m.media-amazon.com/images/I/619F4QO2VdL.jpg,549052,depth,3.5 inch
https://m.media-amazon.com/images/I/613n+8uCQiL.jpg,549052,depth,20.0 centimetre
https://m.media-amazon.com/images/I/615ZKOoi0yL.jpg,549052,depth,28.0 centimetre
https://m.media-amazon.com/images/I/615ZKOoi0yL.jpg,549052,height,22.5 centimetre
https://m.media-amazon.com/images/I/61-cOMCy90L.jpg,549052,depth,20.0 centimetre
https://m.media-amazon.com/images/I/61EcI89k1XL.jpg,549052,depth,7.67 inch
https://m.media-amazon.com/images/I/614J1yc3+TL.jpg,549052,depth,46.0 centimetre
https://m.media-amazon.com/images/I/41reeMWSfCL.jpg,549052,depth,2.5 inch
https://m.media-amazon.com/images/I/51ZSFpAzpJL.jpg,549052,depth,43.0 millimetre
https://m.media-amazon.com/images/I/61DF3NIpInL.jpg,549052,depth,6.0 inch
https://m.media-amazon.com/images/I/617fla3dClL.jpg,549052,depth,15.0 centimetre
https://m.media-amazon.com/images/I/61ACKM+6-oL.jpg,549052,depth,9.0 inch
https://m.media-amazon.com/images/I/51+i9fo2-CL.jpg,549052,depth,5.0 centimetre
https://m.media-amazon.com/images/I/51dvEJj+AGL.jpg,549052,depth,8.75 inch
https://m.media-amazon.com/images/I/51hnMbHiYUL.jpg,549052,depth,4.0 inch
https://m.media-amazon.com/images/I/6106wVUmGXL.jpg,549052,depth,40.0 centimetre
https://m.media-amazon.com/images/I/61Bd-6GazaL.jpg,549052,depth,159.0 millimetre
https://m.media-amazon.com/images/I/61Bd-6GazaL.jpg,549052,height,66.0 millimetre
https://m.media-amazon.com/images/I/515F0xpzQ3L.jpg,549052,height,26.0 inch
https://m.media-amazon.com/images/I/51GFFSzR09L.jpg,549052,height,1.9 centimetre
https://m.media-amazon.com/images/I/41-m20LgtWL.jpg,549052,height,3.0 centimetre
https://m.media-amazon.com/images/I/51AXebAAvZS.jpg,549052,height,40.0 centimetre
https://m.media-amazon.com/images/I/61CbkTTXL9L.jpg,549052,height,3.0 centimetre
https://m.media-amazon.com/images/I/617bqnemNmL.jpg,549052,height,2.7 inch
https://m.media-amazon.com/images/I/41D5JOUmkVL.jpg,549052,height,23.0 centimetre
https://m.media-amazon.com/images/I/614O9f1WH1L.jpg,549052,height,16.0 centimetre
https://m.media-amazon.com/images/I/614NC84-dHL.jpg,549052,height,4.33 inch
https://m.media-amazon.com/images/I/51bm7gu7m6L.jpg,549052,height,2.3 inch
https://m.media-amazon.com/images/I/61GKlxlTDoL.jpg,549052,height,25.0 centimetre
https://m.media-amazon.com/images/I/51xwuAopzxL.jpg,549052,height,18.0 inch
https://m.media-amazon.com/images/I/51yB6iW9KJL.jpg,549052,height,8.0 centimetre
https://m.media-amazon.com/images/I/51DCZOSZSNL.jpg,549052,height,23.0 centimetre
https://m.media-amazon.com/images/I/61CcfWiDkoL.jpg,549052,height,48.0 centimetre
https://m.media-amazon.com/images/I/618m+fETPAL.jpg,549052,height,1.57 inch
https://m.media-amazon.com/images/I/51IIMPfvs4L.jpg,549052,height,110.0 centimetre
https://m.media-amazon.com/images/I/615iSlF1G3L.jpg,549052,height,180.0 centimetre
https://m.media-amazon.com/images/I/51w7D8t8QiL.jpg,549052,height,5.9 inch
https://m.media-amazon.com/images/I/6199jkp2H9L.jpg,549052,height,1.9 inch
https://m.media-amazon.com/images/I/612GnsjDKpL.jpg,549052,height,10.7 centimetre
https://m.media-amazon.com/images/I/41RpZGHSvnL.jpg,549052,height,8.0 inch
https://m.media-amazon.com/images/I/6188s-uuxAL.jpg,549052,height,13.25 inch
https://m.media-amazon.com/images/I/51QNeoR2xKL.jpg,549052,height,8.4 inch
https://m.media-amazon.com/images/I/51slNTimdaL.jpg,549052,height,27.0 centimetre
https://m.media-amazon.com/images/I/61B--JeuyTL.jpg,549052,height,1.45 inch
https://m.media-amazon.com/images/I/61E2u3aFkYL.jpg,549052,height,15.0 centimetre
https://m.media-amazon.com/images/I/51GXxJf0KDL.jpg,549052,height,26.5 inch
https://m.media-amazon.com/images/I/61+e7HPlQxL.jpg,549052,height,3.7 inch
https://m.media-amazon.com/images/I/61Fc1aFVJ6L.jpg,549052,height,19.0 inch
https://m.media-amazon.com/images/I/41QbXcwZAvL.jpg,549052,height,2.5 inch
https://m.media-amazon.com/images/I/51F0IpQjjXL.jpg,549052,height,12.0 inch
https://m.media-amazon.com/images/I/519ZZXvOmIL.jpg,549052,height,38.0 centimetre
https://m.media-amazon.com/images/I/61EpBUjDjVL.jpg,549052,height,6.0 centimetre
https://m.media-amazon.com/images/I/516bVUw2sRL.jpg,549052,height,30.0 centimetre
https://m.media-amazon.com/images/I/51XTZc8r-BS.jpg,549052,height,40.0 centimetre
https://m.media-amazon.com/images/I/41Lut511U2L.jpg,549052,height,50.0 centimetre
https://m.media-amazon.com/images/I/61G9psNqytL.jpg,549052,height,6.3 inch
https://m.media-amazon.com/images/I/51TQR85LzQL.jpg,549052,height,8.0 centimetre
https://m.media-amazon.com/images/I/615hXRjbupL.jpg,549052,height,9.5 centimetre
https://m.media-amazon.com/images/I/51BvjByhcfS.jpg,549052,height,3.0 inch
https://m.media-amazon.com/images/I/61759zV4InL.jpg,549052,height,13.0 inch
https://m.media-amazon.com/images/I/51LQ2423ITL.jpg,549052,height,7.0 centimetre
https://m.media-amazon.com/images/I/610WAUC3YXL.jpg,549052,height,14.5 centimetre
https://m.media-amazon.com/images/I/41nPG3vpreL.jpg,549052,height,34.0 centimetre
https://m.media-amazon.com/images/I/61CMfO-P+lL.jpg,549052,height,17.0 centimetre
https://m.media-amazon.com/images/I/61B5Sly3EEL.jpg,549052,height,2.86 inch
https://m.media-amazon.com/images/I/51SAMuWNnjL.jpg,549052,height,4.0 centimetre
https://m.media-amazon.com/images/I/61G+2X+88WL.jpg,549052,height,3.0 inch
https://m.media-amazon.com/images/I/51xye0TSt3L.jpg,549052,height,12.0 centimetre
https://m.media-amazon.com/images/I/517vuu-J3dL.jpg,549052,height,11.5 centimetre
https://m.media-amazon.com/images/I/51aS3uwUzyL.jpg,549052,height,6.8 inch
https://m.media-amazon.com/images/I/619Fm8QZs0L.jpg,549052,height,92.0 centimetre
https://m.media-amazon.com/images/I/51801AEAtUL.jpg,549052,height,5.0 inch
https://m.media-amazon.com/images/I/61+9FwcrxQL.jpg,549052,height,18.0 centimetre
https://m.media-amazon.com/images/I/41fOER9rmNS.jpg,549052,height,3.5 inch
https://m.media-amazon.com/images/I/41pjokkTdiL.jpg,549052,height,100.0 centimetre
https://m.media-amazon.com/images/I/518mN-Y7yXL.jpg,549052,height,28.0 centimetre
https://m.media-amazon.com/images/I/515+l-evrcL.jpg,549052,height,20.0 centimetre
https://m.media-amazon.com/images/I/610OyEWWolS.jpg,549052,height,19.0 centimetre
https://m.media-amazon.com/images/I/51eb8b0xhQL.jpg,549052,height,37.0 centimetre
https://m.media-amazon.com/images/I/617Ayk3PXtL.jpg,549052,height,21.0 centimetre
https://m.media-amazon.com/images/I/414Jq0g-1aL.jpg,549052,height,68.0 millimetre
https://m.media-amazon.com/images/I/51qiulUYjPL.jpg,549052,height,9.6 inch
https://m.media-amazon.com/images/I/610lkLXIgjL.jpg,549052,height,57.0 centimetre
https://m.media-amazon.com/images/I/514cUvT8VPL.jpg,549052,height,13.0 inch
https://m.media-amazon.com/images/I/619qRUQmxRL.jpg,549052,height,7.0 centimetre
https://m.media-amazon.com/images/I/51K+ZKvooIL.jpg,549052,height,5.0 centimetre
https://m.media-amazon.com/images/I/61CRiVP+rQL.jpg,549052,height,5.0 inch
https://m.media-amazon.com/images/I/51J+k+-kEvL.jpg,549052,height,11.0 inch
https://m.media-amazon.com/images/I/61EANG94s3L.jpg,549052,height,12.7 centimetre
https://m.media-amazon.com/images/I/51bfNWT2HeL.jpg,549052,height,5.0 centimetre
https://m.media-amazon.com/images/I/616r7fLEz6L.jpg,549052,height,14.0 centimetre
https://m.media-amazon.com/images/I/61+h3N5GSZL.jpg,549052,height,10.6 inch
https://m.media-amazon.com/images/I/61DBSoMDHcL.jpg,549052,height,5.0 centimetre
https://m.media-amazon.com/images/I/518KlgX8kbL.jpg,549052,height,99.0 millimetre
https://m.media-amazon.com/images/I/41bcl-+B+RL.jpg,549052,height,6.1 inch
https://m.media-amazon.com/images/I/611y-M1FefS.jpg,549052,height,24.0 centimetre
https://m.media-amazon.com/images/I/51Kc2tCiWxL.jpg,549052,height,6.6 centimetre
https://m.media-amazon.com/images/I/616TOOY8xpL.jpg,549052,height,20.0 centimetre
https://m.media-amazon.com/images/I/51XcL1ubjNL.jpg,549052,height,6.3 inch
https://m.media-amazon.com/images/I/51jJhS5ORzL.jpg,549052,height,70.5 centimetre
https://m.media-amazon.com/images/I/61CbFXszIeL.jpg,549052,height,4.0 inch
https://m.media-amazon.com/images/I/51b-5qfllRS.jpg,549052,height,4.0 inch
https://m.media-amazon.com/images/I/61DQEZ3eUmL.jpg,549052,height,25.0 centimetre
https://m.media-amazon.com/images/I/51XrFM9sARL.jpg,549052,height,4.0 centimetre
https://m.media-amazon.com/images/I/51GB8hutOAL.jpg,549052,height,25.0 centimetre
https://m.media-amazon.com/images/I/514fsuV9vFL.jpg,549052,height,7.2 inch
https://m.media-amazon.com/images/I/51sgHkYnrwL.jpg,549052,height,25.0 centimetre
https://m.media-amazon.com/images/I/613j7Z20fmL.jpg,549052,height,5.0 inch
https://m.media-amazon.com/images/I/51lA4OwdvIL.jpg,549052,height,9.6 inch
https://m.media-amazon.com/images/I/41CFIBGnuGL.jpg,549052,height,15.0 inch
https://m.media-amazon.com/images/I/619bRmssNKS.jpg,549052,height,4.8 centimetre
https://m.media-amazon.com/images/I/512qLP6F5NL.jpg,549052,height,9.0 inch
https://m.media-amazon.com/images/I/5184Y5VZFQS.jpg,549052,height,16.0 inch
https://m.media-amazon.com/images/I/51-M4jkKdpL.jpg,549052,height,11.0 centimetre
https://m.media-amazon.com/images/I/51uSshEu69L.jpg,549052,height,4.7 inch
https://m.media-amazon.com/images/I/51BQhyHrr6L.jpg,549052,height,9.0 inch
https://m.media-amazon.com/images/I/51eanbTEpwL.jpg,549052,height,7.7 inch
https://m.media-amazon.com/images/I/51OJtIivkEL.jpg,549052,height,12.0 centimetre
https://m.media-amazon.com/images/I/51a8rynrNcL.jpg,549052,height,75.0 centimetre
https://m.media-amazon.com/images/I/513waFs7QEL.jpg,549052,height,5.5 inch
https://m.media-amazon.com/images/I/61+A9Uh5AiL.jpg,549052,height,71.0 centimetre
https://m.media-amazon.com/images/I/514OxFdsvcL.jpg,549052,height,2.1 inch
https://m.media-amazon.com/images/I/513Cxhi03JL.jpg,549052,height,18.0 centimetre
https://m.media-amazon.com/images/I/51u7wotI50L.jpg,549052,height,17.71 inch
https://m.media-amazon.com/images/I/515WhCIUppL.jpg,549052,height,2.1 inch
https://m.media-amazon.com/images/I/61DoY0fW92L.jpg,549052,height,8.5 centimetre
https://m.media-amazon.com/images/I/617u5YRtlsL.jpg,549052,height,6.7 inch
https://m.media-amazon.com/images/I/616cQiZbHNL.jpg,549052,height,5.5 inch
https://m.media-amazon.com/images/I/51ZH3Kn97CL.jpg,549052,height,6.2 centimetre
https://m.media-amazon.com/images/I/61CD03Z6ExL.jpg,549052,height,97.5 centimetre
https://m.media-amazon.com/images/I/514kc6c835L.jpg,549052,height,7.47 inch
https://m.media-amazon.com/images/I/61Alw3XL8pL.jpg,549052,height,80.0 millimetre
https://m.media-amazon.com/images/I/612eowb1OTL.jpg,549052,height,48.0 centimetre
https://m.media-amazon.com/images/I/513oux4lJmL.jpg,549052,height,7.0 inch
https://m.media-amazon.com/images/I/61-VPGNqNwL.jpg,549052,height,6.5 inch
https://m.media-amazon.com/images/I/61-+chC5vZL.jpg,549052,height,162.5 millimetre
https://m.media-amazon.com/images/I/51CiMVzZUuL.jpg,549052,height,3.0 centimetre
https://m.media-amazon.com/images/I/512ctLckLFL.jpg,549052,height,26.0 inch
https://m.media-amazon.com/images/I/610eQtH3ATL.jpg,549052,height,9.0 inch
https://m.media-amazon.com/images/I/513RACbIw3L.jpg,549052,height,1.5 inch
https://m.media-amazon.com/images/I/51zwuIBHKgL.jpg,549052,height,18.5 centimetre
https://m.media-amazon.com/images/I/61-dQ48JjAL.jpg,549052,height,5.5 centimetre
https://m.media-amazon.com/images/I/51Hnr1CRUlL.jpg,549052,height,47.0 centimetre
https://m.media-amazon.com/images/I/618oAlpU-sL.jpg,549052,height,64.0 centimetre
https://m.media-amazon.com/images/I/614Vu-WftXL.jpg,549052,height,22.0 centimetre
https://m.media-amazon.com/images/I/610JESdx2LL.jpg,549052,height,30.0 millimetre
https://m.media-amazon.com/images/I/611j1P-lxiL.jpg,549052,height,11.8 inch
https://m.media-amazon.com/images/I/51J-8Qbv6vL.jpg,549052,height,12.5 centimetre
https://m.media-amazon.com/images/I/51+j9d+1wwL.jpg,549052,height,62.0 centimetre
https://m.media-amazon.com/images/I/51yqyalSXOS.jpg,549052,height,7.87 inch
https://m.media-amazon.com/images/I/61CWFMC6uNL.jpg,549052,height,13.2 inch
https://m.media-amazon.com/images/I/619y8mou+5L.jpg,549052,height,22.0 centimetre
https://m.media-amazon.com/images/I/51QJCHD7uvS.jpg,549052,height,7.0 centimetre
https://m.media-amazon.com/images/I/41r7+r8TACL.jpg,549052,height,8.66 inch
https://m.media-amazon.com/images/I/61+zO6npEXL.jpg,549052,height,5.0 centimetre
https://m.media-amazon.com/images/I/618csNs1WSL.jpg,549052,height,30.0 centimetre
https://m.media-amazon.com/images/I/416xdAYGvVL.jpg,549052,height,8.5 centimetre
https://m.media-amazon.com/images/I/51ejt8K0NIL.jpg,549052,height,60.0 centimetre
https://m.media-amazon.com/images/I/41vsv-dIEJL.jpg,549052,height,13.0 inch
https://m.media-amazon.com/images/I/613ZnjRlxNL.jpg,549052,height,12.6 inch
https://m.media-amazon.com/images/I/51RFVQWAdIL.jpg,549052,height,12.0 centimetre
https://m.media-amazon.com/images/I/517ZREez+3L.jpg,549052,height,8.9 inch
https://m.media-amazon.com/images/I/51jjjbdz12L.jpg,549052,height,12.25 inch
https://m.media-amazon.com/images/I/61Cm1XGNrqL.jpg,549052,height,205.0 millimetre
https://m.media-amazon.com/images/I/616LmY0epsL.jpg,549052,height,5.5 centimetre
https://m.media-amazon.com/images/I/61Fu3LpHBRL.jpg,549052,height,3.85 inch
https://m.media-amazon.com/images/I/519ZRnlHP0L.jpg,549052,height,2.5 inch
https://m.media-amazon.com/images/I/51HEY2aZAcL.jpg,549052,height,20.0 centimetre
https://m.media-amazon.com/images/I/61+pMRn-KaL.jpg,549052,height,69.0 centimetre
https://m.media-amazon.com/images/I/610ftC23Y9L.jpg,549052,height,22.0 centimetre
https://m.media-amazon.com/images/I/6108nIH3a3L.jpg,549052,height,16.0 centimetre
https://m.media-amazon.com/images/I/61DQ56gluHL.jpg,549052,height,30.0 centimetre
https://m.media-amazon.com/images/I/610lN8wCIBL.jpg,549052,height,7.6 centimetre
https://m.media-amazon.com/images/I/51o1iYie0WL.jpg,549052,height,45.0 centimetre
https://m.media-amazon.com/images/I/513sqRxLgGL.jpg,549052,height,15.8 inch
https://m.media-amazon.com/images/I/51C6GkigzuS.jpg,549052,height,4.0 inch
https://m.media-amazon.com/images/I/611ndvndCZL.jpg,549052,height,14.5 centimetre
https://m.media-amazon.com/images/I/51c+F14AlbL.jpg,549052,height,24.0 centimetre
https://m.media-amazon.com/images/I/618IoWfyeoL.jpg,549052,height,2.5 inch
https://m.media-amazon.com/images/I/51MuIkKNHKL.jpg,549052,height,9.0 inch
https://m.media-amazon.com/images/I/41DNqIKerZL.jpg,549052,height,2.25 inch
https://m.media-amazon.com/images/I/51PSIr8HpgL.jpg,549052,height,30.0 centimetre
https://m.media-amazon.com/images/I/51bXL1Q5RrL.jpg,549052,height,29.5 inch
https://m.media-amazon.com/images/I/51JKFf5gN5L.jpg,549052,height,120.0 centimetre
https://m.media-amazon.com/images/I/51tcFOdBSxL.jpg,549052,height,11.0 centimetre
https://m.media-amazon.com/images/I/613Ic2NPfmL.jpg,549052,height,45.0 centimetre
https://m.media-amazon.com/images/I/51wawJpzpFL.jpg,549052,height,36.0 centimetre
https://m.media-amazon.com/images/I/51DV8d1M45L.jpg,549052,height,8.0 inch
https://m.media-amazon.com/images/I/514l3Y-55hL.jpg,549052,height,16.0 centimetre
https://m.media-amazon.com/images/I/613h8HvBAYL.jpg,549052,height,4.0 centimetre
https://m.media-amazon.com/images/I/51iTAQVL6dL.jpg,549052,height,2.0 inch
https://m.media-amazon.com/images/I/61+Qm40WZfL.jpg,549052,height,4.7 inch
https://m.media-amazon.com/images/I/51vwJ3glloL.jpg,549052,height,24.0 centimetre
https://m.media-amazon.com/images/I/51Ot5r84QGL.jpg,549052,height,5.8 centimetre
https://m.media-amazon.com/images/I/619xuXKxZiL.jpg,549052,height,9.8 inch
https://m.media-amazon.com/images/I/51HyAUOuYCL.jpg,549052,height,5.8 centimetre
https://m.media-amazon.com/images/I/5177korpr6L.jpg,549052,height,12.0 centimetre
https://m.media-amazon.com/images/I/418N6Fz6ymL.jpg,549052,height,6.0 inch
https://m.media-amazon.com/images/I/51apKEZscJL.jpg,549052,height,5.5 centimetre
https://m.media-amazon.com/images/I/51DtAsGmZfL.jpg,549052,height,7.5 inch
https://m.media-amazon.com/images/I/51-tT3xQG1L.jpg,549052,height,1.1 inch
