image_link,group_id,entity_name,entity_value
https://m.media-amazon.com/images/I/71BiVbuyXYL.jpg,288715,item_weight,2.0 ounce
https://m.media-amazon.com/images/I/61g6ZMZid6L.jpg,288715,item_weight,113.0 gram
https://m.media-amazon.com/images/I/51AjAyaUwfL.jpg,288715,item_weight,500.0 gram
https://m.media-amazon.com/images/I/71LAfL7HvvL.jpg,288715,item_weight,32.0 gram
https://m.media-amazon.com/images/I/61-eZOYh9AL.jpg,288715,item_weight,0.61 kilogram
https://m.media-amazon.com/images/I/717SGIKc4LL.jpg,288715,item_weight,232.0 gram
https://m.media-amazon.com/images/I/71gxXeeWwiL.jpg,288715,item_weight,32.0 gram
https://m.media-amazon.com/images/I/81ffNHuwBfL.jpg,288715,item_weight,0.53 pound
https://m.media-amazon.com/images/I/61XsebWVmSL.jpg,288715,item_weight,85.0 milligram
https://m.media-amazon.com/images/I/51tS6tmz3PL.jpg,288715,item_weight,20.0 kilogram
https://m.media-amazon.com/images/I/81q-1cbvacL.jpg,288715,item_weight,20.0 pound
https://m.media-amazon.com/images/I/71rdj7WtcwL.jpg,288715,item_weight,135.0 gram
https://m.media-amazon.com/images/I/81hmCBUJ3GL.jpg,288715,item_weight,0.7 pound
https://m.media-amazon.com/images/I/71pDM4RkdoL.jpg,288715,item_weight,13.0 gram
https://m.media-amazon.com/images/I/810KMQBd69L.jpg,288715,item_weight,0.55 pound
https://m.media-amazon.com/images/I/A1JeUse7MML.jpg,288715,item_weight,440.0 kilogram
https://m.media-amazon.com/images/I/81Iq3f1x6kL.jpg,288715,item_weight,0.32 pound
https://m.media-amazon.com/images/I/71P8NRL2y6L.jpg,288715,item_weight,239.0 gram
https://m.media-amazon.com/images/I/71YzKHqAakL.jpg,288715,item_weight,81.0 gram
https://m.media-amazon.com/images/I/71c0mUkUMpL.jpg,288715,item_weight,0.44 pound
https://m.media-amazon.com/images/I/51SxRjq0yOL.jpg,288715,item_weight,7.0 gram
https://m.media-amazon.com/images/I/61OFPpsr7AL.jpg,288715,item_weight,32.0 gram
https://m.media-amazon.com/images/I/81r8yd5LCXL.jpg,288715,item_weight,0.52 pound
https://m.media-amazon.com/images/I/81zJyD1DePL.jpg,288715,item_weight,145.0 gram
https://m.media-amazon.com/images/I/81xjhc7qLzL.jpg,288715,item_weight,0.52 pound
https://m.media-amazon.com/images/I/61Fn6MMbXuL.jpg,288715,item_weight,200.0 gram
https://m.media-amazon.com/images/I/71wXGJISqiL.jpg,288715,item_weight,511.0 gram
https://m.media-amazon.com/images/I/81aMv5fV6IL.jpg,288715,item_weight,32.0 gram
https://m.media-amazon.com/images/I/81gKBtKOpRL.jpg,288715,item_weight,6.0 pound
https://m.media-amazon.com/images/I/71g-ykqzJeL.jpg,288715,item_weight,32.0 gram
https://m.media-amazon.com/images/I/41VyjhLla1L.jpg,288715,item_weight,20.0 gram
https://m.media-amazon.com/images/I/812T4oN4iFL.jpg,288715,item_weight,32.0 gram
https://m.media-amazon.com/images/I/81UO5h9eqTL.jpg,288715,item_weight,32.0 gram
https://m.media-amazon.com/images/I/61-q3LDbCDL.jpg,288715,item_weight,96.0 gram
https://m.media-amazon.com/images/I/31dFMdEMfaL.jpg,288715,item_weight,40.4 gram
https://m.media-amazon.com/images/I/81lGdGVC1vL.jpg,288715,item_weight,1.5 pound
https://m.media-amazon.com/images/I/81W5+rdiaZL.jpg,288715,item_weight,6.8 ounce
https://m.media-amazon.com/images/I/71b4ho8pQ3L.jpg,288715,item_weight,32.0 gram
https://m.media-amazon.com/images/I/719mBrCfFjL.jpg,288715,item_weight,80.0 gram
https://m.media-amazon.com/images/I/61GqSmDNbhL.jpg,288715,item_weight,32.0 gram
https://m.media-amazon.com/images/I/812LgXoe8PL.jpg,288715,item_weight,0.94 pound
https://m.media-amazon.com/images/I/61J+H8PnYYL.jpg,288715,item_weight,1.0 pound
https://m.media-amazon.com/images/I/71zmVst9+ML.jpg,288715,item_weight,32.0 gram
https://m.media-amazon.com/images/I/616tfp4ozVL.jpg,288715,item_weight,120.0 gram
https://m.media-amazon.com/images/I/81aMcesENUL.jpg,288715,item_weight,13.0 gram
https://m.media-amazon.com/images/I/71vBPnJynUL.jpg,288715,item_weight,2.0 ounce
https://m.media-amazon.com/images/I/81eNKjxCtYL.jpg,288715,item_weight,239.0 gram
https://m.media-amazon.com/images/I/81Y0BYE+RpL.jpg,288715,item_weight,10.0 pound
https://m.media-amazon.com/images/I/81k-poPpI+L.jpg,288715,item_weight,35.0 gram
https://m.media-amazon.com/images/I/716k-6hgmtL.jpg,288715,item_weight,32.0 gram
https://m.media-amazon.com/images/I/618GRvOXMGL.jpg,288715,item_weight,160.0 gram
https://m.media-amazon.com/images/I/61umis5zqFL.jpg,288715,item_weight,160.0 gram
https://m.media-amazon.com/images/I/71RjLfNNRoL.jpg,288715,item_weight,0.66 pound
https://m.media-amazon.com/images/I/71+dMy9lmyL.jpg,288715,item_weight,737.0 gram
https://m.media-amazon.com/images/I/71d8ta5QQ4S.jpg,288715,item_weight,0.19 pound
https://m.media-amazon.com/images/I/71xPYN6jxOL.jpg,288715,item_weight,32.0 gram
https://m.media-amazon.com/images/I/31ECgkdhWFL.jpg,288715,item_weight,3322114121.0 ounce
https://m.media-amazon.com/images/I/61TA9lyiAhL.jpg,288715,item_weight,29.0 kilogram
https://m.media-amazon.com/images/I/511XVBCnXYL.jpg,288715,item_weight,32.0 gram
