image_link,group_id,entity_name,entity_value
https://m.media-amazon.com/images/I/51F0wlRGcYL.jpg,144184,width,0.6 metre
https://m.media-amazon.com/images/I/51Dc17Nur9L.jpg,144184,width,2.0 metre
https://m.media-amazon.com/images/I/51da5ZXrt2L.jpg,144184,width,2.0 metre
https://m.media-amazon.com/images/I/51sjmfY-66L.jpg,144184,width,19.0 centimetre
https://m.media-amazon.com/images/I/61BUXK29ROL.jpg,144184,depth,261.0 centimetre
https://m.media-amazon.com/images/I/6152rNagKvL.jpg,144184,depth,30.0 centimetre
https://m.media-amazon.com/images/I/51K3YBFl00L.jpg,144184,depth,600.0 millimetre
https://m.media-amazon.com/images/I/51q8VcmurYL.jpg,144184,depth,1.0 metre
https://m.media-amazon.com/images/I/51ii0LuFPOL.jpg,144184,depth,457.0 centimetre
https://m.media-amazon.com/images/I/617EKdM5xML.jpg,144184,depth,12.0 inch
https://m.media-amazon.com/images/I/61DNNI35eEL.jpg,144184,depth,50.8 centimetre
https://m.media-amazon.com/images/I/51cQcDrWIyL.jpg,144184,depth,2.0 metre
https://m.media-amazon.com/images/I/51y-Q1oYCrL.jpg,144184,depth,2.0 metre
https://m.media-amazon.com/images/I/51BikZaqKML.jpg,144184,depth,50.0 centimetre
