image_link,group_id,entity_name,entity_value
https://m.media-amazon.com/images/I/61+zFTXoLYL.jpg,682898,width,3.1 centimetre
https://m.media-amazon.com/images/I/61+zFTXoLYL.jpg,682898,depth,3.1 centimetre
https://m.media-amazon.com/images/I/51NmfJwD3XL.jpg,682898,width,23.0 millimetre
https://m.media-amazon.com/images/I/615rVYHmR3L.jpg,682898,width,2.2 centimetre
https://m.media-amazon.com/images/I/615rVYHmR3L.jpg,682898,height,2.2 centimetre
https://m.media-amazon.com/images/I/610cGKn+V-L.jpg,682898,width,5.0 millimetre
https://m.media-amazon.com/images/I/610cGKn+V-L.jpg,682898,height,5.0 millimetre
https://m.media-amazon.com/images/I/51qsOPZKMcL.jpg,682898,width,0.94 inch
https://m.media-amazon.com/images/I/51qsOPZKMcL.jpg,682898,depth,1.96 inch
https://m.media-amazon.com/images/I/51Yo1cDA+QL.jpg,682898,width,5.0 millimetre
https://m.media-amazon.com/images/I/51Yo1cDA+QL.jpg,682898,depth,24.0 millimetre
https://m.media-amazon.com/images/I/61CxVxpTy8L.jpg,682898,width,30.8 millimetre
https://m.media-amazon.com/images/I/41nFFtqBzTL.jpg,682898,width,27.7 millimetre
https://m.media-amazon.com/images/I/51SKjYsDhBL.jpg,682898,width,30.0 millimetre
https://m.media-amazon.com/images/I/51SKjYsDhBL.jpg,682898,height,33.4 millimetre
https://m.media-amazon.com/images/I/51FAbDHKK5L.jpg,682898,width,26.0 millimetre
https://m.media-amazon.com/images/I/41QMoyLDdeL.jpg,682898,width,0.8 inch
https://m.media-amazon.com/images/I/41QMoyLDdeL.jpg,682898,height,0.8 inch
https://m.media-amazon.com/images/I/51poo+DdpmL.jpg,682898,width,30.0 millimetre
https://m.media-amazon.com/images/I/51qpU7skD6L.jpg,682898,width,21.0 millimetre
https://m.media-amazon.com/images/I/51tVnDvpE2L.jpg,682898,width,23.5 millimetre
https://m.media-amazon.com/images/I/418VzgNuzNL.jpg,682898,width,4.0 millimetre
https://m.media-amazon.com/images/I/51Ey+I1EpuL.jpg,682898,width,1.0 inch
https://m.media-amazon.com/images/I/51P0jC66GvL.jpg,682898,depth,16.0 millimetre
https://m.media-amazon.com/images/I/61DzW7XVP8L.jpg,682898,depth,29.9 millimetre
https://m.media-amazon.com/images/I/519+dag0LHL.jpg,682898,depth,70.0 millimetre
https://m.media-amazon.com/images/I/519+dag0LHL.jpg,682898,height,38.0 millimetre
https://m.media-amazon.com/images/I/51QS+9dGX9L.jpg,682898,depth,35.0 millimetre
https://m.media-amazon.com/images/I/51vV3mMAa0L.jpg,682898,depth,24.3 millimetre
https://m.media-amazon.com/images/I/61DFziS6TQL.jpg,682898,depth,28.0 millimetre
https://m.media-amazon.com/images/I/411aRTKN5IL.jpg,682898,depth,31.0 millimetre
https://m.media-amazon.com/images/I/411aRTKN5IL.jpg,682898,height,35.0 millimetre
https://m.media-amazon.com/images/I/51OPiIZpI0L.jpg,682898,height,70.0 millimetre
https://m.media-amazon.com/images/I/612PvyiIlbL.jpg,682898,depth,4.65 centimetre
https://m.media-amazon.com/images/I/51SzuXJitjL.jpg,682898,depth,30.0 millimetre
https://m.media-amazon.com/images/I/51+Awsjh48L.jpg,682898,depth,30.0 millimetre
https://m.media-amazon.com/images/I/51c-KJ7LbFL.jpg,682898,depth,24.0 millimetre
https://m.media-amazon.com/images/I/51p3miIoV6L.jpg,682898,depth,3.5 centimetre
https://m.media-amazon.com/images/I/611O36Y0yzL.jpg,682898,depth,75.0 millimetre
https://m.media-amazon.com/images/I/51dvUl90sKL.jpg,682898,depth,2.75 inch
https://m.media-amazon.com/images/I/61F-wiEyqFL.jpg,682898,depth,3.93 centimetre
https://m.media-amazon.com/images/I/61F-wiEyqFL.jpg,682898,height,2.35 centimetre
https://m.media-amazon.com/images/I/618FUsPlBPS.jpg,682898,depth,7.0 centimetre
https://m.media-amazon.com/images/I/612e0fYj4ZL.jpg,682898,depth,29.8 millimetre
https://m.media-amazon.com/images/I/61C1zkVHY9L.jpg,682898,depth,13.0 centimetre
https://m.media-amazon.com/images/I/61C1zkVHY9L.jpg,682898,height,3.0 centimetre
https://m.media-amazon.com/images/I/51XCRkV71mL.jpg,682898,depth,8.5 centimetre
https://m.media-amazon.com/images/I/51eQNt3b8-L.jpg,682898,depth,15.0 centimetre
https://m.media-amazon.com/images/I/51JUC3xJsbL.jpg,682898,depth,32.0 millimetre
https://m.media-amazon.com/images/I/51pVEG4jzTL.jpg,682898,depth,32.0 millimetre
https://m.media-amazon.com/images/I/51GJw930OqL.jpg,682898,depth,690.0 millimetre
https://m.media-amazon.com/images/I/51lej2UHiaL.jpg,682898,depth,39.0 millimetre
https://m.media-amazon.com/images/I/51ngt-e2DEL.jpg,682898,depth,54.0 millimetre
https://m.media-amazon.com/images/I/611nZ4IRmqL.jpg,682898,depth,29.8 millimetre
https://m.media-amazon.com/images/I/41AM7lpS8zL.jpg,682898,depth,14.5 centimetre
https://m.media-amazon.com/images/I/517+Ui1FyHL.jpg,682898,depth,5.5 centimetre
https://m.media-amazon.com/images/I/616Qa6u70HL.jpg,682898,depth,4.0 centimetre
https://m.media-amazon.com/images/I/51MyCPVwOFL.jpg,682898,depth,4.7 centimetre
https://m.media-amazon.com/images/I/51+kpy9KXHL.jpg,682898,depth,3.0 centimetre
https://m.media-amazon.com/images/I/51Ob50w738L.jpg,682898,depth,65.0 millimetre
https://m.media-amazon.com/images/I/51Hp8YxXtWL.jpg,682898,depth,50.0 millimetre
https://m.media-amazon.com/images/I/51IrAI3WwxL.jpg,682898,depth,29.0 millimetre
https://m.media-amazon.com/images/I/51DjbX8pLdL.jpg,682898,depth,32.0 millimetre
https://m.media-amazon.com/images/I/51DjbX8pLdL.jpg,682898,height,26.5 millimetre
https://m.media-amazon.com/images/I/51VlQbsZ0DL.jpg,682898,depth,70.0 millimetre
https://m.media-amazon.com/images/I/51QQaTj1EqL.jpg,682898,depth,70.0 millimetre
https://m.media-amazon.com/images/I/5197BM9FvQL.jpg,682898,depth,4.3 inch
https://m.media-amazon.com/images/I/51Xpd2F7DVL.jpg,682898,depth,55.0 millimetre
https://m.media-amazon.com/images/I/51bvHamW0RL.jpg,682898,depth,2.4 centimetre
https://m.media-amazon.com/images/I/616T7ycYjZL.jpg,682898,depth,70.0 millimetre
https://m.media-amazon.com/images/I/51EnJXcnX9L.jpg,682898,depth,31.0 millimetre
https://m.media-amazon.com/images/I/617Q0h8rV0L.jpg,682898,height,4.8 centimetre
https://m.media-amazon.com/images/I/61-o++1LUUL.jpg,682898,height,32.0 millimetre
https://m.media-amazon.com/images/I/51CIAcFYMfL.jpg,682898,height,51.0 millimetre
https://m.media-amazon.com/images/I/5172WaVQWJL.jpg,682898,height,35.0 millimetre
https://m.media-amazon.com/images/I/51w+4e1OGIL.jpg,682898,height,28.0 millimetre
https://m.media-amazon.com/images/I/41jAeeNMzuL.jpg,682898,height,1.8 centimetre
https://m.media-amazon.com/images/I/61FFSLFwYNL.jpg,682898,height,30.8 millimetre
https://m.media-amazon.com/images/I/51dxsNioLdL.jpg,682898,height,3.0 centimetre
https://m.media-amazon.com/images/I/51Lo+gB31aL.jpg,682898,height,39.0 millimetre
https://m.media-amazon.com/images/I/617j9Gu3HcL.jpg,682898,height,28.6 millimetre
https://m.media-amazon.com/images/I/41hdgyWN+EL.jpg,682898,height,65.0 millimetre
https://m.media-amazon.com/images/I/51AoLju3enL.jpg,682898,height,37.0 millimetre
https://m.media-amazon.com/images/I/51tMI-pNh1L.jpg,682898,height,55.0 millimetre
https://m.media-amazon.com/images/I/51I3Rhp1vlL.jpg,682898,height,3.3 inch
https://m.media-amazon.com/images/I/611fGe6fxgL.jpg,682898,height,30.0 millimetre
https://m.media-amazon.com/images/I/51OefUJefUL.jpg,682898,height,1.9 centimetre
https://m.media-amazon.com/images/I/51tgm6HVXwL.jpg,682898,height,30.0 millimetre
https://m.media-amazon.com/images/I/51R7MH9p8-L.jpg,682898,height,37.0 millimetre
https://m.media-amazon.com/images/I/51TeQUv3NOL.jpg,682898,height,3.5 centimetre
https://m.media-amazon.com/images/I/615ypVRcRPL.jpg,682898,height,22.5 millimetre
https://m.media-amazon.com/images/I/51GEuhj63UL.jpg,682898,height,30.0 millimetre
https://m.media-amazon.com/images/I/41DYpLtEBFL.jpg,682898,height,4.0 millimetre
https://m.media-amazon.com/images/I/61DNs6Y6V8L.jpg,682898,height,23.0 millimetre
https://m.media-amazon.com/images/I/51O7pWA5yxL.jpg,682898,height,1.81 inch
https://m.media-amazon.com/images/I/51f3E+LzJgL.jpg,682898,height,28.0 millimetre
https://m.media-amazon.com/images/I/51KTsdapESL.jpg,682898,height,26.6 millimetre
https://m.media-amazon.com/images/I/51WYAg1NpNL.jpg,682898,height,24.18 millimetre
https://m.media-amazon.com/images/I/51ut-hVaJKL.jpg,682898,height,3.2 centimetre
https://m.media-amazon.com/images/I/610c-OxpuKL.jpg,682898,height,35.0 millimetre
https://m.media-amazon.com/images/I/61-d-xu01qL.jpg,682898,height,60.0 millimetre
https://m.media-amazon.com/images/I/51hXSXUtIJL.jpg,682898,height,19.0 millimetre
https://m.media-amazon.com/images/I/61364O3MrML.jpg,682898,height,3.5 centimetre
https://m.media-amazon.com/images/I/518Byq9tIvL.jpg,682898,height,4.0 millimetre
