image_link,group_id,entity_name,entity_value
https://m.media-amazon.com/images/I/51HCFk-uuXL.jpg,217230,width,9.0 millimetre
https://m.media-amazon.com/images/I/51HCFk-uuXL.jpg,217230,height,28.0 millimetre
https://m.media-amazon.com/images/I/41oYsfRRaLL.jpg,217230,width,4.0 centimetre
https://m.media-amazon.com/images/I/51bwxnkUwIL.jpg,217230,width,2.0 centimetre
https://m.media-amazon.com/images/I/510sMpvpm4L.jpg,217230,width,10.0 millimetre
https://m.media-amazon.com/images/I/51z3tgIayqL.jpg,217230,width,1.8 centimetre
https://m.media-amazon.com/images/I/41NS8d+bwEL.jpg,217230,width,4.0 centimetre
https://m.media-amazon.com/images/I/41NS8d+bwEL.jpg,217230,height,13.0 centimetre
https://m.media-amazon.com/images/I/51fXef7E-NL.jpg,217230,height,3.74 inch
https://m.media-amazon.com/images/I/51rhF65AwAL.jpg,217230,height,7.0 centimetre
https://m.media-amazon.com/images/I/51jynCidLNL.jpg,217230,height,100.0 centimetre
https://m.media-amazon.com/images/I/51Y6NNev-QL.jpg,217230,height,3.74 inch
https://m.media-amazon.com/images/I/615ypPK+rSL.jpg,217230,height,38.0 millimetre
https://m.media-amazon.com/images/I/41EGO9ik1CL.jpg,217230,height,7.2 centimetre
https://m.media-amazon.com/images/I/61+5uYCFIWL.jpg,217230,height,275.0 millimetre
https://m.media-amazon.com/images/I/51ZAjUOToqL.jpg,217230,height,3.0 inch
https://m.media-amazon.com/images/I/51T53bNA+eL.jpg,217230,height,9.5 centimetre
https://m.media-amazon.com/images/I/6112WO9tC-L.jpg,217230,height,7.2 centimetre
https://m.media-amazon.com/images/I/51cCnmkcawL.jpg,217230,height,2.3 centimetre
