image_link,group_id,entity_name,entity_value
https://m.media-amazon.com/images/I/41ZK+Z5U0rL.jpg,386460,depth,34.5 centimetre
https://m.media-amazon.com/images/I/51CcDqLen-L.jpg,386460,depth,8.0 centimetre
https://m.media-amazon.com/images/I/41H8Ecw+IrL.jpg,386460,depth,2.67 inch
https://m.media-amazon.com/images/I/51+tIpZ7w8L.jpg,386460,depth,60.0 centimetre
https://m.media-amazon.com/images/I/51CsAXZHAnL.jpg,386460,depth,35.0 centimetre
https://m.media-amazon.com/images/I/51OT4021unL.jpg,386460,depth,80.0 centimetre
https://m.media-amazon.com/images/I/615NeoMvCTL.jpg,386460,depth,60.0 centimetre
https://m.media-amazon.com/images/I/51Fb9dBLq6L.jpg,386460,depth,18.0 centimetre
https://m.media-amazon.com/images/I/611qDCHyPrL.jpg,386460,depth,20.0 centimetre
https://m.media-amazon.com/images/I/61BofEkuI-L.jpg,386460,depth,8.0 inch
https://m.media-amazon.com/images/I/61EbqRVG0mL.jpg,386460,depth,25.0 centimetre
https://m.media-amazon.com/images/I/51eVwAlNSKL.jpg,386460,depth,5.5 inch
https://m.media-amazon.com/images/I/51-1439EMEL.jpg,386460,depth,33.0 centimetre
https://m.media-amazon.com/images/I/51iVtlq+8EL.jpg,386460,depth,60.0 centimetre
https://m.media-amazon.com/images/I/51p7jkYzkvL.jpg,386460,depth,35.0 centimetre
https://m.media-amazon.com/images/I/518SbJMT92L.jpg,386460,depth,80.0 millimetre
https://m.media-amazon.com/images/I/512KEHKlRZL.jpg,386460,depth,5.5 inch
https://m.media-amazon.com/images/I/61E-ts3ZXSL.jpg,386460,depth,11.7 centimetre
https://m.media-amazon.com/images/I/417AC8hghbL.jpg,386460,depth,40.0 centimetre
https://m.media-amazon.com/images/I/61FFrjiCcGL.jpg,386460,depth,100.0 millimetre
https://m.media-amazon.com/images/I/41dOK8ncmkL.jpg,386460,depth,18.0 centimetre
https://m.media-amazon.com/images/I/416+34BGHeL.jpg,386460,depth,18.0 centimetre
https://m.media-amazon.com/images/I/51K7l7nRNSL.jpg,386460,depth,35.0 centimetre
https://m.media-amazon.com/images/I/514KDJKnTFL.jpg,386460,depth,80.0 centimetre
https://m.media-amazon.com/images/I/41UNwFn5ELL.jpg,386460,depth,40.0 centimetre
https://m.media-amazon.com/images/I/41eUv+qOBVS.jpg,386460,depth,65.0 centimetre
https://m.media-amazon.com/images/I/41Dcb-B+aEL.jpg,386460,depth,85.0 millimetre
https://m.media-amazon.com/images/I/41fIJ4bq8uL.jpg,386460,depth,13.0 inch
https://m.media-amazon.com/images/I/51q668xj3vL.jpg,386460,depth,270.0 millimetre
https://m.media-amazon.com/images/I/41S5SosgmKL.jpg,386460,depth,35.0 centimetre
https://m.media-amazon.com/images/I/41mD9NbEtFS.jpg,386460,depth,30.0 centimetre
https://m.media-amazon.com/images/I/51ztTB5K0cL.jpg,386460,depth,33.0 centimetre
https://m.media-amazon.com/images/I/61Cc9A1MR+L.jpg,386460,depth,80.0 centimetre
https://m.media-amazon.com/images/I/51Uk8OfBE9L.jpg,386460,depth,61.0 millimetre
https://m.media-amazon.com/images/I/51CNaS5CvSL.jpg,386460,depth,35.0 centimetre
https://m.media-amazon.com/images/I/61+XLJxVdzL.jpg,386460,depth,25.0 centimetre
https://m.media-amazon.com/images/I/61+qbq203GL.jpg,386460,depth,8.2 inch
https://m.media-amazon.com/images/I/611UR5x6QxL.jpg,386460,depth,6.0 inch
https://m.media-amazon.com/images/I/61A+2+QaJEL.jpg,386460,depth,8.0 inch
https://m.media-amazon.com/images/I/51eT9Zph1CL.jpg,386460,depth,100.0 millimetre
https://m.media-amazon.com/images/I/51WvMA8PqNL.jpg,386460,depth,18.0 centimetre
https://m.media-amazon.com/images/I/51yCijkETWL.jpg,386460,depth,35.0 centimetre
https://m.media-amazon.com/images/I/41KCMbLQF1L.jpg,386460,depth,34.5 centimetre
https://m.media-amazon.com/images/I/41EkpZgLG+L.jpg,386460,depth,30.0 centimetre
https://m.media-amazon.com/images/I/61D7EoYMyHL.jpg,386460,depth,24.0 inch
https://m.media-amazon.com/images/I/61+HUluy6zL.jpg,386460,depth,106.0 millimetre
https://m.media-amazon.com/images/I/518mMZ5TXoL.jpg,386460,depth,25.0 centimetre
https://m.media-amazon.com/images/I/41APyu6ZquL.jpg,386460,depth,80.0 centimetre
https://m.media-amazon.com/images/I/51DNPy8j-JL.jpg,386460,depth,34.7 centimetre
https://m.media-amazon.com/images/I/51qS3Hmkg0S.jpg,386460,depth,47.0 centimetre
https://m.media-amazon.com/images/I/51S7g2v+J0L.jpg,386460,depth,14.0 centimetre
https://m.media-amazon.com/images/I/51sR8faENJL.jpg,386460,depth,126.0 centimetre
https://m.media-amazon.com/images/I/41qKqbHTYpL.jpg,386460,depth,80.0 centimetre
https://m.media-amazon.com/images/I/610-P5FPkmL.jpg,386460,depth,7.9 inch
https://m.media-amazon.com/images/I/515TULXw65L.jpg,386460,depth,80.0 centimetre
https://m.media-amazon.com/images/I/51voX6wQn5L.jpg,386460,depth,14.2 inch
https://m.media-amazon.com/images/I/51+EyGZ+ePL.jpg,386460,depth,20.0 centimetre
https://m.media-amazon.com/images/I/51a3I5Z6t-L.jpg,386460,depth,43.0 centimetre
https://m.media-amazon.com/images/I/618V7eejMEL.jpg,386460,depth,100.0 centimetre
https://m.media-amazon.com/images/I/618XkRKioYL.jpg,386460,depth,9.0 inch
https://m.media-amazon.com/images/I/61DqmGr6qhL.jpg,386460,depth,21.0 centimetre
https://m.media-amazon.com/images/I/61-ADEdJd4L.jpg,386460,depth,80.0 centimetre
https://m.media-amazon.com/images/I/61+wI1wXL4L.jpg,386460,depth,20.0 centimetre
https://m.media-amazon.com/images/I/51KR+EG2NbL.jpg,386460,depth,40.0 centimetre
https://m.media-amazon.com/images/I/51t7ZmKhd2L.jpg,386460,depth,43.0 centimetre
https://m.media-amazon.com/images/I/61GDGBmAonL.jpg,386460,depth,13.0 centimetre
https://m.media-amazon.com/images/I/41YUy-16VxL.jpg,386460,depth,63.0 millimetre
