image_link,group_id,entity_name,entity_value
https://m.media-amazon.com/images/I/51vAgreBhWL.jpg,664736,depth,8.86 inch
https://m.media-amazon.com/images/I/51tM1JyyFUL.jpg,664736,width,230.0 millimetre
https://m.media-amazon.com/images/I/613gRtFyYoL.jpg,664736,width,28.5 centimetre
https://m.media-amazon.com/images/I/41R1dMCnptL.jpg,664736,width,33.0 centimetre
https://m.media-amazon.com/images/I/51UfVNf9FzL.jpg,664736,width,4.57 inch
https://m.media-amazon.com/images/I/51Z6u+gHZ8L.jpg,664736,width,8.2 centimetre
https://m.media-amazon.com/images/I/611-oqi23JL.jpg,664736,width,4.72 inch
https://m.media-amazon.com/images/I/51siO940oHL.jpg,664736,width,67.0 centimetre
https://m.media-amazon.com/images/I/51gdHg8q1NL.jpg,664736,width,24.0 centimetre
https://m.media-amazon.com/images/I/51D-XMCrJwL.jpg,664736,width,165.0 millimetre
https://m.media-amazon.com/images/I/51yYPBlbo2L.jpg,664736,width,7.0 inch
https://m.media-amazon.com/images/I/51EfrwKLF1L.jpg,664736,width,12.0 centimetre
https://m.media-amazon.com/images/I/51kWHxoQc6L.jpg,664736,depth,9.2 inch
https://m.media-amazon.com/images/I/616Jnlc9MUL.jpg,664736,width,170.0 millimetre
https://m.media-amazon.com/images/I/613cCfJY8EL.jpg,664736,width,4.52 inch
https://m.media-amazon.com/images/I/51sAX1+UuwL.jpg,664736,width,181.0 millimetre
https://m.media-amazon.com/images/I/514aDQBscRL.jpg,664736,width,19.0 centimetre
https://m.media-amazon.com/images/I/51X9uVEsLbL.jpg,664736,width,6.68 inch
https://m.media-amazon.com/images/I/6193vy9ZrJL.jpg,664736,width,16.0 inch
https://m.media-amazon.com/images/I/61CCUMhX6rL.jpg,664736,width,120.0 millimetre
https://m.media-amazon.com/images/I/61+xNCx+wSS.jpg,664736,width,49.0 millimetre
https://m.media-amazon.com/images/I/51Px+XyXWFL.jpg,664736,width,18.0 centimetre
https://m.media-amazon.com/images/I/51VVcT8FmSL.jpg,664736,width,220.0 centimetre
https://m.media-amazon.com/images/I/51VVcT8FmSL.jpg,664736,height,280.0 centimetre
https://m.media-amazon.com/images/I/41KgaBJwkWL.jpg,664736,width,12.0 centimetre
https://m.media-amazon.com/images/I/41KgaBJwkWL.jpg,664736,depth,12.6 inch
https://m.media-amazon.com/images/I/614m9uJRRRL.jpg,664736,width,119.0 millimetre
https://m.media-amazon.com/images/I/614m9uJRRRL.jpg,664736,height,126.0 millimetre
https://m.media-amazon.com/images/I/516ykcxZ-RL.jpg,664736,width,220.0 millimetre
https://m.media-amazon.com/images/I/51k0DD6x5RL.jpg,664736,width,15.0 centimetre
https://m.media-amazon.com/images/I/619zoXQUKyL.jpg,664736,width,9.0 inch
https://m.media-amazon.com/images/I/619zoXQUKyL.jpg,664736,height,9.0 inch
https://m.media-amazon.com/images/I/51psRuMK+aL.jpg,664736,width,17.0 centimetre
https://m.media-amazon.com/images/I/51psRuMK+aL.jpg,664736,depth,37.0 centimetre
https://m.media-amazon.com/images/I/51cOhPxqIAL.jpg,664736,width,170.0 millimetre
https://m.media-amazon.com/images/I/61D+rSyL6WS.jpg,664736,width,6.6 inch
https://m.media-amazon.com/images/I/618hDbr1v1L.jpg,664736,width,15.0 inch
https://m.media-amazon.com/images/I/51n0ObVUXnL.jpg,664736,width,15.0 centimetre
https://m.media-amazon.com/images/I/611ARZe5xLL.jpg,664736,width,9.0 inch
https://m.media-amazon.com/images/I/61DBpLO1dOL.jpg,664736,width,18.0 inch
https://m.media-amazon.com/images/I/511IayBagPL.jpg,664736,width,11.0 centimetre
https://m.media-amazon.com/images/I/61CoRN8lU+L.jpg,664736,width,3.74 inch
https://m.media-amazon.com/images/I/617MjHiKX-L.jpg,664736,width,8.0 inch
https://m.media-amazon.com/images/I/617MjHiKX-L.jpg,664736,height,5.0 inch
https://m.media-amazon.com/images/I/51r1v1M5VIL.jpg,664736,width,12.5 inch
https://m.media-amazon.com/images/I/61By7418USL.jpg,664736,depth,11.0 inch
https://m.media-amazon.com/images/I/6178Uu-RO1L.jpg,664736,depth,32.0 inch
https://m.media-amazon.com/images/I/514YRzFpw7L.jpg,664736,depth,200.0 millimetre
https://m.media-amazon.com/images/I/51Ja-ntCGkS.jpg,664736,depth,19.0 inch
https://m.media-amazon.com/images/I/51xpC+01szS.jpg,664736,depth,47.0 centimetre
https://m.media-amazon.com/images/I/61C0y2RhzCL.jpg,664736,depth,51.0 centimetre
https://m.media-amazon.com/images/I/51BSlF6xeaL.jpg,664736,depth,12.0 inch
https://m.media-amazon.com/images/I/612tIv9bTDL.jpg,664736,depth,7.9 inch
https://m.media-amazon.com/images/I/51Uc7FmzC+L.jpg,664736,depth,30.0 centimetre
https://m.media-amazon.com/images/I/61+OrTHKp-L.jpg,664736,depth,18.89 inch
https://m.media-amazon.com/images/I/61E-rSHUJhS.jpg,664736,depth,20.0 centimetre
https://m.media-amazon.com/images/I/41iypbOCrQL.jpg,664736,depth,9.7 centimetre
https://m.media-amazon.com/images/I/6108ynVr85L.jpg,664736,depth,26.0 centimetre
https://m.media-amazon.com/images/I/51cg8XwW8CL.jpg,664736,depth,60.0 centimetre
https://m.media-amazon.com/images/I/51z+gqzqDSL.jpg,664736,depth,280.0 millimetre
https://m.media-amazon.com/images/I/517l52748JS.jpg,664736,depth,7.0 inch
https://m.media-amazon.com/images/I/51mWb7ZiFqL.jpg,664736,depth,43.0 centimetre
https://m.media-amazon.com/images/I/51t9YCImdoL.jpg,664736,depth,44.2 centimetre
https://m.media-amazon.com/images/I/618WaJhHgtL.jpg,664736,depth,68.0 centimetre
https://m.media-amazon.com/images/I/618WaJhHgtL.jpg,664736,height,12.0 centimetre
https://m.media-amazon.com/images/I/51HxuVrQkXL.jpg,664736,depth,18.9 inch
https://m.media-amazon.com/images/I/516XE-CqqtL.jpg,664736,depth,15.0 inch
https://m.media-amazon.com/images/I/61Fl2SK+WbL.jpg,664736,depth,12.2 inch
https://m.media-amazon.com/images/I/61Fl2SK+WbL.jpg,664736,height,5.1 inch
https://m.media-amazon.com/images/I/51VwV9kg1KL.jpg,664736,depth,42.0 centimetre
https://m.media-amazon.com/images/I/416Bt4E3qhL.jpg,664736,depth,15.7 inch
https://m.media-amazon.com/images/I/51sLvVRmtXL.jpg,664736,height,320.0 millimetre
https://m.media-amazon.com/images/I/617RCmnPUnL.jpg,664736,height,280.0 millimetre
https://m.media-amazon.com/images/I/61DhjXq+qNL.jpg,664736,height,0.75 inch
https://m.media-amazon.com/images/I/61Dei5HChrL.jpg,664736,height,294.0 millimetre
https://m.media-amazon.com/images/I/6129faVdz-L.jpg,664736,height,4.57 centimetre
https://m.media-amazon.com/images/I/61AwVUX7bFL.jpg,664736,height,1.65 inch
https://m.media-amazon.com/images/I/51oOwJwTJ8S.jpg,664736,height,6.0 inch
https://m.media-amazon.com/images/I/51n3fWFob+L.jpg,664736,height,6.5 centimetre
https://m.media-amazon.com/images/I/61BaCUREXpL.jpg,664736,height,9.0 centimetre
https://m.media-amazon.com/images/I/61+MiHCiRtL.jpg,664736,height,65.0 millimetre
https://m.media-amazon.com/images/I/617GTQA-ncL.jpg,664736,height,12.0 inch
https://m.media-amazon.com/images/I/51JeqcTSEyL.jpg,664736,height,280.0 millimetre
https://m.media-amazon.com/images/I/51h4UJCcESL.jpg,664736,height,3.0 centimetre
https://m.media-amazon.com/images/I/51mwAfq1oQL.jpg,664736,height,11.02 centimetre
https://m.media-amazon.com/images/I/51YyTZHiJgL.jpg,664736,height,10.24 inch
https://m.media-amazon.com/images/I/51v2a6NuuCL.jpg,664736,height,40.0 centimetre
https://m.media-amazon.com/images/I/610xuq4D4mL.jpg,664736,height,11.02 centimetre
https://m.media-amazon.com/images/I/61CB40lqcIL.jpg,664736,height,3.4 inch
https://m.media-amazon.com/images/I/61ESP7dMTFL.jpg,664736,height,33.0 millimetre
https://m.media-amazon.com/images/I/516sFF5k+BL.jpg,664736,height,2.8 inch
https://m.media-amazon.com/images/I/613o7XgO+PL.jpg,664736,height,7.4 inch
https://m.media-amazon.com/images/I/51jMq6VJLJL.jpg,664736,height,14.0 centimetre
https://m.media-amazon.com/images/I/51G8FxNgBJL.jpg,664736,height,25.0 millimetre
https://m.media-amazon.com/images/I/61Au5zLGFIL.jpg,664736,height,38.8 inch
https://m.media-amazon.com/images/I/51MJDQfBHpL.jpg,664736,height,416.0 millimetre
https://m.media-amazon.com/images/I/61DPaGA18xL.jpg,664736,height,185.0 millimetre
https://m.media-amazon.com/images/I/41g4sySiYyL.jpg,664736,height,82.0 centimetre
https://m.media-amazon.com/images/I/51uT8MaVS6L.jpg,664736,height,8.3 inch
https://m.media-amazon.com/images/I/51X5OXnbHQL.jpg,664736,height,275.0 centimetre
https://m.media-amazon.com/images/I/510rBtY6HCS.jpg,664736,height,1.9 inch
https://m.media-amazon.com/images/I/512xBXXamzL.jpg,664736,height,1.81 inch
https://m.media-amazon.com/images/I/41RNp9xVzOL.jpg,664736,height,9.0 centimetre
