image_link,group_id,entity_name,entity_value
https://m.media-amazon.com/images/I/51PqGDd9brL.jpg,494915,width,9.0 centimetre
https://m.media-amazon.com/images/I/51PqGDd9brL.jpg,494915,depth,19.0 centimetre
https://m.media-amazon.com/images/I/51--gWoawIL.jpg,494915,width,6.3 centimetre
https://m.media-amazon.com/images/I/5111pnNB6qS.jpg,494915,width,9.5 centimetre
https://m.media-amazon.com/images/I/51RZC3-VOfL.jpg,494915,width,8.5 centimetre
https://m.media-amazon.com/images/I/51gLDuwn1QL.jpg,494915,width,7.0 centimetre
https://m.media-amazon.com/images/I/51+MMnoRGDL.jpg,494915,width,12.0 centimetre
https://m.media-amazon.com/images/I/51ic-Vj4OSL.jpg,494915,width,10.0 centimetre
https://m.media-amazon.com/images/I/51k25smyH+L.jpg,494915,width,90.0 millimetre
https://m.media-amazon.com/images/I/51LAB8ZwAhL.jpg,494915,width,8.0 centimetre
https://m.media-amazon.com/images/I/51K4-+JDKDL.jpg,494915,width,10.0 centimetre
https://m.media-amazon.com/images/I/51o7IgzwDKL.jpg,494915,width,9.2 centimetre
https://m.media-amazon.com/images/I/614iMteV2ZL.jpg,494915,width,4.1 inch
https://m.media-amazon.com/images/I/51Bn8KY2iwL.jpg,494915,width,7.8 centimetre
https://m.media-amazon.com/images/I/51EG51kgCcL.jpg,494915,width,3.3 inch
https://m.media-amazon.com/images/I/41IdB8boIhL.jpg,494915,width,6.4 centimetre
https://m.media-amazon.com/images/I/61FCe5VnmkL.jpg,494915,width,3.95 inch
https://m.media-amazon.com/images/I/511c0Jrh4xL.jpg,494915,width,3.5 inch
https://m.media-amazon.com/images/I/51OBQtTBEuL.jpg,494915,width,8.0 centimetre
https://m.media-amazon.com/images/I/518TbytM3RL.jpg,494915,width,8.0 centimetre
https://m.media-amazon.com/images/I/515bh6Zp9iL.jpg,494915,depth,25.0 centimetre
https://m.media-amazon.com/images/I/61E-ccBcBOL.jpg,494915,depth,17.5 centimetre
https://m.media-amazon.com/images/I/51RlugkDF5L.jpg,494915,depth,9.6 inch
https://m.media-amazon.com/images/I/51qy-g0tzTL.jpg,494915,depth,33.0 centimetre
https://m.media-amazon.com/images/I/51qDc0hjhzL.jpg,494915,depth,29.5 centimetre
https://m.media-amazon.com/images/I/617LxcHfw3S.jpg,494915,depth,30.0 centimetre
https://m.media-amazon.com/images/I/614kDXdmTQL.jpg,494915,depth,19.5 centimetre
https://m.media-amazon.com/images/I/6151kY7dJpL.jpg,494915,depth,17.5 centimetre
https://m.media-amazon.com/images/I/61CeUbbnfhL.jpg,494915,depth,16.0 centimetre
https://m.media-amazon.com/images/I/51Iwe2UkJ6L.jpg,494915,depth,25.0 centimetre
https://m.media-amazon.com/images/I/41-jmiAPu1L.jpg,494915,depth,25.0 centimetre
https://m.media-amazon.com/images/I/61-9iPnvhZL.jpg,494915,depth,23.0 centimetre
https://m.media-amazon.com/images/I/51mqSlO6kuL.jpg,494915,depth,24.5 centimetre
https://m.media-amazon.com/images/I/410JcF8vhSL.jpg,494915,depth,26.4 centimetre
https://m.media-amazon.com/images/I/51mv+C56kGL.jpg,494915,depth,20.0 centimetre
