image_link,group_id,entity_name,entity_value
https://m.media-amazon.com/images/I/519eYRL7sZL.jpg,488964,width,11.79 inch
https://m.media-amazon.com/images/I/51h9K-uAXTL.jpg,488964,width,5.0 centimetre
https://m.media-amazon.com/images/I/51h9K-uAXTL.jpg,488964,depth,7.0 centimetre
https://m.media-amazon.com/images/I/5199bbnFrWL.jpg,488964,width,20.8 inch
https://m.media-amazon.com/images/I/51ymfj5PsYL.jpg,488964,width,15.4 inch
https://m.media-amazon.com/images/I/51cVgmDvbrL.jpg,488964,width,22.0 centimetre
https://m.media-amazon.com/images/I/41LSzXO2dDL.jpg,488964,width,14.0 centimetre
https://m.media-amazon.com/images/I/41LSzXO2dDL.jpg,488964,depth,15.0 centimetre
https://m.media-amazon.com/images/I/51svoQMullL.jpg,488964,width,15.0 centimetre
https://m.media-amazon.com/images/I/41mZKiZ4yIL.jpg,488964,width,5.5 inch
https://m.media-amazon.com/images/I/51Vnld7gngS.jpg,488964,width,19.68 inch
https://m.media-amazon.com/images/I/617F0aTAzUL.jpg,488964,width,10.5 inch
https://m.media-amazon.com/images/I/610dHp7TXmL.jpg,488964,width,58.0 centimetre
https://m.media-amazon.com/images/I/51hblOW97fL.jpg,488964,width,6.25 inch
https://m.media-amazon.com/images/I/51QGmXUzlHL.jpg,488964,width,56.0 centimetre
https://m.media-amazon.com/images/I/512xDwxeM6S.jpg,488964,width,55.0 millimetre
https://m.media-amazon.com/images/I/51MPgTBHH3L.jpg,488964,width,100.0 centimetre
https://m.media-amazon.com/images/I/51h6PLvD93L.jpg,488964,width,7.0 inch
https://m.media-amazon.com/images/I/51FhLEY4TcL.jpg,488964,width,7.0 inch
https://m.media-amazon.com/images/I/6147V8RI5pL.jpg,488964,width,62.0 centimetre
https://m.media-amazon.com/images/I/51J5+kQrnzL.jpg,488964,width,3.0 inch
https://m.media-amazon.com/images/I/612XtS30gcL.jpg,488964,width,8.5 centimetre
https://m.media-amazon.com/images/I/61FnVOFSsrL.jpg,488964,width,22.7 inch
https://m.media-amazon.com/images/I/51vZWxsR75L.jpg,488964,width,20.0 centimetre
https://m.media-amazon.com/images/I/51vZWxsR75L.jpg,488964,depth,35.0 centimetre
https://m.media-amazon.com/images/I/518GNcwzOXL.jpg,488964,width,6.25 inch
https://m.media-amazon.com/images/I/51LIDLgY3FL.jpg,488964,width,3.77 inch
https://m.media-amazon.com/images/I/51LIDLgY3FL.jpg,488964,depth,11.4 inch
https://m.media-amazon.com/images/I/51-NpQXhlZL.jpg,488964,width,8.2 centimetre
https://m.media-amazon.com/images/I/61FTK-cPEqL.jpg,488964,width,10.25 inch
https://m.media-amazon.com/images/I/51TG949TpYL.jpg,488964,width,3.0 inch
https://m.media-amazon.com/images/I/61DHlZJXR+L.jpg,488964,width,90.0 millimetre
https://m.media-amazon.com/images/I/61DsS2Ss7rL.jpg,488964,width,23.0 inch
https://m.media-amazon.com/images/I/61-iyUxwQBL.jpg,488964,width,19.0 inch
https://m.media-amazon.com/images/I/51ZfcdfWGlL.jpg,488964,width,10.0 centimetre
https://m.media-amazon.com/images/I/51LL2Yqh88L.jpg,488964,width,2.25 inch
https://m.media-amazon.com/images/I/51xhrJ46IRL.jpg,488964,width,12.0 centimetre
https://m.media-amazon.com/images/I/61EbTKY3vVL.jpg,488964,width,10.25 inch
https://m.media-amazon.com/images/I/61DOatr9I7L.jpg,488964,width,8.75 inch
https://m.media-amazon.com/images/I/618GWXaPfvL.jpg,488964,width,10.0 centimetre
https://m.media-amazon.com/images/I/51MSN35aB5L.jpg,488964,width,114.0 millimetre
https://m.media-amazon.com/images/I/61ETsd4Ch6L.jpg,488964,width,7.9 inch
https://m.media-amazon.com/images/I/51VFMbJN9wL.jpg,488964,width,3.8 centimetre
https://m.media-amazon.com/images/I/51VFMbJN9wL.jpg,488964,depth,3.8 centimetre
https://m.media-amazon.com/images/I/51fhQ4Jn34L.jpg,488964,width,1.0 foot
https://m.media-amazon.com/images/I/611ipNOiHQL.jpg,488964,width,1.0 foot
https://m.media-amazon.com/images/I/6193rxt1UFL.jpg,488964,width,48.0 centimetre
https://m.media-amazon.com/images/I/611yOJeA35L.jpg,488964,width,6.25 inch
https://m.media-amazon.com/images/I/516A6VKKhJL.jpg,488964,width,18.89 inch
https://m.media-amazon.com/images/I/51OYVhb8VUL.jpg,488964,width,5.0 centimetre
https://m.media-amazon.com/images/I/61Eiw4AJe3L.jpg,488964,width,4.0 centimetre
https://m.media-amazon.com/images/I/511j2N-HQIL.jpg,488964,width,6.25 inch
https://m.media-amazon.com/images/I/612sKl6GC9L.jpg,488964,width,2.0 foot
https://m.media-amazon.com/images/I/615zsWEPilL.jpg,488964,width,2.25 inch
https://m.media-amazon.com/images/I/51o5cDddM3L.jpg,488964,depth,20.0 centimetre
https://m.media-amazon.com/images/I/61BGAXq0sRL.jpg,488964,width,14.0 centimetre
https://m.media-amazon.com/images/I/618siUbtKlL.jpg,488964,width,3.3 foot
https://m.media-amazon.com/images/I/51nYwNzCETL.jpg,488964,width,12.0 centimetre
https://m.media-amazon.com/images/I/61ETMJ3oaNL.jpg,488964,width,10.25 inch
https://m.media-amazon.com/images/I/615cwRwvZ+L.jpg,488964,width,10.25 inch
https://m.media-amazon.com/images/I/615cwRwvZ+L.jpg,488964,depth,12.0 inch
https://m.media-amazon.com/images/I/51fygMJLESL.jpg,488964,width,5.0 centimetre
https://m.media-amazon.com/images/I/51gNM7sSXlL.jpg,488964,width,165.0 millimetre
https://m.media-amazon.com/images/I/61+NE-+vG6L.jpg,488964,width,17.0 inch
https://m.media-amazon.com/images/I/613l6+9NcDL.jpg,488964,width,10.25 inch
https://m.media-amazon.com/images/I/613l6+9NcDL.jpg,488964,depth,12.0 inch
https://m.media-amazon.com/images/I/61D+R8lPoEL.jpg,488964,width,5.3 inch
https://m.media-amazon.com/images/I/51IGU1KseLL.jpg,488964,width,11.7 centimetre
https://m.media-amazon.com/images/I/615qBeMNojL.jpg,488964,width,40.0 centimetre
https://m.media-amazon.com/images/I/615qBeMNojL.jpg,488964,depth,55.0 centimetre
https://m.media-amazon.com/images/I/51X-WgD2WRL.jpg,488964,width,15.0 centimetre
https://m.media-amazon.com/images/I/61AbZl02DyL.jpg,488964,width,10.25 inch
https://m.media-amazon.com/images/I/61+OGhWSKRL.jpg,488964,width,4.0 foot
https://m.media-amazon.com/images/I/616w0gEARbL.jpg,488964,width,10.25 inch
https://m.media-amazon.com/images/I/61EO3nMgFhL.jpg,488964,depth,7.0 inch
https://m.media-amazon.com/images/I/61FHu7IfP7L.jpg,488964,depth,30.0 centimetre
https://m.media-amazon.com/images/I/61-zN8wuN4L.jpg,488964,depth,51.0 centimetre
https://m.media-amazon.com/images/I/51LsaoSh7FL.jpg,488964,depth,185.0 centimetre
https://m.media-amazon.com/images/I/51AFxYIny5L.jpg,488964,depth,21.0 centimetre
https://m.media-amazon.com/images/I/616icIicPrL.jpg,488964,depth,14.0 centimetre
https://m.media-amazon.com/images/I/51d14rMlWsL.jpg,488964,depth,7.0 foot
https://m.media-amazon.com/images/I/61+ASj682kL.jpg,488964,depth,5.5 inch
https://m.media-amazon.com/images/I/61DgZ+NJnbL.jpg,488964,depth,50.0 centimetre
https://m.media-amazon.com/images/I/51yfl7CaLDL.jpg,488964,depth,7.86 inch
https://m.media-amazon.com/images/I/51zr-lgW5vL.jpg,488964,depth,179.0 centimetre
https://m.media-amazon.com/images/I/6172KzdMCFL.jpg,488964,depth,26.8 inch
https://m.media-amazon.com/images/I/51xh5ky29BL.jpg,488964,depth,13.0 centimetre
https://m.media-amazon.com/images/I/51eoKZ2ZXvS.jpg,488964,depth,70.0 centimetre
https://m.media-amazon.com/images/I/51cAz-AYA3L.jpg,488964,depth,16.0 inch
https://m.media-amazon.com/images/I/614pvw7RreL.jpg,488964,depth,78.0 centimetre
https://m.media-amazon.com/images/I/51KIYqK3eFL.jpg,488964,depth,30.0 centimetre
https://m.media-amazon.com/images/I/611eRrTzdBL.jpg,488964,depth,14.0 inch
https://m.media-amazon.com/images/I/51wPcERiZlL.jpg,488964,depth,60.0 centimetre
https://m.media-amazon.com/images/I/51UTVaEISTL.jpg,488964,depth,26.8 centimetre
https://m.media-amazon.com/images/I/617pIE7ktGL.jpg,488964,depth,168.0 centimetre
https://m.media-amazon.com/images/I/61Dx1zD2BFL.jpg,488964,depth,38.5 inch
https://m.media-amazon.com/images/I/51n1IFQ7nEL.jpg,488964,depth,32.0 centimetre
https://m.media-amazon.com/images/I/51yaG6UIJLL.jpg,488964,depth,7.0 inch
https://m.media-amazon.com/images/I/61971ytflVL.jpg,488964,depth,15.0 inch
https://m.media-amazon.com/images/I/619-bJcH0iL.jpg,488964,depth,48.0 inch
https://m.media-amazon.com/images/I/61CZ05OC2HL.jpg,488964,depth,60.0 centimetre
https://m.media-amazon.com/images/I/41yqUUHZEXL.jpg,488964,depth,12.0 centimetre
https://m.media-amazon.com/images/I/61EggrnorKL.jpg,488964,depth,17.8 centimetre
https://m.media-amazon.com/images/I/51-Gq3IgBFL.jpg,488964,depth,8.0 inch
https://m.media-amazon.com/images/I/41ap6UzjOGL.jpg,488964,depth,16.7 centimetre
https://m.media-amazon.com/images/I/51eP5SeinlL.jpg,488964,depth,16.4 foot
https://m.media-amazon.com/images/I/51AqWrrdE-L.jpg,488964,depth,12.0 inch
https://m.media-amazon.com/images/I/6167Uw+63BL.jpg,488964,depth,62.0 inch
https://m.media-amazon.com/images/I/61B2ZLdZjwL.jpg,488964,depth,21.0 inch
https://m.media-amazon.com/images/I/61CriR-WPNL.jpg,488964,depth,4.8 inch
https://m.media-amazon.com/images/I/51O7iqFIzkL.jpg,488964,depth,8.0 inch
https://m.media-amazon.com/images/I/51k-hX5T+ML.jpg,488964,depth,6.5 inch
https://m.media-amazon.com/images/I/61FdrlZGAAL.jpg,488964,depth,28.5 inch
https://m.media-amazon.com/images/I/51erq6iLynL.jpg,488964,depth,65.0 centimetre
https://m.media-amazon.com/images/I/51y-5-00glL.jpg,488964,depth,8.0 inch
https://m.media-amazon.com/images/I/51e+QvD66ZL.jpg,488964,depth,18.9 inch
https://m.media-amazon.com/images/I/41c1vkYZm1L.jpg,488964,depth,22.0 centimetre
https://m.media-amazon.com/images/I/51enyF52dvL.jpg,488964,depth,11.8 inch
https://m.media-amazon.com/images/I/61Ff7kqrX+L.jpg,488964,depth,176.0 centimetre
https://m.media-amazon.com/images/I/61F4QLt2h8L.jpg,488964,depth,20.0 centimetre
https://m.media-amazon.com/images/I/6189pkm0JkL.jpg,488964,depth,75.0 centimetre
https://m.media-amazon.com/images/I/51+RWkulAjL.jpg,488964,depth,26.0 inch
https://m.media-amazon.com/images/I/51fuUi4Eu7L.jpg,488964,depth,9.8 inch
https://m.media-amazon.com/images/I/61+bIKqXMeL.jpg,488964,depth,9.0 inch
https://m.media-amazon.com/images/I/51O9YsbcFeL.jpg,488964,depth,7.0 foot
https://m.media-amazon.com/images/I/61EFwPTkujL.jpg,488964,depth,3.0 metre
https://m.media-amazon.com/images/I/615naXd82jL.jpg,488964,depth,20.0 inch
https://m.media-amazon.com/images/I/514rmTOo3XL.jpg,488964,depth,22.1 centimetre
https://m.media-amazon.com/images/I/51t+ZqWZzsL.jpg,488964,depth,14.9 inch
https://m.media-amazon.com/images/I/51e-6zfVqVL.jpg,488964,depth,6.0 inch
https://m.media-amazon.com/images/I/51o1VSfYJyL.jpg,488964,depth,33.0 centimetre
https://m.media-amazon.com/images/I/61F98A9rExL.jpg,488964,depth,33.0 inch
https://m.media-amazon.com/images/I/61ExM8YWC+L.jpg,488964,depth,12.0 inch
https://m.media-amazon.com/images/I/51Kn1j2I16L.jpg,488964,depth,6.0 centimetre
https://m.media-amazon.com/images/I/613WjurSjgL.jpg,488964,depth,12.0 inch
https://m.media-amazon.com/images/I/616FujPbD5L.jpg,488964,depth,24.0 centimetre
https://m.media-amazon.com/images/I/610o+UA2CYL.jpg,488964,depth,98.0 centimetre
https://m.media-amazon.com/images/I/614SUf2nKNL.jpg,488964,depth,12.0 inch
https://m.media-amazon.com/images/I/51CrIqNwkcL.jpg,488964,depth,76.0 centimetre
https://m.media-amazon.com/images/I/612ge2T7KQL.jpg,488964,depth,5.0 foot
https://m.media-amazon.com/images/I/61BAJ0gBCkL.jpg,488964,depth,5.0 foot
https://m.media-amazon.com/images/I/617CrIzHIXL.jpg,488964,depth,176.0 centimetre
https://m.media-amazon.com/images/I/51z40rxymsL.jpg,488964,depth,78.74 inch
https://m.media-amazon.com/images/I/610o3VxvUIL.jpg,488964,depth,60.0 millimetre
https://m.media-amazon.com/images/I/61+zVvNfE0L.jpg,488964,depth,8.0 inch
https://m.media-amazon.com/images/I/51HZe5ww8SL.jpg,488964,depth,5.9 inch
https://m.media-amazon.com/images/I/61DSZPQK0OL.jpg,488964,depth,37.4 inch
https://m.media-amazon.com/images/I/51kZVyE60nL.jpg,488964,depth,15.0 centimetre
https://m.media-amazon.com/images/I/61CYpHKzeFL.jpg,488964,depth,15.8 centimetre
https://m.media-amazon.com/images/I/51zyDCtuZVL.jpg,488964,depth,6.0 inch
https://m.media-amazon.com/images/I/611kMMRd9+L.jpg,488964,depth,12.0 inch
https://m.media-amazon.com/images/I/61ERtpra3hL.jpg,488964,depth,19.0 inch
https://m.media-amazon.com/images/I/618rfKnw-5L.jpg,488964,depth,29.5 inch
https://m.media-amazon.com/images/I/510XHdoL72L.jpg,488964,depth,78.74 inch
https://m.media-amazon.com/images/I/618TXu+ahsL.jpg,488964,depth,20.0 centimetre
https://m.media-amazon.com/images/I/61BxBPtuIEL.jpg,488964,depth,12.0 inch
https://m.media-amazon.com/images/I/51BpH-mbr3L.jpg,488964,depth,11.0 centimetre
https://m.media-amazon.com/images/I/51HdAkuc5hL.jpg,488964,depth,6.5 inch
https://m.media-amazon.com/images/I/51U1Qly-VhL.jpg,488964,depth,20.0 centimetre
https://m.media-amazon.com/images/I/41pfUNOOiqL.jpg,488964,depth,6.0 inch
https://m.media-amazon.com/images/I/61-p+CeX94L.jpg,488964,depth,2.5 inch
https://m.media-amazon.com/images/I/51q0+Vb0cfL.jpg,488964,depth,13.77 inch
https://m.media-amazon.com/images/I/51r632CusCL.jpg,488964,depth,41.0 centimetre
https://m.media-amazon.com/images/I/61FXrXn6pNL.jpg,488964,depth,12.0 inch
https://m.media-amazon.com/images/I/51kce32SvdL.jpg,488964,depth,30.0 centimetre
https://m.media-amazon.com/images/I/41LgoBREUbL.jpg,488964,depth,25.0 centimetre
https://m.media-amazon.com/images/I/51o5u9uLlyL.jpg,488964,depth,20.0 centimetre
https://m.media-amazon.com/images/I/51d7tXpypmL.jpg,488964,depth,15.2 centimetre
https://m.media-amazon.com/images/I/519Pb2M2h3L.jpg,488964,depth,70.0 centimetre
https://m.media-amazon.com/images/I/610f3OnO+PL.jpg,488964,depth,17.5 centimetre
https://m.media-amazon.com/images/I/41eB919GK6L.jpg,488964,depth,4.0 inch
https://m.media-amazon.com/images/I/51jlmiXsKLL.jpg,488964,depth,15.0 inch
https://m.media-amazon.com/images/I/51bYbyrAn0L.jpg,488964,depth,26.77 inch
https://m.media-amazon.com/images/I/51WE7X38kqL.jpg,488964,depth,34.0 centimetre
https://m.media-amazon.com/images/I/51DpKcqpVzL.jpg,488964,depth,12.0 inch
https://m.media-amazon.com/images/I/51UYKIvoT-L.jpg,488964,depth,26.0 centimetre
https://m.media-amazon.com/images/I/51vqxpAFJkL.jpg,488964,depth,10.0 centimetre
https://m.media-amazon.com/images/I/6123MTReweL.jpg,488964,depth,48.0 centimetre
https://m.media-amazon.com/images/I/51xNcw2HHhL.jpg,488964,depth,71.0 centimetre
https://m.media-amazon.com/images/I/513C1fBc08L.jpg,488964,depth,3.9 inch
https://m.media-amazon.com/images/I/610hglxxLqL.jpg,488964,depth,43.0 centimetre
https://m.media-amazon.com/images/I/51JMLBKLREL.jpg,488964,depth,18.0 centimetre
https://m.media-amazon.com/images/I/51jbkn-dMML.jpg,488964,depth,12.0 inch
https://m.media-amazon.com/images/I/610ud5EBaQL.jpg,488964,depth,150.0 centimetre
https://m.media-amazon.com/images/I/616ZWAz8aHL.jpg,488964,depth,135.0 centimetre
https://m.media-amazon.com/images/I/616Ze+RHfwL.jpg,488964,depth,174.0 centimetre
https://m.media-amazon.com/images/I/51pQmoBMzAL.jpg,488964,depth,5.3 inch
https://m.media-amazon.com/images/I/51vgIlTmtIL.jpg,488964,depth,12.0 inch
https://m.media-amazon.com/images/I/51ytCsM6eLL.jpg,488964,depth,13.76 inch
https://m.media-amazon.com/images/I/6177JAj7qCL.jpg,488964,depth,150.0 millimetre
https://m.media-amazon.com/images/I/51uARJrNFBL.jpg,488964,depth,15.0 centimetre
https://m.media-amazon.com/images/I/51wLr791iaL.jpg,488964,depth,68.0 centimetre
https://m.media-amazon.com/images/I/611FKFKcg2L.jpg,488964,depth,6.0 foot
https://m.media-amazon.com/images/I/519uvjvthQL.jpg,488964,depth,9.4 inch
https://m.media-amazon.com/images/I/51CFeW+6CiL.jpg,488964,depth,12.0 inch
https://m.media-amazon.com/images/I/51879Wdm20L.jpg,488964,depth,16.7 centimetre
https://m.media-amazon.com/images/I/51KAS9lS1tL.jpg,488964,depth,100.0 centimetre
https://m.media-amazon.com/images/I/61DUYGRd3tL.jpg,488964,depth,90.0 centimetre
https://m.media-amazon.com/images/I/51PpQDjZoPL.jpg,488964,depth,7.9 inch
https://m.media-amazon.com/images/I/51NOjbfTCpL.jpg,488964,depth,13.76 inch
https://m.media-amazon.com/images/I/51q0UBdoDCL.jpg,488964,depth,12.0 inch
https://m.media-amazon.com/images/I/51Da4k3MG5L.jpg,488964,depth,16.1 inch
https://m.media-amazon.com/images/I/61Et44YJSJL.jpg,488964,depth,3.98 inch
https://m.media-amazon.com/images/I/51yJelqRYJL.jpg,488964,depth,42.0 centimetre
https://m.media-amazon.com/images/I/61FOmjRKjwS.jpg,488964,depth,29.5 inch
https://m.media-amazon.com/images/I/614zeA5+wLL.jpg,488964,depth,20.0 inch
