image_link,group_id,entity_name,entity_value
https://m.media-amazon.com/images/I/51lM5S3BocL.jpg,616171,width,16.75 inch
https://m.media-amazon.com/images/I/51upCwEgEBL.jpg,616171,width,140.0 millimetre
https://m.media-amazon.com/images/I/61-hviWJf3L.jpg,616171,width,12.6 inch
https://m.media-amazon.com/images/I/51eWhX4gHCL.jpg,616171,width,139.0 millimetre
https://m.media-amazon.com/images/I/617ouO5aUZL.jpg,616171,width,19.7 inch
https://m.media-amazon.com/images/I/617ouO5aUZL.jpg,616171,height,24.6 inch
https://m.media-amazon.com/images/I/61G72NX32sL.jpg,616171,width,3.5 inch
https://m.media-amazon.com/images/I/51yOtGlXAIL.jpg,616171,width,19.0 inch
https://m.media-amazon.com/images/I/41y1jGhorIL.jpg,616171,width,332.0 millimetre
https://m.media-amazon.com/images/I/51+35Mh+6aL.jpg,616171,width,18.0 centimetre
https://m.media-amazon.com/images/I/610dQcIS1rS.jpg,616171,width,406.4 millimetre
https://m.media-amazon.com/images/I/41j7fxKKlzL.jpg,616171,width,60.0 millimetre
https://m.media-amazon.com/images/I/51OgPqvdMCL.jpg,616171,width,343.0 millimetre
https://m.media-amazon.com/images/I/61GC9xkhD9L.jpg,616171,width,19.0 inch
https://m.media-amazon.com/images/I/61GC9xkhD9L.jpg,616171,height,19.0 inch
https://m.media-amazon.com/images/I/414YMAWZT3L.jpg,616171,width,440.0 millimetre
https://m.media-amazon.com/images/I/51eo2yxXciL.jpg,616171,width,16.8 inch
https://m.media-amazon.com/images/I/61AOrtaA3wL.jpg,616171,width,3.5 inch
https://m.media-amazon.com/images/I/51O-GgHOK7L.jpg,616171,width,2.75 inch
https://m.media-amazon.com/images/I/61EvuzUY9iL.jpg,616171,width,19.0 inch
https://m.media-amazon.com/images/I/51KBTfAduoS.jpg,616171,width,17.0 inch
https://m.media-amazon.com/images/I/51npS1NFxnL.jpg,616171,width,230.0 millimetre
https://m.media-amazon.com/images/I/51boCJtrs0L.jpg,616171,height,17.5 inch
https://m.media-amazon.com/images/I/617-0CYlv6L.jpg,616171,height,13.78 inch
https://m.media-amazon.com/images/I/51qS0OIP+pL.jpg,616171,height,40.0 millimetre
https://m.media-amazon.com/images/I/51cENRD5FQL.jpg,616171,height,25.5 centimetre
https://m.media-amazon.com/images/I/41MjoqoGwiL.jpg,616171,height,12.6 inch
https://m.media-amazon.com/images/I/51AyQ4pKwKL.jpg,616171,height,100.0 millimetre
https://m.media-amazon.com/images/I/51k20+-FNlL.jpg,616171,height,1.7 inch
https://m.media-amazon.com/images/I/51i0gQjIHsL.jpg,616171,height,23.0 inch
https://m.media-amazon.com/images/I/41QU9tPgp9L.jpg,616171,height,109.0 millimetre
https://m.media-amazon.com/images/I/61CNWUCs69L.jpg,616171,height,482.6 millimetre
https://m.media-amazon.com/images/I/51kYIbRfqTL.jpg,616171,height,260.0 millimetre
https://m.media-amazon.com/images/I/610YjMvTVNL.jpg,616171,height,4.0 inch
https://m.media-amazon.com/images/I/61FQyohMP6L.jpg,616171,height,5.0 inch
https://m.media-amazon.com/images/I/51RnynihG-L.jpg,616171,height,24.0 centimetre
https://m.media-amazon.com/images/I/61F6pKAEmjL.jpg,616171,height,1.75 inch
https://m.media-amazon.com/images/I/6186qTyH8iL.jpg,616171,height,72.0 inch
https://m.media-amazon.com/images/I/51XmN1MM14L.jpg,616171,height,19.0 inch
https://m.media-amazon.com/images/I/51NtzrIYn2L.jpg,616171,height,340.0 millimetre
https://m.media-amazon.com/images/I/41gakBdkOUL.jpg,616171,height,11.8 centimetre
https://m.media-amazon.com/images/I/51NSRCPn+CL.jpg,616171,height,5.9 inch
https://m.media-amazon.com/images/I/618SSoA0uML.jpg,616171,height,7.56 inch
https://m.media-amazon.com/images/I/51Zh8QCAuPL.jpg,616171,height,19.0 inch
https://m.media-amazon.com/images/I/51OVQzi0+0L.jpg,616171,height,2.32 inch
https://m.media-amazon.com/images/I/51SK1Z3xKJL.jpg,616171,height,6.0 inch
https://m.media-amazon.com/images/I/51nPcIOoxgL.jpg,616171,height,3.94 inch
