image_link,group_id,entity_name,entity_value
https://m.media-amazon.com/images/I/61SZm0CtjDL.jpg,550840,item_weight,30 gram
https://m.media-amazon.com/images/I/61bWJv-62hL.jpg,550840,item_weight,65.0 gram
https://m.media-amazon.com/images/I/618F0burMzL.jpg,550840,item_weight,1.4 ounce
https://m.media-amazon.com/images/I/51s3LRZt79L.jpg,550840,item_weight,15.0 gram
https://m.media-amazon.com/images/I/719benvf5xL.jpg,550840,item_weight,9.0 gram
https://m.media-amazon.com/images/I/61CjlYplflL.jpg,550840,item_weight,240.0 ounce
https://m.media-amazon.com/images/I/7129VlAUKPL.jpg,550840,item_weight,26.5 kilogram
https://m.media-amazon.com/images/I/61sfFMPZzdL.jpg,550840,item_weight,2.0 ounce
https://m.media-amazon.com/images/I/61la6ypO+5L.jpg,550840,item_weight,30.0 gram
https://m.media-amazon.com/images/I/61QTNY0oHvL.jpg,550840,item_weight,4.0 gram
https://m.media-amazon.com/images/I/61rSp-rg4vL.jpg,550840,item_weight,70.0 gram
https://m.media-amazon.com/images/I/71EMe+vI-4L.jpg,550840,item_weight,4.0 gram
https://m.media-amazon.com/images/I/71AFtzJLYlL.jpg,550840,item_weight,4.0 gram
https://m.media-amazon.com/images/I/61yjr+vhbaL.jpg,550840,item_weight,54.5 kilogram
https://m.media-amazon.com/images/I/51sYGFTQGXL.jpg,550840,item_weight,32 gram
https://m.media-amazon.com/images/I/71csrZ1DgrS.jpg,550840,item_weight,12680 gram
https://m.media-amazon.com/images/I/714+oKmeRpL.jpg,550840,item_weight,8.0 kilogram
https://m.media-amazon.com/images/I/81+30bFBiPL.jpg,550840,item_weight,4.0 gram
https://m.media-amazon.com/images/I/51Bz2+6GGqL.jpg,550840,item_weight,30.0 gram
https://m.media-amazon.com/images/I/71VU1gZnW0L.jpg,550840,item_weight,2.0 gram
https://m.media-amazon.com/images/I/71HOofVNTeL.jpg,550840,item_weight,55.0 kilogram
https://m.media-amazon.com/images/I/61wSd4O+rmL.jpg,550840,item_weight,16 gram
https://m.media-amazon.com/images/I/61kUGNIvMML.jpg,550840,item_weight,4.0 gram
https://m.media-amazon.com/images/I/71jStRi4RqL.jpg,550840,item_weight,150.0 ounce
https://m.media-amazon.com/images/I/81LiqpA2GRL.jpg,550840,item_weight,4.0 gram
https://m.media-amazon.com/images/I/612ihJPcgAL.jpg,550840,item_weight,337.0 gram
https://m.media-amazon.com/images/I/612ihJPcgAL.jpg,550840,height,8.0 inch
https://m.media-amazon.com/images/I/71AO5U+SL0L.jpg,550840,item_weight,4.0 gram
https://m.media-amazon.com/images/I/718DpmaS2-L.jpg,550840,item_weight,2.0 gram
https://m.media-amazon.com/images/I/71NVppdgljL.jpg,550840,item_weight,1.96 ounce
https://m.media-amazon.com/images/I/71HnJ4LYbxL.jpg,550840,item_weight,30.0 gram
https://m.media-amazon.com/images/I/71R2itvALqL.jpg,550840,item_weight,8.0 kilogram
https://m.media-amazon.com/images/I/71nr1PxgJ1L.jpg,550840,item_weight,1.7 ounce
https://m.media-amazon.com/images/I/71WEZRV42uL.jpg,550840,item_weight,333.0 gram
https://m.media-amazon.com/images/I/81BkWz0uZHL.jpg,550840,item_weight,30.0 gram
https://m.media-amazon.com/images/I/71fEPxE93dL.jpg,550840,item_weight,5.0 kilogram
https://m.media-amazon.com/images/I/51Tk7NsIzuL.jpg,550840,item_weight,5.0 gram
https://m.media-amazon.com/images/I/7187VTgiDxL.jpg,550840,item_weight,5.0 gram
https://m.media-amazon.com/images/I/717uyl+Wr-L.jpg,550840,item_weight,4.0 gram
https://m.media-amazon.com/images/I/61aDqc70SsL.jpg,550840,item_weight,4.0 gram
https://m.media-amazon.com/images/I/81y+29iHAiL.jpg,550840,item_weight,2.0 gram
https://m.media-amazon.com/images/I/51ahD0JCWNL.jpg,550840,item_weight,30 gram
https://m.media-amazon.com/images/I/61-wEZ2+GJL.jpg,550840,item_weight,9.0 gram
https://m.media-amazon.com/images/I/71wyPCmur7L.jpg,550840,item_weight,8.0 kilogram
https://m.media-amazon.com/images/I/51ky84Fj-kL.jpg,550840,item_weight,1.2 ounce
https://m.media-amazon.com/images/I/51p6DWixUPL.jpg,550840,item_weight,3.0 ounce
https://m.media-amazon.com/images/I/81F2vDKiLwL.jpg,550840,item_weight,4.0 gram
https://m.media-amazon.com/images/I/31f3Oxi3sQL.jpg,550840,item_weight,12.0 gram
https://m.media-amazon.com/images/I/71M4TE7GVYL.jpg,550840,item_weight,34.0 gram
https://m.media-amazon.com/images/I/71xzRi8PG7L.jpg,550840,item_weight,1.7 ounce
https://m.media-amazon.com/images/I/71OzCeSHtPL.jpg,550840,item_weight,2.0 gram
https://m.media-amazon.com/images/I/61Iej79kY7L.jpg,550840,item_weight,31.0 gram
https://m.media-amazon.com/images/I/71vIlMi1h8L.jpg,550840,item_weight,2.0 gram
https://m.media-amazon.com/images/I/71tuVgCWwPL.jpg,550840,item_weight,150.0 ounce
https://m.media-amazon.com/images/I/71HOM3fvE2L.jpg,550840,item_weight,1.0 pound
https://m.media-amazon.com/images/I/517tnyNYDGL.jpg,550840,item_weight,454 gram
https://m.media-amazon.com/images/I/71l2h2sRSVL.jpg,550840,item_weight,4.0 gram
https://m.media-amazon.com/images/I/71V8ylJcIUL.jpg,550840,item_weight,5 kilogram
https://m.media-amazon.com/images/I/61Opsia4ACL.jpg,550840,item_weight,4.0 gram
https://m.media-amazon.com/images/I/51Un27kQbHL.jpg,550840,item_weight,16.0 gram
https://m.media-amazon.com/images/I/61FXujTIDVL.jpg,550840,item_weight,4.0 gram
https://m.media-amazon.com/images/I/71xvqfp6IvL.jpg,550840,item_weight,4.0 gram
https://m.media-amazon.com/images/I/61G5rnTCQdL.jpg,550840,item_weight,60.0 kilogram
https://m.media-amazon.com/images/I/71Q7P3SpyeL.jpg,550840,item_weight,400.0 gram
https://m.media-amazon.com/images/I/71rdet-aydL.jpg,550840,item_weight,5 kilogram
https://m.media-amazon.com/images/I/71pSNJ9EcpL.jpg,550840,item_weight,4 gram
https://m.media-amazon.com/images/I/71gPUWnWgDL.jpg,550840,item_weight,4 gram
https://m.media-amazon.com/images/I/717EEIllp4L.jpg,550840,item_weight,4 gram
https://m.media-amazon.com/images/I/71Feu-vr4HL.jpg,550840,item_weight,5 kilogram
https://m.media-amazon.com/images/I/71r8PZXszpL.jpg,550840,item_weight,10.0 kilogram
https://m.media-amazon.com/images/I/611Qp2HOA-L.jpg,550840,item_weight,45.7 gram
https://m.media-amazon.com/images/I/51h4JFX3czL.jpg,550840,item_weight,700.0 ounce
https://m.media-amazon.com/images/I/71GqL7TL7cL.jpg,550840,item_weight,150.0 ounce
https://m.media-amazon.com/images/I/71zb9KfCSCL.jpg,550840,item_weight,1.47 ounce
https://m.media-amazon.com/images/I/61trUZdwgeL.jpg,550840,item_weight,44.9 ounce
https://m.media-amazon.com/images/I/71FYz16YDAL.jpg,550840,item_weight,1.39 ounce
https://m.media-amazon.com/images/I/71Uef3Fho6L.jpg,550840,item_weight,4.0 gram
https://m.media-amazon.com/images/I/712F-nyHq1L.jpg,550840,item_weight,4.0 gram
https://m.media-amazon.com/images/I/71O7zHnizWL.jpg,550840,item_weight,1.1 pound
https://m.media-amazon.com/images/I/71f7Qw0B4wL.jpg,550840,item_weight,64 pound
https://m.media-amazon.com/images/I/71gp31UpSEL.jpg,550840,item_weight,1.83 gram
https://m.media-amazon.com/images/I/71Re85IkHKL.jpg,550840,item_weight,5.0 kilogram
https://m.media-amazon.com/images/I/71DsQm0VMkL.jpg,550840,item_weight,45 kilogram
https://m.media-amazon.com/images/I/71WRFUagjFL.jpg,550840,item_weight,37.7 gram
https://m.media-amazon.com/images/I/71Hv+LHsK5L.jpg,550840,item_weight,4.0 gram
https://m.media-amazon.com/images/I/71ydbZe1hgL.jpg,550840,item_weight,4.0 gram
https://m.media-amazon.com/images/I/71jH8drTmvS.jpg,550840,item_weight,12680 gram
https://m.media-amazon.com/images/I/61-2rpDUsWL.jpg,550840,item_weight,1.74 ounce
https://m.media-amazon.com/images/I/713-6B1ewcL.jpg,550840,item_weight,0.02 ounce
https://m.media-amazon.com/images/I/71N3DBFNSSL.jpg,550840,item_weight,2.0 gram
https://m.media-amazon.com/images/I/71FgP26nhiL.jpg,550840,item_weight,1.0 ounce
https://m.media-amazon.com/images/I/61VeepM4CyL.jpg,550840,item_weight,6 gram
https://m.media-amazon.com/images/I/71GFHYoLJzL.jpg,550840,item_weight,6.24 gram
https://m.media-amazon.com/images/I/71rPvMoTbZL.jpg,550840,item_weight,4.0 gram
https://m.media-amazon.com/images/I/61yagGFhB5L.jpg,550840,item_weight,4.0 gram
https://m.media-amazon.com/images/I/61uZ0vOQXmL.jpg,550840,item_weight,360.0 pound
https://m.media-amazon.com/images/I/91SiscHawlL.jpg,550840,item_weight,5.0 kilogram
https://m.media-amazon.com/images/I/61puX1Lu1JL.jpg,550840,item_weight,4.0 gram
https://m.media-amazon.com/images/I/81Fv0u8uUfL.jpg,550840,item_weight,4.0 gram
https://m.media-amazon.com/images/I/716J1THcs5L.jpg,550840,item_weight,4.0 gram
https://m.media-amazon.com/images/I/71iWGSuA25L.jpg,550840,item_weight,30.0 pound
https://m.media-amazon.com/images/I/711swAUsovL.jpg,550840,item_weight,58.0 gram
https://m.media-amazon.com/images/I/71J2Mw81iUL.jpg,550840,item_weight,4.0 gram
https://m.media-amazon.com/images/I/81jDHECT5RL.jpg,550840,item_weight,4.0 gram
https://m.media-amazon.com/images/I/61jJTXhYVRL.jpg,550840,item_weight,18398.0 ounce
https://m.media-amazon.com/images/I/61qfkMWt0nL.jpg,550840,item_weight,47.0 gram
https://m.media-amazon.com/images/I/719ouHzy5ML.jpg,550840,item_weight,2.0 gram
https://m.media-amazon.com/images/I/61LiddhO6dL.jpg,550840,item_weight,86.0 ounce
https://m.media-amazon.com/images/I/71RvkujrwIL.jpg,550840,item_weight,2.0 gram
https://m.media-amazon.com/images/I/61PzCV1UcuL.jpg,550840,item_weight,45.0 gram
https://m.media-amazon.com/images/I/71txQeR7RkL.jpg,550840,item_weight,2.0 gram
https://m.media-amazon.com/images/I/81+BaBQAkBL.jpg,550840,item_weight,4.0 gram
https://m.media-amazon.com/images/I/71PDq7jGB2L.jpg,550840,item_weight,100.0 gram
https://m.media-amazon.com/images/I/51bYgjeXZHL.jpg,550840,item_weight,5.0 gram
https://m.media-amazon.com/images/I/71k9wrNJYHL.jpg,550840,item_weight,9.0 gram
https://m.media-amazon.com/images/I/71Dzk4-LtzL.jpg,550840,item_weight,4.0 gram
https://m.media-amazon.com/images/I/81mHiQQjYgL.jpg,550840,item_weight,4.0 gram
https://m.media-amazon.com/images/I/61pdoCPcrBL.jpg,550840,item_weight,70.0 gram
https://m.media-amazon.com/images/I/710Wt2QBubL.jpg,550840,item_weight,4.0 gram
https://m.media-amazon.com/images/I/61CGhBw79+L.jpg,550840,item_weight,4.0 gram
https://m.media-amazon.com/images/I/619DqbB6hJL.jpg,550840,item_weight,4.0 gram
https://m.media-amazon.com/images/I/61I52246qSL.jpg,550840,item_weight,36.0 gram
https://m.media-amazon.com/images/I/71DMRMFGFMS.jpg,550840,item_weight,32.0 gram
https://m.media-amazon.com/images/I/51V5kMOexSL.jpg,550840,width,45.0 millimetre
https://m.media-amazon.com/images/I/61A84sOfAeL.jpg,550840,width,1.69 inch
https://m.media-amazon.com/images/I/61+kyygGDPL.jpg,550840,width,0.5555555555555556 metre
https://m.media-amazon.com/images/I/617vtWPd+QL.jpg,550840,width,49.3 millimetre
https://m.media-amazon.com/images/I/613+ggUVGQL.jpg,550840,width,20.0 millimetre
https://m.media-amazon.com/images/I/613RckvmvxL.jpg,550840,width,1.43 inch
https://m.media-amazon.com/images/I/51VnQumD8iL.jpg,550840,width,4.9 centimetre
https://m.media-amazon.com/images/I/51TJhOrsVHL.jpg,550840,width,46.0 millimetre
https://m.media-amazon.com/images/I/61CZ4kmmf8L.jpg,550840,width,38.0 millimetre
https://m.media-amazon.com/images/I/61B0d9z1gzL.jpg,550840,width,2.0 inch
https://m.media-amazon.com/images/I/61B0d9z1gzL.jpg,550840,height,2.0 inch
https://m.media-amazon.com/images/I/610Acj3OEqL.jpg,550840,width,1.39 inch
https://m.media-amazon.com/images/I/61AZXBSOyTL.jpg,550840,width,1.65 inch
https://m.media-amazon.com/images/I/61AS+dgJSEL.jpg,550840,width,46.0 millimetre
https://m.media-amazon.com/images/I/616uwtbVNaL.jpg,550840,width,38.0 millimetre
https://m.media-amazon.com/images/I/616uwtbVNaL.jpg,550840,height,45.0 millimetre
https://m.media-amazon.com/images/I/514CJIqXjcL.jpg,550840,width,18.0 inch
https://m.media-amazon.com/images/I/61AojunyZnL.jpg,550840,width,40.0 millimetre
https://m.media-amazon.com/images/I/51-mDLA5b8L.jpg,550840,width,1.57 inch
https://m.media-amazon.com/images/I/611XVVcBpoL.jpg,550840,width,1.75 inch
https://m.media-amazon.com/images/I/51G-2JElmFL.jpg,550840,width,1.78 inch
https://m.media-amazon.com/images/I/618MhPdTZ8L.jpg,550840,width,43.0 millimetre
https://m.media-amazon.com/images/I/61EFoq94fKL.jpg,550840,width,1.96 inch
https://m.media-amazon.com/images/I/61+kU3BnvhL.jpg,550840,width,45.3 millimetre
https://m.media-amazon.com/images/I/614TynmUumL.jpg,550840,width,5.4 inch
https://m.media-amazon.com/images/I/61CU4bmn-vL.jpg,550840,width,2.0 inch
https://m.media-amazon.com/images/I/61FAv5tqq8L.jpg,550840,height,1.85 inch
https://m.media-amazon.com/images/I/61Ap-Ipne2L.jpg,550840,height,1.8 inch
https://m.media-amazon.com/images/I/61+MWv9Q-pL.jpg,550840,height,1.62 inch
https://m.media-amazon.com/images/I/6197fj9LTPL.jpg,550840,height,1.32 inch
https://m.media-amazon.com/images/I/61-FoadRCuL.jpg,550840,height,1.0 inch
https://m.media-amazon.com/images/I/6184wCXIsYL.jpg,550840,height,44.0 millimetre
https://m.media-amazon.com/images/I/61BbSJG9zJL.jpg,550840,height,1.92 inch
https://m.media-amazon.com/images/I/61CAM3CTrML.jpg,550840,height,45.0 millimetre
https://m.media-amazon.com/images/I/6128QfFG9kL.jpg,550840,height,1.0 inch
https://m.media-amazon.com/images/I/61A2j52qrkL.jpg,550840,height,4.0 centimetre
https://m.media-amazon.com/images/I/61EBOA-QTvL.jpg,550840,height,1.3 inch
https://m.media-amazon.com/images/I/512DCcq0sIL.jpg,550840,height,1.39 inch
https://m.media-amazon.com/images/I/51z3UszmrhL.jpg,550840,height,1.64 inch
https://m.media-amazon.com/images/I/51NCApcqRoL.jpg,550840,height,1.57 inch
https://m.media-amazon.com/images/I/51bPmhkvqeL.jpg,550840,height,45.0 millimetre
https://m.media-amazon.com/images/I/619YgJNb7OL.jpg,550840,height,48.0 millimetre
https://m.media-amazon.com/images/I/610y3-dvW+L.jpg,550840,height,1.57 inch
https://m.media-amazon.com/images/I/51aNdU2SWHL.jpg,550840,height,41.0 millimetre
https://m.media-amazon.com/images/I/51iZoAOxQQL.jpg,550840,height,0.7 inch
https://m.media-amazon.com/images/I/614JdqzoNBS.jpg,550840,height,2.0 inch
https://m.media-amazon.com/images/I/61-wrHZfQtL.jpg,550840,height,1.69 inch
https://m.media-amazon.com/images/I/61-RcKdkrNL.jpg,550840,height,2.02 inch
https://m.media-amazon.com/images/I/6184Ognze6L.jpg,550840,height,1.5 inch
https://m.media-amazon.com/images/I/51WZxl1n60L.jpg,550840,height,24.075 millimetre
https://m.media-amazon.com/images/I/61+nZW7gv5L.jpg,550840,height,4.98 centimetre
https://m.media-amazon.com/images/I/616C1AarzDL.jpg,550840,height,1.83 inch
https://m.media-amazon.com/images/I/61Ezdx9G2hL.jpg,550840,height,53.0 millimetre
https://m.media-amazon.com/images/I/61CETR1dKgS.jpg,550840,height,2.8 centimetre
https://m.media-amazon.com/images/I/51zh6fR1ZUL.jpg,550840,height,6.0 foot
https://m.media-amazon.com/images/I/61+lhR+fRVL.jpg,550840,height,1.83 inch
https://m.media-amazon.com/images/I/518Svk3rMPL.jpg,550840,height,42.5 millimetre
https://m.media-amazon.com/images/I/61-iuKIYdpL.jpg,550840,height,1.7 inch
https://m.media-amazon.com/images/I/51lv-dbanVL.jpg,550840,height,41.0 millimetre
https://m.media-amazon.com/images/I/613yjSbX-cL.jpg,550840,height,46.0 millimetre
https://m.media-amazon.com/images/I/61DrIaGKXML.jpg,550840,height,1.75 inch
https://m.media-amazon.com/images/I/61FQoCdH7OL.jpg,550840,height,30.0 millimetre
https://m.media-amazon.com/images/I/519BaSlK8qL.jpg,550840,height,34.0 millimetre
https://m.media-amazon.com/images/I/61D3T5k9b9L.jpg,550840,height,1.69 inch
https://m.media-amazon.com/images/I/511y7How93L.jpg,550840,height,49.0 millimetre
https://m.media-amazon.com/images/I/614G0dyjUSL.jpg,550840,height,4.1 metre
