image_link,group_id,entity_name,entity_value
https://m.media-amazon.com/images/I/716Gw2+1EzL.jpg,249638,item_weight,35.0 gram
https://m.media-amazon.com/images/I/71F8VoK83NL.jpg,249638,item_weight,5.0 gram
https://m.media-amazon.com/images/I/61ylRv-DyCS.jpg,249638,item_weight,50.0 gram
https://m.media-amazon.com/images/I/71Ry08oppHL.jpg,249638,item_weight,50.0 gram
https://m.media-amazon.com/images/I/61cRJ84LSQL.jpg,249638,item_weight,5.0 gram
https://m.media-amazon.com/images/I/61QD88wk9ML.jpg,249638,item_weight,3.0 gram
https://m.media-amazon.com/images/I/718of6wcSYL.jpg,249638,item_weight,1100.0 gram
https://m.media-amazon.com/images/I/714qw69dOzL.jpg,249638,item_weight,5.0 gram
https://m.media-amazon.com/images/I/91elQiB5o3L.jpg,249638,item_weight,200.0 gram
https://m.media-amazon.com/images/I/71OjhYu7ZYL.jpg,249638,item_weight,230.0 gram
https://m.media-amazon.com/images/I/61sdB6EqqyL.jpg,249638,item_weight,5.0 gram
https://m.media-amazon.com/images/I/71DqM0qIkWL.jpg,249638,item_weight,5.0 gram
https://m.media-amazon.com/images/I/71JyOHgb+hL.jpg,249638,item_weight,5.0 gram
https://m.media-amazon.com/images/I/71WkzmJpViL.jpg,249638,item_weight,4.0 gram
https://m.media-amazon.com/images/I/71kwfsRz8uL.jpg,249638,item_weight,78.0 gram
https://m.media-amazon.com/images/I/71jeW4ufzwL.jpg,249638,item_weight,5.0 gram
https://m.media-amazon.com/images/I/61VXpyoyeHL.jpg,249638,item_weight,72.95 gram
https://m.media-amazon.com/images/I/71vWQyPv6mL.jpg,249638,item_weight,22.8 gram
https://m.media-amazon.com/images/I/71BZZy7kDEL.jpg,249638,item_weight,200.0 gram
https://m.media-amazon.com/images/I/71RH03dE76L.jpg,249638,item_weight,1.4 gram
https://m.media-amazon.com/images/I/51LjWVrYaeL.jpg,249638,item_weight,200.0 gram
https://m.media-amazon.com/images/I/518T92HILmL.jpg,249638,item_weight,"[0.25, 20.0] ounce"
https://m.media-amazon.com/images/I/6165WcQfVKL.jpg,249638,item_weight,360.0 gram
https://m.media-amazon.com/images/I/71RhEFV20uL.jpg,249638,item_weight,4.0 gram
https://m.media-amazon.com/images/I/617nFd2sUFL.jpg,249638,item_weight,24.0 gram
https://m.media-amazon.com/images/I/71aqHuVQRgL.jpg,249638,item_weight,116.0 gram
https://m.media-amazon.com/images/I/71PS2ePo6CL.jpg,249638,item_weight,170.0 gram
https://m.media-amazon.com/images/I/61DqoYogRnL.jpg,249638,item_weight,250.0 gram
https://m.media-amazon.com/images/I/81CfLbib3RL.jpg,249638,item_weight,92.0 gram
https://m.media-amazon.com/images/I/71Tll1x7iOL.jpg,249638,item_weight,4.0 gram
https://m.media-amazon.com/images/I/61Bamg7i3UL.jpg,249638,item_weight,62.0 gram
https://m.media-amazon.com/images/I/61loFjPSB0L.jpg,249638,item_weight,33.0 gram
https://m.media-amazon.com/images/I/716P4DZbUQL.jpg,249638,item_weight,4.0 gram
https://m.media-amazon.com/images/I/71d4r811w7L.jpg,249638,item_weight,2300.0 gram
https://m.media-amazon.com/images/I/81ds9gpMdNL.jpg,249638,item_weight,120.0 gram
https://m.media-amazon.com/images/I/61fL8w8FbPL.jpg,249638,item_weight,4.0 gram
https://m.media-amazon.com/images/I/81DJyW6cFML.jpg,249638,item_weight,95.0 gram
https://m.media-amazon.com/images/I/717tN5AdnbL.jpg,249638,item_weight,5.0 gram
https://m.media-amazon.com/images/I/81B1o8295GL.jpg,249638,item_weight,360.0 gram
https://m.media-amazon.com/images/I/71OZ3ARDt8L.jpg,249638,item_weight,40.0 gram
https://m.media-amazon.com/images/I/71NklGXmU8L.jpg,249638,item_weight,4.0 gram
https://m.media-amazon.com/images/I/71iKx5GzKKL.jpg,249638,item_weight,5.0 gram
https://m.media-amazon.com/images/I/41qak8HmffL.jpg,249638,item_weight,129.0 gram
https://m.media-amazon.com/images/I/61iPLMIJGFL.jpg,249638,item_weight,4.0 gram
https://m.media-amazon.com/images/I/616quIj7v1L.jpg,249638,item_weight,77.5 gram
https://m.media-amazon.com/images/I/61uIRuqvoAL.jpg,249638,item_weight,941.0 gram
https://m.media-amazon.com/images/I/61OmlBE5rOL.jpg,249638,item_weight,4.7 gram
https://m.media-amazon.com/images/I/61UYw+V5MtL.jpg,249638,item_weight,3.0 ounce
https://m.media-amazon.com/images/I/71lGK6mTdxL.jpg,249638,item_weight,2300.0 gram
https://m.media-amazon.com/images/I/71ddgxLaLwL.jpg,249638,item_weight,5.0 gram
https://m.media-amazon.com/images/I/61dZXpPB9mL.jpg,249638,item_weight,9.84 ounce
https://m.media-amazon.com/images/I/61MnsnTcE8L.jpg,249638,item_weight,4.0 gram
https://m.media-amazon.com/images/I/61l7ugYwhjL.jpg,249638,item_weight,60.0 gram
https://m.media-amazon.com/images/I/61LRsGMcsbL.jpg,249638,item_weight,360.0 gram
https://m.media-amazon.com/images/I/71AtaubokTL.jpg,249638,item_weight,3500.0 gram
https://m.media-amazon.com/images/I/61ESeogXRfL.jpg,249638,item_weight,526.0 gram
https://m.media-amazon.com/images/I/71pKaxz+r+L.jpg,249638,item_weight,3500.0 gram
https://m.media-amazon.com/images/I/71f0LGdjA7L.jpg,249638,item_weight,5.0 gram
https://m.media-amazon.com/images/I/61UvpA9ISHL.jpg,249638,item_weight,0.2 pound
https://m.media-amazon.com/images/I/61b9Y4UN5ML.jpg,249638,item_weight,5.0 gram
https://m.media-amazon.com/images/I/71MiGG1oBiL.jpg,249638,item_weight,5.0 gram
https://m.media-amazon.com/images/I/41XnT-L7YjL.jpg,249638,item_weight,1.5 ounce
https://m.media-amazon.com/images/I/512qdE9rg8L.jpg,249638,item_weight,225.0 gram
https://m.media-amazon.com/images/I/61D1kc3oE3L.jpg,249638,item_weight,2.1 gram
https://m.media-amazon.com/images/I/71oY5SUykfL.jpg,249638,item_weight,1.0 gram
https://m.media-amazon.com/images/I/71EOG35+wYL.jpg,249638,item_weight,4.0 gram
https://m.media-amazon.com/images/I/61skRHmjLhL.jpg,249638,item_weight,4.0 gram
https://m.media-amazon.com/images/I/71SZI55S3lL.jpg,249638,item_weight,5.0 gram
https://m.media-amazon.com/images/I/519Koa5XL2L.jpg,249638,item_weight,10.0 gram
https://m.media-amazon.com/images/I/61qY5cq+8kL.jpg,249638,item_weight,200.0 gram
https://m.media-amazon.com/images/I/716Pdm8QrbL.jpg,249638,item_weight,4.0 gram
https://m.media-amazon.com/images/I/713RZ6QGvLL.jpg,249638,item_weight,5.0 gram
https://m.media-amazon.com/images/I/71gROO2KIpL.jpg,249638,item_weight,4.0 gram
https://m.media-amazon.com/images/I/818ebfXEr+L.jpg,249638,item_weight,2.0 ounce
https://m.media-amazon.com/images/I/61aar40tGmL.jpg,249638,item_weight,33.0 gram
https://m.media-amazon.com/images/I/91wWcqWG-TL.jpg,249638,item_weight,200.0 gram
https://m.media-amazon.com/images/I/71UczPg1H8S.jpg,249638,item_weight,4.0 gram
https://m.media-amazon.com/images/I/61xf7UxFh6L.jpg,249638,item_weight,33.0 gram
https://m.media-amazon.com/images/I/61IM7AnTi4L.jpg,249638,item_weight,55.0 gram
https://m.media-amazon.com/images/I/91ypU+tUuaL.jpg,249638,item_weight,5.0 gram
https://m.media-amazon.com/images/I/71gV+z3JlZL.jpg,249638,item_weight,4144.0 gram
https://m.media-amazon.com/images/I/61ibZ0h1sRL.jpg,249638,item_weight,200.0 gram
https://m.media-amazon.com/images/I/41I49l8hgPL.jpg,249638,item_weight,125.0 ounce
https://m.media-amazon.com/images/I/61gI2Mu1IyL.jpg,249638,item_weight,4.0 gram
https://m.media-amazon.com/images/I/61WHqVbOPTL.jpg,249638,item_weight,4.0 gram
https://m.media-amazon.com/images/I/71yVwqzgCtL.jpg,249638,item_weight,7.75 gram
https://m.media-amazon.com/images/I/71bLrm1YYPL.jpg,249638,item_weight,5.0 gram
https://m.media-amazon.com/images/I/71XY62UTrWL.jpg,249638,item_weight,3500.0 gram
https://m.media-amazon.com/images/I/71BshEHnaaL.jpg,249638,item_weight,3500.0 gram
https://m.media-amazon.com/images/I/71nM-7D-Y5L.jpg,249638,item_weight,22.0 gram
https://m.media-amazon.com/images/I/617vRQOCsVL.jpg,249638,item_weight,47.5 gram
https://m.media-amazon.com/images/I/71tUKiKXbdL.jpg,249638,item_weight,25.0 gram
https://m.media-amazon.com/images/I/71d7eXZ8OdL.jpg,249638,item_weight,4.0 gram
https://m.media-amazon.com/images/I/71a-gu2Pr4L.jpg,249638,item_weight,4.0 gram
https://m.media-amazon.com/images/I/61mt4i3GhaL.jpg,249638,item_weight,5.0 gram
https://m.media-amazon.com/images/I/713JmTrt6SL.jpg,249638,item_weight,16.0 gram
https://m.media-amazon.com/images/I/51XSzsfW6bL.jpg,249638,item_weight,225.0 gram
https://m.media-amazon.com/images/I/71GGVxxa02L.jpg,249638,item_weight,9.0 gram
https://m.media-amazon.com/images/I/516Ji+a9bsL.jpg,249638,item_weight,210.0 gram
https://m.media-amazon.com/images/I/81vLiTM5+kL.jpg,249638,item_weight,280.3 gram
https://m.media-amazon.com/images/I/71HpE7CdmML.jpg,249638,item_weight,1500.0 gram
https://m.media-amazon.com/images/I/51zeqiAVPhL.jpg,249638,item_weight,180.0 gram
https://m.media-amazon.com/images/I/61+cwFyF7mL.jpg,249638,item_weight,28.0 gram
https://m.media-amazon.com/images/I/61dRuBwtMQL.jpg,249638,item_weight,5.0 gram
https://m.media-amazon.com/images/I/71AlmgH+E3L.jpg,249638,item_weight,306.0 gram
https://m.media-amazon.com/images/I/71bOg0AfeiL.jpg,249638,item_weight,131.0 gram
https://m.media-amazon.com/images/I/618mXK2VfrL.jpg,249638,item_weight,9.8 gram
https://m.media-amazon.com/images/I/61vRYe0vxRL.jpg,249638,item_weight,128.0 gram
https://m.media-amazon.com/images/I/71HBYr9L4rL.jpg,249638,item_weight,5.0 gram
https://m.media-amazon.com/images/I/71qPDrqJJoL.jpg,249638,item_weight,84.0 gram
https://m.media-amazon.com/images/I/815PKjhdbML.jpg,249638,item_weight,5.0 gram
https://m.media-amazon.com/images/I/71+5u4CDheL.jpg,249638,item_weight,3000.0 gram
https://m.media-amazon.com/images/I/71WJ9MQ5HGL.jpg,249638,item_weight,4.0 gram
https://m.media-amazon.com/images/I/61STLHt+ceS.jpg,249638,item_weight,138.0 gram
https://m.media-amazon.com/images/I/71J5hA7tNlL.jpg,249638,item_weight,1.0 gram
https://m.media-amazon.com/images/I/61eztXIjwFL.jpg,249638,item_weight,4.0 gram
https://m.media-amazon.com/images/I/61mdTWx4P8L.jpg,249638,item_weight,28.0 gram
https://m.media-amazon.com/images/I/61qDJK5OkVL.jpg,249638,item_weight,171.0 gram
https://m.media-amazon.com/images/I/71GW2oyD3sL.jpg,249638,item_weight,70.0 gram
https://m.media-amazon.com/images/I/716GBHq3FKL.jpg,249638,item_weight,4.0 gram
https://m.media-amazon.com/images/I/71ymgbWQhdL.jpg,249638,item_weight,5.0 gram
https://m.media-amazon.com/images/I/71yq++PlAvL.jpg,249638,item_weight,4.0 gram
https://m.media-amazon.com/images/I/61yj382qriL.jpg,249638,item_weight,3.0 ounce
https://m.media-amazon.com/images/I/61pWzY9vjeL.jpg,249638,item_weight,1.0 gram
https://m.media-amazon.com/images/I/61NmQwl2C-L.jpg,249638,item_weight,5.0 gram
https://m.media-amazon.com/images/I/71C2CFhYgOL.jpg,249638,item_weight,3500.0 gram
https://m.media-amazon.com/images/I/71CF-mO7zeL.jpg,249638,item_weight,4.0 gram
https://m.media-amazon.com/images/I/613FkhUPyuL.jpg,249638,item_weight,4.0 gram
https://m.media-amazon.com/images/I/713zYxajTAL.jpg,249638,item_weight,4.0 gram
https://m.media-amazon.com/images/I/61BRtZqmozL.jpg,249638,item_weight,5.0 gram
https://m.media-amazon.com/images/I/51srsdhBj4L.jpg,249638,item_weight,360.0 gram
https://m.media-amazon.com/images/I/51bYbZdeffL.jpg,249638,item_weight,360.0 gram
https://m.media-amazon.com/images/I/816XwbYTfYL.jpg,249638,item_weight,26.0 gram
https://m.media-amazon.com/images/I/61p158Hsg7L.jpg,249638,item_weight,5.0 gram
https://m.media-amazon.com/images/I/71R3gE63fbL.jpg,249638,item_weight,5.0 gram
https://m.media-amazon.com/images/I/61qrII+m9kL.jpg,249638,item_weight,200.0 gram
https://m.media-amazon.com/images/I/51aWI581gQL.jpg,249638,item_weight,53.0 gram
https://m.media-amazon.com/images/I/81aKKsl5uTL.jpg,249638,item_weight,55.0 gram
https://m.media-amazon.com/images/I/51hnXHWoMkL.jpg,249638,item_weight,225.0 gram
https://m.media-amazon.com/images/I/512-XMZihKL.jpg,249638,item_weight,225.0 gram
https://m.media-amazon.com/images/I/51TfeCz7IgS.jpg,249638,item_weight,360.0 ounce
https://m.media-amazon.com/images/I/71+fMrq1wJL.jpg,249638,item_weight,93.0 gram
https://m.media-amazon.com/images/I/61UOieG2B6L.jpg,249638,item_weight,30.0 gram
https://m.media-amazon.com/images/I/71kHbMur4TL.jpg,249638,item_weight,2.0 ounce
https://m.media-amazon.com/images/I/61VSkl5fHTL.jpg,249638,item_weight,22.8 milligram
https://m.media-amazon.com/images/I/31JSwTbG01L.jpg,249638,item_weight,34.0 gram
https://m.media-amazon.com/images/I/61We5WMBdRL.jpg,249638,item_weight,4100.0 gram
https://m.media-amazon.com/images/I/51eequxkNjL.jpg,249638,item_weight,49.0 gram
https://m.media-amazon.com/images/I/61StckgwSgL.jpg,249638,item_weight,77.0 gram
https://m.media-amazon.com/images/I/61KK3zWQv2L.jpg,249638,item_weight,3500.0 gram
https://m.media-amazon.com/images/I/61ms0IyPmlL.jpg,249638,item_weight,4.0 gram
https://m.media-amazon.com/images/I/81tG224tIVL.jpg,249638,item_weight,5.0 gram
https://m.media-amazon.com/images/I/61uzgeYzhYL.jpg,249638,item_weight,"[0.25, 20.0] ounce"
https://m.media-amazon.com/images/I/71615NFV06L.jpg,249638,item_weight,"[0.25, 20.0] ounce"
https://m.media-amazon.com/images/I/51JS72CEgpL.jpg,249638,item_weight,0.15 pound
https://m.media-amazon.com/images/I/518LP9qmf2L.jpg,249638,item_weight,180.0 gram
https://m.media-amazon.com/images/I/61oyOschaQL.jpg,249638,item_weight,30.0 gram
https://m.media-amazon.com/images/I/51TWoBqGRvL.jpg,249638,item_weight,0.37 kilogram
https://m.media-amazon.com/images/I/614+qpWLUwL.jpg,249638,item_weight,5.0 gram
https://m.media-amazon.com/images/I/81Fl52e41HL.jpg,249638,item_weight,5.0 gram
https://m.media-amazon.com/images/I/618yJyetxPL.jpg,249638,item_weight,5.8 gram
https://m.media-amazon.com/images/I/71UVCCGcCWL.jpg,249638,item_weight,5.0 gram
https://m.media-amazon.com/images/I/71AT6U-ajmL.jpg,249638,item_weight,100.0 gram
https://m.media-amazon.com/images/I/41qPes6mskL.jpg,249638,item_weight,1.5 ounce
https://m.media-amazon.com/images/I/71cqSaKsBGL.jpg,249638,item_weight,24.0 gram
https://m.media-amazon.com/images/I/81yoryjKdcL.jpg,249638,item_weight,5.0 gram
https://m.media-amazon.com/images/I/71l3wCRGgpL.jpg,249638,item_weight,80.0 gram
https://m.media-amazon.com/images/I/319kQqDFs7S.jpg,249638,item_weight,510.6 gram
https://m.media-amazon.com/images/I/81j0U-UTpdL.jpg,249638,item_weight,5.0 gram
https://m.media-amazon.com/images/I/71UWe9AEQhL.jpg,249638,item_weight,13.0 gram
https://m.media-amazon.com/images/I/814PK71Pc3L.jpg,249638,item_weight,10.0 gram
https://m.media-amazon.com/images/I/71pwUEOWGqL.jpg,249638,item_weight,3500.0 gram
https://m.media-amazon.com/images/I/61FizMZBvJL.jpg,249638,item_weight,32.0 gram
https://m.media-amazon.com/images/I/71DNlCfoVdL.jpg,249638,item_weight,5.0 gram
https://m.media-amazon.com/images/I/61IdlH44oYL.jpg,249638,item_weight,230.0 gram
https://m.media-amazon.com/images/I/61UnrAlQQbL.jpg,249638,item_weight,230.0 gram
https://m.media-amazon.com/images/I/81px1xMkphL.jpg,249638,item_weight,5.0 gram
https://m.media-amazon.com/images/I/71PtS-eGhUL.jpg,249638,item_weight,4.0 gram
https://m.media-amazon.com/images/I/611Hf9qBrvL.jpg,249638,item_weight,24.0 gram
https://m.media-amazon.com/images/I/71IHRgndEIS.jpg,249638,item_weight,170.0 gram
https://m.media-amazon.com/images/I/71Z9Zhzl50L.jpg,249638,item_weight,180.0 gram
https://m.media-amazon.com/images/I/71ey-GW1FZL.jpg,249638,item_weight,2.0 gram
https://m.media-amazon.com/images/I/61s0k8nXdvL.jpg,249638,item_weight,177.0 gram
https://m.media-amazon.com/images/I/61PU5d3e41L.jpg,249638,item_weight,117.0 gram
https://m.media-amazon.com/images/I/61KdXdU248L.jpg,249638,item_weight,1.6 ounce
https://m.media-amazon.com/images/I/61RE-F8J4hL.jpg,249638,item_weight,0.3 pound
https://m.media-amazon.com/images/I/71IiwMvKikL.jpg,249638,item_weight,5.0 gram
https://m.media-amazon.com/images/I/71EwH8xio2L.jpg,249638,item_weight,465.0 gram
https://m.media-amazon.com/images/I/71YulETqahL.jpg,249638,item_weight,"[0.25, 20.0] ounce"
https://m.media-amazon.com/images/I/71AVC+DI1NL.jpg,249638,item_weight,3000.0 gram
https://m.media-amazon.com/images/I/71tdmLsdqTL.jpg,249638,item_weight,5.0 gram
https://m.media-amazon.com/images/I/714J9blohYL.jpg,249638,item_weight,4.0 gram
https://m.media-amazon.com/images/I/71xc+y9KA0L.jpg,249638,item_weight,226.0 gram
https://m.media-amazon.com/images/I/711ed4E3Z+L.jpg,249638,item_weight,226.0 gram
https://m.media-amazon.com/images/I/61xdQ4MIG6L.jpg,249638,item_weight,1500.0 gram
https://m.media-amazon.com/images/I/91KUAgxxQpL.jpg,249638,item_weight,120.0 gram
https://m.media-amazon.com/images/I/912dZOgRCSL.jpg,249638,item_weight,100.0 gram
https://m.media-amazon.com/images/I/71xzVVoIIIL.jpg,249638,item_weight,5.0 gram
https://m.media-amazon.com/images/I/81rFcMtVRWL.jpg,249638,item_weight,325.0 gram
https://m.media-amazon.com/images/I/71eZePuaUQL.jpg,249638,item_weight,5.0 gram
https://m.media-amazon.com/images/I/71++7oaVywL.jpg,249638,item_weight,5.0 gram
https://m.media-amazon.com/images/I/41AUX2QJACL.jpg,249638,item_weight,49.0 gram
https://m.media-amazon.com/images/I/81bVGkGmqKL.jpg,249638,item_weight,1.0 gram
https://m.media-amazon.com/images/I/81-cwh05icL.jpg,249638,item_weight,"[4.0, 5.6] gram"
https://m.media-amazon.com/images/I/519CiwQdnYL.jpg,249638,item_weight,18.0 gram
https://m.media-amazon.com/images/I/51KoXxWHtrL.jpg,249638,item_weight,58.0 gram
https://m.media-amazon.com/images/I/51tYIEhx6pL.jpg,249638,item_weight,65.0 gram
https://m.media-amazon.com/images/I/715p0kUdgnL.jpg,249638,item_weight,5.0 gram
https://m.media-amazon.com/images/I/71iU9jd8qeL.jpg,249638,item_weight,"[2018.0, 2022.0] gram"
https://m.media-amazon.com/images/I/61pftcBGPHL.jpg,249638,item_weight,"[3.5, 5.6] gram"
https://m.media-amazon.com/images/I/71lXJPi0N4L.jpg,249638,item_weight,5.0 gram
https://m.media-amazon.com/images/I/71mHhK4FBFL.jpg,249638,item_weight,300.0 gram
https://m.media-amazon.com/images/I/71cX8w+KwAL.jpg,249638,item_weight,3500.0 gram
https://m.media-amazon.com/images/I/51mKVzgmB8L.jpg,249638,item_weight,108.0 gram
https://m.media-amazon.com/images/I/716LfrkjghL.jpg,249638,item_weight,4.0 gram
https://m.media-amazon.com/images/I/51WJDf2rAtL.jpg,249638,item_weight,217.0 gram
https://m.media-amazon.com/images/I/61Ze1CMZhIL.jpg,249638,item_weight,18.0 gram
https://m.media-amazon.com/images/I/71fTRlLxoNL.jpg,249638,item_weight,3500.0 gram
https://m.media-amazon.com/images/I/61XcKHMjzBL.jpg,249638,item_weight,16.0 gram
https://m.media-amazon.com/images/I/61K-w1B+MDL.jpg,249638,item_weight,5.0 gram
https://m.media-amazon.com/images/I/71CqxHz9-NL.jpg,249638,item_weight,5.0 gram
https://m.media-amazon.com/images/I/71L5CxQFOFL.jpg,249638,item_weight,10.0 gram
https://m.media-amazon.com/images/I/71WJlF-OnFL.jpg,249638,item_weight,8.0 gram
https://m.media-amazon.com/images/I/61bcX+tKwbL.jpg,249638,item_weight,190.0 gram
https://m.media-amazon.com/images/I/71JJ-HBRHCL.jpg,249638,item_weight,5.0 gram
https://m.media-amazon.com/images/I/71j3n+sFmzL.jpg,249638,item_weight,5.0 gram
https://m.media-amazon.com/images/I/71H4XUBHd1L.jpg,249638,item_weight,5.0 gram
https://m.media-amazon.com/images/I/71HPIPturtL.jpg,249638,item_weight,5.0 gram
https://m.media-amazon.com/images/I/81FglxlpqgL.jpg,249638,item_weight,5.0 gram
https://m.media-amazon.com/images/I/71SC4RPRJKL.jpg,249638,item_weight,22.0 gram
https://m.media-amazon.com/images/I/61vuGk2pioL.jpg,249638,item_weight,28.0 gram
https://m.media-amazon.com/images/I/71XlVO173ML.jpg,249638,item_weight,5.0 gram
https://m.media-amazon.com/images/I/61RjZKAlpML.jpg,249638,item_weight,230.0 gram
https://m.media-amazon.com/images/I/714nWofmTQL.jpg,249638,item_weight,5.0 gram
https://m.media-amazon.com/images/I/51KMWd0q+-L.jpg,249638,item_weight,88.0 gram
https://m.media-amazon.com/images/I/81tnnlzEemL.jpg,249638,item_weight,0.08 kilogram
https://m.media-amazon.com/images/I/61yjWF3VW7L.jpg,249638,item_weight,600.0 gram
https://m.media-amazon.com/images/I/41U3eJTJBrL.jpg,249638,item_weight,210.0 gram
https://m.media-amazon.com/images/I/61sxPzWRlsL.jpg,249638,item_weight,250.0 gram
https://m.media-amazon.com/images/I/71fGsqyYqLL.jpg,249638,item_weight,7.2 ounce
https://m.media-amazon.com/images/I/61ZDSh3iwuL.jpg,249638,item_weight,5.0 gram
https://m.media-amazon.com/images/I/515cdEdu-hL.jpg,249638,item_weight,250.0 gram
https://m.media-amazon.com/images/I/51TPXu7uzwL.jpg,249638,item_weight,10.0 gram
https://m.media-amazon.com/images/I/71KJ3ymHlpL.jpg,249638,item_weight,13.0 gram
https://m.media-amazon.com/images/I/51UIUNzFm0L.jpg,249638,item_weight,3.0 gram
https://m.media-amazon.com/images/I/715L8A0OcFL.jpg,249638,item_weight,20.0 gram
https://m.media-amazon.com/images/I/71Ryuch975L.jpg,249638,item_weight,4.0 gram
