image_link,group_id,entity_name,entity_value
https://m.media-amazon.com/images/I/51eShYWm56L.jpg,425150,width,11.5 centimetre
https://m.media-amazon.com/images/I/51vUpworkUL.jpg,425150,width,2.95 inch
https://m.media-amazon.com/images/I/41oF9lF0VqL.jpg,425150,width,12.0 centimetre
https://m.media-amazon.com/images/I/51gypg+m9AL.jpg,425150,width,2.0 inch
https://m.media-amazon.com/images/I/41g5ExkadQS.jpg,425150,width,13.0 centimetre
https://m.media-amazon.com/images/I/51k-I0NnC3L.jpg,425150,width,9.0 inch
https://m.media-amazon.com/images/I/51M8JuLWUsL.jpg,425150,width,5.0 centimetre
https://m.media-amazon.com/images/I/51-E5gFwWQL.jpg,425150,width,27.0 centimetre
https://m.media-amazon.com/images/I/61BfDZb7WSL.jpg,425150,width,28.0 centimetre
https://m.media-amazon.com/images/I/51m8oIo9KhL.jpg,425150,width,13.0 centimetre
https://m.media-amazon.com/images/I/6165ObZ+tDL.jpg,425150,width,4.0 inch
https://m.media-amazon.com/images/I/61-roRUfSWL.jpg,425150,width,12.0 centimetre
https://m.media-amazon.com/images/I/61A7te8LpNL.jpg,425150,width,17.0 centimetre
https://m.media-amazon.com/images/I/51v9iteJ-YL.jpg,425150,width,14.0 centimetre
https://m.media-amazon.com/images/I/51UK7UByK0L.jpg,425150,width,13.5 centimetre
https://m.media-amazon.com/images/I/612Lx2R0BnL.jpg,425150,width,36.0 centimetre
https://m.media-amazon.com/images/I/613TjUrpQqL.jpg,425150,width,12.7 centimetre
https://m.media-amazon.com/images/I/5158NS+WHgL.jpg,425150,width,2.55 inch
https://m.media-amazon.com/images/I/51Wig9qKqOL.jpg,425150,width,36.0 centimetre
https://m.media-amazon.com/images/I/618k6DJ8kHL.jpg,425150,width,10.0 centimetre
https://m.media-amazon.com/images/I/51qvcSSpvFL.jpg,425150,width,3.0 centimetre
https://m.media-amazon.com/images/I/51+Zf70RAaL.jpg,425150,width,13.0 centimetre
https://m.media-amazon.com/images/I/61BFtSqvKUL.jpg,425150,width,2.5 centimetre
https://m.media-amazon.com/images/I/41W29Ylu5eL.jpg,425150,width,1.7 inch
https://m.media-amazon.com/images/I/51rkf4be+7S.jpg,425150,width,2.1 centimetre
https://m.media-amazon.com/images/I/41JiqPfiyxL.jpg,425150,width,31.0 centimetre
https://m.media-amazon.com/images/I/51FL6+HHBmL.jpg,425150,width,9.0 centimetre
https://m.media-amazon.com/images/I/51fD6FsMQyL.jpg,425150,width,0.89 inch
https://m.media-amazon.com/images/I/51DVlGs7V7L.jpg,425150,width,13.0 inch
https://m.media-amazon.com/images/I/51xXzUax8bL.jpg,425150,width,4.0 centimetre
https://m.media-amazon.com/images/I/61Bz+Y0kjOL.jpg,425150,width,35.0 centimetre
https://m.media-amazon.com/images/I/617J3qzkhXL.jpg,425150,width,34.0 centimetre
https://m.media-amazon.com/images/I/41Ptn1jowmS.jpg,425150,width,7.0 centimetre
https://m.media-amazon.com/images/I/619VQm0F1CL.jpg,425150,width,10.0 inch
https://m.media-amazon.com/images/I/61C2tntUzAL.jpg,425150,width,10.0 centimetre
https://m.media-amazon.com/images/I/5184StzCXbL.jpg,425150,width,2.25 centimetre
https://m.media-amazon.com/images/I/41ferrMjEyL.jpg,425150,width,17.0 centimetre
https://m.media-amazon.com/images/I/41ferrMjEyL.jpg,425150,height,97.5 centimetre
https://m.media-amazon.com/images/I/61ADF9rwtxL.jpg,425150,width,15.0 centimetre
https://m.media-amazon.com/images/I/512+Z+HpgjL.jpg,425150,width,32.0 centimetre
https://m.media-amazon.com/images/I/51H7ORLrf0L.jpg,425150,width,19.0 centimetre
https://m.media-amazon.com/images/I/51GV8T5SH8L.jpg,425150,width,15.0 centimetre
https://m.media-amazon.com/images/I/613+OHs98EL.jpg,425150,width,200.0 millimetre
https://m.media-amazon.com/images/I/61EaXDV2zHL.jpg,425150,width,10.0 centimetre
https://m.media-amazon.com/images/I/51Rrx+acDLL.jpg,425150,width,9.0 centimetre
https://m.media-amazon.com/images/I/511EIWUh0XL.jpg,425150,width,4.9 centimetre
https://m.media-amazon.com/images/I/513jSzlD7DL.jpg,425150,width,7.0 centimetre
https://m.media-amazon.com/images/I/41R1ciILFEL.jpg,425150,width,3.5 centimetre
https://m.media-amazon.com/images/I/51s1MFcSB4S.jpg,425150,height,88.0 centimetre
https://m.media-amazon.com/images/I/31VKSHMucpL.jpg,425150,height,137.0 centimetre
https://m.media-amazon.com/images/I/61FfQtNKeaL.jpg,425150,height,82.0 centimetre
https://m.media-amazon.com/images/I/51vU8GGM9pL.jpg,425150,height,33.0 inch
https://m.media-amazon.com/images/I/613U8MLxylL.jpg,425150,height,90.0 centimetre
https://m.media-amazon.com/images/I/4171HWLNDLL.jpg,425150,height,24.0 inch
https://m.media-amazon.com/images/I/51t5whI5tVL.jpg,425150,height,135.0 centimetre
https://m.media-amazon.com/images/I/4167vSwjncL.jpg,425150,height,37.0 inch
https://m.media-amazon.com/images/I/41nIk2IQFpS.jpg,425150,height,90.0 centimetre
https://m.media-amazon.com/images/I/615hfYudMAL.jpg,425150,height,36.0 inch
https://m.media-amazon.com/images/I/51OxKGL9ZxL.jpg,425150,height,31.9 inch
https://m.media-amazon.com/images/I/617rqMsD5pL.jpg,425150,height,90.0 centimetre
https://m.media-amazon.com/images/I/51DAfQx+8SL.jpg,425150,height,84.0 centimetre
https://m.media-amazon.com/images/I/5130xsXRB+L.jpg,425150,height,34.65 inch
https://m.media-amazon.com/images/I/61-pPJHjM3L.jpg,425150,height,120.0 centimetre
https://m.media-amazon.com/images/I/41rtYJlnZyL.jpg,425150,height,87.0 centimetre
https://m.media-amazon.com/images/I/61+h6Hu2USL.jpg,425150,height,38.0 inch
https://m.media-amazon.com/images/I/512hbyE-HXL.jpg,425150,height,94.5 centimetre
https://m.media-amazon.com/images/I/41VnEeqwBNL.jpg,425150,height,35.37 inch
https://m.media-amazon.com/images/I/610uiXUB0JL.jpg,425150,height,135.0 centimetre
https://m.media-amazon.com/images/I/51bGDgP7kDL.jpg,425150,height,37.0 inch
https://m.media-amazon.com/images/I/41pnVg4AryL.jpg,425150,height,36.0 inch
https://m.media-amazon.com/images/I/51bzuwdidvL.jpg,425150,height,96.0 centimetre
https://m.media-amazon.com/images/I/6168lXpFByL.jpg,425150,height,95.0 centimetre
https://m.media-amazon.com/images/I/613+KfnFG5L.jpg,425150,height,113.5 centimetre
https://m.media-amazon.com/images/I/51R1PMlbcLL.jpg,425150,height,2.0 foot
https://m.media-amazon.com/images/I/61+btNDobfL.jpg,425150,height,39.0 inch
https://m.media-amazon.com/images/I/41AY51A-yFL.jpg,425150,height,92.0 centimetre
https://m.media-amazon.com/images/I/51l4qV2pELL.jpg,425150,height,93.0 centimetre
https://m.media-amazon.com/images/I/41uijUZhrsL.jpg,425150,height,120.0 centimetre
https://m.media-amazon.com/images/I/51AEhasDxPL.jpg,425150,height,71.0 centimetre
https://m.media-amazon.com/images/I/51XOIgkqnXS.jpg,425150,height,3.0 foot
https://m.media-amazon.com/images/I/61GKcDyM1jL.jpg,425150,height,160.0 centimetre
https://m.media-amazon.com/images/I/616-k5Mh4pL.jpg,425150,height,37.0 inch
https://m.media-amazon.com/images/I/61EavYeM3pL.jpg,425150,height,91.0 centimetre
https://m.media-amazon.com/images/I/51A+oH5HvpL.jpg,425150,height,24.0 inch
https://m.media-amazon.com/images/I/51YRezbBi3L.jpg,425150,height,24.0 inch
https://m.media-amazon.com/images/I/51DV7czLIzL.jpg,425150,height,33.0 inch
https://m.media-amazon.com/images/I/51NyJVzG0VL.jpg,425150,height,37.0 inch
https://m.media-amazon.com/images/I/51Oa11VCv3S.jpg,425150,height,78.0 centimetre
https://m.media-amazon.com/images/I/51xx29NzkIL.jpg,425150,height,84.0 centimetre
https://m.media-amazon.com/images/I/611K4zjDdpL.jpg,425150,height,37.0 inch
https://m.media-amazon.com/images/I/51npExgLk5L.jpg,425150,height,110.0 centimetre
https://m.media-amazon.com/images/I/51nKsjhD1JL.jpg,425150,height,136.0 centimetre
https://m.media-amazon.com/images/I/61Coo-O7UkL.jpg,425150,height,36.0 inch
https://m.media-amazon.com/images/I/51JIAkgGpvL.jpg,425150,height,32.28 inch
https://m.media-amazon.com/images/I/51jPCkqVOsL.jpg,425150,height,130.0 centimetre
https://m.media-amazon.com/images/I/51Pj++FVIKL.jpg,425150,height,19.5 inch
https://m.media-amazon.com/images/I/51w9SVdSDGL.jpg,425150,height,39.0 inch
https://m.media-amazon.com/images/I/61+K0EjkgbL.jpg,425150,height,37.2 inch
https://m.media-amazon.com/images/I/612drPXUkJL.jpg,425150,height,135.0 centimetre
https://m.media-amazon.com/images/I/51AfkVbOmJL.jpg,425150,height,93.0 centimetre
https://m.media-amazon.com/images/I/51braR8YD-L.jpg,425150,height,210.0 centimetre
https://m.media-amazon.com/images/I/514BFbQoRBS.jpg,425150,height,82.0 centimetre
https://m.media-amazon.com/images/I/61AJjb5EckL.jpg,425150,height,110.0 centimetre
https://m.media-amazon.com/images/I/61-qDY8D-cL.jpg,425150,height,150.0 centimetre
https://m.media-amazon.com/images/I/611-3zToifL.jpg,425150,height,92.0 centimetre
https://m.media-amazon.com/images/I/51toVK8S+sL.jpg,425150,height,65.0 centimetre
https://m.media-amazon.com/images/I/61FIxc7-FSL.jpg,425150,height,110.0 centimetre
https://m.media-amazon.com/images/I/61E35Kke9ZL.jpg,425150,height,31.1 inch
https://m.media-amazon.com/images/I/51KpnUZMFlL.jpg,425150,height,110.0 centimetre
https://m.media-amazon.com/images/I/611VzCTSqjL.jpg,425150,height,20.1 inch
https://m.media-amazon.com/images/I/51pr0ONf2JS.jpg,425150,height,51.5 inch
https://m.media-amazon.com/images/I/610Td9lVoQL.jpg,425150,height,35.4 inch
https://m.media-amazon.com/images/I/41MX58umavL.jpg,425150,height,115.0 centimetre
https://m.media-amazon.com/images/I/51G0zPVW5EL.jpg,425150,height,70.0 centimetre
https://m.media-amazon.com/images/I/51RpoWkz9XL.jpg,425150,height,86.5 centimetre
https://m.media-amazon.com/images/I/41FTv6gNGDL.jpg,425150,height,74.0 centimetre
https://m.media-amazon.com/images/I/61FXuOxVktL.jpg,425150,height,75.0 centimetre
https://m.media-amazon.com/images/I/6166fGlI6CL.jpg,425150,height,62.0 centimetre
https://m.media-amazon.com/images/I/61DhKjZdHnL.jpg,425150,height,130.0 centimetre
https://m.media-amazon.com/images/I/41xW8SSbamL.jpg,425150,height,61.0 inch
https://m.media-amazon.com/images/I/51iNkBQ8hOL.jpg,425150,height,84.0 centimetre
https://m.media-amazon.com/images/I/61CfYvQQf0L.jpg,425150,height,135.0 centimetre
https://m.media-amazon.com/images/I/51wb39FuvGS.jpg,425150,height,36.0 inch
https://m.media-amazon.com/images/I/518nZ8bu38L.jpg,425150,height,29.0 inch
https://m.media-amazon.com/images/I/6155BzhwlbL.jpg,425150,height,39.0 inch
https://m.media-amazon.com/images/I/51j3q4Zq7VS.jpg,425150,height,94.0 centimetre
https://m.media-amazon.com/images/I/51zoFcSf2YL.jpg,425150,height,110.0 centimetre
https://m.media-amazon.com/images/I/6167-LKMWIL.jpg,425150,height,33.0 inch
https://m.media-amazon.com/images/I/61D5xKsscpL.jpg,425150,height,95.0 centimetre
https://m.media-amazon.com/images/I/61CjlnChakL.jpg,425150,height,93.0 centimetre
https://m.media-amazon.com/images/I/41-yPFc7zvL.jpg,425150,height,95.0 centimetre
https://m.media-amazon.com/images/I/613ANPeiJxL.jpg,425150,height,96.0 centimetre
https://m.media-amazon.com/images/I/61FD8xaXRZL.jpg,425150,height,94.0 centimetre
https://m.media-amazon.com/images/I/51BQZ6w57JL.jpg,425150,height,33.0 inch
https://m.media-amazon.com/images/I/41-sjy+wlOL.jpg,425150,height,90.5 centimetre
https://m.media-amazon.com/images/I/51AqNTxaj1L.jpg,425150,height,84.0 centimetre
https://m.media-amazon.com/images/I/51Xn1og2XQL.jpg,425150,height,38.0 inch
https://m.media-amazon.com/images/I/514S0ClR1ML.jpg,425150,height,67.0 centimetre
https://m.media-amazon.com/images/I/418aywJq9sL.jpg,425150,height,19.26 inch
https://m.media-amazon.com/images/I/51hj69BHeAL.jpg,425150,height,95.0 centimetre
https://m.media-amazon.com/images/I/515zZAQI31L.jpg,425150,height,162.56 centimetre
https://m.media-amazon.com/images/I/615yrJx-3iL.jpg,425150,height,81.3 centimetre
https://m.media-amazon.com/images/I/51Exxj9y7DL.jpg,425150,height,135.0 centimetre
https://m.media-amazon.com/images/I/61AF+VYAXcL.jpg,425150,height,79.0 centimetre
https://m.media-amazon.com/images/I/51GDwp3roML.jpg,425150,height,95.0 centimetre
https://m.media-amazon.com/images/I/51z-HsysdyL.jpg,425150,height,36.0 inch
https://m.media-amazon.com/images/I/51KTj19vYeL.jpg,425150,height,93.0 centimetre
https://m.media-amazon.com/images/I/41Y73ePhRtL.jpg,425150,height,940.0 millimetre
https://m.media-amazon.com/images/I/51W9nK3GWAL.jpg,425150,height,45.3 inch
https://m.media-amazon.com/images/I/512pkr1uj6L.jpg,425150,height,31.8 inch
https://m.media-amazon.com/images/I/5149V2Vnd5S.jpg,425150,height,35.4 inch
https://m.media-amazon.com/images/I/51Mgx4s4PjL.jpg,425150,height,33.0 inch
https://m.media-amazon.com/images/I/617RWILKLQL.jpg,425150,height,100.0 centimetre
https://m.media-amazon.com/images/I/41TFOftPgjL.jpg,425150,height,94.0 centimetre
https://m.media-amazon.com/images/I/41IY4gfy8nS.jpg,425150,height,66.0 centimetre
https://m.media-amazon.com/images/I/51gp0lXDHQL.jpg,425150,height,37.0 inch
