image_link,group_id,entity_name,entity_value
https://m.media-amazon.com/images/I/61FR9X56B2L.jpg,268003,item_weight,4.0 pound
https://m.media-amazon.com/images/I/81VtK9O2BIL.jpg,268003,item_weight,4.0 pound
https://m.media-amazon.com/images/I/91RoQXBHG6L.jpg,268003,item_weight,1.0 pound
https://m.media-amazon.com/images/I/916F27VdovL.jpg,268003,item_weight,150.0 kilogram
https://m.media-amazon.com/images/I/71DJZcpX42L.jpg,268003,item_weight,100.0 kilogram
https://m.media-amazon.com/images/I/61rNw5ugryL.jpg,268003,item_weight,6.6 pound
https://m.media-amazon.com/images/I/71w+pyyR93L.jpg,268003,item_weight,100.0 kilogram
https://m.media-amazon.com/images/I/51+Ksr5Q+QL.jpg,268003,item_weight,100.0 kilogram
https://m.media-amazon.com/images/I/71cNFEXSi9L.jpg,268003,item_weight,100.0 kilogram
https://m.media-amazon.com/images/I/61t4u5aYWgL.jpg,268003,item_weight,10.8 pound
https://m.media-amazon.com/images/I/718N2lIstHL.jpg,268003,item_weight,7.5 pound
https://m.media-amazon.com/images/I/81+Wy89N-aL.jpg,268003,item_weight,3.0 kilogram
https://m.media-amazon.com/images/I/81YM+BNKGML.jpg,268003,item_weight,150.0 kilogram
https://m.media-amazon.com/images/I/5138xj0OMrL.jpg,268003,item_weight,4.0 pound
https://m.media-amazon.com/images/I/8100RP-LdfS.jpg,268003,item_weight,365.0 gram
https://m.media-amazon.com/images/I/81BSk9EnIEL.jpg,268003,item_weight,4.0 pound
https://m.media-amazon.com/images/I/41b-+ZvMyHL.jpg,268003,item_weight,900.0 gram
https://m.media-amazon.com/images/I/61s2mScQ1EL.jpg,268003,item_weight,20.0 kilogram
https://m.media-amazon.com/images/I/71ykJt+hDDL.jpg,268003,item_weight,100.0 kilogram
https://m.media-amazon.com/images/I/71oXgSa97PL.jpg,268003,item_weight,3.7 kilogram
https://m.media-amazon.com/images/I/81uSqQGS8ZL.jpg,268003,item_weight,2.3 kilogram
https://m.media-amazon.com/images/I/A1fzYvK5lJL.jpg,268003,item_weight,150.0 kilogram
https://m.media-amazon.com/images/I/81iqVnn6QhL.jpg,268003,item_weight,2.0 kilogram
https://m.media-amazon.com/images/I/81zXNJi+0HL.jpg,268003,item_weight,4.0 pound
https://m.media-amazon.com/images/I/614XQigYKiL.jpg,268003,item_weight,40.0 gram
https://m.media-amazon.com/images/I/81R4Mcu9gsL.jpg,268003,item_weight,2.3 kilogram
https://m.media-amazon.com/images/I/615GDYUFfuL.jpg,268003,item_weight,100.0 kilogram
https://m.media-amazon.com/images/I/71YJjFndf-L.jpg,268003,item_weight,100.0 kilogram
https://m.media-amazon.com/images/I/71qnOYyHpjL.jpg,268003,item_weight,3.5 pound
https://m.media-amazon.com/images/I/91sLNLEhPwL.jpg,268003,item_weight,70.0 ounce
https://m.media-amazon.com/images/I/810x4pIcc7L.jpg,268003,item_weight,200.0 gram
https://m.media-amazon.com/images/I/71minmy37fL.jpg,268003,item_weight,8.15 pound
https://m.media-amazon.com/images/I/7109i0sN8KL.jpg,268003,item_weight,100.0 kilogram
https://m.media-amazon.com/images/I/71mFGmSat2L.jpg,268003,item_weight,7.5 pound
https://m.media-amazon.com/images/I/81mWcEiTVVL.jpg,268003,item_weight,8.15 pound
https://m.media-amazon.com/images/I/8176-OSJkwL.jpg,268003,item_weight,4.0 pound
https://m.media-amazon.com/images/I/61efNMJJqAL.jpg,268003,item_weight,0.8 kilogram
https://m.media-amazon.com/images/I/71UvrrFiDwL.jpg,268003,item_weight,3.5 pound
https://m.media-amazon.com/images/I/51XwP1oHTeL.jpg,268003,item_weight,440.0 gram
https://m.media-amazon.com/images/I/81EmRkef1HL.jpg,268003,item_weight,0.8 pound
https://m.media-amazon.com/images/I/61oqpmtBOYL.jpg,268003,item_weight,3.3 pound
https://m.media-amazon.com/images/I/813n2fQhFLL.jpg,268003,item_weight,4.0 pound
https://m.media-amazon.com/images/I/71R3ieozyBL.jpg,268003,item_weight,3.7 kilogram
https://m.media-amazon.com/images/I/61plSOwUn-L.jpg,268003,item_weight,300.0 gram
https://m.media-amazon.com/images/I/61yy3cmqyOL.jpg,268003,item_weight,300.0 gram
https://m.media-amazon.com/images/I/51m3TRokIPL.jpg,268003,item_weight,4.0 pound
https://m.media-amazon.com/images/I/81MImmPuaBL.jpg,268003,item_weight,4.0 pound
https://m.media-amazon.com/images/I/81qohnopWuL.jpg,268003,item_weight,4.0 pound
https://m.media-amazon.com/images/I/71a4JYoZ74L.jpg,268003,item_weight,3.5 pound
https://m.media-amazon.com/images/I/81RJLDr+gmL.jpg,268003,item_weight,4.0 pound
https://m.media-amazon.com/images/I/71rTqhZl9HL.jpg,268003,item_weight,50.0 kilogram
https://m.media-amazon.com/images/I/71CWPxNdEFL.jpg,268003,item_weight,4.0 pound
https://m.media-amazon.com/images/I/81MymERgDpL.jpg,268003,item_weight,4.0 pound
https://m.media-amazon.com/images/I/81AFVB9y0yL.jpg,268003,item_weight,4.0 pound
https://m.media-amazon.com/images/I/71fHpQqheJL.jpg,268003,item_weight,85.0 kilogram
https://m.media-amazon.com/images/I/91qIalNMKhL.jpg,268003,item_weight,150.0 kilogram
https://m.media-amazon.com/images/I/81dgtqyyGSL.jpg,268003,item_weight,10.8 pound
https://m.media-amazon.com/images/I/71ORY1JLkgL.jpg,268003,item_weight,3.5 kilogram
https://m.media-amazon.com/images/I/71xsnj6P2KL.jpg,268003,item_weight,5.0 pound
https://m.media-amazon.com/images/I/71oSSuEI4kL.jpg,268003,item_weight,100.0 kilogram
