image_link,group_id,entity_name,entity_value
https://m.media-amazon.com/images/I/61+jTVQDhuL.jpg,705487,width,4.3 metre
https://m.media-amazon.com/images/I/5105erqQqUL.jpg,705487,width,6070.0 millimetre
https://m.media-amazon.com/images/I/616hvztZZqS.jpg,705487,width,98.4 inch
https://m.media-amazon.com/images/I/618wtwZUW3L.jpg,705487,width,3.0 metre
https://m.media-amazon.com/images/I/613Bw7syNkL.jpg,705487,width,3.0 metre
https://m.media-amazon.com/images/I/419a6JOEvhL.jpg,705487,width,2.0 metre
https://m.media-amazon.com/images/I/613o10dZNCL.jpg,705487,width,244.0 centimetre
https://m.media-amazon.com/images/I/51SYgR50eUL.jpg,705487,width,37.5 centimetre
https://m.media-amazon.com/images/I/51l5nButaRL.jpg,705487,width,40.0 centimetre
https://m.media-amazon.com/images/I/517POI29HPL.jpg,705487,width,100.0 centimetre
https://m.media-amazon.com/images/I/51H+a8ujb4L.jpg,705487,width,10.0 foot
https://m.media-amazon.com/images/I/61+ndXFdNQL.jpg,705487,width,3.0 metre
https://m.media-amazon.com/images/I/61+ndXFdNQL.jpg,705487,depth,3.0 metre
https://m.media-amazon.com/images/I/5128DxBmJ8L.jpg,705487,width,4.5 metre
https://m.media-amazon.com/images/I/5128DxBmJ8L.jpg,705487,depth,4.5 metre
https://m.media-amazon.com/images/I/613LZMXEFIL.jpg,705487,width,6.5 foot
https://m.media-amazon.com/images/I/613LZMXEFIL.jpg,705487,depth,10.0 foot
https://m.media-amazon.com/images/I/51n7JYYDn9L.jpg,705487,width,8.0 foot
https://m.media-amazon.com/images/I/51aL8ma-EgL.jpg,705487,width,290.0 centimetre
https://m.media-amazon.com/images/I/51w4SwMb-jL.jpg,705487,width,45.72 centimetre
https://m.media-amazon.com/images/I/412W+qXfrGL.jpg,705487,width,300.0 centimetre
https://m.media-amazon.com/images/I/615sXKQn2ZL.jpg,705487,width,3.0 metre
https://m.media-amazon.com/images/I/612-PwIoCkL.jpg,705487,width,2.0 metre
https://m.media-amazon.com/images/I/611SbsBXOtL.jpg,705487,width,3.0 metre
https://m.media-amazon.com/images/I/51LVVnR-1DL.jpg,705487,width,3.0 metre
https://m.media-amazon.com/images/I/51eqORfNAKL.jpg,705487,width,150.0 centimetre
https://m.media-amazon.com/images/I/51sCFs-93EL.jpg,705487,width,6.1 metre
https://m.media-amazon.com/images/I/51y-+vnRjkL.jpg,705487,width,10.0 foot
https://m.media-amazon.com/images/I/51y-+vnRjkL.jpg,705487,depth,10.0 foot
https://m.media-amazon.com/images/I/61EOwAKhGhS.jpg,705487,width,6.5 foot
https://m.media-amazon.com/images/I/61FqNnStY4L.jpg,705487,width,1.0 foot
https://m.media-amazon.com/images/I/611fxlv5K7S.jpg,705487,width,18.0 inch
https://m.media-amazon.com/images/I/6130v75QzkL.jpg,705487,width,3.0 metre
https://m.media-amazon.com/images/I/51qNg0pcb1L.jpg,705487,width,100.0 centimetre
https://m.media-amazon.com/images/I/618yFuwZlPL.jpg,705487,width,3.5 metre
https://m.media-amazon.com/images/I/619yJBCvG5L.jpg,705487,width,215.0 centimetre
https://m.media-amazon.com/images/I/619yJBCvG5L.jpg,705487,depth,400.0 centimetre
https://m.media-amazon.com/images/I/612xYc9AhCS.jpg,705487,width,1.5 metre
https://m.media-amazon.com/images/I/51b-oaNOCXL.jpg,705487,width,50.0 centimetre
https://m.media-amazon.com/images/I/61E6rFpjVFL.jpg,705487,width,160.0 centimetre
https://m.media-amazon.com/images/I/617F5TLd91L.jpg,705487,width,300.0 centimetre
https://m.media-amazon.com/images/I/51N6vXdXIkL.jpg,705487,width,350.0 centimetre
https://m.media-amazon.com/images/I/6105s-pqojL.jpg,705487,width,150.0 centimetre
https://m.media-amazon.com/images/I/6132f6QdG8L.jpg,705487,width,600.0 centimetre
https://m.media-amazon.com/images/I/6149xeBZ7TL.jpg,705487,width,50.0 centimetre
https://m.media-amazon.com/images/I/61Dou28jmVL.jpg,705487,width,13.0 foot
https://m.media-amazon.com/images/I/51GWNIyT5OL.jpg,705487,width,1.0 metre
https://m.media-amazon.com/images/I/51xfDj-7e3L.jpg,705487,width,4.0 metre
https://m.media-amazon.com/images/I/41Fxih2gnYS.jpg,705487,width,140.0 centimetre
https://m.media-amazon.com/images/I/612rD2C7+1L.jpg,705487,width,3.0 metre
https://m.media-amazon.com/images/I/519N4cSUZkL.jpg,705487,width,50.0 centimetre
https://m.media-amazon.com/images/I/51rmxE0lpPS.jpg,705487,width,140.0 centimetre
https://m.media-amazon.com/images/I/51kzx5MLiKS.jpg,705487,width,300.0 centimetre
https://m.media-amazon.com/images/I/41izUfDg7IS.jpg,705487,width,140.0 centimetre
https://m.media-amazon.com/images/I/41tSA+n7hfL.jpg,705487,width,3.0 metre
https://m.media-amazon.com/images/I/51dUqJ0gpRL.jpg,705487,width,138.5 centimetre
https://m.media-amazon.com/images/I/31UE85-UJRL.jpg,705487,width,12.0 foot
https://m.media-amazon.com/images/I/51FIy+KgljL.jpg,705487,width,2.0 metre
https://m.media-amazon.com/images/I/51NSvBTAMtL.jpg,705487,width,2.0 foot
https://m.media-amazon.com/images/I/617YW1K8U4L.jpg,705487,width,85.0 centimetre
https://m.media-amazon.com/images/I/51-BztGXeOL.jpg,705487,width,295.0 centimetre
https://m.media-amazon.com/images/I/51fO9cVaoxL.jpg,705487,width,114.0 inch
https://m.media-amazon.com/images/I/51YhTp4UHoL.jpg,705487,width,4.0 metre
https://m.media-amazon.com/images/I/31Wj-FOSLsL.jpg,705487,width,12.0 foot
https://m.media-amazon.com/images/I/61240uWW5ZL.jpg,705487,width,50.0 centimetre
https://m.media-amazon.com/images/I/51fclcBq9YL.jpg,705487,width,2.0 metre
https://m.media-amazon.com/images/I/41rEqDt45BS.jpg,705487,width,140.0 centimetre
https://m.media-amazon.com/images/I/51hugpBvk6L.jpg,705487,width,3.0 metre
https://m.media-amazon.com/images/I/616wFX1dxQL.jpg,705487,width,20.0 foot
https://m.media-amazon.com/images/I/513uLx6+LEL.jpg,705487,width,50.0 centimetre
https://m.media-amazon.com/images/I/51h9A3zgT6L.jpg,705487,width,40.0 centimetre
https://m.media-amazon.com/images/I/51kx7jqKyqL.jpg,705487,width,50.0 centimetre
https://m.media-amazon.com/images/I/51OXV8GcohL.jpg,705487,width,210.0 centimetre
https://m.media-amazon.com/images/I/610GzhSA3HL.jpg,705487,width,14.5 inch
https://m.media-amazon.com/images/I/51sJ58J8TuL.jpg,705487,width,10.0 foot
https://m.media-amazon.com/images/I/615qRg02q0L.jpg,705487,width,8.0 foot
https://m.media-amazon.com/images/I/51cz4Ckb4lL.jpg,705487,width,3.0 metre
https://m.media-amazon.com/images/I/51cz4Ckb4lL.jpg,705487,depth,3.0 metre
https://m.media-amazon.com/images/I/51F3kENgT3L.jpg,705487,width,34.0 inch
https://m.media-amazon.com/images/I/51M1MXfCFzL.jpg,705487,width,3.0 metre
https://m.media-amazon.com/images/I/614JKflVwiL.jpg,705487,width,2.0 metre
https://m.media-amazon.com/images/I/51zwDRcKuWL.jpg,705487,width,250.0 centimetre
https://m.media-amazon.com/images/I/51MeHg5i1DL.jpg,705487,depth,8.0 metre
https://m.media-amazon.com/images/I/41Z74Js+3AL.jpg,705487,depth,300.0 centimetre
https://m.media-amazon.com/images/I/51-BK6OWrnL.jpg,705487,depth,190.0 centimetre
https://m.media-amazon.com/images/I/61C87NYFbyL.jpg,705487,depth,8.0 foot
https://m.media-amazon.com/images/I/51fHzREocCL.jpg,705487,depth,15.0 foot
https://m.media-amazon.com/images/I/51RgL6zaUOL.jpg,705487,depth,50.0 centimetre
https://m.media-amazon.com/images/I/51EQZX7AMTL.jpg,705487,depth,260.0 centimetre
https://m.media-amazon.com/images/I/51dNLxUiFJL.jpg,705487,depth,3.0 metre
https://m.media-amazon.com/images/I/61CKBQ-W6VL.jpg,705487,depth,5.4 metre
https://m.media-amazon.com/images/I/5139bfQkFCL.jpg,705487,depth,300.0 centimetre
https://m.media-amazon.com/images/I/6134OYZ19EL.jpg,705487,depth,215.0 centimetre
https://m.media-amazon.com/images/I/51adjY0m7KL.jpg,705487,depth,2.5 metre
https://m.media-amazon.com/images/I/517BmR7pRPL.jpg,705487,depth,540.0 centimetre
https://m.media-amazon.com/images/I/51nyxaUid6S.jpg,705487,depth,240.0 centimetre
https://m.media-amazon.com/images/I/51L9COvPSIL.jpg,705487,depth,5.0 metre
https://m.media-amazon.com/images/I/31p5FVZWCbL.jpg,705487,depth,290.0 centimetre
https://m.media-amazon.com/images/I/610hb5rO3nL.jpg,705487,depth,3.0 metre
https://m.media-amazon.com/images/I/51-7Za4GUqL.jpg,705487,depth,500.0 centimetre
https://m.media-amazon.com/images/I/51lSOEoDM1L.jpg,705487,depth,325.0 centimetre
https://m.media-amazon.com/images/I/51WuWQFykOL.jpg,705487,depth,12.0 foot
https://m.media-amazon.com/images/I/51rvU-g856L.jpg,705487,depth,2.3 metre
https://m.media-amazon.com/images/I/51nw3WRz8yL.jpg,705487,depth,9.1 metre
https://m.media-amazon.com/images/I/61DLwMM9u8L.jpg,705487,depth,10.0 foot
https://m.media-amazon.com/images/I/51KJORxijYL.jpg,705487,depth,3.0 metre
https://m.media-amazon.com/images/I/5155qmid41L.jpg,705487,depth,8.0 foot
https://m.media-amazon.com/images/I/51yoy0EapLL.jpg,705487,depth,2.0 metre
https://m.media-amazon.com/images/I/617E3XFMXfL.jpg,705487,depth,3.0 metre
https://m.media-amazon.com/images/I/41lP4CGPHjL.jpg,705487,depth,300.0 centimetre
https://m.media-amazon.com/images/I/61B9Spu1jhL.jpg,705487,depth,400.0 centimetre
https://m.media-amazon.com/images/I/61+-kjTbYYL.jpg,705487,depth,50.0 centimetre
https://m.media-amazon.com/images/I/51LxLhodbCS.jpg,705487,depth,1.0 metre
https://m.media-amazon.com/images/I/61CK7V30hTL.jpg,705487,depth,3.0 metre
https://m.media-amazon.com/images/I/51QDknSRwCL.jpg,705487,depth,50.0 centimetre
https://m.media-amazon.com/images/I/51URWztl4ES.jpg,705487,depth,280.0 centimetre
https://m.media-amazon.com/images/I/519nCvRKSyL.jpg,705487,depth,300.0 centimetre
https://m.media-amazon.com/images/I/51gMignM7ZS.jpg,705487,depth,18.0 inch
https://m.media-amazon.com/images/I/51KOpNxsapL.jpg,705487,depth,210.0 centimetre
https://m.media-amazon.com/images/I/51mt7rKoPSL.jpg,705487,depth,3.0 metre
https://m.media-amazon.com/images/I/51kxNAlkkdL.jpg,705487,depth,2.0 metre
https://m.media-amazon.com/images/I/51HGhd0609L.jpg,705487,depth,1.0 metre
https://m.media-amazon.com/images/I/511HDxYpHVL.jpg,705487,depth,12.0 foot
https://m.media-amazon.com/images/I/61B7MwfQnPL.jpg,705487,depth,300.0 centimetre
https://m.media-amazon.com/images/I/51ruwnqzEaL.jpg,705487,depth,6.0 metre
https://m.media-amazon.com/images/I/619aiVdBzjL.jpg,705487,depth,3.0 metre
https://m.media-amazon.com/images/I/51jlCMb+8bL.jpg,705487,depth,44.0 centimetre
https://m.media-amazon.com/images/I/613mHBVaQCL.jpg,705487,depth,3.0 metre
https://m.media-amazon.com/images/I/51dzstlse4L.jpg,705487,depth,300.0 centimetre
https://m.media-amazon.com/images/I/61Ao5JKKvYL.jpg,705487,depth,2.0 metre
https://m.media-amazon.com/images/I/61BV1fOSohL.jpg,705487,depth,4.0 metre
https://m.media-amazon.com/images/I/51cQNOkAMjL.jpg,705487,depth,3.0 metre
https://m.media-amazon.com/images/I/51fFTc7oKDL.jpg,705487,depth,10.0 metre
https://m.media-amazon.com/images/I/515vjrgOaKL.jpg,705487,depth,3.0 metre
https://m.media-amazon.com/images/I/51zpIIzDnJL.jpg,705487,depth,300.0 centimetre
https://m.media-amazon.com/images/I/618DxwWAArL.jpg,705487,depth,7.0 metre
https://m.media-amazon.com/images/I/416u6jZfr-L.jpg,705487,depth,3.0 metre
https://m.media-amazon.com/images/I/512Z5huA9yL.jpg,705487,depth,4.0 metre
https://m.media-amazon.com/images/I/51R1Ooo0LvL.jpg,705487,depth,9.0 foot
https://m.media-amazon.com/images/I/61BBtu1-TCL.jpg,705487,depth,9.0 foot
https://m.media-amazon.com/images/I/61G3PTV4kmL.jpg,705487,depth,50.0 centimetre
https://m.media-amazon.com/images/I/518z5JSpPQL.jpg,705487,depth,3.0 metre
https://m.media-amazon.com/images/I/51Q4-7FBiKL.jpg,705487,depth,30.0 foot
https://m.media-amazon.com/images/I/51itXVOMNoL.jpg,705487,depth,250.0 centimetre
https://m.media-amazon.com/images/I/51xsY6ukwJL.jpg,705487,depth,3.0 metre
https://m.media-amazon.com/images/I/51cKwznGGaL.jpg,705487,depth,3.0 metre
https://m.media-amazon.com/images/I/51bOMNS7u0L.jpg,705487,depth,15.0 foot
https://m.media-amazon.com/images/I/41Iz8hYePzL.jpg,705487,depth,240.0 centimetre
https://m.media-amazon.com/images/I/516TceHR2cL.jpg,705487,depth,2.0 metre
https://m.media-amazon.com/images/I/516ZtHP21gL.jpg,705487,depth,206.0 inch
https://m.media-amazon.com/images/I/51ZA66kVr-L.jpg,705487,depth,94.5 inch
https://m.media-amazon.com/images/I/61-qh-28TLL.jpg,705487,depth,5.0 metre
https://m.media-amazon.com/images/I/6129vhDoFWL.jpg,705487,depth,195.0 centimetre
https://m.media-amazon.com/images/I/6187fp+8AiL.jpg,705487,depth,6.0 metre
https://m.media-amazon.com/images/I/61+YBrrZf0L.jpg,705487,depth,19.0 inch
https://m.media-amazon.com/images/I/513GU+sO0eL.jpg,705487,depth,100.0 centimetre
https://m.media-amazon.com/images/I/51OWcROYuiL.jpg,705487,depth,1.0 metre
https://m.media-amazon.com/images/I/612xXDLPxSL.jpg,705487,depth,10.0 metre
https://m.media-amazon.com/images/I/51+Wky7hYpL.jpg,705487,depth,300.0 centimetre
https://m.media-amazon.com/images/I/51+Rscio1NL.jpg,705487,depth,350.0 centimetre
https://m.media-amazon.com/images/I/612TcADpBTL.jpg,705487,depth,50.0 centimetre
https://m.media-amazon.com/images/I/51YFPKzxIeL.jpg,705487,depth,600.0 centimetre
https://m.media-amazon.com/images/I/51U8gJ4S-PL.jpg,705487,depth,10.0 foot
https://m.media-amazon.com/images/I/51UwquShh8L.jpg,705487,depth,4.5 metre
https://m.media-amazon.com/images/I/616OyIocq6L.jpg,705487,depth,55.0 foot
https://m.media-amazon.com/images/I/615SE+VaMiL.jpg,705487,depth,4.5 metre
https://m.media-amazon.com/images/I/6182894w85L.jpg,705487,depth,176.0 centimetre
https://m.media-amazon.com/images/I/61BzrI-k2YL.jpg,705487,depth,244.0 centimetre
https://m.media-amazon.com/images/I/51yZQSediqL.jpg,705487,depth,3.0 metre
https://m.media-amazon.com/images/I/51PV27G9LqL.jpg,705487,depth,12.0 metre
https://m.media-amazon.com/images/I/51GmMThoQrL.jpg,705487,depth,500.0 centimetre
https://m.media-amazon.com/images/I/613ea5dMjaL.jpg,705487,depth,3.6 metre
https://m.media-amazon.com/images/I/51hv6RuZ0BL.jpg,705487,depth,4.0 metre
https://m.media-amazon.com/images/I/51+OazmTL2L.jpg,705487,depth,6.1 metre
https://m.media-amazon.com/images/I/61E++EQP7gL.jpg,705487,depth,300.0 centimetre
https://m.media-amazon.com/images/I/51HeXkJkTdL.jpg,705487,depth,14.7 foot
https://m.media-amazon.com/images/I/61AxxmXI8dL.jpg,705487,depth,270.0 centimetre
https://m.media-amazon.com/images/I/41sYJhLobWL.jpg,705487,depth,3.0 metre
https://m.media-amazon.com/images/I/614vRkyGPhL.jpg,705487,depth,7.6 metre
https://m.media-amazon.com/images/I/51sW9xIMRtL.jpg,705487,depth,2.0 metre
https://m.media-amazon.com/images/I/61-aHVaBdhL.jpg,705487,depth,27.0 foot
https://m.media-amazon.com/images/I/61C4TrZ+wdL.jpg,705487,depth,25.0 foot
https://m.media-amazon.com/images/I/51UnwLFgaEL.jpg,705487,depth,3.6 metre
https://m.media-amazon.com/images/I/51cOcksXLxL.jpg,705487,depth,600.0 centimetre
https://m.media-amazon.com/images/I/612YvaliMML.jpg,705487,depth,295.05 centimetre
https://m.media-amazon.com/images/I/613D8ZDh-VL.jpg,705487,depth,2.15 metre
