image_link,group_id,entity_name,entity_value
https://m.media-amazon.com/images/I/61Evx1TVmxL.jpg,408581,width,9.0 centimetre
https://m.media-amazon.com/images/I/61Evx1TVmxL.jpg,408581,height,20.5 centimetre
https://m.media-amazon.com/images/I/51JVXXVAIUL.jpg,408581,width,3.1 inch
https://m.media-amazon.com/images/I/51B3mNYcj-L.jpg,408581,height,19.0 centimetre
https://m.media-amazon.com/images/I/614FuZ-xRNL.jpg,408581,width,19.0 centimetre
https://m.media-amazon.com/images/I/616chGMwfnL.jpg,408581,width,7.0 centimetre
https://m.media-amazon.com/images/I/619YaFE3knL.jpg,408581,width,10.0 inch
https://m.media-amazon.com/images/I/619YaFE3knL.jpg,408581,height,30.0 centimetre
https://m.media-amazon.com/images/I/61BBP4XH59L.jpg,408581,width,9.3 centimetre
https://m.media-amazon.com/images/I/618l+nVsOIL.jpg,408581,width,3.5 inch
https://m.media-amazon.com/images/I/618l+nVsOIL.jpg,408581,depth,3.5 inch
https://m.media-amazon.com/images/I/618l+nVsOIL.jpg,408581,height,4.5 inch
https://m.media-amazon.com/images/I/51Ch8qIltcL.jpg,408581,width,65.0 millimetre
https://m.media-amazon.com/images/I/51Ch8qIltcL.jpg,408581,depth,80.0 millimetre
https://m.media-amazon.com/images/I/51Ch8qIltcL.jpg,408581,height,125.0 millimetre
https://m.media-amazon.com/images/I/51lUjt5cIDL.jpg,408581,depth,245.0 millimetre
https://m.media-amazon.com/images/I/618sYerbg8L.jpg,408581,depth,31.0 inch
https://m.media-amazon.com/images/I/61EdRXxbvsS.jpg,408581,depth,31.5 centimetre
https://m.media-amazon.com/images/I/61478zONZWL.jpg,408581,depth,9.8 centimetre
https://m.media-amazon.com/images/I/61DpCAhFq6L.jpg,408581,depth,3.0 inch
https://m.media-amazon.com/images/I/51RD0U34TkL.jpg,408581,depth,80.0 centimetre
https://m.media-amazon.com/images/I/41XhOumb+rL.jpg,408581,depth,11.94 inch
https://m.media-amazon.com/images/I/6166C8OvUvL.jpg,408581,depth,55.0 millimetre
https://m.media-amazon.com/images/I/613qlYSs6CL.jpg,408581,depth,3.5 inch
https://m.media-amazon.com/images/I/614853YnGfS.jpg,408581,depth,620.0 millimetre
https://m.media-amazon.com/images/I/51YoKzSxQPL.jpg,408581,depth,9.5 centimetre
https://m.media-amazon.com/images/I/61EV5WoqXlL.jpg,408581,depth,17.1 centimetre
https://m.media-amazon.com/images/I/61EB49nktdL.jpg,408581,depth,20.0 centimetre
https://m.media-amazon.com/images/I/618JHtZ0RDL.jpg,408581,depth,18.0 centimetre
https://m.media-amazon.com/images/I/618JHtZ0RDL.jpg,408581,height,23.0 centimetre
https://m.media-amazon.com/images/I/51KAOhVNC-L.jpg,408581,height,16.5 centimetre
https://m.media-amazon.com/images/I/617PN9iylNL.jpg,408581,height,30.0 centimetre
https://m.media-amazon.com/images/I/61CwpvQvgZL.jpg,408581,height,23.7 centimetre
https://m.media-amazon.com/images/I/61+x6dG3ZgL.jpg,408581,height,31.0 inch
https://m.media-amazon.com/images/I/617Y0CZk3VL.jpg,408581,height,4.3 inch
https://m.media-amazon.com/images/I/6175btfKsnL.jpg,408581,height,23.8 centimetre
https://m.media-amazon.com/images/I/618hNlxQmjL.jpg,408581,height,49.0 inch
https://m.media-amazon.com/images/I/61+hnv7Xk4L.jpg,408581,height,23.8 centimetre
https://m.media-amazon.com/images/I/611Te1s6E1L.jpg,408581,height,15.0 centimetre
https://m.media-amazon.com/images/I/618be5f6vEL.jpg,408581,height,175.0 millimetre
https://m.media-amazon.com/images/I/51KauVZZLcL.jpg,408581,height,14.0 centimetre
https://m.media-amazon.com/images/I/610czoIbBYL.jpg,408581,height,1.0 foot
https://m.media-amazon.com/images/I/51hEro4I5zL.jpg,408581,height,22.5 centimetre
https://m.media-amazon.com/images/I/61DLHWEfmFL.jpg,408581,height,27.0 centimetre
