image_link,group_id,entity_name,entity_value
https://m.media-amazon.com/images/I/71FHhmPULRL.jpg,686198,item_weight,16.0 ounce
https://m.media-amazon.com/images/I/71y3-FlAcVL.jpg,686198,item_weight,1.0 gram
https://m.media-amazon.com/images/I/71lR0703+hL.jpg,686198,item_weight,250.0 gram
https://m.media-amazon.com/images/I/71SXR5WZ2zL.jpg,686198,item_weight,5010.0 ounce
https://m.media-amazon.com/images/I/91UF0TaYBOL.jpg,686198,item_weight,12.0 ounce
https://m.media-amazon.com/images/I/710PbR37dwL.jpg,686198,item_weight,730.0 gram
https://m.media-amazon.com/images/I/81tl+IpuOEL.jpg,686198,item_weight,16.0 ounce
https://m.media-amazon.com/images/I/81bkOQSg7xL.jpg,686198,item_weight,16.0 ounce
https://m.media-amazon.com/images/I/71wsDLMmmsL.jpg,686198,item_weight,3.0 ounce
https://m.media-amazon.com/images/I/81rl3Ht9qcL.jpg,686198,item_weight,400.0 gram
https://m.media-amazon.com/images/I/81wjkD80I0L.jpg,686198,item_weight,30.0 gram
https://m.media-amazon.com/images/I/71xyvLyC94L.jpg,686198,item_weight,2.0 ounce
https://m.media-amazon.com/images/I/61eaQgTGk6L.jpg,686198,item_weight,16.0 ounce
https://m.media-amazon.com/images/I/91+SnRf7omL.jpg,686198,item_weight,5.0 gram
https://m.media-amazon.com/images/I/61YcomWeQxL.jpg,686198,item_weight,12.0 ounce
https://m.media-amazon.com/images/I/81s+L7RJRnL.jpg,686198,item_weight,0.0 gram
https://m.media-amazon.com/images/I/81QzgfL8V0L.jpg,686198,item_weight,168.0 gram
https://m.media-amazon.com/images/I/71jz7Qo0iDL.jpg,686198,item_weight,168.0 gram
https://m.media-amazon.com/images/I/41np-xHhyUL.jpg,686198,item_weight,4.6 gram
https://m.media-amazon.com/images/I/81iqzEtbzdL.jpg,686198,item_weight,400.0 gram
https://m.media-amazon.com/images/I/81-6YBS4DLL.jpg,686198,item_weight,16.0 ounce
https://m.media-amazon.com/images/I/51vYpbSKI6L.jpg,686198,item_weight,350.0 gram
https://m.media-amazon.com/images/I/6152erhk3MS.jpg,686198,item_weight,1.5 kilogram
https://m.media-amazon.com/images/I/81KxaQhKDSL.jpg,686198,item_weight,5.0 pound
https://m.media-amazon.com/images/I/81HsaRFLPQL.jpg,686198,item_weight,16.0 ounce
https://m.media-amazon.com/images/I/81g+bPMBBgL.jpg,686198,item_weight,"[15.0, 16.0] ounce"
https://m.media-amazon.com/images/I/71aazQakKiL.jpg,686198,item_weight,400.0 gram
https://m.media-amazon.com/images/I/61-gb4Z+7LL.jpg,686198,item_weight,260.0 gram
https://m.media-amazon.com/images/I/61YZTtPMaHL.jpg,686198,item_weight,350.0 gram
https://m.media-amazon.com/images/I/81fKyrndrJL.jpg,686198,item_weight,1.0 ounce
https://m.media-amazon.com/images/I/71tGozZyQIL.jpg,686198,item_weight,16.0 gram
https://m.media-amazon.com/images/I/71WfI4gRc1L.jpg,686198,item_weight,16.0 gram
https://m.media-amazon.com/images/I/71mqlYBsGdL.jpg,686198,item_weight,8.0 gram
https://m.media-amazon.com/images/I/61uQUqDg2yL.jpg,686198,item_weight,350.0 gram
https://m.media-amazon.com/images/I/81EaER70bqL.jpg,686198,item_weight,1.0 gram
https://m.media-amazon.com/images/I/71T+DqmUqwL.jpg,686198,item_weight,1.0 ounce
https://m.media-amazon.com/images/I/71QhQc+uwHL.jpg,686198,item_weight,16.0 ounce
https://m.media-amazon.com/images/I/51mNF9AD-wL.jpg,686198,item_weight,350.0 gram
https://m.media-amazon.com/images/I/61UMv2BzocL.jpg,686198,item_weight,0.617 kilogram
https://m.media-amazon.com/images/I/81auoNtv+sL.jpg,686198,item_weight,"[14.0, 16.0] ounce"
https://m.media-amazon.com/images/I/71+50XlK3RS.jpg,686198,item_weight,25.0 gram
https://m.media-amazon.com/images/I/61ErX6TV4KL.jpg,686198,item_weight,9.0 gram
https://m.media-amazon.com/images/I/714WIZ33gkL.jpg,686198,item_weight,400.0 gram
https://m.media-amazon.com/images/I/71GJxl9l-uL.jpg,686198,item_weight,168.0 gram
https://m.media-amazon.com/images/I/71eaD+r1n7L.jpg,686198,item_weight,400.0 gram
https://m.media-amazon.com/images/I/81vygPNSORL.jpg,686198,item_weight,16.0 ounce
https://m.media-amazon.com/images/I/61IIlQzPGWL.jpg,686198,item_weight,50.0 gram
https://m.media-amazon.com/images/I/6197Z9j66ML.jpg,686198,item_weight,50.0 gram
https://m.media-amazon.com/images/I/81ilq6IIRGL.jpg,686198,item_weight,2.0 pound
https://m.media-amazon.com/images/I/61hJcJsJ+DL.jpg,686198,item_weight,16.0 ounce
