image_link,group_id,entity_name,entity_value
https://m.media-amazon.com/images/I/61-8rzKACXL.jpg,261553,width,7.47 inch
https://m.media-amazon.com/images/I/51k1i6+X7cL.jpg,261553,width,30.0 centimetre
https://m.media-amazon.com/images/I/51oRWghoYTL.jpg,261553,width,10.0 inch
https://m.media-amazon.com/images/I/51FVvyRW9lL.jpg,261553,width,25.0 centimetre
https://m.media-amazon.com/images/I/51JMKWi1q2L.jpg,261553,width,22.0 centimetre
https://m.media-amazon.com/images/I/61-u+RbbMNL.jpg,261553,width,19.0 centimetre
https://m.media-amazon.com/images/I/51uyXB9qGdL.jpg,261553,width,40.0 centimetre
https://m.media-amazon.com/images/I/613xaj+icsL.jpg,261553,width,22.0 inch
https://m.media-amazon.com/images/I/61B7cd+021L.jpg,261553,width,50.0 centimetre
https://m.media-amazon.com/images/I/41p-qRNv5GL.jpg,261553,width,300.0 millimetre
https://m.media-amazon.com/images/I/613iM75nYGL.jpg,261553,width,65.0 centimetre
https://m.media-amazon.com/images/I/4192sEPfFPL.jpg,261553,width,93.0 centimetre
https://m.media-amazon.com/images/I/61D68CElvfL.jpg,261553,width,19.5 centimetre
https://m.media-amazon.com/images/I/615D8QP9A9L.jpg,261553,width,50.0 centimetre
https://m.media-amazon.com/images/I/51+aFlUjRqL.jpg,261553,width,35.0 centimetre
https://m.media-amazon.com/images/I/51Vfl4DzNdL.jpg,261553,width,14.0 centimetre
https://m.media-amazon.com/images/I/619I0xBPs0L.jpg,261553,width,23.0 centimetre
https://m.media-amazon.com/images/I/612+dJEWykL.jpg,261553,width,100.0 centimetre
https://m.media-amazon.com/images/I/51Lr1wNqxSL.jpg,261553,width,41.0 centimetre
https://m.media-amazon.com/images/I/61BwbRxOSuL.jpg,261553,width,26.0 centimetre
https://m.media-amazon.com/images/I/51lwNOtU6iL.jpg,261553,width,30.0 centimetre
https://m.media-amazon.com/images/I/51IGNHy9RQL.jpg,261553,width,20.0 centimetre
https://m.media-amazon.com/images/I/413gxbU7gRL.jpg,261553,width,3.9 inch
https://m.media-amazon.com/images/I/618CMfFbueL.jpg,261553,width,30.0 centimetre
https://m.media-amazon.com/images/I/61EixFkUrwL.jpg,261553,width,20.0 centimetre
https://m.media-amazon.com/images/I/61C1nvh7CiL.jpg,261553,width,45.0 centimetre
https://m.media-amazon.com/images/I/61GC2tj3YZS.jpg,261553,width,13.0 inch
https://m.media-amazon.com/images/I/4120dl3iQwL.jpg,261553,width,15.0 centimetre
https://m.media-amazon.com/images/I/61A0BCrxIZL.jpg,261553,width,42.0 centimetre
https://m.media-amazon.com/images/I/61CbO0e9x1L.jpg,261553,width,34.5 centimetre
https://m.media-amazon.com/images/I/61BWh1vXwwL.jpg,261553,width,40.0 centimetre
https://m.media-amazon.com/images/I/61BWh1vXwwL.jpg,261553,height,55.0 centimetre
https://m.media-amazon.com/images/I/61FBUz2CI5L.jpg,261553,width,15.0 inch
https://m.media-amazon.com/images/I/61-PttPnjML.jpg,261553,width,32.0 centimetre
https://m.media-amazon.com/images/I/6145Ur01OGL.jpg,261553,width,23.0 centimetre
https://m.media-amazon.com/images/I/614cfilKclL.jpg,261553,width,4.0 inch
https://m.media-amazon.com/images/I/41k5lr3KCqL.jpg,261553,width,30.0 centimetre
https://m.media-amazon.com/images/I/51nLesLT8WL.jpg,261553,width,13.38 inch
https://m.media-amazon.com/images/I/61BqisSnE-L.jpg,261553,width,30.0 centimetre
https://m.media-amazon.com/images/I/61Fi-O5l3iL.jpg,261553,width,40.0 centimetre
https://m.media-amazon.com/images/I/617HKh974cS.jpg,261553,width,11.8 inch
https://m.media-amazon.com/images/I/617HKh974cS.jpg,261553,height,11.8 inch
https://m.media-amazon.com/images/I/51vCTVQI0IL.jpg,261553,width,20.0 centimetre
https://m.media-amazon.com/images/I/617TxkSJx9L.jpg,261553,width,11.88 inch
https://m.media-amazon.com/images/I/61CE3H0CJkL.jpg,261553,width,30.0 centimetre
https://m.media-amazon.com/images/I/61-S0xT9LbL.jpg,261553,width,50.0 centimetre
https://m.media-amazon.com/images/I/61-S0xT9LbL.jpg,261553,height,50.0 centimetre
https://m.media-amazon.com/images/I/616GeZ0kQGL.jpg,261553,width,50.0 centimetre
https://m.media-amazon.com/images/I/61-BJK6MwIL.jpg,261553,width,35.0 centimetre
https://m.media-amazon.com/images/I/51WZGDTcgxL.jpg,261553,width,29.0 centimetre
https://m.media-amazon.com/images/I/41Dkl1EWYlS.jpg,261553,width,13.7 inch
https://m.media-amazon.com/images/I/31ckttBUVSL.jpg,261553,width,35.0 centimetre
https://m.media-amazon.com/images/I/51aKZtaIXYL.jpg,261553,width,20.0 centimetre
https://m.media-amazon.com/images/I/51cZC4c7fgL.jpg,261553,width,30.0 centimetre
https://m.media-amazon.com/images/I/51VBjb3KVmL.jpg,261553,width,30.0 centimetre
https://m.media-amazon.com/images/I/51VBjb3KVmL.jpg,261553,height,27.0 centimetre
https://m.media-amazon.com/images/I/51TaXagiykL.jpg,261553,width,20.0 centimetre
https://m.media-amazon.com/images/I/51oqA5SNKnL.jpg,261553,width,32.0 inch
https://m.media-amazon.com/images/I/61DN6yOuVQL.jpg,261553,width,27.0 centimetre
https://m.media-amazon.com/images/I/516oE4OABIL.jpg,261553,width,19.0 centimetre
https://m.media-amazon.com/images/I/613YWnJNAWL.jpg,261553,width,35.0 centimetre
https://m.media-amazon.com/images/I/61D1DzclJyL.jpg,261553,width,14.0 inch
https://m.media-amazon.com/images/I/51UgY6rsp8L.jpg,261553,height,21.0 centimetre
https://m.media-amazon.com/images/I/51WxjcNCjSL.jpg,261553,height,15.7 inch
https://m.media-amazon.com/images/I/51dhB7qmiML.jpg,261553,height,12.0 inch
https://m.media-amazon.com/images/I/61-XU9zb+fL.jpg,261553,height,30.0 centimetre
https://m.media-amazon.com/images/I/61AxJniGGfL.jpg,261553,height,30.0 centimetre
https://m.media-amazon.com/images/I/510ZKQcBflL.jpg,261553,height,25.0 centimetre
https://m.media-amazon.com/images/I/41D5isniaIL.jpg,261553,height,11.88 inch
https://m.media-amazon.com/images/I/6106k28qOML.jpg,261553,height,35.0 centimetre
https://m.media-amazon.com/images/I/51z0N7fUXsL.jpg,261553,height,30.0 centimetre
https://m.media-amazon.com/images/I/5108GYkMp5L.jpg,261553,height,25.0 centimetre
https://m.media-amazon.com/images/I/513z+ViyrML.jpg,261553,height,18.0 centimetre
https://m.media-amazon.com/images/I/61CKoWhyS7L.jpg,261553,height,50.0 centimetre
https://m.media-amazon.com/images/I/616ycWihs8L.jpg,261553,height,23.0 centimetre
https://m.media-amazon.com/images/I/61A7X53l0EL.jpg,261553,height,63.0 centimetre
https://m.media-amazon.com/images/I/61Ekm9O-tzL.jpg,261553,height,9.8 inch
https://m.media-amazon.com/images/I/619rVNtjd9L.jpg,261553,height,40.0 centimetre
https://m.media-amazon.com/images/I/51zt-pL6lwL.jpg,261553,height,7.48 inch
https://m.media-amazon.com/images/I/51VihvtTz-S.jpg,261553,height,40.0 centimetre
https://m.media-amazon.com/images/I/51nhvlZndyS.jpg,261553,height,7.8 inch
https://m.media-amazon.com/images/I/617O0JcTEuL.jpg,261553,height,30.0 centimetre
https://m.media-amazon.com/images/I/41RlJW-YUDL.jpg,261553,height,11.8 inch
https://m.media-amazon.com/images/I/615Ktu22T-L.jpg,261553,height,55.0 centimetre
https://m.media-amazon.com/images/I/51tP+z8zE3L.jpg,261553,height,16.0 inch
https://m.media-amazon.com/images/I/41O7NUklifL.jpg,261553,height,26.8 inch
https://m.media-amazon.com/images/I/61+BOvHKHGL.jpg,261553,height,8.6 inch
https://m.media-amazon.com/images/I/6117UCbeN7L.jpg,261553,height,16.0 centimetre
https://m.media-amazon.com/images/I/6190tVjZLeL.jpg,261553,height,40.64 centimetre
https://m.media-amazon.com/images/I/512SeV8KwKL.jpg,261553,height,13.8 inch
https://m.media-amazon.com/images/I/618vx7zk3AL.jpg,261553,height,33.4 inch
https://m.media-amazon.com/images/I/6163rBohwQL.jpg,261553,height,9.8 inch
https://m.media-amazon.com/images/I/51eFxpEdZbL.jpg,261553,height,14.0 inch
https://m.media-amazon.com/images/I/61+w9zR0-PL.jpg,261553,height,12.9 inch
https://m.media-amazon.com/images/I/51vJq2jWiDL.jpg,261553,height,20.0 centimetre
https://m.media-amazon.com/images/I/619wF04wI9L.jpg,261553,height,38.0 centimetre
https://m.media-amazon.com/images/I/6132NZJ0vWL.jpg,261553,height,26.0 centimetre
https://m.media-amazon.com/images/I/615KVY-1BRL.jpg,261553,height,40.0 centimetre
https://m.media-amazon.com/images/I/51Wkf0z4THL.jpg,261553,height,25.0 centimetre
https://m.media-amazon.com/images/I/514qtZKoF4L.jpg,261553,height,35.43 inch
https://m.media-amazon.com/images/I/616-pgQaoML.jpg,261553,height,15.7 inch
https://m.media-amazon.com/images/I/618ai0eiGtL.jpg,261553,height,10.0 inch
https://m.media-amazon.com/images/I/51gy56R75LL.jpg,261553,height,10.0 centimetre
https://m.media-amazon.com/images/I/61GCI8eR6QL.jpg,261553,height,12.0 centimetre
https://m.media-amazon.com/images/I/51cvLTvsC7L.jpg,261553,height,15.0 centimetre
https://m.media-amazon.com/images/I/51GFKHvQnGL.jpg,261553,height,11.8 inch
https://m.media-amazon.com/images/I/615a5KfxFEL.jpg,261553,height,66.9 inch
https://m.media-amazon.com/images/I/61CZQ0mYOKL.jpg,261553,height,40.0 centimetre
https://m.media-amazon.com/images/I/6176VXN7XDS.jpg,261553,height,40.0 centimetre
https://m.media-amazon.com/images/I/518NqKpa9eS.jpg,261553,height,30.0 centimetre
https://m.media-amazon.com/images/I/614OX06NnOL.jpg,261553,height,15.0 inch
https://m.media-amazon.com/images/I/5100ZCV2XzL.jpg,261553,height,1.5 inch
https://m.media-amazon.com/images/I/41qMi0DZT2L.jpg,261553,height,35.0 centimetre
https://m.media-amazon.com/images/I/613qagEbHjL.jpg,261553,height,22.0 inch
https://m.media-amazon.com/images/I/6100W-kBerL.jpg,261553,height,90.0 centimetre
https://m.media-amazon.com/images/I/51QD0qmjdCS.jpg,261553,height,68.0 inch
https://m.media-amazon.com/images/I/51hG40M7sNL.jpg,261553,height,20.4 inch
https://m.media-amazon.com/images/I/617BMUuUBKL.jpg,261553,height,50.0 centimetre
https://m.media-amazon.com/images/I/51QsMSUmS9L.jpg,261553,height,16.0 centimetre
https://m.media-amazon.com/images/I/514NvvKSc1L.jpg,261553,height,13.8 inch
https://m.media-amazon.com/images/I/615y-8B-lOL.jpg,261553,height,35.0 centimetre
https://m.media-amazon.com/images/I/51HlmXvp5jL.jpg,261553,height,31.0 centimetre
https://m.media-amazon.com/images/I/51f7QfSw7aL.jpg,261553,height,45.0 centimetre
https://m.media-amazon.com/images/I/614Qnf5aO8L.jpg,261553,height,12.9 inch
