image_link,group_id,entity_name,entity_value
https://m.media-amazon.com/images/I/61Kzp6mUyDL.jpg,140266,voltage,230.0 volt
https://m.media-amazon.com/images/I/71GplQHvFHL.jpg,140266,voltage,5.0 volt
https://m.media-amazon.com/images/I/715++LcNseL.jpg,140266,item_weight,96.5 gram
https://m.media-amazon.com/images/I/61hVqzMDJEL.jpg,140266,item_weight,4.0 gram
https://m.media-amazon.com/images/I/51SQ+ivMx1L.jpg,140266,voltage,110.0 volt
https://m.media-amazon.com/images/I/51ZOmcxhTyL.jpg,140266,item_weight,20.0 gram
https://m.media-amazon.com/images/I/61I4iI4gbWL.jpg,140266,item_weight,20.0 gram
https://m.media-amazon.com/images/I/71Vd50ZeISL.jpg,140266,item_weight,1.8 kilogram
https://m.media-amazon.com/images/I/71joTTOy8YL.jpg,140266,voltage,"[100.0, 240.0] volt"
https://m.media-amazon.com/images/I/618M03DWBqL.jpg,140266,item_weight,10.2 kilogram
https://m.media-amazon.com/images/I/71tIv4V-RdL.jpg,140266,voltage,250.0 volt
https://m.media-amazon.com/images/I/71Z0fe1-HWL.jpg,140266,voltage,3.7 volt
https://m.media-amazon.com/images/I/7148Z5ve9DL.jpg,140266,voltage,"[90.0, 130.0] volt"
https://m.media-amazon.com/images/I/811Xar+n+OL.jpg,140266,item_weight,170.0 gram
https://m.media-amazon.com/images/I/713z-9xCtCL.jpg,140266,voltage,5.0 volt
https://m.media-amazon.com/images/I/71zEEA2HlNL.jpg,140266,voltage,5.0 volt
https://m.media-amazon.com/images/I/61p0CPwCkhL.jpg,140266,voltage,12.0 volt
https://m.media-amazon.com/images/I/71pJln9IcCL.jpg,140266,voltage,"[110.0, 130.0] volt"
https://m.media-amazon.com/images/I/71FGCsbdi2L.jpg,140266,voltage,"[110.0, 130.0] volt"
https://m.media-amazon.com/images/I/715NMxgUj0L.jpg,140266,voltage,"[86.0, 130.0] volt"
https://m.media-amazon.com/images/I/71atriV6VuL.jpg,140266,item_weight,316.0 gram
https://m.media-amazon.com/images/I/613KMzbiBqL.jpg,140266,voltage,"[5.5, 8.4] volt"
https://m.media-amazon.com/images/I/61Jq9Pr1oVL.jpg,140266,voltage,"[87.0, 240.0] volt"
https://m.media-amazon.com/images/I/51FcrR4aHfL.jpg,140266,item_weight,18304.0 gram
https://m.media-amazon.com/images/I/81WLSoytfAS.jpg,140266,voltage,"[85.0, 265.0] volt"
https://m.media-amazon.com/images/I/71q4AmYnpPS.jpg,140266,item_weight,258.0 gram
https://m.media-amazon.com/images/I/81VVcAIjc4L.jpg,140266,item_weight,68.0 pound
https://m.media-amazon.com/images/I/61q187Yn8OL.jpg,140266,voltage,5.0 volt
https://m.media-amazon.com/images/I/61oEdZgg6WL.jpg,140266,voltage,3.7 volt
https://m.media-amazon.com/images/I/71zqt9eJcKL.jpg,140266,voltage,5.0 volt
https://m.media-amazon.com/images/I/71q4JLRxz+L.jpg,140266,voltage,5.0 volt
https://m.media-amazon.com/images/I/71xgWLCsY-L.jpg,140266,voltage,5.0 volt
https://m.media-amazon.com/images/I/71ZZbYCd3VL.jpg,140266,item_weight,1.0 pound
https://m.media-amazon.com/images/I/71UwUK7G5nL.jpg,140266,voltage,230.0 volt
https://m.media-amazon.com/images/I/813MIO9FGIL.jpg,140266,voltage,5.0 volt
https://m.media-amazon.com/images/I/81ptyVYXNRL.jpg,140266,voltage,5.0 volt
https://m.media-amazon.com/images/I/71r4qwg4cTL.jpg,140266,voltage,5.0 volt
https://m.media-amazon.com/images/I/81E48syOhML.jpg,140266,voltage,5.0 volt
https://m.media-amazon.com/images/I/71mFj7zfdML.jpg,140266,voltage,5.0 volt
https://m.media-amazon.com/images/I/81-hc7rdtpL.jpg,140266,voltage,5.0 volt
https://m.media-amazon.com/images/I/61fu-dJ5hfL.jpg,140266,voltage,5.0 volt
https://m.media-amazon.com/images/I/51TgYJT7x+L.jpg,140266,depth,40.0 millimetre
https://m.media-amazon.com/images/I/71iIr9GeQwL.jpg,140266,voltage,"[100.0, 240.0] volt"
https://m.media-amazon.com/images/I/61FnFv03-2L.jpg,140266,voltage,3.0 volt
https://m.media-amazon.com/images/I/612AFQF2gpL.jpg,140266,voltage,"[220.0, 240.0] volt"
https://m.media-amazon.com/images/I/71qGO+ehuIL.jpg,140266,voltage,"[220.0, 240.0] volt"
https://m.media-amazon.com/images/I/61XieFh1rXL.jpg,140266,voltage,4.9 volt
https://m.media-amazon.com/images/I/51--yLkmhSL.jpg,140266,voltage,"[90.0, 240.0] volt"
https://m.media-amazon.com/images/I/718csyJwunL.jpg,140266,voltage,250.0 volt
https://m.media-amazon.com/images/I/61mz3ZPc-6L.jpg,140266,voltage,250.0 volt
https://m.media-amazon.com/images/I/71oSLES1acS.jpg,140266,item_weight,891.0 gram
https://m.media-amazon.com/images/I/61Y1TrB5KXL.jpg,140266,voltage,"[110.0, 220.0] volt"
https://m.media-amazon.com/images/I/61iIO5RptiL.jpg,140266,item_weight,90.0 gram
https://m.media-amazon.com/images/I/61ug5YYD7+L.jpg,140266,voltage,"[110.0, 250.0] volt"
https://m.media-amazon.com/images/I/71Fx4Jhb2yL.jpg,140266,voltage,"[100.0, 240.0] volt"
https://m.media-amazon.com/images/I/71+fyA3gmUL.jpg,140266,voltage,"[100.0, 240.0] volt"
https://m.media-amazon.com/images/I/71UNsSWOWSL.jpg,140266,voltage,"[90.0, 132.0] volt"
https://m.media-amazon.com/images/I/61sNoO7pktL.jpg,140266,voltage,20.0 volt
https://m.media-amazon.com/images/I/71rzP9zhCFL.jpg,140266,voltage,"[15.0, 21.0] volt"
https://m.media-amazon.com/images/I/71fIyaH3dvL.jpg,140266,voltage,20.0 volt
https://m.media-amazon.com/images/I/71-1lAhWAWL.jpg,140266,voltage,20.0 volt
https://m.media-amazon.com/images/I/61MXEN9lgSL.jpg,140266,voltage,20.0 volt
https://m.media-amazon.com/images/I/71jU7aITwlL.jpg,140266,voltage,20.0 volt
https://m.media-amazon.com/images/I/61hh4bSIw8L.jpg,140266,voltage,"[9.0, 36.0] volt"
https://m.media-amazon.com/images/I/61vQc2iIp9L.jpg,140266,item_weight,3.55 kilogram
https://m.media-amazon.com/images/I/61Xa2--hwSL.jpg,140266,voltage,12.0 volt
https://m.media-amazon.com/images/I/71Vk1SSoHkL.jpg,140266,voltage,5.0 volt
https://m.media-amazon.com/images/I/61KZ1J-QnuL.jpg,140266,voltage,5.0 volt
https://m.media-amazon.com/images/I/41peR1EXozL.jpg,140266,voltage,5.0 volt
https://m.media-amazon.com/images/I/71bETrUcx5L.jpg,140266,voltage,5.0 volt
https://m.media-amazon.com/images/I/611j8OMHU+L.jpg,140266,voltage,5.0 volt
https://m.media-amazon.com/images/I/71Aj5Tz-jFS.jpg,140266,item_weight,1.0 ounce
https://m.media-amazon.com/images/I/719s5CbInFL.jpg,140266,voltage,300.0 volt
https://m.media-amazon.com/images/I/61xl43ktUQS.jpg,140266,voltage,300.0 volt
https://m.media-amazon.com/images/I/71T+doFnZWL.jpg,140266,voltage,1.5 volt
https://m.media-amazon.com/images/I/71z9XcR5McL.jpg,140266,voltage,5.0 volt
https://m.media-amazon.com/images/I/81bgmnm4QAL.jpg,140266,voltage,5.0 volt
https://m.media-amazon.com/images/I/51nyb9tmIHL.jpg,140266,item_weight,13.0 kilogram
https://m.media-amazon.com/images/I/71Nd7+P7n5L.jpg,140266,voltage,9000.0 volt
https://m.media-amazon.com/images/I/61KzVen6nNL.jpg,140266,voltage,120.0 volt
https://m.media-amazon.com/images/I/61Rqz26i7iL.jpg,140266,voltage,200907.0 volt
https://m.media-amazon.com/images/I/61FUhw7d-tL.jpg,140266,voltage,230.0 volt
https://m.media-amazon.com/images/I/61PAHMiJCrL.jpg,140266,voltage,"[100.0, 240.0] volt"
https://m.media-amazon.com/images/I/71S7TxUiXXL.jpg,140266,voltage,230.0 volt
https://m.media-amazon.com/images/I/716P2-kXTXL.jpg,140266,voltage,230.0 volt
https://m.media-amazon.com/images/I/81O3dx87wwL.jpg,140266,voltage,230.0 volt
https://m.media-amazon.com/images/I/81D5uqCzlTL.jpg,140266,voltage,230.0 volt
https://m.media-amazon.com/images/I/61nJF3JXpjL.jpg,140266,voltage,230.0 volt
https://m.media-amazon.com/images/I/81HZ3o2cz0L.jpg,140266,item_weight,10.0 pound
https://m.media-amazon.com/images/I/71dXRa+t4kL.jpg,140266,item_weight,11.3 ounce
https://m.media-amazon.com/images/I/71qavwj6rFL.jpg,140266,voltage,5.0 volt
https://m.media-amazon.com/images/I/71kTRRLDCTL.jpg,140266,voltage,120.0 volt
https://m.media-amazon.com/images/I/61OrncJPDZL.jpg,140266,voltage,1.0 volt
https://m.media-amazon.com/images/I/81g3FY4UcDL.jpg,140266,item_weight,19.0 pound
https://m.media-amazon.com/images/I/713GuOa8LgL.jpg,140266,voltage,5.0 volt
https://m.media-amazon.com/images/I/510f9tIeylL.jpg,140266,item_weight,5.53 pound
https://m.media-amazon.com/images/I/718Liv3iBOL.jpg,140266,voltage,"[220.0, 240.0] volt"
https://m.media-amazon.com/images/I/71kwRKqhT1L.jpg,140266,voltage,"[90.0, 240.0] volt"
https://m.media-amazon.com/images/I/61PT2-xcOwL.jpg,140266,item_weight,3.4 kilogram
https://m.media-amazon.com/images/I/51hhhSIXv9L.jpg,140266,voltage,3.7 volt
https://m.media-amazon.com/images/I/81s4PR-8SIL.jpg,140266,item_weight,60.0 pound
https://m.media-amazon.com/images/I/713ZG4hy6xL.jpg,140266,voltage,5.0 volt
https://m.media-amazon.com/images/I/81NxbWyff1L.jpg,140266,voltage,"[100.0, 240.0] volt"
https://m.media-amazon.com/images/I/71awY7cHl-L.jpg,140266,item_weight,68.0 pound
https://m.media-amazon.com/images/I/71dQ85StmDL.jpg,140266,voltage,5.0 volt
https://m.media-amazon.com/images/I/71pjY5iFE8L.jpg,140266,voltage,"[100.0, 200.0] volt"
https://m.media-amazon.com/images/I/71L9QOQx6LL.jpg,140266,voltage,"[100.0, 240.0] volt"
https://m.media-amazon.com/images/I/71dWpu52qYL.jpg,140266,voltage,12.0 volt
https://m.media-amazon.com/images/I/71+-LHqpuSL.jpg,140266,voltage,"[12.0, 24.0] volt"
https://m.media-amazon.com/images/I/71U8pDE20OL.jpg,140266,voltage,"[12.0, 24.0] volt"
https://m.media-amazon.com/images/I/814xzcpwAUL.jpg,140266,voltage,5.0 volt
https://m.media-amazon.com/images/I/818X7sgEdeL.jpg,140266,voltage,5.0 volt
https://m.media-amazon.com/images/I/41LfkimiO7L.jpg,140266,item_weight,310.0 gram
https://m.media-amazon.com/images/I/71ROoGATUDL.jpg,140266,item_weight,3.0 pound
https://m.media-amazon.com/images/I/81Xnw1MhciL.jpg,140266,voltage,"[220.0, 240.0] volt"
https://m.media-amazon.com/images/I/71d6A4ifGsL.jpg,140266,voltage,230.0 volt
https://m.media-amazon.com/images/I/71DqhV5+t6L.jpg,140266,voltage,5.0 volt
https://m.media-amazon.com/images/I/71jGNtz-P2L.jpg,140266,voltage,12.0 volt
https://m.media-amazon.com/images/I/71I2khhT6PL.jpg,140266,voltage,"[110.0, 130.0] volt"
https://m.media-amazon.com/images/I/710pC28i61L.jpg,140266,voltage,"[110.0, 130.0] volt"
https://m.media-amazon.com/images/I/61eyeU872cL.jpg,140266,voltage,3.7 volt
https://m.media-amazon.com/images/I/71g1k2+lSXL.jpg,140266,voltage,3.7 volt
https://m.media-amazon.com/images/I/61tJbRrG6YL.jpg,140266,item_weight,6.32 pound
https://m.media-amazon.com/images/I/71eMyeIUSdL.jpg,140266,voltage,"[90.0, 240.0] volt"
https://m.media-amazon.com/images/I/614ERL0z6vL.jpg,140266,voltage,5.0 volt
https://m.media-amazon.com/images/I/61W19veGzGL.jpg,140266,voltage,5.0 volt
https://m.media-amazon.com/images/I/71iZRnRk4WL.jpg,140266,voltage,"[100.0, 277.0] volt"
https://m.media-amazon.com/images/I/71IaiI1qwmL.jpg,140266,voltage,300.0 volt
https://m.media-amazon.com/images/I/717lsiEC8QL.jpg,140266,voltage,300.0 volt
https://m.media-amazon.com/images/I/61nnNW5rMLL.jpg,140266,voltage,"[100.0, 240.0] volt"
https://m.media-amazon.com/images/I/61W-fx7e5BL.jpg,140266,voltage,230.0 volt
https://m.media-amazon.com/images/I/71rtcDiYhOL.jpg,140266,voltage,230.0 volt
https://m.media-amazon.com/images/I/61w3uZCKIDL.jpg,140266,item_weight,6.0 pound
https://m.media-amazon.com/images/I/71hRselMdaL.jpg,140266,item_weight,2.0 pound
https://m.media-amazon.com/images/I/61+0SGg1qqL.jpg,140266,voltage,"[0.0, 10.0] volt"
https://m.media-amazon.com/images/I/714ZTKbpF6L.jpg,140266,voltage,"[9.0, 36.0] volt"
https://m.media-amazon.com/images/I/81cmgJ0KGoL.jpg,140266,voltage,5.0 volt
https://m.media-amazon.com/images/I/81FHbXb+-aL.jpg,140266,voltage,5.0 volt
https://m.media-amazon.com/images/I/71YR11lmZ3L.jpg,140266,voltage,5.0 volt
https://m.media-amazon.com/images/I/71J-5nNXyQL.jpg,140266,voltage,3.0 volt
https://m.media-amazon.com/images/I/71cnkm4RCnL.jpg,140266,voltage,120.0 volt
https://m.media-amazon.com/images/I/61b9GW99sxL.jpg,140266,voltage,120.0 volt
https://m.media-amazon.com/images/I/61uNdMxBHpL.jpg,140266,item_weight,3.5 kilogram
https://m.media-amazon.com/images/I/61WJtAHADtL.jpg,140266,voltage,12.0 volt
https://m.media-amazon.com/images/I/61fdRMJzQLL.jpg,140266,voltage,3.7 volt
https://m.media-amazon.com/images/I/71aY3fc+ITL.jpg,140266,voltage,"[220.0, 240.0] volt"
https://m.media-amazon.com/images/I/61PEvRzL52L.jpg,140266,voltage,5.0 volt
https://m.media-amazon.com/images/I/61yNcDTN+VL.jpg,140266,voltage,5.0 volt
https://m.media-amazon.com/images/I/71svOnKrYWL.jpg,140266,voltage,5.0 volt
https://m.media-amazon.com/images/I/41N4dKGO1oL.jpg,140266,voltage,3.7 volt
https://m.media-amazon.com/images/I/71I0id1rr+L.jpg,140266,voltage,9.0 volt
https://m.media-amazon.com/images/I/81-SgVG2hCL.jpg,140266,item_weight,1.34 pound
https://m.media-amazon.com/images/I/71qGGhnKsPL.jpg,140266,item_weight,3.0 pound
https://m.media-amazon.com/images/I/41jjvf3RiTL.jpg,140266,voltage,3.7 volt
https://m.media-amazon.com/images/I/91M9AobZpXL.jpg,140266,voltage,"[0.0, 10.0] volt"
https://m.media-amazon.com/images/I/71Wma+ZVsUL.jpg,140266,item_weight,2.0 pound
https://m.media-amazon.com/images/I/71Pl4nT2RBL.jpg,140266,voltage,5.0 volt
https://m.media-amazon.com/images/I/71Sr3MA2R3L.jpg,140266,voltage,5.0 volt
https://m.media-amazon.com/images/I/71r-gBkMgXL.jpg,140266,voltage,5.0 volt
https://m.media-amazon.com/images/I/712-4ka-FzL.jpg,140266,voltage,5.0 volt
https://m.media-amazon.com/images/I/71v8fc+YRBL.jpg,140266,item_weight,3.0 pound
https://m.media-amazon.com/images/I/61VblRgt6xL.jpg,140266,voltage,15.0 volt
https://m.media-amazon.com/images/I/81KFVxpn6GL.jpg,140266,item_weight,44.0 gram
https://m.media-amazon.com/images/I/71oXASLAHDL.jpg,140266,voltage,"[0.3, 3.4] volt"
https://m.media-amazon.com/images/I/71ijNt1AvYL.jpg,140266,voltage,5.0 volt
https://m.media-amazon.com/images/I/61g7zNbBBvL.jpg,140266,voltage,"[110.0, 240.0] volt"
https://m.media-amazon.com/images/I/71F7WNcEMUL.jpg,140266,voltage,5.0 volt
https://m.media-amazon.com/images/I/71YmzeAl0WL.jpg,140266,voltage,5.0 volt
https://m.media-amazon.com/images/I/71WmEETTtSL.jpg,140266,voltage,12.0 volt
https://m.media-amazon.com/images/I/61FP4mqKJ7L.jpg,140266,voltage,"[110.0, 250.0] volt"
https://m.media-amazon.com/images/I/71Fu+ixAO2S.jpg,140266,voltage,"[12.0, 24.0] volt"
https://m.media-amazon.com/images/I/71rc8ZGPclL.jpg,140266,item_weight,3.0 pound
https://m.media-amazon.com/images/I/71vLdbYdneL.jpg,140266,voltage,300.0 volt
https://m.media-amazon.com/images/I/41A4PWmLWIL.jpg,140266,voltage,220.0 volt
https://m.media-amazon.com/images/I/611oxU4k-0L.jpg,140266,voltage,220.0 volt
https://m.media-amazon.com/images/I/71EXdoCH-qL.jpg,140266,voltage,"[220.0, 240.0] volt"
https://m.media-amazon.com/images/I/81M0MGGycSL.jpg,140266,voltage,12.6 volt
https://m.media-amazon.com/images/I/61Dj2qr0ZpL.jpg,140266,item_weight,5.0 kilogram
https://m.media-amazon.com/images/I/71JR4xob9xL.jpg,140266,voltage,24.0 volt
https://m.media-amazon.com/images/I/71Jxnk7RECL.jpg,140266,voltage,18.0 volt
https://m.media-amazon.com/images/I/717Xbh1GY4L.jpg,140266,item_weight,3.0 pound
https://m.media-amazon.com/images/I/51b-KZq4cnL.jpg,140266,voltage,230.0 volt
https://m.media-amazon.com/images/I/611K7po7zPL.jpg,140266,voltage,5.0 volt
https://m.media-amazon.com/images/I/817gHmylEgL.jpg,140266,voltage,5.0 volt
https://m.media-amazon.com/images/I/715bEODu8ZL.jpg,140266,voltage,"[90.0, 240.0] volt"
https://m.media-amazon.com/images/I/71Ba6KQn07L.jpg,140266,item_weight,0.3333333333333333 ounce
https://m.media-amazon.com/images/I/614RwHV2DtL.jpg,140266,voltage,5.0 volt
https://m.media-amazon.com/images/I/71CSRRpDofL.jpg,140266,voltage,5.0 volt
https://m.media-amazon.com/images/I/81DE6zWhaXL.jpg,140266,voltage,12.0 volt
https://m.media-amazon.com/images/I/51VzGax7QYL.jpg,140266,voltage,5.0 volt
https://m.media-amazon.com/images/I/819DikplUPL.jpg,140266,voltage,5.0 volt
https://m.media-amazon.com/images/I/81DEEfnEuDL.jpg,140266,voltage,5.0 volt
https://m.media-amazon.com/images/I/81UjVZ8TywL.jpg,140266,voltage,5.0 volt
https://m.media-amazon.com/images/I/71JUoNxqYpL.jpg,140266,voltage,"[220.0, 240.0] volt"
https://m.media-amazon.com/images/I/616A4xh92XL.jpg,140266,voltage,120.0 volt
https://m.media-amazon.com/images/I/61SMjiFk3eL.jpg,140266,voltage,3.7 volt
https://m.media-amazon.com/images/I/71eMKgSxgzL.jpg,140266,item_weight,1.0 pound
https://m.media-amazon.com/images/I/71umXmmbRUL.jpg,140266,voltage,110.0 volt
https://m.media-amazon.com/images/I/61MUlprwRmL.jpg,140266,voltage,5.0 volt
https://m.media-amazon.com/images/I/716XCs+E1SL.jpg,140266,voltage,"[85.0, 265.0] volt"
https://m.media-amazon.com/images/I/915xLQwxeQL.jpg,140266,voltage,18.0 volt
https://m.media-amazon.com/images/I/71sRyb7RTaL.jpg,140266,item_weight,3.3 pound
https://m.media-amazon.com/images/I/71n+Gb6BlxL.jpg,140266,item_weight,24.0 pound
https://m.media-amazon.com/images/I/71V3jfekaCL.jpg,140266,voltage,220.0 volt
https://m.media-amazon.com/images/I/71D3+0RieEL.jpg,140266,voltage,5.0 volt
https://m.media-amazon.com/images/I/71zOrTHKePL.jpg,140266,voltage,5.0 volt
https://m.media-amazon.com/images/I/51YDd9jnIjL.jpg,140266,item_weight,1.0 pound
https://m.media-amazon.com/images/I/61Bl2rNXLxL.jpg,140266,voltage,24.0 volt
https://m.media-amazon.com/images/I/61UJEwbVv9L.jpg,140266,voltage,24.0 volt
https://m.media-amazon.com/images/I/6155THTlxgL.jpg,140266,voltage,5.0 volt
https://m.media-amazon.com/images/I/61F62MNXDhL.jpg,140266,item_weight,1.37 kilogram
https://m.media-amazon.com/images/I/61F62MNXDhL.jpg,140266,voltage,"[6.0, 8.4] volt"
https://m.media-amazon.com/images/I/61pKYZ0t3PL.jpg,140266,voltage,"[90.0, 240.0] volt"
https://m.media-amazon.com/images/I/61WKr3IIIiL.jpg,140266,voltage,1.5 volt
https://m.media-amazon.com/images/I/61q+pY2J94S.jpg,140266,item_weight,23.5 gram
https://m.media-amazon.com/images/I/51Eq7bo-wWS.jpg,140266,item_weight,23.5 gram
https://m.media-amazon.com/images/I/7134sIKpEhL.jpg,140266,item_weight,3.0 pound
https://m.media-amazon.com/images/I/719NAGhJ2ML.jpg,140266,item_weight,1.0 pound
https://m.media-amazon.com/images/I/51o2MimC4pL.jpg,140266,voltage,"[85.0, 265.0] volt"
https://m.media-amazon.com/images/I/51UCinFFsIL.jpg,140266,voltage,"[90.0, 240.0] volt"
https://m.media-amazon.com/images/I/71fiCvxbd9L.jpg,140266,voltage,12.0 volt
https://m.media-amazon.com/images/I/71W+-IHP9SL.jpg,140266,voltage,5.0 volt
https://m.media-amazon.com/images/I/81LPU3PTizL.jpg,140266,voltage,5.0 volt
https://m.media-amazon.com/images/I/512Zrs1y-rL.jpg,140266,voltage,3.7 volt
https://m.media-amazon.com/images/I/5160hy3ABkL.jpg,140266,voltage,230.0 volt
https://m.media-amazon.com/images/I/61edeXdEFJL.jpg,140266,voltage,3.7 volt
https://m.media-amazon.com/images/I/6155H1jbpjL.jpg,140266,item_weight,3.0 pound
https://m.media-amazon.com/images/I/61rh5-LeVfL.jpg,140266,voltage,12.0 volt
https://m.media-amazon.com/images/I/71mi-Npr0IL.jpg,140266,voltage,12.0 volt
https://m.media-amazon.com/images/I/71VW9MSd58L.jpg,140266,voltage,12.0 volt
https://m.media-amazon.com/images/I/81SxKY-dPXL.jpg,140266,item_weight,94.0 ounce
https://m.media-amazon.com/images/I/51fjjq+v-9L.jpg,140266,voltage,"[100.0, 240.0] volt"
https://m.media-amazon.com/images/I/41MjrdmqwYL.jpg,140266,voltage,3.7 volt
https://m.media-amazon.com/images/I/41CUxSRNh4L.jpg,140266,voltage,3.7 volt
https://m.media-amazon.com/images/I/71QcIeVs-uL.jpg,140266,voltage,4.5 volt
https://m.media-amazon.com/images/I/71y8zCyTRqL.jpg,140266,voltage,"[90.0, 240.0] volt"
https://m.media-amazon.com/images/I/71QFBaoAqQL.jpg,140266,voltage,220.0 volt
https://m.media-amazon.com/images/I/715MU5YOeuS.jpg,140266,voltage,220.0 volt
https://m.media-amazon.com/images/I/41sz5OWrfXL.jpg,140266,voltage,230.0 volt
https://m.media-amazon.com/images/I/71q+gzIC2GL.jpg,140266,voltage,"[100.0, 240.0] volt"
https://m.media-amazon.com/images/I/61otQA1VjzL.jpg,140266,voltage,24.0 volt
https://m.media-amazon.com/images/I/61Mw24SQL8L.jpg,140266,voltage,24.0 volt
https://m.media-amazon.com/images/I/71HZRWdWJVL.jpg,140266,voltage,24.0 volt
https://m.media-amazon.com/images/I/613Z8hwBgvL.jpg,140266,voltage,"[220.0, 240.0] volt"
https://m.media-amazon.com/images/I/71rDwgbg3BL.jpg,140266,item_weight,2.5 pound
https://m.media-amazon.com/images/I/71VaYXuZFhL.jpg,140266,voltage,"[100.0, 277.0] volt"
https://m.media-amazon.com/images/I/71zadZ+jxXL.jpg,140266,voltage,5.0 volt
https://m.media-amazon.com/images/I/61RTJO7VvLL.jpg,140266,voltage,"[100.0, 240.0] volt"
https://m.media-amazon.com/images/I/51oUG5L697L.jpg,140266,item_weight,810.0 milligram
https://m.media-amazon.com/images/I/617Y5iojH9L.jpg,140266,item_weight,810.0 milligram
https://m.media-amazon.com/images/I/61GqNeohxHL.jpg,140266,item_weight,810.0 milligram
https://m.media-amazon.com/images/I/61RdjYysENL.jpg,140266,item_weight,2.4 gram
https://m.media-amazon.com/images/I/61V8VjMmAkL.jpg,140266,item_weight,2.4 gram
https://m.media-amazon.com/images/I/61QLHgN9gmL.jpg,140266,item_weight,2.4 gram
https://m.media-amazon.com/images/I/71izNs0mkIL.jpg,140266,item_weight,2.4 gram
https://m.media-amazon.com/images/I/61VvYvqilmL.jpg,140266,voltage,3.0 volt
https://m.media-amazon.com/images/I/61K1S5eoRlL.jpg,140266,voltage,"[100.0, 240.0] volt"
https://m.media-amazon.com/images/I/71u8lkRTFiL.jpg,140266,item_weight,360.0 gram
https://m.media-amazon.com/images/I/61LGtypW+-L.jpg,140266,item_weight,3.0 pound
https://m.media-amazon.com/images/I/71Fsj5DTYkL.jpg,140266,voltage,"[100.0, 240.0] volt"
https://m.media-amazon.com/images/I/71JnimUSVBL.jpg,140266,voltage,12.0 volt
https://m.media-amazon.com/images/I/71zxqkJzcaL.jpg,140266,voltage,12.0 volt
https://m.media-amazon.com/images/I/719zaJTHu3L.jpg,140266,voltage,12.0 volt
https://m.media-amazon.com/images/I/71Z8AzJud0L.jpg,140266,voltage,1.5 volt
https://m.media-amazon.com/images/I/61UeFBjY3iL.jpg,140266,voltage,3.7 volt
https://m.media-amazon.com/images/I/61z9ZKrx3dL.jpg,140266,voltage,3.7 volt
https://m.media-amazon.com/images/I/81Kcx80Xh5L.jpg,140266,voltage,12.0 volt
https://m.media-amazon.com/images/I/71ZeOpMI8SL.jpg,140266,voltage,"[220.0, 240.0] volt"
https://m.media-amazon.com/images/I/814RQvzAWJL.jpg,140266,voltage,20.0 volt
https://m.media-amazon.com/images/I/61fQ2Ek-vDL.jpg,140266,voltage,220.0 volt
https://m.media-amazon.com/images/I/61jjjz5KwZL.jpg,140266,voltage,"[110.0, 220.0] volt"
https://m.media-amazon.com/images/I/71KjP2KXDwL.jpg,140266,voltage,"[110.0, 120.0] volt"
https://m.media-amazon.com/images/I/81jckAW0qmL.jpg,140266,voltage,250.0 volt
https://m.media-amazon.com/images/I/61Yicczkd4L.jpg,140266,voltage,"[9.0, 12.0] volt"
https://m.media-amazon.com/images/I/51OEze3M3QL.jpg,140266,voltage,"[9.0, 12.0] volt"
https://m.media-amazon.com/images/I/71FrxrsrFpL.jpg,140266,item_weight,20.0 pound
https://m.media-amazon.com/images/I/61ow5xMMF6L.jpg,140266,item_weight,1.0 gram
https://m.media-amazon.com/images/I/71J+loXHnbL.jpg,140266,voltage,1.5 volt
https://m.media-amazon.com/images/I/61HEuhQkfFL.jpg,140266,voltage,5.0 volt
https://m.media-amazon.com/images/I/615JH7nIgnL.jpg,140266,item_weight,15.0 gram
https://m.media-amazon.com/images/I/615JH7nIgnL.jpg,140266,width,17.0 centimetre
https://m.media-amazon.com/images/I/51qiLlgMGTL.jpg,140266,voltage,"[100.0, 240.0] volt"
https://m.media-amazon.com/images/I/51z5ykkoKJL.jpg,140266,voltage,3.7 volt
https://m.media-amazon.com/images/I/6130yk-ENUL.jpg,140266,voltage,5.0 volt
https://m.media-amazon.com/images/I/71UZCVGfqvL.jpg,140266,voltage,"[100.0, 240.0] volt"
https://m.media-amazon.com/images/I/71D3REhTwiL.jpg,140266,voltage,5.0 volt
https://m.media-amazon.com/images/I/61Qrk18fDKL.jpg,140266,voltage,"[110.0, 240.0] volt"
https://m.media-amazon.com/images/I/51owqiwRBmL.jpg,140266,voltage,5.0 volt
https://m.media-amazon.com/images/I/51Y5Cht+00L.jpg,140266,voltage,5.0 volt
https://m.media-amazon.com/images/I/618frA52DsL.jpg,140266,item_weight,45.0 gram
https://m.media-amazon.com/images/I/719kuWiYkFL.jpg,140266,voltage,"[12.0, 24.0] volt"
https://m.media-amazon.com/images/I/61LO+zIO01L.jpg,140266,voltage,3.7 volt
https://m.media-amazon.com/images/I/71WdtL+d6VL.jpg,140266,item_weight,2.3 kilogram
https://m.media-amazon.com/images/I/71WKcB5OoaL.jpg,140266,item_weight,30.0 kilogram
https://m.media-amazon.com/images/I/51cA2T-ZzsL.jpg,140266,item_weight,3.0 pound
https://m.media-amazon.com/images/I/31OJ19n8ITL.jpg,140266,voltage,5.0 volt
https://m.media-amazon.com/images/I/81o+2XXEj-L.jpg,140266,voltage,"[100.0, 240.0] volt"
https://m.media-amazon.com/images/I/71qF-s+cSTS.jpg,140266,voltage,12.0 volt
https://m.media-amazon.com/images/I/71NMwUpmcxL.jpg,140266,voltage,5.0 volt
https://m.media-amazon.com/images/I/61z-AdD-SYL.jpg,140266,voltage,"[100.0, 240.0] volt"
https://m.media-amazon.com/images/I/717LFURVuWL.jpg,140266,item_weight,3.0 pound
https://m.media-amazon.com/images/I/616GYeYt2hL.jpg,140266,item_weight,3.0 pound
https://m.media-amazon.com/images/I/81aYTsCkKEL.jpg,140266,voltage,"[100.0, 240.0] volt"
https://m.media-amazon.com/images/I/71OUdKMhPLL.jpg,140266,item_weight,600.0 gram
https://m.media-amazon.com/images/I/61-LaWA6Q5L.jpg,140266,voltage,5.0 volt
https://m.media-amazon.com/images/I/61l0hKUzoEL.jpg,140266,voltage,5.0 volt
https://m.media-amazon.com/images/I/71td1FbQLAL.jpg,140266,voltage,5.0 volt
https://m.media-amazon.com/images/I/71FMP1YB7gL.jpg,140266,voltage,8.0 volt
https://m.media-amazon.com/images/I/616z7fmySZL.jpg,140266,voltage,5.0 volt
https://m.media-amazon.com/images/I/61z-+DhJwFL.jpg,140266,voltage,16.0 volt
https://m.media-amazon.com/images/I/71g5ugyb5HL.jpg,140266,item_weight,15.0 kilogram
https://m.media-amazon.com/images/I/61wpdJuhDzL.jpg,140266,item_weight,120.0 kilogram
https://m.media-amazon.com/images/I/716pEOvnJeS.jpg,140266,voltage,12.0 volt
https://m.media-amazon.com/images/I/71+UDtCvgHL.jpg,140266,voltage,110.0 volt
https://m.media-amazon.com/images/I/41yB56dsQZL.jpg,140266,voltage,3.7 volt
https://m.media-amazon.com/images/I/61VMsjNcwoL.jpg,140266,voltage,12.0 volt
https://m.media-amazon.com/images/I/71UcMHsDuQL.jpg,140266,item_weight,2.0 pound
https://m.media-amazon.com/images/I/71g84NARSkL.jpg,140266,voltage,24.0 volt
https://m.media-amazon.com/images/I/61CEKui6lZL.jpg,140266,voltage,"[110.0, 240.0] volt"
https://m.media-amazon.com/images/I/711ej95K-pL.jpg,140266,voltage,3.0 volt
https://m.media-amazon.com/images/I/81h6I5AIY1L.jpg,140266,voltage,5.0 volt
https://m.media-amazon.com/images/I/41DAm+d-YqL.jpg,140266,voltage,5.0 volt
https://m.media-amazon.com/images/I/71AQuzYeGOL.jpg,140266,item_weight,920.0 gram
https://m.media-amazon.com/images/I/81605V3BrUL.jpg,140266,voltage,12.0 volt
https://m.media-amazon.com/images/I/712UWC+ro+L.jpg,140266,voltage,110.0 volt
https://m.media-amazon.com/images/I/61L2WCHJdkL.jpg,140266,voltage,"[100.0, 240.0] volt"
https://m.media-amazon.com/images/I/518+77WVW3L.jpg,140266,voltage,"[48.0, 54.0] volt"
https://m.media-amazon.com/images/I/51kvwnPpP9L.jpg,140266,voltage,"[48.0, 54.0] volt"
https://m.media-amazon.com/images/I/71LycHbjMUL.jpg,140266,voltage,"[48.0, 54.0] volt"
https://m.media-amazon.com/images/I/71U2gdlfOaL.jpg,140266,voltage,1.5 volt
https://m.media-amazon.com/images/I/71RwxfPcKHL.jpg,140266,voltage,"[90.0, 260.0] volt"
https://m.media-amazon.com/images/I/71QIlxAqQbL.jpg,140266,voltage,12.0 volt
https://m.media-amazon.com/images/I/91-i4KpmriL.jpg,140266,voltage,12.0 volt
https://m.media-amazon.com/images/I/91QQl28i8jL.jpg,140266,voltage,12.0 volt
https://m.media-amazon.com/images/I/81NWiR9uaML.jpg,140266,voltage,3.0 volt
https://m.media-amazon.com/images/I/71DCuUxqJVL.jpg,140266,item_weight,2.5 kilogram
https://m.media-amazon.com/images/I/71gzxA+sI1L.jpg,140266,voltage,"[100.0, 240.0] volt"
https://m.media-amazon.com/images/I/41ZKe244UbL.jpg,140266,item_weight,7.0 gram
https://m.media-amazon.com/images/I/61nKwEp0MAL.jpg,140266,voltage,3.7 volt
https://m.media-amazon.com/images/I/71ukf1E1xRL.jpg,140266,voltage,5.0 volt
https://m.media-amazon.com/images/I/71CG0aZcvLL.jpg,140266,voltage,5.0 volt
https://m.media-amazon.com/images/I/71VKLCeahWL.jpg,140266,item_weight,2.0 pound
https://m.media-amazon.com/images/I/715wbwjL2GL.jpg,140266,voltage,"[110.0, 130.0] volt"
https://m.media-amazon.com/images/I/813gLJForyL.jpg,140266,voltage,120.0 volt
https://m.media-amazon.com/images/I/71d75DMV6+L.jpg,140266,item_weight,23.5 gram
https://m.media-amazon.com/images/I/61P4xY5hLKL.jpg,140266,item_weight,23.5 gram
https://m.media-amazon.com/images/I/5168b9dsf0L.jpg,140266,voltage,220.0 volt
https://m.media-amazon.com/images/I/51NRjEs40EL.jpg,140266,voltage,220.0 volt
https://m.media-amazon.com/images/I/61DMg5I6KyL.jpg,140266,voltage,220.0 volt
https://m.media-amazon.com/images/I/71fQFNbIA4L.jpg,140266,voltage,20.0 volt
https://m.media-amazon.com/images/I/81XKKjg8wvL.jpg,140266,voltage,5.0 volt
https://m.media-amazon.com/images/I/71i-t8b76gL.jpg,140266,item_weight,950.0 gram
https://m.media-amazon.com/images/I/71R7+DrOwpL.jpg,140266,item_weight,4.0 pound
https://m.media-amazon.com/images/I/51+5-4jPufL.jpg,140266,voltage,220.0 volt
https://m.media-amazon.com/images/I/71Icjn--2fL.jpg,140266,item_weight,249.0 gram
https://m.media-amazon.com/images/I/51RcphNnfaL.jpg,140266,voltage,24.0 volt
https://m.media-amazon.com/images/I/51GWij8t8GL.jpg,140266,voltage,1.2 volt
https://m.media-amazon.com/images/I/61onu2kNlEL.jpg,140266,voltage,"[220.0, 240.0] volt"
https://m.media-amazon.com/images/I/71Vj1ESztqS.jpg,140266,voltage,15.0 volt
https://m.media-amazon.com/images/I/71OdDyFeqtL.jpg,140266,voltage,1.5 volt
https://m.media-amazon.com/images/I/81pbO5B1aIL.jpg,140266,item_weight,3.0 pound
https://m.media-amazon.com/images/I/71HkdAQHCSL.jpg,140266,voltage,5.0 volt
https://m.media-amazon.com/images/I/71EzzI--07L.jpg,140266,voltage,"[100.0, 248.0] volt"
https://m.media-amazon.com/images/I/71NbvbEZqFL.jpg,140266,item_weight,489.0 gram
https://m.media-amazon.com/images/I/81772EuoHnL.jpg,140266,voltage,12.0 volt
https://m.media-amazon.com/images/I/71E-cY4Oz0L.jpg,140266,voltage,"[100.0, 240.0] volt"
https://m.media-amazon.com/images/I/61wb6pBB9bL.jpg,140266,voltage,12.0 volt
https://m.media-amazon.com/images/I/61mLPtdcmVL.jpg,140266,item_weight,33.0 gram
https://m.media-amazon.com/images/I/61mLPtdcmVL.jpg,140266,voltage,5.0 volt
https://m.media-amazon.com/images/I/71GfFGXe9TL.jpg,140266,voltage,12.0 volt
https://m.media-amazon.com/images/I/71d6ELPmtAL.jpg,140266,voltage,2.0 volt
https://m.media-amazon.com/images/I/61L7kybykJL.jpg,140266,voltage,12.0 volt
https://m.media-amazon.com/images/I/71m7Jp815+L.jpg,140266,voltage,3.0 volt
https://m.media-amazon.com/images/I/51U9SX-Q0OL.jpg,140266,voltage,1.2 volt
https://m.media-amazon.com/images/I/71ohmMRlaCL.jpg,140266,voltage,20.0 volt
https://m.media-amazon.com/images/I/71qJNHO9HEL.jpg,140266,voltage,0.375 volt
https://m.media-amazon.com/images/I/718YLlVPmDL.jpg,140266,voltage,0.375 volt
https://m.media-amazon.com/images/I/71UspBjFxgL.jpg,140266,voltage,"[100.0, 200.0] volt"
https://m.media-amazon.com/images/I/61bC+socbmL.jpg,140266,voltage,5.0 volt
https://m.media-amazon.com/images/I/71c7wKb+yZL.jpg,140266,voltage,12.0 volt
https://m.media-amazon.com/images/I/61A+6QDdhxL.jpg,140266,voltage,12.0 volt
https://m.media-amazon.com/images/I/81BX7cU+UzS.jpg,140266,item_weight,5.8 kilogram
https://m.media-amazon.com/images/I/61ylEz6zePL.jpg,140266,item_weight,128.0 ounce
https://m.media-amazon.com/images/I/811bqOohskL.jpg,140266,item_weight,128.0 ounce
https://m.media-amazon.com/images/I/71SXmD2dJRL.jpg,140266,voltage,12.0 volt
https://m.media-amazon.com/images/I/61QXu4yKaJL.jpg,140266,item_weight,233.0 gram
https://m.media-amazon.com/images/I/61v4QtW3ZsL.jpg,140266,voltage,36.0 volt
https://m.media-amazon.com/images/I/71E3qKHIdaL.jpg,140266,voltage,277.0 volt
https://m.media-amazon.com/images/I/61n5IUVAfNL.jpg,140266,voltage,12.0 volt
https://m.media-amazon.com/images/I/71iI1c7GvhL.jpg,140266,voltage,8.7 volt
https://m.media-amazon.com/images/I/719oo-A031L.jpg,140266,voltage,3.7 volt
https://m.media-amazon.com/images/I/81EFS6pJ0lL.jpg,140266,voltage,8.7 volt
https://m.media-amazon.com/images/I/71hNf8CWsIL.jpg,140266,voltage,5.0 volt
https://m.media-amazon.com/images/I/61KbwPnW-CL.jpg,140266,voltage,"[100.0, 240.0] volt"
https://m.media-amazon.com/images/I/71LnLs9JddL.jpg,140266,voltage,5.0 volt
https://m.media-amazon.com/images/I/61O4MRmTXNL.jpg,140266,voltage,782.0 volt
https://m.media-amazon.com/images/I/71kBlbyKeDL.jpg,140266,item_weight,190.0 gram
https://m.media-amazon.com/images/I/51pBP+UeGiL.jpg,140266,voltage,24.0 volt
https://m.media-amazon.com/images/I/71rzNoVMzeL.jpg,140266,item_weight,3.0 pound
https://m.media-amazon.com/images/I/71PaJk2xE0L.jpg,140266,voltage,3.0 volt
https://m.media-amazon.com/images/I/71qurJyQq1L.jpg,140266,voltage,"[100.0, 130.0] volt"
https://m.media-amazon.com/images/I/4128fKLlVBS.jpg,140266,voltage,3.7 volt
https://m.media-amazon.com/images/I/51NeumBiruL.jpg,140266,voltage,20.0 volt
https://m.media-amazon.com/images/I/618Vk0BYeUL.jpg,140266,voltage,"[100.0, 240.0] volt"
https://m.media-amazon.com/images/I/81I-SR8oLbL.jpg,140266,voltage,18.0 volt
https://m.media-amazon.com/images/I/71ibiyeGwCL.jpg,140266,voltage,"[100.0, 240.0] volt"
https://m.media-amazon.com/images/I/71KWQ6JZ+PL.jpg,140266,voltage,"[100.0, 240.0] volt"
https://m.media-amazon.com/images/I/71x1FVw6ZdL.jpg,140266,voltage,"[110.0, 220.0] volt"
https://m.media-amazon.com/images/I/61yAU+cc9YL.jpg,140266,voltage,220.0 volt
https://m.media-amazon.com/images/I/61Vecda41-L.jpg,140266,voltage,110.0 volt
https://m.media-amazon.com/images/I/51YPo5YLC6L.jpg,140266,voltage,"[3.0, 8.4] volt"
https://m.media-amazon.com/images/I/71nNH6TEkCL.jpg,140266,item_weight,11.3 ounce
https://m.media-amazon.com/images/I/71FDsJ+Q5mL.jpg,140266,voltage,5.0 volt
https://m.media-amazon.com/images/I/91yWb6fkpWL.jpg,140266,voltage,3.7 volt
https://m.media-amazon.com/images/I/61NzuYRfD5L.jpg,140266,voltage,5.0 volt
https://m.media-amazon.com/images/I/61UeMkErfCL.jpg,140266,voltage,110.0 volt
https://m.media-amazon.com/images/I/71HPmWoBTgL.jpg,140266,voltage,36.0 volt
https://m.media-amazon.com/images/I/81SqMzPXUAL.jpg,140266,voltage,12.0 volt
https://m.media-amazon.com/images/I/41NIqMOo8PL.jpg,140266,voltage,"[85.0, 265.0] volt"
https://m.media-amazon.com/images/I/41LJC9b6OBL.jpg,140266,voltage,"[85.0, 265.0] volt"
https://m.media-amazon.com/images/I/413LIWCf0+L.jpg,140266,voltage,"[85.0, 265.0] volt"
https://m.media-amazon.com/images/I/71MJvw-wc4L.jpg,140266,item_weight,5.42 pound
https://m.media-amazon.com/images/I/71anYo0T4aL.jpg,140266,item_weight,4.1 kilogram
https://m.media-amazon.com/images/I/61XzVlfRamL.jpg,140266,voltage,5.0 volt
https://m.media-amazon.com/images/I/51WkCgbPD2L.jpg,140266,voltage,"[100.0, 240.0] volt"
https://m.media-amazon.com/images/I/81VHVKXS45L.jpg,140266,item_weight,66.0 pound
https://m.media-amazon.com/images/I/61J5jMlp8HL.jpg,140266,voltage,12.0 volt
https://m.media-amazon.com/images/I/81V+gX6LwpL.jpg,140266,item_weight,3.0 pound
https://m.media-amazon.com/images/I/51VLbm1ViJL.jpg,140266,voltage,3.7 volt
https://m.media-amazon.com/images/I/61phNsx0iqL.jpg,140266,voltage,230.0 volt
https://m.media-amazon.com/images/I/71JEXoj2g9L.jpg,140266,voltage,5.0 volt
https://m.media-amazon.com/images/I/71E2TeZPJPL.jpg,140266,voltage,5.0 volt
https://m.media-amazon.com/images/I/81eWmsIyQgL.jpg,140266,voltage,5.0 volt
https://m.media-amazon.com/images/I/61Cjtz33Z7L.jpg,140266,item_weight,136.0 gram
https://m.media-amazon.com/images/I/71d19vsqlIL.jpg,140266,voltage,80.0 volt
https://m.media-amazon.com/images/I/61rYR290PGL.jpg,140266,voltage,"[0.0, 10.0] volt"
https://m.media-amazon.com/images/I/61yvNOcIgLL.jpg,140266,voltage,"[0.0, 10.0] volt"
https://m.media-amazon.com/images/I/61gpDsoz3FL.jpg,140266,voltage,12.0 volt
https://m.media-amazon.com/images/I/61GdE+5fNKL.jpg,140266,item_weight,0.19 kilogram
https://m.media-amazon.com/images/I/71oGAYzagXL.jpg,140266,voltage,230.0 volt
https://m.media-amazon.com/images/I/71+ZUk8FG-L.jpg,140266,item_weight,1.86 pound
https://m.media-amazon.com/images/I/819sAOmEX-L.jpg,140266,voltage,80.0 volt
https://m.media-amazon.com/images/I/71W+R4p6WtL.jpg,140266,voltage,120.0 volt
https://m.media-amazon.com/images/I/814IsF2qELL.jpg,140266,voltage,"[110.0, 130.0] volt"
https://m.media-amazon.com/images/I/71V4K6Z99IL.jpg,140266,item_weight,3.0 pound
https://m.media-amazon.com/images/I/81XbTTC2t2L.jpg,140266,voltage,5.0 volt
https://m.media-amazon.com/images/I/51EgoodozzS.jpg,140266,voltage,5.0 volt
https://m.media-amazon.com/images/I/817eYdO5TJL.jpg,140266,voltage,"[100.0, 240.0] volt"
https://m.media-amazon.com/images/I/61g7rPsej3L.jpg,140266,voltage,"[100.0, 240.0] volt"
https://m.media-amazon.com/images/I/61zarl6NgIL.jpg,140266,voltage,5.0 volt
https://m.media-amazon.com/images/I/71YbZR0P6AS.jpg,140266,voltage,"[110.0, 130.0] volt"
https://m.media-amazon.com/images/I/71x+FozCnIS.jpg,140266,voltage,"[110.0, 130.0] volt"
https://m.media-amazon.com/images/I/71f0UaWkKGL.jpg,140266,item_weight,6.0 pound
https://m.media-amazon.com/images/I/51fIvf8wBXL.jpg,140266,item_weight,2.0 kilogram
https://m.media-amazon.com/images/I/61fVo43MztL.jpg,140266,voltage,20.0 volt
https://m.media-amazon.com/images/I/71SqZioArCL.jpg,140266,voltage,94.0 volt
https://m.media-amazon.com/images/I/81uT4M7v6hL.jpg,140266,voltage,94.0 volt
https://m.media-amazon.com/images/I/71+1bW3v-AL.jpg,140266,item_weight,2.9 kilogram
https://m.media-amazon.com/images/I/718vevB7QJL.jpg,140266,voltage,5.0 volt
https://m.media-amazon.com/images/I/81ZBk5F+KDL.jpg,140266,voltage,5.0 volt
https://m.media-amazon.com/images/I/81VG1Bvdu4S.jpg,140266,voltage,"[110.0, 130.0] volt"
https://m.media-amazon.com/images/I/71EiEp0ZQWS.jpg,140266,voltage,"[110.0, 130.0] volt"
https://m.media-amazon.com/images/I/41-K3RBD9JS.jpg,140266,voltage,"[110.0, 130.0] volt"
https://m.media-amazon.com/images/I/81CxTbvnEbL.jpg,140266,item_weight,0.3333333333333333 ounce
https://m.media-amazon.com/images/I/61xKlnLvJNL.jpg,140266,voltage,"[110.0, 240.0] volt"
https://m.media-amazon.com/images/I/71xPukYweAL.jpg,140266,voltage,3.7 volt
https://m.media-amazon.com/images/I/81AYr80o7zL.jpg,140266,voltage,5.0 volt
https://m.media-amazon.com/images/I/81kzbPkJjLL.jpg,140266,voltage,5.0 volt
https://m.media-amazon.com/images/I/71oVqF3p40L.jpg,140266,voltage,5.0 volt
https://m.media-amazon.com/images/I/71tcvQGKAZL.jpg,140266,item_weight,8.93 pound
https://m.media-amazon.com/images/I/41iwdSeqxDL.jpg,140266,voltage,5.0 volt
https://m.media-amazon.com/images/I/61zL-mtuDVL.jpg,140266,item_weight,1.0 pound
https://m.media-amazon.com/images/I/71KA+RDbOoL.jpg,140266,voltage,"[100.0, 277.0] volt"
https://m.media-amazon.com/images/I/41i9U4TNlxL.jpg,140266,voltage,220.0 volt
https://m.media-amazon.com/images/I/71ZnycKJ7iL.jpg,140266,voltage,220.0 volt
https://m.media-amazon.com/images/I/41-ADZN-XYL.jpg,140266,voltage,220.0 volt
https://m.media-amazon.com/images/I/61eOjOX4mFL.jpg,140266,voltage,220.0 volt
https://m.media-amazon.com/images/I/61QILISiUoL.jpg,140266,voltage,120.0 volt
https://m.media-amazon.com/images/I/71HDLPNI0TL.jpg,140266,voltage,"[100.0, 240.0] volt"
https://m.media-amazon.com/images/I/81WZnS7ZLcL.jpg,140266,item_weight,0.0 ounce
https://m.media-amazon.com/images/I/71IdR6daMeL.jpg,140266,voltage,"[10.0, 30.0] volt"
https://m.media-amazon.com/images/I/71gqZrpPFTL.jpg,140266,voltage,"[10.0, 30.0] volt"
https://m.media-amazon.com/images/I/71neI+f7FyL.jpg,140266,item_weight,7.0 ounce
https://m.media-amazon.com/images/I/71gROUBr78L.jpg,140266,item_weight,500.0 gram
https://m.media-amazon.com/images/I/71JQc3bBV4L.jpg,140266,voltage,5.0 volt
https://m.media-amazon.com/images/I/71pF1citUVL.jpg,140266,voltage,5.0 volt
https://m.media-amazon.com/images/I/71ZEdRJSc2L.jpg,140266,voltage,5.0 volt
https://m.media-amazon.com/images/I/71gZWfAC8CL.jpg,140266,voltage,12.0 volt
https://m.media-amazon.com/images/I/513L9ifGRyL.jpg,140266,width,4.5 centimetre
https://m.media-amazon.com/images/I/6106+ZxFuBL.jpg,140266,width,12.5 centimetre
https://m.media-amazon.com/images/I/610sEnxv3vL.jpg,140266,height,63.78 inch
https://m.media-amazon.com/images/I/6134R0fl-IL.jpg,140266,width,115.0 millimetre
https://m.media-amazon.com/images/I/51z4sBL0G8L.jpg,140266,width,8.5 inch
https://m.media-amazon.com/images/I/61C7XEMvjmL.jpg,140266,width,3.5 centimetre
https://m.media-amazon.com/images/I/619gfFayAfL.jpg,140266,width,19.0 millimetre
https://m.media-amazon.com/images/I/51yuKlgK4tL.jpg,140266,width,5.03 inch
https://m.media-amazon.com/images/I/61-pG6D-RyS.jpg,140266,width,2.04 inch
https://m.media-amazon.com/images/I/51vSq7YDAML.jpg,140266,width,4.25 inch
https://m.media-amazon.com/images/I/51tHV2KqMwL.jpg,140266,width,6.9 inch
https://m.media-amazon.com/images/I/51tHV2KqMwL.jpg,140266,depth,6.9 inch
https://m.media-amazon.com/images/I/617VWt37j1L.jpg,140266,width,3.0 inch
https://m.media-amazon.com/images/I/51XNtPo4nXL.jpg,140266,width,5.0 inch
https://m.media-amazon.com/images/I/41vOWq9FiPL.jpg,140266,width,88.0 millimetre
https://m.media-amazon.com/images/I/61ChjL9zOjL.jpg,140266,width,4.6 centimetre
https://m.media-amazon.com/images/I/6178-RecGEL.jpg,140266,width,16.0 millimetre
https://m.media-amazon.com/images/I/61-nZBC6vdL.jpg,140266,width,8.0 inch
https://m.media-amazon.com/images/I/51mPNl4QTHL.jpg,140266,width,4.5 inch
https://m.media-amazon.com/images/I/51MYB1U-9xL.jpg,140266,width,5.5 inch
https://m.media-amazon.com/images/I/51OlYzeAbHL.jpg,140266,width,15.0 centimetre
https://m.media-amazon.com/images/I/617o1cNwPJL.jpg,140266,width,3.5 inch
https://m.media-amazon.com/images/I/51S4PRRa1vL.jpg,140266,width,23.75 inch
https://m.media-amazon.com/images/I/31BFBvZXW7L.jpg,140266,width,50.0 millimetre
https://m.media-amazon.com/images/I/51l-gFIzRsL.jpg,140266,width,1.02 inch
https://m.media-amazon.com/images/I/51jHKfrIIcL.jpg,140266,width,37.0 millimetre
https://m.media-amazon.com/images/I/51jHKfrIIcL.jpg,140266,depth,37.0 millimetre
https://m.media-amazon.com/images/I/51sFNKWMBWL.jpg,140266,width,19.9 centimetre
https://m.media-amazon.com/images/I/61-+CUimvXL.jpg,140266,width,1.8 inch
https://m.media-amazon.com/images/I/618N-c-J0oL.jpg,140266,width,16.5 inch
https://m.media-amazon.com/images/I/61-ZoAUz09L.jpg,140266,width,2.7 inch
https://m.media-amazon.com/images/I/51p-PTJI34L.jpg,140266,width,8.0 centimetre
https://m.media-amazon.com/images/I/51p-PTJI34L.jpg,140266,height,15.0 centimetre
https://m.media-amazon.com/images/I/51wAl3KCpPL.jpg,140266,width,8.8 inch
https://m.media-amazon.com/images/I/51YHQ0jwDWL.jpg,140266,width,7.2 centimetre
https://m.media-amazon.com/images/I/51Us4N8jvYL.jpg,140266,width,7.2 centimetre
https://m.media-amazon.com/images/I/51Us4N8jvYL.jpg,140266,depth,10.5 centimetre
https://m.media-amazon.com/images/I/61FDy2Tc1zL.jpg,140266,width,6.7 inch
https://m.media-amazon.com/images/I/611OhxERtKL.jpg,140266,width,84.0 millimetre
https://m.media-amazon.com/images/I/611OhxERtKL.jpg,140266,depth,84.0 millimetre
https://m.media-amazon.com/images/I/51P+POMGIML.jpg,140266,width,5.0 centimetre
https://m.media-amazon.com/images/I/514480axU-L.jpg,140266,width,24.0 centimetre
https://m.media-amazon.com/images/I/51x5186AisL.jpg,140266,width,10.0 centimetre
https://m.media-amazon.com/images/I/51clVvgZzUL.jpg,140266,width,6.0 centimetre
https://m.media-amazon.com/images/I/61B3DgFKOPL.jpg,140266,width,4.7 inch
https://m.media-amazon.com/images/I/51mEeClOOAL.jpg,140266,height,42.0 centimetre
https://m.media-amazon.com/images/I/61E3b742PkL.jpg,140266,width,17.0 centimetre
https://m.media-amazon.com/images/I/616MShgDNTL.jpg,140266,width,50.0 centimetre
https://m.media-amazon.com/images/I/616MShgDNTL.jpg,140266,depth,60.0 centimetre
https://m.media-amazon.com/images/I/615J4jYgSpL.jpg,140266,width,2.0 inch
https://m.media-amazon.com/images/I/61FpkvYYnFL.jpg,140266,width,25.0 centimetre
https://m.media-amazon.com/images/I/51b+4KcOC2S.jpg,140266,width,6.3 inch
https://m.media-amazon.com/images/I/51b+4KcOC2S.jpg,140266,height,0.86 inch
https://m.media-amazon.com/images/I/51EQLk8TPaL.jpg,140266,width,20.5 centimetre
https://m.media-amazon.com/images/I/41iIV3u1fIL.jpg,140266,width,110.2 millimetre
https://m.media-amazon.com/images/I/618Pw+INgVL.jpg,140266,width,2.0 inch
https://m.media-amazon.com/images/I/615Eozi1HTL.jpg,140266,width,1.0 inch
https://m.media-amazon.com/images/I/51+kmkuhcgL.jpg,140266,width,6.0 inch
https://m.media-amazon.com/images/I/51KHZ-cbQ9L.jpg,140266,width,24.0 centimetre
https://m.media-amazon.com/images/I/51KHZ-cbQ9L.jpg,140266,height,24.0 centimetre
https://m.media-amazon.com/images/I/51KRLWomdpL.jpg,140266,width,0.78 inch
https://m.media-amazon.com/images/I/51KRLWomdpL.jpg,140266,height,2.36 inch
https://m.media-amazon.com/images/I/61+AnzbFmEL.jpg,140266,width,2.8 inch
https://m.media-amazon.com/images/I/61-m2Tk87KL.jpg,140266,width,7.0 centimetre
https://m.media-amazon.com/images/I/61B3IkznhoL.jpg,140266,width,2.6 inch
https://m.media-amazon.com/images/I/51C-9GlyH2L.jpg,140266,width,5.03 inch
https://m.media-amazon.com/images/I/51A+K1zN7+L.jpg,140266,width,88.0 millimetre
https://m.media-amazon.com/images/I/61CGWBX+76L.jpg,140266,width,2.76 inch
https://m.media-amazon.com/images/I/61CGWBX+76L.jpg,140266,height,9.72 inch
https://m.media-amazon.com/images/I/51E68AdTdUL.jpg,140266,width,80.0 millimetre
https://m.media-amazon.com/images/I/51E68AdTdUL.jpg,140266,height,75.0 millimetre
https://m.media-amazon.com/images/I/516XyVBP-mL.jpg,140266,width,2.0 inch
https://m.media-amazon.com/images/I/615qInx1ToL.jpg,140266,width,1.0 inch
https://m.media-amazon.com/images/I/51z-dF0VWyL.jpg,140266,width,1.6 inch
https://m.media-amazon.com/images/I/51z-dF0VWyL.jpg,140266,depth,1.6 inch
https://m.media-amazon.com/images/I/619i9vpdFML.jpg,140266,width,118.0 millimetre
https://m.media-amazon.com/images/I/51knpGqoRfL.jpg,140266,width,7.0 inch
https://m.media-amazon.com/images/I/51C-BhItl6S.jpg,140266,width,25.0 centimetre
https://m.media-amazon.com/images/I/611MLGD46wL.jpg,140266,width,11.0 centimetre
https://m.media-amazon.com/images/I/51SQtX-VOYL.jpg,140266,width,70.0 millimetre
https://m.media-amazon.com/images/I/51ypsiyQ2nL.jpg,140266,width,4.0 inch
https://m.media-amazon.com/images/I/51iInVj-5vL.jpg,140266,width,2.8 centimetre
https://m.media-amazon.com/images/I/51Zd3W5fsjL.jpg,140266,width,68.0 millimetre
https://m.media-amazon.com/images/I/61ApdVB1xDL.jpg,140266,width,5.3 centimetre
https://m.media-amazon.com/images/I/61ApdVB1xDL.jpg,140266,depth,46.0 centimetre
https://m.media-amazon.com/images/I/618vxWmWqXL.jpg,140266,width,160.0 millimetre
https://m.media-amazon.com/images/I/51PPKhfVBxL.jpg,140266,width,12.0 centimetre
https://m.media-amazon.com/images/I/51PPKhfVBxL.jpg,140266,depth,12.0 centimetre
https://m.media-amazon.com/images/I/51PPKhfVBxL.jpg,140266,height,20.0 centimetre
https://m.media-amazon.com/images/I/61-yfjyq78L.jpg,140266,width,9.5 centimetre
https://m.media-amazon.com/images/I/612eahSzdwL.jpg,140266,width,5.4 foot
https://m.media-amazon.com/images/I/612eahSzdwL.jpg,140266,depth,5.4 foot
https://m.media-amazon.com/images/I/51DyNcMOkbL.jpg,140266,width,2.3 centimetre
https://m.media-amazon.com/images/I/51Vow559X6L.jpg,140266,width,23.6 inch
https://m.media-amazon.com/images/I/51Rj+BSFUaL.jpg,140266,width,60.0 millimetre
https://m.media-amazon.com/images/I/51Rj+BSFUaL.jpg,140266,height,25.0 millimetre
https://m.media-amazon.com/images/I/61Bimu2iPDS.jpg,140266,depth,93.0 millimetre
https://m.media-amazon.com/images/I/614-oEQMlpS.jpg,140266,depth,16.0 inch
https://m.media-amazon.com/images/I/51YtXARJS1S.jpg,140266,depth,8.26 inch
https://m.media-amazon.com/images/I/6149eEFNlxL.jpg,140266,depth,19.5 centimetre
https://m.media-amazon.com/images/I/51BUPGmiCbL.jpg,140266,depth,20.0 centimetre
https://m.media-amazon.com/images/I/51ejaRzd+4L.jpg,140266,depth,0.5 inch
https://m.media-amazon.com/images/I/51tNwgfmJEL.jpg,140266,depth,12.0 inch
https://m.media-amazon.com/images/I/51AQzWmZoiL.jpg,140266,depth,20.0 centimetre
https://m.media-amazon.com/images/I/51AQzWmZoiL.jpg,140266,height,3.5 centimetre
https://m.media-amazon.com/images/I/51ypVBEpmJL.jpg,140266,depth,210.0 millimetre
https://m.media-amazon.com/images/I/612BsYuSwoL.jpg,140266,depth,10.0 centimetre
https://m.media-amazon.com/images/I/5115Y61RddL.jpg,140266,depth,20.0 centimetre
https://m.media-amazon.com/images/I/51Etlsei-XL.jpg,140266,depth,153.0 millimetre
https://m.media-amazon.com/images/I/51dmBdFstEL.jpg,140266,depth,28.0 millimetre
https://m.media-amazon.com/images/I/614GtyI5-vL.jpg,140266,depth,38.0 millimetre
https://m.media-amazon.com/images/I/614lGqHQJbL.jpg,140266,depth,11.8 inch
https://m.media-amazon.com/images/I/51ZePHHXqSL.jpg,140266,depth,0.5 metre
https://m.media-amazon.com/images/I/61+yEe-F-3L.jpg,140266,depth,3.5 centimetre
https://m.media-amazon.com/images/I/519Wi6SOQOL.jpg,140266,depth,0.42 inch
https://m.media-amazon.com/images/I/51y8YQ9sPtL.jpg,140266,depth,285.0 millimetre
https://m.media-amazon.com/images/I/51fmvT9sPXL.jpg,140266,depth,8.5 centimetre
https://m.media-amazon.com/images/I/61AvR9qcY8L.jpg,140266,depth,75.0 millimetre
https://m.media-amazon.com/images/I/51UmYrfqdeL.jpg,140266,depth,20.0 centimetre
https://m.media-amazon.com/images/I/51df-vsUICL.jpg,140266,depth,71.0 millimetre
https://m.media-amazon.com/images/I/61GDJ5+mLxL.jpg,140266,depth,11.8 inch
https://m.media-amazon.com/images/I/618QSDCDO9L.jpg,140266,depth,11.0 inch
https://m.media-amazon.com/images/I/51JG-r+5M+L.jpg,140266,depth,15.0 centimetre
https://m.media-amazon.com/images/I/61FAM+Wt1VL.jpg,140266,depth,19.2 inch
https://m.media-amazon.com/images/I/51j0xVhRQRL.jpg,140266,depth,22.04 inch
https://m.media-amazon.com/images/I/61AxMgbigDL.jpg,140266,depth,9.7 centimetre
https://m.media-amazon.com/images/I/61EgvqLBCqL.jpg,140266,depth,20.0 centimetre
https://m.media-amazon.com/images/I/61EgvqLBCqL.jpg,140266,height,40.0 centimetre
https://m.media-amazon.com/images/I/5176epw0e0L.jpg,140266,depth,2.6 centimetre
https://m.media-amazon.com/images/I/51tlWXWLNMS.jpg,140266,depth,46.0 inch
https://m.media-amazon.com/images/I/614vVThxLFS.jpg,140266,depth,80.0 millimetre
https://m.media-amazon.com/images/I/619vb5DsFEL.jpg,140266,depth,120.0 millimetre
https://m.media-amazon.com/images/I/51UhwJxb91L.jpg,140266,depth,210.0 millimetre
https://m.media-amazon.com/images/I/51GJ0VDmToL.jpg,140266,depth,210.0 millimetre
https://m.media-amazon.com/images/I/51nyzTbRgfL.jpg,140266,depth,80.0 millimetre
https://m.media-amazon.com/images/I/51fspiz6FEL.jpg,140266,depth,15.5 centimetre
https://m.media-amazon.com/images/I/61DSfVnSWVL.jpg,140266,depth,10.0 inch
https://m.media-amazon.com/images/I/61DSfVnSWVL.jpg,140266,height,1.0 inch
https://m.media-amazon.com/images/I/61EjUK7+1HL.jpg,140266,depth,78.0 millimetre
https://m.media-amazon.com/images/I/61EjUK7+1HL.jpg,140266,height,1.75 inch
https://m.media-amazon.com/images/I/615ym0EuirL.jpg,140266,depth,18.0 centimetre
https://m.media-amazon.com/images/I/61Ak7aZZPTL.jpg,140266,depth,6.29 inch
https://m.media-amazon.com/images/I/6119j-14BaL.jpg,140266,depth,4.0 inch
https://m.media-amazon.com/images/I/61GH8Nq1jrL.jpg,140266,depth,15.6 centimetre
https://m.media-amazon.com/images/I/611lrQ2RBsL.jpg,140266,depth,20.0 inch
https://m.media-amazon.com/images/I/51qNPtJmAnL.jpg,140266,depth,110.0 millimetre
https://m.media-amazon.com/images/I/61En35foFwL.jpg,140266,depth,14.0 inch
https://m.media-amazon.com/images/I/61En35foFwL.jpg,140266,height,1.1 inch
https://m.media-amazon.com/images/I/51pUhWzzCpL.jpg,140266,depth,73.0 millimetre
https://m.media-amazon.com/images/I/51pUhWzzCpL.jpg,140266,height,21.0 millimetre
https://m.media-amazon.com/images/I/51a3KtSJoeL.jpg,140266,depth,120.0 millimetre
https://m.media-amazon.com/images/I/512TTe6eFeL.jpg,140266,depth,5.0 inch
https://m.media-amazon.com/images/I/5164S8E1oYL.jpg,140266,depth,11.1 inch
https://m.media-amazon.com/images/I/61+PTurbE9L.jpg,140266,depth,178.0 millimetre
https://m.media-amazon.com/images/I/619hxcNUcRL.jpg,140266,depth,26.5 centimetre
https://m.media-amazon.com/images/I/510ASw9DtvL.jpg,140266,depth,9.0 centimetre
https://m.media-amazon.com/images/I/61CXdbEuJLL.jpg,140266,depth,14.5 centimetre
https://m.media-amazon.com/images/I/610dZGhs4DL.jpg,140266,depth,9.5 centimetre
https://m.media-amazon.com/images/I/6128mKzkNLL.jpg,140266,depth,10.0 inch
https://m.media-amazon.com/images/I/613LiwKct2L.jpg,140266,depth,8.0 inch
https://m.media-amazon.com/images/I/51b2RICaqfS.jpg,140266,depth,3.0 metre
https://m.media-amazon.com/images/I/51QaqelO+qL.jpg,140266,depth,40.0 centimetre
https://m.media-amazon.com/images/I/613Xadu-wyL.jpg,140266,depth,18.0 centimetre
https://m.media-amazon.com/images/I/51DTnxIZvQL.jpg,140266,depth,12.2 inch
https://m.media-amazon.com/images/I/616Zc6yghBL.jpg,140266,depth,25.0 inch
https://m.media-amazon.com/images/I/61B0TaZgzQL.jpg,140266,depth,1.073 metre
https://m.media-amazon.com/images/I/618FJunTYbL.jpg,140266,depth,8.0 inch
https://m.media-amazon.com/images/I/61C8Gih-L9L.jpg,140266,depth,0.41 metre
https://m.media-amazon.com/images/I/616d1hlY5bS.jpg,140266,depth,2.125 inch
https://m.media-amazon.com/images/I/616d1hlY5bS.jpg,140266,height,185.6 millimetre
https://m.media-amazon.com/images/I/41tSlQb3zgL.jpg,140266,depth,54.0 millimetre
https://m.media-amazon.com/images/I/61G+Cg5bsqL.jpg,140266,depth,4.8 inch
https://m.media-amazon.com/images/I/61ETM4vpc0L.jpg,140266,depth,4.17 inch
https://m.media-amazon.com/images/I/6174zpYH8qL.jpg,140266,depth,12.9 centimetre
https://m.media-amazon.com/images/I/6180HZ+yc6L.jpg,140266,depth,43.3 millimetre
https://m.media-amazon.com/images/I/616oQWDId3L.jpg,140266,depth,8.0 inch
https://m.media-amazon.com/images/I/51xyIMk4nIL.jpg,140266,depth,120.0 millimetre
https://m.media-amazon.com/images/I/51DMJr9q5rL.jpg,140266,depth,30.0 inch
https://m.media-amazon.com/images/I/51BRa9aAjwL.jpg,140266,depth,10.0 centimetre
https://m.media-amazon.com/images/I/51BRa9aAjwL.jpg,140266,height,10.0 centimetre
https://m.media-amazon.com/images/I/617h4Of0d9L.jpg,140266,depth,2.0 inch
https://m.media-amazon.com/images/I/6109Vtmz6bL.jpg,140266,depth,2.2 inch
https://m.media-amazon.com/images/I/51opAtZ8mmL.jpg,140266,depth,2.04 inch
https://m.media-amazon.com/images/I/61G46hTi5vL.jpg,140266,depth,18.5 centimetre
https://m.media-amazon.com/images/I/61+JarBzVZL.jpg,140266,depth,30.0 centimetre
https://m.media-amazon.com/images/I/51YP4twNJYL.jpg,140266,depth,5.0 inch
https://m.media-amazon.com/images/I/619reN3pxpL.jpg,140266,depth,30.0 centimetre
https://m.media-amazon.com/images/I/6125DhtT3tL.jpg,140266,depth,10.0 inch
https://m.media-amazon.com/images/I/513Ly++L6zL.jpg,140266,depth,130.0 millimetre
https://m.media-amazon.com/images/I/51o6eyNBWmL.jpg,140266,depth,50.0 millimetre
https://m.media-amazon.com/images/I/61EDF1VVlSL.jpg,140266,depth,60.0 millimetre
https://m.media-amazon.com/images/I/51ztzWINnnL.jpg,140266,depth,62.0 millimetre
https://m.media-amazon.com/images/I/611vTaIKLlL.jpg,140266,depth,12.0 inch
https://m.media-amazon.com/images/I/51aoDz0huSS.jpg,140266,depth,65.0 millimetre
https://m.media-amazon.com/images/I/51598Yi1LlL.jpg,140266,depth,20.0 centimetre
https://m.media-amazon.com/images/I/51bLCaTdpcL.jpg,140266,depth,12.0 centimetre
https://m.media-amazon.com/images/I/610qmxJRgFL.jpg,140266,depth,93.0 millimetre
https://m.media-amazon.com/images/I/51SxD3wbdkL.jpg,140266,depth,48.5 centimetre
https://m.media-amazon.com/images/I/515lWGwPlZL.jpg,140266,height,1.25 inch
https://m.media-amazon.com/images/I/519XBoc7KFL.jpg,140266,height,33.5 centimetre
https://m.media-amazon.com/images/I/612ATgcdkEL.jpg,140266,height,17.3 centimetre
https://m.media-amazon.com/images/I/51Lzq6mUHTL.jpg,140266,height,2.75 inch
https://m.media-amazon.com/images/I/51UPt0Z6sDL.jpg,140266,height,24.0 millimetre
https://m.media-amazon.com/images/I/516jXgj7yJL.jpg,140266,height,6.6 centimetre
https://m.media-amazon.com/images/I/51mVVKP0zHL.jpg,140266,height,13.98 inch
https://m.media-amazon.com/images/I/615j9YNhckS.jpg,140266,height,2.6 centimetre
https://m.media-amazon.com/images/I/51c5jSBFz0L.jpg,140266,height,75.0 millimetre
https://m.media-amazon.com/images/I/61+VuZUyCsL.jpg,140266,height,1.88 inch
https://m.media-amazon.com/images/I/618SN+5rtnL.jpg,140266,height,12.0 inch
https://m.media-amazon.com/images/I/61-EDQK6cCL.jpg,140266,height,2.44 inch
https://m.media-amazon.com/images/I/51cB4kRjk9L.jpg,140266,height,231.0 millimetre
https://m.media-amazon.com/images/I/614Fjr8RhBL.jpg,140266,height,30.0 centimetre
https://m.media-amazon.com/images/I/51JZRWeSwuL.jpg,140266,height,140.0 centimetre
https://m.media-amazon.com/images/I/51PVf6ZrnML.jpg,140266,height,0.7 inch
https://m.media-amazon.com/images/I/614Hv1Ylv3L.jpg,140266,height,4.8 inch
https://m.media-amazon.com/images/I/51-Afg+T78L.jpg,140266,height,83.0 millimetre
https://m.media-amazon.com/images/I/612NEKS0YeL.jpg,140266,height,16.3 centimetre
https://m.media-amazon.com/images/I/6124xPCYBgL.jpg,140266,height,60.0 centimetre
https://m.media-amazon.com/images/I/61DlL3AxnCL.jpg,140266,height,92.5 millimetre
https://m.media-amazon.com/images/I/514NGnWIxaL.jpg,140266,height,24.0 millimetre
https://m.media-amazon.com/images/I/612lQoR9IpL.jpg,140266,height,1.57 inch
https://m.media-amazon.com/images/I/61EmIW2YP4L.jpg,140266,height,3.3 inch
https://m.media-amazon.com/images/I/611mMAU6qPL.jpg,140266,height,25.0 millimetre
https://m.media-amazon.com/images/I/518DUaKSD0L.jpg,140266,height,120.0 millimetre
https://m.media-amazon.com/images/I/51aKULXLUaL.jpg,140266,height,52.0 millimetre
https://m.media-amazon.com/images/I/51JSyONeBxL.jpg,140266,height,4.3 centimetre
https://m.media-amazon.com/images/I/610hbT5YM8L.jpg,140266,height,5.3 inch
https://m.media-amazon.com/images/I/51HR-rdDHsL.jpg,140266,height,13.0 inch
https://m.media-amazon.com/images/I/61793cN89RL.jpg,140266,height,3.0 inch
https://m.media-amazon.com/images/I/41edLX7zj4S.jpg,140266,height,165.0 millimetre
https://m.media-amazon.com/images/I/611yh8-RjGL.jpg,140266,height,1.0 inch
https://m.media-amazon.com/images/I/61DXQUEynjL.jpg,140266,height,1.57 inch
https://m.media-amazon.com/images/I/51AbNMYjKfL.jpg,140266,height,3.0 inch
https://m.media-amazon.com/images/I/51fRFL943VL.jpg,140266,height,4.3 inch
https://m.media-amazon.com/images/I/615nBdij64L.jpg,140266,height,7.0 inch
https://m.media-amazon.com/images/I/613OzyrKLDL.jpg,140266,height,15.7 inch
https://m.media-amazon.com/images/I/613AzGTGRmL.jpg,140266,height,6.3 inch
https://m.media-amazon.com/images/I/51kz-oXJubL.jpg,140266,height,20.2 centimetre
https://m.media-amazon.com/images/I/51M3FLwnIoL.jpg,140266,height,0.5 metre
https://m.media-amazon.com/images/I/617ch6nAz5L.jpg,140266,height,1.0 metre
https://m.media-amazon.com/images/I/610EqPUnRFS.jpg,140266,height,95.0 millimetre
https://m.media-amazon.com/images/I/51D8pdJjusL.jpg,140266,height,0.1 metre
https://m.media-amazon.com/images/I/51P3R6p8m6L.jpg,140266,height,0.5 metre
https://m.media-amazon.com/images/I/51Gjx-WFjUL.jpg,140266,height,7.5 centimetre
https://m.media-amazon.com/images/I/61BaqQ5u+FL.jpg,140266,height,30.0 millimetre
https://m.media-amazon.com/images/I/61COQqw79LL.jpg,140266,height,10.0 centimetre
https://m.media-amazon.com/images/I/612Jf4VPW+L.jpg,140266,height,42.5 centimetre
https://m.media-amazon.com/images/I/51hIZLwJvRL.jpg,140266,height,120.0 millimetre
https://m.media-amazon.com/images/I/41qwGpc3PbL.jpg,140266,height,1.0 inch
https://m.media-amazon.com/images/I/51s3vVU70xL.jpg,140266,height,49.0 millimetre
https://m.media-amazon.com/images/I/61+05o3pCUL.jpg,140266,height,2.6 inch
https://m.media-amazon.com/images/I/611TCJdv2HL.jpg,140266,height,20.0 inch
https://m.media-amazon.com/images/I/51XY9UxmvzL.jpg,140266,height,33.0 centimetre
https://m.media-amazon.com/images/I/616I5IdNBxL.jpg,140266,height,27.5 centimetre
https://m.media-amazon.com/images/I/51iSYo8XbfL.jpg,140266,height,120.0 millimetre
https://m.media-amazon.com/images/I/61+KspfhrML.jpg,140266,height,260.0 millimetre
https://m.media-amazon.com/images/I/618nOVJRv6S.jpg,140266,height,115.0 millimetre
https://m.media-amazon.com/images/I/613CvM+jLgL.jpg,140266,height,17.3 millimetre
https://m.media-amazon.com/images/I/612PJsWoMeL.jpg,140266,height,50.0 centimetre
https://m.media-amazon.com/images/I/517E5-9KIAL.jpg,140266,height,4.5 inch
https://m.media-amazon.com/images/I/61-eQp3XEjL.jpg,140266,height,3.0 inch
https://m.media-amazon.com/images/I/61DkQCfCfPS.jpg,140266,height,19.0 inch
https://m.media-amazon.com/images/I/51jIG+ZlwtL.jpg,140266,height,66.0 millimetre
https://m.media-amazon.com/images/I/614Uu+qPhTS.jpg,140266,height,16.0 inch
https://m.media-amazon.com/images/I/61+2L39FPGL.jpg,140266,height,2.19 inch
https://m.media-amazon.com/images/I/51s4dk7UjoL.jpg,140266,height,12.0 inch
https://m.media-amazon.com/images/I/5109Dya0qRL.jpg,140266,height,1.0 inch
https://m.media-amazon.com/images/I/51z5qDl9oQL.jpg,140266,height,7.5 centimetre
https://m.media-amazon.com/images/I/51HE1yJ1P-L.jpg,140266,height,0.5 metre
https://m.media-amazon.com/images/I/51UJjXhMneL.jpg,140266,height,20.0 centimetre
https://m.media-amazon.com/images/I/417UU4IBwXL.jpg,140266,height,26.5 centimetre
https://m.media-amazon.com/images/I/51xDaD1gXzL.jpg,140266,height,11.8 inch
https://m.media-amazon.com/images/I/41BeyWLNMTL.jpg,140266,height,8.06 inch
https://m.media-amazon.com/images/I/618P01ZBI0L.jpg,140266,height,5.9 centimetre
https://m.media-amazon.com/images/I/612x-6HhvFL.jpg,140266,height,3.0 inch
https://m.media-amazon.com/images/I/61-Oro6+diL.jpg,140266,height,150.0 centimetre
https://m.media-amazon.com/images/I/61+CMp9P99L.jpg,140266,height,1.0 inch
https://m.media-amazon.com/images/I/51KWdw8OhyL.jpg,140266,height,3.0 inch
https://m.media-amazon.com/images/I/51K3rBzfKAL.jpg,140266,height,85.0 millimetre
https://m.media-amazon.com/images/I/41WAeVfuXBL.jpg,140266,height,62.0 millimetre
https://m.media-amazon.com/images/I/61Bvz6xkRGL.jpg,140266,height,31.5 centimetre
https://m.media-amazon.com/images/I/51F+lwweXFL.jpg,140266,height,4.1 centimetre
https://m.media-amazon.com/images/I/615m7Tfis1L.jpg,140266,height,380.0 millimetre
https://m.media-amazon.com/images/I/51qFYOCTQmL.jpg,140266,height,37.5 centimetre
https://m.media-amazon.com/images/I/51+1wbkyRXL.jpg,140266,height,230.0 millimetre
https://m.media-amazon.com/images/I/61DrgjB01OL.jpg,140266,height,1.0 foot
https://m.media-amazon.com/images/I/417GApzdY3L.jpg,140266,height,30.0 millimetre
https://m.media-amazon.com/images/I/61+k9621OAL.jpg,140266,height,19.0 centimetre
https://m.media-amazon.com/images/I/51Bh2ZO0eXL.jpg,140266,height,42.0 centimetre
