image_link,group_id,entity_name,entity_value
https://m.media-amazon.com/images/I/614pe-FownL.jpg,358831,width,6.0 millimetre
https://m.media-amazon.com/images/I/51cnXm9XptL.jpg,358831,width,1.5 centimetre
https://m.media-amazon.com/images/I/617Pv8yFCDL.jpg,358831,width,7.0 centimetre
https://m.media-amazon.com/images/I/617Pv8yFCDL.jpg,358831,depth,60.0 centimetre
https://m.media-amazon.com/images/I/41Qk+bmAf8L.jpg,358831,width,10.0 centimetre
https://m.media-amazon.com/images/I/51spe2EB08L.jpg,358831,width,3.5 inch
https://m.media-amazon.com/images/I/51spe2EB08L.jpg,358831,depth,35.4 inch
https://m.media-amazon.com/images/I/51nTmAbw20L.jpg,358831,width,1.65 inch
https://m.media-amazon.com/images/I/6188tkx3EcL.jpg,358831,width,0.78 inch
https://m.media-amazon.com/images/I/41fWmPYGrUL.jpg,358831,width,0.51 inch
https://m.media-amazon.com/images/I/51mksPOj9RL.jpg,358831,width,1.2 centimetre
https://m.media-amazon.com/images/I/51gFgTab5NL.jpg,358831,width,85.0 millimetre
https://m.media-amazon.com/images/I/51n3vm7aLcL.jpg,358831,width,1.65 inch
https://m.media-amazon.com/images/I/51inNufH4eL.jpg,358831,width,1.0 centimetre
https://m.media-amazon.com/images/I/51inNufH4eL.jpg,358831,depth,0.98 inch
https://m.media-amazon.com/images/I/51-ozDJQY0L.jpg,358831,width,2.2 centimetre
https://m.media-amazon.com/images/I/51OLHhD7CyL.jpg,358831,width,9.0 centimetre
https://m.media-amazon.com/images/I/41XJgGyvRXL.jpg,358831,width,105.0 millimetre
https://m.media-amazon.com/images/I/617YqZ71tnL.jpg,358831,width,9.2 centimetre
https://m.media-amazon.com/images/I/51LKNFvV0UL.jpg,358831,width,20.0 centimetre
https://m.media-amazon.com/images/I/51WXdJB6YNL.jpg,358831,width,1.53 centimetre
https://m.media-amazon.com/images/I/615A-X6IvVL.jpg,358831,width,5.4 centimetre
https://m.media-amazon.com/images/I/515D4ihRlVL.jpg,358831,width,10.0 millimetre
https://m.media-amazon.com/images/I/610J+coH91L.jpg,358831,width,1.38 inch
https://m.media-amazon.com/images/I/5147SYZXPbL.jpg,358831,width,1.4 centimetre
https://m.media-amazon.com/images/I/512uo5zdIoL.jpg,358831,width,1.0 centimetre
https://m.media-amazon.com/images/I/41r4SpZtveL.jpg,358831,width,7.0 centimetre
https://m.media-amazon.com/images/I/51aZg8QC0NL.jpg,358831,width,85.0 millimetre
https://m.media-amazon.com/images/I/51gFg4mbRmL.jpg,358831,width,10.0 centimetre
https://m.media-amazon.com/images/I/6189aGkPP+S.jpg,358831,width,4.6 centimetre
https://m.media-amazon.com/images/I/6189aGkPP+S.jpg,358831,depth,52.5 centimetre
https://m.media-amazon.com/images/I/514u7PVDfgL.jpg,358831,width,0.58 inch
https://m.media-amazon.com/images/I/51SY97Zu6YL.jpg,358831,width,1.69 inch
https://m.media-amazon.com/images/I/5196LKQE7NL.jpg,358831,width,8.0 centimetre
https://m.media-amazon.com/images/I/51UHKcrgEqL.jpg,358831,width,7.9 centimetre
https://m.media-amazon.com/images/I/41eS3bw7OUL.jpg,358831,width,5.6 centimetre
https://m.media-amazon.com/images/I/51KwBr3LHjL.jpg,358831,width,3.8 centimetre
https://m.media-amazon.com/images/I/41k5zo4ARVS.jpg,358831,width,3.14 inch
https://m.media-amazon.com/images/I/61-WvuQ9muL.jpg,358831,width,5.0 centimetre
https://m.media-amazon.com/images/I/41Kwi8S-YtL.jpg,358831,width,1.8 inch
https://m.media-amazon.com/images/I/31jzEYsUBHS.jpg,358831,width,217.0 millimetre
https://m.media-amazon.com/images/I/51YuWJm6xmL.jpg,358831,width,30.0 millimetre
https://m.media-amazon.com/images/I/51sWX3BFZdL.jpg,358831,width,12.0 millimetre
https://m.media-amazon.com/images/I/51RpAYkgnwL.jpg,358831,width,10.0 centimetre
https://m.media-amazon.com/images/I/51tUC2W9ztL.jpg,358831,width,35.5 millimetre
https://m.media-amazon.com/images/I/51yPS4oNRLL.jpg,358831,width,1.96 inch
https://m.media-amazon.com/images/I/51B+o+6FxjL.jpg,358831,width,4.0 centimetre
https://m.media-amazon.com/images/I/419nj1uf-9L.jpg,358831,width,12.5 millimetre
https://m.media-amazon.com/images/I/61EHA31QnuL.jpg,358831,width,55.0 millimetre
https://m.media-amazon.com/images/I/51q02WYhDWL.jpg,358831,width,20.0 centimetre
https://m.media-amazon.com/images/I/414wvaIDYeL.jpg,358831,width,10.5 centimetre
https://m.media-amazon.com/images/I/51DbLbLH+0L.jpg,358831,width,9.0 centimetre
https://m.media-amazon.com/images/I/51bt7oi+wRL.jpg,358831,width,6.5 centimetre
https://m.media-amazon.com/images/I/614+WpsETnL.jpg,358831,width,18.0 millimetre
https://m.media-amazon.com/images/I/515G0YxPgRL.jpg,358831,width,7.2 centimetre
https://m.media-amazon.com/images/I/619LJejVJgL.jpg,358831,width,2.3 centimetre
https://m.media-amazon.com/images/I/515UCzbhXFL.jpg,358831,width,3.0 millimetre
https://m.media-amazon.com/images/I/61-90HmNw2L.jpg,358831,width,2.5 centimetre
https://m.media-amazon.com/images/I/6123lHO1v4L.jpg,358831,width,7.0 centimetre
https://m.media-amazon.com/images/I/51K8m5mfUkL.jpg,358831,width,0.25 inch
https://m.media-amazon.com/images/I/41tVJIu+7YL.jpg,358831,width,7.3 centimetre
https://m.media-amazon.com/images/I/61G0PGtIBHL.jpg,358831,width,5.0 millimetre
https://m.media-amazon.com/images/I/61AFN-gqxoL.jpg,358831,width,23.0 millimetre
https://m.media-amazon.com/images/I/51aAI8sRY0L.jpg,358831,width,2.5 centimetre
https://m.media-amazon.com/images/I/51JJgOzeynL.jpg,358831,width,6.0 centimetre
https://m.media-amazon.com/images/I/51BQQFv5XvL.jpg,358831,width,12.0 centimetre
https://m.media-amazon.com/images/I/51Y2AphAJ9L.jpg,358831,width,22.0 inch
https://m.media-amazon.com/images/I/51Y2AphAJ9L.jpg,358831,depth,7.0 metre
https://m.media-amazon.com/images/I/61BNDzjqaLL.jpg,358831,width,15.0 millimetre
https://m.media-amazon.com/images/I/51+zimA5cJL.jpg,358831,width,20.0 centimetre
https://m.media-amazon.com/images/I/41+kGOvNDEL.jpg,358831,width,7.5 centimetre
https://m.media-amazon.com/images/I/6132mOGdF6L.jpg,358831,width,8.0 centimetre
https://m.media-amazon.com/images/I/51ylJIw5nTL.jpg,358831,width,7.0 centimetre
https://m.media-amazon.com/images/I/51Xn60VW3WL.jpg,358831,width,0.19 inch
https://m.media-amazon.com/images/I/615EiAspEkL.jpg,358831,width,7.0 centimetre
https://m.media-amazon.com/images/I/615EiAspEkL.jpg,358831,depth,40.0 centimetre
https://m.media-amazon.com/images/I/51Slg2f8G8L.jpg,358831,width,0.5 centimetre
https://m.media-amazon.com/images/I/5153RBCG7tL.jpg,358831,width,75.0 millimetre
https://m.media-amazon.com/images/I/51INUkzCYGL.jpg,358831,width,2.3 centimetre
https://m.media-amazon.com/images/I/51ATCTBwUUL.jpg,358831,width,5.0 centimetre
https://m.media-amazon.com/images/I/61ADT-NjlhL.jpg,358831,width,0.5 centimetre
https://m.media-amazon.com/images/I/61EHBN4CSNL.jpg,358831,width,1.97 inch
https://m.media-amazon.com/images/I/6166JINfIkL.jpg,358831,width,1.97 inch
https://m.media-amazon.com/images/I/614LfutYhjL.jpg,358831,width,3.2 centimetre
https://m.media-amazon.com/images/I/51VYD0qeGlL.jpg,358831,width,6.0 centimetre
https://m.media-amazon.com/images/I/61+P4x1DTyL.jpg,358831,width,8.0 centimetre
https://m.media-amazon.com/images/I/610nfXJjPdL.jpg,358831,width,2.75 inch
https://m.media-amazon.com/images/I/51gT6wksiQL.jpg,358831,width,2.0 inch
https://m.media-amazon.com/images/I/51TCmkm5TML.jpg,358831,width,8.0 centimetre
https://m.media-amazon.com/images/I/51BrUFE+H-L.jpg,358831,width,22.0 millimetre
https://m.media-amazon.com/images/I/51U8+0KRtzL.jpg,358831,width,5.2 centimetre
https://m.media-amazon.com/images/I/61CSdAS9blL.jpg,358831,width,2.8 inch
https://m.media-amazon.com/images/I/6177uO6kKxL.jpg,358831,width,6.0 centimetre
https://m.media-amazon.com/images/I/6177uO6kKxL.jpg,358831,depth,90.0 centimetre
https://m.media-amazon.com/images/I/51XimHD9X3L.jpg,358831,width,2.75 inch
https://m.media-amazon.com/images/I/51MfbRUN9SL.jpg,358831,width,7.0 centimetre
https://m.media-amazon.com/images/I/41cSYfziR6L.jpg,358831,width,1.77 inch
https://m.media-amazon.com/images/I/51r7NBBhXmL.jpg,358831,width,2.8 centimetre
https://m.media-amazon.com/images/I/51A7B5xhz3L.jpg,358831,width,7.0 centimetre
https://m.media-amazon.com/images/I/51V7I-+fQsL.jpg,358831,width,0.39 inch
https://m.media-amazon.com/images/I/41SLxVm-0vL.jpg,358831,width,9.0 centimetre
https://m.media-amazon.com/images/I/51Lpc7IbUNL.jpg,358831,width,4.61 inch
https://m.media-amazon.com/images/I/51Lpc7IbUNL.jpg,358831,depth,23.22 inch
https://m.media-amazon.com/images/I/51jxa9e+gKL.jpg,358831,width,1.0 inch
https://m.media-amazon.com/images/I/61EJ+bxQ-TL.jpg,358831,width,1.7 centimetre
https://m.media-amazon.com/images/I/51z+QWmaIFL.jpg,358831,width,15.0 millimetre
https://m.media-amazon.com/images/I/611WJiOIiVL.jpg,358831,width,2.75 inch
https://m.media-amazon.com/images/I/41yfy3RlciL.jpg,358831,width,4.9 centimetre
https://m.media-amazon.com/images/I/61DOU0+HgWL.jpg,358831,width,1.2 centimetre
https://m.media-amazon.com/images/I/514e5klz4rL.jpg,358831,width,2.0 centimetre
https://m.media-amazon.com/images/I/41y7AEBIj+L.jpg,358831,width,3.15 inch
https://m.media-amazon.com/images/I/51iPmy8pNRL.jpg,358831,width,1.0 centimetre
https://m.media-amazon.com/images/I/51e5-6pYezL.jpg,358831,width,30.7 millimetre
https://m.media-amazon.com/images/I/51e5-6pYezL.jpg,358831,depth,392.0 millimetre
https://m.media-amazon.com/images/I/51HuSrcr4oS.jpg,358831,width,2.83 inch
https://m.media-amazon.com/images/I/415Wjn6RI7L.jpg,358831,width,10.4 centimetre
https://m.media-amazon.com/images/I/515lyww1WpL.jpg,358831,width,2.1 centimetre
https://m.media-amazon.com/images/I/41PHx8pZSKL.jpg,358831,width,13.8 centimetre
https://m.media-amazon.com/images/I/61BqLi3+j7L.jpg,358831,width,14.0 millimetre
https://m.media-amazon.com/images/I/61BqLi3+j7L.jpg,358831,depth,2.0 metre
https://m.media-amazon.com/images/I/51Oh8ix7AJL.jpg,358831,width,13.78 inch
https://m.media-amazon.com/images/I/616TmZ1bzfL.jpg,358831,width,25.0 centimetre
https://m.media-amazon.com/images/I/51VteQCP6vL.jpg,358831,width,7.0 centimetre
https://m.media-amazon.com/images/I/611Dqgnn3ML.jpg,358831,width,0.78 inch
https://m.media-amazon.com/images/I/51-mvfBYzYL.jpg,358831,width,1.8 inch
https://m.media-amazon.com/images/I/51vAYquWxoL.jpg,358831,width,3.2 centimetre
https://m.media-amazon.com/images/I/517h94AN3bL.jpg,358831,width,14.7 centimetre
https://m.media-amazon.com/images/I/610ezCQVJnL.jpg,358831,width,8.0 centimetre
https://m.media-amazon.com/images/I/51Vp+nDrEHL.jpg,358831,width,13.9 millimetre
https://m.media-amazon.com/images/I/51CnjvHqbqL.jpg,358831,width,3.0 millimetre
https://m.media-amazon.com/images/I/611TIZ4Q+JL.jpg,358831,width,11.0 centimetre
https://m.media-amazon.com/images/I/41uS7zYD16L.jpg,358831,width,7.3 centimetre
https://m.media-amazon.com/images/I/51r9K+GdKbL.jpg,358831,width,8.0 centimetre
https://m.media-amazon.com/images/I/51mm1+hYORL.jpg,358831,width,40.0 centimetre
https://m.media-amazon.com/images/I/51boI+5lxyL.jpg,358831,width,1.1 inch
https://m.media-amazon.com/images/I/51Ph2ZJz8SS.jpg,358831,width,5.0 centimetre
https://m.media-amazon.com/images/I/51h2JUe+5XL.jpg,358831,width,6.0 millimetre
https://m.media-amazon.com/images/I/51uZEpWaAzL.jpg,358831,width,2.0 centimetre
https://m.media-amazon.com/images/I/51MfhmsZKHL.jpg,358831,width,0.5 inch
https://m.media-amazon.com/images/I/61AdZLyQGOL.jpg,358831,width,1.37 inch
https://m.media-amazon.com/images/I/6117LWBVT1S.jpg,358831,width,30.0 centimetre
https://m.media-amazon.com/images/I/51VBwcYpvUL.jpg,358831,width,1.6 centimetre
https://m.media-amazon.com/images/I/51A8meqAOdL.jpg,358831,width,1.5 inch
https://m.media-amazon.com/images/I/51A8meqAOdL.jpg,358831,depth,15.7 inch
https://m.media-amazon.com/images/I/51wAC7ekQLL.jpg,358831,width,4.0 centimetre
https://m.media-amazon.com/images/I/51e6vkW-2pL.jpg,358831,width,10.5 centimetre
https://m.media-amazon.com/images/I/41AiZn1jsPL.jpg,358831,width,0.55 inch
https://m.media-amazon.com/images/I/512Ne3zHAmL.jpg,358831,width,3.2 centimetre
https://m.media-amazon.com/images/I/51cy4fP7RNL.jpg,358831,width,0.59 inch
https://m.media-amazon.com/images/I/41YkMBCeFJL.jpg,358831,width,6.0 centimetre
https://m.media-amazon.com/images/I/51D-J7r455L.jpg,358831,width,60.0 centimetre
https://m.media-amazon.com/images/I/613Dvzs4wCL.jpg,358831,width,5.0 centimetre
https://m.media-amazon.com/images/I/411Yl6vfeNL.jpg,358831,width,2.5 centimetre
https://m.media-amazon.com/images/I/51buf4zVxeL.jpg,358831,width,11.0 centimetre
https://m.media-amazon.com/images/I/61CyXKvx8JL.jpg,358831,width,7.0 centimetre
https://m.media-amazon.com/images/I/51uhR4ZRLPS.jpg,358831,width,8.0 centimetre
https://m.media-amazon.com/images/I/614UAZnsWfL.jpg,358831,width,20.0 centimetre
https://m.media-amazon.com/images/I/51v3A-oiYSL.jpg,358831,width,105.0 millimetre
https://m.media-amazon.com/images/I/61DSMM26I0L.jpg,358831,width,0.39 inch
https://m.media-amazon.com/images/I/41L6BVKojwL.jpg,358831,width,37.0 centimetre
https://m.media-amazon.com/images/I/41a6+BXFj4L.jpg,358831,width,12.7 centimetre
https://m.media-amazon.com/images/I/51ogCCXbvhL.jpg,358831,width,11.5 centimetre
https://m.media-amazon.com/images/I/51MHL-NR7aL.jpg,358831,width,0.5 inch
https://m.media-amazon.com/images/I/5197h+JXEhS.jpg,358831,width,20.0 millimetre
https://m.media-amazon.com/images/I/51AQy2ehfxL.jpg,358831,width,3.5 centimetre
https://m.media-amazon.com/images/I/51wIwQJvzjS.jpg,358831,width,7.0 centimetre
https://m.media-amazon.com/images/I/613fYxHhx+L.jpg,358831,width,2.0 inch
https://m.media-amazon.com/images/I/51bMJP4JM-L.jpg,358831,width,78.0 millimetre
https://m.media-amazon.com/images/I/6143T3OsO4L.jpg,358831,width,0.28 inch
https://m.media-amazon.com/images/I/511OvytI2gL.jpg,358831,width,2.8 centimetre
https://m.media-amazon.com/images/I/6110+zVhMoL.jpg,358831,width,1.0 centimetre
https://m.media-amazon.com/images/I/61Av2AKOd6L.jpg,358831,width,0.67 inch
https://m.media-amazon.com/images/I/51dM0J70iIL.jpg,358831,width,7.0 centimetre
https://m.media-amazon.com/images/I/51v3WEtMx0L.jpg,358831,width,11.0 centimetre
https://m.media-amazon.com/images/I/61BCnRl2RuL.jpg,358831,width,0.2 inch
https://m.media-amazon.com/images/I/41Yx7fFZqiL.jpg,358831,width,10.0 millimetre
https://m.media-amazon.com/images/I/41BF45ly+IL.jpg,358831,width,1.7 centimetre
https://m.media-amazon.com/images/I/5162U03s4tL.jpg,358831,width,7.0 centimetre
https://m.media-amazon.com/images/I/516L8dbE1kL.jpg,358831,width,1.4 centimetre
https://m.media-amazon.com/images/I/51ZaOxfmANL.jpg,358831,width,1.2 centimetre
https://m.media-amazon.com/images/I/615sHEUzmcL.jpg,358831,width,0.5 centimetre
https://m.media-amazon.com/images/I/614EJVK-8kL.jpg,358831,width,15.0 millimetre
https://m.media-amazon.com/images/I/614EJVK-8kL.jpg,358831,depth,5.0 metre
https://m.media-amazon.com/images/I/51ttvmHIWML.jpg,358831,width,7.0 centimetre
https://m.media-amazon.com/images/I/51NYVHza2qL.jpg,358831,width,9.0 centimetre
https://m.media-amazon.com/images/I/51P10yz6mDL.jpg,358831,width,13.0 centimetre
https://m.media-amazon.com/images/I/615w2SJFoSL.jpg,358831,width,1.44 inch
https://m.media-amazon.com/images/I/61+p7x7oZsL.jpg,358831,width,3.5 centimetre
https://m.media-amazon.com/images/I/61+p7x7oZsL.jpg,358831,depth,46.0 centimetre
https://m.media-amazon.com/images/I/51sslCTLC-L.jpg,358831,width,4.5 centimetre
https://m.media-amazon.com/images/I/51b64Ik1bZL.jpg,358831,width,10.0 millimetre
https://m.media-amazon.com/images/I/51LWeOucHzL.jpg,358831,width,3.9 inch
https://m.media-amazon.com/images/I/51WBgaMNgxL.jpg,358831,width,8.5 centimetre
https://m.media-amazon.com/images/I/41HACzo9gWS.jpg,358831,width,5.0 centimetre
https://m.media-amazon.com/images/I/51iAMPSbc+L.jpg,358831,width,10.4 centimetre
https://m.media-amazon.com/images/I/51iAMPSbc+L.jpg,358831,depth,10.4 centimetre
https://m.media-amazon.com/images/I/51lbsKtLEjL.jpg,358831,width,2.5 centimetre
https://m.media-amazon.com/images/I/51s281SiIkL.jpg,358831,width,6.5 millimetre
https://m.media-amazon.com/images/I/61BHHAh0KZL.jpg,358831,width,9.5 centimetre
https://m.media-amazon.com/images/I/41+acEXOieS.jpg,358831,width,3.0 centimetre
https://m.media-amazon.com/images/I/41+acEXOieS.jpg,358831,depth,10.0 metre
https://m.media-amazon.com/images/I/614MREjAYKL.jpg,358831,width,7.5 centimetre
https://m.media-amazon.com/images/I/516Qhru5rML.jpg,358831,width,7.0 centimetre
https://m.media-amazon.com/images/I/51pkrzD4oZL.jpg,358831,width,10.2 centimetre
https://m.media-amazon.com/images/I/61B2GHX9CdL.jpg,358831,width,3.74 inch
https://m.media-amazon.com/images/I/51KCG0aG29L.jpg,358831,depth,7.87 inch
https://m.media-amazon.com/images/I/419Db8KnoLS.jpg,358831,depth,105.0 centimetre
https://m.media-amazon.com/images/I/613Nqy6QNKL.jpg,358831,depth,5.0 metre
https://m.media-amazon.com/images/I/41nrKrp2yJL.jpg,358831,depth,80.0 centimetre
https://m.media-amazon.com/images/I/51vT1hWDPJL.jpg,358831,depth,170.0 millimetre
https://m.media-amazon.com/images/I/61C+iO3PtqL.jpg,358831,depth,25.0 centimetre
https://m.media-amazon.com/images/I/51XtnbqYqKL.jpg,358831,depth,75.0 millimetre
https://m.media-amazon.com/images/I/51Jc1TEaVmL.jpg,358831,depth,2.5 centimetre
https://m.media-amazon.com/images/I/611fLfO5AGL.jpg,358831,depth,90.0 centimetre
https://m.media-amazon.com/images/I/61Am4wDIJRL.jpg,358831,depth,2.8 centimetre
https://m.media-amazon.com/images/I/61Fs6ggYwGL.jpg,358831,depth,5.0 metre
https://m.media-amazon.com/images/I/41fEB-4UdCL.jpg,358831,depth,35.43 inch
https://m.media-amazon.com/images/I/414UbLAtR4L.jpg,358831,depth,7.0 centimetre
https://m.media-amazon.com/images/I/61-k-dojHjL.jpg,358831,depth,2.0 metre
https://m.media-amazon.com/images/I/51i6i79kbuL.jpg,358831,depth,90.0 centimetre
https://m.media-amazon.com/images/I/514wFlkst2S.jpg,358831,depth,2.8 centimetre
https://m.media-amazon.com/images/I/612Fo8bqc9L.jpg,358831,depth,222.0 millimetre
https://m.media-amazon.com/images/I/41itNZqrn5L.jpg,358831,depth,180.0 centimetre
https://m.media-amazon.com/images/I/613R6ygMhDL.jpg,358831,depth,41.5 inch
https://m.media-amazon.com/images/I/51VOglsnYfL.jpg,358831,depth,110.0 millimetre
https://m.media-amazon.com/images/I/51UwveUJYPL.jpg,358831,depth,25.0 millimetre
https://m.media-amazon.com/images/I/51AydMx6eiL.jpg,358831,depth,14.3 centimetre
https://m.media-amazon.com/images/I/615j+b2HpML.jpg,358831,depth,10.0 centimetre
https://m.media-amazon.com/images/I/41eGkh6iDzL.jpg,358831,depth,15.0 centimetre
https://m.media-amazon.com/images/I/61+9ggck6wL.jpg,358831,depth,40.0 centimetre
https://m.media-amazon.com/images/I/614BYAh6i4L.jpg,358831,depth,2170.0 millimetre
https://m.media-amazon.com/images/I/51JspH3c9FL.jpg,358831,depth,15.0 centimetre
https://m.media-amazon.com/images/I/51xX8t--ltL.jpg,358831,depth,100.0 millimetre
https://m.media-amazon.com/images/I/51MPUHCiVeL.jpg,358831,depth,6.9 centimetre
https://m.media-amazon.com/images/I/51lQyvN-6iL.jpg,358831,depth,2.67 inch
https://m.media-amazon.com/images/I/41Qb7enTe+L.jpg,358831,depth,9.76 inch
https://m.media-amazon.com/images/I/41bZehbId5L.jpg,358831,depth,150.0 millimetre
https://m.media-amazon.com/images/I/61Apv+3eqnL.jpg,358831,depth,3430.0 millimetre
https://m.media-amazon.com/images/I/61CM40Qos0L.jpg,358831,depth,53.7 centimetre
https://m.media-amazon.com/images/I/6184hiDNwyL.jpg,358831,depth,201.0 inch
https://m.media-amazon.com/images/I/612hm-iZUvL.jpg,358831,depth,11.5 centimetre
https://m.media-amazon.com/images/I/51yv+X9qPOL.jpg,358831,depth,43.0 centimetre
https://m.media-amazon.com/images/I/51gf-VeWIrL.jpg,358831,depth,70.0 centimetre
https://m.media-amazon.com/images/I/51rkC60OlfL.jpg,358831,depth,180.0 centimetre
https://m.media-amazon.com/images/I/51Ti4aK597L.jpg,358831,depth,2.0 inch
https://m.media-amazon.com/images/I/517QfdUGmzL.jpg,358831,depth,83.0 millimetre
https://m.media-amazon.com/images/I/51GeLbtOJsL.jpg,358831,depth,88.0 centimetre
https://m.media-amazon.com/images/I/51vM3XhhZgL.jpg,358831,depth,11.2 centimetre
https://m.media-amazon.com/images/I/51cA4yU-Y9L.jpg,358831,depth,28.0 millimetre
https://m.media-amazon.com/images/I/51tiyo8bX1L.jpg,358831,depth,2.0 inch
https://m.media-amazon.com/images/I/51rkbEgNZIL.jpg,358831,depth,2.7 centimetre
https://m.media-amazon.com/images/I/51PYXtfjQaL.jpg,358831,depth,28.0 millimetre
https://m.media-amazon.com/images/I/51Y0Pju-7QL.jpg,358831,depth,84.0 inch
https://m.media-amazon.com/images/I/413tWgrRiQL.jpg,358831,depth,87.5 centimetre
https://m.media-amazon.com/images/I/51HiCkhVkkL.jpg,358831,depth,5.0 metre
https://m.media-amazon.com/images/I/41Fc0VC6oxL.jpg,358831,depth,14.8 centimetre
https://m.media-amazon.com/images/I/51PfbZTJzbL.jpg,358831,depth,13.0 centimetre
https://m.media-amazon.com/images/I/51PbvvmGpkS.jpg,358831,depth,190.0 centimetre
https://m.media-amazon.com/images/I/51VS9HUBpBL.jpg,358831,depth,1.06 inch
https://m.media-amazon.com/images/I/618v0omNO6L.jpg,358831,depth,19.3 inch
https://m.media-amazon.com/images/I/51M+Satq9CL.jpg,358831,depth,22.0 millimetre
https://m.media-amazon.com/images/I/51UPJQWZccL.jpg,358831,depth,110.0 centimetre
https://m.media-amazon.com/images/I/613e2iWA1mL.jpg,358831,depth,9523.0 millimetre
https://m.media-amazon.com/images/I/51i8Djd9xaL.jpg,358831,depth,72.0 millimetre
https://m.media-amazon.com/images/I/41IBTGZC2mL.jpg,358831,depth,94.0 centimetre
https://m.media-amazon.com/images/I/51YFJFsbWlL.jpg,358831,depth,60.0 centimetre
https://m.media-amazon.com/images/I/51+-INKoRIL.jpg,358831,depth,8.0 centimetre
https://m.media-amazon.com/images/I/61G29lebV5L.jpg,358831,depth,5.0 metre
https://m.media-amazon.com/images/I/41VEfJ9APHL.jpg,358831,depth,39.76 inch
https://m.media-amazon.com/images/I/51xzduUO+DL.jpg,358831,depth,3.93 inch
https://m.media-amazon.com/images/I/51Npq9CZcDL.jpg,358831,depth,15.0 inch
https://m.media-amazon.com/images/I/51bJ4RrldzL.jpg,358831,depth,90.0 centimetre
https://m.media-amazon.com/images/I/51F3DwlFxHL.jpg,358831,depth,2.0 inch
https://m.media-amazon.com/images/I/610VE-+9GGL.jpg,358831,depth,36.81 inch
https://m.media-amazon.com/images/I/51pbIIuaehL.jpg,358831,depth,22.0 inch
https://m.media-amazon.com/images/I/619tSpyF6QL.jpg,358831,depth,10.0 millimetre
https://m.media-amazon.com/images/I/51xHgj3M5bL.jpg,358831,depth,515.0 millimetre
https://m.media-amazon.com/images/I/511lCDi1RPL.jpg,358831,depth,90.0 centimetre
https://m.media-amazon.com/images/I/51JbNfCmp8L.jpg,358831,depth,35.42 inch
https://m.media-amazon.com/images/I/51RmoagNtHL.jpg,358831,depth,43.0 centimetre
https://m.media-amazon.com/images/I/51sWJyyEU9L.jpg,358831,depth,10.0 centimetre
https://m.media-amazon.com/images/I/51k4Bdf0zzL.jpg,358831,depth,16.5 centimetre
https://m.media-amazon.com/images/I/41bUnfmiFfL.jpg,358831,depth,6.0 centimetre
https://m.media-amazon.com/images/I/51n+7TbxF3L.jpg,358831,depth,90.0 centimetre
https://m.media-amazon.com/images/I/51dIhTyC0gS.jpg,358831,depth,67.5 centimetre
https://m.media-amazon.com/images/I/51TG3E5vr3L.jpg,358831,depth,145.0 millimetre
https://m.media-amazon.com/images/I/51x4P08AY3L.jpg,358831,depth,2.5 centimetre
https://m.media-amazon.com/images/I/51YVYbYjEyL.jpg,358831,depth,162.0 centimetre
https://m.media-amazon.com/images/I/51+cJpPs3wL.jpg,358831,depth,393.7 inch
https://m.media-amazon.com/images/I/619sTSBNToL.jpg,358831,depth,10.0 metre
https://m.media-amazon.com/images/I/616BmnWvMfL.jpg,358831,depth,3.0 metre
https://m.media-amazon.com/images/I/51ZNq06f0dL.jpg,358831,depth,32.68 inch
https://m.media-amazon.com/images/I/51ucjWZ3jaL.jpg,358831,depth,25.0 centimetre
https://m.media-amazon.com/images/I/610XeQiZJbL.jpg,358831,depth,46.0 centimetre
https://m.media-amazon.com/images/I/41-XWnqHXKL.jpg,358831,depth,90.0 centimetre
https://m.media-amazon.com/images/I/51T+zIJDOaL.jpg,358831,depth,98.5 centimetre
https://m.media-amazon.com/images/I/41DDbyiFh5L.jpg,358831,depth,16.4 foot
https://m.media-amazon.com/images/I/41eDsjEzrxS.jpg,358831,depth,17.0 centimetre
https://m.media-amazon.com/images/I/51kWPo4WpkL.jpg,358831,depth,5.0 centimetre
https://m.media-amazon.com/images/I/618jGy+50cL.jpg,358831,depth,91.4 centimetre
https://m.media-amazon.com/images/I/51bmq+QKYiL.jpg,358831,depth,1.5 centimetre
https://m.media-amazon.com/images/I/619kkJWfqoL.jpg,358831,depth,5.0 metre
https://m.media-amazon.com/images/I/51ivHAr1jjL.jpg,358831,depth,71.0 centimetre
https://m.media-amazon.com/images/I/51cnTW2luyL.jpg,358831,depth,75.0 millimetre
https://m.media-amazon.com/images/I/51+S4sckamL.jpg,358831,depth,28.0 millimetre
https://m.media-amazon.com/images/I/51b26-h7SQL.jpg,358831,depth,3.93 inch
https://m.media-amazon.com/images/I/41eogWtucPL.jpg,358831,depth,8.5 centimetre
https://m.media-amazon.com/images/I/51gTRwj03NL.jpg,358831,depth,14.8 centimetre
https://m.media-amazon.com/images/I/51BckCvgjfL.jpg,358831,depth,9.0 centimetre
https://m.media-amazon.com/images/I/61Bx9NmLWBL.jpg,358831,depth,71.0 inch
https://m.media-amazon.com/images/I/51u0sWm6uWL.jpg,358831,depth,114.0 centimetre
https://m.media-amazon.com/images/I/51avdQ8xw-L.jpg,358831,depth,44.3 centimetre
https://m.media-amazon.com/images/I/51j17ZlV+1L.jpg,358831,depth,5.1 inch
https://m.media-amazon.com/images/I/41eFa7Up+eL.jpg,358831,depth,15.0 centimetre
https://m.media-amazon.com/images/I/61D1+r5mSfL.jpg,358831,depth,9.0 centimetre
https://m.media-amazon.com/images/I/51kIIVaF+CL.jpg,358831,depth,12.7 centimetre
https://m.media-amazon.com/images/I/41wsCdq37TL.jpg,358831,depth,150.0 millimetre
https://m.media-amazon.com/images/I/510PyU7BjdL.jpg,358831,depth,35.43 inch
https://m.media-amazon.com/images/I/618eJQEgEPL.jpg,358831,depth,35.43 inch
https://m.media-amazon.com/images/I/61+Q+cS7HOL.jpg,358831,depth,48.0 centimetre
https://m.media-amazon.com/images/I/61+7-7-mbKL.jpg,358831,depth,60.0 centimetre
https://m.media-amazon.com/images/I/51rWCy4MutL.jpg,358831,depth,520.0 millimetre
https://m.media-amazon.com/images/I/61E581RbkvL.jpg,358831,depth,12.8 centimetre
https://m.media-amazon.com/images/I/51bblf-ynbL.jpg,358831,depth,88.5 centimetre
https://m.media-amazon.com/images/I/6179seWkEvL.jpg,358831,depth,7.0 centimetre
https://m.media-amazon.com/images/I/41P5VvIJucL.jpg,358831,depth,1.5 metre
https://m.media-amazon.com/images/I/61FYGhXa-WL.jpg,358831,depth,3.0 metre
https://m.media-amazon.com/images/I/51EUIX6Mh2L.jpg,358831,depth,66.0 inch
https://m.media-amazon.com/images/I/41I5NQXmyWL.jpg,358831,depth,1.0 inch
https://m.media-amazon.com/images/I/519Y0A7X-2L.jpg,358831,depth,210.0 centimetre
https://m.media-amazon.com/images/I/51BblVgMJFL.jpg,358831,depth,60.0 centimetre
https://m.media-amazon.com/images/I/51-Dj7vSbhL.jpg,358831,depth,26.0 millimetre
https://m.media-amazon.com/images/I/617a1A0Y1-L.jpg,358831,depth,2.5 centimetre
https://m.media-amazon.com/images/I/51Ss7x2OPVL.jpg,358831,depth,12.6 inch
https://m.media-amazon.com/images/I/61DtPBSBGVL.jpg,358831,depth,23.6 inch
https://m.media-amazon.com/images/I/51lUhVU8qxL.jpg,358831,depth,3.0 metre
https://m.media-amazon.com/images/I/51mxQOkofgL.jpg,358831,depth,44.0 centimetre
https://m.media-amazon.com/images/I/51w6XptDysS.jpg,358831,depth,27.0 centimetre
https://m.media-amazon.com/images/I/41k0MXQ35fL.jpg,358831,depth,135.0 centimetre
https://m.media-amazon.com/images/I/61-7-8CLWJL.jpg,358831,depth,13.5 centimetre
https://m.media-amazon.com/images/I/518De+U6I8L.jpg,358831,depth,15.94 inch
https://m.media-amazon.com/images/I/516oJKFaHiL.jpg,358831,depth,90.0 centimetre
https://m.media-amazon.com/images/I/51JK+RHv4vL.jpg,358831,depth,499.0 millimetre
https://m.media-amazon.com/images/I/41ZsJNXDxjL.jpg,358831,depth,5.9 inch
https://m.media-amazon.com/images/I/51UfEAXAk+S.jpg,358831,depth,264.0 centimetre
https://m.media-amazon.com/images/I/51xONqOPklL.jpg,358831,depth,3.0 metre
https://m.media-amazon.com/images/I/51M+POaoMdL.jpg,358831,depth,90.0 centimetre
https://m.media-amazon.com/images/I/6190FieSRZL.jpg,358831,depth,54.0 centimetre
https://m.media-amazon.com/images/I/41Ntip1ZvJL.jpg,358831,depth,114.0 centimetre
https://m.media-amazon.com/images/I/51Ea8EKOESL.jpg,358831,depth,12.0 metre
https://m.media-amazon.com/images/I/51FgODsxi8L.jpg,358831,depth,91.0 inch
https://m.media-amazon.com/images/I/616++qCtp8L.jpg,358831,depth,29.3 centimetre
https://m.media-amazon.com/images/I/612onsr4-YL.jpg,358831,depth,41.7 inch
https://m.media-amazon.com/images/I/41wilHQciBL.jpg,358831,depth,101.4 centimetre
https://m.media-amazon.com/images/I/610j2yE+MjL.jpg,358831,depth,8.0 metre
https://m.media-amazon.com/images/I/51MBdfFCKSL.jpg,358831,depth,87.14 inch
https://m.media-amazon.com/images/I/41+bbl+O77L.jpg,358831,depth,5.75 inch
https://m.media-amazon.com/images/I/51uoMzGpEeL.jpg,358831,depth,14.8 centimetre
https://m.media-amazon.com/images/I/514PTWe+-SL.jpg,358831,depth,23.58 inch
https://m.media-amazon.com/images/I/619CmK8iRKL.jpg,358831,depth,3.0 metre
https://m.media-amazon.com/images/I/51BOWDDtVcL.jpg,358831,depth,25.0 millimetre
https://m.media-amazon.com/images/I/51Jdu0SY6rL.jpg,358831,depth,93.0 centimetre
https://m.media-amazon.com/images/I/51qMlfikIRL.jpg,358831,depth,225.0 centimetre
https://m.media-amazon.com/images/I/616XAzCukeL.jpg,358831,depth,100.0 millimetre
https://m.media-amazon.com/images/I/41LGH5nGrqL.jpg,358831,depth,2.16 inch
https://m.media-amazon.com/images/I/51HjZ3yWcbL.jpg,358831,depth,16.53 inch
https://m.media-amazon.com/images/I/51qf963W6lL.jpg,358831,depth,180.0 centimetre
https://m.media-amazon.com/images/I/51EI+5CWf7L.jpg,358831,depth,160.0 centimetre
https://m.media-amazon.com/images/I/617RBYGGWDL.jpg,358831,depth,2.7 inch
https://m.media-amazon.com/images/I/41IXtpfO2RL.jpg,358831,depth,100.0 centimetre
https://m.media-amazon.com/images/I/51koYghbgAL.jpg,358831,depth,35.43 inch
https://m.media-amazon.com/images/I/51RkNm6IrQL.jpg,358831,depth,3.0 metre
https://m.media-amazon.com/images/I/5139AIc2QGL.jpg,358831,depth,15.0 millimetre
https://m.media-amazon.com/images/I/61A-LlVZIwL.jpg,358831,depth,40.5 centimetre
https://m.media-amazon.com/images/I/61AGwOr0ZOL.jpg,358831,depth,5.0 metre
https://m.media-amazon.com/images/I/616gsUPKcdL.jpg,358831,depth,5.7 centimetre
https://m.media-amazon.com/images/I/516e4R2vbIL.jpg,358831,depth,9.5 centimetre
https://m.media-amazon.com/images/I/51gUnPbosPL.jpg,358831,depth,90.0 centimetre
https://m.media-amazon.com/images/I/61EB1V7utKL.jpg,358831,depth,14.8 centimetre
https://m.media-amazon.com/images/I/611DbemcgTL.jpg,358831,depth,11.0 millimetre
https://m.media-amazon.com/images/I/61-d4m3dAzL.jpg,358831,depth,205.0 centimetre
https://m.media-amazon.com/images/I/51281JSOs1L.jpg,358831,depth,90.0 centimetre
https://m.media-amazon.com/images/I/41SPHc3tt-L.jpg,358831,depth,15.0 centimetre
https://m.media-amazon.com/images/I/61BT6YWK9hL.jpg,358831,depth,17.0 centimetre
https://m.media-amazon.com/images/I/61CinTD2tjL.jpg,358831,depth,223.0 millimetre
https://m.media-amazon.com/images/I/51rRdP6yGpL.jpg,358831,depth,90.0 centimetre
https://m.media-amazon.com/images/I/6107LBLWdiL.jpg,358831,depth,284.0 millimetre
https://m.media-amazon.com/images/I/51pbnJYL7DL.jpg,358831,depth,3.54 inch
https://m.media-amazon.com/images/I/61-b0uwXXeL.jpg,358831,depth,70.0 millimetre
https://m.media-amazon.com/images/I/41hniCXdfeL.jpg,358831,depth,88.0 centimetre
https://m.media-amazon.com/images/I/51E9doUKDqL.jpg,358831,depth,3.0 metre
https://m.media-amazon.com/images/I/51bda2sYNFL.jpg,358831,depth,15.0 centimetre
https://m.media-amazon.com/images/I/51iIB44EGQL.jpg,358831,depth,5.0 centimetre
https://m.media-amazon.com/images/I/51zDU0mDHWL.jpg,358831,depth,16.0 centimetre
https://m.media-amazon.com/images/I/41XM8D2AvaL.jpg,358831,depth,230.0 millimetre
https://m.media-amazon.com/images/I/51SlUgt3cxL.jpg,358831,depth,35.42 inch
https://m.media-amazon.com/images/I/51xzxPgBsAL.jpg,358831,depth,5.0 metre
https://m.media-amazon.com/images/I/6183ZArxHwL.jpg,358831,depth,52.5 centimetre
https://m.media-amazon.com/images/I/61B+cvtVEWL.jpg,358831,depth,89.1 centimetre
https://m.media-amazon.com/images/I/61+LDX7C-4L.jpg,358831,depth,1.0 centimetre
https://m.media-amazon.com/images/I/51nTZwyWboS.jpg,358831,depth,5.5 centimetre
https://m.media-amazon.com/images/I/51K8EYaf9DL.jpg,358831,depth,15.9 inch
https://m.media-amazon.com/images/I/51YeXc-HdHL.jpg,358831,depth,220.0 centimetre
https://m.media-amazon.com/images/I/51mwpZG1wRL.jpg,358831,depth,40.94 inch
https://m.media-amazon.com/images/I/510lQvCNdAL.jpg,358831,depth,7.0 centimetre
https://m.media-amazon.com/images/I/51wP7Qb1SOL.jpg,358831,depth,10.0 metre
https://m.media-amazon.com/images/I/617dSSWhUOL.jpg,358831,depth,23.0 millimetre
https://m.media-amazon.com/images/I/51LrOAPfWYL.jpg,358831,depth,1.59 centimetre
https://m.media-amazon.com/images/I/617F3y9au+L.jpg,358831,depth,57.87 inch
https://m.media-amazon.com/images/I/51EksEKgMJL.jpg,358831,depth,20.0 millimetre
https://m.media-amazon.com/images/I/418lhO-NxRL.jpg,358831,depth,90.0 centimetre
https://m.media-amazon.com/images/I/51BNJW1KouL.jpg,358831,depth,10.0 millimetre
https://m.media-amazon.com/images/I/51BL6h7eWXL.jpg,358831,depth,115.0 millimetre
https://m.media-amazon.com/images/I/618mZaT1l9L.jpg,358831,depth,8.0 centimetre
https://m.media-amazon.com/images/I/51n7bOwJHUL.jpg,358831,depth,90.0 centimetre
https://m.media-amazon.com/images/I/51jHF44TzJL.jpg,358831,depth,9.0 centimetre
https://m.media-amazon.com/images/I/51DOxiUHQSL.jpg,358831,depth,10.0 centimetre
https://m.media-amazon.com/images/I/51aZg5Y7I8S.jpg,358831,depth,205.0 centimetre
https://m.media-amazon.com/images/I/616xzm9m8dL.jpg,358831,depth,35.43 inch
https://m.media-amazon.com/images/I/51JgDuhoNGL.jpg,358831,depth,6.5 metre
https://m.media-amazon.com/images/I/610SPYl54bL.jpg,358831,depth,42.0 foot
https://m.media-amazon.com/images/I/51VZ-YUfJuL.jpg,358831,depth,60.0 centimetre
https://m.media-amazon.com/images/I/51yH7jdVj6L.jpg,358831,depth,203.0 centimetre
https://m.media-amazon.com/images/I/61DOec68GBL.jpg,358831,depth,102.5 centimetre
https://m.media-amazon.com/images/I/51KpDkYu9rL.jpg,358831,depth,37.79 inch
https://m.media-amazon.com/images/I/61-WjkEYllL.jpg,358831,depth,210.0 centimetre
https://m.media-amazon.com/images/I/41ztL0TBtyL.jpg,358831,depth,63.98 inch
https://m.media-amazon.com/images/I/51W6tpNcQ5L.jpg,358831,depth,35.4 inch
https://m.media-amazon.com/images/I/51Mt+rKZVHL.jpg,358831,depth,60.0 centimetre
https://m.media-amazon.com/images/I/611qODi-v3L.jpg,358831,depth,46.5 centimetre
https://m.media-amazon.com/images/I/51gYFhJqzhL.jpg,358831,depth,14.5 inch
https://m.media-amazon.com/images/I/61CQOKazVCL.jpg,358831,depth,2.56 inch
https://m.media-amazon.com/images/I/51vheX4bPGL.jpg,358831,depth,80.0 centimetre
https://m.media-amazon.com/images/I/519RtoLEmPL.jpg,358831,depth,6.9 centimetre
https://m.media-amazon.com/images/I/61655tOwU8L.jpg,358831,depth,23.6 inch
https://m.media-amazon.com/images/I/51H55-0IbYL.jpg,358831,depth,118.4 centimetre
https://m.media-amazon.com/images/I/41hpge2M7qL.jpg,358831,depth,89.2 centimetre
https://m.media-amazon.com/images/I/619Tg9PMoLL.jpg,358831,depth,4.0 inch
https://m.media-amazon.com/images/I/51xEjBEMcxL.jpg,358831,depth,2070.0 millimetre
https://m.media-amazon.com/images/I/41rq0yRklYL.jpg,358831,depth,215.0 centimetre
https://m.media-amazon.com/images/I/513sVxoadoL.jpg,358831,depth,17.91 inch
https://m.media-amazon.com/images/I/51uJgz1-RFL.jpg,358831,depth,40.0 centimetre
https://m.media-amazon.com/images/I/51NIHY0TtbS.jpg,358831,depth,63.0 centimetre
https://m.media-amazon.com/images/I/619pVFRseWL.jpg,358831,depth,5.0 metre
https://m.media-amazon.com/images/I/51DixPqGB8L.jpg,358831,depth,9.5 centimetre
https://m.media-amazon.com/images/I/61DR48zbZuS.jpg,358831,depth,30.0 millimetre
https://m.media-amazon.com/images/I/61+v5o9UAuL.jpg,358831,depth,104.5 centimetre
https://m.media-amazon.com/images/I/51sCDUtXBHL.jpg,358831,depth,90.0 centimetre
https://m.media-amazon.com/images/I/41Az4fXtooL.jpg,358831,depth,900.0 millimetre
https://m.media-amazon.com/images/I/51S0ZlTAHYL.jpg,358831,depth,400.0 millimetre
https://m.media-amazon.com/images/I/51ppziTBFlL.jpg,358831,depth,90.0 centimetre
https://m.media-amazon.com/images/I/51thgsBjeIL.jpg,358831,depth,9.0 metre
https://m.media-amazon.com/images/I/41+Zu4OC67L.jpg,358831,depth,240.0 centimetre
https://m.media-amazon.com/images/I/51alqwJYG9L.jpg,358831,depth,83.0 millimetre
https://m.media-amazon.com/images/I/51xnxL1X6DL.jpg,358831,depth,90.0 centimetre
https://m.media-amazon.com/images/I/51oaRO9ag9L.jpg,358831,depth,12.8 centimetre
https://m.media-amazon.com/images/I/61DQEUSYUrL.jpg,358831,depth,91.0 centimetre
https://m.media-amazon.com/images/I/51TPuzlbgRL.jpg,358831,depth,110.0 inch
https://m.media-amazon.com/images/I/51cYPExrdML.jpg,358831,depth,43.0 centimetre
https://m.media-amazon.com/images/I/51NksxVd93L.jpg,358831,depth,148.0 millimetre
https://m.media-amazon.com/images/I/617hOz5JXtL.jpg,358831,depth,15.0 inch
https://m.media-amazon.com/images/I/51x3nN0I0xS.jpg,358831,depth,2.5 centimetre
https://m.media-amazon.com/images/I/51ZPRNyIymL.jpg,358831,depth,3.0 metre
https://m.media-amazon.com/images/I/51Aafxp9ggL.jpg,358831,depth,40.7 centimetre
https://m.media-amazon.com/images/I/61+crSQHUML.jpg,358831,depth,10.0 metre
https://m.media-amazon.com/images/I/413AeograqL.jpg,358831,depth,15.0 centimetre
https://m.media-amazon.com/images/I/51IlO4Uv1DL.jpg,358831,depth,5.3 inch
https://m.media-amazon.com/images/I/61-gSf3xUkL.jpg,358831,depth,81.5 centimetre
https://m.media-amazon.com/images/I/61+uidWYEWL.jpg,358831,depth,1.0 metre
https://m.media-amazon.com/images/I/41jBK8mX9JL.jpg,358831,depth,21.0 millimetre
https://m.media-amazon.com/images/I/510BjEAxBDL.jpg,358831,depth,90.0 centimetre
https://m.media-amazon.com/images/I/51b4h65L-wL.jpg,358831,depth,90.0 centimetre
https://m.media-amazon.com/images/I/51HnusinmRL.jpg,358831,depth,5.0 metre
https://m.media-amazon.com/images/I/61BWCHaBc0L.jpg,358831,depth,12.99 inch
https://m.media-amazon.com/images/I/51SzhuQAWYL.jpg,358831,depth,9.5 millimetre
https://m.media-amazon.com/images/I/51azo-2c-zL.jpg,358831,depth,22.5 centimetre
https://m.media-amazon.com/images/I/51TZ4lL1VSL.jpg,358831,depth,104.0 centimetre
https://m.media-amazon.com/images/I/61CE4NNKTKL.jpg,358831,depth,60.0 centimetre
https://m.media-amazon.com/images/I/51dMzXhgzzL.jpg,358831,depth,90.0 centimetre
https://m.media-amazon.com/images/I/514HeqQejkL.jpg,358831,depth,90.0 centimetre
https://m.media-amazon.com/images/I/41tD3iTTUZL.jpg,358831,depth,270.0 millimetre
https://m.media-amazon.com/images/I/61D-K6naw9L.jpg,358831,depth,15.0 millimetre
https://m.media-amazon.com/images/I/51FhdTdK-lL.jpg,358831,depth,9.0 millimetre
https://m.media-amazon.com/images/I/617UCh3o9jL.jpg,358831,depth,6.1 inch
https://m.media-amazon.com/images/I/619fCEIAiYL.jpg,358831,depth,12.0 foot
https://m.media-amazon.com/images/I/61BsKdD7LWL.jpg,358831,depth,145.0 millimetre
https://m.media-amazon.com/images/I/41YaAEHU-tL.jpg,358831,depth,53.0 millimetre
https://m.media-amazon.com/images/I/615SjqlBWCL.jpg,358831,depth,3.0 metre
https://m.media-amazon.com/images/I/61BcHZ7lY1L.jpg,358831,depth,5.0 metre
https://m.media-amazon.com/images/I/418HeHlX+mS.jpg,358831,depth,1.1 inch
https://m.media-amazon.com/images/I/51KYPWn8c5L.jpg,358831,depth,60.0 centimetre
https://m.media-amazon.com/images/I/51L4X22POdL.jpg,358831,depth,50.0 centimetre
https://m.media-amazon.com/images/I/613sHC+JanL.jpg,358831,depth,196.9 inch
https://m.media-amazon.com/images/I/51AOL9+JG+L.jpg,358831,depth,140.0 millimetre
https://m.media-amazon.com/images/I/518RzHOPjwL.jpg,358831,depth,95.0 centimetre
https://m.media-amazon.com/images/I/51H7fEvyHLL.jpg,358831,depth,43.0 centimetre
https://m.media-amazon.com/images/I/51Uk1zPrEeL.jpg,358831,depth,1.9 centimetre
https://m.media-amazon.com/images/I/61+Goi9-bfL.jpg,358831,depth,60.0 centimetre
https://m.media-amazon.com/images/I/517BllRDnNL.jpg,358831,depth,60.0 centimetre
https://m.media-amazon.com/images/I/41EWDtXN9KS.jpg,358831,depth,90.0 centimetre
https://m.media-amazon.com/images/I/51uAyKoX2iL.jpg,358831,depth,5.0 metre
https://m.media-amazon.com/images/I/41vMdZiMcbL.jpg,358831,depth,120.0 centimetre
https://m.media-amazon.com/images/I/51QrPdjmhHL.jpg,358831,depth,43.0 centimetre
