image_link,group_id,entity_name,entity_value
https://m.media-amazon.com/images/I/618kMFEGJXL.jpg,616486,width,14.2 centimetre
https://m.media-amazon.com/images/I/618kMFEGJXL.jpg,616486,height,1.8 centimetre
https://m.media-amazon.com/images/I/610W3bkKPbL.jpg,616486,width,8.0 inch
https://m.media-amazon.com/images/I/41s5MV9cEHL.jpg,616486,width,14.3 centimetre
https://m.media-amazon.com/images/I/61FuuEn4eOL.jpg,616486,depth,138.0 millimetre
https://m.media-amazon.com/images/I/617+1s1hdLL.jpg,616486,depth,120.0 millimetre
https://m.media-amazon.com/images/I/6161aaJBOjL.jpg,616486,depth,20.0 centimetre
https://m.media-amazon.com/images/I/6161aaJBOjL.jpg,616486,height,1.6 centimetre
https://m.media-amazon.com/images/I/61CizbX9QcL.jpg,616486,depth,13.7 inch
https://m.media-amazon.com/images/I/515VmgTR3oL.jpg,616486,depth,14.7 centimetre
https://m.media-amazon.com/images/I/61BihQoMRfL.jpg,616486,depth,8.0 inch
https://m.media-amazon.com/images/I/6144qTZDK8L.jpg,616486,height,0.59 inch
https://m.media-amazon.com/images/I/510MYB+EAsL.jpg,616486,height,1.8 centimetre
https://m.media-amazon.com/images/I/61CSX3UFgUL.jpg,616486,height,0.62 inch
https://m.media-amazon.com/images/I/617bBnl1UeL.jpg,616486,height,1.1 centimetre
https://m.media-amazon.com/images/I/618DjcuxADL.jpg,616486,height,1.4 centimetre
https://m.media-amazon.com/images/I/61EfvGQZYHL.jpg,616486,height,1.8 centimetre
https://m.media-amazon.com/images/I/51UXJWvQFPL.jpg,616486,height,42.3 millimetre
https://m.media-amazon.com/images/I/61EsooVDiEL.jpg,616486,height,2.0 centimetre
https://m.media-amazon.com/images/I/61+X2Z+kPrL.jpg,616486,height,1.7 centimetre
