image_link,group_id,entity_name,entity_value
https://m.media-amazon.com/images/I/51OcDPh7uwL.jpg,261683,depth,14.0 centimetre
https://m.media-amazon.com/images/I/51JugxJo8nL.jpg,261683,depth,2.7 inch
https://m.media-amazon.com/images/I/61APpYakVRL.jpg,261683,depth,140.0 millimetre
https://m.media-amazon.com/images/I/51fePZZ4TkL.jpg,261683,depth,100.0 millimetre
https://m.media-amazon.com/images/I/51X1bPjAJyL.jpg,261683,depth,10.0 centimetre
https://m.media-amazon.com/images/I/41vbfY8RVwL.jpg,261683,depth,130.0 millimetre
https://m.media-amazon.com/images/I/510xZ+LYCcL.jpg,261683,depth,2.16 inch
https://m.media-amazon.com/images/I/51PO9A3pdUL.jpg,261683,depth,73.0 millimetre
https://m.media-amazon.com/images/I/51ynA9bo1BL.jpg,261683,depth,22.0 millimetre
https://m.media-amazon.com/images/I/51OHQCvQSKL.jpg,261683,depth,12.0 inch
https://m.media-amazon.com/images/I/51R9zh0ROtL.jpg,261683,depth,120.0 millimetre
https://m.media-amazon.com/images/I/616NLhElGOL.jpg,261683,depth,8.0 inch
https://m.media-amazon.com/images/I/51zK0fRcfRL.jpg,261683,depth,170.0 millimetre
https://m.media-amazon.com/images/I/613RJC9p0zL.jpg,261683,depth,81.0 millimetre
https://m.media-amazon.com/images/I/41mwWKFx4UL.jpg,261683,depth,6.2 centimetre
https://m.media-amazon.com/images/I/51yGcLo5zvL.jpg,261683,depth,5.9 inch
https://m.media-amazon.com/images/I/612kLlmSnrL.jpg,261683,depth,1.97 inch
https://m.media-amazon.com/images/I/51Kc3YTRGTL.jpg,261683,depth,60.0 millimetre
https://m.media-amazon.com/images/I/61-xZthAG6L.jpg,261683,depth,18.0 millimetre
https://m.media-amazon.com/images/I/61+VXmkgmIL.jpg,261683,depth,1.8 inch
https://m.media-amazon.com/images/I/61EtQRAMtPL.jpg,261683,depth,10.0 centimetre
https://m.media-amazon.com/images/I/615t6QO1OGL.jpg,261683,depth,5.5 centimetre
https://m.media-amazon.com/images/I/61Cmpt-NpTL.jpg,261683,depth,15.0 centimetre
https://m.media-amazon.com/images/I/612UXEJYBhL.jpg,261683,depth,30.0 centimetre
https://m.media-amazon.com/images/I/41vu13nMtkL.jpg,261683,depth,111.0 centimetre
https://m.media-amazon.com/images/I/61+6-5rNY2L.jpg,261683,depth,11.0 centimetre
https://m.media-amazon.com/images/I/213VIsNlvzL.jpg,261683,depth,4.4 inch
https://m.media-amazon.com/images/I/51uuXwSMauL.jpg,261683,depth,72.0 millimetre
https://m.media-amazon.com/images/I/51ZC-R0Sa9L.jpg,261683,depth,22.0 millimetre
https://m.media-amazon.com/images/I/41C23BBhAHS.jpg,261683,depth,20.0 centimetre
https://m.media-amazon.com/images/I/51vdmJAB7sL.jpg,261683,depth,105.0 millimetre
https://m.media-amazon.com/images/I/51pDYoBF-WL.jpg,261683,depth,16.0 centimetre
https://m.media-amazon.com/images/I/51ojThl3xEL.jpg,261683,depth,5.25 inch
https://m.media-amazon.com/images/I/51wumycCgBL.jpg,261683,depth,2.68 inch
https://m.media-amazon.com/images/I/41jooJEqJ9L.jpg,261683,depth,111.0 centimetre
https://m.media-amazon.com/images/I/616KOHB5mEL.jpg,261683,depth,100.0 millimetre
https://m.media-amazon.com/images/I/51fH9dJp0hL.jpg,261683,depth,70.0 millimetre
https://m.media-amazon.com/images/I/51UHcCUjXOL.jpg,261683,depth,150.0 millimetre
https://m.media-amazon.com/images/I/41mm0lkyF4L.jpg,261683,depth,70.0 millimetre
https://m.media-amazon.com/images/I/618FbhDkxFL.jpg,261683,depth,12.3 centimetre
https://m.media-amazon.com/images/I/51jg8tI9i2L.jpg,261683,depth,6.0 inch
https://m.media-amazon.com/images/I/31NRGknoE7L.jpg,261683,depth,2.25 inch
https://m.media-amazon.com/images/I/51fxXXUQmMS.jpg,261683,depth,64.0 millimetre
https://m.media-amazon.com/images/I/51YhPICRv2L.jpg,261683,depth,200.0 millimetre
https://m.media-amazon.com/images/I/51PpnQjvxtL.jpg,261683,depth,16.5 centimetre
https://m.media-amazon.com/images/I/51-9mfN0-uL.jpg,261683,depth,13.5 centimetre
https://m.media-amazon.com/images/I/41zUYSWECZL.jpg,261683,depth,25.0 centimetre
https://m.media-amazon.com/images/I/51CBQBSxeuL.jpg,261683,depth,109.5 millimetre
https://m.media-amazon.com/images/I/614PLQPlxlL.jpg,261683,depth,1.52 inch
https://m.media-amazon.com/images/I/51vbkJnEBvS.jpg,261683,depth,18.0 millimetre
https://m.media-amazon.com/images/I/518KfFi6mOL.jpg,261683,depth,20.5 centimetre
https://m.media-amazon.com/images/I/51alrE-G4VL.jpg,261683,depth,7.0 centimetre
