image_link,group_id,entity_name,entity_value
https://m.media-amazon.com/images/I/61ihd4f5upL.jpg,245959,item_weight,0.65 kilogram
https://m.media-amazon.com/images/I/71FNkB0z0oL.jpg,245959,item_weight,1.0 pound
https://m.media-amazon.com/images/I/71yyB9GWUcL.jpg,245959,item_weight,0.48 kilogram
https://m.media-amazon.com/images/I/71QasiJOhML.jpg,245959,item_weight,0.5 kilogram
https://m.media-amazon.com/images/I/71o1hIoKWML.jpg,245959,item_weight,3.4 pound
https://m.media-amazon.com/images/I/515cEBwzfoL.jpg,245959,item_weight,0.55 kilogram
https://m.media-amazon.com/images/I/515cEBwzfoL.jpg,245959,height,28.0 centimetre
https://m.media-amazon.com/images/I/61j8iumVTEL.jpg,245959,item_weight,0.6 kilogram
https://m.media-amazon.com/images/I/71dXc5yiUmL.jpg,245959,item_weight,1.2 kilogram
https://m.media-amazon.com/images/I/81xB9OOqo7L.jpg,245959,item_weight,460.0 gram
https://m.media-amazon.com/images/I/71yX8WqfvtL.jpg,245959,item_weight,1.3 kilogram
https://m.media-amazon.com/images/I/51qIrJtqUNL.jpg,245959,item_weight,550.0 gram
https://m.media-amazon.com/images/I/61a1vDHuJeL.jpg,245959,item_weight,0.5 kilogram
https://m.media-amazon.com/images/I/61qNP4GLyGL.jpg,245959,item_weight,0.7 kilogram
https://m.media-amazon.com/images/I/610Fxj22z0L.jpg,245959,item_weight,0.48 kilogram
https://m.media-amazon.com/images/I/619REEkK0jL.jpg,245959,item_weight,0.47 kilogram
https://m.media-amazon.com/images/I/61Y+wkTqwxL.jpg,245959,item_weight,0.6 kilogram
https://m.media-amazon.com/images/I/61jLxpqJ5XL.jpg,245959,item_weight,112.0 pound
https://m.media-amazon.com/images/I/61l5FXiua6L.jpg,245959,item_weight,2.2 pound
https://m.media-amazon.com/images/I/719C64wbq0L.jpg,245959,item_weight,580.0 gram
https://m.media-amazon.com/images/I/61V5O0B+z2L.jpg,245959,item_weight,0.99 pound
https://m.media-amazon.com/images/I/61OEK5-nF9L.jpg,245959,item_weight,0.5 kilogram
https://m.media-amazon.com/images/I/71TU-EJ7xsL.jpg,245959,item_weight,1.8 kilogram
https://m.media-amazon.com/images/I/51nTeNYtYGL.jpg,245959,item_weight,0.42 kilogram
https://m.media-amazon.com/images/I/61AikhJBInL.jpg,245959,item_weight,0.88 pound
https://m.media-amazon.com/images/I/71WczS0YPoL.jpg,245959,item_weight,1.5 pound
https://m.media-amazon.com/images/I/61qRHyP6gML.jpg,245959,item_weight,0.35 kilogram
https://m.media-amazon.com/images/I/71LZbmmn-mL.jpg,245959,item_weight,551 gram
https://m.media-amazon.com/images/I/61OiUp0dODL.jpg,245959,item_weight,2.2 pound
https://m.media-amazon.com/images/I/710POYyD51L.jpg,245959,item_weight,1.1 kilogram
https://m.media-amazon.com/images/I/51ZHt56fKaL.jpg,245959,item_weight,201.0 pound
https://m.media-amazon.com/images/I/716vHFJGO4L.jpg,245959,item_weight,280 gram
https://m.media-amazon.com/images/I/71A7QeZHeDL.jpg,245959,item_weight,0.37 pound
https://m.media-amazon.com/images/I/71nMukmdRfL.jpg,245959,item_weight,0.6 kilogram
https://m.media-amazon.com/images/I/61R0-7HaHkL.jpg,245959,item_weight,2.2 pound
https://m.media-amazon.com/images/I/61xQGjL+8WL.jpg,245959,item_weight,0.4 kilogram
https://m.media-amazon.com/images/I/61PgGzy3a8L.jpg,245959,item_weight,0.36 kilogram
https://m.media-amazon.com/images/I/61dbPLQzVdL.jpg,245959,item_weight,0.6 kilogram
https://m.media-amazon.com/images/I/71x8cNGFheL.jpg,245959,item_weight,630.0 gram
https://m.media-amazon.com/images/I/712E00NQvlL.jpg,245959,item_weight,1.4 kilogram
https://m.media-amazon.com/images/I/61-VfIhopNL.jpg,245959,item_weight,0.35 kilogram
https://m.media-amazon.com/images/I/61-VfIhopNL.jpg,245959,width,20.0 centimetre
https://m.media-amazon.com/images/I/61JdGzgZkLL.jpg,245959,item_weight,2.2 pound
https://m.media-amazon.com/images/I/61dBZjQPJCL.jpg,245959,item_weight,0.6 kilogram
https://m.media-amazon.com/images/I/610IZEUI9IL.jpg,245959,item_weight,1.9 kilogram
https://m.media-amazon.com/images/I/61+-dYtGe2L.jpg,245959,item_weight,0.6 kilogram
https://m.media-amazon.com/images/I/614ePaJOAxL.jpg,245959,item_weight,2.2 pound
https://m.media-amazon.com/images/I/614ePaJOAxL.jpg,245959,depth,51.0 centimetre
https://m.media-amazon.com/images/I/614ePaJOAxL.jpg,245959,height,33.0 centimetre
https://m.media-amazon.com/images/I/71zouWeYW3L.jpg,245959,item_weight,1.0 pound
https://m.media-amazon.com/images/I/61VWxsFNj1L.jpg,245959,item_weight,2.2 pound
https://m.media-amazon.com/images/I/81Rf3u1yXrL.jpg,245959,item_weight,460.0 gram
https://m.media-amazon.com/images/I/61Me2x0M1NL.jpg,245959,item_weight,0.48 kilogram
https://m.media-amazon.com/images/I/61P7nkF+8WL.jpg,245959,item_weight,0.7 kilogram
https://m.media-amazon.com/images/I/71s5IMrehnL.jpg,245959,item_weight,280 gram
https://m.media-amazon.com/images/I/61W8o-0MfCL.jpg,245959,item_weight,0.5 kilogram
https://m.media-amazon.com/images/I/612susnnDXL.jpg,245959,item_weight,550.0 gram
https://m.media-amazon.com/images/I/612susnnDXL.jpg,245959,width,25.0 centimetre
https://m.media-amazon.com/images/I/51mXeTiGM3L.jpg,245959,item_weight,45 pound
https://m.media-amazon.com/images/I/717tfse26QL.jpg,245959,item_weight,0.64 kilogram
https://m.media-amazon.com/images/I/61LC7MlH+0L.jpg,245959,item_weight,0.36 kilogram
https://m.media-amazon.com/images/I/61l2CEWRH9L.jpg,245959,item_weight,900 gram
https://m.media-amazon.com/images/I/614Ovc0Pf+L.jpg,245959,item_weight,0.6 kilogram
https://m.media-amazon.com/images/I/71CDnuFAapL.jpg,245959,item_weight,1.8 pound
https://m.media-amazon.com/images/I/71gyDxxAiRL.jpg,245959,item_weight,1.3 kilogram
https://m.media-amazon.com/images/I/61CjeOJf1aL.jpg,245959,item_weight,0.6 kilogram
https://m.media-amazon.com/images/I/71Ol-ap7ScL.jpg,245959,item_weight,9.8 ounce
https://m.media-amazon.com/images/I/712ecr0KMzL.jpg,245959,item_weight,0.55 kilogram
https://m.media-amazon.com/images/I/71D6SQzPHWL.jpg,245959,item_weight,1.0 pound
https://m.media-amazon.com/images/I/710FjMxzH8L.jpg,245959,item_weight,0.42 kilogram
https://m.media-amazon.com/images/I/71r0hpjhTbL.jpg,245959,item_weight,1.0 gram
https://m.media-amazon.com/images/I/711XqIhsGBL.jpg,245959,item_weight,10.0 kilogram
https://m.media-amazon.com/images/I/71X5D3jUiTL.jpg,245959,item_weight,0.55 kilogram
https://m.media-amazon.com/images/I/71w8jBMsvLL.jpg,245959,item_weight,0.45 kilogram
https://m.media-amazon.com/images/I/61bHcv056KL.jpg,245959,item_weight,16.4 pound
https://m.media-amazon.com/images/I/81x5uW1zheL.jpg,245959,item_weight,1.0 pound
https://m.media-amazon.com/images/I/61W8OPYtvfL.jpg,245959,item_weight,0.4 kilogram
https://m.media-amazon.com/images/I/81v1AHOgxiL.jpg,245959,item_weight,460.0 gram
https://m.media-amazon.com/images/I/61Ty0rc4omL.jpg,245959,item_weight,50.0 gram
https://m.media-amazon.com/images/I/414L6717LEL.jpg,245959,item_weight,45.0 pound
https://m.media-amazon.com/images/I/81hTKOW9oYL.jpg,245959,item_weight,2.5 kilogram
https://m.media-amazon.com/images/I/61V8igaztDL.jpg,245959,item_weight,0.45 kilogram
https://m.media-amazon.com/images/I/61RfeYmQ5gL.jpg,245959,item_weight,0.6 kilogram
https://m.media-amazon.com/images/I/91n9IO6NSyL.jpg,245959,item_weight,4.0 pound
https://m.media-amazon.com/images/I/714n44GYQzL.jpg,245959,item_weight,1.0 kilogram
https://m.media-amazon.com/images/I/71QR5A5t+RL.jpg,245959,item_weight,1.3 kilogram
https://m.media-amazon.com/images/I/61NwGXJP0iL.jpg,245959,item_weight,0.45 kilogram
https://m.media-amazon.com/images/I/61ysQRfixfL.jpg,245959,item_weight,0.82 pound
https://m.media-amazon.com/images/I/61qRKQ10MGL.jpg,245959,item_weight,0.48 kilogram
https://m.media-amazon.com/images/I/61CW7VXCS4L.jpg,245959,item_weight,0.88 pound
https://m.media-amazon.com/images/I/61k0strLw4L.jpg,245959,item_weight,0.6 kilogram
https://m.media-amazon.com/images/I/61d6TjXNsGL.jpg,245959,item_weight,0.6 kilogram
https://m.media-amazon.com/images/I/71Rce0DFGCL.jpg,245959,item_weight,1.8 kilogram
https://m.media-amazon.com/images/I/61B9s4QnGyL.jpg,245959,item_weight,0.77 pound
https://m.media-amazon.com/images/I/810l+hX9MxL.jpg,245959,item_weight,460.0 gram
https://m.media-amazon.com/images/I/71YBJJ-fhDL.jpg,245959,item_weight,1.8 pound
https://m.media-amazon.com/images/I/71gzMYZQBeL.jpg,245959,item_weight,0.65 kilogram
https://m.media-amazon.com/images/I/61rzERVR5WL.jpg,245959,item_weight,0.55 kilogram
https://m.media-amazon.com/images/I/412ZqPzZgjL.jpg,245959,item_weight,0.6 kilogram
https://m.media-amazon.com/images/I/61VN9sV8vnL.jpg,245959,item_weight,0.42 kilogram
https://m.media-amazon.com/images/I/71j9zcBoZnL.jpg,245959,item_weight,0.36 kilogram
https://m.media-amazon.com/images/I/71jTHxbmKYL.jpg,245959,item_weight,0.57 kilogram
https://m.media-amazon.com/images/I/61MHdFqgIAL.jpg,245959,item_weight,0.35 kilogram
https://m.media-amazon.com/images/I/611xN60EMLL.jpg,245959,item_weight,0.35 kilogram
https://m.media-amazon.com/images/I/61vUchKwdOL.jpg,245959,item_weight,9.8 ounce
https://m.media-amazon.com/images/I/81dkU6eIv0S.jpg,245959,item_weight,9.8 pound
https://m.media-amazon.com/images/I/817tcreh4-L.jpg,245959,item_weight,0.42 kilogram
https://m.media-amazon.com/images/I/717n9GXWpCL.jpg,245959,item_weight,0.42 kilogram
https://m.media-amazon.com/images/I/71GTC5Es4LL.jpg,245959,item_weight,4.0 gram
https://m.media-amazon.com/images/I/7198+GDsh9L.jpg,245959,item_weight,1.0 pound
https://m.media-amazon.com/images/I/61A3WR6MqnL.jpg,245959,item_weight,2.2 kilogram
https://m.media-amazon.com/images/I/61vLgcjTNgL.jpg,245959,item_weight,0.99 pound
https://m.media-amazon.com/images/I/61O9cqShidL.jpg,245959,item_weight,0.42 kilogram
https://m.media-amazon.com/images/I/718oXzZF5mL.jpg,245959,item_weight,460.0 gram
https://m.media-amazon.com/images/I/81PI672RhlL.jpg,245959,item_weight,1.6 kilogram
https://m.media-amazon.com/images/I/61HoQgvr-WL.jpg,245959,item_weight,0.35 kilogram
https://m.media-amazon.com/images/I/61ZmRABPkSL.jpg,245959,item_weight,0.88 pound
https://m.media-amazon.com/images/I/713-92QmK0L.jpg,245959,item_weight,1.7 pound
https://m.media-amazon.com/images/I/61q+MaPup-L.jpg,245959,item_weight,2.2 kilogram
https://m.media-amazon.com/images/I/61a7ob9DExL.jpg,245959,item_weight,0.42 kilogram
https://m.media-amazon.com/images/I/61473uAhqkL.jpg,245959,item_weight,0.55 kilogram
https://m.media-amazon.com/images/I/71Pib8V8j1L.jpg,245959,item_weight,460.0 gram
https://m.media-amazon.com/images/I/61FH4okeZ+L.jpg,245959,item_weight,0.6 kilogram
https://m.media-amazon.com/images/I/61WhwaQbbQL.jpg,245959,item_weight,0.77 pound
https://m.media-amazon.com/images/I/51RiJDOzxTL.jpg,245959,item_weight,0.3 kilogram
https://m.media-amazon.com/images/I/71cB0D2KD+L.jpg,245959,item_weight,0.7 kilogram
https://m.media-amazon.com/images/I/81NWsUZIjZL.jpg,245959,item_weight,460.0 gram
https://m.media-amazon.com/images/I/71iXzAMRIGL.jpg,245959,item_weight,1.1 kilogram
https://m.media-amazon.com/images/I/61cLa3MlhAL.jpg,245959,item_weight,2.2 pound
https://m.media-amazon.com/images/I/71KuQXAhZbL.jpg,245959,item_weight,1.5 kilogram
https://m.media-amazon.com/images/I/61LJKrwisyL.jpg,245959,item_weight,0.48 kilogram
https://m.media-amazon.com/images/I/61Cese7+QOL.jpg,245959,item_weight,0.35 kilogram
https://m.media-amazon.com/images/I/71pdC6lge9L.jpg,245959,item_weight,460.0 gram
https://m.media-amazon.com/images/I/61N0Ivw4Y-L.jpg,245959,item_weight,0.9 kilogram
https://m.media-amazon.com/images/I/61oY7yeukcL.jpg,245959,item_weight,0.5 kilogram
https://m.media-amazon.com/images/I/61B9X5uZdTL.jpg,245959,item_weight,2 gram
https://m.media-amazon.com/images/I/41NPG7oqy6L.jpg,245959,item_weight,45.0 pound
https://m.media-amazon.com/images/I/71jjrFSrd9L.jpg,245959,item_weight,134.0 gram
https://m.media-amazon.com/images/I/61-iJ7+kfgL.jpg,245959,item_weight,0.69 kilogram
https://m.media-amazon.com/images/I/51SP+gt0IeL.jpg,245959,item_weight,45.0 ounce
https://m.media-amazon.com/images/I/71ktou9nIOL.jpg,245959,item_weight,0.5 kilogram
https://m.media-amazon.com/images/I/71hGERZ-WIL.jpg,245959,item_weight,1.85 kilogram
https://m.media-amazon.com/images/I/71ulJfUql4L.jpg,245959,item_weight,1.0 gram
https://m.media-amazon.com/images/I/71SuewnsBoL.jpg,245959,item_weight,1.19 pound
https://m.media-amazon.com/images/I/61dD3GIRyXL.jpg,245959,item_weight,1.0 pound
https://m.media-amazon.com/images/I/71rTe0dHAyL.jpg,245959,item_weight,0.6 kilogram
https://m.media-amazon.com/images/I/712lEy6nDbL.jpg,245959,item_weight,0.82 pound
https://m.media-amazon.com/images/I/61SZnUjNPlL.jpg,245959,item_weight,0.58 kilogram
https://m.media-amazon.com/images/I/71Afn42yD9L.jpg,245959,item_weight,551 gram
https://m.media-amazon.com/images/I/61n37fXyNzL.jpg,245959,item_weight,0.6 kilogram
https://m.media-amazon.com/images/I/61N0Qk2ISzL.jpg,245959,item_weight,0.6 kilogram
https://m.media-amazon.com/images/I/61qxTn540yL.jpg,245959,item_weight,465.0 gram
https://m.media-amazon.com/images/I/61XmdN5EQRL.jpg,245959,item_weight,0.98 kilogram
https://m.media-amazon.com/images/I/61QF3wAEyXL.jpg,245959,item_weight,0.88 pound
https://m.media-amazon.com/images/I/71M4FM-+llL.jpg,245959,item_weight,2.67 pound
https://m.media-amazon.com/images/I/618uqrrVp0L.jpg,245959,item_weight,2.2 pound
https://m.media-amazon.com/images/I/618uqrrVp0L.jpg,245959,height,31.0 centimetre
https://m.media-amazon.com/images/I/8116I6NV0UL.jpg,245959,item_weight,1.33 pound
https://m.media-amazon.com/images/I/714zorPqStL.jpg,245959,item_weight,9.8 ounce
https://m.media-amazon.com/images/I/61aVkwCAOxL.jpg,245959,item_weight,20.0 ounce
https://m.media-amazon.com/images/I/61G0UUAMdQL.jpg,245959,item_weight,0.5 kilogram
https://m.media-amazon.com/images/I/61G0UUAMdQL.jpg,245959,depth,39.0 centimetre
https://m.media-amazon.com/images/I/719ZNKclj3L.jpg,245959,item_weight,551 gram
https://m.media-amazon.com/images/I/61rz+Pw99TL.jpg,245959,item_weight,0.45 kilogram
https://m.media-amazon.com/images/I/718C55gu0mL.jpg,245959,item_weight,465.0 gram
https://m.media-amazon.com/images/I/71sHne6Lr6L.jpg,245959,item_weight,0.59 kilogram
https://m.media-amazon.com/images/I/71Tw5iX+GvL.jpg,245959,item_weight,1.3 kilogram
https://m.media-amazon.com/images/I/61B51GM1tAL.jpg,245959,item_weight,0.6 kilogram
https://m.media-amazon.com/images/I/610nFnhRW5L.jpg,245959,item_weight,0.6 kilogram
https://m.media-amazon.com/images/I/61eBMqJpk6L.jpg,245959,item_weight,0.98 kilogram
https://m.media-amazon.com/images/I/81DPutlXXaL.jpg,245959,item_weight,1.33 pound
https://m.media-amazon.com/images/I/61VcGpUVj9L.jpg,245959,item_weight,3.5 pound
https://m.media-amazon.com/images/I/61lF2QY5d5L.jpg,245959,item_weight,0.55 kilogram
https://m.media-amazon.com/images/I/81Ve3ysGsKL.jpg,245959,item_weight,16.0 ounce
https://m.media-amazon.com/images/I/61iwOJB7HFL.jpg,245959,item_weight,0.5 kilogram
https://m.media-amazon.com/images/I/81P6nJoG0sL.jpg,245959,item_weight,3142.0 gram
https://m.media-amazon.com/images/I/71p2ShlvusL.jpg,245959,item_weight,0.5 kilogram
https://m.media-amazon.com/images/I/71YI-BpuWwL.jpg,245959,item_weight,1.0 pound
https://m.media-amazon.com/images/I/61boMmwW1HL.jpg,245959,item_weight,0.7 kilogram
https://m.media-amazon.com/images/I/71Y5f55ID8L.jpg,245959,item_weight,1.3 kilogram
https://m.media-amazon.com/images/I/71gI3XEBCEL.jpg,245959,item_weight,9.8 ounce
https://m.media-amazon.com/images/I/61toO0xRovL.jpg,245959,item_weight,0.7 kilogram
https://m.media-amazon.com/images/I/71sTRQtbWGL.jpg,245959,item_weight,0.7 kilogram
https://m.media-amazon.com/images/I/71xT2VzjlOL.jpg,245959,item_weight,0.5 kilogram
https://m.media-amazon.com/images/I/61lOEziW0yL.jpg,245959,item_weight,0.6 kilogram
https://m.media-amazon.com/images/I/81kuKcK7KkL.jpg,245959,item_weight,460.0 gram
https://m.media-amazon.com/images/I/613VJ7ph6aL.jpg,245959,item_weight,35.0 pound
https://m.media-amazon.com/images/I/71+rY23hYsL.jpg,245959,item_weight,0.52 kilogram
https://m.media-amazon.com/images/I/71yOpG3X1EL.jpg,245959,item_weight,4.0 ounce
https://m.media-amazon.com/images/I/711C6nAksZL.jpg,245959,item_weight,280 gram
https://m.media-amazon.com/images/I/61fnECWJ74L.jpg,245959,item_weight,1.65 kilogram
https://m.media-amazon.com/images/I/414u6X3S6ML.jpg,245959,item_weight,1.43 pound
https://m.media-amazon.com/images/I/713CED0X1iL.jpg,245959,item_weight,2.2 kilogram
https://m.media-amazon.com/images/I/61Wqd-guSjL.jpg,245959,item_weight,0.58 kilogram
https://m.media-amazon.com/images/I/615L-5fki9L.jpg,245959,item_weight,0.77 pound
https://m.media-amazon.com/images/I/615L-5fki9L.jpg,245959,width,8.0 inch
https://m.media-amazon.com/images/I/61RsDaF7lRL.jpg,245959,item_weight,0.7 kilogram
https://m.media-amazon.com/images/I/71LqjtOilbL.jpg,245959,item_weight,0.62 kilogram
https://m.media-amazon.com/images/I/61zpGnUXjEL.jpg,245959,item_weight,0.6 kilogram
https://m.media-amazon.com/images/I/71Rxn81d57L.jpg,245959,item_weight,0.4 kilogram
https://m.media-amazon.com/images/I/71mcZHoaFnL.jpg,245959,item_weight,0.42 kilogram
https://m.media-amazon.com/images/I/617HNFaUuOL.jpg,245959,item_weight,0.35 kilogram
https://m.media-amazon.com/images/I/71ZLQxISLRL.jpg,245959,item_weight,1.2 pound
https://m.media-amazon.com/images/I/81SzK3Bnj3L.jpg,245959,item_weight,0.77 kilogram
https://m.media-amazon.com/images/I/71nSMTNu7iL.jpg,245959,item_weight,30.0 gram
https://m.media-amazon.com/images/I/610+zjlM33L.jpg,245959,item_weight,0.5 kilogram
https://m.media-amazon.com/images/I/61aDqF1yiJL.jpg,245959,item_weight,2.2 pound
https://m.media-amazon.com/images/I/61UUxp0B8KL.jpg,245959,item_weight,0.45 kilogram
https://m.media-amazon.com/images/I/61R9uPCYH-L.jpg,245959,item_weight,0.6 kilogram
https://m.media-amazon.com/images/I/712Jyw1l2hL.jpg,245959,item_weight,420.0 gram
https://m.media-amazon.com/images/I/61Nja0DndTL.jpg,245959,item_weight,1.1 kilogram
https://m.media-amazon.com/images/I/61uLGHYvMPL.jpg,245959,item_weight,1.9 kilogram
https://m.media-amazon.com/images/I/61PXWwvmbxL.jpg,245959,item_weight,0.5 kilogram
https://m.media-amazon.com/images/I/71rXktM60pL.jpg,245959,item_weight,1.0 gram
https://m.media-amazon.com/images/I/81N1+M5H2WL.jpg,245959,item_weight,2.0 gram
https://m.media-amazon.com/images/I/61tS+OMCCAL.jpg,245959,item_weight,420.0 gram
https://m.media-amazon.com/images/I/61qEOjIN4KL.jpg,245959,item_weight,0.6 kilogram
https://m.media-amazon.com/images/I/91IIqCp+lTL.jpg,245959,item_weight,1.0 kilogram
https://m.media-amazon.com/images/I/816ecs3cChL.jpg,245959,item_weight,1.68 kilogram
https://m.media-amazon.com/images/I/6178R+DiAdL.jpg,245959,item_weight,0.5 kilogram
https://m.media-amazon.com/images/I/6178R+DiAdL.jpg,245959,width,9.5 inch
https://m.media-amazon.com/images/I/819y2CBQZIL.jpg,245959,item_weight,1.3 kilogram
https://m.media-amazon.com/images/I/81cZ2lTeYHL.jpg,245959,item_weight,460.0 gram
https://m.media-amazon.com/images/I/71SFkn4FIVL.jpg,245959,item_weight,0.42 kilogram
https://m.media-amazon.com/images/I/71Ci+YUwheL.jpg,245959,item_weight,460.0 gram
https://m.media-amazon.com/images/I/61oohYbG-OL.jpg,245959,item_weight,0.6 kilogram
https://m.media-amazon.com/images/I/71-fuPo0CtL.jpg,245959,item_weight,60.0 kilogram
https://m.media-amazon.com/images/I/81LfuyiiWdL.jpg,245959,item_weight,2.6 pound
https://m.media-amazon.com/images/I/71ZxrhSXxtL.jpg,245959,item_weight,0.7 kilogram
https://m.media-amazon.com/images/I/61jft02oKPL.jpg,245959,item_weight,0.7 kilogram
https://m.media-amazon.com/images/I/71Yo0CRV6cL.jpg,245959,item_weight,1.0 gram
https://m.media-amazon.com/images/I/71kvpZWPJkL.jpg,245959,item_weight,0.5 pound
https://m.media-amazon.com/images/I/61IWX-YZg3L.jpg,245959,item_weight,1.3 kilogram
https://m.media-amazon.com/images/I/61cAoq66lUL.jpg,245959,item_weight,1.0 pound
https://m.media-amazon.com/images/I/61-vLHEqq6L.jpg,245959,item_weight,0.6 kilogram
https://m.media-amazon.com/images/I/61QJVhqwZCL.jpg,245959,item_weight,0.5 kilogram
https://m.media-amazon.com/images/I/61y90nfIPwL.jpg,245959,item_weight,0.35 kilogram
https://m.media-amazon.com/images/I/61igpUV75LL.jpg,245959,item_weight,0.41 kilogram
https://m.media-amazon.com/images/I/61pBU-mXujL.jpg,245959,item_weight,0.5 kilogram
https://m.media-amazon.com/images/I/71kEgGp7eeL.jpg,245959,item_weight,0.5 kilogram
https://m.media-amazon.com/images/I/81PVXpd6HEL.jpg,245959,item_weight,1.54 pound
https://m.media-amazon.com/images/I/818WmS-r4PL.jpg,245959,item_weight,0.6 kilogram
https://m.media-amazon.com/images/I/81HNlEF8zgL.jpg,245959,item_weight,1.0 ounce
https://m.media-amazon.com/images/I/718L0uoKkrL.jpg,245959,item_weight,2.2 pound
https://m.media-amazon.com/images/I/61JsTLFAxkL.jpg,245959,item_weight,3.0 pound
https://m.media-amazon.com/images/I/51b-c2vVW7L.jpg,245959,item_weight,0.42 kilogram
https://m.media-amazon.com/images/I/61Y6KCsfw+L.jpg,245959,item_weight,0.5 kilogram
https://m.media-amazon.com/images/I/813zHUwwReL.jpg,245959,item_weight,700.0 gram
https://m.media-amazon.com/images/I/61f9sF+9TxL.jpg,245959,item_weight,450.0 gram
https://m.media-amazon.com/images/I/71wDlNr1KSL.jpg,245959,item_weight,190.0 milligram
https://m.media-amazon.com/images/I/611Z4vQEl+L.jpg,245959,item_weight,0.77 pound
https://m.media-amazon.com/images/I/611Z4vQEl+L.jpg,245959,depth,16.1 inch
https://m.media-amazon.com/images/I/611Z4vQEl+L.jpg,245959,height,11.0 inch
https://m.media-amazon.com/images/I/612KYwEWNYL.jpg,245959,height,26.7 centimetre
https://m.media-amazon.com/images/I/618WpMdNVaL.jpg,245959,width,18.0 centimetre
https://m.media-amazon.com/images/I/61F01nNK-DL.jpg,245959,width,20.0 centimetre
https://m.media-amazon.com/images/I/61G7svW9S-L.jpg,245959,width,26.0 centimetre
https://m.media-amazon.com/images/I/6150XSW6NeL.jpg,245959,width,26.0 centimetre
https://m.media-amazon.com/images/I/6150XSW6NeL.jpg,245959,depth,45.0 centimetre
https://m.media-amazon.com/images/I/511QmYs-gGL.jpg,245959,width,24.0 centimetre
https://m.media-amazon.com/images/I/61FlBNp7rZL.jpg,245959,width,9.0 inch
https://m.media-amazon.com/images/I/61EGrF5uzjL.jpg,245959,width,9.84 inch
https://m.media-amazon.com/images/I/610qEPmacML.jpg,245959,width,19.0 centimetre
https://m.media-amazon.com/images/I/61-67V5lYGL.jpg,245959,width,25.0 centimetre
https://m.media-amazon.com/images/I/616JSWPNS8L.jpg,245959,width,8.7 inch
https://m.media-amazon.com/images/I/41MjIVReSbL.jpg,245959,width,23.0 centimetre
https://m.media-amazon.com/images/I/61GF+2XMcOL.jpg,245959,width,9.84 inch
https://m.media-amazon.com/images/I/51XuMYQOFfL.jpg,245959,width,20.0 centimetre
https://m.media-amazon.com/images/I/612HGFAbIML.jpg,245959,width,22.0 centimetre
https://m.media-amazon.com/images/I/610CKonvkLL.jpg,245959,width,22.0 centimetre
https://m.media-amazon.com/images/I/61-HK1RMgEL.jpg,245959,width,8.7 inch
https://m.media-amazon.com/images/I/614+93xc9CL.jpg,245959,width,26.0 centimetre
https://m.media-amazon.com/images/I/614+93xc9CL.jpg,245959,depth,57.0 centimetre
https://m.media-amazon.com/images/I/61GDpZPkOkL.jpg,245959,width,22.0 centimetre
https://m.media-amazon.com/images/I/61GDpZPkOkL.jpg,245959,height,28.0 centimetre
https://m.media-amazon.com/images/I/617D-n9RYmL.jpg,245959,width,9.0 inch
https://m.media-amazon.com/images/I/51dEQmdHzXL.jpg,245959,width,6.3 inch
https://m.media-amazon.com/images/I/51KFr1Tj+6L.jpg,245959,width,23.0 centimetre
https://m.media-amazon.com/images/I/51FjaKLIw2L.jpg,245959,width,25.0 centimetre
https://m.media-amazon.com/images/I/51JREdWFtcL.jpg,245959,width,8.6 inch
https://m.media-amazon.com/images/I/613B1VSfX7L.jpg,245959,width,22.0 centimetre
https://m.media-amazon.com/images/I/613B1VSfX7L.jpg,245959,height,28.0 centimetre
https://m.media-amazon.com/images/I/51yDF15zHWL.jpg,245959,width,8.66 inch
https://m.media-amazon.com/images/I/61F9R9p1ZnL.jpg,245959,width,7.0 inch
https://m.media-amazon.com/images/I/51dAqoWj+LL.jpg,245959,width,24.0 centimetre
https://m.media-amazon.com/images/I/51dAqoWj+LL.jpg,245959,depth,50.0 centimetre
https://m.media-amazon.com/images/I/41--cWI0v7L.jpg,245959,width,39.0 centimetre
https://m.media-amazon.com/images/I/51JPr93LMxL.jpg,245959,width,22.0 centimetre
https://m.media-amazon.com/images/I/61+7al6LT2L.jpg,245959,width,25.0 centimetre
https://m.media-amazon.com/images/I/61+7al6LT2L.jpg,245959,depth,50.0 centimetre
https://m.media-amazon.com/images/I/612l0sbCaaL.jpg,245959,width,18.0 centimetre
https://m.media-amazon.com/images/I/614CEHIoAdL.jpg,245959,width,7.0 inch
https://m.media-amazon.com/images/I/51o923IxFbL.jpg,245959,width,22.0 centimetre
https://m.media-amazon.com/images/I/61DTzrt502L.jpg,245959,width,23.0 centimetre
https://m.media-amazon.com/images/I/617mnQAJ3JL.jpg,245959,width,13.5 inch
https://m.media-amazon.com/images/I/512+LMwT1aL.jpg,245959,width,23.0 centimetre
https://m.media-amazon.com/images/I/613tA2WU0wL.jpg,245959,width,17.0 centimetre
https://m.media-amazon.com/images/I/51Vfn2FNwJL.jpg,245959,width,25.0 centimetre
https://m.media-amazon.com/images/I/51bORSL1GEL.jpg,245959,width,26.0 centimetre
https://m.media-amazon.com/images/I/616pS3C-i0L.jpg,245959,width,19.0 centimetre
https://m.media-amazon.com/images/I/51vO6JbvOLL.jpg,245959,width,6.3 inch
https://m.media-amazon.com/images/I/51vO6JbvOLL.jpg,245959,depth,17.7 inch
https://m.media-amazon.com/images/I/6102rbTfp2L.jpg,245959,width,21.0 centimetre
https://m.media-amazon.com/images/I/51fd5cPjtSL.jpg,245959,width,19.0 centimetre
https://m.media-amazon.com/images/I/51fd5cPjtSL.jpg,245959,height,41.0 centimetre
https://m.media-amazon.com/images/I/61-sJ36I+oL.jpg,245959,width,31.0 centimetre
https://m.media-amazon.com/images/I/51YSDPhiaML.jpg,245959,width,18.0 centimetre
https://m.media-amazon.com/images/I/613KZ9jj-vL.jpg,245959,width,18.0 centimetre
https://m.media-amazon.com/images/I/613KZ9jj-vL.jpg,245959,depth,55.0 centimetre
https://m.media-amazon.com/images/I/613waMKTIgL.jpg,245959,width,9.0 inch
https://m.media-amazon.com/images/I/51c9nbVvPiL.jpg,245959,width,24.0 centimetre
https://m.media-amazon.com/images/I/611eeyn55bL.jpg,245959,width,20.0 centimetre
https://m.media-amazon.com/images/I/61CwVU2ogkL.jpg,245959,depth,38.0 centimetre
https://m.media-amazon.com/images/I/618KXbBHpYL.jpg,245959,depth,20.0 inch
https://m.media-amazon.com/images/I/51ks4L6Zv+L.jpg,245959,depth,14.0 inch
https://m.media-amazon.com/images/I/51faqI-r9fL.jpg,245959,depth,46.0 centimetre
https://m.media-amazon.com/images/I/61+cuMMVBIL.jpg,245959,depth,45.0 centimetre
https://m.media-amazon.com/images/I/61D0vnJloEL.jpg,245959,depth,24.0 inch
https://m.media-amazon.com/images/I/51T4g1ljNiL.jpg,245959,depth,15.7 inch
https://m.media-amazon.com/images/I/61FbNN2VjYL.jpg,245959,depth,40.0 centimetre
https://m.media-amazon.com/images/I/511fKOGOPVL.jpg,245959,depth,21.6 inch
https://m.media-amazon.com/images/I/61-NSxSoelL.jpg,245959,depth,105.0 centimetre
https://m.media-amazon.com/images/I/61EPjdZ47HL.jpg,245959,depth,32.5 inch
https://m.media-amazon.com/images/I/51BdtfGNTkL.jpg,245959,depth,49.0 centimetre
https://m.media-amazon.com/images/I/616zbAdBriL.jpg,245959,depth,53.3 centimetre
https://m.media-amazon.com/images/I/61EQjf81ufL.jpg,245959,depth,55.0 centimetre
https://m.media-amazon.com/images/I/51NILAEHrpL.jpg,245959,depth,17.7 inch
https://m.media-amazon.com/images/I/41i7MC2rWUL.jpg,245959,depth,10.0 inch
https://m.media-amazon.com/images/I/51ZF6FWhrtL.jpg,245959,depth,39.0 centimetre
https://m.media-amazon.com/images/I/51ZF6FWhrtL.jpg,245959,height,38.0 centimetre
https://m.media-amazon.com/images/I/51npMVsWnDL.jpg,245959,depth,172.0 centimetre
https://m.media-amazon.com/images/I/51nKQcnHnxL.jpg,245959,depth,36.0 centimetre
https://m.media-amazon.com/images/I/513zKXfzn-L.jpg,245959,depth,36.0 centimetre
https://m.media-amazon.com/images/I/61AoViPcKpL.jpg,245959,depth,42.0 centimetre
https://m.media-amazon.com/images/I/61AoViPcKpL.jpg,245959,height,28.0 centimetre
https://m.media-amazon.com/images/I/510uHc6HE7L.jpg,245959,depth,16.5 inch
https://m.media-amazon.com/images/I/614ttnUWGJL.jpg,245959,depth,18.8 inch
https://m.media-amazon.com/images/I/617rs7SwpvL.jpg,245959,depth,48.0 centimetre
https://m.media-amazon.com/images/I/61BjvGhI9FL.jpg,245959,depth,55.0 centimetre
https://m.media-amazon.com/images/I/51aZLnqoacL.jpg,245959,depth,18.0 inch
https://m.media-amazon.com/images/I/51Xn0b1gIEL.jpg,245959,depth,47.0 centimetre
https://m.media-amazon.com/images/I/612WPDqhKUL.jpg,245959,depth,15.7 inch
https://m.media-amazon.com/images/I/612WPDqhKUL.jpg,245959,height,9.8 inch
https://m.media-amazon.com/images/I/617VkbPYVLL.jpg,245959,depth,21.65 inch
https://m.media-amazon.com/images/I/51xUXCVTY9L.jpg,245959,depth,53.0 centimetre
https://m.media-amazon.com/images/I/51W94y07J4L.jpg,245959,depth,50.0 centimetre
https://m.media-amazon.com/images/I/61+Ke7DhMEL.jpg,245959,depth,42.0 centimetre
https://m.media-amazon.com/images/I/616k8DC9BRL.jpg,245959,depth,20.0 inch
https://m.media-amazon.com/images/I/61DpXeuw+DL.jpg,245959,depth,15.75 inch
https://m.media-amazon.com/images/I/6166IGQxrNL.jpg,245959,depth,21.0 inch
https://m.media-amazon.com/images/I/51fB3+RgzdL.jpg,245959,depth,16.53 inch
https://m.media-amazon.com/images/I/51m5lkmgX3L.jpg,245959,depth,45.0 centimetre
https://m.media-amazon.com/images/I/51dP4OBK8GL.jpg,245959,depth,54.5 centimetre
https://m.media-amazon.com/images/I/61GBaPweXhL.jpg,245959,depth,46.0 centimetre
https://m.media-amazon.com/images/I/51Jxon1rjAL.jpg,245959,depth,16.0 inch
https://m.media-amazon.com/images/I/51sQdjHg4ML.jpg,245959,depth,60.0 centimetre
https://m.media-amazon.com/images/I/51suVygn7BL.jpg,245959,depth,8.75 inch
https://m.media-amazon.com/images/I/61B7rFp0i4L.jpg,245959,depth,39.0 centimetre
https://m.media-amazon.com/images/I/61-IGwJtAgL.jpg,245959,depth,13.3 inch
https://m.media-amazon.com/images/I/410qpilPWNL.jpg,245959,depth,470.0 millimetre
https://m.media-amazon.com/images/I/410qpilPWNL.jpg,245959,height,360.0 millimetre
https://m.media-amazon.com/images/I/41iTSz6F8hL.jpg,245959,depth,46.0 centimetre
https://m.media-amazon.com/images/I/41iTSz6F8hL.jpg,245959,height,28.0 centimetre
https://m.media-amazon.com/images/I/6184U0FyUtL.jpg,245959,depth,21.85 inch
https://m.media-amazon.com/images/I/6141IpsXUbL.jpg,245959,depth,20.0 inch
https://m.media-amazon.com/images/I/617bAOB+SGL.jpg,245959,depth,16.2 inch
https://m.media-amazon.com/images/I/51rgoFodbfL.jpg,245959,depth,41.0 centimetre
https://m.media-amazon.com/images/I/51rgoFodbfL.jpg,245959,height,35.0 centimetre
https://m.media-amazon.com/images/I/51Fve3PrziL.jpg,245959,depth,36.0 centimetre
https://m.media-amazon.com/images/I/51VWxU+3lrL.jpg,245959,depth,77.0 centimetre
https://m.media-amazon.com/images/I/618lTe8hUGL.jpg,245959,depth,23.0 inch
https://m.media-amazon.com/images/I/51rmImwKv4L.jpg,245959,depth,29.8 centimetre
https://m.media-amazon.com/images/I/51rmImwKv4L.jpg,245959,height,7.68 inch
https://m.media-amazon.com/images/I/612wGL4jzoL.jpg,245959,depth,25.0 centimetre
https://m.media-amazon.com/images/I/619XOddDCyL.jpg,245959,depth,47.0 centimetre
https://m.media-amazon.com/images/I/614TdCsA1xL.jpg,245959,depth,41.0 centimetre
https://m.media-amazon.com/images/I/6144gWEjTrL.jpg,245959,depth,16.53 inch
https://m.media-amazon.com/images/I/51DmWtxIj3L.jpg,245959,depth,42.0 centimetre
https://m.media-amazon.com/images/I/41Rn7dFe-iL.jpg,245959,depth,28.0 centimetre
https://m.media-amazon.com/images/I/41Rn7dFe-iL.jpg,245959,height,25.0 centimetre
https://m.media-amazon.com/images/I/51tbyuMRxBL.jpg,245959,depth,34.0 centimetre
https://m.media-amazon.com/images/I/616qQJNWoHL.jpg,245959,depth,47.0 centimetre
https://m.media-amazon.com/images/I/619a21yIDzL.jpg,245959,depth,40.0 centimetre
https://m.media-amazon.com/images/I/61FUAOcmEoL.jpg,245959,depth,20.9 inch
https://m.media-amazon.com/images/I/619hp1bsHSL.jpg,245959,depth,18.0 inch
https://m.media-amazon.com/images/I/618TDCRAvOL.jpg,245959,depth,32.0 centimetre
https://m.media-amazon.com/images/I/517uA3NUe8L.jpg,245959,depth,53.0 centimetre
https://m.media-amazon.com/images/I/614o4uzkF-L.jpg,245959,depth,55.0 centimetre
https://m.media-amazon.com/images/I/51tMqtY6l5L.jpg,245959,depth,16.5 inch
https://m.media-amazon.com/images/I/61F1Lu1ariL.jpg,245959,depth,47.0 centimetre
https://m.media-amazon.com/images/I/61F1Lu1ariL.jpg,245959,height,49.0 centimetre
https://m.media-amazon.com/images/I/619kv7cIyBL.jpg,245959,depth,52.0 centimetre
https://m.media-amazon.com/images/I/61-kxxdQWKL.jpg,245959,depth,27.0 centimetre
https://m.media-amazon.com/images/I/61-kxxdQWKL.jpg,245959,height,47.0 centimetre
https://m.media-amazon.com/images/I/614ybn9aV0L.jpg,245959,depth,21.5 inch
https://m.media-amazon.com/images/I/41Nj4VtKc4L.jpg,245959,depth,65.0 centimetre
https://m.media-amazon.com/images/I/61BLfkqbreL.jpg,245959,depth,45.0 centimetre
https://m.media-amazon.com/images/I/619v+OjL9aL.jpg,245959,depth,41.0 centimetre
https://m.media-amazon.com/images/I/51IKtchEWNL.jpg,245959,depth,51.0 centimetre
https://m.media-amazon.com/images/I/51IKtchEWNL.jpg,245959,height,35.0 centimetre
https://m.media-amazon.com/images/I/61EEOkZtIiL.jpg,245959,height,35.0 centimetre
https://m.media-amazon.com/images/I/61-M03v+S1L.jpg,245959,height,25.0 centimetre
https://m.media-amazon.com/images/I/51wkD8oB0AL.jpg,245959,height,15.0 inch
https://m.media-amazon.com/images/I/51yOUz62XBL.jpg,245959,height,27.0 centimetre
https://m.media-amazon.com/images/I/51rwL2AkALL.jpg,245959,height,29.0 centimetre
https://m.media-amazon.com/images/I/61G+sRcS8WL.jpg,245959,height,30.0 centimetre
https://m.media-amazon.com/images/I/51FdJ1fBgVL.jpg,245959,height,16.53 inch
https://m.media-amazon.com/images/I/61Eu0bOwbVL.jpg,245959,height,23.0 centimetre
https://m.media-amazon.com/images/I/615GUml+IWL.jpg,245959,height,7.68 inch
https://m.media-amazon.com/images/I/51POBSplo3L.jpg,245959,height,10.6 inch
https://m.media-amazon.com/images/I/617R1UJnPiL.jpg,245959,height,28.0 centimetre
https://m.media-amazon.com/images/I/612Y2utPM0L.jpg,245959,height,21.0 centimetre
https://m.media-amazon.com/images/I/613wz2xOsjL.jpg,245959,height,28.0 centimetre
https://m.media-amazon.com/images/I/51ZrHpwqbIL.jpg,245959,height,122.0 centimetre
https://m.media-amazon.com/images/I/61-AcECdhFL.jpg,245959,height,30.0 centimetre
https://m.media-amazon.com/images/I/615kA9JAZnL.jpg,245959,height,28.0 centimetre
https://m.media-amazon.com/images/I/51TBgQI-vzL.jpg,245959,height,28.0 centimetre
https://m.media-amazon.com/images/I/5162049UQyL.jpg,245959,height,15.7 inch
https://m.media-amazon.com/images/I/61ElC-LKPvS.jpg,245959,height,27.0 centimetre
https://m.media-amazon.com/images/I/51Ez87vhtUL.jpg,245959,height,21.0 centimetre
https://m.media-amazon.com/images/I/61C7LCLNwvL.jpg,245959,height,10.63 inch
https://m.media-amazon.com/images/I/61+yYeyagdL.jpg,245959,height,25.0 centimetre
https://m.media-amazon.com/images/I/617iZfbpnrL.jpg,245959,height,26.0 centimetre
https://m.media-amazon.com/images/I/616vg0vXr7L.jpg,245959,height,19.0 centimetre
https://m.media-amazon.com/images/I/51mMzbwQabL.jpg,245959,height,28.0 centimetre
https://m.media-amazon.com/images/I/51NDHPncEIL.jpg,245959,height,32.0 centimetre
https://m.media-amazon.com/images/I/618gIx325vL.jpg,245959,height,15.6 inch
https://m.media-amazon.com/images/I/61DEH-RFVdL.jpg,245959,height,10.6 inch
https://m.media-amazon.com/images/I/51skVPfPObL.jpg,245959,height,12.5 inch
https://m.media-amazon.com/images/I/51ZaUBek+RL.jpg,245959,height,26.0 centimetre
https://m.media-amazon.com/images/I/617DQNPrZ8L.jpg,245959,height,10.6 inch
https://m.media-amazon.com/images/I/61F1-p1djJL.jpg,245959,height,33.0 centimetre
https://m.media-amazon.com/images/I/51PNZ9cMc5L.jpg,245959,height,37.0 centimetre
https://m.media-amazon.com/images/I/51Lvl+tHMjL.jpg,245959,height,42.0 centimetre
https://m.media-amazon.com/images/I/51TvWfcHTGL.jpg,245959,height,31.75 centimetre
https://m.media-amazon.com/images/I/51L8FO7Ri8S.jpg,245959,height,25.0 centimetre
https://m.media-amazon.com/images/I/51khqZdd9mL.jpg,245959,height,13.0 inch
https://m.media-amazon.com/images/I/61+x7O6CipL.jpg,245959,height,26.0 centimetre
https://m.media-amazon.com/images/I/51GV0svnrAL.jpg,245959,height,30.0 centimetre
https://m.media-amazon.com/images/I/619HmVeuDOL.jpg,245959,height,25.0 centimetre
https://m.media-amazon.com/images/I/6171oWfx6wL.jpg,245959,height,20.0 centimetre
https://m.media-amazon.com/images/I/617mEanFgOL.jpg,245959,height,11.0 inch
https://m.media-amazon.com/images/I/617Gcm1IVVL.jpg,245959,height,32.0 centimetre
https://m.media-amazon.com/images/I/516GLsbt5oL.jpg,245959,height,25.0 centimetre
https://m.media-amazon.com/images/I/61APDbTTvfL.jpg,245959,height,38.0 centimetre
https://m.media-amazon.com/images/I/619Ak40T6GL.jpg,245959,height,11.02 inch
https://m.media-amazon.com/images/I/5129nqwb+GL.jpg,245959,height,25.0 centimetre
https://m.media-amazon.com/images/I/614kFPsJcTL.jpg,245959,height,29.0 centimetre
https://m.media-amazon.com/images/I/619fEOn62EL.jpg,245959,height,27.0 centimetre
https://m.media-amazon.com/images/I/611oTwUj4-L.jpg,245959,height,27.0 centimetre
https://m.media-amazon.com/images/I/61A0ZjNc-TL.jpg,245959,height,35.0 centimetre
https://m.media-amazon.com/images/I/610gnHjpj-L.jpg,245959,height,34.0 centimetre
https://m.media-amazon.com/images/I/61G20lWVhnL.jpg,245959,height,27.0 centimetre
https://m.media-amazon.com/images/I/61BEkZqnADL.jpg,245959,height,13.4 inch
https://m.media-amazon.com/images/I/617q02k8KYL.jpg,245959,height,19.0 centimetre
https://m.media-amazon.com/images/I/619ETUizmBL.jpg,245959,height,28.0 centimetre
https://m.media-amazon.com/images/I/61D1M24PUML.jpg,245959,height,13.0 inch
https://m.media-amazon.com/images/I/51syD3m-ADL.jpg,245959,height,15.0 inch
https://m.media-amazon.com/images/I/61FtDKiDDyL.jpg,245959,height,27.0 centimetre
https://m.media-amazon.com/images/I/618nG6Kyl6L.jpg,245959,height,36.0 centimetre
https://m.media-amazon.com/images/I/51tvNarH2CL.jpg,245959,height,17.7 inch
https://m.media-amazon.com/images/I/6180sWRsWkL.jpg,245959,height,38.0 centimetre
https://m.media-amazon.com/images/I/61+il+1rGlL.jpg,245959,height,13.5 inch
https://m.media-amazon.com/images/I/51dEq5w0D5L.jpg,245959,height,36.0 centimetre
https://m.media-amazon.com/images/I/619JZnbkn0L.jpg,245959,height,28.0 centimetre
https://m.media-amazon.com/images/I/619WjHqt5VL.jpg,245959,height,46.0 centimetre
https://m.media-amazon.com/images/I/61FPFGg1s9L.jpg,245959,height,11.0 inch
https://m.media-amazon.com/images/I/61FkUtT67PL.jpg,245959,height,19.0 centimetre
https://m.media-amazon.com/images/I/61FoD8QZfWL.jpg,245959,height,33.0 centimetre
https://m.media-amazon.com/images/I/51Fu7R3Px6L.jpg,245959,height,14.0 inch
https://m.media-amazon.com/images/I/51Eu1TOav0L.jpg,245959,height,28.0 centimetre
https://m.media-amazon.com/images/I/619aTMmY67L.jpg,245959,height,30.0 centimetre
https://m.media-amazon.com/images/I/51fY-KquL-L.jpg,245959,height,13.3 inch
https://m.media-amazon.com/images/I/51c3hHjk-cL.jpg,245959,height,12.5 inch
https://m.media-amazon.com/images/I/617qxqIcshL.jpg,245959,height,37.6 centimetre
https://m.media-amazon.com/images/I/51FYBWfiI8L.jpg,245959,height,35.0 centimetre
