image_link,group_id,entity_name,entity_value
https://m.media-amazon.com/images/I/51xg1KbVrZL.jpg,638301,width,8.0 metre
https://m.media-amazon.com/images/I/618Ns77lR3L.jpg,638301,width,0.9 metre
https://m.media-amazon.com/images/I/61CRQVRaLLL.jpg,638301,width,10.0 inch
https://m.media-amazon.com/images/I/51cCsQaD6uL.jpg,638301,width,14.0 inch
https://m.media-amazon.com/images/I/51D4T0GF0nL.jpg,638301,width,72.0 millimetre
https://m.media-amazon.com/images/I/51D4T0GF0nL.jpg,638301,depth,5157.0 millimetre
https://m.media-amazon.com/images/I/617X+eF7pIL.jpg,638301,width,10.2 inch
https://m.media-amazon.com/images/I/514yna2aA4L.jpg,638301,width,565.0 millimetre
https://m.media-amazon.com/images/I/61AzVvY23+L.jpg,638301,width,6.22 inch
https://m.media-amazon.com/images/I/61CCUIRU4SL.jpg,638301,width,7.0 inch
https://m.media-amazon.com/images/I/517tsSonfnL.jpg,638301,width,0.6666666666666666 metre
https://m.media-amazon.com/images/I/51C2WrJ4tpL.jpg,638301,width,14.0 inch
https://m.media-amazon.com/images/I/51Aw7-eBxQL.jpg,638301,width,8.0 millimetre
https://m.media-amazon.com/images/I/51Bm-+VWdwL.jpg,638301,width,0.3 millimetre
https://m.media-amazon.com/images/I/619XjBsgt6L.jpg,638301,width,15.0 inch
https://m.media-amazon.com/images/I/61FK6+YIcQL.jpg,638301,width,10.9 inch
https://m.media-amazon.com/images/I/61FK6+YIcQL.jpg,638301,depth,11.0 inch
https://m.media-amazon.com/images/I/612827Rwl6L.jpg,638301,width,4.0 inch
https://m.media-amazon.com/images/I/610AeMgYVVL.jpg,638301,width,54.0 inch
https://m.media-amazon.com/images/I/6158FciFWCL.jpg,638301,width,13.0 inch
https://m.media-amazon.com/images/I/61BRvmMb0OL.jpg,638301,width,10.4 inch
https://m.media-amazon.com/images/I/61Auq03RTgL.jpg,638301,width,4.7 inch
https://m.media-amazon.com/images/I/61FTr0uca2L.jpg,638301,width,2.0 inch
https://m.media-amazon.com/images/I/610U63xjBxL.jpg,638301,width,6.7 inch
https://m.media-amazon.com/images/I/51TZ5MkZQ8L.jpg,638301,width,8.0 millimetre
https://m.media-amazon.com/images/I/51m-D201sHL.jpg,638301,width,10.9 inch
https://m.media-amazon.com/images/I/512dDdBIDlL.jpg,638301,width,69.0 millimetre
https://m.media-amazon.com/images/I/51B80DoxVCL.jpg,638301,width,10.0 inch
https://m.media-amazon.com/images/I/51Y6NYzBoSL.jpg,638301,width,6.7 inch
https://m.media-amazon.com/images/I/51asdvQZ4XL.jpg,638301,width,6.58 inch
https://m.media-amazon.com/images/I/61DLitE-PvL.jpg,638301,width,8.0 inch
https://m.media-amazon.com/images/I/615TIVBynLL.jpg,638301,width,6.7 inch
https://m.media-amazon.com/images/I/61DzKo9+mGL.jpg,638301,width,5.4 inch
https://m.media-amazon.com/images/I/51DXTx2iADL.jpg,638301,width,37.5 millimetre
https://m.media-amazon.com/images/I/51CYoMJhZeL.jpg,638301,width,12.8 inch
https://m.media-amazon.com/images/I/51rjqoW2iyL.jpg,638301,width,4.7 inch
https://m.media-amazon.com/images/I/613Q-9PUTwL.jpg,638301,width,40.0 millimetre
https://m.media-amazon.com/images/I/61DC78IgaGL.jpg,638301,width,12.9 inch
https://m.media-amazon.com/images/I/611ZbAOYs1L.jpg,638301,width,38.0 millimetre
https://m.media-amazon.com/images/I/51nUVWCfXVL.jpg,638301,width,1.5 millimetre
https://m.media-amazon.com/images/I/51AfcwXzGKL.jpg,638301,width,30.0 centimetre
https://m.media-amazon.com/images/I/51RyT0X2NoL.jpg,638301,width,23.9 foot
https://m.media-amazon.com/images/I/51yzR7HszhL.jpg,638301,width,6.1 inch
https://m.media-amazon.com/images/I/41HRGR7W9gL.jpg,638301,width,0.8 centimetre
https://m.media-amazon.com/images/I/51IPPMbhJWL.jpg,638301,width,7.6 inch
https://m.media-amazon.com/images/I/61+naxLAWWL.jpg,638301,width,14.2 inch
https://m.media-amazon.com/images/I/618DYAQRo3L.jpg,638301,width,2.0 metre
https://m.media-amazon.com/images/I/618DYAQRo3L.jpg,638301,depth,2.0 metre
https://m.media-amazon.com/images/I/61FtKVGNTKL.jpg,638301,width,6.1 inch
https://m.media-amazon.com/images/I/61CrIWLeWzL.jpg,638301,width,75.0 millimetre
https://m.media-amazon.com/images/I/515oiji+K1S.jpg,638301,width,0.2 millimetre
https://m.media-amazon.com/images/I/6168tkwvr1L.jpg,638301,width,6.5 inch
https://m.media-amazon.com/images/I/61+Xt4h-fmL.jpg,638301,width,2.0 metre
https://m.media-amazon.com/images/I/515n1oSKG-L.jpg,638301,width,6.1 inch
https://m.media-amazon.com/images/I/61DAGC8pVPL.jpg,638301,width,12.0 metre
https://m.media-amazon.com/images/I/610RxR246fL.jpg,638301,width,0.3 metre
https://m.media-amazon.com/images/I/514H+H557AL.jpg,638301,width,0.26 millimetre
https://m.media-amazon.com/images/I/61+om2cJD-L.jpg,638301,width,5.0 inch
https://m.media-amazon.com/images/I/51Wbn7NlepS.jpg,638301,width,4.0 inch
https://m.media-amazon.com/images/I/619QvrglsHL.jpg,638301,width,4.0 inch
https://m.media-amazon.com/images/I/61AWYDRd0eL.jpg,638301,width,12.0 inch
https://m.media-amazon.com/images/I/61A+HWEAjvL.jpg,638301,width,6.0 centimetre
https://m.media-amazon.com/images/I/51jLl9OMaCL.jpg,638301,width,48.7 millimetre
https://m.media-amazon.com/images/I/611TtnDuBbL.jpg,638301,width,544.0 millimetre
https://m.media-amazon.com/images/I/610g7HEvGvL.jpg,638301,width,21.0 inch
https://m.media-amazon.com/images/I/51IQwdOsQPL.jpg,638301,width,6.1 inch
https://m.media-amazon.com/images/I/612IGDstZiL.jpg,638301,width,6.7 inch
https://m.media-amazon.com/images/I/51XNkUzmE-L.jpg,638301,width,5.5 inch
https://m.media-amazon.com/images/I/51MbUjY+YPL.jpg,638301,width,6.8 inch
https://m.media-amazon.com/images/I/613ZZo03ueL.jpg,638301,width,105.0 millimetre
https://m.media-amazon.com/images/I/613HsdOd1ZL.jpg,638301,width,10.2 inch
https://m.media-amazon.com/images/I/616O1TeZOAL.jpg,638301,width,0.1 millimetre
https://m.media-amazon.com/images/I/618QUHOscUL.jpg,638301,width,6.06 inch
https://m.media-amazon.com/images/I/618evJ0FBoL.jpg,638301,width,42.0 millimetre
https://m.media-amazon.com/images/I/51-ne0ixP9L.jpg,638301,width,6.2 inch
https://m.media-amazon.com/images/I/51Xcmv2Cy5L.jpg,638301,width,72.0 millimetre
https://m.media-amazon.com/images/I/51T1kmhwSEL.jpg,638301,width,61.0 centimetre
https://m.media-amazon.com/images/I/61-mKsaZnCL.jpg,638301,width,0.3 millimetre
https://m.media-amazon.com/images/I/61FJT0hdyyL.jpg,638301,width,11.0 centimetre
https://m.media-amazon.com/images/I/615zV-CvyXL.jpg,638301,width,6.7 inch
https://m.media-amazon.com/images/I/51vxgbJqfCS.jpg,638301,width,7.0 inch
https://m.media-amazon.com/images/I/51HtYVBp3ML.jpg,638301,width,138.0 millimetre
https://m.media-amazon.com/images/I/61CqQHrQVzL.jpg,638301,width,0.1 millimetre
https://m.media-amazon.com/images/I/615jGWCP9LL.jpg,638301,width,83.5 centimetre
https://m.media-amazon.com/images/I/5114npWkIwL.jpg,638301,width,6.1 inch
https://m.media-amazon.com/images/I/6158J0qDljL.jpg,638301,width,10.4 inch
https://m.media-amazon.com/images/I/51tfZtxRXsL.jpg,638301,width,12.0 inch
https://m.media-amazon.com/images/I/51XS1HGPNkL.jpg,638301,width,3.0 inch
https://m.media-amazon.com/images/I/51G2SzKjXbL.jpg,638301,width,46.0 millimetre
https://m.media-amazon.com/images/I/61D9vsT+DsL.jpg,638301,width,2.0 metre
https://m.media-amazon.com/images/I/61D9vsT+DsL.jpg,638301,depth,2.0 metre
https://m.media-amazon.com/images/I/51kNUqRWBdL.jpg,638301,width,6.7 inch
https://m.media-amazon.com/images/I/51rBDbHrYyL.jpg,638301,width,1.0 millimetre
https://m.media-amazon.com/images/I/51a85czvB9L.jpg,638301,width,14.0 inch
https://m.media-amazon.com/images/I/61BzTrJiISL.jpg,638301,width,1.0 metre
https://m.media-amazon.com/images/I/51tKlLoe5AL.jpg,638301,width,10.0 inch
https://m.media-amazon.com/images/I/51f94ZAJRQL.jpg,638301,width,30.0 inch
https://m.media-amazon.com/images/I/61DuR9KTMlL.jpg,638301,width,6.28 inch
https://m.media-amazon.com/images/I/61CTsL+5vzL.jpg,638301,width,6.71 inch
https://m.media-amazon.com/images/I/61AW3aHcegL.jpg,638301,width,5.7 inch
https://m.media-amazon.com/images/I/6136yItSVPL.jpg,638301,width,2.0 millimetre
https://m.media-amazon.com/images/I/51Vu6kfxOqL.jpg,638301,width,22.0 inch
https://m.media-amazon.com/images/I/51Vu6kfxOqL.jpg,638301,depth,22.0 inch
https://m.media-amazon.com/images/I/51Ep3dnT5SL.jpg,638301,width,10.0 inch
https://m.media-amazon.com/images/I/6170ZKb+pPL.jpg,638301,width,6.0 inch
https://m.media-amazon.com/images/I/51wMyvhSYzL.jpg,638301,width,6.2 inch
https://m.media-amazon.com/images/I/5182z3A2JiL.jpg,638301,width,6.1 inch
https://m.media-amazon.com/images/I/61-UCoxft9L.jpg,638301,width,0.7 millimetre
https://m.media-amazon.com/images/I/612JPoebaGL.jpg,638301,width,7.0 inch
https://m.media-amazon.com/images/I/617typm7FEL.jpg,638301,width,26.3 inch
https://m.media-amazon.com/images/I/51s6RQxA0+L.jpg,638301,width,6.7 inch
https://m.media-amazon.com/images/I/51LNSiQ0YpS.jpg,638301,width,71.0 millimetre
https://m.media-amazon.com/images/I/51LNSiQ0YpS.jpg,638301,depth,156.0 millimetre
https://m.media-amazon.com/images/I/6184a9hmsvL.jpg,638301,width,7.0 inch
https://m.media-amazon.com/images/I/51RJeV56h9S.jpg,638301,width,23.0 inch
https://m.media-amazon.com/images/I/51hpDvuZrfL.jpg,638301,width,0.3 millimetre
https://m.media-amazon.com/images/I/515wHKJ9n5L.jpg,638301,width,1000.0 millimetre
https://m.media-amazon.com/images/I/6173wWp0ZPL.jpg,638301,width,73.0 centimetre
https://m.media-amazon.com/images/I/51EATavbqKL.jpg,638301,width,2.0 inch
https://m.media-amazon.com/images/I/613D65xwc3L.jpg,638301,width,12.9 inch
https://m.media-amazon.com/images/I/610+6216j2L.jpg,638301,width,34.5 centimetre
https://m.media-amazon.com/images/I/61-ww3D+QEL.jpg,638301,width,12.9 inch
https://m.media-amazon.com/images/I/614zUGNpvHL.jpg,638301,width,6.9 inch
https://m.media-amazon.com/images/I/51dXMO+Wg-L.jpg,638301,width,5.0 inch
https://m.media-amazon.com/images/I/61FZkDQMm8L.jpg,638301,width,6.7 inch
https://m.media-amazon.com/images/I/61AYow6oL-L.jpg,638301,width,194.0 millimetre
https://m.media-amazon.com/images/I/51dpTgS3DYL.jpg,638301,width,9.25 inch
https://m.media-amazon.com/images/I/51UvW4D6MpL.jpg,638301,width,344.0 millimetre
https://m.media-amazon.com/images/I/612iMyCv3xL.jpg,638301,width,2.0 inch
https://m.media-amazon.com/images/I/51LWem1btRL.jpg,638301,width,2.0 inch
https://m.media-amazon.com/images/I/618lpMnmo7L.jpg,638301,width,9.0 inch
https://m.media-amazon.com/images/I/61Am-nq3DML.jpg,638301,width,0.5 millimetre
https://m.media-amazon.com/images/I/51xe7gTlqdL.jpg,638301,width,12.9 inch
https://m.media-amazon.com/images/I/51xA0iRFKlL.jpg,638301,width,11.5 centimetre
https://m.media-amazon.com/images/I/6130chwP1HL.jpg,638301,width,12.0 inch
https://m.media-amazon.com/images/I/61EhDDbgCML.jpg,638301,width,6.1 inch
https://m.media-amazon.com/images/I/61-x6SQ8BSL.jpg,638301,width,0.33 millimetre
https://m.media-amazon.com/images/I/513Mft7BwLL.jpg,638301,width,37.5 millimetre
https://m.media-amazon.com/images/I/51uP8ta0lGL.jpg,638301,width,30.0 centimetre
https://m.media-amazon.com/images/I/61AkAbtQS5L.jpg,638301,width,12.9 inch
https://m.media-amazon.com/images/I/610hYRtRXUL.jpg,638301,depth,146.1 inch
https://m.media-amazon.com/images/I/619oidaNfEL.jpg,638301,depth,11.0 inch
https://m.media-amazon.com/images/I/51AcwD6k-8L.jpg,638301,depth,47.8 millimetre
https://m.media-amazon.com/images/I/61CHNkfdY-L.jpg,638301,depth,112.0 inch
https://m.media-amazon.com/images/I/51jK7H8hTxL.jpg,638301,depth,3.0 metre
https://m.media-amazon.com/images/I/619n-eYMg9L.jpg,638301,depth,100.0 centimetre
https://m.media-amazon.com/images/I/515UIfRAUrL.jpg,638301,depth,12.44 foot
https://m.media-amazon.com/images/I/612CFY26FdL.jpg,638301,depth,23.0 inch
https://m.media-amazon.com/images/I/61E7v5Ze8OL.jpg,638301,depth,444.0 millimetre
https://m.media-amazon.com/images/I/610yEUjA6yL.jpg,638301,depth,10.0 foot
https://m.media-amazon.com/images/I/51s4cKCJyHL.jpg,638301,depth,32.0 inch
https://m.media-amazon.com/images/I/514pdy-eyjL.jpg,638301,depth,60.0 inch
https://m.media-amazon.com/images/I/61+3YfdvmQL.jpg,638301,depth,85.0 inch
https://m.media-amazon.com/images/I/51jZWxS55kL.jpg,638301,depth,128.0 inch
https://m.media-amazon.com/images/I/51nXDNflbnL.jpg,638301,depth,45.0 millimetre
https://m.media-amazon.com/images/I/611GXme8j0L.jpg,638301,depth,27.0 inch
https://m.media-amazon.com/images/I/61A24Tn-Z5L.jpg,638301,depth,1.9 metre
https://m.media-amazon.com/images/I/51UTXoIhJWL.jpg,638301,depth,20.9 inch
https://m.media-amazon.com/images/I/51c7U28-0+L.jpg,638301,depth,0.23 millimetre
https://m.media-amazon.com/images/I/51KdU0pfF6L.jpg,638301,depth,12.0 inch
https://m.media-amazon.com/images/I/61Ca15kOCRL.jpg,638301,depth,3.0 metre
https://m.media-amazon.com/images/I/61+BL3WYk-L.jpg,638301,depth,0.2 millimetre
https://m.media-amazon.com/images/I/6189yxiZy3L.jpg,638301,depth,30.0 inch
https://m.media-amazon.com/images/I/610PuBuItiL.jpg,638301,depth,23.54 inch
https://m.media-amazon.com/images/I/51cDWlukLiL.jpg,638301,depth,10.8 centimetre
https://m.media-amazon.com/images/I/510kq-2o0wL.jpg,638301,depth,0.33 millimetre
https://m.media-amazon.com/images/I/61-guEaMfyL.jpg,638301,depth,12.0 inch
https://m.media-amazon.com/images/I/510BvdkgF8L.jpg,638301,depth,52.0 inch
https://m.media-amazon.com/images/I/612yvoqBZ5L.jpg,638301,depth,2.0 metre
https://m.media-amazon.com/images/I/61Dyo7MrsCL.jpg,638301,depth,23.0 inch
https://m.media-amazon.com/images/I/61AbNhguDsL.jpg,638301,depth,85.8 inch
https://m.media-amazon.com/images/I/61F05qvE3iL.jpg,638301,depth,30.0 inch
https://m.media-amazon.com/images/I/6155f8Ed-QL.jpg,638301,depth,1.18 inch
https://m.media-amazon.com/images/I/51hyHP+I40S.jpg,638301,depth,9.0 inch
https://m.media-amazon.com/images/I/61F4CH9aMOL.jpg,638301,depth,0.5 metre
https://m.media-amazon.com/images/I/618qdOU7YeL.jpg,638301,depth,0.3 millimetre
https://m.media-amazon.com/images/I/51GpeuiV2XL.jpg,638301,depth,2.0 metre
https://m.media-amazon.com/images/I/51SpQE4v8SL.jpg,638301,depth,0.5 metre
https://m.media-amazon.com/images/I/51emmk1SZEL.jpg,638301,depth,4.6 centimetre
https://m.media-amazon.com/images/I/51pm77i+reL.jpg,638301,depth,286.0 millimetre
https://m.media-amazon.com/images/I/518aTaHU9gL.jpg,638301,depth,0.8 millimetre
https://m.media-amazon.com/images/I/51hEtAoFp7L.jpg,638301,depth,10.95 inch
https://m.media-amazon.com/images/I/619SEu-H4mL.jpg,638301,depth,7.0 metre
https://m.media-amazon.com/images/I/51jUQ2zbceL.jpg,638301,depth,54.0 inch
https://m.media-amazon.com/images/I/610r5lW6ihL.jpg,638301,depth,96.0 centimetre
https://m.media-amazon.com/images/I/51C0IEbYNlL.jpg,638301,depth,0.33 millimetre
https://m.media-amazon.com/images/I/51xS5bK-w3L.jpg,638301,depth,26.0 millimetre
https://m.media-amazon.com/images/I/51wd6DYWYSL.jpg,638301,depth,1.73 inch
https://m.media-amazon.com/images/I/612y4LqYnkL.jpg,638301,depth,16.2 inch
https://m.media-amazon.com/images/I/41Jb3A5UN+L.jpg,638301,depth,32.0 inch
https://m.media-amazon.com/images/I/515-wEIjQlL.jpg,638301,depth,5.5 foot
https://m.media-amazon.com/images/I/61C2WS0oBZL.jpg,638301,depth,60.0 inch
https://m.media-amazon.com/images/I/61DmlbX+AML.jpg,638301,depth,34.0 inch
https://m.media-amazon.com/images/I/611aiushLZL.jpg,638301,depth,750.0 millimetre
https://m.media-amazon.com/images/I/619L1rR1lYL.jpg,638301,depth,74.19047619047619 inch
https://m.media-amazon.com/images/I/618DBOrAGgL.jpg,638301,depth,9.0 foot
https://m.media-amazon.com/images/I/611JqBUxRJL.jpg,638301,depth,225.0 millimetre
https://m.media-amazon.com/images/I/51jZrh13jvL.jpg,638301,depth,10.2 inch
https://m.media-amazon.com/images/I/51GNbIhAoIL.jpg,638301,depth,900.0 millimetre
https://m.media-amazon.com/images/I/51r+kfxoH7L.jpg,638301,depth,23.0 inch
https://m.media-amazon.com/images/I/61BK6MPWshL.jpg,638301,depth,2.0 metre
https://m.media-amazon.com/images/I/6137ifQBVYL.jpg,638301,depth,35.0 inch
https://m.media-amazon.com/images/I/51d-K4DupFL.jpg,638301,depth,30.0 inch
https://m.media-amazon.com/images/I/51iNsoex2yL.jpg,638301,depth,0.2 millimetre
https://m.media-amazon.com/images/I/51Z8paJeKuL.jpg,638301,depth,13.0 inch
https://m.media-amazon.com/images/I/51bYJHedSqL.jpg,638301,depth,2.0 metre
https://m.media-amazon.com/images/I/51ozUxyi6KL.jpg,638301,depth,120.0 millimetre
https://m.media-amazon.com/images/I/61BagaCo1PL.jpg,638301,depth,13.0 inch
https://m.media-amazon.com/images/I/51gjIhE0WvL.jpg,638301,depth,2.25 metre
https://m.media-amazon.com/images/I/616K+leX5BL.jpg,638301,depth,12.0 inch
https://m.media-amazon.com/images/I/613ATeE6ZVS.jpg,638301,depth,4.0 foot
https://m.media-amazon.com/images/I/616ZwegC+nL.jpg,638301,depth,644.0 millimetre
https://m.media-amazon.com/images/I/61AOKwwUy5L.jpg,638301,depth,644.0 millimetre
https://m.media-amazon.com/images/I/61ATRJOAvIL.jpg,638301,depth,55.0 inch
https://m.media-amazon.com/images/I/6148YSgD2cL.jpg,638301,depth,10.5 inch
https://m.media-amazon.com/images/I/61+832P0PwL.jpg,638301,depth,3.0 metre
https://m.media-amazon.com/images/I/611-+XnmPAL.jpg,638301,depth,0.25 millimetre
https://m.media-amazon.com/images/I/51NsYaRkwVL.jpg,638301,depth,960.0 millimetre
https://m.media-amazon.com/images/I/51C7s8hMGUL.jpg,638301,depth,32.483 inch
https://m.media-amazon.com/images/I/618jf3VcOdL.jpg,638301,depth,1.0 metre
https://m.media-amazon.com/images/I/5197HZClFGS.jpg,638301,depth,123.5 centimetre
https://m.media-amazon.com/images/I/616ZsXc610L.jpg,638301,depth,0.33 millimetre
https://m.media-amazon.com/images/I/61BdnkHPowL.jpg,638301,depth,13.0 inch
https://m.media-amazon.com/images/I/51QsEw5h42S.jpg,638301,depth,437.0 millimetre
https://m.media-amazon.com/images/I/51N1wV7FUGL.jpg,638301,depth,57.0 inch
https://m.media-amazon.com/images/I/5116HF0HpoL.jpg,638301,depth,1.1 metre
https://m.media-amazon.com/images/I/51XOIqbwpTS.jpg,638301,depth,17.4 inch
https://m.media-amazon.com/images/I/61CkxO9RkSL.jpg,638301,depth,16.0 inch
https://m.media-amazon.com/images/I/616wbDcFvgL.jpg,638301,depth,47.0 inch
https://m.media-amazon.com/images/I/51DuiJqezaL.jpg,638301,depth,1.0 metre
https://m.media-amazon.com/images/I/51wCQN0TZ9L.jpg,638301,depth,125.0 centimetre
https://m.media-amazon.com/images/I/619ccsdllkL.jpg,638301,depth,29.0 inch
https://m.media-amazon.com/images/I/6107MeAs+oL.jpg,638301,depth,45.0 inch
https://m.media-amazon.com/images/I/617+YPWwaOL.jpg,638301,depth,45.0 inch
https://m.media-amazon.com/images/I/51mAnjM+9mL.jpg,638301,depth,0.2 millimetre
https://m.media-amazon.com/images/I/51HPYaL4w8L.jpg,638301,depth,55.0 inch
https://m.media-amazon.com/images/I/61BwWc0jAGL.jpg,638301,depth,0.33 millimetre
https://m.media-amazon.com/images/I/61B7PYSXugL.jpg,638301,depth,27.0 inch
https://m.media-amazon.com/images/I/619L5ZvamOL.jpg,638301,depth,644.0 millimetre
https://m.media-amazon.com/images/I/51-riFhl+oL.jpg,638301,depth,30.0 centimetre
https://m.media-amazon.com/images/I/51x0n78ZNFL.jpg,638301,depth,19.0 inch
https://m.media-amazon.com/images/I/61EKXjE+3vL.jpg,638301,depth,226.1 inch
https://m.media-amazon.com/images/I/51UdC5BX9VL.jpg,638301,depth,55.0 inch
https://m.media-amazon.com/images/I/51qZE2m7q8L.jpg,638301,depth,0.12 millimetre
https://m.media-amazon.com/images/I/51zxOZ5t3xL.jpg,638301,depth,40.0 millimetre
