image_link,group_id,entity_name,entity_value
https://m.media-amazon.com/images/I/51VJ4PEnB6L.jpg,418233,width,5.11 inch
https://m.media-amazon.com/images/I/51VJ4PEnB6L.jpg,418233,height,5.11 inch
https://m.media-amazon.com/images/I/51jx0hcnL-L.jpg,418233,width,135.0 millimetre
https://m.media-amazon.com/images/I/517tALyb44L.jpg,418233,width,5.9 inch
https://m.media-amazon.com/images/I/51YP8IQnVqL.jpg,418233,width,14.5 centimetre
https://m.media-amazon.com/images/I/51VCyfz9BjL.jpg,418233,width,4.5 inch
https://m.media-amazon.com/images/I/51zCPeKy2pL.jpg,418233,width,10.62 inch
https://m.media-amazon.com/images/I/51bjfLzNbcL.jpg,418233,width,13.0 centimetre
https://m.media-amazon.com/images/I/6119Fu25sbL.jpg,418233,width,120.0 millimetre
https://m.media-amazon.com/images/I/61B5emdUulS.jpg,418233,width,14.5 centimetre
https://m.media-amazon.com/images/I/61461YXZYJL.jpg,418233,width,5.3 inch
https://m.media-amazon.com/images/I/61708vmqOML.jpg,418233,width,5.1 inch
https://m.media-amazon.com/images/I/51x37Ruk9LL.jpg,418233,width,15.0 centimetre
https://m.media-amazon.com/images/I/61EM06aslKL.jpg,418233,width,10.0 centimetre
https://m.media-amazon.com/images/I/41jOYYZKyFS.jpg,418233,width,7.0 inch
https://m.media-amazon.com/images/I/519XEYdZVdL.jpg,418233,width,12.0 centimetre
https://m.media-amazon.com/images/I/51ij27-YnHL.jpg,418233,width,12.0 centimetre
https://m.media-amazon.com/images/I/51mLp6DXeKL.jpg,418233,width,4.8 inch
https://m.media-amazon.com/images/I/419YWHKDzML.jpg,418233,width,19.0 centimetre
https://m.media-amazon.com/images/I/610-9ssmgxL.jpg,418233,width,10.0 centimetre
https://m.media-amazon.com/images/I/414kxg747JL.jpg,418233,width,9.5 centimetre
https://m.media-amazon.com/images/I/61BFbo3b5dL.jpg,418233,width,4.72 inch
https://m.media-amazon.com/images/I/61BFbo3b5dL.jpg,418233,height,6.29 inch
https://m.media-amazon.com/images/I/41KoFTNjRaL.jpg,418233,width,117.0 millimetre
https://m.media-amazon.com/images/I/51wz3ZdmdKL.jpg,418233,width,9.5 centimetre
https://m.media-amazon.com/images/I/616nt6GBv0L.jpg,418233,width,5.3 inch
https://m.media-amazon.com/images/I/51Yuq3KRSCL.jpg,418233,width,15.0 centimetre
https://m.media-amazon.com/images/I/51dEn7AUsZL.jpg,418233,width,15.0 centimetre
https://m.media-amazon.com/images/I/51tflUIvcvL.jpg,418233,width,13.0 centimetre
https://m.media-amazon.com/images/I/61FbFrSrUuL.jpg,418233,width,4.75 inch
https://m.media-amazon.com/images/I/51M3bIYbS8L.jpg,418233,width,15.0 centimetre
https://m.media-amazon.com/images/I/619xU-7IeGL.jpg,418233,width,10.0 centimetre
https://m.media-amazon.com/images/I/51XpMN2Q9vS.jpg,418233,width,8.26 inch
https://m.media-amazon.com/images/I/51XpMN2Q9vS.jpg,418233,height,23.0 centimetre
https://m.media-amazon.com/images/I/613NUOKGt0L.jpg,418233,width,4.5 inch
https://m.media-amazon.com/images/I/51nIt961wYL.jpg,418233,width,20.0 centimetre
https://m.media-amazon.com/images/I/51qqGIJ9o7L.jpg,418233,height,8.5 inch
https://m.media-amazon.com/images/I/51cT9e7H72L.jpg,418233,height,17.0 centimetre
https://m.media-amazon.com/images/I/51nQluh0Q+L.jpg,418233,height,19.0 centimetre
https://m.media-amazon.com/images/I/51g7-RvJQSL.jpg,418233,height,50.0 centimetre
https://m.media-amazon.com/images/I/51PAsR8bisL.jpg,418233,height,240.0 millimetre
https://m.media-amazon.com/images/I/41Jwa6AwYZL.jpg,418233,height,27.0 centimetre
https://m.media-amazon.com/images/I/51XhFjrJ1XL.jpg,418233,height,14.0 centimetre
https://m.media-amazon.com/images/I/61EMnn-3bhS.jpg,418233,height,21.0 centimetre
https://m.media-amazon.com/images/I/61+IMx7I1nS.jpg,418233,height,46.5 centimetre
https://m.media-amazon.com/images/I/51ky-vWSjIL.jpg,418233,height,13.5 centimetre
https://m.media-amazon.com/images/I/51qQ7uxnIiL.jpg,418233,height,16.7 centimetre
https://m.media-amazon.com/images/I/510GqHM+CWL.jpg,418233,height,21.0 centimetre
https://m.media-amazon.com/images/I/51BWOfBLcVL.jpg,418233,height,5.89 inch
https://m.media-amazon.com/images/I/51wglYKH+lL.jpg,418233,height,15.0 centimetre
https://m.media-amazon.com/images/I/51IYNyGFYqL.jpg,418233,height,20.0 centimetre
https://m.media-amazon.com/images/I/611CKsh+-mL.jpg,418233,height,13.0 centimetre
https://m.media-amazon.com/images/I/51GICSXz2SL.jpg,418233,height,19.0 centimetre
https://m.media-amazon.com/images/I/51UKOsWmYDS.jpg,418233,height,50.0 centimetre
https://m.media-amazon.com/images/I/61Bd0SFT0KL.jpg,418233,height,13.0 centimetre
https://m.media-amazon.com/images/I/51Q6JrKkzcL.jpg,418233,height,175.0 millimetre
https://m.media-amazon.com/images/I/51XEXblYwqL.jpg,418233,height,20.5 centimetre
https://m.media-amazon.com/images/I/51M+Lwg8bOL.jpg,418233,height,25.0 centimetre
https://m.media-amazon.com/images/I/61-38spepPL.jpg,418233,height,17.5 centimetre
https://m.media-amazon.com/images/I/51g9EnvRiaL.jpg,418233,height,19.0 centimetre
https://m.media-amazon.com/images/I/51Odtey0v6L.jpg,418233,height,202.0 millimetre
https://m.media-amazon.com/images/I/51MOmDKhGaL.jpg,418233,height,185.0 millimetre
https://m.media-amazon.com/images/I/51ylLXHGM4L.jpg,418233,height,15.0 centimetre
https://m.media-amazon.com/images/I/512Vjd9THVL.jpg,418233,height,23.5 centimetre
https://m.media-amazon.com/images/I/41wFIGEiCcL.jpg,418233,height,180.0 millimetre
https://m.media-amazon.com/images/I/613WMAT2zJL.jpg,418233,height,26.7 centimetre
https://m.media-amazon.com/images/I/61EOg40vxKL.jpg,418233,height,7.28 inch
https://m.media-amazon.com/images/I/51pO0D6WyJL.jpg,418233,height,19.6 inch
https://m.media-amazon.com/images/I/51zkHmn2bzS.jpg,418233,height,9.3 centimetre
https://m.media-amazon.com/images/I/51H6HIjvejL.jpg,418233,height,210.0 millimetre
https://m.media-amazon.com/images/I/61-5rqAD3VL.jpg,418233,height,17.8 centimetre
https://m.media-amazon.com/images/I/612CvKkESlL.jpg,418233,height,19.0 centimetre
https://m.media-amazon.com/images/I/612MOpGm4SL.jpg,418233,height,330.0 millimetre
https://m.media-amazon.com/images/I/51QV-4p-l+L.jpg,418233,height,7.5 centimetre
https://m.media-amazon.com/images/I/61+DBWKgpzL.jpg,418233,height,7.3 inch
https://m.media-amazon.com/images/I/51ZikOzwsOL.jpg,418233,height,18.0 centimetre
https://m.media-amazon.com/images/I/61-dqp7c8TL.jpg,418233,height,13.0 centimetre
https://m.media-amazon.com/images/I/61-FnmRDtUL.jpg,418233,height,26.0 centimetre
https://m.media-amazon.com/images/I/51RIk3+2kBL.jpg,418233,height,18.0 centimetre
https://m.media-amazon.com/images/I/51mUUc-F9sL.jpg,418233,height,15.0 centimetre
