image_link,group_id,entity_name,entity_value
https://m.media-amazon.com/images/I/9146CDDyS1L.jpg,654649,item_weight,100.0 gram
https://m.media-amazon.com/images/I/81jraWFAHEL.jpg,654649,item_weight,6.0 ton
https://m.media-amazon.com/images/I/71fkFovzQzL.jpg,654649,item_weight,1.0 ounce
https://m.media-amazon.com/images/I/810akZL5VSL.jpg,654649,item_weight,71788.0 ton
https://m.media-amazon.com/images/I/61+r9k+TqyL.jpg,654649,item_weight,150.0 gram
https://m.media-amazon.com/images/I/615eBJ0xkDL.jpg,654649,item_weight,150.0 gram
https://m.media-amazon.com/images/I/91bRRPkoJWL.jpg,654649,item_weight,71233.0 pound
https://m.media-amazon.com/images/I/61yvTkFmboL.jpg,654649,item_weight,7.0 gram
https://m.media-amazon.com/images/I/81qpvSqKrJL.jpg,654649,item_weight,1997.0 gram
https://m.media-amazon.com/images/I/61yT6R6iYpL.jpg,654649,item_weight,800.0 pound
https://m.media-amazon.com/images/I/81WdxAjhWNS.jpg,654649,item_weight,2.0 microgram
https://m.media-amazon.com/images/I/71oSJ8uxGcL.jpg,654649,item_weight,1970.0 kilogram
https://m.media-amazon.com/images/I/61xCw68AJzL.jpg,654649,item_weight,2012.0 ton
https://m.media-amazon.com/images/I/71Zo8i8i0+L.jpg,654649,item_weight,2.0 ton
https://m.media-amazon.com/images/I/81qWPhwpkpS.jpg,654649,item_weight,4.0 kilogram
https://m.media-amazon.com/images/I/51tBIMq2oXS.jpg,654649,item_weight,7.0 ton
https://m.media-amazon.com/images/I/81Dc3nHxfJL.jpg,654649,item_weight,2.0 gram
https://m.media-amazon.com/images/I/61h+oOr-yvL.jpg,654649,item_weight,9046.0 kilogram
https://m.media-amazon.com/images/I/61p0jpskDPL.jpg,654649,item_weight,12.0 ton
https://m.media-amazon.com/images/I/61VgYJtd-zL.jpg,654649,item_weight,1896.0 ounce
https://m.media-amazon.com/images/I/81xqUmSRwyL.jpg,654649,item_weight,1.0 ton
https://m.media-amazon.com/images/I/61WvkPFg2ML.jpg,654649,item_weight,32849.0 pound
https://m.media-amazon.com/images/I/614Q51NysiL.jpg,654649,item_weight,4.0 gram
https://m.media-amazon.com/images/I/617bPw9yACL.jpg,654649,item_weight,4.0 gram
https://m.media-amazon.com/images/I/61VSxIcnFyS.jpg,654649,item_weight,12786.0 pound
https://m.media-amazon.com/images/I/91N4SQve0MS.jpg,654649,item_weight,12785.0 pound
https://m.media-amazon.com/images/I/61OyEGdjaNL.jpg,654649,item_weight,2022.0 gram
https://m.media-amazon.com/images/I/71aAriuytsL.jpg,654649,item_weight,2022.0 gram
https://m.media-amazon.com/images/I/81eotOQQvfL.jpg,654649,item_weight,633028.0 gram
https://m.media-amazon.com/images/I/81d08+lQIyL.jpg,654649,item_weight,2.0 gram
https://m.media-amazon.com/images/I/71V6Jl2I2XL.jpg,654649,item_weight,3.465 gram
https://m.media-amazon.com/images/I/711TFTySH7L.jpg,654649,item_weight,10.0 ton
https://m.media-amazon.com/images/I/91MdpSoOxxL.jpg,654649,item_weight,34.0 gram
https://m.media-amazon.com/images/I/61hjdnseAPL.jpg,654649,item_weight,9202.0 pound
https://m.media-amazon.com/images/I/61Amx2LN0lL.jpg,654649,item_weight,2.0 kilogram
https://m.media-amazon.com/images/I/71s4rFrV+qL.jpg,654649,item_weight,457.0 gram
https://m.media-amazon.com/images/I/71UmWRMsk7L.jpg,654649,item_weight,0.0 pound
https://m.media-amazon.com/images/I/61mH9zZhacL.jpg,654649,item_weight,0.0 kilogram
https://m.media-amazon.com/images/I/612uhl4lHxL.jpg,654649,item_weight,0.0 pound
https://m.media-amazon.com/images/I/71YmqY55DsL.jpg,654649,item_weight,3520.0 milligram
https://m.media-amazon.com/images/I/61vZ6s6xsEL.jpg,654649,item_weight,3520.0 gram
https://m.media-amazon.com/images/I/71iGtqTZcNL.jpg,654649,item_weight,3520.0 gram
https://m.media-amazon.com/images/I/71GtWk-u3AL.jpg,654649,item_weight,4500.0 gram
https://m.media-amazon.com/images/I/41HRhRPn0oL.jpg,654649,item_weight,0.0 milligram
https://m.media-amazon.com/images/I/91Nar+4rtIL.jpg,654649,item_weight,4.0 gram
https://m.media-amazon.com/images/I/91auz2PrzqL.jpg,654649,item_weight,2.0 pound
https://m.media-amazon.com/images/I/71LWjRsYHKL.jpg,654649,item_weight,2.5 pound
https://m.media-amazon.com/images/I/81QUJwBR6KL.jpg,654649,item_weight,3.0 gram
https://m.media-amazon.com/images/I/818XGhOIV1L.jpg,654649,item_weight,3.0 ton
https://m.media-amazon.com/images/I/91WxKpgGtmL.jpg,654649,item_weight,0.0 ton
https://m.media-amazon.com/images/I/91TVysoS5TL.jpg,654649,item_weight,0.0 ton
https://m.media-amazon.com/images/I/9100nR0hLbL.jpg,654649,item_weight,0.0 ton
https://m.media-amazon.com/images/I/612bQ7PAw8L.jpg,654649,item_weight,12.0 ounce
https://m.media-amazon.com/images/I/71EI5mX1ZnS.jpg,654649,item_weight,4.0 gram
https://m.media-amazon.com/images/I/61VcPOieQXS.jpg,654649,item_weight,3700.0 kilogram
https://m.media-amazon.com/images/I/61xEWv6RaeL.jpg,654649,item_weight,1896.0 ounce
https://m.media-amazon.com/images/I/617pkkg914L.jpg,654649,item_weight,800.0 pound
https://m.media-amazon.com/images/I/71pIUoLe7CL.jpg,654649,item_weight,800.0 pound
https://m.media-amazon.com/images/I/91m9Ca5W6HL.jpg,654649,item_weight,2.0 pound
https://m.media-amazon.com/images/I/61OSkZufcYL.jpg,654649,item_weight,55.0 ton
https://m.media-amazon.com/images/I/812a-mL5mUL.jpg,654649,item_weight,2.4 gram
https://m.media-amazon.com/images/I/71oFri2DZWL.jpg,654649,item_weight,2.4 gram
https://m.media-amazon.com/images/I/71Wr+sYfSRL.jpg,654649,item_weight,2358.0 kilogram
https://m.media-amazon.com/images/I/71zipVClthL.jpg,654649,item_weight,2358.0 kilogram
https://m.media-amazon.com/images/I/61BwglAVTnL.jpg,654649,item_weight,10205.0 ton
https://m.media-amazon.com/images/I/61859hXMxpL.jpg,654649,item_weight,1.0 pound
https://m.media-amazon.com/images/I/81hf9cZhO0L.jpg,654649,item_weight,8.0 ton
https://m.media-amazon.com/images/I/81Hg0F9RBTL.jpg,654649,item_weight,10.0 ton
https://m.media-amazon.com/images/I/91zdlGrt2+L.jpg,654649,item_weight,6.0 pound
https://m.media-amazon.com/images/I/71aiAhWT9DL.jpg,654649,item_weight,1.0 ounce
https://m.media-amazon.com/images/I/61lyfCHEOfL.jpg,654649,item_weight,1.0 gram
https://m.media-amazon.com/images/I/71-fG2QiYsL.jpg,654649,item_weight,60000.0 pound
https://m.media-amazon.com/images/I/816FxmArdXL.jpg,654649,item_weight,1.5 ton
https://m.media-amazon.com/images/I/712glVwddzL.jpg,654649,item_weight,0.35 kilogram
https://m.media-amazon.com/images/I/81V-J700NRL.jpg,654649,item_weight,1010.0 gram
https://m.media-amazon.com/images/I/61sHAWYwYpL.jpg,654649,item_weight,2705.0 ton
https://m.media-amazon.com/images/I/81WcUEJSdeL.jpg,654649,item_weight,6.0 pound
https://m.media-amazon.com/images/I/71Txt5YWCzL.jpg,654649,item_weight,0.3 kilogram
https://m.media-amazon.com/images/I/81MBiXZMtKL.jpg,654649,item_weight,30.0 ton
https://m.media-amazon.com/images/I/619J3g2A4tL.jpg,654649,item_weight,10.0 ounce
https://m.media-amazon.com/images/I/91m8KveswBL.jpg,654649,item_weight,75980.0 ton
https://m.media-amazon.com/images/I/51brA+I9SWL.jpg,654649,item_weight,42.0 milligram
https://m.media-amazon.com/images/I/91GhzNzx7VL.jpg,654649,item_weight,6.0 ton
https://m.media-amazon.com/images/I/61ULUUz3XaL.jpg,654649,item_weight,160.0 gram
https://m.media-amazon.com/images/I/7187VaMl1xL.jpg,654649,item_weight,2.0 ton
https://m.media-amazon.com/images/I/91n6T55mHNL.jpg,654649,item_weight,30434.0 ton
https://m.media-amazon.com/images/I/71cmdxQPGvL.jpg,654649,item_weight,250.0 gram
https://m.media-amazon.com/images/I/71++6cNXQDL.jpg,654649,item_weight,13.0 gram
https://m.media-amazon.com/images/I/71gkpFM-W9L.jpg,654649,item_weight,2023.0 gram
https://m.media-amazon.com/images/I/71bjyu+ojmL.jpg,654649,item_weight,2023.0 gram
https://m.media-amazon.com/images/I/61dpJy3TXeL.jpg,654649,item_weight,2023.0 gram
https://m.media-amazon.com/images/I/71ocpkuLiJL.jpg,654649,item_weight,2023.0 gram
https://m.media-amazon.com/images/I/716WxPcsrjL.jpg,654649,item_weight,70000.0 pound
https://m.media-amazon.com/images/I/6152INPRA8L.jpg,654649,item_weight,70000.0 pound
https://m.media-amazon.com/images/I/71kOYECq+iL.jpg,654649,item_weight,723.0 pound
https://m.media-amazon.com/images/I/616BPJV+nDL.jpg,654649,item_weight,414.0 pound
https://m.media-amazon.com/images/I/61aVK6OQZYL.jpg,654649,item_weight,400.0 kilogram
https://m.media-amazon.com/images/I/71A2O340C7L.jpg,654649,item_weight,414.0 pound
https://m.media-amazon.com/images/I/71UVA02n7tL.jpg,654649,item_weight,5064.0 gram
https://m.media-amazon.com/images/I/61bOzz9XIFL.jpg,654649,item_weight,3450.0 gram
https://m.media-amazon.com/images/I/81on++lrLtL.jpg,654649,item_weight,4500.0 gram
https://m.media-amazon.com/images/I/71P5fH3a5hL.jpg,654649,item_weight,3450.0 gram
https://m.media-amazon.com/images/I/71kh5uMBSZL.jpg,654649,item_weight,3450.0 gram
https://m.media-amazon.com/images/I/71ZT3jaqt8L.jpg,654649,item_weight,4500.0 gram
https://m.media-amazon.com/images/I/71aZjfvhcSL.jpg,654649,item_weight,10.0 ounce
https://m.media-amazon.com/images/I/91Gvf1sTSWL.jpg,654649,item_weight,6.0 pound
https://m.media-amazon.com/images/I/81SJAxn8BHL.jpg,654649,item_weight,1.0 ton
https://m.media-amazon.com/images/I/61oAMRC1qzL.jpg,654649,item_weight,1.0 ounce
https://m.media-amazon.com/images/I/61Y5iJDJI3L.jpg,654649,item_weight,5.0 gram
https://m.media-amazon.com/images/I/81o+nND0TCL.jpg,654649,item_weight,2.4 gram
https://m.media-amazon.com/images/I/61cCNfr-X2L.jpg,654649,item_weight,7650.0 gram
https://m.media-amazon.com/images/I/51QO4RaE77L.jpg,654649,item_weight,2012.0 ton
https://m.media-amazon.com/images/I/81BByeBB+zL.jpg,654649,item_weight,13.0 gram
https://m.media-amazon.com/images/I/618OtmkU+fL.jpg,654649,item_weight,152.0 milligram
https://m.media-amazon.com/images/I/61Nwm8Ou4iL.jpg,654649,item_weight,2022.0 gram
https://m.media-amazon.com/images/I/71B82ik6mjL.jpg,654649,item_weight,2022.0 gram
https://m.media-amazon.com/images/I/71aGofddRWL.jpg,654649,item_weight,2022.0 gram
https://m.media-amazon.com/images/I/717qTYjwWkL.jpg,654649,item_weight,2022.0 gram
https://m.media-amazon.com/images/I/71yc-eRMQeL.jpg,654649,item_weight,2022.0 gram
https://m.media-amazon.com/images/I/61kIMRCOK9L.jpg,654649,item_weight,2022.0 gram
https://m.media-amazon.com/images/I/71L4IQBdWrL.jpg,654649,item_weight,2022.0 gram
https://m.media-amazon.com/images/I/71E0ClXtIsL.jpg,654649,item_weight,2022.0 gram
https://m.media-amazon.com/images/I/71MVVJ8Da3L.jpg,654649,item_weight,2022.0 gram
https://m.media-amazon.com/images/I/813veY4f-oL.jpg,654649,item_weight,3.0 ton
https://m.media-amazon.com/images/I/91y1PpIWqbL.jpg,654649,item_weight,0.0 ton
https://m.media-amazon.com/images/I/918oTJi1txL.jpg,654649,item_weight,0.0 ton
https://m.media-amazon.com/images/I/71nZFbl5TnL.jpg,654649,item_weight,3.0 ton
https://m.media-amazon.com/images/I/71CUkA+1LSL.jpg,654649,item_weight,67644.0 ton
https://m.media-amazon.com/images/I/71822hROBRL.jpg,654649,item_weight,393.0 kilogram
https://m.media-amazon.com/images/I/71D-Hr3rNaL.jpg,654649,item_weight,393.0 kilogram
https://m.media-amazon.com/images/I/71nozU3FtML.jpg,654649,item_weight,2.5 pound
https://m.media-amazon.com/images/I/81NYCagV0HL.jpg,654649,item_weight,675.0 gram
https://m.media-amazon.com/images/I/61lKlqxX+OL.jpg,654649,item_weight,125663.0 pound
https://m.media-amazon.com/images/I/71CxNzJGHnL.jpg,654649,item_weight,125663.0 pound
https://m.media-amazon.com/images/I/61w2JYNvJeL.jpg,654649,item_weight,717.0 gram
https://m.media-amazon.com/images/I/81j9skutU5L.jpg,654649,item_weight,3.0 ton
https://m.media-amazon.com/images/I/81dTM93Zw2L.jpg,654649,item_weight,2.4 gram
https://m.media-amazon.com/images/I/8174n3zyZyL.jpg,654649,item_weight,5050.0 ton
https://m.media-amazon.com/images/I/81QIIAH9XlL.jpg,654649,item_weight,8000.0 kilogram
https://m.media-amazon.com/images/I/71HB7Nz8k8L.jpg,654649,item_weight,8000.0 kilogram
https://m.media-amazon.com/images/I/71ysY8PcqLL.jpg,654649,item_weight,8000.0 kilogram
https://m.media-amazon.com/images/I/71actc+s17L.jpg,654649,item_weight,8000.0 kilogram
https://m.media-amazon.com/images/I/71Xzlkre41L.jpg,654649,item_weight,8000.0 kilogram
https://m.media-amazon.com/images/I/715q5Kr+zgL.jpg,654649,item_weight,8000.0 kilogram
https://m.media-amazon.com/images/I/91MhC-gsg9L.jpg,654649,item_weight,342.0 ounce
https://m.media-amazon.com/images/I/91ylrWhFiEL.jpg,654649,item_weight,8000.0 kilogram
https://m.media-amazon.com/images/I/71eFFedQKGL.jpg,654649,item_weight,180.0 gram
https://m.media-amazon.com/images/I/811m5h21v7L.jpg,654649,item_weight,180.0 gram
https://m.media-amazon.com/images/I/81CM76hyd3L.jpg,654649,item_weight,3.0 ton
https://m.media-amazon.com/images/I/81A93Z8OQ+L.jpg,654649,item_weight,2.0 microgram
https://m.media-amazon.com/images/I/81V8Fo0zOoL.jpg,654649,item_weight,2.0 microgram
https://m.media-amazon.com/images/I/715nu7sDXXL.jpg,654649,item_weight,680.0 gram
https://m.media-amazon.com/images/I/71o77Ol9gzL.jpg,654649,item_weight,19.0 gram
https://m.media-amazon.com/images/I/71M+ymyfAEL.jpg,654649,item_weight,0.0 pound
https://m.media-amazon.com/images/I/71iVE+rWnQL.jpg,654649,item_weight,1.0 ounce
https://m.media-amazon.com/images/I/71817ZGTOnS.jpg,654649,item_weight,2.4 gram
https://m.media-amazon.com/images/I/71pXy8VPCiL.jpg,654649,item_weight,9.0 kilogram
https://m.media-amazon.com/images/I/71bML0LUqFL.jpg,654649,item_weight,9.0 kilogram
https://m.media-amazon.com/images/I/61Na-Tse29L.jpg,654649,item_weight,76909.0 ounce
https://m.media-amazon.com/images/I/81qCuPUN23L.jpg,654649,item_weight,2.4 gram
https://m.media-amazon.com/images/I/710BpqGtSHL.jpg,654649,item_weight,1.2 kilogram
https://m.media-amazon.com/images/I/811lUnzvuWL.jpg,654649,item_weight,852.0 gram
https://m.media-amazon.com/images/I/71+NpDoFjmS.jpg,654649,item_weight,75151182.0 pound
https://m.media-amazon.com/images/I/61Jnrr9WDIL.jpg,654649,item_weight,3640.0 gram
https://m.media-amazon.com/images/I/61YPv1HAkaL.jpg,654649,item_weight,3750.0 gram
https://m.media-amazon.com/images/I/51dsPNEd-XL.jpg,654649,item_weight,3640.0 gram
https://m.media-amazon.com/images/I/61F6WYaYI3L.jpg,654649,item_weight,3750.0 gram
https://m.media-amazon.com/images/I/718-OUbDwML.jpg,654649,item_weight,3045.0 gram
https://m.media-amazon.com/images/I/61U-d7aXRbL.jpg,654649,item_weight,6.0 gram
https://m.media-amazon.com/images/I/71C8hPdd9zL.jpg,654649,item_weight,2296.0 ton
https://m.media-amazon.com/images/I/61M0LWyZq-L.jpg,654649,item_weight,2296.0 ton
https://m.media-amazon.com/images/I/61ZOxh6KiNL.jpg,654649,item_weight,2.0 ton
https://m.media-amazon.com/images/I/71os6uKYqVL.jpg,654649,item_weight,2.0 pound
https://m.media-amazon.com/images/I/81GTTLyV4FL.jpg,654649,item_weight,9.0 gram
https://m.media-amazon.com/images/I/91Dtkn51SYL.jpg,654649,item_weight,2.0 pound
https://m.media-amazon.com/images/I/71FwrnxwkOL.jpg,654649,item_weight,0.0 ounce
https://m.media-amazon.com/images/I/71i-p20qKJL.jpg,654649,item_weight,3.0 ton
https://m.media-amazon.com/images/I/71N6WXuveuL.jpg,654649,item_weight,1.489 ton
https://m.media-amazon.com/images/I/71GjlZQ+wNL.jpg,654649,item_weight,4500.0 milligram
https://m.media-amazon.com/images/I/71A9h4YotoL.jpg,654649,item_weight,4500.0 gram
https://m.media-amazon.com/images/I/710AtLn2m6L.jpg,654649,item_weight,4500.0 milligram
https://m.media-amazon.com/images/I/81YC+ctSomL.jpg,654649,item_weight,3.0 milligram
https://m.media-amazon.com/images/I/819vFrcM2dL.jpg,654649,item_weight,2.0 microgram
https://m.media-amazon.com/images/I/819TidYIrlL.jpg,654649,item_weight,150.0 pound
https://m.media-amazon.com/images/I/81bZDwuVbGL.jpg,654649,item_weight,4.0 ton
https://m.media-amazon.com/images/I/71QmLyFRt4L.jpg,654649,item_weight,2022.0 gram
https://m.media-amazon.com/images/I/71oJEITHCeL.jpg,654649,item_weight,2022.0 gram
https://m.media-amazon.com/images/I/71D-lr0E9BL.jpg,654649,item_weight,2022.0 gram
https://m.media-amazon.com/images/I/610K+XwuKHL.jpg,654649,item_weight,6.0 gram
https://m.media-amazon.com/images/I/71BtP2siDJL.jpg,654649,item_weight,3.12 pound
https://m.media-amazon.com/images/I/61Vf5ghLlBL.jpg,654649,item_weight,1545.0 microgram
https://m.media-amazon.com/images/I/71qwMG4h-UL.jpg,654649,item_weight,12.0 ton
https://m.media-amazon.com/images/I/81ae9qPJDfL.jpg,654649,item_weight,8.0 gram
https://m.media-amazon.com/images/I/81zMk0TdidL.jpg,654649,item_weight,1.0 ounce
https://m.media-amazon.com/images/I/71ptp4UEZtL.jpg,654649,item_weight,1.0 ounce
https://m.media-amazon.com/images/I/81HbUvjyWSL.jpg,654649,item_weight,2.4 gram
https://m.media-amazon.com/images/I/61HZ-kQWnML.jpg,654649,item_weight,613002.0 gram
https://m.media-amazon.com/images/I/91kymg6eOoL.jpg,654649,item_weight,0.0 ton
https://m.media-amazon.com/images/I/91O-WH+5F5L.jpg,654649,item_weight,0.0 ton
https://m.media-amazon.com/images/I/81Zpqs09+HL.jpg,654649,item_weight,45.0 kilogram
https://m.media-amazon.com/images/I/71z8TcDEVUL.jpg,654649,item_weight,645.0 pound
https://m.media-amazon.com/images/I/91RA9wbcUKL.jpg,654649,item_weight,2021.0 microgram
https://m.media-amazon.com/images/I/71-cwkCRWaL.jpg,654649,item_weight,2.0 ton
https://m.media-amazon.com/images/I/61HuLIVqY6L.jpg,654649,item_weight,1.1470588235294117 kilogram
https://m.media-amazon.com/images/I/912qFAJDPxL.jpg,654649,item_weight,8.0 gram
https://m.media-amazon.com/images/I/71xFVeQQtYL.jpg,654649,item_weight,123.0 gram
https://m.media-amazon.com/images/I/817+gGKnhtL.jpg,654649,item_weight,2.4 gram
https://m.media-amazon.com/images/I/61Hozd9XvKL.jpg,654649,item_weight,2.0 microgram
https://m.media-amazon.com/images/I/81UI8uxskBS.jpg,654649,item_weight,3.0 ton
https://m.media-amazon.com/images/I/81FO+d56zKL.jpg,654649,item_weight,71232.0 pound
https://m.media-amazon.com/images/I/91By1CRMabL.jpg,654649,item_weight,1.0 ton
https://m.media-amazon.com/images/I/61SxhQwWHzL.jpg,654649,item_weight,717.0 gram
https://m.media-amazon.com/images/I/71BT1BAuodL.jpg,654649,item_weight,165.0 pound
https://m.media-amazon.com/images/I/91kkL7MmO0L.jpg,654649,item_weight,0.0 ton
https://m.media-amazon.com/images/I/71dOd3IBzJL.jpg,654649,item_weight,16.0 gram
https://m.media-amazon.com/images/I/61B-rFUK+LL.jpg,654649,item_weight,4.0 gram
https://m.media-amazon.com/images/I/612wIbmOKJL.jpg,654649,item_weight,55.0 ton
https://m.media-amazon.com/images/I/71FlWbHonQL.jpg,654649,item_weight,0.7 kilogram
https://m.media-amazon.com/images/I/71ngwnJEtYL.jpg,654649,item_weight,2.0 microgram
https://m.media-amazon.com/images/I/81edWuGlTtL.jpg,654649,item_weight,9.0 gram
https://m.media-amazon.com/images/I/71dee4WbrxL.jpg,654649,item_weight,211.0 gram
https://m.media-amazon.com/images/I/71c6QopmljL.jpg,654649,item_weight,2022.0 gram
https://m.media-amazon.com/images/I/71bX-tRrGQL.jpg,654649,item_weight,2022.0 gram
https://m.media-amazon.com/images/I/71jmIWkXP4L.jpg,654649,item_weight,2019.0 gram
https://m.media-amazon.com/images/I/81e8KBAIR2L.jpg,654649,item_weight,5.0 milligram
https://m.media-amazon.com/images/I/71McNkq1Y4L.jpg,654649,item_weight,5.0 gram
https://m.media-amazon.com/images/I/61OB7tiUJxL.jpg,654649,item_weight,11495.0 ton
https://m.media-amazon.com/images/I/816bYVelVTL.jpg,654649,item_weight,6.0 gram
https://m.media-amazon.com/images/I/61qGKyuUSAL.jpg,654649,item_weight,2.4 gram
https://m.media-amazon.com/images/I/61efmu+NzUL.jpg,654649,item_weight,296.4 gram
https://m.media-amazon.com/images/I/71z5Zmn2JRL.jpg,654649,item_weight,1.0 gram
https://m.media-amazon.com/images/I/81-KhnnuJCL.jpg,654649,item_weight,2296.0 ton
https://m.media-amazon.com/images/I/71M5ozYaIVL.jpg,654649,item_weight,1.0 ounce
https://m.media-amazon.com/images/I/716epq1ofRL.jpg,654649,item_weight,2.0 microgram
https://m.media-amazon.com/images/I/61fE9z8p2xL.jpg,654649,item_weight,2.4 gram
https://m.media-amazon.com/images/I/81Eu5KjdtjL.jpg,654649,item_weight,0.7 kilogram
https://m.media-amazon.com/images/I/81DrBrHlIUL.jpg,654649,item_weight,0.7 kilogram
https://m.media-amazon.com/images/I/71erHZjKT+L.jpg,654649,item_weight,800.0 pound
https://m.media-amazon.com/images/I/81pL1HBytcL.jpg,654649,item_weight,16.3 kilogram
https://m.media-amazon.com/images/I/71QnLZwA3AS.jpg,654649,item_weight,3154.0 kilogram
https://m.media-amazon.com/images/I/71wLwH7V0yL.jpg,654649,item_weight,16.0 ton
https://m.media-amazon.com/images/I/61Krv807SpL.jpg,654649,item_weight,10785.0 ton
https://m.media-amazon.com/images/I/91AI3ROfEpL.jpg,654649,item_weight,8.0 pound
https://m.media-amazon.com/images/I/71HAq79kkBL.jpg,654649,item_weight,200.0 pound
https://m.media-amazon.com/images/I/61e9txYMQRL.jpg,654649,item_weight,625.0 kilogram
https://m.media-amazon.com/images/I/71IHMyu2-SL.jpg,654649,item_weight,2.0 ton
https://m.media-amazon.com/images/I/618RR6CDz5L.jpg,654649,item_weight,5.0 gram
https://m.media-amazon.com/images/I/61xSPgBnWbL.jpg,654649,item_weight,4269.0 ton
https://m.media-amazon.com/images/I/71Eyb0yuuyL.jpg,654649,item_weight,2.65 kilogram
https://m.media-amazon.com/images/I/81bTNnI1rXL.jpg,654649,item_weight,1.0 ton
https://m.media-amazon.com/images/I/617fG8yeCbL.jpg,654649,item_weight,1.0 ton
https://m.media-amazon.com/images/I/61T4df-y6oL.jpg,654649,item_weight,4.0 gram
https://m.media-amazon.com/images/I/61R9THMK1lL.jpg,654649,item_weight,92355.0 pound
https://m.media-amazon.com/images/I/81r6Bq5-hzL.jpg,654649,item_weight,9.0 ton
https://m.media-amazon.com/images/I/61GSUcJrOaL.jpg,654649,item_weight,2363.0 kilogram
https://m.media-amazon.com/images/I/81j20BBBzrL.jpg,654649,item_weight,5.0 gram
https://m.media-amazon.com/images/I/710Xf92IAgL.jpg,654649,item_weight,2.0 microgram
https://m.media-amazon.com/images/I/71JwaeT5+0L.jpg,654649,item_weight,4230.0 kilogram
https://m.media-amazon.com/images/I/81fZkaVErAL.jpg,654649,item_weight,2.4 gram
https://m.media-amazon.com/images/I/81PHSiWsyKL.jpg,654649,item_weight,1.0 ounce
https://m.media-amazon.com/images/I/61ocZJAoQIL.jpg,654649,item_weight,1.0 ounce
https://m.media-amazon.com/images/I/81FN9710cML.jpg,654649,item_weight,1111727.0 gram
https://m.media-amazon.com/images/I/714uXTAHZCL.jpg,654649,item_weight,3.0 ton
https://m.media-amazon.com/images/I/61wO-jw04PS.jpg,654649,item_weight,3.0 gram
https://m.media-amazon.com/images/I/61QkDJRmr4L.jpg,654649,item_weight,"[1.0, 4.0] gram"
https://m.media-amazon.com/images/I/81d528Lg98L.jpg,654649,item_weight,60197.0 ton
https://m.media-amazon.com/images/I/81pAIEVfl3L.jpg,654649,item_weight,2.4 gram
https://m.media-amazon.com/images/I/71bpcoueHVL.jpg,654649,item_weight,2.4 gram
https://m.media-amazon.com/images/I/71Vh8KuqZFL.jpg,654649,item_weight,2022.0 gram
https://m.media-amazon.com/images/I/81vc2hSPcwL.jpg,654649,item_weight,2022.0 gram
https://m.media-amazon.com/images/I/812VdxDd8eL.jpg,654649,item_weight,16.3 kilogram
https://m.media-amazon.com/images/I/81XTC9ZkvvL.jpg,654649,item_weight,16.3 kilogram
https://m.media-amazon.com/images/I/81ch14D2JUL.jpg,654649,item_weight,16.3 kilogram
https://m.media-amazon.com/images/I/61aFkURmYML.jpg,654649,item_weight,68.0 pound
https://m.media-amazon.com/images/I/71ZJQib96DL.jpg,654649,item_weight,7.0 gram
https://m.media-amazon.com/images/I/51JPHhEGB4L.jpg,654649,item_weight,4.0 gram
https://m.media-amazon.com/images/I/81MzA6nO6WL.jpg,654649,item_weight,2.0 microgram
https://m.media-amazon.com/images/I/71rk+Xyu9HL.jpg,654649,item_weight,2.98 pound
https://m.media-amazon.com/images/I/71PlXzpFTkL.jpg,654649,item_weight,2.0 ton
https://m.media-amazon.com/images/I/817SSTE+tUL.jpg,654649,item_weight,2.0 ton
https://m.media-amazon.com/images/I/81p5UpsO7AS.jpg,654649,item_weight,360.0 gram
https://m.media-amazon.com/images/I/718py6CUBxL.jpg,654649,item_weight,203.0 gram
https://m.media-amazon.com/images/I/71D2z4QPrDL.jpg,654649,item_weight,0.3 kilogram
https://m.media-amazon.com/images/I/51Mi1HhbP1L.jpg,654649,item_weight,3.549 gram
https://m.media-amazon.com/images/I/51rUfLEB-3L.jpg,654649,item_weight,3.549 gram
https://m.media-amazon.com/images/I/71JPQVEVT5L.jpg,654649,item_weight,3284.0 gram
https://m.media-amazon.com/images/I/61E3wztufAL.jpg,654649,item_weight,9.03 pound
https://m.media-amazon.com/images/I/7198TlHOWJL.jpg,654649,item_weight,2.0 ton
https://m.media-amazon.com/images/I/51wdZBvd34L.jpg,654649,item_weight,3.549 gram
https://m.media-amazon.com/images/I/51hENI3rEhL.jpg,654649,item_weight,3.549 gram
https://m.media-amazon.com/images/I/712hHqOvuhL.jpg,654649,item_weight,470.0 kilogram
https://m.media-amazon.com/images/I/71RZ-uQz+nL.jpg,654649,item_weight,470.0 kilogram
https://m.media-amazon.com/images/I/81UahtkraYL.jpg,654649,item_weight,2.0 microgram
https://m.media-amazon.com/images/I/512goD7bmtL.jpg,654649,item_weight,0.8 kilogram
https://m.media-amazon.com/images/I/61rbOuyrqbL.jpg,654649,item_weight,1.0 microgram
https://m.media-amazon.com/images/I/81AXvYRvwDL.jpg,654649,item_weight,3.0 pound
https://m.media-amazon.com/images/I/81VAhJaEMeL.jpg,654649,item_weight,0.0 kilogram
https://m.media-amazon.com/images/I/71zBL9FtBKL.jpg,654649,item_weight,60.0 gram
https://m.media-amazon.com/images/I/8128emZ0p0L.jpg,654649,item_weight,16.0 ton
https://m.media-amazon.com/images/I/71UEvBi6CyL.jpg,654649,item_weight,250.0 ton
https://m.media-amazon.com/images/I/71WYUYn96AL.jpg,654649,item_weight,3.0 kilogram
https://m.media-amazon.com/images/I/71ylAl2jBXL.jpg,654649,item_weight,3.0 kilogram
https://m.media-amazon.com/images/I/710oqwPjeaL.jpg,654649,item_weight,2950.0 gram
https://m.media-amazon.com/images/I/71S57yi6ocL.jpg,654649,item_weight,3.0 kilogram
https://m.media-amazon.com/images/I/81AdrWXG4UL.jpg,654649,item_weight,"[9.0, 15.0] kilogram"
https://m.media-amazon.com/images/I/61cOFeRdVJL.jpg,654649,item_weight,29.0 milligram
https://m.media-amazon.com/images/I/71SNXSd7i5L.jpg,654649,item_weight,500.0 kilogram
https://m.media-amazon.com/images/I/71veKjyacFL.jpg,654649,item_weight,132.0 pound
https://m.media-amazon.com/images/I/61-7hPv9s0L.jpg,654649,item_weight,2796.0 kilogram
https://m.media-amazon.com/images/I/71bnqS6BjOL.jpg,654649,item_weight,132.0 pound
https://m.media-amazon.com/images/I/61RaUx0LdVL.jpg,654649,item_weight,51.0 ton
https://m.media-amazon.com/images/I/81x+yCctJkL.jpg,654649,item_weight,3.0 pound
https://m.media-amazon.com/images/I/A10vuDWt7UL.jpg,654649,item_weight,4.0 gram
https://m.media-amazon.com/images/I/71SsLUgMA8L.jpg,654649,item_weight,3.0 ton
https://m.media-amazon.com/images/I/61axZi9QmcL.jpg,654649,item_weight,3.0 ton
https://m.media-amazon.com/images/I/91GRExBXzpL.jpg,654649,item_weight,3.0 gram
https://m.media-amazon.com/images/I/61neBx93yqL.jpg,654649,item_weight,9904.0 gram
https://m.media-amazon.com/images/I/61QFHiEcETL.jpg,654649,item_weight,2022.0 gram
https://m.media-amazon.com/images/I/81JQWFVJOUL.jpg,654649,item_weight,2022.0 gram
https://m.media-amazon.com/images/I/7178L1tvWxS.jpg,654649,item_weight,67644.0 ton
https://m.media-amazon.com/images/I/619ihJF2r5L.jpg,654649,item_weight,3465.0 kilogram
https://m.media-amazon.com/images/I/71IjoIWwRML.jpg,654649,item_weight,8.0 ounce
https://m.media-amazon.com/images/I/71rZzA0xdJL.jpg,654649,item_weight,8.0 ounce
https://m.media-amazon.com/images/I/71of2xrTyGL.jpg,654649,item_weight,238.0 kilogram
https://m.media-amazon.com/images/I/71qIBW8kYVL.jpg,654649,item_weight,"[5.0, 6.0] ton"
https://m.media-amazon.com/images/I/71BPWLJAnKL.jpg,654649,item_weight,2.0 microgram
https://m.media-amazon.com/images/I/61wTojbyNoL.jpg,654649,item_weight,338.7 gram
https://m.media-amazon.com/images/I/81T2gIxMQHL.jpg,654649,item_weight,2.0 microgram
https://m.media-amazon.com/images/I/71obgq5fn7L.jpg,654649,item_weight,65.0 gram
https://m.media-amazon.com/images/I/71B-HqsZr+L.jpg,654649,item_weight,65.0 gram
https://m.media-amazon.com/images/I/81mbsRV+A-L.jpg,654649,item_weight,3.0 milligram
https://m.media-amazon.com/images/I/71eOWdjBu4L.jpg,654649,item_weight,0.0 kilogram
https://m.media-amazon.com/images/I/61tnRfDegIL.jpg,654649,item_weight,457.0 gram
https://m.media-amazon.com/images/I/61F-7cZolBL.jpg,654649,item_weight,1.1515151515151516 kilogram
https://m.media-amazon.com/images/I/51HGhfOsY0L.jpg,654649,item_weight,175.0 milligram
https://m.media-amazon.com/images/I/81iaP6MXAQL.jpg,654649,item_weight,2.4 gram
https://m.media-amazon.com/images/I/613XpdnhuuL.jpg,654649,item_weight,4.0 gram
https://m.media-amazon.com/images/I/81NXEJcPkCL.jpg,654649,item_weight,2.4 gram
https://m.media-amazon.com/images/I/61bNtPcgv+L.jpg,654649,item_weight,8.0 gram
https://m.media-amazon.com/images/I/71D+jNkCM1L.jpg,654649,item_weight,1170.0 kilogram
https://m.media-amazon.com/images/I/51M3+B-ZaVL.jpg,654649,item_weight,2579.0 pound
https://m.media-amazon.com/images/I/51kW3h6hyxL.jpg,654649,item_weight,500.0 kilogram
https://m.media-amazon.com/images/I/912-NPR1+fL.jpg,654649,item_weight,0.0 ton
https://m.media-amazon.com/images/I/61n67usLtnL.jpg,654649,item_weight,5.0 ounce
https://m.media-amazon.com/images/I/71icLy8wtPL.jpg,654649,item_weight,2.0 ton
https://m.media-amazon.com/images/I/61MMlNk94iL.jpg,654649,item_weight,4269.0 ton
https://m.media-amazon.com/images/I/61w2Bbb+UVL.jpg,654649,item_weight,10.0 gram
https://m.media-amazon.com/images/I/81D83OKqMzL.jpg,654649,item_weight,2.0 gram
https://m.media-amazon.com/images/I/61Pu9Cm-bgL.jpg,654649,item_weight,1.0 ounce
https://m.media-amazon.com/images/I/71tNppARQeL.jpg,654649,item_weight,2.0 milligram
https://m.media-amazon.com/images/I/81z5Y6a2EsL.jpg,654649,item_weight,2.0 microgram
https://m.media-amazon.com/images/I/71nVUUJRJoL.jpg,654649,item_weight,0.0 kilogram
https://m.media-amazon.com/images/I/71NB9HKnHTL.jpg,654649,item_weight,0.0 kilogram
https://m.media-amazon.com/images/I/61kLIkyaOPL.jpg,654649,item_weight,55.0 ton
https://m.media-amazon.com/images/I/61Vr09PylTL.jpg,654649,item_weight,55.0 ton
https://m.media-amazon.com/images/I/61p9zBXkI3S.jpg,654649,item_weight,412.0 ounce
https://m.media-amazon.com/images/I/71NhKWcndsL.jpg,654649,item_weight,2.0 gram
https://m.media-amazon.com/images/I/71bovI9OPzL.jpg,654649,item_weight,2.0 gram
https://m.media-amazon.com/images/I/719xHJWWg4L.jpg,654649,item_weight,2.0 gram
https://m.media-amazon.com/images/I/71SBpkuaxSL.jpg,654649,item_weight,2.0 gram
https://m.media-amazon.com/images/I/71PAsuajxOL.jpg,654649,item_weight,2.0 gram
https://m.media-amazon.com/images/I/71MarLBM3jL.jpg,654649,item_weight,460.0 pound
https://m.media-amazon.com/images/I/61U46oTRVnL.jpg,654649,item_weight,30.0 milligram
https://m.media-amazon.com/images/I/61vEdTYRoBL.jpg,654649,item_weight,2022.0 gram
https://m.media-amazon.com/images/I/71IE5F1sQwL.jpg,654649,item_weight,2022.0 gram
https://m.media-amazon.com/images/I/71K7lsYTZML.jpg,654649,item_weight,2022.0 gram
https://m.media-amazon.com/images/I/71RCxHqoe5L.jpg,654649,item_weight,2022.0 gram
https://m.media-amazon.com/images/I/61Y9jzqRnFL.jpg,654649,item_weight,2022.0 gram
https://m.media-amazon.com/images/I/71ELuJGP6iL.jpg,654649,item_weight,882.0 gram
https://m.media-amazon.com/images/I/81dbQjDuH5L.jpg,654649,item_weight,982.0 gram
https://m.media-amazon.com/images/I/81PLKBypwmL.jpg,654649,item_weight,982.0 kilogram
https://m.media-amazon.com/images/I/81Yb+x3wMYL.jpg,654649,item_weight,882.0 gram
https://m.media-amazon.com/images/I/91RGUtT-5oL.jpg,654649,item_weight,882.0 gram
https://m.media-amazon.com/images/I/81r0kNhWxbL.jpg,654649,item_weight,882.0 kilogram
https://m.media-amazon.com/images/I/81ssiO8QhtL.jpg,654649,item_weight,982.0 kilogram
https://m.media-amazon.com/images/I/71L+hvoL9ZL.jpg,654649,item_weight,3.0 ton
https://m.media-amazon.com/images/I/81bi3D1E3DL.jpg,654649,item_weight,2.4 gram
https://m.media-amazon.com/images/I/610IIXDKBcL.jpg,654649,item_weight,2.4 gram
https://m.media-amazon.com/images/I/91oWet1jrkL.jpg,654649,item_weight,2.0 gram
https://m.media-amazon.com/images/I/71hxqhsezJL.jpg,654649,item_weight,713.0 pound
https://m.media-amazon.com/images/I/9131qiLDc0L.jpg,654649,item_weight,2.0 pound
https://m.media-amazon.com/images/I/713FqzeEluL.jpg,654649,item_weight,12.0 ton
https://m.media-amazon.com/images/I/81RJydur+6L.jpg,654649,item_weight,0.0 ounce
https://m.media-amazon.com/images/I/81jAUv60dHL.jpg,654649,item_weight,24.0 ounce
https://m.media-amazon.com/images/I/81vEfPHAW4L.jpg,654649,item_weight,9.0 ton
https://m.media-amazon.com/images/I/81Fi88LQRxL.jpg,654649,item_weight,2.0 microgram
https://m.media-amazon.com/images/I/71Wo0Pkf3mL.jpg,654649,item_weight,8.0 gram
https://m.media-amazon.com/images/I/81c5YJUMFpL.jpg,654649,item_weight,19.0 ton
https://m.media-amazon.com/images/I/71NKzDHelrL.jpg,654649,item_weight,3.0 ton
https://m.media-amazon.com/images/I/71EB4g+53iL.jpg,654649,item_weight,3.0 ton
https://m.media-amazon.com/images/I/71-QdhwDmbL.jpg,654649,item_weight,1070.0 kilogram
https://m.media-amazon.com/images/I/61qczo6S0FL.jpg,654649,item_weight,1070.0 kilogram
https://m.media-amazon.com/images/I/51r1DvK69SL.jpg,654649,item_weight,2012.0 ton
https://m.media-amazon.com/images/I/71tW8l+hpkS.jpg,654649,item_weight,2.0 ton
https://m.media-amazon.com/images/I/71DLoX7PkhS.jpg,654649,item_weight,18.3 gram
https://m.media-amazon.com/images/I/81Gg7qZnmwL.jpg,654649,item_weight,2.4 gram
https://m.media-amazon.com/images/I/91CP2R4ecBL.jpg,654649,item_weight,75310.0 ton
https://m.media-amazon.com/images/I/81pDDx7enML.jpg,654649,item_weight,2.0 microgram
https://m.media-amazon.com/images/I/816iucpAYXL.jpg,654649,item_weight,2.0 microgram
https://m.media-amazon.com/images/I/61WXBpXaFkL.jpg,654649,item_weight,0.54 kilogram
https://m.media-amazon.com/images/I/81nbAAR6Q-L.jpg,654649,item_weight,88.0 gram
https://m.media-amazon.com/images/I/81NMOhHmCRL.jpg,654649,item_weight,2.0 microgram
https://m.media-amazon.com/images/I/71X5Pa7XQkL.jpg,654649,item_weight,2.0 microgram
https://m.media-amazon.com/images/I/71FEqiuOHtL.jpg,654649,item_weight,3.0 gram
https://m.media-amazon.com/images/I/71VIqQG8anL.jpg,654649,item_weight,3.0 gram
https://m.media-amazon.com/images/I/71+ghM-zGZS.jpg,654649,item_weight,615.0 gram
https://m.media-amazon.com/images/I/61ryXIXGbtL.jpg,654649,item_weight,7.0 ounce
https://m.media-amazon.com/images/I/71-tLYZAQxL.jpg,654649,item_weight,2.4 gram
https://m.media-amazon.com/images/I/61vAdzE8kaL.jpg,654649,item_weight,4.0 gram
https://m.media-amazon.com/images/I/71LkADgIB2L.jpg,654649,item_weight,7.0 gram
https://m.media-amazon.com/images/I/81u9OFBOtnL.jpg,654649,item_weight,3.0 gram
https://m.media-amazon.com/images/I/61Z8YBwz0TL.jpg,654649,item_weight,78001759.0 pound
https://m.media-amazon.com/images/I/61KN9B4prEL.jpg,654649,item_weight,2.0 microgram
https://m.media-amazon.com/images/I/81tbXopK3xL.jpg,654649,item_weight,2.0 ton
https://m.media-amazon.com/images/I/71qaUk4n3UL.jpg,654649,item_weight,2.4 gram
https://m.media-amazon.com/images/I/61zlK3uLrmL.jpg,654649,item_weight,6503.64 pound
https://m.media-amazon.com/images/I/81NVfpyJ80L.jpg,654649,item_weight,2.0 microgram
https://m.media-amazon.com/images/I/81rAAuo4pNL.jpg,654649,item_weight,2.0 microgram
https://m.media-amazon.com/images/I/71ee8mff0aL.jpg,654649,item_weight,22042423.0 microgram
https://m.media-amazon.com/images/I/71LwRaDvHWL.jpg,654649,item_weight,2.0 pound
https://m.media-amazon.com/images/I/71f+0yZOKcL.jpg,654649,item_weight,2022.0 gram
https://m.media-amazon.com/images/I/71RI70ja7+L.jpg,654649,item_weight,2.5 pound
https://m.media-amazon.com/images/I/61gVvamtDnL.jpg,654649,item_weight,0.0 kilogram
https://m.media-amazon.com/images/I/719wJZOaWwL.jpg,654649,item_weight,0.0 pound
https://m.media-amazon.com/images/I/71gsgK--p2L.jpg,654649,item_weight,2.0 ton
https://m.media-amazon.com/images/I/81e6ywdbDEL.jpg,654649,item_weight,2.0 gram
https://m.media-amazon.com/images/I/812pm6Q-lvL.jpg,654649,item_weight,100.0 pound
https://m.media-amazon.com/images/I/61tAF7ZFDqL.jpg,654649,item_weight,1.0 kilogram
https://m.media-amazon.com/images/I/81gYRYeZ2bL.jpg,654649,item_weight,45.0 gram
https://m.media-amazon.com/images/I/71DZEjHDhzL.jpg,654649,item_weight,2.0 microgram
https://m.media-amazon.com/images/I/81x0HtPeeqL.jpg,654649,item_weight,8.0 ounce
https://m.media-amazon.com/images/I/81gTKXRyO-L.jpg,654649,item_weight,8.0 ounce
https://m.media-amazon.com/images/I/81lGabo+BWL.jpg,654649,item_weight,8.0 ounce
https://m.media-amazon.com/images/I/61hKvN2iJjL.jpg,654649,item_weight,70547.0 pound
https://m.media-amazon.com/images/I/81CESL-s0KL.jpg,654649,item_weight,360.0 gram
https://m.media-amazon.com/images/I/910e29e+byL.jpg,654649,item_weight,45.0 gram
https://m.media-amazon.com/images/I/81X3raiC4+L.jpg,654649,item_weight,18.0 ton
https://m.media-amazon.com/images/I/717AJvRnaHL.jpg,654649,item_weight,7.05 pound
https://m.media-amazon.com/images/I/710TWVf8bSL.jpg,654649,item_weight,770.0 gram
https://m.media-amazon.com/images/I/41DH0snD0cL.jpg,654649,item_weight,4.0 gram
https://m.media-amazon.com/images/I/7104qVlOvrL.jpg,654649,item_weight,2.65 kilogram
https://m.media-amazon.com/images/I/61CZznmW6yL.jpg,654649,item_weight,8.0 gram
https://m.media-amazon.com/images/I/91viIy7-HxL.jpg,654649,item_weight,2.4 gram
https://m.media-amazon.com/images/I/91RY7HvyYaL.jpg,654649,item_weight,963.0 pound
https://m.media-amazon.com/images/I/71nCBMTxQNL.jpg,654649,item_weight,2.0 ton
https://m.media-amazon.com/images/I/617YoljqcwL.jpg,654649,item_weight,2.0 ton
https://m.media-amazon.com/images/I/71hzkfQGbJL.jpg,654649,item_weight,1.0 ton
https://m.media-amazon.com/images/I/71qGO29IFaL.jpg,654649,item_weight,15170.0 gram
https://m.media-amazon.com/images/I/71R4yXeHwjL.jpg,654649,item_weight,20111533.0 microgram
https://m.media-amazon.com/images/I/61VUfgCxJwL.jpg,654649,item_weight,10.0 gram
https://m.media-amazon.com/images/I/71WYSwJZCaL.jpg,654649,item_weight,1695350.0 pound
https://m.media-amazon.com/images/I/71Vkbt9BvdL.jpg,654649,item_weight,1695350.0 pound
https://m.media-amazon.com/images/I/91mu5NF+8XL.jpg,654649,item_weight,60000.0 pound
https://m.media-amazon.com/images/I/812fSaVFPtL.jpg,654649,item_weight,2.0 microgram
https://m.media-amazon.com/images/I/817Rtr5HfBL.jpg,654649,item_weight,2.0 microgram
https://m.media-amazon.com/images/I/8156YYWYNKL.jpg,654649,item_weight,40.0 gram
https://m.media-amazon.com/images/I/61baLUDL2sL.jpg,654649,item_weight,96.0 pound
https://m.media-amazon.com/images/I/81yiqNvIOuL.jpg,654649,item_weight,3.0 ton
https://m.media-amazon.com/images/I/61IZbNRI+lL.jpg,654649,item_weight,22377.0 pound
https://m.media-amazon.com/images/I/71ZBJBjWLzL.jpg,654649,item_weight,86.0 ton
https://m.media-amazon.com/images/I/81PQWf5luQS.jpg,654649,item_weight,3560.0 gram
https://m.media-amazon.com/images/I/71oN7A6p35S.jpg,654649,item_weight,3560.0 gram
https://m.media-amazon.com/images/I/71nXXci--1S.jpg,654649,item_weight,3560.0 gram
https://m.media-amazon.com/images/I/61F0nP+Qy6L.jpg,654649,item_weight,501.0 pound
https://m.media-amazon.com/images/I/81KQ2ZIagTL.jpg,654649,item_weight,0.0 gram
https://m.media-amazon.com/images/I/81HVKkvEvpL.jpg,654649,item_weight,2022.0 gram
https://m.media-amazon.com/images/I/816W-dgcJ2L.jpg,654649,item_weight,2.0 microgram
https://m.media-amazon.com/images/I/8156CcupwCL.jpg,654649,item_weight,1.0 pound
https://m.media-amazon.com/images/I/81dwvHvLbSL.jpg,654649,item_weight,2.0 microgram
https://m.media-amazon.com/images/I/81UUxdi0vxL.jpg,654649,item_weight,5.0 ton
https://m.media-amazon.com/images/I/811lVGb00oL.jpg,654649,item_weight,200.0 gram
https://m.media-amazon.com/images/I/71AH1kJiAQL.jpg,654649,item_weight,898.0 kilogram
https://m.media-amazon.com/images/I/61SRrHvR+iL.jpg,654649,item_weight,6660.0 pound
https://m.media-amazon.com/images/I/61lFvB5ULiL.jpg,654649,item_weight,2.4 gram
https://m.media-amazon.com/images/I/61nJiymQpRL.jpg,654649,item_weight,2.4 gram
https://m.media-amazon.com/images/I/81b-ggsCm4L.jpg,654649,item_weight,4.0 gram
https://m.media-amazon.com/images/I/81Cxys4OHfL.jpg,654649,item_weight,1.0 ton
https://m.media-amazon.com/images/I/71q96kYL4mL.jpg,654649,item_weight,1000.0 milligram
https://m.media-amazon.com/images/I/71+fq-GaJaL.jpg,654649,item_weight,1.5 kilogram
https://m.media-amazon.com/images/I/61feGj1cNHL.jpg,654649,item_weight,60.0 ounce
https://m.media-amazon.com/images/I/81jaDJMNWIL.jpg,654649,item_weight,2.0 microgram
https://m.media-amazon.com/images/I/81XXGkE-jAL.jpg,654649,item_weight,2.0 microgram
https://m.media-amazon.com/images/I/81z6lGZ+sKL.jpg,654649,item_weight,2.0 ton
https://m.media-amazon.com/images/I/81q2Cv91akL.jpg,654649,item_weight,6.0 gram
https://m.media-amazon.com/images/I/815fjAUIvgL.jpg,654649,item_weight,2.0 microgram
https://m.media-amazon.com/images/I/61SqpHi2QPL.jpg,654649,item_weight,2560.0 gram
https://m.media-amazon.com/images/I/61aCj77-a-L.jpg,654649,item_weight,2560.0 gram
https://m.media-amazon.com/images/I/51ILnRCdxHL.jpg,654649,item_weight,2560.0 gram
https://m.media-amazon.com/images/I/617yQTYUMtL.jpg,654649,item_weight,2560.0 gram
https://m.media-amazon.com/images/I/61qg82xbj-L.jpg,654649,item_weight,2560.0 gram
https://m.media-amazon.com/images/I/719TriEFTJL.jpg,654649,item_weight,2560.0 gram
https://m.media-amazon.com/images/I/61Rkc4QdhDL.jpg,654649,item_weight,2560.0 gram
https://m.media-amazon.com/images/I/71f2BHbeXTL.jpg,654649,item_weight,2.85 pound
https://m.media-amazon.com/images/I/61tQgYC5JpL.jpg,654649,item_weight,200.0 milligram
https://m.media-amazon.com/images/I/614vkA1-JyL.jpg,654649,item_weight,76253.0 ton
https://m.media-amazon.com/images/I/91lYXC7etIL.jpg,654649,item_weight,3.0 ton
https://m.media-amazon.com/images/I/61Xwc30czpL.jpg,654649,item_weight,450.0 gram
https://m.media-amazon.com/images/I/81drj+crRGL.jpg,654649,item_weight,0.0 microgram
https://m.media-amazon.com/images/I/61lU0p0WUfL.jpg,654649,item_weight,7264.0 kilogram
https://m.media-amazon.com/images/I/617T0EKjeOL.jpg,654649,item_weight,"[2.0, 5.0] pound"
https://m.media-amazon.com/images/I/61CQ3R+E0qL.jpg,654649,item_weight,2.54 pound
https://m.media-amazon.com/images/I/71jpHNgmpNL.jpg,654649,item_weight,80.0 ton
https://m.media-amazon.com/images/I/913ViFShn9L.jpg,654649,item_weight,2.4 gram
https://m.media-amazon.com/images/I/61p3i9xoVTL.jpg,654649,item_weight,2.4 gram
https://m.media-amazon.com/images/I/51NPeynI24L.jpg,654649,item_weight,2.4 gram
https://m.media-amazon.com/images/I/81m05DpDN4L.jpg,654649,item_weight,4.0 ounce
https://m.media-amazon.com/images/I/81fmI9vAhIL.jpg,654649,item_weight,71.0 ton
https://m.media-amazon.com/images/I/61v7XCkAHPL.jpg,654649,item_weight,4175.0 gram
https://m.media-amazon.com/images/I/81NIFBGGOLL.jpg,654649,item_weight,1.5 ton
https://m.media-amazon.com/images/I/81VEacaxVBL.jpg,654649,item_weight,4.0 gram
https://m.media-amazon.com/images/I/81Q2gSuGu8S.jpg,654649,item_weight,1152.0 gram
https://m.media-amazon.com/images/I/51mlNfL20NL.jpg,654649,item_weight,19.0 milligram
https://m.media-amazon.com/images/I/71glApC+7wL.jpg,654649,item_weight,3.0 pound
https://m.media-amazon.com/images/I/61x3yWjYeaL.jpg,654649,item_weight,10.0 milligram
https://m.media-amazon.com/images/I/7155UiInaTL.jpg,654649,item_weight,1632.0 gram
https://m.media-amazon.com/images/I/81m2fta+68L.jpg,654649,item_weight,2585.0 gram
https://m.media-amazon.com/images/I/71muX+6643L.jpg,654649,item_weight,2585.0 gram
https://m.media-amazon.com/images/I/71nlBI9Dh2L.jpg,654649,item_weight,2585.0 gram
https://m.media-amazon.com/images/I/81XDrmYpR0L.jpg,654649,item_weight,2585.0 gram
https://m.media-amazon.com/images/I/912XiWJOVML.jpg,654649,item_weight,2.0 pound
https://m.media-amazon.com/images/I/61TR3V6wbeL.jpg,654649,item_weight,1222.0 ton
https://m.media-amazon.com/images/I/61HPADc2ztL.jpg,654649,item_weight,172000.0 pound
https://m.media-amazon.com/images/I/614ZIqecjML.jpg,654649,item_weight,172000.0 pound
https://m.media-amazon.com/images/I/711w0yT2tjL.jpg,654649,item_weight,0.0 pound
https://m.media-amazon.com/images/I/81d-kR2xPBL.jpg,654649,item_weight,40.0 gram
https://m.media-amazon.com/images/I/61olCZ+4T5L.jpg,654649,item_weight,2.8 kilogram
https://m.media-amazon.com/images/I/61UDm3WAIRL.jpg,654649,item_weight,5.7 kilogram
https://m.media-amazon.com/images/I/61vBP3SUDmL.jpg,654649,item_weight,2.2 kilogram
https://m.media-amazon.com/images/I/71TwVug4mFL.jpg,654649,item_weight,2.4 gram
https://m.media-amazon.com/images/I/61exWW84pNL.jpg,654649,item_weight,85.0 gram
https://m.media-amazon.com/images/I/71nqDL5il3L.jpg,654649,item_weight,251.0 pound
https://m.media-amazon.com/images/I/71bSqPhOFOL.jpg,654649,item_weight,5.0 ton
https://m.media-amazon.com/images/I/61Rl-YmpvTL.jpg,654649,item_weight,380.0 gram
https://m.media-amazon.com/images/I/71BD3W4tGxL.jpg,654649,item_weight,360.0 gram
https://m.media-amazon.com/images/I/81beQhPsmWL.jpg,654649,item_weight,1.0 ton
https://m.media-amazon.com/images/I/714AmZliqvL.jpg,654649,item_weight,365.0 milligram
https://m.media-amazon.com/images/I/81rF1eM1IgL.jpg,654649,item_weight,76909.0 milligram
https://m.media-amazon.com/images/I/61PF0LO3ZlL.jpg,654649,item_weight,7.0 gram
https://m.media-amazon.com/images/I/71G87U2wDNL.jpg,654649,item_weight,7.0 gram
https://m.media-amazon.com/images/I/61AeY8u4D2L.jpg,654649,item_weight,7.0 gram
https://m.media-amazon.com/images/I/61XqEzCImIL.jpg,654649,item_weight,0.0 gram
https://m.media-amazon.com/images/I/71hi2ISLs5L.jpg,654649,item_weight,8.0 gram
https://m.media-amazon.com/images/I/81Of5edURQL.jpg,654649,item_weight,6.0 ton
https://m.media-amazon.com/images/I/711c4Wm8anL.jpg,654649,item_weight,2.4 gram
https://m.media-amazon.com/images/I/71Zs4fOVa1L.jpg,654649,item_weight,2.4 gram
https://m.media-amazon.com/images/I/71t7zO3LfBL.jpg,654649,item_weight,2.4 gram
https://m.media-amazon.com/images/I/61vC0JP+qVL.jpg,654649,item_weight,1.0 pound
https://m.media-amazon.com/images/I/51o7-GhKRiL.jpg,654649,item_weight,11550.0 kilogram
https://m.media-amazon.com/images/I/81VcDVNTR3L.jpg,654649,item_weight,2.0 ton
https://m.media-amazon.com/images/I/81iY2ToolFL.jpg,654649,item_weight,1.0 ton
https://m.media-amazon.com/images/I/71uhTwfvTnL.jpg,654649,item_weight,3.2 kilogram
https://m.media-amazon.com/images/I/91D5PQxPU9L.jpg,654649,item_weight,1.0 ounce
https://m.media-amazon.com/images/I/512ek-+KO1L.jpg,654649,item_weight,4.0 gram
https://m.media-amazon.com/images/I/71pTwzgZC1L.jpg,654649,item_weight,1.0 ounce
https://m.media-amazon.com/images/I/91PZWdFNsIL.jpg,654649,item_weight,4.0 ton
