image_link,group_id,entity_name,entity_value
https://m.media-amazon.com/images/I/51k25Xy7SIL.jpg,146860,width,2.2 inch
https://m.media-amazon.com/images/I/6191i6SW0cL.jpg,146860,width,11.4 inch
https://m.media-amazon.com/images/I/611dpskIh6L.jpg,146860,width,2.3 inch
https://m.media-amazon.com/images/I/614ySf+Vl1L.jpg,146860,width,7.3 centimetre
https://m.media-amazon.com/images/I/61+OnlAxkbL.jpg,146860,width,8.0 inch
https://m.media-amazon.com/images/I/51PnSZNzJWL.jpg,146860,width,2.9 inch
https://m.media-amazon.com/images/I/61DKESmo1UL.jpg,146860,width,1.7 inch
https://m.media-amazon.com/images/I/51piWeoJSIL.jpg,146860,width,8.6 centimetre
https://m.media-amazon.com/images/I/51fgh+cXT6L.jpg,146860,width,5.0 centimetre
https://m.media-amazon.com/images/I/51fgh+cXT6L.jpg,146860,depth,5.0 centimetre
https://m.media-amazon.com/images/I/612NPB1-+wL.jpg,146860,width,2.0 inch
https://m.media-amazon.com/images/I/51k0c+sFPHL.jpg,146860,width,208.0 millimetre
https://m.media-amazon.com/images/I/51t0E4zdz+L.jpg,146860,width,8.0 centimetre
https://m.media-amazon.com/images/I/51t0E4zdz+L.jpg,146860,height,21.5 centimetre
https://m.media-amazon.com/images/I/51V+csseRrL.jpg,146860,width,7.0 centimetre
https://m.media-amazon.com/images/I/51hPSQuUK4L.jpg,146860,width,8.5 centimetre
https://m.media-amazon.com/images/I/51hPSQuUK4L.jpg,146860,depth,8.5 centimetre
https://m.media-amazon.com/images/I/61DYh9hHnrL.jpg,146860,width,2.9 inch
https://m.media-amazon.com/images/I/61DYh9hHnrL.jpg,146860,height,2.9 inch
https://m.media-amazon.com/images/I/619pWRCjLvS.jpg,146860,width,94.0 millimetre
https://m.media-amazon.com/images/I/619pWRCjLvS.jpg,146860,height,267.0 millimetre
https://m.media-amazon.com/images/I/51gOSimRQgL.jpg,146860,width,3.2 inch
https://m.media-amazon.com/images/I/41CEjh2so0L.jpg,146860,width,4.25 inch
https://m.media-amazon.com/images/I/41CEjh2so0L.jpg,146860,height,9.5 inch
https://m.media-amazon.com/images/I/6179Rl84S3L.jpg,146860,width,16.8 centimetre
https://m.media-amazon.com/images/I/6179Rl84S3L.jpg,146860,height,12.0 centimetre
https://m.media-amazon.com/images/I/510JIo2MQIL.jpg,146860,width,19.4 centimetre
https://m.media-amazon.com/images/I/51HZxmgtOWL.jpg,146860,width,42.0 millimetre
https://m.media-amazon.com/images/I/51Zye6-osJL.jpg,146860,width,7.5 centimetre
https://m.media-amazon.com/images/I/51Zye6-osJL.jpg,146860,depth,9.5 centimetre
https://m.media-amazon.com/images/I/61BUbT-gC5L.jpg,146860,width,2.0 inch
https://m.media-amazon.com/images/I/614ovmzUGgL.jpg,146860,width,7.0 centimetre
https://m.media-amazon.com/images/I/614ovmzUGgL.jpg,146860,height,20.0 centimetre
https://m.media-amazon.com/images/I/51NELRPw6ZL.jpg,146860,width,7.5 centimetre
https://m.media-amazon.com/images/I/41B7KYRe1CL.jpg,146860,width,8.0 centimetre
https://m.media-amazon.com/images/I/61G-Z3wdMuL.jpg,146860,width,0.75 inch
https://m.media-amazon.com/images/I/518cXaXPPoL.jpg,146860,width,10.0 centimetre
https://m.media-amazon.com/images/I/518cXaXPPoL.jpg,146860,depth,20.0 centimetre
https://m.media-amazon.com/images/I/61C6baoo6WL.jpg,146860,width,14.5 centimetre
https://m.media-amazon.com/images/I/61GE2A53aCL.jpg,146860,width,2.0 inch
https://m.media-amazon.com/images/I/41MeC+UMFyL.jpg,146860,width,4.25 inch
https://m.media-amazon.com/images/I/61-L0f6UZPL.jpg,146860,width,10.2 centimetre
https://m.media-amazon.com/images/I/61-L0f6UZPL.jpg,146860,depth,11.4 centimetre
https://m.media-amazon.com/images/I/51eOmzIAUZL.jpg,146860,width,4.0 centimetre
https://m.media-amazon.com/images/I/513ve8GP4DL.jpg,146860,width,1.36 inch
https://m.media-amazon.com/images/I/51RHM1ozDXL.jpg,146860,width,7.0 centimetre
https://m.media-amazon.com/images/I/61APeFe+EbL.jpg,146860,width,6.3 inch
https://m.media-amazon.com/images/I/414qz-upfKL.jpg,146860,width,20.2 centimetre
https://m.media-amazon.com/images/I/51HDG-VWuYL.jpg,146860,width,20.0 centimetre
https://m.media-amazon.com/images/I/51rgIP3u-dL.jpg,146860,width,155.0 millimetre
https://m.media-amazon.com/images/I/41pSpj7mxzL.jpg,146860,width,7.1 inch
https://m.media-amazon.com/images/I/51plhotOXIL.jpg,146860,width,185.0 millimetre
https://m.media-amazon.com/images/I/51GF+Fu06FL.jpg,146860,width,5.0 centimetre
https://m.media-amazon.com/images/I/613WfvjzeRL.jpg,146860,width,4.7 centimetre
https://m.media-amazon.com/images/I/51iLD7LJFjL.jpg,146860,width,85.0 millimetre
https://m.media-amazon.com/images/I/51wGf3PyzvL.jpg,146860,width,180.0 millimetre
https://m.media-amazon.com/images/I/41YPBRp-wdL.jpg,146860,width,17.0 centimetre
https://m.media-amazon.com/images/I/41YPBRp-wdL.jpg,146860,depth,17.0 centimetre
https://m.media-amazon.com/images/I/61FZopZEndL.jpg,146860,width,12.0 centimetre
https://m.media-amazon.com/images/I/617dhzNtVHL.jpg,146860,width,6.3 inch
https://m.media-amazon.com/images/I/41EiUABJDDS.jpg,146860,width,1.57 inch
https://m.media-amazon.com/images/I/61EbEK9KEaS.jpg,146860,width,9.0 centimetre
https://m.media-amazon.com/images/I/51hukkCxyBL.jpg,146860,width,10.5 centimetre
https://m.media-amazon.com/images/I/51rzX3KTrUL.jpg,146860,width,28.0 centimetre
https://m.media-amazon.com/images/I/51jYIWayVsL.jpg,146860,width,9.0 centimetre
https://m.media-amazon.com/images/I/51Sv6hDE7hL.jpg,146860,width,1.6 inch
https://m.media-amazon.com/images/I/61CVTugpF-L.jpg,146860,width,7.0 inch
https://m.media-amazon.com/images/I/41PZc4Cn-mL.jpg,146860,width,18.0 centimetre
https://m.media-amazon.com/images/I/51tMHttGVyL.jpg,146860,width,10.0 centimetre
https://m.media-amazon.com/images/I/6120B6SKDrS.jpg,146860,width,6.7 centimetre
https://m.media-amazon.com/images/I/51yFhKP43wL.jpg,146860,depth,5.9 inch
https://m.media-amazon.com/images/I/51p0WpHwjmL.jpg,146860,depth,8.2 centimetre
https://m.media-amazon.com/images/I/51p0WpHwjmL.jpg,146860,height,27.0 centimetre
https://m.media-amazon.com/images/I/41EizqiN8NL.jpg,146860,depth,3.5 centimetre
https://m.media-amazon.com/images/I/41H6X+K+0gL.jpg,146860,depth,40.0 centimetre
https://m.media-amazon.com/images/I/518xCUBmtPL.jpg,146860,depth,6.9 inch
https://m.media-amazon.com/images/I/518xCUBmtPL.jpg,146860,height,4.5 inch
https://m.media-amazon.com/images/I/51OFqz3UZhL.jpg,146860,depth,4.8 inch
https://m.media-amazon.com/images/I/618idIr8RlL.jpg,146860,depth,13.0 centimetre
https://m.media-amazon.com/images/I/41tPPgORwKL.jpg,146860,depth,6.0 centimetre
https://m.media-amazon.com/images/I/615MerANbDL.jpg,146860,depth,8.9 centimetre
https://m.media-amazon.com/images/I/615MerANbDL.jpg,146860,height,23.0 centimetre
https://m.media-amazon.com/images/I/61EBG-jKYmL.jpg,146860,depth,26.8 centimetre
https://m.media-amazon.com/images/I/51x7aGn+srL.jpg,146860,depth,19.0 centimetre
https://m.media-amazon.com/images/I/61BwcvtZs8L.jpg,146860,depth,17.9 centimetre
https://m.media-amazon.com/images/I/61EeztZYlfL.jpg,146860,depth,20.0 centimetre
https://m.media-amazon.com/images/I/61EeztZYlfL.jpg,146860,height,7.2 centimetre
https://m.media-amazon.com/images/I/617VHc2Qk+L.jpg,146860,depth,40.0 centimetre
https://m.media-amazon.com/images/I/610VLmVsEiL.jpg,146860,depth,165.0 millimetre
https://m.media-amazon.com/images/I/51RnCdK4taL.jpg,146860,depth,13.0 centimetre
https://m.media-amazon.com/images/I/515EUlKdSOL.jpg,146860,depth,8.5 centimetre
https://m.media-amazon.com/images/I/612xs8vVNlL.jpg,146860,depth,3.0 inch
https://m.media-amazon.com/images/I/613tZRP35PL.jpg,146860,depth,12.8 inch
https://m.media-amazon.com/images/I/51W43MpFDOL.jpg,146860,depth,33.0 centimetre
https://m.media-amazon.com/images/I/51W43MpFDOL.jpg,146860,height,33.0 centimetre
https://m.media-amazon.com/images/I/61++3nbHnlL.jpg,146860,depth,56.5 centimetre
https://m.media-amazon.com/images/I/510au8le8kL.jpg,146860,depth,7.3 inch
https://m.media-amazon.com/images/I/615vNv9hFRL.jpg,146860,depth,0.5 metre
https://m.media-amazon.com/images/I/51TqV1U7mlL.jpg,146860,depth,28.0 centimetre
https://m.media-amazon.com/images/I/51hamvRrSvL.jpg,146860,depth,9.0 centimetre
https://m.media-amazon.com/images/I/51qrZBiUW1L.jpg,146860,depth,8.5 inch
https://m.media-amazon.com/images/I/51zdB9819fL.jpg,146860,depth,325.0 millimetre
https://m.media-amazon.com/images/I/41kKVinf2TL.jpg,146860,depth,19.5 centimetre
https://m.media-amazon.com/images/I/51mwpc2mJcL.jpg,146860,depth,15.0 centimetre
https://m.media-amazon.com/images/I/51lVPY2vpNL.jpg,146860,depth,9.0 centimetre
https://m.media-amazon.com/images/I/61G2+0l2lgL.jpg,146860,depth,250.0 millimetre
https://m.media-amazon.com/images/I/410Oa8qKLrL.jpg,146860,depth,30.5 centimetre
https://m.media-amazon.com/images/I/611Rn2izl6L.jpg,146860,depth,6.2021 centimetre
https://m.media-amazon.com/images/I/515IgEW+KRL.jpg,146860,depth,60.0 centimetre
https://m.media-amazon.com/images/I/515IgEW+KRL.jpg,146860,height,60.0 centimetre
https://m.media-amazon.com/images/I/6155vBQIJfL.jpg,146860,depth,14.5 centimetre
https://m.media-amazon.com/images/I/6155vBQIJfL.jpg,146860,height,9.5 centimetre
https://m.media-amazon.com/images/I/51S4aHb4ECL.jpg,146860,depth,20.3 centimetre
https://m.media-amazon.com/images/I/417d+BwfxZL.jpg,146860,depth,205.0 millimetre
https://m.media-amazon.com/images/I/51pN8RAgWiL.jpg,146860,depth,24.0 centimetre
https://m.media-amazon.com/images/I/61+HpazylkL.jpg,146860,depth,6.0 centimetre
https://m.media-amazon.com/images/I/51MyV-L-VQL.jpg,146860,depth,21.0 centimetre
https://m.media-amazon.com/images/I/61DJd-OceVL.jpg,146860,depth,19.0 centimetre
https://m.media-amazon.com/images/I/51GFBJQFLhS.jpg,146860,depth,17.0 centimetre
https://m.media-amazon.com/images/I/51GFBJQFLhS.jpg,146860,height,12.0 centimetre
https://m.media-amazon.com/images/I/61FAbdkC4hL.jpg,146860,depth,15.2 centimetre
https://m.media-amazon.com/images/I/512zDP+6j4L.jpg,146860,depth,19.0 centimetre
https://m.media-amazon.com/images/I/41Ae4jch99L.jpg,146860,depth,16.0 centimetre
https://m.media-amazon.com/images/I/61CsR1pRC3L.jpg,146860,depth,3.54 inch
https://m.media-amazon.com/images/I/61CsR1pRC3L.jpg,146860,height,9.37 inch
https://m.media-amazon.com/images/I/411F45XgU0L.jpg,146860,depth,16.0 centimetre
https://m.media-amazon.com/images/I/51eEucRwDxL.jpg,146860,depth,15.0 centimetre
https://m.media-amazon.com/images/I/51eEucRwDxL.jpg,146860,height,20.5 centimetre
https://m.media-amazon.com/images/I/51SssIEHhVL.jpg,146860,depth,9.5 centimetre
https://m.media-amazon.com/images/I/51MEVgrdKuL.jpg,146860,depth,208.0 millimetre
https://m.media-amazon.com/images/I/51t0CM+wnhL.jpg,146860,depth,15.0 centimetre
https://m.media-amazon.com/images/I/51XAX4WEJOL.jpg,146860,depth,9.88 inch
https://m.media-amazon.com/images/I/51TCXTR04vL.jpg,146860,depth,10.2 centimetre
https://m.media-amazon.com/images/I/51GNP6hYL8L.jpg,146860,depth,4.0 centimetre
https://m.media-amazon.com/images/I/51GNP6hYL8L.jpg,146860,height,11.5 centimetre
https://m.media-amazon.com/images/I/51v8pk9HR-L.jpg,146860,depth,11.0 centimetre
https://m.media-amazon.com/images/I/51prXxyW7VL.jpg,146860,depth,1.25 inch
https://m.media-amazon.com/images/I/615gmo9EMRL.jpg,146860,depth,17.5 centimetre
https://m.media-amazon.com/images/I/519fEdKhIFL.jpg,146860,depth,10.5 centimetre
https://m.media-amazon.com/images/I/519fEdKhIFL.jpg,146860,height,4.0 centimetre
https://m.media-amazon.com/images/I/51Jr3PFZ3wL.jpg,146860,depth,38.0 centimetre
https://m.media-amazon.com/images/I/519L6DNschL.jpg,146860,depth,19.0 centimetre
https://m.media-amazon.com/images/I/51uC4893DAL.jpg,146860,depth,2.0 inch
https://m.media-amazon.com/images/I/519JM1S096L.jpg,146860,depth,9.0 inch
https://m.media-amazon.com/images/I/519JM1S096L.jpg,146860,height,3.0 inch
https://m.media-amazon.com/images/I/51eqjEtw9ML.jpg,146860,depth,9.45 inch
https://m.media-amazon.com/images/I/51JjMYBp0XL.jpg,146860,depth,20.0 centimetre
https://m.media-amazon.com/images/I/511rWeBWU5L.jpg,146860,depth,3.0 inch
https://m.media-amazon.com/images/I/61AjVVnv+CL.jpg,146860,height,9.5 inch
https://m.media-amazon.com/images/I/61+JmjTcRJL.jpg,146860,height,14.0 centimetre
https://m.media-amazon.com/images/I/51Z4CUp5GkL.jpg,146860,height,5.5 inch
https://m.media-amazon.com/images/I/51CHpE+t1IL.jpg,146860,height,3.0 centimetre
https://m.media-amazon.com/images/I/51V9Kvh5pAL.jpg,146860,height,28.0 centimetre
https://m.media-amazon.com/images/I/51T4+fvo6oL.jpg,146860,height,13.8 centimetre
https://m.media-amazon.com/images/I/514Frzr7uVL.jpg,146860,height,260.0 millimetre
https://m.media-amazon.com/images/I/51wqTLMreIL.jpg,146860,height,4.8 inch
https://m.media-amazon.com/images/I/612s9eGHOWL.jpg,146860,height,22.0 centimetre
https://m.media-amazon.com/images/I/51ZmTjG1EYL.jpg,146860,height,7.0 centimetre
https://m.media-amazon.com/images/I/419wieIbZvL.jpg,146860,height,11.5 centimetre
https://m.media-amazon.com/images/I/61Ef93ZfcQL.jpg,146860,height,10.5 centimetre
https://m.media-amazon.com/images/I/51R8V9GWkYL.jpg,146860,height,6.5 inch
https://m.media-amazon.com/images/I/51UGDQPS9DL.jpg,146860,height,1.6 inch
https://m.media-amazon.com/images/I/51Hk0IADPxL.jpg,146860,height,28.0 centimetre
https://m.media-amazon.com/images/I/61AlqlH9s1L.jpg,146860,height,12.0 inch
https://m.media-amazon.com/images/I/616USNhgNyS.jpg,146860,height,14.7 centimetre
https://m.media-amazon.com/images/I/51Q4QkQIGcL.jpg,146860,height,8.5 centimetre
https://m.media-amazon.com/images/I/41Zh98zu5qL.jpg,146860,height,80.0 millimetre
https://m.media-amazon.com/images/I/61-T7xw+Y9L.jpg,146860,height,7.0 centimetre
https://m.media-amazon.com/images/I/51Hv1f5-XPL.jpg,146860,height,50.0 centimetre
https://m.media-amazon.com/images/I/51weKVrP4xL.jpg,146860,height,31.0 centimetre
https://m.media-amazon.com/images/I/51K+JtRX08L.jpg,146860,height,270.0 millimetre
https://m.media-amazon.com/images/I/61+eK1ZVLjL.jpg,146860,height,8.7 centimetre
https://m.media-amazon.com/images/I/61F+IvqRTgL.jpg,146860,height,15.0 centimetre
https://m.media-amazon.com/images/I/51SAYbFMVTL.jpg,146860,height,27.0 centimetre
https://m.media-amazon.com/images/I/51jzWa+-m8L.jpg,146860,height,21.5 centimetre
https://m.media-amazon.com/images/I/510bKNRdaaL.jpg,146860,height,9.0 centimetre
https://m.media-amazon.com/images/I/61C13kAeIML.jpg,146860,height,3.0 inch
https://m.media-amazon.com/images/I/61G1oSTjeEL.jpg,146860,height,27.0 centimetre
https://m.media-amazon.com/images/I/61CFZzGeDqL.jpg,146860,height,11.0 centimetre
https://m.media-amazon.com/images/I/6199u8K0otL.jpg,146860,height,5.9 inch
https://m.media-amazon.com/images/I/51wbAm8uVDL.jpg,146860,height,27.9 centimetre
https://m.media-amazon.com/images/I/51fvDX2B6KL.jpg,146860,height,8.0 inch
https://m.media-amazon.com/images/I/41eO9g9ftpL.jpg,146860,height,9.5 inch
https://m.media-amazon.com/images/I/61FogFnV3uL.jpg,146860,height,22.0 centimetre
https://m.media-amazon.com/images/I/41yAwMUzPjL.jpg,146860,height,7.0 inch
https://m.media-amazon.com/images/I/61AOG4UI8FL.jpg,146860,height,6.5 inch
https://m.media-amazon.com/images/I/51QAMWnHU7L.jpg,146860,height,23.0 centimetre
https://m.media-amazon.com/images/I/51xYSt-uUkL.jpg,146860,height,3.0 centimetre
https://m.media-amazon.com/images/I/51ARXIRrHZL.jpg,146860,height,25.5 centimetre
https://m.media-amazon.com/images/I/51KaaHk7y3L.jpg,146860,height,13.0 centimetre
https://m.media-amazon.com/images/I/41EXN-8IiNL.jpg,146860,height,21.0 centimetre
https://m.media-amazon.com/images/I/61-I4MdURSL.jpg,146860,height,16.0 centimetre
https://m.media-amazon.com/images/I/61FoGUAeCGL.jpg,146860,height,1.46 inch
https://m.media-amazon.com/images/I/51W8LYHDFDL.jpg,146860,height,6.0 inch
https://m.media-amazon.com/images/I/41DAIQALswS.jpg,146860,height,7.0 inch
https://m.media-amazon.com/images/I/51bS+vQBD4L.jpg,146860,height,12.5 centimetre
https://m.media-amazon.com/images/I/51JzgnnijtL.jpg,146860,height,247.6 millimetre
https://m.media-amazon.com/images/I/6118FCEUWzL.jpg,146860,height,5.9 inch
https://m.media-amazon.com/images/I/616xp14nXNL.jpg,146860,height,6.3 inch
https://m.media-amazon.com/images/I/616w9AygDaL.jpg,146860,height,5.99 inch
https://m.media-amazon.com/images/I/51HYzQPG6BL.jpg,146860,height,3.5 centimetre
https://m.media-amazon.com/images/I/41k6-KGwb3L.jpg,146860,height,8.0 inch
https://m.media-amazon.com/images/I/41DWUuX6kdL.jpg,146860,height,12.5 centimetre
https://m.media-amazon.com/images/I/51oRzUCrXDL.jpg,146860,height,201.0 millimetre
https://m.media-amazon.com/images/I/51MBm6QGVBL.jpg,146860,height,18.0 centimetre
https://m.media-amazon.com/images/I/51zMyN1GpdL.jpg,146860,height,50.0 centimetre
https://m.media-amazon.com/images/I/619DqA7AiiL.jpg,146860,height,27.9 centimetre
https://m.media-amazon.com/images/I/51mjqXnjk4L.jpg,146860,height,15.7 inch
https://m.media-amazon.com/images/I/61DH1-oXoqL.jpg,146860,height,20.0 centimetre
https://m.media-amazon.com/images/I/51PSHVvHVbL.jpg,146860,height,41.3 centimetre
https://m.media-amazon.com/images/I/51FfVq3UrGL.jpg,146860,height,9.9 inch
https://m.media-amazon.com/images/I/518cx+q4jDL.jpg,146860,height,13.0 centimetre
https://m.media-amazon.com/images/I/616f9PUqTEL.jpg,146860,height,3.74 inch
https://m.media-amazon.com/images/I/51lZTCKG0mL.jpg,146860,height,25.5 centimetre
https://m.media-amazon.com/images/I/6107X6Ru7DL.jpg,146860,height,36.0 centimetre
https://m.media-amazon.com/images/I/61-x1S+R0jS.jpg,146860,height,270.0 millimetre
https://m.media-amazon.com/images/I/51LED-uvQTL.jpg,146860,height,10.0 centimetre
