image_link,group_id,entity_name,entity_value
https://m.media-amazon.com/images/I/51hMzJ0ni7L.jpg,131797,width,4.0 centimetre
https://m.media-amazon.com/images/I/619a4eW3tvL.jpg,131797,width,2.0 inch
https://m.media-amazon.com/images/I/51nfnVFUoPL.jpg,131797,width,38.0 millimetre
https://m.media-amazon.com/images/I/617aidoVA7L.jpg,131797,width,39.0 millimetre
https://m.media-amazon.com/images/I/616sJPW4b8L.jpg,131797,width,2.0 inch
https://m.media-amazon.com/images/I/614maGOTRQS.jpg,131797,width,4.0 inch
https://m.media-amazon.com/images/I/617Z6Eg2exL.jpg,131797,depth,4.3 inch
https://m.media-amazon.com/images/I/41idDZzurlS.jpg,131797,width,15.0 millimetre
https://m.media-amazon.com/images/I/51lFBweuRRL.jpg,131797,width,1.37 inch
https://m.media-amazon.com/images/I/615mv2oBdRL.jpg,131797,width,44.0 millimetre
https://m.media-amazon.com/images/I/51bi1+NbsKS.jpg,131797,width,5.5 centimetre
https://m.media-amazon.com/images/I/513PXNDz1rL.jpg,131797,width,4.3 centimetre
https://m.media-amazon.com/images/I/51SBuW8EC-L.jpg,131797,width,2.0 inch
https://m.media-amazon.com/images/I/51qhRPUiOKL.jpg,131797,width,1.0 inch
https://m.media-amazon.com/images/I/51LXKQl1aIL.jpg,131797,width,3.2 centimetre
https://m.media-amazon.com/images/I/61B2n5mUpmL.jpg,131797,width,46.0 millimetre
https://m.media-amazon.com/images/I/41QTutt5zZL.jpg,131797,width,40.0 millimetre
https://m.media-amazon.com/images/I/41KEPMts8xL.jpg,131797,width,38.0 millimetre
https://m.media-amazon.com/images/I/51pZqtcct7L.jpg,131797,width,31.6 millimetre
https://m.media-amazon.com/images/I/51kpNIPuzVL.jpg,131797,width,2.0 inch
https://m.media-amazon.com/images/I/511iy5dIZdL.jpg,131797,width,2.0 inch
https://m.media-amazon.com/images/I/51jd8pDcdIL.jpg,131797,width,3.0 centimetre
https://m.media-amazon.com/images/I/51pwX3eXlqL.jpg,131797,width,15.0 millimetre
https://m.media-amazon.com/images/I/51vyx+1fUbL.jpg,131797,width,6.5 centimetre
https://m.media-amazon.com/images/I/6142MmqV1mL.jpg,131797,width,5.0 inch
https://m.media-amazon.com/images/I/51Ng2J11YiL.jpg,131797,width,2.55 inch
https://m.media-amazon.com/images/I/51v+GYdVRZL.jpg,131797,width,2.0 inch
https://m.media-amazon.com/images/I/51MR1ext59L.jpg,131797,width,55.0 millimetre
https://m.media-amazon.com/images/I/61+4Od-i20L.jpg,131797,width,2.0 inch
https://m.media-amazon.com/images/I/51JMxug19eL.jpg,131797,width,41.0 millimetre
https://m.media-amazon.com/images/I/619Iu9MPfbL.jpg,131797,width,1.88 inch
https://m.media-amazon.com/images/I/51AthxHViEL.jpg,131797,width,2.0 inch
https://m.media-amazon.com/images/I/615icN9lrcL.jpg,131797,width,27.0 millimetre
https://m.media-amazon.com/images/I/417iFq0JiFL.jpg,131797,width,4.13 inch
https://m.media-amazon.com/images/I/61En2idfdUL.jpg,131797,width,38.0 millimetre
https://m.media-amazon.com/images/I/612-36F9nOL.jpg,131797,width,4.0 inch
https://m.media-amazon.com/images/I/51EDdp4I5cL.jpg,131797,width,5.0 centimetre
https://m.media-amazon.com/images/I/612dkQ-dX9L.jpg,131797,width,7.3 centimetre
https://m.media-amazon.com/images/I/61EumBiwKEL.jpg,131797,width,1.0 inch
https://m.media-amazon.com/images/I/61EumBiwKEL.jpg,131797,depth,6.0 inch
https://m.media-amazon.com/images/I/51JnRtKCQRL.jpg,131797,width,4.3 centimetre
https://m.media-amazon.com/images/I/51JnRtKCQRL.jpg,131797,height,1.5 centimetre
https://m.media-amazon.com/images/I/51gsXsHgr0L.jpg,131797,width,1.7 inch
https://m.media-amazon.com/images/I/51mik4+XK9S.jpg,131797,width,45.0 millimetre
https://m.media-amazon.com/images/I/612j4o0RafL.jpg,131797,width,1.65 inch
https://m.media-amazon.com/images/I/51SuICvIr4S.jpg,131797,width,3.0 centimetre
https://m.media-amazon.com/images/I/619GOQgRxPL.jpg,131797,width,33.0 millimetre
https://m.media-amazon.com/images/I/51ZgT5mcHrL.jpg,131797,width,31.0 millimetre
https://m.media-amazon.com/images/I/41FQa1uYhEL.jpg,131797,width,33.0 millimetre
https://m.media-amazon.com/images/I/51Q8dHj6roL.jpg,131797,width,1.5 inch
https://m.media-amazon.com/images/I/41lPiDirtwL.jpg,131797,width,6.0 inch
https://m.media-amazon.com/images/I/61DBSq-hgmL.jpg,131797,width,45.0 millimetre
https://m.media-amazon.com/images/I/51-u0YGuPrL.jpg,131797,width,2.0 inch
https://m.media-amazon.com/images/I/51-u0YGuPrL.jpg,131797,depth,5.0 inch
https://m.media-amazon.com/images/I/61+SKFirbXL.jpg,131797,width,5.0 centimetre
https://m.media-amazon.com/images/I/619dji4nc+S.jpg,131797,width,5.5 centimetre
https://m.media-amazon.com/images/I/51xhXLlVJ2L.jpg,131797,width,34.5 millimetre
https://m.media-amazon.com/images/I/512VVjHBQFL.jpg,131797,width,73.0 millimetre
https://m.media-amazon.com/images/I/51CEW4nSyrL.jpg,131797,width,1.41 inch
https://m.media-amazon.com/images/I/51z6Ax43IFL.jpg,131797,width,25.0 millimetre
https://m.media-amazon.com/images/I/51D-4MmwMXL.jpg,131797,width,5.0 centimetre
https://m.media-amazon.com/images/I/51HcZ1JOvvL.jpg,131797,width,3.8 centimetre
https://m.media-amazon.com/images/I/612oSC2W0uL.jpg,131797,width,1.0 inch
https://m.media-amazon.com/images/I/51XnY-wh-oL.jpg,131797,width,3.5 centimetre
https://m.media-amazon.com/images/I/61-wiuZLDPL.jpg,131797,width,5.0 centimetre
https://m.media-amazon.com/images/I/51ghXr-8LRL.jpg,131797,width,1.0 inch
https://m.media-amazon.com/images/I/51s7wxibuhL.jpg,131797,width,38.0 millimetre
https://m.media-amazon.com/images/I/514-4Fyi8wL.jpg,131797,width,38.0 millimetre
https://m.media-amazon.com/images/I/614XiBlKuTL.jpg,131797,width,4.3 centimetre
https://m.media-amazon.com/images/I/618JlSEHCxL.jpg,131797,width,1.02 inch
https://m.media-amazon.com/images/I/619IC4Yi+ZL.jpg,131797,width,25.0 millimetre
https://m.media-amazon.com/images/I/51tRmtjDOaL.jpg,131797,width,2.0 inch
https://m.media-amazon.com/images/I/51PqWqV5mRL.jpg,131797,width,5.5 centimetre
https://m.media-amazon.com/images/I/61CCZe5+9CL.jpg,131797,width,15.0 millimetre
https://m.media-amazon.com/images/I/613oopSQLnL.jpg,131797,width,4.0 centimetre
https://m.media-amazon.com/images/I/610W6LNdRkL.jpg,131797,width,1.61 inch
https://m.media-amazon.com/images/I/51GdNJYfCCL.jpg,131797,width,40.0 millimetre
https://m.media-amazon.com/images/I/51M8gluquZL.jpg,131797,width,1.0 inch
https://m.media-amazon.com/images/I/51P4oBiNayL.jpg,131797,width,45.0 millimetre
https://m.media-amazon.com/images/I/51pwwt+Zq4L.jpg,131797,width,1.188 inch
https://m.media-amazon.com/images/I/516d3qC4BmL.jpg,131797,width,4.6 centimetre
https://m.media-amazon.com/images/I/61FYGC+nYUL.jpg,131797,width,10.0 inch
https://m.media-amazon.com/images/I/516FANO9KAL.jpg,131797,width,0.79 inch
https://m.media-amazon.com/images/I/617WWSHga7L.jpg,131797,width,3.0 centimetre
https://m.media-amazon.com/images/I/51929jaxRML.jpg,131797,width,3.5 centimetre
https://m.media-amazon.com/images/I/51I4VzPOXaL.jpg,131797,width,49.0 millimetre
https://m.media-amazon.com/images/I/41HIBVWho8L.jpg,131797,width,23.5 millimetre
https://m.media-amazon.com/images/I/61BMF9XlexL.jpg,131797,width,1.3 inch
https://m.media-amazon.com/images/I/51nYuPRpgdL.jpg,131797,width,100.0 millimetre
https://m.media-amazon.com/images/I/51XJoGi3N3L.jpg,131797,width,2.0 inch
https://m.media-amazon.com/images/I/51--rFHZVhL.jpg,131797,width,5.0 centimetre
https://m.media-amazon.com/images/I/5131gtarenL.jpg,131797,width,31.6 millimetre
https://m.media-amazon.com/images/I/518mahyYmSL.jpg,131797,width,25.0 millimetre
https://m.media-amazon.com/images/I/61CCInnFxWL.jpg,131797,width,3.2 centimetre
https://m.media-amazon.com/images/I/61Fe9bDJ0FL.jpg,131797,width,3.5 centimetre
https://m.media-amazon.com/images/I/51N4AJb-WFL.jpg,131797,width,1.6 inch
https://m.media-amazon.com/images/I/51N4AJb-WFL.jpg,131797,depth,9.1 inch
https://m.media-amazon.com/images/I/51WvZ1srpFL.jpg,131797,width,5.0 centimetre
https://m.media-amazon.com/images/I/51fFNaFKH+L.jpg,131797,width,27.0 millimetre
https://m.media-amazon.com/images/I/613Lx-XNmUL.jpg,131797,width,2.0 inch
https://m.media-amazon.com/images/I/41pTlwzUkEL.jpg,131797,width,3.5 centimetre
https://m.media-amazon.com/images/I/51wJmxJqUNL.jpg,131797,width,60.0 millimetre
https://m.media-amazon.com/images/I/51j7qEaHnZL.jpg,131797,width,4.5 centimetre
https://m.media-amazon.com/images/I/61++wYsUgmL.jpg,131797,width,40.0 millimetre
https://m.media-amazon.com/images/I/51NelaqGdXL.jpg,131797,width,5.0 centimetre
https://m.media-amazon.com/images/I/51mLcm2lZqL.jpg,131797,width,4.8 centimetre
https://m.media-amazon.com/images/I/51mVeBM9r5L.jpg,131797,width,5.0 centimetre
https://m.media-amazon.com/images/I/61CVJi6Z1RL.jpg,131797,width,55.0 millimetre
https://m.media-amazon.com/images/I/51wXUytFj1L.jpg,131797,width,4.9 centimetre
https://m.media-amazon.com/images/I/61+tGAnywkL.jpg,131797,width,8.0 inch
https://m.media-amazon.com/images/I/61-8i+Rq1-L.jpg,131797,width,1.37 inch
https://m.media-amazon.com/images/I/51hBzLspOgL.jpg,131797,width,50.0 millimetre
https://m.media-amazon.com/images/I/51EWsAVbPLL.jpg,131797,width,0.8 inch
https://m.media-amazon.com/images/I/51IAbg9dZTL.jpg,131797,width,4.0 centimetre
https://m.media-amazon.com/images/I/51IAbg9dZTL.jpg,131797,depth,16.5 centimetre
https://m.media-amazon.com/images/I/51BZef-iKbL.jpg,131797,width,4.5 centimetre
https://m.media-amazon.com/images/I/51BZef-iKbL.jpg,131797,height,2.0 centimetre
https://m.media-amazon.com/images/I/61E-aev6cbL.jpg,131797,width,2.0 inch
https://m.media-amazon.com/images/I/51dmtaUQbsL.jpg,131797,width,1.0 inch
https://m.media-amazon.com/images/I/51K2K+F+aML.jpg,131797,width,1.75 inch
https://m.media-amazon.com/images/I/51-cVmI03aL.jpg,131797,width,4.0 centimetre
https://m.media-amazon.com/images/I/6137+Pptw7L.jpg,131797,width,1.8 inch
https://m.media-amazon.com/images/I/5160caZf+IL.jpg,131797,width,4.5 centimetre
https://m.media-amazon.com/images/I/61-IwRqCqsL.jpg,131797,depth,13.5 centimetre
https://m.media-amazon.com/images/I/519xoVkB8ML.jpg,131797,depth,11.61 inch
https://m.media-amazon.com/images/I/51yXXlxJJyL.jpg,131797,depth,17.5 centimetre
https://m.media-amazon.com/images/I/41xF-Ns8DEL.jpg,131797,depth,2.4 inch
https://m.media-amazon.com/images/I/51UIt+CbuKL.jpg,131797,depth,11.0 centimetre
https://m.media-amazon.com/images/I/61+XLjq6-LL.jpg,131797,depth,6.3 inch
https://m.media-amazon.com/images/I/615YUPwgffL.jpg,131797,depth,4.0 inch
https://m.media-amazon.com/images/I/51Mld1F0j-L.jpg,131797,depth,32.0 millimetre
https://m.media-amazon.com/images/I/51y4dn6vx9S.jpg,131797,depth,16.0 centimetre
https://m.media-amazon.com/images/I/611yZeQUBVL.jpg,131797,depth,60.0 millimetre
https://m.media-amazon.com/images/I/511E9fFgkzL.jpg,131797,depth,75.3 millimetre
https://m.media-amazon.com/images/I/51VGWq6pVQL.jpg,131797,depth,7.0 inch
https://m.media-amazon.com/images/I/616k2cfSVSL.jpg,131797,depth,6.0 inch
https://m.media-amazon.com/images/I/614B9vXIM8L.jpg,131797,depth,5.5 inch
https://m.media-amazon.com/images/I/519GsSDDQ-L.jpg,131797,depth,54.0 millimetre
https://m.media-amazon.com/images/I/510HieWlmqL.jpg,131797,depth,144.3 millimetre
https://m.media-amazon.com/images/I/51Y+rMN5LiL.jpg,131797,depth,2.28 inch
https://m.media-amazon.com/images/I/51MuZH5q32L.jpg,131797,depth,100.0 millimetre
https://m.media-amazon.com/images/I/613NWqG7poL.jpg,131797,depth,10.3 centimetre
https://m.media-amazon.com/images/I/61GE80ApIFL.jpg,131797,depth,4.0 inch
https://m.media-amazon.com/images/I/51-Q4b0SpzL.jpg,131797,depth,5.51 inch
https://m.media-amazon.com/images/I/51C2Vld3o+L.jpg,131797,depth,16.0 centimetre
https://m.media-amazon.com/images/I/51pYsEZ3fDL.jpg,131797,depth,203.0 millimetre
https://m.media-amazon.com/images/I/61EW78GNrvL.jpg,131797,depth,8.0 inch
https://m.media-amazon.com/images/I/61AP9SS7W7L.jpg,131797,depth,6.0 inch
https://m.media-amazon.com/images/I/617rEP8qSdL.jpg,131797,depth,19.5 centimetre
https://m.media-amazon.com/images/I/510cf2+g7hL.jpg,131797,depth,17.0 centimetre
https://m.media-amazon.com/images/I/61F6wOViXmS.jpg,131797,depth,6.0 inch
https://m.media-amazon.com/images/I/613MSFTKooL.jpg,131797,depth,4.6 inch
https://m.media-amazon.com/images/I/51OsPrP+I4L.jpg,131797,depth,1.38 inch
https://m.media-amazon.com/images/I/51OXlQDrZgL.jpg,131797,depth,6.0 inch
https://m.media-amazon.com/images/I/61Cy9WT32qL.jpg,131797,depth,6.33 inch
https://m.media-amazon.com/images/I/51M3TKm5BrL.jpg,131797,depth,135.0 millimetre
https://m.media-amazon.com/images/I/51n6glEVNLL.jpg,131797,depth,60.0 millimetre
https://m.media-amazon.com/images/I/616WgimWIFL.jpg,131797,depth,12.0 inch
https://m.media-amazon.com/images/I/616VlL3lUEL.jpg,131797,depth,14.0 centimetre
https://m.media-amazon.com/images/I/613SFLiWx3L.jpg,131797,depth,8.0 inch
https://m.media-amazon.com/images/I/513kj3kOxNL.jpg,131797,depth,21.5 centimetre
https://m.media-amazon.com/images/I/51hdkT+x1JS.jpg,131797,depth,5.0 inch
https://m.media-amazon.com/images/I/61CmSRyZBBL.jpg,131797,depth,2.95 inch
https://m.media-amazon.com/images/I/51lugZeAiAS.jpg,131797,depth,9.05 inch
https://m.media-amazon.com/images/I/51MTFLI79tL.jpg,131797,depth,18.0 centimetre
https://m.media-amazon.com/images/I/61Ar2at7ckL.jpg,131797,depth,144.0 millimetre
https://m.media-amazon.com/images/I/41I1wNkhqXL.jpg,131797,depth,6.3 inch
https://m.media-amazon.com/images/I/51D0XuJR+oL.jpg,131797,depth,10.0 inch
https://m.media-amazon.com/images/I/519T78Wdz5L.jpg,131797,depth,4.0 inch
https://m.media-amazon.com/images/I/51GFkO9nMDL.jpg,131797,depth,100.0 millimetre
https://m.media-amazon.com/images/I/514Ab1wLYYL.jpg,131797,depth,163.0 millimetre
https://m.media-amazon.com/images/I/41A+-LPyAbL.jpg,131797,depth,2.5 inch
https://m.media-amazon.com/images/I/617xhQ0y5OL.jpg,131797,depth,6.22 inch
https://m.media-amazon.com/images/I/51dJxJZqGFL.jpg,131797,depth,150.0 millimetre
https://m.media-amazon.com/images/I/51qWPwTZkSL.jpg,131797,depth,4.72 inch
https://m.media-amazon.com/images/I/61CWayNMuqL.jpg,131797,depth,5.5 inch
https://m.media-amazon.com/images/I/51mVfsfCexL.jpg,131797,depth,5.0 inch
https://m.media-amazon.com/images/I/51psBxus2ZL.jpg,131797,depth,170.0 millimetre
https://m.media-amazon.com/images/I/61AVKMM1yaL.jpg,131797,depth,6.2 inch
https://m.media-amazon.com/images/I/51bkvTQVodS.jpg,131797,depth,11.0 inch
https://m.media-amazon.com/images/I/61FVHd5qrML.jpg,131797,depth,17.6 centimetre
https://m.media-amazon.com/images/I/61FVHd5qrML.jpg,131797,height,0.9 inch
https://m.media-amazon.com/images/I/51wMRES-IdL.jpg,131797,depth,15.6 centimetre
https://m.media-amazon.com/images/I/51daTOjMNSL.jpg,131797,depth,150.0 millimetre
https://m.media-amazon.com/images/I/51uH3XdZFUL.jpg,131797,depth,20.0 centimetre
https://m.media-amazon.com/images/I/51SdX7lnnEL.jpg,131797,depth,185.0 millimetre
https://m.media-amazon.com/images/I/6119+C2HWfL.jpg,131797,depth,23.0 centimetre
https://m.media-amazon.com/images/I/51oSQrNyg5L.jpg,131797,depth,214.0 millimetre
https://m.media-amazon.com/images/I/51QUBcGf0iL.jpg,131797,depth,2.08 inch
https://m.media-amazon.com/images/I/61EeBxc0SdL.jpg,131797,depth,6.0 inch
https://m.media-amazon.com/images/I/618JdWAE0PL.jpg,131797,depth,10.5 centimetre
https://m.media-amazon.com/images/I/51u9pGHhxjL.jpg,131797,depth,11.61 inch
https://m.media-amazon.com/images/I/613t7xyBEvL.jpg,131797,depth,4.57 inch
https://m.media-amazon.com/images/I/51TrYG52qTL.jpg,131797,depth,17.5 centimetre
https://m.media-amazon.com/images/I/61+c-70wgrL.jpg,131797,depth,10.0 inch
https://m.media-amazon.com/images/I/613NnmTqD1L.jpg,131797,depth,7.9 inch
https://m.media-amazon.com/images/I/51SJKp1wzeL.jpg,131797,depth,5.5 inch
https://m.media-amazon.com/images/I/51Y9+xmI5wL.jpg,131797,depth,19.0 centimetre
https://m.media-amazon.com/images/I/41pAx-62NjL.jpg,131797,depth,19.0 centimetre
https://m.media-amazon.com/images/I/51HehoPW24L.jpg,131797,depth,22.0 centimetre
https://m.media-amazon.com/images/I/51ii5I4ffHL.jpg,131797,depth,163.0 millimetre
https://m.media-amazon.com/images/I/51IuK+HR15L.jpg,131797,depth,14.3 centimetre
https://m.media-amazon.com/images/I/6188ZRwx5lL.jpg,131797,depth,8.5 centimetre
https://m.media-amazon.com/images/I/51hBsF2sWeL.jpg,131797,depth,8.2 centimetre
https://m.media-amazon.com/images/I/51OuyI1duzS.jpg,131797,depth,5.0 inch
https://m.media-amazon.com/images/I/41pRGqqRnZL.jpg,131797,depth,4.0 inch
https://m.media-amazon.com/images/I/51jlufWZ2YL.jpg,131797,depth,230.0 millimetre
https://m.media-amazon.com/images/I/51jlufWZ2YL.jpg,131797,height,15.0 millimetre
https://m.media-amazon.com/images/I/6141+Ir56AL.jpg,131797,depth,10.11 centimetre
https://m.media-amazon.com/images/I/519XojvlSjL.jpg,131797,depth,6.0 centimetre
https://m.media-amazon.com/images/I/519XojvlSjL.jpg,131797,height,2.4 centimetre
https://m.media-amazon.com/images/I/615qVhmKGmL.jpg,131797,depth,6.0 inch
https://m.media-amazon.com/images/I/615qVhmKGmL.jpg,131797,height,1.8 centimetre
https://m.media-amazon.com/images/I/5161YfNC65L.jpg,131797,depth,3.0 inch
https://m.media-amazon.com/images/I/51L56R9AmdL.jpg,131797,depth,6.6 centimetre
https://m.media-amazon.com/images/I/51QRV7YIppS.jpg,131797,depth,12.7 centimetre
https://m.media-amazon.com/images/I/610fUBwcR2L.jpg,131797,depth,5.12 inch
https://m.media-amazon.com/images/I/51joZ6GjkgL.jpg,131797,depth,30.0 millimetre
https://m.media-amazon.com/images/I/5130emgULGL.jpg,131797,depth,135.0 millimetre
https://m.media-amazon.com/images/I/61E0QCDLFEL.jpg,131797,depth,5.5 inch
https://m.media-amazon.com/images/I/61Dvt8sEPzL.jpg,131797,depth,10.5 centimetre
https://m.media-amazon.com/images/I/612p927VICL.jpg,131797,depth,17.0 centimetre
https://m.media-amazon.com/images/I/41Yimr3ff9L.jpg,131797,depth,7.5 centimetre
https://m.media-amazon.com/images/I/618u4vBsLPL.jpg,131797,depth,5.3 inch
https://m.media-amazon.com/images/I/51SrBUsErbL.jpg,131797,depth,6.6 centimetre
https://m.media-amazon.com/images/I/61AMXmIVsgL.jpg,131797,depth,5.2 inch
https://m.media-amazon.com/images/I/51aiGdQbvkL.jpg,131797,depth,8.07 inch
https://m.media-amazon.com/images/I/51Bev8C9EhS.jpg,131797,depth,17.0 centimetre
https://m.media-amazon.com/images/I/51Bev8C9EhS.jpg,131797,height,2.0 centimetre
https://m.media-amazon.com/images/I/51VJ6lLXkuL.jpg,131797,depth,6.0 inch
https://m.media-amazon.com/images/I/51pVMrItSpL.jpg,131797,depth,161.0 millimetre
https://m.media-amazon.com/images/I/51d+deU8GLL.jpg,131797,depth,8.9 inch
https://m.media-amazon.com/images/I/51aff99p2nL.jpg,131797,depth,17.0 centimetre
https://m.media-amazon.com/images/I/614W7ZOxFzL.jpg,131797,depth,6.0 inch
https://m.media-amazon.com/images/I/61DQvzSYaYL.jpg,131797,depth,6.0 inch
https://m.media-amazon.com/images/I/61FQFnCUMDL.jpg,131797,depth,6.7 centimetre
https://m.media-amazon.com/images/I/51+i6v1ODZL.jpg,131797,depth,3.0 inch
https://m.media-amazon.com/images/I/4146Zl9CrcL.jpg,131797,depth,142.0 millimetre
https://m.media-amazon.com/images/I/617G+qmDGZL.jpg,131797,depth,5.0 inch
https://m.media-amazon.com/images/I/51HamZemvgL.jpg,131797,depth,22.7 centimetre
https://m.media-amazon.com/images/I/51RGPcmjSbS.jpg,131797,depth,58.0 millimetre
https://m.media-amazon.com/images/I/6132oC3eF8L.jpg,131797,depth,6.41 inch
https://m.media-amazon.com/images/I/51lkNhds4YL.jpg,131797,depth,68.0 millimetre
https://m.media-amazon.com/images/I/51IHdxONvWL.jpg,131797,depth,16.0 centimetre
https://m.media-amazon.com/images/I/514etv+7D2L.jpg,131797,depth,20.0 centimetre
https://m.media-amazon.com/images/I/51ZWYaL8fcL.jpg,131797,depth,8.7 inch
https://m.media-amazon.com/images/I/51WXyQX0zSL.jpg,131797,depth,15.0 centimetre
https://m.media-amazon.com/images/I/51o0Uh+OCNL.jpg,131797,depth,6.0 inch
https://m.media-amazon.com/images/I/41gOYBlMLQL.jpg,131797,depth,6.8 centimetre
https://m.media-amazon.com/images/I/51JShkVoXbL.jpg,131797,depth,22.0 centimetre
https://m.media-amazon.com/images/I/41zHrGbVoBL.jpg,131797,depth,35.0 millimetre
https://m.media-amazon.com/images/I/51neiRHvhXL.jpg,131797,depth,5.8 centimetre
https://m.media-amazon.com/images/I/512fhmqzh7L.jpg,131797,depth,19.3 centimetre
https://m.media-amazon.com/images/I/610rSDjaXmL.jpg,131797,depth,6.8 centimetre
https://m.media-amazon.com/images/I/51-JEEgGgKL.jpg,131797,depth,20.0 centimetre
https://m.media-amazon.com/images/I/41rJNo-wDFL.jpg,131797,depth,4.0 centimetre
https://m.media-amazon.com/images/I/51WoQzpfcgL.jpg,131797,depth,5.0 centimetre
https://m.media-amazon.com/images/I/51lMSoOxi0L.jpg,131797,depth,81.0 millimetre
https://m.media-amazon.com/images/I/61APRPtDdEL.jpg,131797,depth,14.0 centimetre
https://m.media-amazon.com/images/I/612EPwxLrcL.jpg,131797,depth,22.4 centimetre
https://m.media-amazon.com/images/I/61BsBAR4lYL.jpg,131797,depth,3.34 inch
https://m.media-amazon.com/images/I/518nnIdgK9L.jpg,131797,depth,157.0 millimetre
https://m.media-amazon.com/images/I/616xqRkuf2L.jpg,131797,depth,12.0 metre
https://m.media-amazon.com/images/I/6173AOGAteL.jpg,131797,depth,12.0 inch
https://m.media-amazon.com/images/I/51A4IjxERIL.jpg,131797,depth,8.0 inch
https://m.media-amazon.com/images/I/51NwQzThRcL.jpg,131797,depth,5.3 centimetre
https://m.media-amazon.com/images/I/51OGp1aVALL.jpg,131797,depth,6.0 inch
https://m.media-amazon.com/images/I/41iKFG6FHML.jpg,131797,depth,14.0 centimetre
https://m.media-amazon.com/images/I/51yZTu-JOtL.jpg,131797,depth,6.0 inch
https://m.media-amazon.com/images/I/41ZUU0vNR4L.jpg,131797,depth,4.0 inch
https://m.media-amazon.com/images/I/61Da474KZiL.jpg,131797,depth,7.0 inch
https://m.media-amazon.com/images/I/51PuOPtKA+L.jpg,131797,depth,6.0 inch
https://m.media-amazon.com/images/I/51nOm00Lo+L.jpg,131797,depth,6.0 inch
https://m.media-amazon.com/images/I/61E7nS1HjCL.jpg,131797,depth,8.0 inch
https://m.media-amazon.com/images/I/51Xxci1wlEL.jpg,131797,depth,5.0 inch
https://m.media-amazon.com/images/I/513tMubhKZL.jpg,131797,depth,1.3 inch
https://m.media-amazon.com/images/I/51+UcBZvU1L.jpg,131797,depth,10.0 centimetre
https://m.media-amazon.com/images/I/6143AISlO0L.jpg,131797,depth,4.52 inch
https://m.media-amazon.com/images/I/51-PYiVoxmL.jpg,131797,depth,7.0 inch
https://m.media-amazon.com/images/I/513Ot+bEX+L.jpg,131797,depth,95.0 millimetre
https://m.media-amazon.com/images/I/61CtJFWxN-L.jpg,131797,depth,0.44 inch
https://m.media-amazon.com/images/I/51iPVWUTKyL.jpg,131797,depth,4.0 inch
https://m.media-amazon.com/images/I/51MsHU3NtuL.jpg,131797,depth,68.0 millimetre
https://m.media-amazon.com/images/I/51bLOcZF5vL.jpg,131797,depth,135.0 millimetre
https://m.media-amazon.com/images/I/6150kRbablL.jpg,131797,depth,6.5 centimetre
https://m.media-amazon.com/images/I/51bq5hu-JJL.jpg,131797,depth,10.0 inch
https://m.media-amazon.com/images/I/51b640GTqvL.jpg,131797,depth,6.1 centimetre
https://m.media-amazon.com/images/I/51XvY8H82GL.jpg,131797,depth,125.0 millimetre
https://m.media-amazon.com/images/I/61-ZZyixgiL.jpg,131797,depth,2.0 inch
https://m.media-amazon.com/images/I/51nmYsqDEML.jpg,131797,depth,14.0 centimetre
https://m.media-amazon.com/images/I/51E8-j6+7JL.jpg,131797,depth,22.7 centimetre
https://m.media-amazon.com/images/I/51hOxuPpThL.jpg,131797,depth,3.54 inch
https://m.media-amazon.com/images/I/51gC7FjgZhL.jpg,131797,depth,17.3 centimetre
https://m.media-amazon.com/images/I/611TxX2htAL.jpg,131797,depth,9.0 inch
https://m.media-amazon.com/images/I/61+yTlbHrzL.jpg,131797,depth,70.5 millimetre
https://m.media-amazon.com/images/I/51wtbx5RDQL.jpg,131797,height,25.0 millimetre
https://m.media-amazon.com/images/I/5150ZoFdUFL.jpg,131797,height,1.0 inch
https://m.media-amazon.com/images/I/51X097g6aNL.jpg,131797,height,5.7 centimetre
https://m.media-amazon.com/images/I/51nzNk2n9HL.jpg,131797,height,19.0 millimetre
https://m.media-amazon.com/images/I/61DFM6F7OhL.jpg,131797,height,0.8 inch
https://m.media-amazon.com/images/I/61DUQBRqX2L.jpg,131797,height,2.41 centimetre
https://m.media-amazon.com/images/I/51+FDMl4QvL.jpg,131797,height,2.0 centimetre
https://m.media-amazon.com/images/I/617Gk12VlQL.jpg,131797,height,2.0 centimetre
https://m.media-amazon.com/images/I/51Pcjt8fK7L.jpg,131797,height,0.59 inch
https://m.media-amazon.com/images/I/51vB1fjDXfL.jpg,131797,height,0.79 inch
https://m.media-amazon.com/images/I/61BlYmIFVYL.jpg,131797,height,0.8 inch
https://m.media-amazon.com/images/I/51V1kW0HANL.jpg,131797,height,2.3 centimetre
https://m.media-amazon.com/images/I/41-gNF83JvL.jpg,131797,height,46.0 millimetre
https://m.media-amazon.com/images/I/51+gSQl-DsL.jpg,131797,height,0.71 inch
https://m.media-amazon.com/images/I/614eFs7lCWL.jpg,131797,height,0.6 inch
https://m.media-amazon.com/images/I/612geIzUZ7L.jpg,131797,height,0.79 inch
https://m.media-amazon.com/images/I/51ZvIRKMY1S.jpg,131797,height,0.59 inch
https://m.media-amazon.com/images/I/615GuhfZjjL.jpg,131797,height,1.0 inch
https://m.media-amazon.com/images/I/51R-T-OiAmL.jpg,131797,height,0.8 inch
https://m.media-amazon.com/images/I/51O9k4DM0VL.jpg,131797,height,2.0 centimetre
https://m.media-amazon.com/images/I/51ZIEdL+n2L.jpg,131797,height,3.0 centimetre
https://m.media-amazon.com/images/I/61CUYyZcmuL.jpg,131797,height,1.4 centimetre
https://m.media-amazon.com/images/I/51vXTKU1Y1L.jpg,131797,height,0.67 inch
https://m.media-amazon.com/images/I/617HvR5fELL.jpg,131797,height,3.15 inch
https://m.media-amazon.com/images/I/610V6oTC3FL.jpg,131797,height,8.0 metre
https://m.media-amazon.com/images/I/51ps-bwC8+L.jpg,131797,height,0.7 inch
https://m.media-amazon.com/images/I/51bcNSygjTS.jpg,131797,height,0.6 inch
https://m.media-amazon.com/images/I/51hHSH5HkZL.jpg,131797,height,2.5 centimetre
https://m.media-amazon.com/images/I/51XI4fjsZRL.jpg,131797,height,1.2 inch
https://m.media-amazon.com/images/I/51KPS5ioylL.jpg,131797,height,2.2 centimetre
https://m.media-amazon.com/images/I/515Q4uTwk4L.jpg,131797,height,0.62 inch
https://m.media-amazon.com/images/I/612i6dQ2INL.jpg,131797,height,2.0 centimetre
https://m.media-amazon.com/images/I/51XcCIpp69L.jpg,131797,height,0.7 inch
https://m.media-amazon.com/images/I/612RPnKZgLL.jpg,131797,height,1.5 centimetre
https://m.media-amazon.com/images/I/615+NN4u2SL.jpg,131797,height,1.1 inch
https://m.media-amazon.com/images/I/51s+fZ4tZ6L.jpg,131797,height,16.0 millimetre
https://m.media-amazon.com/images/I/51m02DHloaL.jpg,131797,height,1.9 inch
https://m.media-amazon.com/images/I/61075unkp3L.jpg,131797,height,2.4 centimetre
https://m.media-amazon.com/images/I/51FzM1pIb0L.jpg,131797,height,30.0 millimetre
https://m.media-amazon.com/images/I/615BvC6pkyL.jpg,131797,height,10.0 metre
https://m.media-amazon.com/images/I/51YaeXFfB2L.jpg,131797,height,2.0 centimetre
https://m.media-amazon.com/images/I/618dgmzQc4L.jpg,131797,height,5.0 centimetre
https://m.media-amazon.com/images/I/51IPE3e47VL.jpg,131797,height,1.0 inch
https://m.media-amazon.com/images/I/6153NZS6EgL.jpg,131797,height,0.9 inch
https://m.media-amazon.com/images/I/616xyWSmCIL.jpg,131797,height,0.9 inch
https://m.media-amazon.com/images/I/618RKnxeriL.jpg,131797,height,1.8 centimetre
https://m.media-amazon.com/images/I/618qVY2HsuL.jpg,131797,height,8.0 metre
https://m.media-amazon.com/images/I/51liNzxVDNL.jpg,131797,height,2.0 centimetre
https://m.media-amazon.com/images/I/51eDiDMiKAL.jpg,131797,height,0.5833333333333334 inch
https://m.media-amazon.com/images/I/51fbRSLw2CL.jpg,131797,height,50.0 millimetre
https://m.media-amazon.com/images/I/51QscOwP8RL.jpg,131797,height,22.0 millimetre
https://m.media-amazon.com/images/I/61E9GWKdaOL.jpg,131797,height,50.0 millimetre
https://m.media-amazon.com/images/I/61-UpeQhX2L.jpg,131797,height,0.7 inch
https://m.media-amazon.com/images/I/51ZCE-3xYkL.jpg,131797,height,2.0 centimetre
https://m.media-amazon.com/images/I/419EBctrirL.jpg,131797,height,1.0 centimetre
https://m.media-amazon.com/images/I/516NQsY4lJL.jpg,131797,height,1.7 centimetre
