image_link,group_id,entity_name,entity_value
https://m.media-amazon.com/images/I/61277yQSWhL.jpg,574059,width,11.7 inch
https://m.media-amazon.com/images/I/51HmWue3N8L.jpg,574059,width,7.0 centimetre
https://m.media-amazon.com/images/I/51lp5tZb5wL.jpg,574059,width,22.0 millimetre
https://m.media-amazon.com/images/I/51lp5tZb5wL.jpg,574059,depth,310.0 millimetre
https://m.media-amazon.com/images/I/41LwK5irGBL.jpg,574059,width,32.0 centimetre
https://m.media-amazon.com/images/I/61AMCzrSZmL.jpg,574059,width,9.4 centimetre
https://m.media-amazon.com/images/I/613h+QAIqjL.jpg,574059,width,9.0 centimetre
https://m.media-amazon.com/images/I/51aTQJvBLOL.jpg,574059,width,32.0 millimetre
https://m.media-amazon.com/images/I/411cW1uuQgL.jpg,574059,width,130.0 millimetre
https://m.media-amazon.com/images/I/51XtyBzUjWL.jpg,574059,width,1.0 inch
https://m.media-amazon.com/images/I/610EAKkWv-L.jpg,574059,width,17.0 centimetre
https://m.media-amazon.com/images/I/51VBw2QuPmL.jpg,574059,width,11.0 centimetre
https://m.media-amazon.com/images/I/618AZpBmFEL.jpg,574059,width,0.2 metre
https://m.media-amazon.com/images/I/412-jcgEv0L.jpg,574059,width,13.0 centimetre
https://m.media-amazon.com/images/I/610q6V0WaRL.jpg,574059,width,9.5 inch
https://m.media-amazon.com/images/I/51-assdhbtL.jpg,574059,width,4.0 centimetre
https://m.media-amazon.com/images/I/6163qU68Q2L.jpg,574059,width,2.5 centimetre
https://m.media-amazon.com/images/I/6163qU68Q2L.jpg,574059,depth,31.0 centimetre
https://m.media-amazon.com/images/I/51O7VvzXDNL.jpg,574059,width,4.0 inch
https://m.media-amazon.com/images/I/61GHyGbuY+L.jpg,574059,width,238.0 millimetre
https://m.media-amazon.com/images/I/51nksCdQYzL.jpg,574059,width,23.5 centimetre
https://m.media-amazon.com/images/I/61-T0lRAMIL.jpg,574059,width,1.4 inch
https://m.media-amazon.com/images/I/5146OUNldlL.jpg,574059,width,1.8 inch
https://m.media-amazon.com/images/I/51RmXY1y7eL.jpg,574059,width,8.2 inch
https://m.media-amazon.com/images/I/51AEnx75o6L.jpg,574059,width,23.5 centimetre
https://m.media-amazon.com/images/I/51FhvH7-diL.jpg,574059,width,1.9 centimetre
https://m.media-amazon.com/images/I/610vkgYmLrL.jpg,574059,width,28.0 millimetre
https://m.media-amazon.com/images/I/615ogC05VvS.jpg,574059,width,1.57 inch
https://m.media-amazon.com/images/I/5193ubB0t8L.jpg,574059,width,25.0 centimetre
https://m.media-amazon.com/images/I/5193ubB0t8L.jpg,574059,depth,35.7 centimetre
https://m.media-amazon.com/images/I/61Dh0JIKhzL.jpg,574059,width,220.0 millimetre
https://m.media-amazon.com/images/I/61FHzY6yxBL.jpg,574059,width,2.0 inch
https://m.media-amazon.com/images/I/51G+tq8BoOL.jpg,574059,width,11.69 inch
https://m.media-amazon.com/images/I/41cJuD8aeZL.jpg,574059,width,16.8 centimetre
https://m.media-amazon.com/images/I/51550YT9SsL.jpg,574059,width,2.0 inch
https://m.media-amazon.com/images/I/418wQRv97KL.jpg,574059,width,4.0 millimetre
https://m.media-amazon.com/images/I/51apwuEKNxL.jpg,574059,width,4.75 inch
https://m.media-amazon.com/images/I/61DPSy+mkVL.jpg,574059,width,26.0 centimetre
https://m.media-amazon.com/images/I/51AFuc1v++L.jpg,574059,width,8.89 inch
https://m.media-amazon.com/images/I/41HjMfifrbL.jpg,574059,width,17.0 centimetre
https://m.media-amazon.com/images/I/61ABhNTwwIL.jpg,574059,width,4.0 inch
https://m.media-amazon.com/images/I/61ABhNTwwIL.jpg,574059,depth,9.5 inch
https://m.media-amazon.com/images/I/41BrDEP1WjL.jpg,574059,width,1.0 inch
https://m.media-amazon.com/images/I/51-OCLH9QQL.jpg,574059,width,1.2 inch
https://m.media-amazon.com/images/I/41KDxAfBKEL.jpg,574059,width,4.0 millimetre
https://m.media-amazon.com/images/I/51xeZIMUMzL.jpg,574059,width,2.0 inch
https://m.media-amazon.com/images/I/41J657blDjL.jpg,574059,width,14.0 inch
https://m.media-amazon.com/images/I/51EoX-gJKVL.jpg,574059,width,1.9 centimetre
https://m.media-amazon.com/images/I/51TwFEd01BL.jpg,574059,width,5.0 centimetre
https://m.media-amazon.com/images/I/61+MJntMnML.jpg,574059,width,3.3 centimetre
https://m.media-amazon.com/images/I/617+p5lKhYL.jpg,574059,width,3.0 inch
https://m.media-amazon.com/images/I/51wSjo5-fIL.jpg,574059,width,1.2 inch
https://m.media-amazon.com/images/I/51uYiWRAARL.jpg,574059,width,10.0 centimetre
https://m.media-amazon.com/images/I/618KqhPMxkL.jpg,574059,width,9.8 inch
https://m.media-amazon.com/images/I/51lgfWYRjSL.jpg,574059,width,5.2 centimetre
https://m.media-amazon.com/images/I/51S0RRRAd6L.jpg,574059,width,12.1 centimetre
https://m.media-amazon.com/images/I/51AT7EplqEL.jpg,574059,width,24.0 centimetre
https://m.media-amazon.com/images/I/51t5Mv3SI6L.jpg,574059,width,6.5 centimetre
https://m.media-amazon.com/images/I/51ZsdOA8g0L.jpg,574059,width,9.0 centimetre
https://m.media-amazon.com/images/I/51C2R9RhWdL.jpg,574059,width,4.0 inch
https://m.media-amazon.com/images/I/61+dokeyEXL.jpg,574059,width,5.0 centimetre
https://m.media-amazon.com/images/I/51tTA4if1wL.jpg,574059,width,5.0 centimetre
https://m.media-amazon.com/images/I/51uX0YF-CaL.jpg,574059,width,0.8 inch
https://m.media-amazon.com/images/I/51qBzBNsD5S.jpg,574059,width,17.0 millimetre
https://m.media-amazon.com/images/I/6171p8CjPtL.jpg,574059,width,4.0 millimetre
https://m.media-amazon.com/images/I/515RHtDTaqL.jpg,574059,width,33.2 centimetre
https://m.media-amazon.com/images/I/617EBAzIYaL.jpg,574059,width,1.77 inch
https://m.media-amazon.com/images/I/51HDDaeTctL.jpg,574059,width,9.0 centimetre
https://m.media-amazon.com/images/I/61-8n745j8L.jpg,574059,width,2.0 centimetre
https://m.media-amazon.com/images/I/51zd4sRMwkL.jpg,574059,width,14.0 inch
https://m.media-amazon.com/images/I/51zd4sRMwkL.jpg,574059,depth,15.0 inch
https://m.media-amazon.com/images/I/61+w1othJ2L.jpg,574059,width,5.5 centimetre
https://m.media-amazon.com/images/I/612SHEl-OtL.jpg,574059,width,3.0 centimetre
https://m.media-amazon.com/images/I/61FVAXKlHPL.jpg,574059,width,3.0 centimetre
https://m.media-amazon.com/images/I/51C-VIcBb9L.jpg,574059,width,29.5 centimetre
https://m.media-amazon.com/images/I/61+DQf6hw8L.jpg,574059,width,5.0 centimetre
https://m.media-amazon.com/images/I/51FIlHdBKCL.jpg,574059,width,50.0 millimetre
https://m.media-amazon.com/images/I/617KTAYMO-L.jpg,574059,width,2.87 inch
https://m.media-amazon.com/images/I/615PI-rhITL.jpg,574059,width,23.5 centimetre
https://m.media-amazon.com/images/I/51aXOxJ3iRL.jpg,574059,width,5.0 centimetre
https://m.media-amazon.com/images/I/61-w5HNuJDL.jpg,574059,width,1.5 inch
https://m.media-amazon.com/images/I/61-L6gWYhwL.jpg,574059,width,1.0 inch
https://m.media-amazon.com/images/I/51JOjSNP3FL.jpg,574059,width,0.5 inch
https://m.media-amazon.com/images/I/512QOJCobbL.jpg,574059,width,3.5 centimetre
https://m.media-amazon.com/images/I/61Blw9tEDmL.jpg,574059,width,2.0 inch
https://m.media-amazon.com/images/I/51Yd5SZXuBL.jpg,574059,width,1.18 inch
https://m.media-amazon.com/images/I/51K7elKTPTL.jpg,574059,width,7.2 inch
https://m.media-amazon.com/images/I/618+AqRNzpL.jpg,574059,width,11.5 inch
https://m.media-amazon.com/images/I/51GlOm1lv7S.jpg,574059,width,0.74 inch
https://m.media-amazon.com/images/I/51TZbiJ1s2L.jpg,574059,width,0.7 inch
https://m.media-amazon.com/images/I/61CxhegPiHL.jpg,574059,width,1.0 centimetre
https://m.media-amazon.com/images/I/610Azis6SoL.jpg,574059,width,22.0 centimetre
https://m.media-amazon.com/images/I/61+SxKG7v0L.jpg,574059,width,24.5 centimetre
https://m.media-amazon.com/images/I/61+SxKG7v0L.jpg,574059,depth,31.5 centimetre
https://m.media-amazon.com/images/I/51W1b6OCb4L.jpg,574059,width,2.0 inch
https://m.media-amazon.com/images/I/51W1b6OCb4L.jpg,574059,depth,13.0 inch
https://m.media-amazon.com/images/I/619XKwvDoxL.jpg,574059,width,1.5 inch
https://m.media-amazon.com/images/I/41qM+FPlpUL.jpg,574059,width,2.2 centimetre
https://m.media-amazon.com/images/I/51sLEbfW5yL.jpg,574059,width,6.35 centimetre
https://m.media-amazon.com/images/I/51LahPNBwoL.jpg,574059,width,9.1 centimetre
https://m.media-amazon.com/images/I/41lEVEFRv6L.jpg,574059,width,9.3 inch
https://m.media-amazon.com/images/I/41lEVEFRv6L.jpg,574059,depth,29.9 centimetre
https://m.media-amazon.com/images/I/612koLX0PmL.jpg,574059,width,1.38 inch
https://m.media-amazon.com/images/I/51tuWhWUjnL.jpg,574059,width,12.0 centimetre
https://m.media-amazon.com/images/I/51RZh6NniDS.jpg,574059,width,31.0 centimetre
https://m.media-amazon.com/images/I/51RZh6NniDS.jpg,574059,depth,47.0 centimetre
https://m.media-amazon.com/images/I/51AMzWzL-zL.jpg,574059,width,0.74 inch
https://m.media-amazon.com/images/I/41NgKiu7EbL.jpg,574059,width,11.0 inch
https://m.media-amazon.com/images/I/41PLfP9EK0L.jpg,574059,width,0.8 inch
https://m.media-amazon.com/images/I/61D3fth2uiL.jpg,574059,width,7.48 inch
https://m.media-amazon.com/images/I/615FBXP2XPL.jpg,574059,width,34.0 millimetre
https://m.media-amazon.com/images/I/51uNbagwsQL.jpg,574059,width,9.65 inch
https://m.media-amazon.com/images/I/61Dgz7rbc8L.jpg,574059,width,0.9 inch
https://m.media-amazon.com/images/I/51gfK-QnLPL.jpg,574059,width,2.54 centimetre
https://m.media-amazon.com/images/I/61AMRzaM4lL.jpg,574059,width,9.0 centimetre
https://m.media-amazon.com/images/I/610-eF93L6L.jpg,574059,width,0.8 inch
https://m.media-amazon.com/images/I/51eyxquvnYL.jpg,574059,width,1.0 inch
https://m.media-amazon.com/images/I/617VI8mooOL.jpg,574059,width,15.0 millimetre
https://m.media-amazon.com/images/I/617VI8mooOL.jpg,574059,depth,309.0 millimetre
https://m.media-amazon.com/images/I/51UcDSwOnlL.jpg,574059,width,3.0 centimetre
https://m.media-amazon.com/images/I/51N8SX7bVfL.jpg,574059,width,7.0 centimetre
https://m.media-amazon.com/images/I/51N8SX7bVfL.jpg,574059,depth,36.0 centimetre
https://m.media-amazon.com/images/I/618TUNBoq3L.jpg,574059,width,29.4 centimetre
https://m.media-amazon.com/images/I/610RuNBPs6L.jpg,574059,width,33.0 centimetre
https://m.media-amazon.com/images/I/61365CrKNVL.jpg,574059,width,5.0 inch
https://m.media-amazon.com/images/I/61ASLM87iEL.jpg,574059,width,15.0 millimetre
https://m.media-amazon.com/images/I/51lPVXniSpL.jpg,574059,width,3.0 centimetre
https://m.media-amazon.com/images/I/51FML+Cj8LL.jpg,574059,width,11.5 inch
https://m.media-amazon.com/images/I/51Dos9oVZVL.jpg,574059,width,6.5 inch
https://m.media-amazon.com/images/I/61DQ3sazC9L.jpg,574059,width,31.0 centimetre
https://m.media-amazon.com/images/I/41FRe9kKMAL.jpg,574059,width,0.9 inch
https://m.media-amazon.com/images/I/51W0jok-8+L.jpg,574059,width,20.0 millimetre
https://m.media-amazon.com/images/I/51DUNkb-aCL.jpg,574059,width,17.8 centimetre
https://m.media-amazon.com/images/I/619BCXvXdEL.jpg,574059,depth,329.0 millimetre
https://m.media-amazon.com/images/I/61Chs5kZkyL.jpg,574059,depth,14.09 inch
https://m.media-amazon.com/images/I/61AZ4rMr-tL.jpg,574059,depth,7.0 inch
https://m.media-amazon.com/images/I/51Z4yVLMXhL.jpg,574059,depth,12.5 inch
https://m.media-amazon.com/images/I/514lxQu+HEL.jpg,574059,depth,11.0 inch
https://m.media-amazon.com/images/I/61DBbNaiWWL.jpg,574059,depth,18.0 inch
https://m.media-amazon.com/images/I/51aoIpeDH2L.jpg,574059,depth,310.0 millimetre
https://m.media-amazon.com/images/I/614RyOla+JL.jpg,574059,depth,330.0 millimetre
https://m.media-amazon.com/images/I/51OBjLAxIiL.jpg,574059,depth,406.0 millimetre
https://m.media-amazon.com/images/I/51ajm0GWK4L.jpg,574059,depth,15.9 inch
https://m.media-amazon.com/images/I/619Su5OxgnL.jpg,574059,depth,297.0 millimetre
https://m.media-amazon.com/images/I/5119WRl9EmL.jpg,574059,depth,25.0 centimetre
https://m.media-amazon.com/images/I/51bdlfL-MSL.jpg,574059,depth,11.6 inch
https://m.media-amazon.com/images/I/61EpR3TWtdL.jpg,574059,depth,24.0 centimetre
https://m.media-amazon.com/images/I/51wW4woF7oL.jpg,574059,depth,12.9 inch
https://m.media-amazon.com/images/I/610d3KsJtaL.jpg,574059,depth,36.5 centimetre
https://m.media-amazon.com/images/I/51x30pwxxCL.jpg,574059,depth,9.25 inch
https://m.media-amazon.com/images/I/51GWs56Wq2L.jpg,574059,depth,31.5 centimetre
https://m.media-amazon.com/images/I/614uEdkTKKL.jpg,574059,depth,33.0 centimetre
https://m.media-amazon.com/images/I/614sg7b3QNL.jpg,574059,depth,12.0 inch
https://m.media-amazon.com/images/I/61-mt9GotiL.jpg,574059,depth,32.5 centimetre
https://m.media-amazon.com/images/I/61+40BOJSQL.jpg,574059,depth,33.0 centimetre
https://m.media-amazon.com/images/I/611bGKo4O1L.jpg,574059,depth,11.8 inch
https://m.media-amazon.com/images/I/51I89MRSuLL.jpg,574059,depth,12.88 inch
https://m.media-amazon.com/images/I/61BucC5U9tL.jpg,574059,depth,10.6 centimetre
https://m.media-amazon.com/images/I/518aDbLTnzL.jpg,574059,depth,33.3 centimetre
https://m.media-amazon.com/images/I/61BZQXk4ArL.jpg,574059,depth,11.7 inch
https://m.media-amazon.com/images/I/51+VD0amwjL.jpg,574059,depth,32.4 centimetre
https://m.media-amazon.com/images/I/61AlK+IA7AL.jpg,574059,depth,12.2 inch
https://m.media-amazon.com/images/I/6112nmwaQBL.jpg,574059,depth,7.0 inch
https://m.media-amazon.com/images/I/61GBb57Lv0L.jpg,574059,depth,460.0 millimetre
https://m.media-amazon.com/images/I/615ddaYXXfL.jpg,574059,depth,11.0 inch
https://m.media-amazon.com/images/I/617LoWxNcGS.jpg,574059,depth,33.0 centimetre
https://m.media-amazon.com/images/I/617HSXHWdrL.jpg,574059,depth,33.0 centimetre
https://m.media-amazon.com/images/I/61D1ZLmfTrL.jpg,574059,depth,14.6 inch
https://m.media-amazon.com/images/I/618ZR7QeGAL.jpg,574059,depth,33.0 centimetre
https://m.media-amazon.com/images/I/51lKNqYJg5L.jpg,574059,depth,6.0 inch
https://m.media-amazon.com/images/I/6199nCajfvL.jpg,574059,depth,30.0 centimetre
https://m.media-amazon.com/images/I/51wTfVI9WbL.jpg,574059,depth,352.0 millimetre
https://m.media-amazon.com/images/I/410tBI1MQVL.jpg,574059,depth,322.0 millimetre
https://m.media-amazon.com/images/I/51mGcPOMuIL.jpg,574059,depth,20.8 centimetre
https://m.media-amazon.com/images/I/51020OT9cHL.jpg,574059,depth,14.0 inch
https://m.media-amazon.com/images/I/51s8XU60cCL.jpg,574059,depth,34.3 centimetre
https://m.media-amazon.com/images/I/51xKUnMihML.jpg,574059,depth,34.5 inch
https://m.media-amazon.com/images/I/51CPYtmWUBL.jpg,574059,depth,252.0 millimetre
https://m.media-amazon.com/images/I/51qz6k5FnQL.jpg,574059,depth,330.0 millimetre
https://m.media-amazon.com/images/I/61Cg6doCWwL.jpg,574059,depth,11.0 inch
https://m.media-amazon.com/images/I/61FQpPkLs2L.jpg,574059,depth,11.7 inch
https://m.media-amazon.com/images/I/51aWIMKMFcL.jpg,574059,depth,9.45 inch
https://m.media-amazon.com/images/I/41-Jc5xZccL.jpg,574059,depth,10.2 inch
https://m.media-amazon.com/images/I/41UNxvV5qRL.jpg,574059,depth,179.0 millimetre
https://m.media-amazon.com/images/I/61EKJHt5kyL.jpg,574059,depth,32.5 centimetre
https://m.media-amazon.com/images/I/51YBqZuZ5OL.jpg,574059,depth,25.0 inch
https://m.media-amazon.com/images/I/61Dc85QpRPL.jpg,574059,depth,33.0 centimetre
https://m.media-amazon.com/images/I/611Su4omg3L.jpg,574059,depth,33.0 centimetre
https://m.media-amazon.com/images/I/51xNtvOr3HL.jpg,574059,depth,9.44 inch
https://m.media-amazon.com/images/I/51zuRl2hD1L.jpg,574059,depth,240.0 millimetre
https://m.media-amazon.com/images/I/418WJfvlR5L.jpg,574059,depth,237.0 millimetre
https://m.media-amazon.com/images/I/61A3kWn6OHL.jpg,574059,depth,34.3 centimetre
https://m.media-amazon.com/images/I/61DH7RR25rS.jpg,574059,depth,15.9 inch
https://m.media-amazon.com/images/I/613UQEKCI5L.jpg,574059,depth,11.62 inch
https://m.media-amazon.com/images/I/51x1Zc8W4+L.jpg,574059,depth,33.5 centimetre
https://m.media-amazon.com/images/I/513bvAKBYhL.jpg,574059,depth,178.0 millimetre
https://m.media-amazon.com/images/I/51OHhW7eexL.jpg,574059,depth,32.5 centimetre
https://m.media-amazon.com/images/I/41yTq+o9cHL.jpg,574059,depth,31.0 centimetre
https://m.media-amazon.com/images/I/518VAZFyGzL.jpg,574059,depth,11.2 inch
https://m.media-amazon.com/images/I/61DIkLlftOL.jpg,574059,depth,31.4 centimetre
https://m.media-amazon.com/images/I/51QRpeMYAjL.jpg,574059,depth,33.3 centimetre
https://m.media-amazon.com/images/I/61G0zVgEabL.jpg,574059,depth,30.5 centimetre
https://m.media-amazon.com/images/I/61AHywzFfgL.jpg,574059,depth,16.0 centimetre
https://m.media-amazon.com/images/I/51cLreroo+S.jpg,574059,depth,325.0 millimetre
https://m.media-amazon.com/images/I/51ZndAMozwL.jpg,574059,depth,18.5 centimetre
https://m.media-amazon.com/images/I/61+ojIqDWUL.jpg,574059,depth,33.5 centimetre
https://m.media-amazon.com/images/I/51IzGHlEwOL.jpg,574059,depth,23.5 centimetre
https://m.media-amazon.com/images/I/611ku1ovSHL.jpg,574059,depth,50.6 centimetre
https://m.media-amazon.com/images/I/41uVgI0f4oL.jpg,574059,depth,210.0 millimetre
https://m.media-amazon.com/images/I/51KISfgeN-L.jpg,574059,depth,31.0 centimetre
https://m.media-amazon.com/images/I/51FfwT2QAoL.jpg,574059,depth,328.0 millimetre
https://m.media-amazon.com/images/I/617pKBUQ1ZL.jpg,574059,depth,23.0 centimetre
https://m.media-amazon.com/images/I/51OjZJNWSIL.jpg,574059,depth,157.0 millimetre
https://m.media-amazon.com/images/I/51TNJpYynaL.jpg,574059,depth,310.0 millimetre
https://m.media-amazon.com/images/I/41xXfmFtYsL.jpg,574059,depth,170.0 millimetre
https://m.media-amazon.com/images/I/51AhPIXh2iL.jpg,574059,depth,21.0 centimetre
https://m.media-amazon.com/images/I/61FgZkRYiKS.jpg,574059,depth,32.0 inch
https://m.media-amazon.com/images/I/51Mn4jvRRvL.jpg,574059,depth,33.0 centimetre
https://m.media-amazon.com/images/I/61-rTsyVRDL.jpg,574059,depth,17.5 centimetre
https://m.media-amazon.com/images/I/51iXIr44myL.jpg,574059,depth,38.5 centimetre
https://m.media-amazon.com/images/I/51zM3M-witL.jpg,574059,depth,17.5 centimetre
https://m.media-amazon.com/images/I/41QNlUXMGCL.jpg,574059,depth,324.0 millimetre
https://m.media-amazon.com/images/I/612We20RdSL.jpg,574059,depth,23.5 centimetre
https://m.media-amazon.com/images/I/612hh5z6kdL.jpg,574059,depth,310.0 millimetre
https://m.media-amazon.com/images/I/618HILBCKTL.jpg,574059,depth,14.0 inch
https://m.media-amazon.com/images/I/51HAHs3R2lL.jpg,574059,depth,32.5 centimetre
https://m.media-amazon.com/images/I/51MJKFMoThS.jpg,574059,depth,4.0 inch
https://m.media-amazon.com/images/I/61-4x662-vL.jpg,574059,depth,12.6 inch
https://m.media-amazon.com/images/I/51M-mSeJVQL.jpg,574059,depth,313.0 millimetre
https://m.media-amazon.com/images/I/61BtIuJMjKL.jpg,574059,depth,18.0 centimetre
https://m.media-amazon.com/images/I/51tUvcYQh5L.jpg,574059,depth,23.5 centimetre
https://m.media-amazon.com/images/I/51plBTjSLXL.jpg,574059,depth,11.7 inch
https://m.media-amazon.com/images/I/51U9kyrt8-L.jpg,574059,depth,235.0 millimetre
https://m.media-amazon.com/images/I/51lBGt4e9eL.jpg,574059,depth,8.5 inch
https://m.media-amazon.com/images/I/61AWjkv5RLL.jpg,574059,depth,32.0 centimetre
https://m.media-amazon.com/images/I/51tMPvd74DL.jpg,574059,depth,34.8 centimetre
https://m.media-amazon.com/images/I/619g8FX6DWL.jpg,574059,depth,38.5 centimetre
https://m.media-amazon.com/images/I/51EEV3RdArL.jpg,574059,depth,6.9 inch
https://m.media-amazon.com/images/I/51mEdhxQmaL.jpg,574059,depth,28.0 inch
https://m.media-amazon.com/images/I/614ewzDX2sL.jpg,574059,depth,12.0 inch
https://m.media-amazon.com/images/I/611AatXZcSL.jpg,574059,depth,23.0 centimetre
https://m.media-amazon.com/images/I/61-fNHF58DL.jpg,574059,depth,29.5 centimetre
https://m.media-amazon.com/images/I/51QtyvcYB2L.jpg,574059,depth,545.0 millimetre
https://m.media-amazon.com/images/I/51g-WROfJFL.jpg,574059,depth,20.0 inch
https://m.media-amazon.com/images/I/61AC2eDYwUL.jpg,574059,depth,26.0 centimetre
https://m.media-amazon.com/images/I/61CJGSWLZPL.jpg,574059,depth,175.0 millimetre
https://m.media-amazon.com/images/I/61DT3aecjDL.jpg,574059,depth,240.0 millimetre
https://m.media-amazon.com/images/I/51bLsHtMsAL.jpg,574059,depth,13.0 centimetre
https://m.media-amazon.com/images/I/41vY74lu6KL.jpg,574059,depth,16.9 centimetre
https://m.media-amazon.com/images/I/61DtK0IQFmL.jpg,574059,depth,33.0 centimetre
https://m.media-amazon.com/images/I/610QdS7kRoL.jpg,574059,depth,12.7 inch
https://m.media-amazon.com/images/I/41fj7TuUIWL.jpg,574059,depth,12.7 centimetre
https://m.media-amazon.com/images/I/61+qswNUEwL.jpg,574059,depth,32.5 centimetre
https://m.media-amazon.com/images/I/51Be8D9lRqL.jpg,574059,depth,30.0 centimetre
https://m.media-amazon.com/images/I/41aWgKMsZnS.jpg,574059,depth,24.0 centimetre
https://m.media-amazon.com/images/I/61+CddSvfrL.jpg,574059,depth,17.0 centimetre
https://m.media-amazon.com/images/I/61BjYuuXl-L.jpg,574059,depth,305.0 millimetre
https://m.media-amazon.com/images/I/615CtB2JaDL.jpg,574059,depth,14.6 inch
https://m.media-amazon.com/images/I/616vAZ2FM8L.jpg,574059,depth,32.5 centimetre
https://m.media-amazon.com/images/I/61-6K4MdBzL.jpg,574059,depth,30.4 centimetre
https://m.media-amazon.com/images/I/61BTdLHm63L.jpg,574059,depth,29.0 centimetre
https://m.media-amazon.com/images/I/51ehvNdsp9L.jpg,574059,depth,32.5 centimetre
https://m.media-amazon.com/images/I/619xW+nji-L.jpg,574059,depth,13.0 inch
https://m.media-amazon.com/images/I/51JpmzmkDLL.jpg,574059,depth,32.0 centimetre
https://m.media-amazon.com/images/I/41QsAt6t+fL.jpg,574059,depth,19.0 inch
https://m.media-amazon.com/images/I/6114giIGAjL.jpg,574059,depth,308.0 millimetre
https://m.media-amazon.com/images/I/41Fg5zbFmAL.jpg,574059,depth,240.0 millimetre
https://m.media-amazon.com/images/I/61A--9AfMCL.jpg,574059,depth,31.5 centimetre
https://m.media-amazon.com/images/I/51rKqZi2v7L.jpg,574059,depth,17.8 centimetre
https://m.media-amazon.com/images/I/51vYahUK16L.jpg,574059,depth,12.77 inch
https://m.media-amazon.com/images/I/51ifh5D3oDL.jpg,574059,depth,31.0 centimetre
https://m.media-amazon.com/images/I/41CIY-B624L.jpg,574059,depth,13.0 inch
https://m.media-amazon.com/images/I/51F-UC0peZL.jpg,574059,depth,33.0 centimetre
https://m.media-amazon.com/images/I/612sIeYXbUL.jpg,574059,depth,11.75 inch
https://m.media-amazon.com/images/I/51unubvdOSL.jpg,574059,depth,31.5 centimetre
https://m.media-amazon.com/images/I/51b1CiaWaHL.jpg,574059,depth,316.0 millimetre
https://m.media-amazon.com/images/I/51R3p0qoJhL.jpg,574059,depth,10.0 centimetre
https://m.media-amazon.com/images/I/51QqNHVI1DL.jpg,574059,depth,260.0 millimetre
https://m.media-amazon.com/images/I/51nfrreOOJL.jpg,574059,depth,24.5 centimetre
https://m.media-amazon.com/images/I/410i+WSKalL.jpg,574059,depth,245.0 millimetre
https://m.media-amazon.com/images/I/61CrtdfRTcL.jpg,574059,depth,31.0 centimetre
https://m.media-amazon.com/images/I/617sagV74KL.jpg,574059,depth,21.0 centimetre
https://m.media-amazon.com/images/I/618t5oNZRSL.jpg,574059,depth,9.6 inch
https://m.media-amazon.com/images/I/51JnZT3UQDL.jpg,574059,depth,352.0 millimetre
https://m.media-amazon.com/images/I/41VSqczVLPL.jpg,574059,depth,305.0 millimetre
https://m.media-amazon.com/images/I/61Fd5f6b4NL.jpg,574059,depth,12.2 inch
https://m.media-amazon.com/images/I/51WtHAdORGL.jpg,574059,depth,40.5 centimetre
https://m.media-amazon.com/images/I/610GlpMJDgL.jpg,574059,depth,32.0 centimetre
https://m.media-amazon.com/images/I/51CvZCowzLL.jpg,574059,depth,32.5 centimetre
https://m.media-amazon.com/images/I/41j6bPG1wML.jpg,574059,depth,86.0 centimetre
https://m.media-amazon.com/images/I/616imTnrwJL.jpg,574059,depth,178.0 millimetre
https://m.media-amazon.com/images/I/51yJNHuvOzL.jpg,574059,depth,31.5 centimetre
https://m.media-amazon.com/images/I/51S1LR5RPWL.jpg,574059,depth,230.0 millimetre
https://m.media-amazon.com/images/I/51XrCmQb0SL.jpg,574059,depth,35.5 centimetre
https://m.media-amazon.com/images/I/61FdbLtElOL.jpg,574059,depth,1.0 foot
https://m.media-amazon.com/images/I/51rOdairR9S.jpg,574059,depth,310.0 millimetre
https://m.media-amazon.com/images/I/51W06wbYLUL.jpg,574059,depth,315.0 millimetre
https://m.media-amazon.com/images/I/411nNfEvSqS.jpg,574059,depth,12.46 inch
https://m.media-amazon.com/images/I/611rPPijXeL.jpg,574059,depth,11.6 inch
https://m.media-amazon.com/images/I/51VB1yOJTUL.jpg,574059,depth,23.5 centimetre
https://m.media-amazon.com/images/I/51yNfRLHYKL.jpg,574059,depth,25.0 centimetre
https://m.media-amazon.com/images/I/512+AWXSGKL.jpg,574059,depth,28.3 centimetre
https://m.media-amazon.com/images/I/4151cP7vEqL.jpg,574059,depth,330.0 millimetre
https://m.media-amazon.com/images/I/51HKkeHWrIL.jpg,574059,depth,20.0 inch
https://m.media-amazon.com/images/I/41Hpj0x945L.jpg,574059,depth,168.0 millimetre
https://m.media-amazon.com/images/I/51L2j1Vo5WL.jpg,574059,depth,170.0 millimetre
https://m.media-amazon.com/images/I/51QsbCymcWL.jpg,574059,depth,32.5 centimetre
https://m.media-amazon.com/images/I/41kb0i8ZKZL.jpg,574059,depth,10.5 inch
https://m.media-amazon.com/images/I/51Gp2+MJfnL.jpg,574059,depth,15.0 millimetre
https://m.media-amazon.com/images/I/41DLgPlYA0L.jpg,574059,depth,260.0 millimetre
https://m.media-amazon.com/images/I/51hEecRHgMS.jpg,574059,depth,31.5 centimetre
https://m.media-amazon.com/images/I/51E3aMDzxXL.jpg,574059,depth,18.0 centimetre
https://m.media-amazon.com/images/I/51UGMt7L0PL.jpg,574059,depth,32.5 centimetre
https://m.media-amazon.com/images/I/51s5MECUsaL.jpg,574059,depth,11.6 inch
https://m.media-amazon.com/images/I/41b0Uuwk3WL.jpg,574059,depth,18.0 centimetre
https://m.media-amazon.com/images/I/51ymd6xdXNL.jpg,574059,depth,34.5 inch
https://m.media-amazon.com/images/I/41FRc3iTS0L.jpg,574059,depth,50.0 centimetre
https://m.media-amazon.com/images/I/51G-8dns2cL.jpg,574059,depth,1.57 inch
https://m.media-amazon.com/images/I/51YHohhCl1L.jpg,574059,depth,32.5 centimetre
https://m.media-amazon.com/images/I/51vGwrRSPCL.jpg,574059,depth,315.0 millimetre
https://m.media-amazon.com/images/I/61Dau1WvhtL.jpg,574059,depth,29.5 centimetre
https://m.media-amazon.com/images/I/51i7aJSQuHL.jpg,574059,depth,11.0 inch
https://m.media-amazon.com/images/I/61Dk-G1a9NL.jpg,574059,depth,30.5 centimetre
https://m.media-amazon.com/images/I/51NVvGzRKES.jpg,574059,depth,13.0 centimetre
https://m.media-amazon.com/images/I/619P34n7vuL.jpg,574059,depth,34.8 centimetre
https://m.media-amazon.com/images/I/619hdWwNKpL.jpg,574059,depth,330.0 millimetre
https://m.media-amazon.com/images/I/51Th3DW2mIL.jpg,574059,depth,12.5 inch
https://m.media-amazon.com/images/I/61A9XGCOFPL.jpg,574059,depth,29.7 centimetre
https://m.media-amazon.com/images/I/6182jxEqzFL.jpg,574059,depth,86.0 centimetre
https://m.media-amazon.com/images/I/410LqrqcpYS.jpg,574059,depth,132.0 millimetre
https://m.media-amazon.com/images/I/51Xzk9GuLaL.jpg,574059,depth,4.0 inch
https://m.media-amazon.com/images/I/619uyhWXV-L.jpg,574059,depth,12.0 inch
https://m.media-amazon.com/images/I/61F4+kV+yHL.jpg,574059,depth,13.4 inch
https://m.media-amazon.com/images/I/417ybiMeBkL.jpg,574059,depth,330.0 millimetre
https://m.media-amazon.com/images/I/519yEP10PcL.jpg,574059,depth,33.0 centimetre
https://m.media-amazon.com/images/I/61+gfDFdfgL.jpg,574059,depth,240.0 millimetre
https://m.media-amazon.com/images/I/51LwbJnEV3L.jpg,574059,depth,31.5 centimetre
https://m.media-amazon.com/images/I/41xcu-73TWL.jpg,574059,depth,30.8 centimetre
