image_link,group_id,entity_name,entity_value
https://m.media-amazon.com/images/I/61GIsfCf87L.jpg,687759,width,340.0 millimetre
https://m.media-amazon.com/images/I/612gGMjK+uL.jpg,687759,width,21.25 inch
https://m.media-amazon.com/images/I/51Dwg6NMrsL.jpg,687759,width,440.0 millimetre
https://m.media-amazon.com/images/I/51TK2RtpuVL.jpg,687759,width,34.0 centimetre
https://m.media-amazon.com/images/I/41hj4aYub+L.jpg,687759,width,10.0 inch
https://m.media-amazon.com/images/I/61Ae-HCsscL.jpg,687759,width,36.0 centimetre
https://m.media-amazon.com/images/I/51rmmKG6xlL.jpg,687759,width,39.0 centimetre
https://m.media-amazon.com/images/I/51yazsa27OL.jpg,687759,width,395.0 millimetre
https://m.media-amazon.com/images/I/51mCUpU1OTL.jpg,687759,width,51.0 centimetre
https://m.media-amazon.com/images/I/61-OMdMH9SL.jpg,687759,width,14.0 inch
https://m.media-amazon.com/images/I/51wcHgkbl6L.jpg,687759,width,15.63 inch
https://m.media-amazon.com/images/I/517KJF97qqL.jpg,687759,width,437.0 millimetre
https://m.media-amazon.com/images/I/616QKFNVMeL.jpg,687759,width,17.31 inch
https://m.media-amazon.com/images/I/615CizBJgfL.jpg,687759,width,15.3 inch
https://m.media-amazon.com/images/I/51oEKIhTXZL.jpg,687759,width,38.0 centimetre
https://m.media-amazon.com/images/I/51W3qGL8YeL.jpg,687759,width,28.0 centimetre
https://m.media-amazon.com/images/I/51TnU6x9wrL.jpg,687759,width,250.0 millimetre
https://m.media-amazon.com/images/I/51y8xeqKZrL.jpg,687759,width,250.0 millimetre
https://m.media-amazon.com/images/I/51y8xeqKZrL.jpg,687759,height,250.0 millimetre
https://m.media-amazon.com/images/I/51imSOMgHKL.jpg,687759,width,18.75 inch
https://m.media-amazon.com/images/I/61ACMtuMQbS.jpg,687759,width,36.0 centimetre
https://m.media-amazon.com/images/I/617gvoI53JL.jpg,687759,width,12.0 inch
https://m.media-amazon.com/images/I/513u2q33N+L.jpg,687759,width,15.55 inch
https://m.media-amazon.com/images/I/41QcYZbYv8L.jpg,687759,width,300.0 millimetre
https://m.media-amazon.com/images/I/41QcYZbYv8L.jpg,687759,height,300.0 millimetre
https://m.media-amazon.com/images/I/51hF-MCa2xL.jpg,687759,width,42.5 centimetre
https://m.media-amazon.com/images/I/519UjuD4zjL.jpg,687759,width,47.0 centimetre
https://m.media-amazon.com/images/I/519UjuD4zjL.jpg,687759,height,44.95 centimetre
https://m.media-amazon.com/images/I/61D1kr0nJOL.jpg,687759,width,10.2 inch
https://m.media-amazon.com/images/I/613cbIy2p+L.jpg,687759,height,19.25 inch
https://m.media-amazon.com/images/I/61Cun-ULdkL.jpg,687759,height,47.0 centimetre
https://m.media-amazon.com/images/I/51jkrQXR+CL.jpg,687759,height,16.5 inch
https://m.media-amazon.com/images/I/51Sd8WKdvqL.jpg,687759,height,19.29 inch
https://m.media-amazon.com/images/I/51CPIL0cE4L.jpg,687759,height,825.0 millimetre
https://m.media-amazon.com/images/I/610fLDS23VL.jpg,687759,height,25.5 centimetre
https://m.media-amazon.com/images/I/51cT-2WoXOL.jpg,687759,height,34.0 centimetre
https://m.media-amazon.com/images/I/6109Hd+5qxL.jpg,687759,height,20.0 inch
https://m.media-amazon.com/images/I/61612vEmtaL.jpg,687759,height,800.0 millimetre
https://m.media-amazon.com/images/I/61+OkJc5HYS.jpg,687759,height,20.5 inch
https://m.media-amazon.com/images/I/61+A39sNXpL.jpg,687759,height,26.0 inch
https://m.media-amazon.com/images/I/4164uQb3aVL.jpg,687759,height,290.0 millimetre
https://m.media-amazon.com/images/I/6167HwzboLL.jpg,687759,height,78.0 centimetre
https://m.media-amazon.com/images/I/614YH0PI+oL.jpg,687759,height,22.0 centimetre
https://m.media-amazon.com/images/I/6132D1rJBlL.jpg,687759,height,17.7 inch
https://m.media-amazon.com/images/I/616lQGXjX7L.jpg,687759,height,16.5 inch
https://m.media-amazon.com/images/I/51my+3ifReL.jpg,687759,height,13.0 inch
https://m.media-amazon.com/images/I/51Y2BThbT5L.jpg,687759,height,74.64 centimetre
https://m.media-amazon.com/images/I/6151yUXtwtL.jpg,687759,height,25.0 inch
https://m.media-amazon.com/images/I/51hXNdKDZaL.jpg,687759,height,41.0 centimetre
https://m.media-amazon.com/images/I/51WfJ8G-jJL.jpg,687759,height,41.5 centimetre
https://m.media-amazon.com/images/I/614WT0K3J1L.jpg,687759,height,40.0 centimetre
https://m.media-amazon.com/images/I/51bi4FEY8lL.jpg,687759,height,27.0 centimetre
https://m.media-amazon.com/images/I/618sa+5pjSL.jpg,687759,height,746.0 millimetre
https://m.media-amazon.com/images/I/51Wiws2RZ+S.jpg,687759,height,41.5 centimetre
https://m.media-amazon.com/images/I/51+fBuhUwCL.jpg,687759,height,26.0 centimetre
https://m.media-amazon.com/images/I/51LIP-LRVsL.jpg,687759,height,765.0 millimetre
https://m.media-amazon.com/images/I/61FDvpprmpL.jpg,687759,height,16.12 inch
https://m.media-amazon.com/images/I/51cO1LvIzsL.jpg,687759,height,764.0 millimetre
https://m.media-amazon.com/images/I/510Ac-vHKyL.jpg,687759,height,14.0 centimetre
https://m.media-amazon.com/images/I/416mng066DL.jpg,687759,height,350.0 millimetre
https://m.media-amazon.com/images/I/611JknggR4L.jpg,687759,height,31.12 inch
https://m.media-amazon.com/images/I/618hLgOCFOL.jpg,687759,height,14.0 inch
https://m.media-amazon.com/images/I/515xOF1S74L.jpg,687759,height,28.0 centimetre
https://m.media-amazon.com/images/I/61BKWHrhEKL.jpg,687759,height,32.7 inch
