image_link,group_id,entity_name,entity_value
https://m.media-amazon.com/images/I/618rmLM9fkL.jpg,440010,width,38.0 centimetre
https://m.media-amazon.com/images/I/519G5TIe+ZL.jpg,440010,width,160.0 millimetre
https://m.media-amazon.com/images/I/51cOyo1uRML.jpg,440010,width,10.8 inch
https://m.media-amazon.com/images/I/51tRZA2NkjL.jpg,440010,width,27.4 centimetre
https://m.media-amazon.com/images/I/61-7g++ebLL.jpg,440010,height,51.0 centimetre
https://m.media-amazon.com/images/I/51ZyjAKlfFS.jpg,440010,height,5.75 inch
