image_link,group_id,entity_name,entity_value
https://m.media-amazon.com/images/I/61BoteGIB0S.jpg,476311,width,130.0 millimetre
https://m.media-amazon.com/images/I/51drtBBg1rL.jpg,476311,width,70.0 millimetre
https://m.media-amazon.com/images/I/51JRovRTVCL.jpg,476311,width,21.0 millimetre
https://m.media-amazon.com/images/I/618ZDCKg9QL.jpg,476311,width,4.33 inch
https://m.media-amazon.com/images/I/61-5sGLJU+L.jpg,476311,width,1.0 inch
https://m.media-amazon.com/images/I/41OCEdF58zL.jpg,476311,width,55.0 millimetre
https://m.media-amazon.com/images/I/61-c0AcB07L.jpg,476311,width,18.0 centimetre
https://m.media-amazon.com/images/I/51bhHYmczhL.jpg,476311,width,80.0 millimetre
https://m.media-amazon.com/images/I/51sbHyxKJmL.jpg,476311,width,1.18 inch
https://m.media-amazon.com/images/I/51sbHyxKJmL.jpg,476311,height,2.95 inch
https://m.media-amazon.com/images/I/617RMqw3dOL.jpg,476311,width,1.66 inch
https://m.media-amazon.com/images/I/51YWE5l1RZL.jpg,476311,width,130.0 millimetre
https://m.media-amazon.com/images/I/51GcEeSG0DL.jpg,476311,width,52.0 millimetre
https://m.media-amazon.com/images/I/61953IS+hJL.jpg,476311,width,33.0 millimetre
https://m.media-amazon.com/images/I/41u-bdpC8rL.jpg,476311,width,37.8 millimetre
https://m.media-amazon.com/images/I/61-nwGop4CL.jpg,476311,width,1.0 inch
https://m.media-amazon.com/images/I/51qoiU2DJFL.jpg,476311,width,7.3 centimetre
https://m.media-amazon.com/images/I/619vQ4yCzdL.jpg,476311,width,122.7 millimetre
https://m.media-amazon.com/images/I/613YC9gVnsL.jpg,476311,width,4.1 inch
https://m.media-amazon.com/images/I/51RJYIbAonL.jpg,476311,width,192.2 millimetre
https://m.media-amazon.com/images/I/51b6-WBrFyL.jpg,476311,width,1.96 inch
https://m.media-amazon.com/images/I/41ZRBzmuXbL.jpg,476311,width,6.0 centimetre
https://m.media-amazon.com/images/I/51Xf+HdhJyL.jpg,476311,width,4.8 centimetre
https://m.media-amazon.com/images/I/615UICAii5L.jpg,476311,height,3.0 inch
https://m.media-amazon.com/images/I/61B6UPzyViL.jpg,476311,height,67.0 millimetre
https://m.media-amazon.com/images/I/51hKtt2NyTL.jpg,476311,height,67.0 millimetre
https://m.media-amazon.com/images/I/610TKRgazrL.jpg,476311,height,155.0 millimetre
https://m.media-amazon.com/images/I/51bvYv48pSL.jpg,476311,height,1.62 inch
https://m.media-amazon.com/images/I/41AHaW0XhkL.jpg,476311,height,11.6 centimetre
https://m.media-amazon.com/images/I/51Nr68DCyHL.jpg,476311,height,299.7 millimetre
https://m.media-amazon.com/images/I/41dXBQ7lNxL.jpg,476311,height,70.0 millimetre
https://m.media-amazon.com/images/I/51V+3HIxlcL.jpg,476311,height,12.5 centimetre
https://m.media-amazon.com/images/I/51Qjcw+idoL.jpg,476311,height,155.0 millimetre
https://m.media-amazon.com/images/I/610ULAoYd2S.jpg,476311,height,36.8 millimetre
https://m.media-amazon.com/images/I/618cB0gOPEL.jpg,476311,height,9.0 centimetre
https://m.media-amazon.com/images/I/519Lc7F1pwL.jpg,476311,height,88.0 millimetre
https://m.media-amazon.com/images/I/51HNREYC7eL.jpg,476311,height,11.6 centimetre
https://m.media-amazon.com/images/I/51MdntIQxRL.jpg,476311,height,67.0 millimetre
https://m.media-amazon.com/images/I/51hQytFUDpL.jpg,476311,height,1.0 inch
