image_link,group_id,entity_name,entity_value
https://m.media-amazon.com/images/I/81GfAC59d9L.jpg,387046,item_weight,7.9 kilogram
https://m.media-amazon.com/images/I/71X5Ji689XL.jpg,387046,item_weight,76.0 pound
https://m.media-amazon.com/images/I/71cRBIQqbgL.jpg,387046,item_weight,27.0 pound
https://m.media-amazon.com/images/I/712RlEtbAmL.jpg,387046,item_weight,80.0 pound
https://m.media-amazon.com/images/I/91DulZSnZ+L.jpg,387046,item_weight,15.0 kilogram
https://m.media-amazon.com/images/I/71x0T+eT-6L.jpg,387046,item_weight,130.0 pound
https://m.media-amazon.com/images/I/81qwkQyK-PL.jpg,387046,item_weight,150.0 pound
https://m.media-amazon.com/images/I/61dba58PRSL.jpg,387046,item_weight,220.0 pound
https://m.media-amazon.com/images/I/71i6Nn9WcUL.jpg,387046,item_weight,1.25 kilogram
https://m.media-amazon.com/images/I/81LmRitw8XL.jpg,387046,item_weight,50.0 pound
https://m.media-amazon.com/images/I/81Y18AG+ZIL.jpg,387046,item_weight,22.0 pound
https://m.media-amazon.com/images/I/71HiFZQhZcL.jpg,387046,item_weight,38.0 pound
https://m.media-amazon.com/images/I/81iyOrBAHQL.jpg,387046,item_weight,150.0 pound
https://m.media-amazon.com/images/I/81We862xIrL.jpg,387046,item_weight,6.3 kilogram
https://m.media-amazon.com/images/I/61sCoJunbwL.jpg,387046,item_weight,45.0 pound
https://m.media-amazon.com/images/I/711Ti9BSEHL.jpg,387046,item_weight,72.0 pound
https://m.media-amazon.com/images/I/81+iLQGwJpL.jpg,387046,item_weight,150.0 pound
https://m.media-amazon.com/images/I/71aNKTTl38L.jpg,387046,item_weight,200.0 pound
https://m.media-amazon.com/images/I/612h9SnYcZL.jpg,387046,item_weight,300.0 pound
https://m.media-amazon.com/images/I/71I7wF7H3RL.jpg,387046,item_weight,150.0 pound
https://m.media-amazon.com/images/I/71jFGTuZQTL.jpg,387046,item_weight,300.0 pound
https://m.media-amazon.com/images/I/91G4yLFna-L.jpg,387046,item_weight,360.0 gram
https://m.media-amazon.com/images/I/41LU-dulY3L.jpg,387046,item_weight,4.0 pound
https://m.media-amazon.com/images/I/71cHeaUHVhL.jpg,387046,item_weight,2.2 pound
https://m.media-amazon.com/images/I/71VbAQHhyKL.jpg,387046,item_weight,42.0 kilogram
https://m.media-amazon.com/images/I/71UxaV4cJzL.jpg,387046,item_weight,800.0 gram
https://m.media-amazon.com/images/I/716JcbgHxxL.jpg,387046,item_weight,11.18 kilogram
https://m.media-amazon.com/images/I/71n9V3H7flL.jpg,387046,item_weight,130.0 pound
https://m.media-amazon.com/images/I/81JPreHTTbL.jpg,387046,item_weight,110.0 pound
https://m.media-amazon.com/images/I/71-Q9GdJOmL.jpg,387046,item_weight,3.8 kilogram
https://m.media-amazon.com/images/I/71azzmWAETL.jpg,387046,item_weight,23.5 pound
https://m.media-amazon.com/images/I/81M0NwUkgML.jpg,387046,item_weight,1.25 kilogram
https://m.media-amazon.com/images/I/71hEtJbOy8L.jpg,387046,item_weight,50.0 kilogram
https://m.media-amazon.com/images/I/81QsIeAGwKL.jpg,387046,item_weight,300.0 pound
https://m.media-amazon.com/images/I/81imurPrOdL.jpg,387046,item_weight,5.3 kilogram
https://m.media-amazon.com/images/I/71ILsXE4GXL.jpg,387046,item_weight,200.0 pound
https://m.media-amazon.com/images/I/61DADDpLdyL.jpg,387046,item_weight,300.0 pound
https://m.media-amazon.com/images/I/81zNZ88DYHL.jpg,387046,item_weight,1.25 kilogram
https://m.media-amazon.com/images/I/71rjSVyRa4L.jpg,387046,item_weight,110.0 pound
https://m.media-amazon.com/images/I/71zyEsKOvwL.jpg,387046,item_weight,320.0 gram
https://m.media-amazon.com/images/I/81R17t7O6rL.jpg,387046,item_weight,500.0 pound
https://m.media-amazon.com/images/I/71iWYLU5SxL.jpg,387046,item_weight,121.0 pound
https://m.media-amazon.com/images/I/819latZzpGL.jpg,387046,item_weight,15.0 kilogram
https://m.media-amazon.com/images/I/81O7gSVk-QL.jpg,387046,item_weight,12.0 kilogram
https://m.media-amazon.com/images/I/81Bs5njluAL.jpg,387046,item_weight,2.0 pound
https://m.media-amazon.com/images/I/81gyYg9YwCL.jpg,387046,item_weight,34.0 pound
https://m.media-amazon.com/images/I/7132jx51BGL.jpg,387046,item_weight,45.0 gram
https://m.media-amazon.com/images/I/81MHZ-ntm4L.jpg,387046,item_weight,12.0 kilogram
https://m.media-amazon.com/images/I/61rYD9NRXJL.jpg,387046,item_weight,2.0 pound
https://m.media-amazon.com/images/I/81P-woEeyoL.jpg,387046,item_weight,110.0 pound
https://m.media-amazon.com/images/I/71rYBmWXn3L.jpg,387046,item_weight,110.0 pound
https://m.media-amazon.com/images/I/71GDrkLo+iL.jpg,387046,item_weight,250.0 pound
https://m.media-amazon.com/images/I/81tPSBWdDpL.jpg,387046,item_weight,2.5 kilogram
https://m.media-amazon.com/images/I/81t3jxlz0BL.jpg,387046,item_weight,110.0 pound
https://m.media-amazon.com/images/I/51kIZKYfLjL.jpg,387046,item_weight,300.0 pound
https://m.media-amazon.com/images/I/81hBmvIXwAL.jpg,387046,item_weight,"[25.0, 40.0] pound"
https://m.media-amazon.com/images/I/71mAno+2mXL.jpg,387046,item_weight,300.0 pound
https://m.media-amazon.com/images/I/51YiRDknItL.jpg,387046,width,47.0 centimetre
https://m.media-amazon.com/images/I/61AYaQXUYAL.jpg,387046,width,2.0 metre
https://m.media-amazon.com/images/I/61AYaQXUYAL.jpg,387046,height,6.3 foot
https://m.media-amazon.com/images/I/51jhzH+-b2L.jpg,387046,width,30.0 centimetre
https://m.media-amazon.com/images/I/51jhzH+-b2L.jpg,387046,height,11.81 inch
https://m.media-amazon.com/images/I/51vRVGzF6FL.jpg,387046,width,11.8 inch
https://m.media-amazon.com/images/I/614SbZn-MGL.jpg,387046,width,66.0 centimetre
https://m.media-amazon.com/images/I/611RP19w5lL.jpg,387046,width,60.0 centimetre
https://m.media-amazon.com/images/I/616xbnr1NEL.jpg,387046,width,23.0 inch
https://m.media-amazon.com/images/I/515QQzczYgL.jpg,387046,width,25.0 inch
https://m.media-amazon.com/images/I/515QQzczYgL.jpg,387046,height,47.0 inch
https://m.media-amazon.com/images/I/61C4+aoCRjL.jpg,387046,width,53.0 centimetre
https://m.media-amazon.com/images/I/61AwGQTZNbL.jpg,387046,width,22.8 inch
https://m.media-amazon.com/images/I/619XXMQ1KvL.jpg,387046,depth,30.0 inch
https://m.media-amazon.com/images/I/51StJf0XyvL.jpg,387046,depth,49.0 inch
https://m.media-amazon.com/images/I/61Bcmq2YUwL.jpg,387046,width,38.0 centimetre
https://m.media-amazon.com/images/I/61Bcmq2YUwL.jpg,387046,height,51.0 centimetre
https://m.media-amazon.com/images/I/51sJeHw5moL.jpg,387046,width,25.0 centimetre
https://m.media-amazon.com/images/I/510FEqgRmEL.jpg,387046,width,17.7 inch
https://m.media-amazon.com/images/I/61-kLp3hauL.jpg,387046,width,21.0 inch
https://m.media-amazon.com/images/I/51JvwvpFGUL.jpg,387046,width,66.0 centimetre
https://m.media-amazon.com/images/I/418pZ7AfS7L.jpg,387046,width,60.0 centimetre
https://m.media-amazon.com/images/I/418pZ7AfS7L.jpg,387046,depth,400.0 centimetre
https://m.media-amazon.com/images/I/51neXgF+2OL.jpg,387046,width,24.0 centimetre
https://m.media-amazon.com/images/I/51PbHL94Q+L.jpg,387046,width,30.0 centimetre
https://m.media-amazon.com/images/I/617Rg-fQa+L.jpg,387046,width,85.0 centimetre
https://m.media-amazon.com/images/I/41oTAYvadvL.jpg,387046,width,22.0 inch
https://m.media-amazon.com/images/I/519OrBr-ryL.jpg,387046,width,2.0 foot
https://m.media-amazon.com/images/I/519OrBr-ryL.jpg,387046,depth,85.0 centimetre
https://m.media-amazon.com/images/I/6121qw7OZYL.jpg,387046,width,18.0 centimetre
https://m.media-amazon.com/images/I/51eFzztNEEL.jpg,387046,depth,32.0 inch
https://m.media-amazon.com/images/I/51eFzztNEEL.jpg,387046,height,24.0 inch
https://m.media-amazon.com/images/I/51TDdVIxiPL.jpg,387046,depth,12.6 inch
https://m.media-amazon.com/images/I/516Kx9MUglL.jpg,387046,depth,145.0 centimetre
https://m.media-amazon.com/images/I/51tTY+yDmpL.jpg,387046,depth,120.0 centimetre
https://m.media-amazon.com/images/I/61FTUcXz5YL.jpg,387046,depth,46.0 centimetre
https://m.media-amazon.com/images/I/519e-BGZ8tL.jpg,387046,depth,20.0 inch
https://m.media-amazon.com/images/I/61FhJAirULL.jpg,387046,depth,180.0 centimetre
https://m.media-amazon.com/images/I/61DFRjXMS0L.jpg,387046,depth,90.0 centimetre
https://m.media-amazon.com/images/I/61DFRjXMS0L.jpg,387046,height,80.0 centimetre
https://m.media-amazon.com/images/I/614JlyL7n6L.jpg,387046,depth,60.0 centimetre
https://m.media-amazon.com/images/I/615PafKRNwL.jpg,387046,depth,94.0 centimetre
https://m.media-amazon.com/images/I/615PafKRNwL.jpg,387046,height,38.6 inch
https://m.media-amazon.com/images/I/61-Rbl82cQL.jpg,387046,depth,38.58 inch
https://m.media-amazon.com/images/I/61-BP4V0VuL.jpg,387046,depth,60.0 centimetre
https://m.media-amazon.com/images/I/51pVYwPeCIL.jpg,387046,depth,330.0 centimetre
https://m.media-amazon.com/images/I/61BY3TGRDEL.jpg,387046,depth,50.8 inch
https://m.media-amazon.com/images/I/61BY3TGRDEL.jpg,387046,height,103.5 centimetre
https://m.media-amazon.com/images/I/610WeYfH8fL.jpg,387046,depth,24.0 inch
https://m.media-amazon.com/images/I/618VqAOfqtL.jpg,387046,depth,76.0 centimetre
https://m.media-amazon.com/images/I/51nKo40iY3L.jpg,387046,depth,100.0 centimetre
https://m.media-amazon.com/images/I/5127b69IO9L.jpg,387046,depth,17.2 inch
https://m.media-amazon.com/images/I/618xS66Li6L.jpg,387046,depth,55.9 centimetre
https://m.media-amazon.com/images/I/51DMLhEm66L.jpg,387046,depth,61.0 centimetre
https://m.media-amazon.com/images/I/612EexxUQoL.jpg,387046,depth,28.8 centimetre
https://m.media-amazon.com/images/I/61+5nkQ5a5L.jpg,387046,depth,87.0 centimetre
https://m.media-amazon.com/images/I/51Jn6oWx9tS.jpg,387046,depth,30.0 inch
https://m.media-amazon.com/images/I/415u6Kkt8vL.jpg,387046,depth,25.0 centimetre
https://m.media-amazon.com/images/I/612VWqmhsgL.jpg,387046,depth,300.0 centimetre
https://m.media-amazon.com/images/I/61+ySlY1rlL.jpg,387046,depth,48.0 inch
https://m.media-amazon.com/images/I/611RWgXGxvL.jpg,387046,depth,36.0 inch
https://m.media-amazon.com/images/I/611RWgXGxvL.jpg,387046,height,36.0 inch
https://m.media-amazon.com/images/I/613CcD36KKL.jpg,387046,depth,78.0 centimetre
https://m.media-amazon.com/images/I/61D7g4SqKyL.jpg,387046,depth,68.0 centimetre
https://m.media-amazon.com/images/I/51tTFbCZOlL.jpg,387046,depth,40.0 inch
https://m.media-amazon.com/images/I/610dRs0hOTL.jpg,387046,height,730.0 millimetre
https://m.media-amazon.com/images/I/610NZkqaZiL.jpg,387046,height,150.0 centimetre
https://m.media-amazon.com/images/I/31gdtCR9RVS.jpg,387046,height,24.7 inch
https://m.media-amazon.com/images/I/6114HAAimoL.jpg,387046,height,150.0 centimetre
https://m.media-amazon.com/images/I/61-62M6zhHL.jpg,387046,height,69.5 centimetre
https://m.media-amazon.com/images/I/61Fv9J-IllL.jpg,387046,height,96.5 centimetre
https://m.media-amazon.com/images/I/61-WLPFpccL.jpg,387046,height,31.0 centimetre
https://m.media-amazon.com/images/I/613IckBdbkL.jpg,387046,height,194.0 centimetre
https://m.media-amazon.com/images/I/51+A+AngVZS.jpg,387046,height,35.0 centimetre
https://m.media-amazon.com/images/I/617iWzXs9KL.jpg,387046,height,37.0 centimetre
https://m.media-amazon.com/images/I/41VCj18qgML.jpg,387046,height,24.02 inch
https://m.media-amazon.com/images/I/51ZIEVg8OdL.jpg,387046,height,328.0 millimetre
https://m.media-amazon.com/images/I/612bw+OUfVL.jpg,387046,height,23.1 inch
https://m.media-amazon.com/images/I/61A8I+NSkNL.jpg,387046,height,29.0 centimetre
https://m.media-amazon.com/images/I/41VU78cbfbL.jpg,387046,height,20.0 inch
https://m.media-amazon.com/images/I/61DLfBr3F2L.jpg,387046,height,16.9 inch
https://m.media-amazon.com/images/I/51v2KCVENbL.jpg,387046,height,320.0 millimetre
https://m.media-amazon.com/images/I/610emt6vPyL.jpg,387046,height,105.0 centimetre
https://m.media-amazon.com/images/I/61BjK0PjV2L.jpg,387046,height,13.0 centimetre
https://m.media-amazon.com/images/I/51-ACS2PADL.jpg,387046,height,70.0 centimetre
https://m.media-amazon.com/images/I/51x5fFuu2bL.jpg,387046,height,200.0 centimetre
https://m.media-amazon.com/images/I/61-qeLOOUUL.jpg,387046,height,15.8 inch
https://m.media-amazon.com/images/I/61DA6hpC9pL.jpg,387046,height,172.0 centimetre
https://m.media-amazon.com/images/I/51hBZD3fwfL.jpg,387046,height,25.0 centimetre
https://m.media-amazon.com/images/I/61CS5Iw-3oL.jpg,387046,height,116.5 centimetre
https://m.media-amazon.com/images/I/61-u82+ET4L.jpg,387046,height,42.0 centimetre
https://m.media-amazon.com/images/I/613FjSK+3ZL.jpg,387046,height,140.0 centimetre
https://m.media-amazon.com/images/I/51QM6p6g6CL.jpg,387046,height,320.0 millimetre
https://m.media-amazon.com/images/I/51rHz+0MEKL.jpg,387046,height,30.0 centimetre
https://m.media-amazon.com/images/I/61EYa9YVStL.jpg,387046,height,70.0 centimetre
https://m.media-amazon.com/images/I/51BPeIfUB4L.jpg,387046,height,13.0 centimetre
https://m.media-amazon.com/images/I/51qPYCmTjTL.jpg,387046,height,98.0 centimetre
https://m.media-amazon.com/images/I/6133rr1NkrL.jpg,387046,height,670.0 millimetre
https://m.media-amazon.com/images/I/613eFMLuEfL.jpg,387046,height,64.0 centimetre
