image_link,group_id,entity_name,entity_value
https://m.media-amazon.com/images/I/61qOr-yqaVL.jpg,442321,item_weight,198.0 pound
https://m.media-amazon.com/images/I/71J-AA3BW3L.jpg,442321,item_weight,100.0 kilogram
https://m.media-amazon.com/images/I/71c0GP5KuPL.jpg,442321,item_weight,70.0 kilogram
https://m.media-amazon.com/images/I/71FSLU7TEyL.jpg,442321,item_weight,80.0 kilogram
https://m.media-amazon.com/images/I/610bLFQIS3L.jpg,442321,item_weight,15.0 kilogram
https://m.media-amazon.com/images/I/610bLFQIS3L.jpg,442321,height,95.0 centimetre
https://m.media-amazon.com/images/I/515Ye+2zX7L.jpg,442321,item_weight,71.2 pound
https://m.media-amazon.com/images/I/7155YmXbrxL.jpg,442321,item_weight,35.0 kilogram
https://m.media-amazon.com/images/I/714N8ChLW2L.jpg,442321,item_weight,30.8 pound
https://m.media-amazon.com/images/I/51lStBIjePL.jpg,442321,item_weight,60.0 kilogram
https://m.media-amazon.com/images/I/61iWpJCJ2rL.jpg,442321,item_weight,50.0 kilogram
https://m.media-amazon.com/images/I/61vHMEf44oL.jpg,442321,item_weight,15.0 kilogram
https://m.media-amazon.com/images/I/71T5kG6q7zL.jpg,442321,item_weight,110.0 kilogram
https://m.media-amazon.com/images/I/71bZcEHEJoL.jpg,442321,item_weight,176.0 pound
https://m.media-amazon.com/images/I/71LGz0Do9YL.jpg,442321,item_weight,120.0 pound
https://m.media-amazon.com/images/I/51+oYJ-sxLL.jpg,442321,item_weight,40.0 kilogram
https://m.media-amazon.com/images/I/51p1LvtzwCL.jpg,442321,item_weight,88.2 pound
https://m.media-amazon.com/images/I/71lAdbY3aoL.jpg,442321,item_weight,15.0 kilogram
https://m.media-amazon.com/images/I/61Nvr73IVdL.jpg,442321,item_weight,15.0 kilogram
https://m.media-amazon.com/images/I/71M4TvRoQxL.jpg,442321,item_weight,3.0 kilogram
https://m.media-amazon.com/images/I/711HWCaomIL.jpg,442321,item_weight,80.0 kilogram
https://m.media-amazon.com/images/I/61g7n1x3vKL.jpg,442321,item_weight,80.0 kilogram
https://m.media-amazon.com/images/I/61S-dhBndhL.jpg,442321,item_weight,80.0 kilogram
https://m.media-amazon.com/images/I/61YKwT-LYqL.jpg,442321,item_weight,176.0 pound
https://m.media-amazon.com/images/I/71B7rRx0rLL.jpg,442321,item_weight,80.0 kilogram
https://m.media-amazon.com/images/I/51T6r-bWPOL.jpg,442321,item_weight,28.5 kilogram
https://m.media-amazon.com/images/I/51di3vO-gHL.jpg,442321,item_weight,28.5 kilogram
https://m.media-amazon.com/images/I/71G6rH1iyRL.jpg,442321,item_weight,176.0 pound
https://m.media-amazon.com/images/I/81yiaqrczkL.jpg,442321,item_weight,100.0 kilogram
https://m.media-amazon.com/images/I/71enPgwXwdL.jpg,442321,item_weight,120.0 kilogram
https://m.media-amazon.com/images/I/61fOkd2g1iL.jpg,442321,item_weight,60.0 kilogram
https://m.media-amazon.com/images/I/61Mxo9i3yjL.jpg,442321,item_weight,85.0 kilogram
https://m.media-amazon.com/images/I/71TvhAU9+yL.jpg,442321,item_weight,80.0 kilogram
https://m.media-amazon.com/images/I/61d2g-sb2NL.jpg,442321,item_weight,70.0 kilogram
https://m.media-amazon.com/images/I/81J4KAppIfL.jpg,442321,item_weight,10.0 pound
https://m.media-amazon.com/images/I/81g9vgTixRL.jpg,442321,item_weight,80.0 kilogram
https://m.media-amazon.com/images/I/71Mwh2+Sj2L.jpg,442321,item_weight,80.0 kilogram
https://m.media-amazon.com/images/I/71x2aRlrxkL.jpg,442321,item_weight,80.0 kilogram
https://m.media-amazon.com/images/I/81YwEBG9p6L.jpg,442321,item_weight,80.0 kilogram
https://m.media-amazon.com/images/I/61hOQcPJilL.jpg,442321,item_weight,360.0 gram
https://m.media-amazon.com/images/I/61MGQOXn03L.jpg,442321,item_weight,80.0 kilogram
https://m.media-amazon.com/images/I/81zt-IYS7WL.jpg,442321,item_weight,4.0 gram
https://m.media-amazon.com/images/I/61qKKC0JE1L.jpg,442321,item_weight,15.0 kilogram
https://m.media-amazon.com/images/I/61oAYRdVBrL.jpg,442321,item_weight,15.0 kilogram
https://m.media-amazon.com/images/I/71MP+AYiR+L.jpg,442321,item_weight,100.0 kilogram
https://m.media-amazon.com/images/I/71Feb0gM-eL.jpg,442321,item_weight,176.0 pound
https://m.media-amazon.com/images/I/71aWM8AZ1RL.jpg,442321,item_weight,28.5 kilogram
https://m.media-amazon.com/images/I/51yB0eLz55L.jpg,442321,item_weight,62.8 pound
https://m.media-amazon.com/images/I/61UQKPfCc4L.jpg,442321,item_weight,15.0 kilogram
https://m.media-amazon.com/images/I/71uhmSrzuoL.jpg,442321,item_weight,15.5 kilogram
https://m.media-amazon.com/images/I/61HVe2su20L.jpg,442321,item_weight,12.0 kilogram
https://m.media-amazon.com/images/I/719QmHyT61L.jpg,442321,item_weight,40.0 pound
https://m.media-amazon.com/images/I/71CWQgTk7zL.jpg,442321,item_weight,19.2 kilogram
https://m.media-amazon.com/images/I/51cTqbuBgNL.jpg,442321,item_weight,15.0 kilogram
https://m.media-amazon.com/images/I/61qDJgxhAAL.jpg,442321,item_weight,19.2 kilogram
https://m.media-amazon.com/images/I/51v0HG4zL3L.jpg,442321,item_weight,15.0 kilogram
https://m.media-amazon.com/images/I/51xgGnqjLWL.jpg,442321,item_weight,19.2 kilogram
https://m.media-amazon.com/images/I/51zNSCEMFxL.jpg,442321,item_weight,42.3 pound
https://m.media-amazon.com/images/I/91CYmsef+LL.jpg,442321,item_weight,80.0 kilogram
https://m.media-amazon.com/images/I/71T4fUHr5DL.jpg,442321,item_weight,155.0 pound
https://m.media-amazon.com/images/I/61MFTx5lldL.jpg,442321,item_weight,25.0 kilogram
https://m.media-amazon.com/images/I/71AOmqyb6KL.jpg,442321,item_weight,300.0 pound
https://m.media-amazon.com/images/I/61KMjOy8y0L.jpg,442321,item_weight,80.0 kilogram
https://m.media-amazon.com/images/I/710y1rLphhL.jpg,442321,item_weight,2.0 ounce
https://m.media-amazon.com/images/I/812Wh8f-UFL.jpg,442321,item_weight,154.0 pound
https://m.media-amazon.com/images/I/71W3xcU3+uL.jpg,442321,item_weight,154.0 pound
https://m.media-amazon.com/images/I/71Sem2MQ5mL.jpg,442321,item_weight,70.0 kilogram
https://m.media-amazon.com/images/I/71qXjvqi8GL.jpg,442321,item_weight,40.0 kilogram
https://m.media-amazon.com/images/I/51iYFYPnHHL.jpg,442321,item_weight,70.0 kilogram
https://m.media-amazon.com/images/I/81SxiJD837L.jpg,442321,item_weight,100.0 kilogram
https://m.media-amazon.com/images/I/61axPSeAxhL.jpg,442321,item_weight,18.16 kilogram
https://m.media-amazon.com/images/I/51y4Z6FIZTL.jpg,442321,item_weight,40.03 pound
https://m.media-amazon.com/images/I/61v-cBma++L.jpg,442321,item_weight,18.16 kilogram
https://m.media-amazon.com/images/I/81DCVSMY+TL.jpg,442321,item_weight,178.0 pound
https://m.media-amazon.com/images/I/51oj5iLfRGL.jpg,442321,item_weight,46.3 pound
https://m.media-amazon.com/images/I/61dN6N0ZzrL.jpg,442321,item_weight,21.0 kilogram
https://m.media-amazon.com/images/I/61Byz5B752L.jpg,442321,item_weight,15.0 kilogram
https://m.media-amazon.com/images/I/61hHFECsHFL.jpg,442321,item_weight,15.0 kilogram
https://m.media-amazon.com/images/I/51FX2CMRNvL.jpg,442321,item_weight,46.3 pound
https://m.media-amazon.com/images/I/61fip9JCJvL.jpg,442321,item_weight,55.0 kilogram
https://m.media-amazon.com/images/I/61g8BjgSF4L.jpg,442321,item_weight,15.0 kilogram
https://m.media-amazon.com/images/I/71n9M0k7JAL.jpg,442321,item_weight,10.0 kilogram
https://m.media-amazon.com/images/I/71zlgdU16oL.jpg,442321,item_weight,24.0 kilogram
https://m.media-amazon.com/images/I/61rSFoDtcyL.jpg,442321,item_weight,110.2 pound
https://m.media-amazon.com/images/I/71vbCsBtCUL.jpg,442321,item_weight,15.0 kilogram
https://m.media-amazon.com/images/I/81c1XHGZhQL.jpg,442321,item_weight,15.0 kilogram
https://m.media-amazon.com/images/I/81Hs9kLKCSL.jpg,442321,item_weight,10.3 kilogram
https://m.media-amazon.com/images/I/61PWOrUCtCL.jpg,442321,item_weight,44.0 pound
https://m.media-amazon.com/images/I/61EnANAkhFL.jpg,442321,item_weight,70.0 kilogram
https://m.media-amazon.com/images/I/61JgUskrugL.jpg,442321,item_weight,200.0 pound
https://m.media-amazon.com/images/I/71+Iy3Xc09L.jpg,442321,item_weight,120.0 kilogram
https://m.media-amazon.com/images/I/71X3w68HT2L.jpg,442321,item_weight,120.0 kilogram
https://m.media-amazon.com/images/I/51j4L4FHZ6L.jpg,442321,item_weight,100.0 kilogram
https://m.media-amazon.com/images/I/51j4L4FHZ6L.jpg,442321,width,120.0 centimetre
https://m.media-amazon.com/images/I/71OE830ggTL.jpg,442321,item_weight,180.0 gram
https://m.media-amazon.com/images/I/71dfXdOwyOL.jpg,442321,item_weight,220.0 pound
https://m.media-amazon.com/images/I/61J2K5GuMpL.jpg,442321,item_weight,110.0 pound
https://m.media-amazon.com/images/I/71CdwTRTufL.jpg,442321,item_weight,80.0 pound
https://m.media-amazon.com/images/I/61Ic0ufA9FS.jpg,442321,item_weight,80.0 kilogram
https://m.media-amazon.com/images/I/71ta9DChpgL.jpg,442321,item_weight,110.0 kilogram
https://m.media-amazon.com/images/I/71eZJwXdQeL.jpg,442321,item_weight,40.0 pound
https://m.media-amazon.com/images/I/81cN5B-YHGL.jpg,442321,item_weight,80.0 kilogram
https://m.media-amazon.com/images/I/61EiCzPYwyL.jpg,442321,item_weight,66.0 pound
https://m.media-amazon.com/images/I/61EiCzPYwyL.jpg,442321,width,80.0 centimetre
https://m.media-amazon.com/images/I/71aTBuIc-pL.jpg,442321,item_weight,80.0 kilogram
https://m.media-amazon.com/images/I/813k+PYn9kL.jpg,442321,item_weight,220.0 pound
https://m.media-amazon.com/images/I/61SN7lqYgfL.jpg,442321,item_weight,20.0 kilogram
https://m.media-amazon.com/images/I/51eIv7x-mQL.jpg,442321,item_weight,64.2 pound
https://m.media-amazon.com/images/I/71BcpRFWGVL.jpg,442321,item_weight,1.0 ounce
https://m.media-amazon.com/images/I/81XtZrCmykL.jpg,442321,item_weight,54.61 pound
https://m.media-amazon.com/images/I/818+Z4zBgsL.jpg,442321,item_weight,15.0 kilogram
https://m.media-amazon.com/images/I/813n5WUldxL.jpg,442321,item_weight,15.0 kilogram
https://m.media-amazon.com/images/I/812Hbz1IUyL.jpg,442321,item_weight,54.61 pound
https://m.media-amazon.com/images/I/81owOBAeBAL.jpg,442321,item_weight,24.77 kilogram
https://m.media-amazon.com/images/I/616mjV6JS7L.jpg,442321,item_weight,132.0 pound
https://m.media-amazon.com/images/I/619cjeMxoOL.jpg,442321,item_weight,132.0 pound
https://m.media-amazon.com/images/I/71jF9d4AoUL.jpg,442321,item_weight,36.0 kilogram
https://m.media-amazon.com/images/I/71ZhaQrvOUL.jpg,442321,item_weight,80.0 kilogram
https://m.media-amazon.com/images/I/614rN3Ns0cL.jpg,442321,item_weight,300.0 pound
https://m.media-amazon.com/images/I/61ZSgauMRJL.jpg,442321,item_weight,15.0 kilogram
https://m.media-amazon.com/images/I/71ffnv9ts+L.jpg,442321,item_weight,80.0 kilogram
https://m.media-amazon.com/images/I/61DjUkrgf3L.jpg,442321,item_weight,120.0 kilogram
https://m.media-amazon.com/images/I/611p2e1dp2L.jpg,442321,item_weight,120.0 kilogram
https://m.media-amazon.com/images/I/61vPpG3e3qL.jpg,442321,item_weight,20.0 kilogram
https://m.media-amazon.com/images/I/61Pr6VwZXWL.jpg,442321,item_weight,176.0 pound
https://m.media-amazon.com/images/I/61XS4r+2JaL.jpg,442321,item_weight,19.0 pound
https://m.media-amazon.com/images/I/61kHwj5y9VL.jpg,442321,item_weight,70.0 kilogram
https://m.media-amazon.com/images/I/61tTTm4dHEL.jpg,442321,item_weight,2.0 ounce
https://m.media-amazon.com/images/I/71Nco56d3oL.jpg,442321,item_weight,18.0 pound
https://m.media-amazon.com/images/I/6172GSTI9wL.jpg,442321,item_weight,200.0 kilogram
https://m.media-amazon.com/images/I/71HMQZOlr-L.jpg,442321,item_weight,88.0 pound
https://m.media-amazon.com/images/I/51cUXY-rstL.jpg,442321,item_weight,154.0 pound
https://m.media-amazon.com/images/I/81VqXyk3acL.jpg,442321,item_weight,350.0 pound
https://m.media-amazon.com/images/I/81L+86iUW8L.jpg,442321,item_weight,350.0 pound
https://m.media-amazon.com/images/I/81UPfd8n5SL.jpg,442321,item_weight,80.0 kilogram
https://m.media-amazon.com/images/I/610qn6cO89L.jpg,442321,item_weight,70.0 kilogram
https://m.media-amazon.com/images/I/81qxDb1yM7L.jpg,442321,item_weight,10.0 pound
https://m.media-amazon.com/images/I/81gL5KIpWJL.jpg,442321,item_weight,80.0 kilogram
https://m.media-amazon.com/images/I/61OkQeetG8L.jpg,442321,item_weight,66.0 pound
https://m.media-amazon.com/images/I/71MHBMzdq4L.jpg,442321,item_weight,5.0 pound
https://m.media-amazon.com/images/I/61XioN1UK+L.jpg,442321,item_weight,30.0 pound
https://m.media-amazon.com/images/I/91LwIEFvCcL.jpg,442321,item_weight,150.0 kilogram
https://m.media-amazon.com/images/I/51Zt0YYCwDL.jpg,442321,item_weight,70.0 kilogram
https://m.media-amazon.com/images/I/61t38MXZaXL.jpg,442321,item_weight,150.0 kilogram
https://m.media-amazon.com/images/I/81WOc4WT8PL.jpg,442321,item_weight,80.0 kilogram
https://m.media-amazon.com/images/I/71tDE6MFGrL.jpg,442321,item_weight,15.0 kilogram
https://m.media-amazon.com/images/I/71xFFPAYknL.jpg,442321,item_weight,110.0 kilogram
https://m.media-amazon.com/images/I/614QRFDwr9L.jpg,442321,item_weight,176.0 pound
https://m.media-amazon.com/images/I/614QRFDwr9L.jpg,442321,height,27.9 inch
https://m.media-amazon.com/images/I/81y8BzjUU8L.jpg,442321,item_weight,80.0 kilogram
https://m.media-amazon.com/images/I/61mn3YddiJL.jpg,442321,item_weight,120.0 kilogram
https://m.media-amazon.com/images/I/91Rgu5pNZvL.jpg,442321,item_weight,9.5 kilogram
https://m.media-amazon.com/images/I/710rKST0JDL.jpg,442321,item_weight,61.6 pound
https://m.media-amazon.com/images/I/71rWLoNNpfL.jpg,442321,item_weight,80.0 kilogram
https://m.media-amazon.com/images/I/61jgQo0QzWL.jpg,442321,item_weight,27.0 kilogram
https://m.media-amazon.com/images/I/71QL7UNVwQL.jpg,442321,item_weight,20.6 kilogram
https://m.media-amazon.com/images/I/71Uqn2oqnnL.jpg,442321,item_weight,20.6 kilogram
https://m.media-amazon.com/images/I/71hjqRdG65L.jpg,442321,item_weight,15.0 kilogram
https://m.media-amazon.com/images/I/51k7g0Rm09L.jpg,442321,item_weight,201.0 gram
https://m.media-amazon.com/images/I/71xpNnJVhVL.jpg,442321,item_weight,80.0 kilogram
https://m.media-amazon.com/images/I/81W9TdweyQL.jpg,442321,item_weight,80.0 kilogram
https://m.media-amazon.com/images/I/711-aLFxkGL.jpg,442321,item_weight,70.0 kilogram
https://m.media-amazon.com/images/I/61EDrHeJM6L.jpg,442321,item_weight,40.0 kilogram
https://m.media-amazon.com/images/I/71ky0sqacDL.jpg,442321,item_weight,100.0 kilogram
https://m.media-amazon.com/images/I/71QqAT4hh0L.jpg,442321,item_weight,120.0 kilogram
https://m.media-amazon.com/images/I/81qsvy-jgSL.jpg,442321,item_weight,10.0 pound
https://m.media-amazon.com/images/I/81-EdY9tPRL.jpg,442321,item_weight,80.0 kilogram
https://m.media-amazon.com/images/I/71mWd9xzc6L.jpg,442321,item_weight,110.0 pound
https://m.media-amazon.com/images/I/61+1ivOepTL.jpg,442321,item_weight,15.0 kilogram
https://m.media-amazon.com/images/I/814eAu9LYUL.jpg,442321,item_weight,100.0 kilogram
https://m.media-amazon.com/images/I/91zcb25vkXL.jpg,442321,item_weight,40.03 pound
https://m.media-amazon.com/images/I/71SJJ-UmLIL.jpg,442321,item_weight,40.0 kilogram
https://m.media-amazon.com/images/I/71oCuyXKnLL.jpg,442321,item_weight,80.0 pound
https://m.media-amazon.com/images/I/71FPIZ05A3L.jpg,442321,item_weight,50.0 kilogram
https://m.media-amazon.com/images/I/61Y4hlA3cCL.jpg,442321,item_weight,300.0 pound
https://m.media-amazon.com/images/I/615EJ9OiTHL.jpg,442321,item_weight,60.0 kilogram
https://m.media-amazon.com/images/I/71FKwgiQRAL.jpg,442321,item_weight,5.0 kilogram
https://m.media-amazon.com/images/I/71nkO6SV9VL.jpg,442321,item_weight,30.0 kilogram
https://m.media-amazon.com/images/I/71FDeZzewRL.jpg,442321,item_weight,9.5 kilogram
https://m.media-amazon.com/images/I/81P7TSyQcLL.jpg,442321,item_weight,100.0 kilogram
https://m.media-amazon.com/images/I/61p2lulXftL.jpg,442321,item_weight,100.0 kilogram
https://m.media-amazon.com/images/I/81O5-gj4Y-L.jpg,442321,item_weight,35.7 pound
https://m.media-amazon.com/images/I/91N9FHnX7IL.jpg,442321,item_weight,16.2 kilogram
https://m.media-amazon.com/images/I/81X0Ut8EhCL.jpg,442321,item_weight,15.0 kilogram
https://m.media-amazon.com/images/I/810GSrlAoBL.jpg,442321,item_weight,16.2 kilogram
https://m.media-amazon.com/images/I/61ZFn93OxFL.jpg,442321,item_weight,2.0 ounce
https://m.media-amazon.com/images/I/71VGv+jV6dL.jpg,442321,item_weight,1.0 pound
https://m.media-amazon.com/images/I/71-r6I+gfOL.jpg,442321,item_weight,61.6 pound
https://m.media-amazon.com/images/I/61Rv3CRqbfL.jpg,442321,item_weight,80.0 kilogram
https://m.media-amazon.com/images/I/71Ri8xCwoJL.jpg,442321,item_weight,11.0 kilogram
https://m.media-amazon.com/images/I/61xP03c4yOL.jpg,442321,item_weight,180.0 pound
https://m.media-amazon.com/images/I/613qlcG5YHL.jpg,442321,item_weight,30.0 pound
https://m.media-amazon.com/images/I/71xW0FC5vyL.jpg,442321,item_weight,80.0 kilogram
https://m.media-amazon.com/images/I/71axtVeYQXL.jpg,442321,item_weight,100.0 kilogram
https://m.media-amazon.com/images/I/612dmk45FpL.jpg,442321,item_weight,100.0 kilogram
https://m.media-amazon.com/images/I/61iPPxBl2NL.jpg,442321,item_weight,66.0 pound
https://m.media-amazon.com/images/I/611mJFQvBDL.jpg,442321,item_weight,11.0 ounce
https://m.media-amazon.com/images/I/71-WNnJQoeL.jpg,442321,item_weight,70.0 kilogram
https://m.media-amazon.com/images/I/71-F3UKhrmL.jpg,442321,item_weight,110.0 kilogram
https://m.media-amazon.com/images/I/71cGmeNSVzL.jpg,442321,item_weight,400.0 pound
https://m.media-amazon.com/images/I/81-54iEOyML.jpg,442321,item_weight,10.0 pound
https://m.media-amazon.com/images/I/81Sg+w2zniL.jpg,442321,item_weight,80.0 kilogram
https://m.media-amazon.com/images/I/615d6aDRfdL.jpg,442321,item_weight,15.0 kilogram
https://m.media-amazon.com/images/I/61cAPs1OCOL.jpg,442321,item_weight,130.0 pound
https://m.media-amazon.com/images/I/713c3z85twL.jpg,442321,item_weight,11.0 kilogram
https://m.media-amazon.com/images/I/715d8VkXh4L.jpg,442321,item_weight,15.0 kilogram
https://m.media-amazon.com/images/I/61VP+HwqoWL.jpg,442321,item_weight,330.0 pound
https://m.media-amazon.com/images/I/61klLV1sWPL.jpg,442321,item_weight,40.0 pound
https://m.media-amazon.com/images/I/71dybhA-mfL.jpg,442321,item_weight,220.0 pound
https://m.media-amazon.com/images/I/61QQSetgbxL.jpg,442321,item_weight,70.0 kilogram
https://m.media-amazon.com/images/I/811RCvf0ZQS.jpg,442321,item_weight,154.0 pound
https://m.media-amazon.com/images/I/61Y+1WBDy1L.jpg,442321,item_weight,330.0 pound
https://m.media-amazon.com/images/I/61gT74qpnyL.jpg,442321,item_weight,47.3 pound
https://m.media-amazon.com/images/I/71EPNBOgVFL.jpg,442321,item_weight,21.5 kilogram
https://m.media-amazon.com/images/I/6169nNb+jvL.jpg,442321,item_weight,15.0 kilogram
https://m.media-amazon.com/images/I/71iAw-VBx-L.jpg,442321,item_weight,154.0 pound
https://m.media-amazon.com/images/I/51AbgJwB0nL.jpg,442321,item_weight,64.2 pound
https://m.media-amazon.com/images/I/81J8DGnO7EL.jpg,442321,item_weight,10.0 pound
https://m.media-amazon.com/images/I/816q2NsFMxL.jpg,442321,item_weight,80.0 kilogram
https://m.media-amazon.com/images/I/61P2OhUrBFL.jpg,442321,item_weight,50.0 kilogram
https://m.media-amazon.com/images/I/61P-gzi79mL.jpg,442321,item_weight,150.0 pound
https://m.media-amazon.com/images/I/91qhexNvfJL.jpg,442321,item_weight,22.0 pound
https://m.media-amazon.com/images/I/61Mr-muBcAL.jpg,442321,item_weight,154.0 pound
https://m.media-amazon.com/images/I/81czMbS1rFL.jpg,442321,item_weight,6.0 kilogram
https://m.media-amazon.com/images/I/61mzSax4C8L.jpg,442321,item_weight,70.0 kilogram
https://m.media-amazon.com/images/I/71AdacHJuSL.jpg,442321,item_weight,15.0 kilogram
https://m.media-amazon.com/images/I/71To3C7QhuL.jpg,442321,item_weight,100.0 pound
https://m.media-amazon.com/images/I/61oa0B3yg5L.jpg,442321,item_weight,115.0 kilogram
https://m.media-amazon.com/images/I/71axHC0ryEL.jpg,442321,item_weight,70.0 kilogram
https://m.media-amazon.com/images/I/619ZV593+HL.jpg,442321,item_weight,70.0 kilogram
https://m.media-amazon.com/images/I/61FJWIpfYXL.jpg,442321,item_weight,70.0 kilogram
https://m.media-amazon.com/images/I/81DS0CxnRHL.jpg,442321,item_weight,80.0 kilogram
https://m.media-amazon.com/images/I/81+DPjOfSNL.jpg,442321,item_weight,6.0 kilogram
https://m.media-amazon.com/images/I/71REvKthU1L.jpg,442321,item_weight,88.0 pound
https://m.media-amazon.com/images/I/81WwfalFYTL.jpg,442321,item_weight,22.0 pound
https://m.media-amazon.com/images/I/81YtKCo6OAL.jpg,442321,item_weight,62.56 pound
https://m.media-amazon.com/images/I/81yXsCSoFyL.jpg,442321,item_weight,86.0 pound
https://m.media-amazon.com/images/I/61XTyfOz0hL.jpg,442321,item_weight,120.0 kilogram
https://m.media-amazon.com/images/I/51lcpECatBL.jpg,442321,item_weight,70.0 kilogram
https://m.media-amazon.com/images/I/61pQiLVsGyL.jpg,442321,item_weight,80.0 kilogram
https://m.media-amazon.com/images/I/61vf033VK+L.jpg,442321,item_weight,100.0 kilogram
https://m.media-amazon.com/images/I/51zfxML0dgL.jpg,442321,item_weight,100.0 kilogram
https://m.media-amazon.com/images/I/71ul8s1TwsL.jpg,442321,item_weight,21.0 kilogram
https://m.media-amazon.com/images/I/716RUjHV8UL.jpg,442321,item_weight,70.0 kilogram
https://m.media-amazon.com/images/I/71BbkpHcRVL.jpg,442321,item_weight,550.0 pound
https://m.media-amazon.com/images/I/61cCzKA00fL.jpg,442321,item_weight,18.0 pound
https://m.media-amazon.com/images/I/61MkxBpLU8L.jpg,442321,item_weight,10.0 pound
https://m.media-amazon.com/images/I/61n+VuIUAXL.jpg,442321,item_weight,160.0 pound
https://m.media-amazon.com/images/I/6117KcgDZiL.jpg,442321,item_weight,70.0 kilogram
https://m.media-amazon.com/images/I/61NXmpKsreL.jpg,442321,item_weight,8.0 kilogram
https://m.media-amazon.com/images/I/71nRJQqFi0L.jpg,442321,item_weight,25.0 kilogram
https://m.media-amazon.com/images/I/71P8fiR8BPL.jpg,442321,item_weight,60.0 kilogram
https://m.media-amazon.com/images/I/71malZtBY9L.jpg,442321,item_weight,20.6 kilogram
https://m.media-amazon.com/images/I/61QUgJhduCL.jpg,442321,item_weight,50.0 kilogram
https://m.media-amazon.com/images/I/61gJjgGB5OL.jpg,442321,item_weight,8.0 gram
https://m.media-amazon.com/images/I/81bGtUMWRcL.jpg,442321,item_weight,6.0 kilogram
https://m.media-amazon.com/images/I/61mwV8InFXL.jpg,442321,item_weight,9.0 pound
https://m.media-amazon.com/images/I/81JyYWSV15L.jpg,442321,item_weight,80.0 kilogram
https://m.media-amazon.com/images/I/61l3-IZd7VL.jpg,442321,item_weight,100.0 kilogram
https://m.media-amazon.com/images/I/61ViqvnqYmL.jpg,442321,item_weight,70.0 kilogram
https://m.media-amazon.com/images/I/61QxiQptPgL.jpg,442321,item_weight,100.0 kilogram
https://m.media-amazon.com/images/I/517lGmajLqL.jpg,442321,item_weight,100.0 kilogram
https://m.media-amazon.com/images/I/91pHF10WBUL.jpg,442321,item_weight,28.0 kilogram
https://m.media-amazon.com/images/I/91ipROcevhL.jpg,442321,item_weight,28.0 kilogram
https://m.media-amazon.com/images/I/71QwocVEaGL.jpg,442321,item_weight,16.0 kilogram
https://m.media-amazon.com/images/I/71MSSZ7T0jL.jpg,442321,item_weight,16.0 kilogram
https://m.media-amazon.com/images/I/817QlkSGziL.jpg,442321,item_weight,14.95 kilogram
https://m.media-amazon.com/images/I/71atZKF3W5L.jpg,442321,item_weight,80.0 kilogram
https://m.media-amazon.com/images/I/61TuDa7WRVL.jpg,442321,item_weight,176.0 pound
https://m.media-amazon.com/images/I/51p6jbcV3hL.jpg,442321,item_weight,21.0 kilogram
https://m.media-amazon.com/images/I/81e8o5GyWGL.jpg,442321,item_weight,80.0 kilogram
https://m.media-amazon.com/images/I/61+YzJkgQgL.jpg,442321,item_weight,15.0 kilogram
https://m.media-amazon.com/images/I/611AnEH6t2L.jpg,442321,item_weight,100.0 kilogram
https://m.media-amazon.com/images/I/710HLkA6ABL.jpg,442321,item_weight,120.0 kilogram
https://m.media-amazon.com/images/I/71Hyjvh-dYL.jpg,442321,item_weight,120.0 kilogram
https://m.media-amazon.com/images/I/71YsEcznD2L.jpg,442321,item_weight,1.0 pound
https://m.media-amazon.com/images/I/51+HNFwNaSL.jpg,442321,item_weight,100.0 kilogram
https://m.media-amazon.com/images/I/61lqfFKSaWL.jpg,442321,item_weight,176.0 pound
https://m.media-amazon.com/images/I/71ZfmB-HpXL.jpg,442321,item_weight,28.0 kilogram
https://m.media-amazon.com/images/I/71E1ybPNnqL.jpg,442321,item_weight,28.0 kilogram
https://m.media-amazon.com/images/I/61jYUUIo8UL.jpg,442321,item_weight,90.0 kilogram
https://m.media-amazon.com/images/I/61tivS+MkiL.jpg,442321,item_weight,177.0 pound
https://m.media-amazon.com/images/I/B1Nd8i7xZ-L.jpg,442321,item_weight,120.0 kilogram
https://m.media-amazon.com/images/I/61BUTmZFBqL.jpg,442321,item_weight,150.0 kilogram
https://m.media-amazon.com/images/I/817jUbEVV7L.jpg,442321,item_weight,80.0 kilogram
https://m.media-amazon.com/images/I/61-N9dbRpKL.jpg,442321,item_weight,80.0 kilogram
https://m.media-amazon.com/images/I/81ziocRNZ5L.jpg,442321,item_weight,80.0 kilogram
https://m.media-amazon.com/images/I/81Evp-pmVGL.jpg,442321,item_weight,4.0 gram
https://m.media-amazon.com/images/I/71jeq+SnMVL.jpg,442321,item_weight,80.0 kilogram
https://m.media-amazon.com/images/I/61VFxdv4G8L.jpg,442321,item_weight,150.0 kilogram
https://m.media-amazon.com/images/I/71Bf-iTEqrL.jpg,442321,item_weight,80.0 kilogram
https://m.media-amazon.com/images/I/71Ib4x6veUL.jpg,442321,item_weight,10.0 kilogram
https://m.media-amazon.com/images/I/71MmMJd1K9L.jpg,442321,item_weight,14.0 kilogram
https://m.media-amazon.com/images/I/71-pVhFuNZL.jpg,442321,item_weight,16.34 kilogram
https://m.media-amazon.com/images/I/71a6u88FjRL.jpg,442321,item_weight,450.0 pound
https://m.media-amazon.com/images/I/71KsjTC0vnL.jpg,442321,item_weight,19.0 kilogram
https://m.media-amazon.com/images/I/71EdrNOVMoL.jpg,442321,item_weight,176.0 pound
https://m.media-amazon.com/images/I/51lELVxeruL.jpg,442321,item_weight,5.0 kilogram
https://m.media-amazon.com/images/I/61qXU2nkhTL.jpg,442321,item_weight,40.0 kilogram
https://m.media-amazon.com/images/I/81n0Ky7MmiL.jpg,442321,item_weight,80.0 kilogram
https://m.media-amazon.com/images/I/61qiNPzPFsL.jpg,442321,item_weight,80.0 kilogram
https://m.media-amazon.com/images/I/81a9pnGEGNL.jpg,442321,item_weight,26.4 pound
https://m.media-amazon.com/images/I/61GxRvKY7JL.jpg,442321,item_weight,70.0 kilogram
https://m.media-amazon.com/images/I/6197sStqKvL.jpg,442321,item_weight,150.0 kilogram
https://m.media-amazon.com/images/I/6197sStqKvL.jpg,442321,width,80.0 centimetre
https://m.media-amazon.com/images/I/71uH0tCRD4L.jpg,442321,item_weight,15.0 kilogram
https://m.media-amazon.com/images/I/71VD2bKm5LL.jpg,442321,item_weight,15.0 kilogram
https://m.media-amazon.com/images/I/71CyFRMNZLL.jpg,442321,item_weight,15.0 kilogram
https://m.media-amazon.com/images/I/61tygcuetML.jpg,442321,item_weight,15.0 kilogram
https://m.media-amazon.com/images/I/71e4LAp+5AL.jpg,442321,item_weight,220.0 pound
https://m.media-amazon.com/images/I/51oCc8UqFvL.jpg,442321,item_weight,70.0 kilogram
https://m.media-amazon.com/images/I/81KT0vt9UDL.jpg,442321,item_weight,22.0 pound
https://m.media-amazon.com/images/I/71AjK53jgdL.jpg,442321,item_weight,75.0 kilogram
https://m.media-amazon.com/images/I/81d6XKrlLpL.jpg,442321,item_weight,178.0 pound
https://m.media-amazon.com/images/I/81BhPvHR+bL.jpg,442321,item_weight,10.0 pound
https://m.media-amazon.com/images/I/815JbE7gVZL.jpg,442321,item_weight,80.0 kilogram
https://m.media-amazon.com/images/I/71I561VjoVL.jpg,442321,item_weight,80.0 kilogram
https://m.media-amazon.com/images/I/711huodfmAL.jpg,442321,item_weight,10.0 pound
https://m.media-amazon.com/images/I/61kwXdUD2hL.jpg,442321,item_weight,15.0 kilogram
https://m.media-amazon.com/images/I/61BeZnnJp5L.jpg,442321,item_weight,80.0 kilogram
https://m.media-amazon.com/images/I/616pl1mlhRL.jpg,442321,item_weight,154.0 pound
https://m.media-amazon.com/images/I/61CL7eDOK-L.jpg,442321,item_weight,15.0 kilogram
https://m.media-amazon.com/images/I/71R6ZC3Ap5L.jpg,442321,item_weight,300.0 gram
https://m.media-amazon.com/images/I/71ymhx0VhhL.jpg,442321,item_weight,300.0 gram
https://m.media-amazon.com/images/I/71HP8M+a4WL.jpg,442321,item_weight,"[160.0, 220.0] gram"
https://m.media-amazon.com/images/I/719upUoE1yL.jpg,442321,item_weight,10.0 kilogram
https://m.media-amazon.com/images/I/61MRKIbh2tL.jpg,442321,item_weight,85.0 kilogram
https://m.media-amazon.com/images/I/513xvkJos4L.jpg,442321,item_weight,62.8 pound
https://m.media-amazon.com/images/I/71UrNykfTEL.jpg,442321,item_weight,70.0 kilogram
https://m.media-amazon.com/images/I/61n3axPPYUL.jpg,442321,item_weight,25.0 kilogram
https://m.media-amazon.com/images/I/61wKGjutYLL.jpg,442321,item_weight,100.0 kilogram
https://m.media-amazon.com/images/I/61h4GszwHiL.jpg,442321,item_weight,80.0 kilogram
https://m.media-amazon.com/images/I/71k29rUi90L.jpg,442321,item_weight,80.0 kilogram
https://m.media-amazon.com/images/I/41MWtUUlsgL.jpg,442321,item_weight,40.0 kilogram
https://m.media-amazon.com/images/I/81xnBg2k18L.jpg,442321,item_weight,38.5 pound
https://m.media-amazon.com/images/I/71RKge3sU3L.jpg,442321,item_weight,130.0 kilogram
https://m.media-amazon.com/images/I/61LNupJe3+L.jpg,442321,item_weight,330.0 pound
https://m.media-amazon.com/images/I/61J0N3eWkiL.jpg,442321,item_weight,25.0 pound
https://m.media-amazon.com/images/I/71YaViCk0AL.jpg,442321,item_weight,300.0 pound
https://m.media-amazon.com/images/I/51ep8uwUTYL.jpg,442321,item_weight,21.0 kilogram
https://m.media-amazon.com/images/I/61569QwUhvL.jpg,442321,item_weight,300.0 pound
https://m.media-amazon.com/images/I/61pBcv7GJ1L.jpg,442321,item_weight,80.0 kilogram
https://m.media-amazon.com/images/I/81Ah5oqEdOL.jpg,442321,item_weight,10.0 pound
https://m.media-amazon.com/images/I/71sktydYl9L.jpg,442321,item_weight,80.0 kilogram
https://m.media-amazon.com/images/I/81s5+oTR39L.jpg,442321,item_weight,46.2 ton
https://m.media-amazon.com/images/I/71791r8bRnL.jpg,442321,item_weight,2.0 ounce
https://m.media-amazon.com/images/I/51i0h7O0unL.jpg,442321,item_weight,18.16 kilogram
https://m.media-amazon.com/images/I/61dKEbZCCcL.jpg,442321,item_weight,18.16 kilogram
https://m.media-amazon.com/images/I/61EfjY+uePL.jpg,442321,item_weight,18.16 kilogram
https://m.media-amazon.com/images/I/61mWL8QwExL.jpg,442321,item_weight,154.0 pound
https://m.media-amazon.com/images/I/81zciCFXqyL.jpg,442321,item_weight,15.0 kilogram
https://m.media-amazon.com/images/I/718QviB0NHL.jpg,442321,item_weight,20.0 kilogram
https://m.media-amazon.com/images/I/71kYfH8GKxL.jpg,442321,item_weight,44.0 pound
https://m.media-amazon.com/images/I/71sjFdv1hbL.jpg,442321,item_weight,44.0 pound
https://m.media-amazon.com/images/I/71eTwlLlABL.jpg,442321,item_weight,15.0 kilogram
https://m.media-amazon.com/images/I/71dxIvq5hkL.jpg,442321,item_weight,220.0 pound
https://m.media-amazon.com/images/I/81gc5BXlb1L.jpg,442321,item_weight,10.0 pound
https://m.media-amazon.com/images/I/810KJU8ltdL.jpg,442321,item_weight,80.0 kilogram
https://m.media-amazon.com/images/I/61DsspxfpjL.jpg,442321,item_weight,70.0 kilogram
https://m.media-amazon.com/images/I/61AlCc-63EL.jpg,442321,item_weight,176.0 pound
https://m.media-amazon.com/images/I/71odbaIPnmL.jpg,442321,item_weight,180.0 gram
https://m.media-amazon.com/images/I/71tCLHc8A1L.jpg,442321,item_weight,70.0 kilogram
https://m.media-amazon.com/images/I/81zhO2I7JkL.jpg,442321,item_weight,176.0 pound
https://m.media-amazon.com/images/I/61-8GmeV9-L.jpg,442321,item_weight,100.0 kilogram
https://m.media-amazon.com/images/I/71cJiHOwpBL.jpg,442321,item_weight,180.0 kilogram
https://m.media-amazon.com/images/I/714hpsC4lYL.jpg,442321,item_weight,220.0 pound
https://m.media-amazon.com/images/I/614p5+ycrQL.jpg,442321,item_weight,80.0 kilogram
https://m.media-amazon.com/images/I/71JLv2rZhzL.jpg,442321,item_weight,33.0 pound
https://m.media-amazon.com/images/I/51FmqJIDLcL.jpg,442321,item_weight,70.0 kilogram
https://m.media-amazon.com/images/I/61yu3Usr-CL.jpg,442321,item_weight,80.0 kilogram
https://m.media-amazon.com/images/I/61xQSUWLHTL.jpg,442321,item_weight,50.0 kilogram
https://m.media-amazon.com/images/I/61EBnBBMoNL.jpg,442321,item_weight,15.0 kilogram
https://m.media-amazon.com/images/I/61VsPaAe4VL.jpg,442321,item_weight,120.0 kilogram
https://m.media-amazon.com/images/I/61e6gE+jVGL.jpg,442321,item_weight,120.0 kilogram
https://m.media-amazon.com/images/I/61-RYIYzd3L.jpg,442321,item_weight,6.0 kilogram
https://m.media-amazon.com/images/I/61x3WySIWaL.jpg,442321,item_weight,330.0 pound
https://m.media-amazon.com/images/I/71Yx4fxgzjL.jpg,442321,item_weight,17.0 kilogram
https://m.media-amazon.com/images/I/71StGQi00bL.jpg,442321,item_weight,2.0 kilogram
https://m.media-amazon.com/images/I/71Grg29WbwL.jpg,442321,item_weight,2.0 kilogram
https://m.media-amazon.com/images/I/61Pf53skd3L.jpg,442321,item_weight,80.0 kilogram
https://m.media-amazon.com/images/I/61Z3RONh6GL.jpg,442321,item_weight,50.0 kilogram
https://m.media-amazon.com/images/I/71GS-VzL6zL.jpg,442321,item_weight,1012.0 ounce
https://m.media-amazon.com/images/I/61zC1uGH5NL.jpg,442321,item_weight,100.0 kilogram
https://m.media-amazon.com/images/I/71pQOeAnMeL.jpg,442321,item_weight,3.0 kilogram
https://m.media-amazon.com/images/I/61AUxUgCFlL.jpg,442321,item_weight,3.0 kilogram
https://m.media-amazon.com/images/I/61QDqJlpKdL.jpg,442321,item_weight,150.0 kilogram
https://m.media-amazon.com/images/I/611ycLdv3iL.jpg,442321,item_weight,220.0 pound
https://m.media-amazon.com/images/I/81b7MA25xuL.jpg,442321,item_weight,6.0 kilogram
https://m.media-amazon.com/images/I/61X5mhG1ANL.jpg,442321,item_weight,11.0 kilogram
https://m.media-amazon.com/images/I/71ZwSsr2ZHL.jpg,442321,item_weight,90.0 kilogram
https://m.media-amazon.com/images/I/71Fth6R2crL.jpg,442321,item_weight,100.0 kilogram
https://m.media-amazon.com/images/I/710px-Z5iHL.jpg,442321,item_weight,100.0 kilogram
https://m.media-amazon.com/images/I/61B3XsAevwL.jpg,442321,item_weight,120.0 kilogram
https://m.media-amazon.com/images/I/71EigfSupAL.jpg,442321,item_weight,330.0 pound
https://m.media-amazon.com/images/I/61KpWgyhNEL.jpg,442321,item_weight,120.0 kilogram
https://m.media-amazon.com/images/I/81EwBz0nVhL.jpg,442321,item_weight,0.0 kilogram
https://m.media-amazon.com/images/I/81tj9Ky0IML.jpg,442321,item_weight,10.0 pound
https://m.media-amazon.com/images/I/81Fs7IOLKML.jpg,442321,item_weight,80.0 kilogram
https://m.media-amazon.com/images/I/714tE1V+2-L.jpg,442321,item_weight,80.0 kilogram
https://m.media-amazon.com/images/I/61pTmaxxnHL.jpg,442321,item_weight,90.0 kilogram
https://m.media-amazon.com/images/I/71Tb9FPM+CL.jpg,442321,item_weight,110.0 pound
https://m.media-amazon.com/images/I/71PQxZlJLRL.jpg,442321,item_weight,91.0 kilogram
https://m.media-amazon.com/images/I/71TWe4v7BYL.jpg,442321,item_weight,80.0 kilogram
https://m.media-amazon.com/images/I/71Eo0bEAeKL.jpg,442321,item_weight,36.0 kilogram
https://m.media-amazon.com/images/I/71dVL9EfG5L.jpg,442321,item_weight,80.0 kilogram
https://m.media-amazon.com/images/I/61WynQpy6JL.jpg,442321,item_weight,80.0 kilogram
https://m.media-amazon.com/images/I/61ZHdEx8CsL.jpg,442321,item_weight,45.0 pound
https://m.media-amazon.com/images/I/71Zd8zhGTLL.jpg,442321,item_weight,120.0 kilogram
https://m.media-amazon.com/images/I/71InQ6x8K3L.jpg,442321,item_weight,25.0 kilogram
https://m.media-amazon.com/images/I/91KwaxU3XsL.jpg,442321,item_weight,24.7 kilogram
https://m.media-amazon.com/images/I/614F9SfFaDL.jpg,442321,item_weight,90.0 kilogram
https://m.media-amazon.com/images/I/61MmupNm97L.jpg,442321,item_weight,20.0 gram
https://m.media-amazon.com/images/I/71fsi0K4fkL.jpg,442321,item_weight,15.0 kilogram
https://m.media-amazon.com/images/I/716wGGGWeUL.jpg,442321,item_weight,15.0 kilogram
https://m.media-amazon.com/images/I/71hto0S89aL.jpg,442321,item_weight,15.0 kilogram
https://m.media-amazon.com/images/I/61GfgpYA-GL.jpg,442321,item_weight,70.0 kilogram
https://m.media-amazon.com/images/I/61E+C5OWyeL.jpg,442321,item_weight,120.0 kilogram
https://m.media-amazon.com/images/I/61PBTv--6mL.jpg,442321,item_weight,120.0 kilogram
https://m.media-amazon.com/images/I/71TnNmrYLoL.jpg,442321,item_weight,300.0 pound
https://m.media-amazon.com/images/I/51UND2cMZpL.jpg,442321,item_weight,80.0 kilogram
https://m.media-amazon.com/images/I/612zXkGi72L.jpg,442321,item_weight,15.0 kilogram
https://m.media-amazon.com/images/I/71R753Ffl7L.jpg,442321,item_weight,75.0 kilogram
https://m.media-amazon.com/images/I/71ZLpr0rUXL.jpg,442321,item_weight,2.0 pound
https://m.media-amazon.com/images/I/7126MpSBbeL.jpg,442321,item_weight,40.0 pound
https://m.media-amazon.com/images/I/71nQNudASBL.jpg,442321,item_weight,36.0 kilogram
https://m.media-amazon.com/images/I/51v3oUKQfnL.jpg,442321,item_weight,100.0 kilogram
https://m.media-amazon.com/images/I/71TlE3ahPFL.jpg,442321,item_weight,100.0 kilogram
https://m.media-amazon.com/images/I/71GM-HjuV6L.jpg,442321,item_weight,26.1 kilogram
https://m.media-amazon.com/images/I/71VgdAtCaGL.jpg,442321,item_weight,25.0 pound
https://m.media-amazon.com/images/I/81OGShmWSCL.jpg,442321,item_weight,300.0 pound
https://m.media-amazon.com/images/I/6142R+llT-L.jpg,442321,item_weight,300.0 pound
https://m.media-amazon.com/images/I/819X4qej42L.jpg,442321,item_weight,40.0 pound
https://m.media-amazon.com/images/I/61xHL0C8EpL.jpg,442321,item_weight,125.0 kilogram
https://m.media-amazon.com/images/I/61KHdcOhn3L.jpg,442321,item_weight,50.0 kilogram
https://m.media-amazon.com/images/I/81sWB6YKV3L.jpg,442321,item_weight,10.0 pound
https://m.media-amazon.com/images/I/81DqGSUjV6L.jpg,442321,item_weight,80.0 kilogram
https://m.media-amazon.com/images/I/616CR8W4QdS.jpg,442321,item_weight,20.0 gram
https://m.media-amazon.com/images/I/61VZOPpAu1L.jpg,442321,item_weight,90.0 kilogram
https://m.media-amazon.com/images/I/71irvm+qPyL.jpg,442321,item_weight,120.0 kilogram
https://m.media-amazon.com/images/I/61bdt8FId0L.jpg,442321,item_weight,150.0 kilogram
https://m.media-amazon.com/images/I/51f2sBg9l8L.jpg,442321,item_weight,6.0 kilogram
https://m.media-amazon.com/images/I/61pDD0p0H2S.jpg,442321,item_weight,25.0 pound
https://m.media-amazon.com/images/I/71hWO2s8aFL.jpg,442321,item_weight,176.0 pound
https://m.media-amazon.com/images/I/61X2kTRHg8L.jpg,442321,item_weight,11.0 pound
https://m.media-amazon.com/images/I/710BMns6xeL.jpg,442321,item_weight,50.0 kilogram
https://m.media-amazon.com/images/I/71knWidhrnL.jpg,442321,item_weight,70.0 kilogram
https://m.media-amazon.com/images/I/71-BzQKBcJL.jpg,442321,item_weight,60.0 kilogram
https://m.media-amazon.com/images/I/71qpo3O82dL.jpg,442321,item_weight,15.0 kilogram
https://m.media-amazon.com/images/I/71JIb04SAhL.jpg,442321,item_weight,15.0 kilogram
https://m.media-amazon.com/images/I/71Iw9eFQ-cL.jpg,442321,item_weight,15.0 kilogram
https://m.media-amazon.com/images/I/71QXhZbTWAL.jpg,442321,item_weight,15.0 kilogram
https://m.media-amazon.com/images/I/91RJZnyyhLL.jpg,442321,item_weight,15.0 kilogram
https://m.media-amazon.com/images/I/91bavNbki2L.jpg,442321,item_weight,15.0 kilogram
https://m.media-amazon.com/images/I/81zDhiErEAL.jpg,442321,item_weight,55.56 pound
https://m.media-amazon.com/images/I/81Plp8uLY1L.jpg,442321,item_weight,55.56 pound
https://m.media-amazon.com/images/I/81LmEm6MsUL.jpg,442321,item_weight,176.0 pound
https://m.media-amazon.com/images/I/71YDp4DOpzL.jpg,442321,item_weight,100.0 kilogram
https://m.media-amazon.com/images/I/51h6TBo-NVL.jpg,442321,item_weight,70.0 kilogram
https://m.media-amazon.com/images/I/61kGZARQUuL.jpg,442321,item_weight,90.0 kilogram
https://m.media-amazon.com/images/I/71mZuuwzcWL.jpg,442321,item_weight,3.0 gram
https://m.media-amazon.com/images/I/61T8TXTvI5L.jpg,442321,item_weight,220.0 pound
https://m.media-amazon.com/images/I/610zDN-KBwL.jpg,442321,item_weight,80.0 kilogram
https://m.media-amazon.com/images/I/61jMGhD2wxL.jpg,442321,item_weight,450.0 pound
https://m.media-amazon.com/images/I/61CsylpZKNL.jpg,442321,item_weight,80.0 kilogram
https://m.media-amazon.com/images/I/71yF9rGwhZL.jpg,442321,item_weight,80.0 kilogram
https://m.media-amazon.com/images/I/81FK-LoacxL.jpg,442321,item_weight,80.0 kilogram
https://m.media-amazon.com/images/I/71cMSdND0HL.jpg,442321,item_weight,154.0 pound
https://m.media-amazon.com/images/I/71ZTn2Pa+XL.jpg,442321,item_weight,200.0 pound
https://m.media-amazon.com/images/I/61k8AevDjwL.jpg,442321,item_weight,6.0 kilogram
https://m.media-amazon.com/images/I/81WdJFKBpXL.jpg,442321,item_weight,20.0 gram
https://m.media-amazon.com/images/I/71lyDSgAJLL.jpg,442321,item_weight,80.0 kilogram
https://m.media-amazon.com/images/I/71bZFQSV3QL.jpg,442321,item_weight,50.0 kilogram
https://m.media-amazon.com/images/I/61xn-FZp21L.jpg,442321,item_weight,90.0 kilogram
https://m.media-amazon.com/images/I/61xPjJbdyVL.jpg,442321,item_weight,70.0 kilogram
https://m.media-amazon.com/images/I/61lYPKjDtPL.jpg,442321,item_weight,80.0 kilogram
https://m.media-amazon.com/images/I/71OyJU7tv7L.jpg,442321,item_weight,22.0 pound
https://m.media-amazon.com/images/I/51I8gmeBL2L.jpg,442321,item_weight,70.0 kilogram
https://m.media-amazon.com/images/I/61GfRiwG5TL.jpg,442321,item_weight,70.0 kilogram
https://m.media-amazon.com/images/I/51wp67jq35L.jpg,442321,item_weight,10.0 kilogram
https://m.media-amazon.com/images/I/61hw7prIYkL.jpg,442321,item_weight,15.0 kilogram
https://m.media-amazon.com/images/I/5100ACvlYwL.jpg,442321,item_weight,15.0 kilogram
https://m.media-amazon.com/images/I/513tEns3xwL.jpg,442321,item_weight,15.0 kilogram
https://m.media-amazon.com/images/I/61nY6lvDmhL.jpg,442321,item_weight,15.0 kilogram
https://m.media-amazon.com/images/I/71QBqejQOTL.jpg,442321,item_weight,15.0 kilogram
https://m.media-amazon.com/images/I/811k3A1rl8L.jpg,442321,item_weight,15.0 kilogram
https://m.media-amazon.com/images/I/71CuZbg6vEL.jpg,442321,item_weight,15.0 kilogram
https://m.media-amazon.com/images/I/71p7hczuO0L.jpg,442321,item_weight,15.0 kilogram
https://m.media-amazon.com/images/I/512iKkzvK4L.jpg,442321,item_weight,100.0 kilogram
https://m.media-amazon.com/images/I/71ND3BL29CL.jpg,442321,item_weight,22.0 pound
https://m.media-amazon.com/images/I/61OHjJmXf4L.jpg,442321,item_weight,130.0 pound
https://m.media-amazon.com/images/I/71zelJ9BM0L.jpg,442321,item_weight,80.0 kilogram
https://m.media-amazon.com/images/I/61evDLu5uRL.jpg,442321,item_weight,45.0 pound
https://m.media-amazon.com/images/I/81LxcVBgYdL.jpg,442321,item_weight,46.2 ton
https://m.media-amazon.com/images/I/51K+7IQdymL.jpg,442321,item_weight,90.0 kilogram
https://m.media-amazon.com/images/I/61RUldBC7rL.jpg,442321,item_weight,70.0 gram
https://m.media-amazon.com/images/I/61nuni4dACL.jpg,442321,item_weight,80.0 kilogram
https://m.media-amazon.com/images/I/71Ov-zSlCJL.jpg,442321,item_weight,80.0 kilogram
https://m.media-amazon.com/images/I/71j5v1KAbXL.jpg,442321,item_weight,80.0 kilogram
https://m.media-amazon.com/images/I/61K8YWuB-YL.jpg,442321,item_weight,27.0 kilogram
https://m.media-amazon.com/images/I/71wN7mxjpOL.jpg,442321,item_weight,330.0 pound
https://m.media-amazon.com/images/I/61omTVYu2zS.jpg,442321,item_weight,70.0 kilogram
https://m.media-amazon.com/images/I/81EdjJ9x2xL.jpg,442321,item_weight,200.0 gram
https://m.media-amazon.com/images/I/61b9PD4guwL.jpg,442321,item_weight,60.0 kilogram
https://m.media-amazon.com/images/I/715nPkqT7wL.jpg,442321,item_weight,60.0 kilogram
https://m.media-amazon.com/images/I/61NOOwQtcIL.jpg,442321,item_weight,176.0 pound
https://m.media-amazon.com/images/I/61YNwaOXcSL.jpg,442321,item_weight,70.0 kilogram
https://m.media-amazon.com/images/I/61Dj4x3QKsS.jpg,442321,item_weight,110.0 pound
https://m.media-amazon.com/images/I/81qxbas9IcL.jpg,442321,item_weight,10.0 kilogram
https://m.media-amazon.com/images/I/71JLBS4THtL.jpg,442321,item_weight,80.0 pound
https://m.media-amazon.com/images/I/61OZzpenwJL.jpg,442321,item_weight,264.0 pound
https://m.media-amazon.com/images/I/71lZ2TH7HtL.jpg,442321,item_weight,350.0 pound
https://m.media-amazon.com/images/I/71IMz+F9WmL.jpg,442321,item_weight,3.0 ounce
https://m.media-amazon.com/images/I/7155eMWgljL.jpg,442321,item_weight,3.0 ounce
https://m.media-amazon.com/images/I/61cilRRmOYL.jpg,442321,item_weight,70.0 kilogram
https://m.media-amazon.com/images/I/81OnLHZZ87L.jpg,442321,item_weight,100.0 kilogram
https://m.media-amazon.com/images/I/71TnK7vJh-L.jpg,442321,item_weight,120.0 kilogram
https://m.media-amazon.com/images/I/81S9yjRsIXL.jpg,442321,item_weight,80.0 kilogram
https://m.media-amazon.com/images/I/81SebXsridL.jpg,442321,item_weight,13.0 kilogram
https://m.media-amazon.com/images/I/71dW8rFFayL.jpg,442321,item_weight,13.0 kilogram
https://m.media-amazon.com/images/I/71GJ0MOu3OL.jpg,442321,item_weight,30.0 pound
https://m.media-amazon.com/images/I/81APs+TzU+L.jpg,442321,item_weight,3.3 pound
https://m.media-amazon.com/images/I/616SQ6zH2KL.jpg,442321,item_weight,198.0 pound
https://m.media-amazon.com/images/I/51HnojzwLiL.jpg,442321,item_weight,70.0 kilogram
https://m.media-amazon.com/images/I/71ccRQp-16L.jpg,442321,item_weight,100.0 pound
https://m.media-amazon.com/images/I/71BrPySEHhL.jpg,442321,item_weight,450.0 pound
https://m.media-amazon.com/images/I/717Gt1nvheL.jpg,442321,item_weight,15.0 kilogram
https://m.media-amazon.com/images/I/61j4LCmAELL.jpg,442321,item_weight,11.0 kilogram
https://m.media-amazon.com/images/I/71t0vHS4YML.jpg,442321,item_weight,80.0 kilogram
https://m.media-amazon.com/images/I/71hNtxKgpXL.jpg,442321,item_weight,350.0 pound
https://m.media-amazon.com/images/I/71BLNJjlgCL.jpg,442321,item_weight,36.0 kilogram
https://m.media-amazon.com/images/I/61-8wSgQzEL.jpg,442321,width,40.0 inch
https://m.media-amazon.com/images/I/51Blgi9FyIL.jpg,442321,width,55.1 inch
https://m.media-amazon.com/images/I/61-asF4ySbL.jpg,442321,width,39.4 inch
https://m.media-amazon.com/images/I/61-asF4ySbL.jpg,442321,height,28.3 inch
https://m.media-amazon.com/images/I/61FgWDPTpPL.jpg,442321,width,48.0 inch
https://m.media-amazon.com/images/I/51paONxf7TL.jpg,442321,width,45.0 inch
https://m.media-amazon.com/images/I/61A6JdhwPnL.jpg,442321,width,45.0 inch
https://m.media-amazon.com/images/I/617kNbe3tlL.jpg,442321,width,40.0 inch
https://m.media-amazon.com/images/I/51+c6PCuQgL.jpg,442321,width,121.0 centimetre
https://m.media-amazon.com/images/I/51UpLcjEvNL.jpg,442321,width,57.5 inch
https://m.media-amazon.com/images/I/61CVsx+ldrL.jpg,442321,width,120.0 centimetre
https://m.media-amazon.com/images/I/51MoFutjKjL.jpg,442321,width,60.0 inch
https://m.media-amazon.com/images/I/51MoFutjKjL.jpg,442321,height,31.13 inch
https://m.media-amazon.com/images/I/615Cw-pTElL.jpg,442321,width,31.5 inch
https://m.media-amazon.com/images/I/51JbLtriaIL.jpg,442321,width,90.0 centimetre
https://m.media-amazon.com/images/I/412AUQKfmiL.jpg,442321,width,140.0 centimetre
https://m.media-amazon.com/images/I/51uy8P+lyXL.jpg,442321,width,60.0 centimetre
https://m.media-amazon.com/images/I/615vdmz-hVL.jpg,442321,width,86.0 centimetre
https://m.media-amazon.com/images/I/51Knw+72OqL.jpg,442321,width,90.0 centimetre
https://m.media-amazon.com/images/I/61DcQS72h1L.jpg,442321,width,100.0 centimetre
https://m.media-amazon.com/images/I/61DcQS72h1L.jpg,442321,height,140.0 centimetre
https://m.media-amazon.com/images/I/51LRNKJeGbL.jpg,442321,width,150.0 centimetre
https://m.media-amazon.com/images/I/51p51acVoLL.jpg,442321,width,44.0 inch
https://m.media-amazon.com/images/I/51dBg3F8R6L.jpg,442321,width,50.8 inch
https://m.media-amazon.com/images/I/51dBg3F8R6L.jpg,442321,height,28.0 inch
https://m.media-amazon.com/images/I/51gMivX+ZeL.jpg,442321,width,47.0 inch
https://m.media-amazon.com/images/I/619JRvJJv0L.jpg,442321,width,39.6 inch
https://m.media-amazon.com/images/I/613vboisYeS.jpg,442321,width,70.9 inch
https://m.media-amazon.com/images/I/615CUxt0H3L.jpg,442321,width,152.4 centimetre
https://m.media-amazon.com/images/I/61AUQ6vyUaL.jpg,442321,width,900.0 millimetre
https://m.media-amazon.com/images/I/617YQp67OSL.jpg,442321,width,900.0 millimetre
https://m.media-amazon.com/images/I/61E52un+gBL.jpg,442321,width,137.0 centimetre
https://m.media-amazon.com/images/I/61GE4BuCWrL.jpg,442321,width,120.0 centimetre
https://m.media-amazon.com/images/I/516IOE8RfZL.jpg,442321,width,120.2 centimetre
https://m.media-amazon.com/images/I/51RDYIAEb8L.jpg,442321,width,23.6 inch
https://m.media-amazon.com/images/I/510CBZmtqtL.jpg,442321,width,200.0 centimetre
https://m.media-amazon.com/images/I/41xSWlJqhLL.jpg,442321,width,180.0 centimetre
https://m.media-amazon.com/images/I/41GH9fQX5VL.jpg,442321,width,136.0 centimetre
https://m.media-amazon.com/images/I/41GH9fQX5VL.jpg,442321,height,75.0 centimetre
https://m.media-amazon.com/images/I/51lF5YB2YkS.jpg,442321,width,48.0 inch
https://m.media-amazon.com/images/I/61FK2gADpwL.jpg,442321,width,110.0 centimetre
https://m.media-amazon.com/images/I/51-7kgRNKbL.jpg,442321,width,100.0 centimetre
https://m.media-amazon.com/images/I/510aI6nK0CL.jpg,442321,width,167.5 centimetre
https://m.media-amazon.com/images/I/51wCvXEYVzL.jpg,442321,width,63.0 inch
https://m.media-amazon.com/images/I/51F9wrsnO+L.jpg,442321,width,55.1 inch
https://m.media-amazon.com/images/I/611eCy5UPWL.jpg,442321,width,78.7 inch
https://m.media-amazon.com/images/I/611eCy5UPWL.jpg,442321,height,29.9 inch
https://m.media-amazon.com/images/I/61+mpEMtxjL.jpg,442321,width,45.2 inch
https://m.media-amazon.com/images/I/51ODeR2OA3L.jpg,442321,width,55.0 inch
https://m.media-amazon.com/images/I/619exS7Rl7L.jpg,442321,width,29.1 inch
https://m.media-amazon.com/images/I/51NpVWT8spS.jpg,442321,width,85.0 centimetre
https://m.media-amazon.com/images/I/610qvL76kdL.jpg,442321,width,31.5 inch
https://m.media-amazon.com/images/I/51nbuv9E39L.jpg,442321,width,115.0 centimetre
https://m.media-amazon.com/images/I/61EsqQkX9iL.jpg,442321,width,40.0 inch
https://m.media-amazon.com/images/I/51A1Mk8Bf4L.jpg,442321,width,47.25 inch
https://m.media-amazon.com/images/I/51A1Mk8Bf4L.jpg,442321,height,31.0 inch
https://m.media-amazon.com/images/I/61ErxtD1XHL.jpg,442321,width,80.0 centimetre
https://m.media-amazon.com/images/I/615GCIF1m-L.jpg,442321,width,66.0 inch
https://m.media-amazon.com/images/I/51AdlvkgOmL.jpg,442321,width,42.0 inch
https://m.media-amazon.com/images/I/519zcfqroVL.jpg,442321,width,39.3 inch
https://m.media-amazon.com/images/I/51Antn97HdL.jpg,442321,width,31.5 inch
https://m.media-amazon.com/images/I/618IwAgKfuL.jpg,442321,width,110.0 centimetre
https://m.media-amazon.com/images/I/517787qnaqL.jpg,442321,width,47.2 inch
https://m.media-amazon.com/images/I/51nZKciltrL.jpg,442321,width,31.5 inch
https://m.media-amazon.com/images/I/51nZKciltrL.jpg,442321,height,29.5 inch
https://m.media-amazon.com/images/I/613534aTGHL.jpg,442321,width,80.0 centimetre
https://m.media-amazon.com/images/I/613534aTGHL.jpg,442321,height,75.0 centimetre
https://m.media-amazon.com/images/I/51UmigzpzNL.jpg,442321,width,40.0 inch
https://m.media-amazon.com/images/I/614AEtkBDvL.jpg,442321,width,47.2 inch
https://m.media-amazon.com/images/I/51OmhFmBJuL.jpg,442321,width,120.0 centimetre
https://m.media-amazon.com/images/I/613fomkIDKL.jpg,442321,width,31.5 inch
https://m.media-amazon.com/images/I/51nBtGRigBL.jpg,442321,width,47.2 inch
https://m.media-amazon.com/images/I/51vqtA4ZO4L.jpg,442321,width,118.0 centimetre
https://m.media-amazon.com/images/I/51VNzsKwnyL.jpg,442321,width,55.1 inch
https://m.media-amazon.com/images/I/51BEuD9O1xL.jpg,442321,width,39.4 inch
https://m.media-amazon.com/images/I/51BEuD9O1xL.jpg,442321,height,28.3 inch
https://m.media-amazon.com/images/I/41UfD0jwS7L.jpg,442321,width,49.0 inch
https://m.media-amazon.com/images/I/61+5yVlYnJL.jpg,442321,width,120.0 centimetre
https://m.media-amazon.com/images/I/618G0PbCVDL.jpg,442321,width,47.0 inch
https://m.media-amazon.com/images/I/618G0PbCVDL.jpg,442321,height,30.0 inch
https://m.media-amazon.com/images/I/51iuvRygCgL.jpg,442321,width,60.2 centimetre
https://m.media-amazon.com/images/I/51i5G7RPMkL.jpg,442321,width,55.0 inch
https://m.media-amazon.com/images/I/61EjK9JVdwL.jpg,442321,width,47.25 inch
https://m.media-amazon.com/images/I/41g4hvl5QcL.jpg,442321,width,67.13 inch
https://m.media-amazon.com/images/I/51oP35T7P-L.jpg,442321,width,129.0 centimetre
https://m.media-amazon.com/images/I/51hTwiKH2bL.jpg,442321,width,33.5 inch
https://m.media-amazon.com/images/I/41cDI-qK9-L.jpg,442321,width,100.0 centimetre
https://m.media-amazon.com/images/I/512V3qt4xDL.jpg,442321,width,140.0 centimetre
https://m.media-amazon.com/images/I/51Zm7VlsHUL.jpg,442321,width,47.2 inch
https://m.media-amazon.com/images/I/51XJeuLAHML.jpg,442321,width,47.5 inch
https://m.media-amazon.com/images/I/51WindDv6cL.jpg,442321,width,115.0 centimetre
https://m.media-amazon.com/images/I/6135iWGhLfL.jpg,442321,width,120.0 centimetre
https://m.media-amazon.com/images/I/614d2IozLzL.jpg,442321,width,140.0 centimetre
https://m.media-amazon.com/images/I/614d2IozLzL.jpg,442321,height,72.0 centimetre
https://m.media-amazon.com/images/I/611vttfPIuL.jpg,442321,width,47.2 inch
https://m.media-amazon.com/images/I/611vttfPIuL.jpg,442321,height,30.7 inch
https://m.media-amazon.com/images/I/51zHLB4j9BL.jpg,442321,width,1140.0 millimetre
https://m.media-amazon.com/images/I/51zV3xrgUzL.jpg,442321,width,130.5 centimetre
https://m.media-amazon.com/images/I/51g-sY+TVvS.jpg,442321,width,123.0 centimetre
https://m.media-amazon.com/images/I/51WQn8uek5L.jpg,442321,width,106.0 centimetre
https://m.media-amazon.com/images/I/31PnCEd92WS.jpg,442321,width,110.0 centimetre
https://m.media-amazon.com/images/I/6178BBJR-jL.jpg,442321,width,66.14 inch
https://m.media-amazon.com/images/I/5101msd1xUL.jpg,442321,width,110.0 centimetre
https://m.media-amazon.com/images/I/610txRJ4eXL.jpg,442321,width,45.0 inch
https://m.media-amazon.com/images/I/61BHixLDSbL.jpg,442321,width,23.6 inch
https://m.media-amazon.com/images/I/613c4-EHaSL.jpg,442321,width,47.2 inch
https://m.media-amazon.com/images/I/610EDEBMM+L.jpg,442321,width,39.3 inch
https://m.media-amazon.com/images/I/51fu4MCWuxS.jpg,442321,width,100.0 centimetre
https://m.media-amazon.com/images/I/518JAbc6yIL.jpg,442321,width,39.3 inch
https://m.media-amazon.com/images/I/616-BoCGZqL.jpg,442321,width,48.0 inch
https://m.media-amazon.com/images/I/51VPru7r+vL.jpg,442321,width,63.0 inch
https://m.media-amazon.com/images/I/51qmYIxsIhL.jpg,442321,width,47.25 inch
https://m.media-amazon.com/images/I/51xC5ibRYoL.jpg,442321,width,46.8 inch
https://m.media-amazon.com/images/I/51Mlq2b-01S.jpg,442321,width,110.0 centimetre
https://m.media-amazon.com/images/I/61DgNyQ8bEL.jpg,442321,width,55.0 inch
https://m.media-amazon.com/images/I/61DwF972XOL.jpg,442321,width,46.5 inch
https://m.media-amazon.com/images/I/51w2K4YMMoS.jpg,442321,width,110.0 centimetre
https://m.media-amazon.com/images/I/615Y-j1afTL.jpg,442321,width,118.6 centimetre
https://m.media-amazon.com/images/I/51MJqLLmNWL.jpg,442321,width,110.0 centimetre
https://m.media-amazon.com/images/I/51Glj+OU+aL.jpg,442321,width,39.4 inch
https://m.media-amazon.com/images/I/510mQo1zdZL.jpg,442321,width,48.1 inch
https://m.media-amazon.com/images/I/61FkzZ6BLnL.jpg,442321,width,47.2 inch
https://m.media-amazon.com/images/I/51n7iz18cwL.jpg,442321,width,120.0 centimetre
https://m.media-amazon.com/images/I/612zFOX0F4S.jpg,442321,width,39.4 inch
https://m.media-amazon.com/images/I/618pLnnbifL.jpg,442321,width,63.0 inch
https://m.media-amazon.com/images/I/51y47Z0axPL.jpg,442321,width,62.9 inch
https://m.media-amazon.com/images/I/61DrrwkwK6L.jpg,442321,width,39.37 inch
https://m.media-amazon.com/images/I/51Ul+CvWumL.jpg,442321,width,42.0 inch
https://m.media-amazon.com/images/I/41TVLGaXU8L.jpg,442321,width,180.0 centimetre
https://m.media-amazon.com/images/I/61Cdh+XeCHL.jpg,442321,width,140.0 centimetre
https://m.media-amazon.com/images/I/51cwrYGvn8L.jpg,442321,width,100.0 centimetre
https://m.media-amazon.com/images/I/416MBLqxPPL.jpg,442321,width,117.0 centimetre
https://m.media-amazon.com/images/I/416MBLqxPPL.jpg,442321,height,77.0 centimetre
https://m.media-amazon.com/images/I/611q70pKmtL.jpg,442321,width,59.45 inch
https://m.media-amazon.com/images/I/51T1FQ8cVzL.jpg,442321,width,47.0 inch
https://m.media-amazon.com/images/I/41NtqKNA-4S.jpg,442321,width,80.0 centimetre
https://m.media-amazon.com/images/I/51WB3osAWtL.jpg,442321,width,39.6 inch
https://m.media-amazon.com/images/I/614mUXHSeLL.jpg,442321,width,47.5 inch
https://m.media-amazon.com/images/I/512cyr0pFlL.jpg,442321,width,107.5 centimetre
https://m.media-amazon.com/images/I/512cyr0pFlL.jpg,442321,height,70.0 centimetre
https://m.media-amazon.com/images/I/51evv7TFCML.jpg,442321,width,47.24 inch
https://m.media-amazon.com/images/I/51evv7TFCML.jpg,442321,height,30.51 inch
https://m.media-amazon.com/images/I/51b7+ozlfmL.jpg,442321,width,78.7 inch
https://m.media-amazon.com/images/I/51AMvxfjKlL.jpg,442321,height,28.0 inch
https://m.media-amazon.com/images/I/61775VzXf5L.jpg,442321,width,140.0 centimetre
https://m.media-amazon.com/images/I/51HYu+eVkGL.jpg,442321,width,55.1 inch
https://m.media-amazon.com/images/I/51HYu+eVkGL.jpg,442321,height,29.5 inch
https://m.media-amazon.com/images/I/51c7vBTj4hL.jpg,442321,width,42.5 inch
https://m.media-amazon.com/images/I/511roQRS1iL.jpg,442321,width,55.0 inch
https://m.media-amazon.com/images/I/618c87sidhL.jpg,442321,width,21.5 inch
https://m.media-amazon.com/images/I/51E6TAY8gGL.jpg,442321,width,120.0 centimetre
https://m.media-amazon.com/images/I/615XMwYxaaL.jpg,442321,width,100.0 centimetre
https://m.media-amazon.com/images/I/618EAyGk+4L.jpg,442321,width,60.0 centimetre
https://m.media-amazon.com/images/I/51J1MFlHwcL.jpg,442321,width,55.11 inch
https://m.media-amazon.com/images/I/51J1MFlHwcL.jpg,442321,height,29.53 inch
https://m.media-amazon.com/images/I/51zqeKn6AXL.jpg,442321,width,115.0 centimetre
https://m.media-amazon.com/images/I/51F22kySoFL.jpg,442321,width,42.0 inch
https://m.media-amazon.com/images/I/616bW1ZybHL.jpg,442321,width,107.5 centimetre
https://m.media-amazon.com/images/I/51LhQsixuoL.jpg,442321,width,120.0 centimetre
https://m.media-amazon.com/images/I/51oTC+JgEyL.jpg,442321,width,100.0 centimetre
https://m.media-amazon.com/images/I/513qYlpsM3L.jpg,442321,width,115.0 centimetre
https://m.media-amazon.com/images/I/61Be3ZIBXML.jpg,442321,width,85.0 centimetre
https://m.media-amazon.com/images/I/61Be3ZIBXML.jpg,442321,height,71.0 centimetre
https://m.media-amazon.com/images/I/51jWrIdoq6L.jpg,442321,width,140.0 centimetre
https://m.media-amazon.com/images/I/51aQix1LiBL.jpg,442321,width,100.0 centimetre
https://m.media-amazon.com/images/I/51o-Jskq+0L.jpg,442321,width,168.0 centimetre
https://m.media-amazon.com/images/I/6175fnLPa1L.jpg,442321,width,47.0 inch
https://m.media-amazon.com/images/I/51aPFRwXOvL.jpg,442321,width,63.0 inch
https://m.media-amazon.com/images/I/51fXfCcX4IL.jpg,442321,width,22.6 inch
https://m.media-amazon.com/images/I/51GSXb0vQVL.jpg,442321,width,55.0 inch
https://m.media-amazon.com/images/I/4111KrfTx-L.jpg,442321,width,145.0 centimetre
https://m.media-amazon.com/images/I/615-tPOYEtL.jpg,442321,width,67.0 inch
https://m.media-amazon.com/images/I/619MrSL7pqL.jpg,442321,width,25.6 inch
https://m.media-amazon.com/images/I/51NgscAGBFL.jpg,442321,width,54.0 inch
https://m.media-amazon.com/images/I/610xden7ylL.jpg,442321,width,47.2 inch
https://m.media-amazon.com/images/I/61CO+RALSHL.jpg,442321,width,39.4 inch
https://m.media-amazon.com/images/I/6104iO-zlkL.jpg,442321,width,23.6 inch
https://m.media-amazon.com/images/I/31o0BviUrwL.jpg,442321,width,31.5 inch
https://m.media-amazon.com/images/I/51WSIu49nbL.jpg,442321,width,47.5 inch
https://m.media-amazon.com/images/I/615u72rt2FL.jpg,442321,width,31.5 inch
https://m.media-amazon.com/images/I/61-itZTDwPL.jpg,442321,width,32.9 inch
https://m.media-amazon.com/images/I/515XjZVM82L.jpg,442321,width,38.0 inch
https://m.media-amazon.com/images/I/515XjZVM82L.jpg,442321,height,29.3 inch
https://m.media-amazon.com/images/I/6181EPdNRRL.jpg,442321,width,39.37 inch
https://m.media-amazon.com/images/I/51G-BNyAZbL.jpg,442321,width,100.0 centimetre
https://m.media-amazon.com/images/I/51BoGTQwbNL.jpg,442321,width,110.0 centimetre
https://m.media-amazon.com/images/I/612TbAFEN6L.jpg,442321,width,54.72 inch
https://m.media-amazon.com/images/I/51Spo372ZmL.jpg,442321,width,31.49 inch
https://m.media-amazon.com/images/I/518+9hyT7ML.jpg,442321,width,71.1 inch
https://m.media-amazon.com/images/I/41cj5IpD03L.jpg,442321,width,100.0 centimetre
https://m.media-amazon.com/images/I/618Q41h4tlL.jpg,442321,width,145.0 centimetre
https://m.media-amazon.com/images/I/41L4Y+zjLLL.jpg,442321,width,110.0 centimetre
https://m.media-amazon.com/images/I/51vzoCHU4wL.jpg,442321,width,55.0 inch
https://m.media-amazon.com/images/I/519mxufv8RL.jpg,442321,width,110.0 centimetre
https://m.media-amazon.com/images/I/617hZnYlqKL.jpg,442321,width,47.25 inch
https://m.media-amazon.com/images/I/51yIbFeB0RL.jpg,442321,width,44.5 inch
https://m.media-amazon.com/images/I/51WU4TZYoHL.jpg,442321,width,1338.0 millimetre
https://m.media-amazon.com/images/I/6135R5yOFRL.jpg,442321,width,105.0 centimetre
https://m.media-amazon.com/images/I/61Ex7AovgaL.jpg,442321,width,110.0 centimetre
https://m.media-amazon.com/images/I/41loHArrw8L.jpg,442321,width,60.0 inch
https://m.media-amazon.com/images/I/415UKlicUyL.jpg,442321,width,80.0 centimetre
https://m.media-amazon.com/images/I/614iQfYwHvL.jpg,442321,width,39.4 inch
https://m.media-amazon.com/images/I/51gSm02Zl3L.jpg,442321,width,100.0 centimetre
https://m.media-amazon.com/images/I/612j+834b+L.jpg,442321,width,100.0 centimetre
https://m.media-amazon.com/images/I/61BHtNJ0YJL.jpg,442321,width,58.86 inch
https://m.media-amazon.com/images/I/61BHtNJ0YJL.jpg,442321,height,40.11 inch
https://m.media-amazon.com/images/I/61AQc6ylQuL.jpg,442321,width,120.0 centimetre
https://m.media-amazon.com/images/I/418e8J8c4-L.jpg,442321,width,41.3 inch
https://m.media-amazon.com/images/I/51Qa2iUsr+L.jpg,442321,width,46.4 inch
https://m.media-amazon.com/images/I/51Fyomc+7cL.jpg,442321,width,55.1 inch
https://m.media-amazon.com/images/I/51Fyomc+7cL.jpg,442321,height,29.7 inch
https://m.media-amazon.com/images/I/51xkgxDDl5L.jpg,442321,width,39.5 inch
https://m.media-amazon.com/images/I/618g5Pf0hLL.jpg,442321,width,127.0 centimetre
https://m.media-amazon.com/images/I/51U6Hd4yxBL.jpg,442321,width,120.2 centimetre
https://m.media-amazon.com/images/I/51U6Hd4yxBL.jpg,442321,height,31.0 inch
https://m.media-amazon.com/images/I/51Wpj12HWGL.jpg,442321,width,110.0 centimetre
https://m.media-amazon.com/images/I/61A2l5SkiyL.jpg,442321,width,59.75 inch
https://m.media-amazon.com/images/I/510trCJOtFL.jpg,442321,width,110.0 centimetre
https://m.media-amazon.com/images/I/51X109iXlIL.jpg,442321,width,110.0 centimetre
https://m.media-amazon.com/images/I/51q0-j7P9PS.jpg,442321,width,100.0 centimetre
https://m.media-amazon.com/images/I/61Dj75oMxrL.jpg,442321,width,47.0 inch
https://m.media-amazon.com/images/I/51b2NsHYIwL.jpg,442321,width,57.0 inch
https://m.media-amazon.com/images/I/51BLGJn68lL.jpg,442321,width,110.0 centimetre
https://m.media-amazon.com/images/I/61+aiI0vq-L.jpg,442321,width,39.37 inch
https://m.media-amazon.com/images/I/614+f5FvvVL.jpg,442321,width,53.12 inch
https://m.media-amazon.com/images/I/61-d8uF1GuL.jpg,442321,width,44.0 inch
https://m.media-amazon.com/images/I/51EtaRUm05L.jpg,442321,width,145.0 centimetre
https://m.media-amazon.com/images/I/51rXlfmGxgL.jpg,442321,width,80.0 centimetre
https://m.media-amazon.com/images/I/61753EjxHjL.jpg,442321,width,32.0 inch
https://m.media-amazon.com/images/I/51J0MFycKYL.jpg,442321,width,39.4 inch
https://m.media-amazon.com/images/I/510GcobSD3L.jpg,442321,width,151.0 centimetre
https://m.media-amazon.com/images/I/61-EIpslNuL.jpg,442321,width,47.2 inch
https://m.media-amazon.com/images/I/51go6XdzAJL.jpg,442321,width,80.0 centimetre
https://m.media-amazon.com/images/I/616ENzWJ1kL.jpg,442321,width,40.5 inch
https://m.media-amazon.com/images/I/51AdgiYnz2L.jpg,442321,width,35.8 inch
https://m.media-amazon.com/images/I/51J+YrRM04L.jpg,442321,width,140.0 centimetre
https://m.media-amazon.com/images/I/61G5LKb65CL.jpg,442321,width,47.2 inch
https://m.media-amazon.com/images/I/514cKJjYU9L.jpg,442321,width,42.0 inch
https://m.media-amazon.com/images/I/614tl7iThZL.jpg,442321,width,120.0 centimetre
https://m.media-amazon.com/images/I/51Dju3do3IL.jpg,442321,width,96.0 centimetre
https://m.media-amazon.com/images/I/51mIZlxussL.jpg,442321,width,47.2 inch
https://m.media-amazon.com/images/I/51iDKLhhCbL.jpg,442321,width,107.8 centimetre
https://m.media-amazon.com/images/I/61DOBYsr31L.jpg,442321,width,135.0 centimetre
https://m.media-amazon.com/images/I/61DOBYsr31L.jpg,442321,height,27.56 inch
https://m.media-amazon.com/images/I/41nKPiNNkOL.jpg,442321,width,110.0 centimetre
https://m.media-amazon.com/images/I/51-R17xv5xL.jpg,442321,width,120.0 centimetre
https://m.media-amazon.com/images/I/51dNr-ZTAKL.jpg,442321,width,31.5 inch
https://m.media-amazon.com/images/I/51ml5rh2usL.jpg,442321,width,1000.0 millimetre
https://m.media-amazon.com/images/I/61EEPJR8SAL.jpg,442321,width,120.0 centimetre
https://m.media-amazon.com/images/I/61EEPJR8SAL.jpg,442321,height,75.0 centimetre
https://m.media-amazon.com/images/I/61BIubyTUoL.jpg,442321,width,46.7 inch
https://m.media-amazon.com/images/I/51kSuxqcZSL.jpg,442321,width,47.64 inch
https://m.media-amazon.com/images/I/41XJ09B4u+L.jpg,442321,width,80.0 centimetre
https://m.media-amazon.com/images/I/51tHfLjZ6qL.jpg,442321,width,47.3 inch
https://m.media-amazon.com/images/I/51lji5rGxKL.jpg,442321,width,55.2 inch
https://m.media-amazon.com/images/I/51lji5rGxKL.jpg,442321,height,28.8 inch
https://m.media-amazon.com/images/I/613ASOCTUXL.jpg,442321,width,130.0 centimetre
https://m.media-amazon.com/images/I/51b03bOr2PL.jpg,442321,width,39.4 inch
https://m.media-amazon.com/images/I/51S1z90a1HL.jpg,442321,width,80.0 centimetre
https://m.media-amazon.com/images/I/51GWL0NuZEL.jpg,442321,width,41.9 inch
https://m.media-amazon.com/images/I/51OkZcf3RIL.jpg,442321,width,115.0 centimetre
https://m.media-amazon.com/images/I/51-KWalniSL.jpg,442321,width,55.12 inch
https://m.media-amazon.com/images/I/41aL5TTgMyL.jpg,442321,width,60.0 inch
https://m.media-amazon.com/images/I/41LCYU7lZJL.jpg,442321,width,1200.0 millimetre
https://m.media-amazon.com/images/I/617HSuriwDL.jpg,442321,width,48.0 inch
https://m.media-amazon.com/images/I/61+PHyb6B5L.jpg,442321,width,31.5 inch
https://m.media-amazon.com/images/I/61-hn93PMkL.jpg,442321,width,70.0 centimetre
https://m.media-amazon.com/images/I/41yh5bt6xlL.jpg,442321,width,42.0 inch
https://m.media-amazon.com/images/I/611qhxkA6LL.jpg,442321,width,55.0 inch
https://m.media-amazon.com/images/I/51u5avGZCdL.jpg,442321,width,86.0 centimetre
https://m.media-amazon.com/images/I/51TQleBL-bL.jpg,442321,width,57.0 inch
https://m.media-amazon.com/images/I/51QXwHOs-mL.jpg,442321,width,59.0 inch
https://m.media-amazon.com/images/I/41ywGJR6luL.jpg,442321,width,120.0 centimetre
https://m.media-amazon.com/images/I/414m31rk1aL.jpg,442321,width,100.0 centimetre
https://m.media-amazon.com/images/I/51PMf5UwrEL.jpg,442321,width,42.1 inch
https://m.media-amazon.com/images/I/51ra8zwxsTL.jpg,442321,width,46.5 inch
https://m.media-amazon.com/images/I/41T+0ZCL52S.jpg,442321,width,132.0 centimetre
https://m.media-amazon.com/images/I/51JeMHEN9WL.jpg,442321,width,80.0 centimetre
https://m.media-amazon.com/images/I/41juFVKr5aS.jpg,442321,width,110.0 centimetre
https://m.media-amazon.com/images/I/515D2hqKnsL.jpg,442321,width,100.0 centimetre
https://m.media-amazon.com/images/I/51I+yrm4P1L.jpg,442321,width,120.0 centimetre
https://m.media-amazon.com/images/I/619IF8L4l-S.jpg,442321,width,120.0 centimetre
https://m.media-amazon.com/images/I/51R-s4u94RL.jpg,442321,width,47.5 inch
https://m.media-amazon.com/images/I/518TTfguElL.jpg,442321,width,1125.0 millimetre
https://m.media-amazon.com/images/I/61AhhjZPCbL.jpg,442321,width,47.2 inch
https://m.media-amazon.com/images/I/51MSLIrA3oS.jpg,442321,width,110.0 centimetre
https://m.media-amazon.com/images/I/51r-MSdyylL.jpg,442321,width,59.1 inch
https://m.media-amazon.com/images/I/619ULOGelbL.jpg,442321,width,43.3 inch
https://m.media-amazon.com/images/I/51W8Co0m2+L.jpg,442321,width,91.0 centimetre
https://m.media-amazon.com/images/I/51niC1ChZIL.jpg,442321,width,55.1 inch
https://m.media-amazon.com/images/I/51sO36j76+L.jpg,442321,width,140.0 centimetre
https://m.media-amazon.com/images/I/51boo0+nrNL.jpg,442321,height,29.5 inch
https://m.media-amazon.com/images/I/61Aix7ltBIL.jpg,442321,height,76.0 centimetre
https://m.media-amazon.com/images/I/61EBfdgui1L.jpg,442321,height,75.0 centimetre
https://m.media-amazon.com/images/I/41N-fsPRceL.jpg,442321,height,74.0 centimetre
https://m.media-amazon.com/images/I/61EP441-W5L.jpg,442321,height,29.5 inch
https://m.media-amazon.com/images/I/51-c9W4VyAL.jpg,442321,height,29.1 inch
https://m.media-amazon.com/images/I/51CEBvfJfAL.jpg,442321,height,92.0 centimetre
https://m.media-amazon.com/images/I/61EkYcGUp8L.jpg,442321,height,30.0 inch
https://m.media-amazon.com/images/I/617jEUxs6ZL.jpg,442321,height,39.5 inch
https://m.media-amazon.com/images/I/51OrzXQSkgL.jpg,442321,height,28.0 inch
https://m.media-amazon.com/images/I/61DYbKZzOPL.jpg,442321,height,29.5 inch
https://m.media-amazon.com/images/I/5174thKENXL.jpg,442321,height,29.5 inch
https://m.media-amazon.com/images/I/51CbT2HU3+L.jpg,442321,height,67.0 centimetre
https://m.media-amazon.com/images/I/31+IPj4pecL.jpg,442321,height,76.0 centimetre
https://m.media-amazon.com/images/I/61CjKuLPGUL.jpg,442321,height,29.5 inch
https://m.media-amazon.com/images/I/61FXrYU7RrL.jpg,442321,height,29.5 inch
https://m.media-amazon.com/images/I/51N-lXNO3BL.jpg,442321,height,29.0 inch
https://m.media-amazon.com/images/I/611MY1szxlL.jpg,442321,height,28.1 inch
https://m.media-amazon.com/images/I/61DjUk9Ld-L.jpg,442321,height,27.5 inch
https://m.media-amazon.com/images/I/619z9AKeFNL.jpg,442321,height,30.0 inch
https://m.media-amazon.com/images/I/61519kxDV+L.jpg,442321,height,70.0 centimetre
https://m.media-amazon.com/images/I/51OXMJVXB1L.jpg,442321,height,76.0 centimetre
https://m.media-amazon.com/images/I/515S5p9apdL.jpg,442321,height,30.0 inch
https://m.media-amazon.com/images/I/617sWsy2KbL.jpg,442321,height,75.0 centimetre
https://m.media-amazon.com/images/I/519n5Pm9axL.jpg,442321,height,29.9 inch
https://m.media-amazon.com/images/I/611vFDz43qL.jpg,442321,height,55.11 inch
https://m.media-amazon.com/images/I/51oWhXPhAlL.jpg,442321,height,47.0 inch
https://m.media-amazon.com/images/I/61DZL6CTdyL.jpg,442321,height,75.0 centimetre
https://m.media-amazon.com/images/I/61DR5q0wD+L.jpg,442321,height,29.5 inch
https://m.media-amazon.com/images/I/51Z-3-XsPyS.jpg,442321,height,28.0 inch
https://m.media-amazon.com/images/I/517s6wwj+QL.jpg,442321,height,30.0 inch
https://m.media-amazon.com/images/I/51Akr7-tgUL.jpg,442321,height,75.0 centimetre
https://m.media-amazon.com/images/I/41gjZImV4yL.jpg,442321,height,81.0 inch
https://m.media-amazon.com/images/I/31p2mDtyLyL.jpg,442321,height,76.45 centimetre
https://m.media-amazon.com/images/I/510+5WGehLL.jpg,442321,height,59.0 inch
https://m.media-amazon.com/images/I/51Zq8hTgbrL.jpg,442321,height,29.9 inch
https://m.media-amazon.com/images/I/41h+SBAP2YL.jpg,442321,height,29.0 inch
https://m.media-amazon.com/images/I/51xTOocYlOS.jpg,442321,height,29.5 inch
https://m.media-amazon.com/images/I/51+Pasfx3ZL.jpg,442321,height,28.0 inch
https://m.media-amazon.com/images/I/51dM-WS+-yL.jpg,442321,height,29.5 inch
https://m.media-amazon.com/images/I/51z4F5aBq8L.jpg,442321,height,72.0 centimetre
https://m.media-amazon.com/images/I/51zC7xuIiAS.jpg,442321,height,72.0 centimetre
https://m.media-amazon.com/images/I/41NxnG4EOrL.jpg,442321,height,29.96 inch
https://m.media-amazon.com/images/I/51MDTq+YJVL.jpg,442321,height,29.1 inch
https://m.media-amazon.com/images/I/51uC86-HpXL.jpg,442321,height,36.0 inch
https://m.media-amazon.com/images/I/51foCmn+Y0L.jpg,442321,height,30.3 inch
https://m.media-amazon.com/images/I/51syz7ap6nL.jpg,442321,height,29.5 inch
https://m.media-amazon.com/images/I/41aNN6rodiS.jpg,442321,height,29.9 inch
https://m.media-amazon.com/images/I/613D0FBOOwL.jpg,442321,height,25.6 inch
https://m.media-amazon.com/images/I/516Gv0T4XiL.jpg,442321,height,25.0 millimetre
https://m.media-amazon.com/images/I/51bcDHeEwSL.jpg,442321,height,27.16 inch
https://m.media-amazon.com/images/I/511dONep2nL.jpg,442321,height,30.0 inch
https://m.media-amazon.com/images/I/51KY6Uy4FFL.jpg,442321,height,29.84 inch
https://m.media-amazon.com/images/I/617Qv0we34L.jpg,442321,height,27.6 inch
https://m.media-amazon.com/images/I/51c-C-hVCIS.jpg,442321,height,91.5 centimetre
https://m.media-amazon.com/images/I/51vC9C9btgL.jpg,442321,height,76.0 centimetre
https://m.media-amazon.com/images/I/51oSFYcZOFL.jpg,442321,height,28.3 inch
https://m.media-amazon.com/images/I/51uFt+7SP9L.jpg,442321,height,58.0 centimetre
https://m.media-amazon.com/images/I/61+p8K3QJvL.jpg,442321,height,145.5 centimetre
https://m.media-amazon.com/images/I/512yDT2y3jL.jpg,442321,height,76.0 centimetre
https://m.media-amazon.com/images/I/51SGYtKc4cL.jpg,442321,height,30.5 inch
https://m.media-amazon.com/images/I/612YLGUuiqL.jpg,442321,height,37.0 inch
https://m.media-amazon.com/images/I/513AqLDJ9YL.jpg,442321,height,30.0 inch
https://m.media-amazon.com/images/I/51X94rwnCvL.jpg,442321,height,28.5 inch
https://m.media-amazon.com/images/I/51-PrbrxxoL.jpg,442321,height,73.0 centimetre
https://m.media-amazon.com/images/I/51pvOImMjQL.jpg,442321,height,29.5 inch
https://m.media-amazon.com/images/I/316fOetG8FL.jpg,442321,height,75.0 centimetre
https://m.media-amazon.com/images/I/41fxkgQf1LL.jpg,442321,height,28.3 inch
https://m.media-amazon.com/images/I/615aNuQvbML.jpg,442321,height,78.3 inch
https://m.media-amazon.com/images/I/51zzUoZw-nL.jpg,442321,height,75.0 centimetre
https://m.media-amazon.com/images/I/61DAQANcFUL.jpg,442321,height,139.0 centimetre
https://m.media-amazon.com/images/I/51zeBdXaCDL.jpg,442321,height,29.5 inch
https://m.media-amazon.com/images/I/61D8TFWQPbL.jpg,442321,height,73.7 centimetre
https://m.media-amazon.com/images/I/51wwSXjGfcL.jpg,442321,height,29.5 inch
https://m.media-amazon.com/images/I/41QVWmsebtL.jpg,442321,height,18.75 inch
https://m.media-amazon.com/images/I/21GDfbuIcDL.jpg,442321,height,74.0 centimetre
https://m.media-amazon.com/images/I/614MDhGgRML.jpg,442321,height,31.0 inch
https://m.media-amazon.com/images/I/619JHT06UcL.jpg,442321,height,45.3 inch
https://m.media-amazon.com/images/I/51OKA+VnbfL.jpg,442321,height,29.5 inch
https://m.media-amazon.com/images/I/51rM0jg2tGL.jpg,442321,height,48.81 inch
https://m.media-amazon.com/images/I/51yYSY4SWcS.jpg,442321,height,30.3 inch
https://m.media-amazon.com/images/I/51vaHx+jwXL.jpg,442321,height,63.0 inch
https://m.media-amazon.com/images/I/21S+NGNIgLL.jpg,442321,height,80.0 centimetre
https://m.media-amazon.com/images/I/5196MBBo+OL.jpg,442321,height,30.0 inch
https://m.media-amazon.com/images/I/514eFGkHCwL.jpg,442321,height,70.9 inch
https://m.media-amazon.com/images/I/41G7ckS22+L.jpg,442321,height,29.5 inch
https://m.media-amazon.com/images/I/31akoaz0syL.jpg,442321,height,73.0 centimetre
https://m.media-amazon.com/images/I/51khi6BL8NL.jpg,442321,height,74.7 centimetre
https://m.media-amazon.com/images/I/61+l1LOAC7L.jpg,442321,height,30.0 inch
https://m.media-amazon.com/images/I/41kHaQav8bL.jpg,442321,height,76.0 centimetre
https://m.media-amazon.com/images/I/61ArMgbxtoL.jpg,442321,height,80.0 centimetre
https://m.media-amazon.com/images/I/51hcDl5ZIPL.jpg,442321,height,75.9 centimetre
https://m.media-amazon.com/images/I/41XWrf-SO4L.jpg,442321,height,73.0 centimetre
https://m.media-amazon.com/images/I/51YoWeZ6nKL.jpg,442321,height,75.5 centimetre
https://m.media-amazon.com/images/I/51s1xc+Q22L.jpg,442321,height,29.9 inch
https://m.media-amazon.com/images/I/61-DWMsL2CL.jpg,442321,height,29.5 inch
https://m.media-amazon.com/images/I/51H5OjI4s5L.jpg,442321,height,75.0 centimetre
https://m.media-amazon.com/images/I/51Sl9xuUQQL.jpg,442321,height,29.88 inch
https://m.media-amazon.com/images/I/517mWX09veL.jpg,442321,height,78.0 centimetre
https://m.media-amazon.com/images/I/61-5zUEqvtL.jpg,442321,height,29.1 inch
https://m.media-amazon.com/images/I/61AkL6ANy6L.jpg,442321,height,58.0 centimetre
https://m.media-amazon.com/images/I/51Go9nOEmpL.jpg,442321,height,27.0 inch
https://m.media-amazon.com/images/I/61BV9n54IrS.jpg,442321,height,28.74 inch
https://m.media-amazon.com/images/I/41B1AMZWN3L.jpg,442321,height,91.19 centimetre
https://m.media-amazon.com/images/I/51VuA4n-SUL.jpg,442321,height,72.0 centimetre
https://m.media-amazon.com/images/I/61Fc+lrVAAS.jpg,442321,height,71.0 centimetre
https://m.media-amazon.com/images/I/41ckZkNo-iL.jpg,442321,height,30.0 inch
https://m.media-amazon.com/images/I/61+L7UyZekL.jpg,442321,height,46.0 inch
https://m.media-amazon.com/images/I/51MnV5h8XIL.jpg,442321,height,3.0 foot
https://m.media-amazon.com/images/I/615Cejll4-L.jpg,442321,height,32.0 inch
https://m.media-amazon.com/images/I/51RsUsW+uXL.jpg,442321,height,90.17 centimetre
https://m.media-amazon.com/images/I/51bGD7-939L.jpg,442321,height,77.0 centimetre
https://m.media-amazon.com/images/I/51SZ3mW+f6L.jpg,442321,height,29.5 inch
https://m.media-amazon.com/images/I/611KrdwLa-L.jpg,442321,height,31.0 inch
https://m.media-amazon.com/images/I/51R4qgtZQlL.jpg,442321,height,29.5 inch
https://m.media-amazon.com/images/I/413+Ts7MyWL.jpg,442321,height,157.0 centimetre
https://m.media-amazon.com/images/I/6116D6hsd8L.jpg,442321,height,46.5 inch
https://m.media-amazon.com/images/I/61FONimbPDL.jpg,442321,height,35.4 inch
https://m.media-amazon.com/images/I/515lalroTeL.jpg,442321,height,730.0 millimetre
https://m.media-amazon.com/images/I/41sHMXzYXUL.jpg,442321,height,22.5 inch
https://m.media-amazon.com/images/I/41ZqDSXgXtL.jpg,442321,height,47.0 inch
https://m.media-amazon.com/images/I/41fy4+T1XOL.jpg,442321,height,72.0 centimetre
https://m.media-amazon.com/images/I/61++IH012tL.jpg,442321,height,76.0 centimetre
https://m.media-amazon.com/images/I/6166JPYOa2L.jpg,442321,height,80.0 centimetre
https://m.media-amazon.com/images/I/41ncguhfRvL.jpg,442321,height,29.1 inch
https://m.media-amazon.com/images/I/51SVlRStgfL.jpg,442321,height,29.5 inch
https://m.media-amazon.com/images/I/510ocoVdiEL.jpg,442321,height,28.3 inch
https://m.media-amazon.com/images/I/41ykdjHc0IL.jpg,442321,height,29.9 inch
https://m.media-amazon.com/images/I/619jgNCr4EL.jpg,442321,height,47.2 inch
https://m.media-amazon.com/images/I/611rCI4anyL.jpg,442321,height,54.7 inch
https://m.media-amazon.com/images/I/41YZSAETlRL.jpg,442321,height,76.0 centimetre
https://m.media-amazon.com/images/I/51pfeMC2yGL.jpg,442321,height,600.0 millimetre
https://m.media-amazon.com/images/I/41zXj9k-CJL.jpg,442321,height,27.0 inch
https://m.media-amazon.com/images/I/61GK5kIyxTL.jpg,442321,height,34.6 inch
https://m.media-amazon.com/images/I/614FdMkLsCL.jpg,442321,height,28.3 inch
https://m.media-amazon.com/images/I/511yENeApVL.jpg,442321,height,25.0 centimetre
https://m.media-amazon.com/images/I/617CoGpdC2L.jpg,442321,height,75.0 centimetre
https://m.media-amazon.com/images/I/61CHKjnrjML.jpg,442321,height,28.74 inch
https://m.media-amazon.com/images/I/61946fe-bTL.jpg,442321,height,27.5 inch
https://m.media-amazon.com/images/I/51aIk32u2tS.jpg,442321,height,76.0 centimetre
https://m.media-amazon.com/images/I/6137bEYHo8L.jpg,442321,height,29.5 inch
https://m.media-amazon.com/images/I/614RoKkX5HL.jpg,442321,height,88.0 centimetre
https://m.media-amazon.com/images/I/616Swl9CxCL.jpg,442321,height,29.5 inch
https://m.media-amazon.com/images/I/6157b5ioRYL.jpg,442321,height,31.0 inch
https://m.media-amazon.com/images/I/617neSFZzDL.jpg,442321,height,41.5 inch
https://m.media-amazon.com/images/I/51QFuJFf4ML.jpg,442321,height,27.36 inch
https://m.media-amazon.com/images/I/61+yFAs1LdL.jpg,442321,height,75.0 centimetre
https://m.media-amazon.com/images/I/51ebP+9l9wL.jpg,442321,height,69.0 centimetre
https://m.media-amazon.com/images/I/51jpBi7msWL.jpg,442321,height,75.0 centimetre
https://m.media-amazon.com/images/I/51w7eRkyAyL.jpg,442321,height,73.7 centimetre
https://m.media-amazon.com/images/I/615BmENBVHL.jpg,442321,height,70.0 centimetre
https://m.media-amazon.com/images/I/51mhpoOt+0L.jpg,442321,height,75.0 centimetre
https://m.media-amazon.com/images/I/613c7fg7cpL.jpg,442321,height,71.0 centimetre
https://m.media-amazon.com/images/I/51GGTQYLy+L.jpg,442321,height,29.3 inch
https://m.media-amazon.com/images/I/614S1hdXeGS.jpg,442321,height,29.0 inch
https://m.media-amazon.com/images/I/5177qNbaqYL.jpg,442321,height,29.1 inch
https://m.media-amazon.com/images/I/51F7gv2kqbL.jpg,442321,height,79.0 centimetre
https://m.media-amazon.com/images/I/617DChGCE6L.jpg,442321,height,71.0 centimetre
https://m.media-amazon.com/images/I/619qG9SzeVL.jpg,442321,height,47.2 inch
https://m.media-amazon.com/images/I/51fcfv78C4L.jpg,442321,height,27.5 inch
https://m.media-amazon.com/images/I/51qkl7lmyrL.jpg,442321,height,105.0 centimetre
https://m.media-amazon.com/images/I/51R-gl3H2DL.jpg,442321,height,75.0 centimetre
https://m.media-amazon.com/images/I/31tFQ9mp8mS.jpg,442321,height,75.0 centimetre
https://m.media-amazon.com/images/I/618YDRdqq-S.jpg,442321,height,30.12 inch
https://m.media-amazon.com/images/I/416LVRnveaL.jpg,442321,height,24.19 inch
https://m.media-amazon.com/images/I/51XtRo4C4ML.jpg,442321,height,71.0 centimetre
https://m.media-amazon.com/images/I/517JlmFn7OL.jpg,442321,height,550.0 millimetre
https://m.media-amazon.com/images/I/610Es1aeIhL.jpg,442321,height,28.94 inch
https://m.media-amazon.com/images/I/51xrK2Xm3oL.jpg,442321,height,28.34 inch
https://m.media-amazon.com/images/I/6191ZZHbIrL.jpg,442321,height,29.5 inch
https://m.media-amazon.com/images/I/41hP6gg9Z2L.jpg,442321,height,76.0 centimetre
https://m.media-amazon.com/images/I/51YjwHeGpfL.jpg,442321,height,29.84 inch
https://m.media-amazon.com/images/I/51Ufk56sTgL.jpg,442321,height,29.3 inch
https://m.media-amazon.com/images/I/51vhY0CP5HL.jpg,442321,height,22.4 inch
https://m.media-amazon.com/images/I/41EhB0FLpIL.jpg,442321,height,29.52 inch
https://m.media-amazon.com/images/I/51OTi9avBIL.jpg,442321,height,27.2 inch
https://m.media-amazon.com/images/I/41KVfWwdA7L.jpg,442321,height,30.0 inch
https://m.media-amazon.com/images/I/616hV4xYcvL.jpg,442321,height,62.0 centimetre
https://m.media-amazon.com/images/I/51RsdgC106L.jpg,442321,height,71.0 centimetre
https://m.media-amazon.com/images/I/51+ujcPgh1L.jpg,442321,height,79.0 centimetre
https://m.media-amazon.com/images/I/613npkhlXyL.jpg,442321,height,29.61 inch
https://m.media-amazon.com/images/I/41I8eKIcEOL.jpg,442321,height,29.5 inch
https://m.media-amazon.com/images/I/511zeDlaVqL.jpg,442321,height,75.0 centimetre
https://m.media-amazon.com/images/I/51Vdh1634uL.jpg,442321,height,28.7 inch
https://m.media-amazon.com/images/I/51acgvCz3sL.jpg,442321,height,76.0 centimetre
https://m.media-amazon.com/images/I/51drXtaQ+aL.jpg,442321,height,25.8 inch
https://m.media-amazon.com/images/I/61AINp3C0hL.jpg,442321,height,29.13 inch
https://m.media-amazon.com/images/I/61AY5ju3pML.jpg,442321,height,31.1 inch
https://m.media-amazon.com/images/I/617FMPMIVUL.jpg,442321,height,720.0 millimetre
https://m.media-amazon.com/images/I/61FIczLw0aL.jpg,442321,height,29.2 inch
https://m.media-amazon.com/images/I/51ry+NC3VGL.jpg,442321,height,50.15 inch
https://m.media-amazon.com/images/I/61819IFHcML.jpg,442321,height,28.0 inch
https://m.media-amazon.com/images/I/51BLxgxXLlL.jpg,442321,height,30.25 inch
https://m.media-amazon.com/images/I/510V3cs8HYL.jpg,442321,height,91.5 centimetre
https://m.media-amazon.com/images/I/51GviNgK-GL.jpg,442321,height,28.7 inch
https://m.media-amazon.com/images/I/51HSxVcehLL.jpg,442321,height,64.0 centimetre
https://m.media-amazon.com/images/I/31RsD1pIwhL.jpg,442321,height,76.1 centimetre
https://m.media-amazon.com/images/I/61CceBgj2oL.jpg,442321,height,25.0 inch
https://m.media-amazon.com/images/I/610AEIbB8VL.jpg,442321,height,30.0 inch
https://m.media-amazon.com/images/I/51Cb2xrhH5L.jpg,442321,height,140.0 centimetre
https://m.media-amazon.com/images/I/41w+sN+Is+L.jpg,442321,height,29.9 inch
https://m.media-amazon.com/images/I/51qwTpRtolL.jpg,442321,height,76.0 centimetre
https://m.media-amazon.com/images/I/513uByXtYhL.jpg,442321,height,29.1 inch
https://m.media-amazon.com/images/I/41paH5INDIL.jpg,442321,height,76.0 centimetre
https://m.media-amazon.com/images/I/415+-AFOqWL.jpg,442321,height,75.0 centimetre
https://m.media-amazon.com/images/I/51DxXaz6ZFL.jpg,442321,height,11.8 inch
https://m.media-amazon.com/images/I/61-maDJQlGL.jpg,442321,height,27.6 inch
https://m.media-amazon.com/images/I/513VRTKYrcL.jpg,442321,height,29.92 inch
https://m.media-amazon.com/images/I/51sXlU+rfmL.jpg,442321,height,76.0 centimetre
https://m.media-amazon.com/images/I/61ApeiYlaHL.jpg,442321,height,30.0 inch
https://m.media-amazon.com/images/I/51r5YznWI1L.jpg,442321,height,29.3 inch
https://m.media-amazon.com/images/I/51Olu9AzhEL.jpg,442321,height,29.5 inch
https://m.media-amazon.com/images/I/51myE8kj31L.jpg,442321,height,75.0 centimetre
https://m.media-amazon.com/images/I/61D9bFAjGRL.jpg,442321,height,29.1 inch
https://m.media-amazon.com/images/I/51eq-fj-sLL.jpg,442321,height,36.0 inch
https://m.media-amazon.com/images/I/6178+EbERpL.jpg,442321,height,29.6 inch
https://m.media-amazon.com/images/I/6199vF5LRFL.jpg,442321,height,28.74 inch
https://m.media-amazon.com/images/I/618o92BO0nL.jpg,442321,height,70.0 centimetre
https://m.media-amazon.com/images/I/51SVrSrjcvL.jpg,442321,height,76.0 centimetre
https://m.media-amazon.com/images/I/51H7tqeDx1L.jpg,442321,height,79.0 centimetre
https://m.media-amazon.com/images/I/61BbIsCnJQL.jpg,442321,height,72.0 centimetre
https://m.media-amazon.com/images/I/51zG-DQc2EL.jpg,442321,height,48.4 inch
https://m.media-amazon.com/images/I/51EFH3sNc0L.jpg,442321,height,71.0 centimetre
https://m.media-amazon.com/images/I/51u6Hl8w3IL.jpg,442321,height,72.0 centimetre
https://m.media-amazon.com/images/I/41ASeDpND6L.jpg,442321,height,75.0 centimetre
https://m.media-amazon.com/images/I/514cWlcdQbL.jpg,442321,height,77.0 centimetre
https://m.media-amazon.com/images/I/61+aidDEucL.jpg,442321,height,78.0 centimetre
https://m.media-amazon.com/images/I/51Wmgep+60L.jpg,442321,height,61.0 centimetre
https://m.media-amazon.com/images/I/61EbSXCkvqL.jpg,442321,height,28.3 inch
https://m.media-amazon.com/images/I/51cg6KoGfiL.jpg,442321,height,75.0 centimetre
https://m.media-amazon.com/images/I/61FqIGQbjpL.jpg,442321,height,36.25 inch
https://m.media-amazon.com/images/I/41eLrebGP8L.jpg,442321,height,76.0 centimetre
https://m.media-amazon.com/images/I/51HdcAM75FL.jpg,442321,height,29.0 inch
https://m.media-amazon.com/images/I/317rBPLfyFL.jpg,442321,height,75.0 centimetre
https://m.media-amazon.com/images/I/613YBVsrC8L.jpg,442321,height,75.0 centimetre
https://m.media-amazon.com/images/I/516vx5U1wcL.jpg,442321,height,73.0 centimetre
https://m.media-amazon.com/images/I/51edMZGqtfL.jpg,442321,height,28.94 inch
https://m.media-amazon.com/images/I/51bE0axKdsL.jpg,442321,height,29.5 inch
https://m.media-amazon.com/images/I/41lU9gDkAUL.jpg,442321,height,74.0 centimetre
https://m.media-amazon.com/images/I/61-D4ElUobL.jpg,442321,height,35.5 inch
https://m.media-amazon.com/images/I/61ExUdsZAZL.jpg,442321,height,29.3 inch
https://m.media-amazon.com/images/I/51dDxftsLcL.jpg,442321,height,29.52 inch
https://m.media-amazon.com/images/I/617a9Tp+DiL.jpg,442321,height,29.0 inch
https://m.media-amazon.com/images/I/41lStBSwWPL.jpg,442321,height,30.5 inch
https://m.media-amazon.com/images/I/310eznI4LxL.jpg,442321,height,28.3 inch
https://m.media-amazon.com/images/I/51zTEr60NvL.jpg,442321,height,29.5 inch
https://m.media-amazon.com/images/I/515iUqWIB0L.jpg,442321,height,72.0 centimetre
https://m.media-amazon.com/images/I/51x4Z-ZMFyL.jpg,442321,height,70.0 centimetre
https://m.media-amazon.com/images/I/51BfTb-TMDL.jpg,442321,height,4.0 centimetre
https://m.media-amazon.com/images/I/51LgKUyIKVL.jpg,442321,height,28.0 inch
https://m.media-amazon.com/images/I/611yMgG31DL.jpg,442321,height,29.53 inch
https://m.media-amazon.com/images/I/41XZWKB25jL.jpg,442321,height,54.33 inch
https://m.media-amazon.com/images/I/51Z1WuGVcUL.jpg,442321,height,28.3 inch
https://m.media-amazon.com/images/I/61BlgQ70MSL.jpg,442321,height,25.6 inch
https://m.media-amazon.com/images/I/618MQAJn+XL.jpg,442321,height,75.0 centimetre
https://m.media-amazon.com/images/I/51HrNbDomgL.jpg,442321,height,28.35 inch
https://m.media-amazon.com/images/I/51Y6ck0AuQL.jpg,442321,height,76.0 centimetre
https://m.media-amazon.com/images/I/51yi435PQhL.jpg,442321,height,29.1 inch
https://m.media-amazon.com/images/I/51t62sRKvZL.jpg,442321,height,30.7 inch
https://m.media-amazon.com/images/I/51YCuNdvS4L.jpg,442321,height,730.0 millimetre
https://m.media-amazon.com/images/I/610GJ4ZJsAL.jpg,442321,height,1220.0 millimetre
https://m.media-amazon.com/images/I/51LRJUfg06L.jpg,442321,height,30.0 inch
https://m.media-amazon.com/images/I/51K094U2cpL.jpg,442321,height,12.0 inch
https://m.media-amazon.com/images/I/51TKszELPZL.jpg,442321,height,72.0 centimetre
https://m.media-amazon.com/images/I/616venfFTjL.jpg,442321,height,69.0 centimetre
https://m.media-amazon.com/images/I/51cXf3WyykL.jpg,442321,height,27.5 inch
https://m.media-amazon.com/images/I/61+8xtJ6O0L.jpg,442321,height,75.0 centimetre
https://m.media-amazon.com/images/I/31ew+d6BE3S.jpg,442321,height,74.0 centimetre
https://m.media-amazon.com/images/I/51MTtdzQKVL.jpg,442321,height,73.0 centimetre
https://m.media-amazon.com/images/I/31QXJxulXTL.jpg,442321,height,29.9 inch
https://m.media-amazon.com/images/I/51GavHM6eRL.jpg,442321,height,27.0 inch
https://m.media-amazon.com/images/I/51Tbf3po95S.jpg,442321,height,35.8 inch
https://m.media-amazon.com/images/I/51JMgGaVPEL.jpg,442321,height,29.72 inch
https://m.media-amazon.com/images/I/510GXNDcTZL.jpg,442321,height,74.9 centimetre
https://m.media-amazon.com/images/I/51qNnpIdg0S.jpg,442321,height,77.0 centimetre
https://m.media-amazon.com/images/I/51vivti4yrL.jpg,442321,height,30.75 inch
https://m.media-amazon.com/images/I/61AYoz2AQmL.jpg,442321,height,29.6 inch
https://m.media-amazon.com/images/I/51qWbXDJeJL.jpg,442321,height,29.1 inch
https://m.media-amazon.com/images/I/614iRoenvnL.jpg,442321,height,30.5 inch
https://m.media-amazon.com/images/I/51kyivSZLEL.jpg,442321,height,70.0 centimetre
https://m.media-amazon.com/images/I/51ZRstsQ6YL.jpg,442321,height,31.0 inch
https://m.media-amazon.com/images/I/61FhzMWz8BL.jpg,442321,height,51.0 centimetre
https://m.media-amazon.com/images/I/61BJYonP4vL.jpg,442321,height,77.0 centimetre
https://m.media-amazon.com/images/I/51TNN8MOGeL.jpg,442321,height,28.3 inch
https://m.media-amazon.com/images/I/41mfySiqpoL.jpg,442321,height,73.0 centimetre
https://m.media-amazon.com/images/I/619Lb7yNySL.jpg,442321,height,29.0 inch
https://m.media-amazon.com/images/I/51RD36Ula9L.jpg,442321,height,29.2 inch
https://m.media-amazon.com/images/I/51CCn+8xpZL.jpg,442321,height,76.0 centimetre
https://m.media-amazon.com/images/I/51ubuHrWTZL.jpg,442321,height,29.5 inch
https://m.media-amazon.com/images/I/61EOfmy6BvL.jpg,442321,height,25.5 inch
https://m.media-amazon.com/images/I/61+6DSbvm4L.jpg,442321,height,30.1 inch
https://m.media-amazon.com/images/I/51PGmJwLVOL.jpg,442321,height,29.5 inch
https://m.media-amazon.com/images/I/51k-xhE3yrL.jpg,442321,height,105.0 centimetre
https://m.media-amazon.com/images/I/51mQuNPaJqL.jpg,442321,height,75.0 centimetre
https://m.media-amazon.com/images/I/51c0NM+vhYL.jpg,442321,height,27.0 inch
https://m.media-amazon.com/images/I/51V+mGgBrQL.jpg,442321,height,28.3 inch
https://m.media-amazon.com/images/I/51KUGW7FWWL.jpg,442321,height,91.5 centimetre
https://m.media-amazon.com/images/I/51Qsl-i-xhL.jpg,442321,height,78.0 centimetre
https://m.media-amazon.com/images/I/510HCnV7lpL.jpg,442321,height,29.0 inch
https://m.media-amazon.com/images/I/617xerEdmXL.jpg,442321,height,30.0 inch
https://m.media-amazon.com/images/I/51FMkhqzBdL.jpg,442321,height,30.3 inch
https://m.media-amazon.com/images/I/616CxJg41bS.jpg,442321,height,27.6 inch
https://m.media-amazon.com/images/I/51Q2xePaeUL.jpg,442321,height,71.0 centimetre
https://m.media-amazon.com/images/I/518i4dNVZ6L.jpg,442321,height,28.0 inch
https://m.media-amazon.com/images/I/41rIze3KfwL.jpg,442321,height,14.5 inch
https://m.media-amazon.com/images/I/6104K6NmcFL.jpg,442321,height,75.5 centimetre
https://m.media-amazon.com/images/I/619e+vttP-L.jpg,442321,height,37.4 inch
https://m.media-amazon.com/images/I/41sqnf9TDSL.jpg,442321,height,76.5 centimetre
https://m.media-amazon.com/images/I/615eV8CDFcL.jpg,442321,height,29.9 inch
https://m.media-amazon.com/images/I/51fYjuLVZYL.jpg,442321,height,29.52 inch
https://m.media-amazon.com/images/I/51REaKmyaAL.jpg,442321,height,29.5 inch
https://m.media-amazon.com/images/I/51N8DQDfZdL.jpg,442321,height,29.9 inch
https://m.media-amazon.com/images/I/41+B0VJszqS.jpg,442321,height,29.5 inch
https://m.media-amazon.com/images/I/51F8z6MZfSL.jpg,442321,height,119.5 centimetre
https://m.media-amazon.com/images/I/511FGGIrtSL.jpg,442321,height,74.0 centimetre
https://m.media-amazon.com/images/I/61CEgT0RmPL.jpg,442321,height,75.0 centimetre
https://m.media-amazon.com/images/I/51tIoVXcGgL.jpg,442321,height,76.0 centimetre
https://m.media-amazon.com/images/I/41FE8o91AdS.jpg,442321,height,29.9 inch
https://m.media-amazon.com/images/I/51d9HS01e6L.jpg,442321,height,51.0 centimetre
https://m.media-amazon.com/images/I/51Q4O6E+MtL.jpg,442321,height,39.38 inch
https://m.media-amazon.com/images/I/610SP2h2FSL.jpg,442321,height,42.3 inch
https://m.media-amazon.com/images/I/51B8aQhuh4L.jpg,442321,height,75.0 centimetre
https://m.media-amazon.com/images/I/41t4MKVDeML.jpg,442321,height,28.35 inch
https://m.media-amazon.com/images/I/6190N41q5JL.jpg,442321,height,28.7 inch
https://m.media-amazon.com/images/I/6129U4MkfFL.jpg,442321,height,76.4 centimetre
https://m.media-amazon.com/images/I/51HFyDWturL.jpg,442321,height,75.3 centimetre
https://m.media-amazon.com/images/I/61F9-CR94BL.jpg,442321,height,36.5 inch
https://m.media-amazon.com/images/I/51CGUSkHEoL.jpg,442321,height,70.0 centimetre
https://m.media-amazon.com/images/I/41vxvIL5K0L.jpg,442321,height,30.0 inch
https://m.media-amazon.com/images/I/51od9+JBSeL.jpg,442321,height,75.0 centimetre
https://m.media-amazon.com/images/I/518NARhcJ3L.jpg,442321,height,90.0 centimetre
https://m.media-amazon.com/images/I/61DdexJ6XYL.jpg,442321,height,73.0 centimetre
https://m.media-amazon.com/images/I/51xrmGD3FZL.jpg,442321,height,30.0 inch
https://m.media-amazon.com/images/I/61Dys3b-OXL.jpg,442321,height,132.0 centimetre
https://m.media-amazon.com/images/I/51xX4qflNLL.jpg,442321,height,29.5 inch
https://m.media-amazon.com/images/I/51C3H2klXSL.jpg,442321,height,29.0 inch
https://m.media-amazon.com/images/I/51BQwX0ewfL.jpg,442321,height,71.0 centimetre
https://m.media-amazon.com/images/I/41QxTsKuQpL.jpg,442321,height,84.8 centimetre
https://m.media-amazon.com/images/I/51kNfkRxTdL.jpg,442321,height,28.3 inch
https://m.media-amazon.com/images/I/61FR1Orr2cL.jpg,442321,height,30.0 inch
https://m.media-amazon.com/images/I/51KVmbHnWwL.jpg,442321,height,75.0 centimetre
https://m.media-amazon.com/images/I/41Kdmhdfs9L.jpg,442321,height,23.62 inch
https://m.media-amazon.com/images/I/51bu7n5nMLL.jpg,442321,height,76.0 centimetre
https://m.media-amazon.com/images/I/41eda-gh5cL.jpg,442321,height,29.1 inch
https://m.media-amazon.com/images/I/61FatpodUyL.jpg,442321,height,63.0 centimetre
https://m.media-amazon.com/images/I/614rgwZwtoL.jpg,442321,height,41.0 inch
https://m.media-amazon.com/images/I/51n-zybRhXL.jpg,442321,height,10.0 inch
https://m.media-amazon.com/images/I/51oRfnAzwqS.jpg,442321,height,75.0 centimetre
https://m.media-amazon.com/images/I/51XO+qEn6yL.jpg,442321,height,29.5 inch
https://m.media-amazon.com/images/I/51iMQDeBoUL.jpg,442321,height,29.5 inch
https://m.media-amazon.com/images/I/51bE7+MHxVL.jpg,442321,height,28.3 inch
https://m.media-amazon.com/images/I/51GSxBgW7OL.jpg,442321,height,24.8 inch
https://m.media-amazon.com/images/I/612t9rslGHL.jpg,442321,height,27.9 inch
https://m.media-amazon.com/images/I/41TfhgZXWsS.jpg,442321,height,75.0 centimetre
https://m.media-amazon.com/images/I/616x+HCG5JL.jpg,442321,height,30.0 inch
https://m.media-amazon.com/images/I/61+7gsV6qcL.jpg,442321,height,75.0 centimetre
https://m.media-amazon.com/images/I/611RzT4J93L.jpg,442321,height,28.07 inch
https://m.media-amazon.com/images/I/613ftSG-cML.jpg,442321,height,30.0 inch
https://m.media-amazon.com/images/I/5196O8WPIGL.jpg,442321,height,29.5 inch
https://m.media-amazon.com/images/I/51nqUehl5xL.jpg,442321,height,29.9 inch
https://m.media-amazon.com/images/I/516Sa+xOW7S.jpg,442321,height,73.0 centimetre
https://m.media-amazon.com/images/I/51eoxyfEiGL.jpg,442321,height,29.5 inch
https://m.media-amazon.com/images/I/611e3a9AysL.jpg,442321,height,73.0 centimetre
https://m.media-amazon.com/images/I/51ed4aqSwKL.jpg,442321,height,32.28 inch
https://m.media-amazon.com/images/I/41RjqIvj+BS.jpg,442321,height,76.0 centimetre
https://m.media-amazon.com/images/I/51V4tBONE0L.jpg,442321,height,29.5 inch
https://m.media-amazon.com/images/I/61DQfsW0QnL.jpg,442321,height,122.0 centimetre
https://m.media-amazon.com/images/I/51CpooDoH1S.jpg,442321,height,30.0 inch
