image_link,group_id,entity_name,entity_value
https://m.media-amazon.com/images/I/71vCZl9YsoL.jpg,296366,item_weight,585.0 gram
https://m.media-amazon.com/images/I/71pf6ScB6FL.jpg,296366,item_weight,2.64 pound
https://m.media-amazon.com/images/I/81j2GiZV-IL.jpg,296366,item_weight,20.0 pound
https://m.media-amazon.com/images/I/71C+bMLnYwL.jpg,296366,item_weight,2.65 pound
https://m.media-amazon.com/images/I/61IxTufXRVL.jpg,296366,item_weight,6.0 pound
https://m.media-amazon.com/images/I/71fRWn-AcjL.jpg,296366,item_weight,1.9 kilogram
https://m.media-amazon.com/images/I/71bLsUKenyL.jpg,296366,item_weight,5.0 gram
https://m.media-amazon.com/images/I/61cLustxGsL.jpg,296366,item_weight,1000.0 gram
https://m.media-amazon.com/images/I/71K4LGS1JzL.jpg,296366,item_weight,380.0 gram
https://m.media-amazon.com/images/I/71u2GCunF1L.jpg,296366,item_weight,1.8 pound
https://m.media-amazon.com/images/I/81DS1NHsvpL.jpg,296366,item_weight,245.0 gram
https://m.media-amazon.com/images/I/61aJPErIeSL.jpg,296366,item_weight,4.0 gram
https://m.media-amazon.com/images/I/71wEPBIstDL.jpg,296366,item_weight,94.0 gram
https://m.media-amazon.com/images/I/71aPf9Gz+IL.jpg,296366,item_weight,1.8 pound
https://m.media-amazon.com/images/I/61f9pMySrAL.jpg,296366,item_weight,38.0 gram
https://m.media-amazon.com/images/I/61G-08DsluL.jpg,296366,item_weight,71.0 gram
https://m.media-amazon.com/images/I/61L3FdrxHRL.jpg,296366,item_weight,12.37 gram
https://m.media-amazon.com/images/I/81xiqbot+oL.jpg,296366,item_weight,47.0 gram
https://m.media-amazon.com/images/I/81eFytwuAyL.jpg,296366,item_weight,4050296395683.0 gram
https://m.media-amazon.com/images/I/811Kd1-qKrL.jpg,296366,item_weight,3.68 pound
https://m.media-amazon.com/images/I/71BzDmXHwuL.jpg,296366,item_weight,1.5 pound
https://m.media-amazon.com/images/I/71ZMK85O-wL.jpg,296366,item_weight,12.0 gram
https://m.media-amazon.com/images/I/51ZidnATxrL.jpg,296366,item_weight,90.0 gram
https://m.media-amazon.com/images/I/613eEsQfC4L.jpg,296366,item_weight,26.2 gram
https://m.media-amazon.com/images/I/613eEsQfC4L.jpg,296366,width,12.0 centimetre
https://m.media-amazon.com/images/I/811Cd5dwF0L.jpg,296366,item_weight,2000.0 kilogram
https://m.media-amazon.com/images/I/611ZAUoI9YL.jpg,296366,item_weight,3.48 kilogram
https://m.media-amazon.com/images/I/71sd46T13hL.jpg,296366,item_weight,0.056 pound
https://m.media-amazon.com/images/I/71wm29f-pQL.jpg,296366,item_weight,25.0 gram
https://m.media-amazon.com/images/I/61Ao4uxsRBL.jpg,296366,item_weight,288.0 gram
https://m.media-amazon.com/images/I/7158JDQySTL.jpg,296366,item_weight,319.0 gram
https://m.media-amazon.com/images/I/61PWomFBTmL.jpg,296366,item_weight,1.3 kilogram
https://m.media-amazon.com/images/I/71A3JGqkaPL.jpg,296366,item_weight,55.0 gram
https://m.media-amazon.com/images/I/61vqg7hJYLL.jpg,296366,item_weight,115.0 gram
https://m.media-amazon.com/images/I/51BByE8NZsL.jpg,296366,item_weight,249.0 gram
https://m.media-amazon.com/images/I/61tSo3AePJL.jpg,296366,item_weight,50.0 kilogram
https://m.media-amazon.com/images/I/71ERye7IEkL.jpg,296366,item_weight,61.0 pound
https://m.media-amazon.com/images/I/61i1rZJ+WcL.jpg,296366,item_weight,350.0 gram
https://m.media-amazon.com/images/I/71onvP+XozL.jpg,296366,item_weight,25.0 gram
https://m.media-amazon.com/images/I/61aTzfOzp1L.jpg,296366,item_weight,2.0 ounce
https://m.media-amazon.com/images/I/71lvX9sn9JL.jpg,296366,item_weight,470.0 gram
https://m.media-amazon.com/images/I/71pBsI2r4HL.jpg,296366,item_weight,27.0 gram
https://m.media-amazon.com/images/I/61QFfzQKoBL.jpg,296366,item_weight,0.0 ounce
https://m.media-amazon.com/images/I/71-pyqBHgGL.jpg,296366,item_weight,57.542857142857144 pound
https://m.media-amazon.com/images/I/61vLhVlVtCL.jpg,296366,item_weight,350.0 gram
https://m.media-amazon.com/images/I/6139of8+HNL.jpg,296366,item_weight,169.0 gram
https://m.media-amazon.com/images/I/7132nJRuX4L.jpg,296366,item_weight,45.0 gram
https://m.media-amazon.com/images/I/61PRVpHRlBL.jpg,296366,item_weight,6.0 gram
https://m.media-amazon.com/images/I/51U35OKN5zL.jpg,296366,item_weight,115.0 gram
https://m.media-amazon.com/images/I/41F4HKL-OvL.jpg,296366,item_weight,32.0 gram
https://m.media-amazon.com/images/I/71+vMXW884L.jpg,296366,item_weight,44.0 gram
https://m.media-amazon.com/images/I/61Dvud7shtL.jpg,296366,item_weight,204.0 gram
https://m.media-amazon.com/images/I/41cMv+WmP5L.jpg,296366,item_weight,1249.0 gram
https://m.media-amazon.com/images/I/71jOsprU1JL.jpg,296366,item_weight,0.45 kilogram
https://m.media-amazon.com/images/I/71Vn277yOgL.jpg,296366,item_weight,21.16 pound
https://m.media-amazon.com/images/I/71-SczKIywL.jpg,296366,item_weight,76.44 pound
https://m.media-amazon.com/images/I/71r6pVHqWrL.jpg,296366,item_weight,106.0 gram
https://m.media-amazon.com/images/I/614KsQXd1AL.jpg,296366,item_weight,249.0 gram
https://m.media-amazon.com/images/I/71Zjwq8iQjL.jpg,296366,item_weight,2.87 pound
https://m.media-amazon.com/images/I/81ua1338wkL.jpg,296366,item_weight,44.0 gram
https://m.media-amazon.com/images/I/61vtIzE8o7L.jpg,296366,item_weight,90.0 gram
https://m.media-amazon.com/images/I/614jRx9YkWL.jpg,296366,item_weight,18.0 gram
https://m.media-amazon.com/images/I/61AZOGt39TL.jpg,296366,item_weight,3.0 pound
https://m.media-amazon.com/images/I/71UL3IncNhL.jpg,296366,item_weight,20.0 pound
https://m.media-amazon.com/images/I/71rTEuO0CuL.jpg,296366,item_weight,4.6 pound
https://m.media-amazon.com/images/I/419hs5wWI5L.jpg,296366,item_weight,1008010981.0 gram
https://m.media-amazon.com/images/I/81GZNU6aPDL.jpg,296366,item_weight,3.0 gram
https://m.media-amazon.com/images/I/71f+kbqZMvL.jpg,296366,item_weight,12.8 gram
https://m.media-amazon.com/images/I/712EBhBV5QL.jpg,296366,item_weight,118.0 gram
https://m.media-amazon.com/images/I/61dG1X76j5L.jpg,296366,item_weight,400.0 gram
https://m.media-amazon.com/images/I/71Oul3TAnLL.jpg,296366,item_weight,155.0 gram
https://m.media-amazon.com/images/I/61cUQLB4rYL.jpg,296366,item_weight,48.0 gram
https://m.media-amazon.com/images/I/61NFipxdccL.jpg,296366,item_weight,2.0 gram
https://m.media-amazon.com/images/I/71UFofawHxL.jpg,296366,item_weight,44.0 gram
https://m.media-amazon.com/images/I/71fcVZTfghL.jpg,296366,item_weight,1.0 kilogram
https://m.media-amazon.com/images/I/710GpYv9vVL.jpg,296366,item_weight,465.0 gram
https://m.media-amazon.com/images/I/61UzJ8qkbUL.jpg,296366,item_weight,0.0 gram
https://m.media-amazon.com/images/I/7149H50m9wL.jpg,296366,item_weight,211.0 gram
https://m.media-amazon.com/images/I/41DSWEuLqNL.jpg,296366,item_weight,1.0 gram
https://m.media-amazon.com/images/I/71x7YgHFtPL.jpg,296366,item_weight,60.0 gram
https://m.media-amazon.com/images/I/81G7euW9ySL.jpg,296366,item_weight,245.0 gram
https://m.media-amazon.com/images/I/61YSNepQ2PL.jpg,296366,item_weight,0.5 kilogram
https://m.media-amazon.com/images/I/71xKMxTYTbL.jpg,296366,item_weight,0.8 pound
https://m.media-amazon.com/images/I/51MygdaB8VL.jpg,296366,item_weight,16.5 gram
https://m.media-amazon.com/images/I/61IrQNb4tXL.jpg,296366,item_weight,320.0 gram
https://m.media-amazon.com/images/I/51MwpC0iR7L.jpg,296366,item_weight,1008010981.0 gram
https://m.media-amazon.com/images/I/71ietsmUqBL.jpg,296366,item_weight,708.0 gram
https://m.media-amazon.com/images/I/51gBjXbDm0L.jpg,296366,item_weight,0.01 ounce
https://m.media-amazon.com/images/I/618ngBKQmzL.jpg,296366,item_weight,0.6 kilogram
https://m.media-amazon.com/images/I/81vcedcyyIL.jpg,296366,item_weight,1.15 pound
https://m.media-amazon.com/images/I/811ZE6eAM7L.jpg,296366,item_weight,245.0 gram
https://m.media-amazon.com/images/I/51c3iDkOKxL.jpg,296366,item_weight,105.0 gram
https://m.media-amazon.com/images/I/61AE-bRvYhL.jpg,296366,item_weight,152.0 gram
https://m.media-amazon.com/images/I/81ZIPreDflL.jpg,296366,item_weight,1.39 pound
https://m.media-amazon.com/images/I/61Bfxi4SkmL.jpg,296366,item_weight,0.25 pound
https://m.media-amazon.com/images/I/61Bfxi4SkmL.jpg,296366,width,3.5 inch
https://m.media-amazon.com/images/I/61G66BJZURL.jpg,296366,item_weight,38.0 gram
https://m.media-amazon.com/images/I/71ifSZhyAOL.jpg,296366,item_weight,17.0 gram
https://m.media-amazon.com/images/I/71q4GmtWWpL.jpg,296366,item_weight,400.0 gram
https://m.media-amazon.com/images/I/812smJhnhYL.jpg,296366,item_weight,2000.0 kilogram
https://m.media-amazon.com/images/I/61vmiNfNXzL.jpg,296366,item_weight,17.8 gram
https://m.media-amazon.com/images/I/71stOK-aiaL.jpg,296366,item_weight,700.0 gram
https://m.media-amazon.com/images/I/51FazHNtQFL.jpg,296366,item_weight,2.6 kilogram
https://m.media-amazon.com/images/I/71wVhwBFHuL.jpg,296366,item_weight,1.34 kilogram
https://m.media-amazon.com/images/I/61Tkrl4XazL.jpg,296366,item_weight,647909.0 gram
https://m.media-amazon.com/images/I/61mM3DJpNnL.jpg,296366,item_weight,8.0 gram
https://m.media-amazon.com/images/I/81pxOsQtVmL.jpg,296366,item_weight,1.48 kilogram
https://m.media-amazon.com/images/I/61722xDs0GL.jpg,296366,item_weight,3.0 pound
https://m.media-amazon.com/images/I/61tBuRnvBeL.jpg,296366,item_weight,410.0 gram
https://m.media-amazon.com/images/I/71UhJQ9XRCL.jpg,296366,item_weight,0.5 pound
https://m.media-amazon.com/images/I/71F9qRuS4QL.jpg,296366,item_weight,18650.0 pound
https://m.media-amazon.com/images/I/61kR4EF4x8L.jpg,296366,item_weight,22.0 pound
https://m.media-amazon.com/images/I/61iX5NQcfEL.jpg,296366,item_weight,1000.0 gram
https://m.media-amazon.com/images/I/716xXAjPB1L.jpg,296366,item_weight,400.0 gram
https://m.media-amazon.com/images/I/71k1xjiJxgL.jpg,296366,item_weight,44.0 gram
https://m.media-amazon.com/images/I/510DybEPxTL.jpg,296366,item_weight,1.9 kilogram
https://m.media-amazon.com/images/I/51BLJJwmLWL.jpg,296366,item_weight,320.0 gram
https://m.media-amazon.com/images/I/81taO63RHQL.jpg,296366,item_weight,2.43 pound
https://m.media-amazon.com/images/I/51fdDVi7PXL.jpg,296366,item_weight,2.8 gram
https://m.media-amazon.com/images/I/71gZCc6EClL.jpg,296366,item_weight,50.0 kilogram
https://m.media-amazon.com/images/I/61UzlPVPZjL.jpg,296366,item_weight,3.0 kilogram
https://m.media-amazon.com/images/I/61R0-XGxzIL.jpg,296366,item_weight,4.0 pound
https://m.media-amazon.com/images/I/61OpEwBSm9L.jpg,296366,item_weight,29.2 gram
https://m.media-amazon.com/images/I/61cQHVk7eFL.jpg,296366,item_weight,3.0 kilogram
https://m.media-amazon.com/images/I/61T3LvqdUpL.jpg,296366,item_weight,71.0 gram
https://m.media-amazon.com/images/I/51seEEu6Q4L.jpg,296366,item_weight,14.0 gram
https://m.media-amazon.com/images/I/81N7E8UimZL.jpg,296366,item_weight,60.0 gram
https://m.media-amazon.com/images/I/716Pnbkgb2L.jpg,296366,item_weight,4.0 gram
https://m.media-amazon.com/images/I/61IwBj7puEL.jpg,296366,item_weight,2.25 pound
https://m.media-amazon.com/images/I/41uNqQ+jZAL.jpg,296366,item_weight,2019.0 gram
https://m.media-amazon.com/images/I/71ZHu9lAirL.jpg,296366,item_weight,1.0 ounce
https://m.media-amazon.com/images/I/71BHD4nKSSL.jpg,296366,item_weight,330.0 gram
https://m.media-amazon.com/images/I/61JgOxu1bCL.jpg,296366,item_weight,249.0 gram
https://m.media-amazon.com/images/I/711Vy-EuFoL.jpg,296366,item_weight,77.0 gram
https://m.media-amazon.com/images/I/51T2B4rgPzL.jpg,296366,item_weight,29.0 gram
https://m.media-amazon.com/images/I/61P0IJrB2HL.jpg,296366,item_weight,3.0 pound
https://m.media-amazon.com/images/I/61zBQc2ePmL.jpg,296366,item_weight,29.2 gram
https://m.media-amazon.com/images/I/713ZtY1b7gL.jpg,296366,item_weight,44.0 gram
https://m.media-amazon.com/images/I/51TkDIcKDcL.jpg,296366,item_weight,1011121802.0 gram
https://m.media-amazon.com/images/I/81hHxuRaRaL.jpg,296366,item_weight,2000.0 kilogram
https://m.media-amazon.com/images/I/71zCsq-th6L.jpg,296366,item_weight,260.0 gram
https://m.media-amazon.com/images/I/51JkbQmx-QL.jpg,296366,item_weight,3.36 kilogram
https://m.media-amazon.com/images/I/719s6d6-kUL.jpg,296366,item_weight,68.5 gram
https://m.media-amazon.com/images/I/514-lwF8mfL.jpg,296366,item_weight,5.0 kilogram
https://m.media-amazon.com/images/I/616KsPO3ypL.jpg,296366,item_weight,105.0 gram
https://m.media-amazon.com/images/I/71v3e3f182L.jpg,296366,item_weight,1.1 pound
https://m.media-amazon.com/images/I/616YZ5ueRoL.jpg,296366,item_weight,400.0 gram
https://m.media-amazon.com/images/I/91ewM+Ln0HL.jpg,296366,item_weight,5.0 gram
https://m.media-amazon.com/images/I/71PxCxV3SNL.jpg,296366,item_weight,118.0 gram
https://m.media-amazon.com/images/I/51c7tZNsS3L.jpg,296366,item_weight,55.0 gram
https://m.media-amazon.com/images/I/61qJJshtHWL.jpg,296366,item_weight,8888.0 milligram
https://m.media-amazon.com/images/I/61XZNWxnXbL.jpg,296366,item_weight,40.0 gram
https://m.media-amazon.com/images/I/616--NsMDHL.jpg,296366,item_weight,22.0 pound
https://m.media-amazon.com/images/I/51yImNCmfkL.jpg,296366,item_weight,7.4 gram
https://m.media-amazon.com/images/I/71FQw7MBp2L.jpg,296366,item_weight,2.43 pound
https://m.media-amazon.com/images/I/61pyEbCeMdL.jpg,296366,item_weight,20.0 pound
https://m.media-amazon.com/images/I/51A0AqH12wL.jpg,296366,item_weight,5.3 pound
https://m.media-amazon.com/images/I/717S6ai3UWL.jpg,296366,item_weight,9.5 pound
https://m.media-amazon.com/images/I/61ckhkvpmdL.jpg,296366,item_weight,17.0 ounce
https://m.media-amazon.com/images/I/71nzrxBCc4L.jpg,296366,item_weight,400.0 gram
https://m.media-amazon.com/images/I/71p-KO30wBL.jpg,296366,item_weight,60.0 gram
https://m.media-amazon.com/images/I/71WzUGddv8L.jpg,296366,item_weight,340.0 gram
https://m.media-amazon.com/images/I/518SHrHjYoL.jpg,296366,item_weight,1.3 kilogram
https://m.media-amazon.com/images/I/81hPwcJDj9L.jpg,296366,item_weight,3.6 kilogram
https://m.media-amazon.com/images/I/61tLi4OuWML.jpg,296366,item_weight,55.4 gram
https://m.media-amazon.com/images/I/717gTHojKuL.jpg,296366,item_weight,775.0 gram
https://m.media-amazon.com/images/I/817o4eOEabL.jpg,296366,item_weight,2000.0 kilogram
https://m.media-amazon.com/images/I/81UY++doksL.jpg,296366,item_weight,94.0 gram
https://m.media-amazon.com/images/I/81sNBpunACL.jpg,296366,item_weight,4.8 pound
https://m.media-amazon.com/images/I/71hsBTcpN6L.jpg,296366,item_weight,77.0 gram
https://m.media-amazon.com/images/I/813FqLffgsL.jpg,296366,item_weight,18.0 ounce
https://m.media-amazon.com/images/I/61-AiIO5raL.jpg,296366,width,6.54 inch
https://m.media-amazon.com/images/I/51btr6+yImL.jpg,296366,width,21.0 centimetre
https://m.media-amazon.com/images/I/61E9M2uTaDL.jpg,296366,width,58.0 millimetre
https://m.media-amazon.com/images/I/611fZz5hh6L.jpg,296366,width,40.0 millimetre
https://m.media-amazon.com/images/I/51nhOswXlvS.jpg,296366,width,13.0 centimetre
https://m.media-amazon.com/images/I/51nhOswXlvS.jpg,296366,height,3.0 centimetre
https://m.media-amazon.com/images/I/51GrqRRPJkL.jpg,296366,width,85.0 millimetre
https://m.media-amazon.com/images/I/61+hqpWszgL.jpg,296366,width,11.0 inch
https://m.media-amazon.com/images/I/51gM9MIq+ZL.jpg,296366,width,8.5 centimetre
https://m.media-amazon.com/images/I/51Pa9HA+gWL.jpg,296366,width,62.0 millimetre
https://m.media-amazon.com/images/I/61EdlHNo5uL.jpg,296366,width,170.0 millimetre
https://m.media-amazon.com/images/I/61FFYPVyv2L.jpg,296366,width,2.0 inch
https://m.media-amazon.com/images/I/61+d6wyrV9L.jpg,296366,width,151.0 millimetre
https://m.media-amazon.com/images/I/61D0E+9klmL.jpg,296366,width,4.7 centimetre
https://m.media-amazon.com/images/I/51W+kXHxj5L.jpg,296366,width,4.75 inch
https://m.media-amazon.com/images/I/61BQTbnMEdL.jpg,296366,width,4.55 inch
https://m.media-amazon.com/images/I/6119Y1PyPtL.jpg,296366,width,4.3 inch
https://m.media-amazon.com/images/I/614f8lCTo1L.jpg,296366,width,3.0 inch
https://m.media-amazon.com/images/I/51ocAdfOqZL.jpg,296366,width,4.13 inch
https://m.media-amazon.com/images/I/51wdjDm-ptL.jpg,296366,width,25.0 centimetre
https://m.media-amazon.com/images/I/614GJg53thL.jpg,296366,width,17.0 centimetre
https://m.media-amazon.com/images/I/51M6jluwCIL.jpg,296366,width,54.0 millimetre
https://m.media-amazon.com/images/I/6180MKcYA1S.jpg,296366,width,25.5 centimetre
https://m.media-amazon.com/images/I/511M+1hi0ML.jpg,296366,width,3.15 inch
https://m.media-amazon.com/images/I/616sm1yXUJL.jpg,296366,width,8.7 centimetre
https://m.media-amazon.com/images/I/612ZT5ozLqS.jpg,296366,width,7.5 inch
https://m.media-amazon.com/images/I/51CZamHK0kS.jpg,296366,width,3.93 inch
https://m.media-amazon.com/images/I/61+BktEgdfL.jpg,296366,width,3.0 inch
https://m.media-amazon.com/images/I/51a96Nt41RL.jpg,296366,width,1.3 inch
https://m.media-amazon.com/images/I/61DMD702BuL.jpg,296366,width,180.0 millimetre
https://m.media-amazon.com/images/I/51rQOqongrL.jpg,296366,width,125.0 millimetre
https://m.media-amazon.com/images/I/51rQOqongrL.jpg,296366,height,58.0 millimetre
https://m.media-amazon.com/images/I/61EtA5cXLBL.jpg,296366,width,11.5 inch
https://m.media-amazon.com/images/I/61EtA5cXLBL.jpg,296366,height,33.5 inch
https://m.media-amazon.com/images/I/51Yq0jiWA+L.jpg,296366,width,6.3 centimetre
https://m.media-amazon.com/images/I/51Yq0jiWA+L.jpg,296366,height,7.2 centimetre
https://m.media-amazon.com/images/I/51lTRv9Rc6L.jpg,296366,width,3.5 inch
https://m.media-amazon.com/images/I/51friEQQlcL.jpg,296366,width,40.0 millimetre
https://m.media-amazon.com/images/I/61E2o9HeuDL.jpg,296366,width,88.0 millimetre
https://m.media-amazon.com/images/I/51+fn6wM9TL.jpg,296366,width,69.0 millimetre
https://m.media-amazon.com/images/I/51-Ui85sf7L.jpg,296366,width,230.0 millimetre
https://m.media-amazon.com/images/I/61CpUwpKRhL.jpg,296366,width,5.71 inch
https://m.media-amazon.com/images/I/61CpUwpKRhL.jpg,296366,height,1.38 inch
https://m.media-amazon.com/images/I/611rj3HcclL.jpg,296366,width,23.0 centimetre
https://m.media-amazon.com/images/I/61+b5I8eKBL.jpg,296366,width,435.0 millimetre
https://m.media-amazon.com/images/I/61FR-Il56gL.jpg,296366,width,9.0 inch
https://m.media-amazon.com/images/I/6135FI1xeLL.jpg,296366,width,2.99 inch
https://m.media-amazon.com/images/I/616R-Cb7BVL.jpg,296366,width,4.0 inch
https://m.media-amazon.com/images/I/615FZbYnjnL.jpg,296366,width,4.7 centimetre
https://m.media-amazon.com/images/I/51bbyMHJhVL.jpg,296366,width,72.0 millimetre
https://m.media-amazon.com/images/I/510IiOIkjdL.jpg,296366,width,40.0 millimetre
https://m.media-amazon.com/images/I/51GK204FeEL.jpg,296366,width,14.0 inch
https://m.media-amazon.com/images/I/61CEn8oH-ML.jpg,296366,width,10.0 centimetre
https://m.media-amazon.com/images/I/51nfJqNufsL.jpg,296366,width,7.5 centimetre
https://m.media-amazon.com/images/I/61Cwqa5h3GL.jpg,296366,width,150.0 millimetre
https://m.media-amazon.com/images/I/614cuzz3gVL.jpg,296366,width,5.0 inch
https://m.media-amazon.com/images/I/61G6mB9PvLL.jpg,296366,width,8.0 inch
https://m.media-amazon.com/images/I/51+Z1b-4rYL.jpg,296366,height,0.59 inch
https://m.media-amazon.com/images/I/51k39QVditL.jpg,296366,height,0.43 inch
https://m.media-amazon.com/images/I/51c0OGm7pHL.jpg,296366,height,1.25 inch
https://m.media-amazon.com/images/I/61Cm0vPa4TL.jpg,296366,height,0.6666666666666666 inch
https://m.media-amazon.com/images/I/6191bI6UgqL.jpg,296366,height,3.8 inch
https://m.media-amazon.com/images/I/614SMk61yhL.jpg,296366,height,4.7 centimetre
https://m.media-amazon.com/images/I/51Zk-O7fA-L.jpg,296366,height,1.0 inch
https://m.media-amazon.com/images/I/617vUbSHz0L.jpg,296366,height,40.7 millimetre
https://m.media-amazon.com/images/I/511jINPxbCL.jpg,296366,height,7.0 centimetre
https://m.media-amazon.com/images/I/61EC8bYwkDL.jpg,296366,height,3.34 inch
https://m.media-amazon.com/images/I/4119Q6tu1xL.jpg,296366,height,2.0 inch
https://m.media-amazon.com/images/I/6144AkT7+DL.jpg,296366,height,9.25 inch
https://m.media-amazon.com/images/I/617-fmCu1hL.jpg,296366,height,1.25 inch
https://m.media-amazon.com/images/I/614NmdKXkPL.jpg,296366,height,4.3 inch
https://m.media-amazon.com/images/I/61BNvnae+uL.jpg,296366,height,19.0 millimetre
https://m.media-amazon.com/images/I/612tSTPHTqL.jpg,296366,height,1.25 inch
https://m.media-amazon.com/images/I/512qtjps-GL.jpg,296366,height,4.0 inch
https://m.media-amazon.com/images/I/51lB68kn9HL.jpg,296366,height,19.5 centimetre
https://m.media-amazon.com/images/I/61Fv2uaumAL.jpg,296366,height,28.0 centimetre
https://m.media-amazon.com/images/I/616nABkbVxS.jpg,296366,height,87.0 millimetre
https://m.media-amazon.com/images/I/61AKtvyfFnL.jpg,296366,height,1.63 inch
https://m.media-amazon.com/images/I/619JHimODVL.jpg,296366,height,5.1 centimetre
https://m.media-amazon.com/images/I/51pwAm3BLjL.jpg,296366,height,2.0 inch
https://m.media-amazon.com/images/I/519SWK7PwQL.jpg,296366,height,40.0 millimetre
https://m.media-amazon.com/images/I/615lDH60gbL.jpg,296366,height,1.04 inch
https://m.media-amazon.com/images/I/51VRuTpw0LS.jpg,296366,height,2.0 centimetre
https://m.media-amazon.com/images/I/610zsGW-dCL.jpg,296366,height,2.7 inch
https://m.media-amazon.com/images/I/51rZd-zhwKL.jpg,296366,height,0.59 inch
https://m.media-amazon.com/images/I/616+YPk7UpL.jpg,296366,height,58.8 millimetre
https://m.media-amazon.com/images/I/61-fN9MCYIS.jpg,296366,height,4.0 centimetre
https://m.media-amazon.com/images/I/51T0MH7P7mL.jpg,296366,height,0.5 inch
https://m.media-amazon.com/images/I/61-a-t8i4WL.jpg,296366,height,9.0 inch
https://m.media-amazon.com/images/I/61+mhY+oQzL.jpg,296366,height,0.47 inch
https://m.media-amazon.com/images/I/61Dvlf3MP-L.jpg,296366,height,47.0 millimetre
https://m.media-amazon.com/images/I/619HaGNTVDL.jpg,296366,height,1.0 inch
https://m.media-amazon.com/images/I/61AQcUwva4L.jpg,296366,height,1.0 inch
https://m.media-amazon.com/images/I/6124HiPuz9L.jpg,296366,height,0.95 inch
https://m.media-amazon.com/images/I/51DFuQgtvBL.jpg,296366,height,279.0 millimetre
https://m.media-amazon.com/images/I/51hgtPGrrHL.jpg,296366,height,25.0 millimetre
https://m.media-amazon.com/images/I/614mOq8-RsL.jpg,296366,height,0.6 centimetre
https://m.media-amazon.com/images/I/618uncjMy4L.jpg,296366,height,107.0 millimetre
https://m.media-amazon.com/images/I/5193EcnaQ0L.jpg,296366,height,65.0 millimetre
https://m.media-amazon.com/images/I/51OFcCF9DvL.jpg,296366,height,1.0 metre
https://m.media-amazon.com/images/I/51pYF8mbDiS.jpg,296366,height,5.5 millimetre
https://m.media-amazon.com/images/I/51pY9XR6moL.jpg,296366,height,1.0 inch
https://m.media-amazon.com/images/I/61G3ipq13HL.jpg,296366,height,15.0 centimetre
https://m.media-amazon.com/images/I/51jLLD0WCuL.jpg,296366,height,2.36 inch
https://m.media-amazon.com/images/I/615ecSsHm+L.jpg,296366,height,1200.0 millimetre
https://m.media-amazon.com/images/I/612r4GGfCdL.jpg,296366,height,11.0 centimetre
https://m.media-amazon.com/images/I/518kOfYVMeL.jpg,296366,height,22.0 millimetre
https://m.media-amazon.com/images/I/6177dxk2EkL.jpg,296366,height,16.0 millimetre
https://m.media-amazon.com/images/I/612n7TvLBqL.jpg,296366,height,2.0 inch
https://m.media-amazon.com/images/I/4108+NvvuuL.jpg,296366,height,58.0 millimetre
https://m.media-amazon.com/images/I/512wQg+12EL.jpg,296366,height,150.0 millimetre
https://m.media-amazon.com/images/I/617PVp+X9gS.jpg,296366,height,2.4 inch
https://m.media-amazon.com/images/I/614WTxcqlJL.jpg,296366,height,78.0 millimetre
https://m.media-amazon.com/images/I/618V7So9b+L.jpg,296366,height,4.0 centimetre
https://m.media-amazon.com/images/I/51tx2yu8biL.jpg,296366,height,5.5 centimetre
https://m.media-amazon.com/images/I/612T28Ulu0L.jpg,296366,height,51.0 millimetre
https://m.media-amazon.com/images/I/61GE2X1VpiL.jpg,296366,height,18.0 millimetre
https://m.media-amazon.com/images/I/41LpLVq112L.jpg,296366,height,2.5 centimetre
https://m.media-amazon.com/images/I/51dwE82DnyL.jpg,296366,height,78.0 millimetre
https://m.media-amazon.com/images/I/51dYGzTABWL.jpg,296366,height,5.5 millimetre
https://m.media-amazon.com/images/I/51Umd6qqneL.jpg,296366,height,30.0 millimetre
https://m.media-amazon.com/images/I/618Caa6TbZL.jpg,296366,height,8.0 millimetre
https://m.media-amazon.com/images/I/413g9z5xy6L.jpg,296366,height,5.0 centimetre
https://m.media-amazon.com/images/I/61-djITSIcL.jpg,296366,height,3.7 centimetre
https://m.media-amazon.com/images/I/61D7Mh1DSKL.jpg,296366,height,1.77 inch
https://m.media-amazon.com/images/I/610OkW8fOML.jpg,296366,height,110.0 millimetre
https://m.media-amazon.com/images/I/615lfq8kvkL.jpg,296366,height,0.5 inch
https://m.media-amazon.com/images/I/614oUHUu7KL.jpg,296366,height,13.0 inch
https://m.media-amazon.com/images/I/61EaCWyK1hL.jpg,296366,height,25.0 millimetre
https://m.media-amazon.com/images/I/615cvNzGoBL.jpg,296366,height,38.5 inch
https://m.media-amazon.com/images/I/51FCRHJxW3L.jpg,296366,height,60.0 centimetre
https://m.media-amazon.com/images/I/6142-t417eL.jpg,296366,height,3.2 centimetre
https://m.media-amazon.com/images/I/51fP3Rh7XsL.jpg,296366,height,2.4 inch
https://m.media-amazon.com/images/I/51Tv78phT9L.jpg,296366,height,2.0 inch
https://m.media-amazon.com/images/I/61Dww3S8FqL.jpg,296366,height,2.0 inch
https://m.media-amazon.com/images/I/419gd4M-G-L.jpg,296366,height,127.0 millimetre
https://m.media-amazon.com/images/I/6139fihsrAL.jpg,296366,height,3.56 inch
https://m.media-amazon.com/images/I/61ASwV0TwYL.jpg,296366,height,13.11 inch
https://m.media-amazon.com/images/I/617YIe8MVrL.jpg,296366,height,3.32 inch
https://m.media-amazon.com/images/I/51cBLjbyD2L.jpg,296366,height,25.0 millimetre
https://m.media-amazon.com/images/I/614WE-pmiJL.jpg,296366,height,25.0 millimetre
https://m.media-amazon.com/images/I/41Y5E6zQGuL.jpg,296366,height,5.5 millimetre
https://m.media-amazon.com/images/I/51gDTlsKyqL.jpg,296366,height,2.8 centimetre
https://m.media-amazon.com/images/I/51jphvhr--L.jpg,296366,height,1.0 inch
