image_link,group_id,entity_name,entity_value
https://m.media-amazon.com/images/I/51uvjiRkMXL.jpg,245652,width,10.0 centimetre
https://m.media-amazon.com/images/I/611YtKSSpQL.jpg,245652,width,12.5 centimetre
https://m.media-amazon.com/images/I/611YtKSSpQL.jpg,245652,depth,12.5 centimetre
https://m.media-amazon.com/images/I/51hjwUagljL.jpg,245652,width,0.9 inch
https://m.media-amazon.com/images/I/51rAhaevBDL.jpg,245652,width,15.0 centimetre
https://m.media-amazon.com/images/I/61A8JnB19uL.jpg,245652,width,8.5 centimetre
https://m.media-amazon.com/images/I/51m+ThW0qLL.jpg,245652,width,21.0 centimetre
https://m.media-amazon.com/images/I/41mKzasrl1L.jpg,245652,width,175.0 millimetre
https://m.media-amazon.com/images/I/41mKzasrl1L.jpg,245652,depth,175.0 millimetre
https://m.media-amazon.com/images/I/61FZnNdproL.jpg,245652,width,8.0 centimetre
https://m.media-amazon.com/images/I/510AaY3dcFL.jpg,245652,width,1.65 inch
https://m.media-amazon.com/images/I/51nO+RyByOL.jpg,245652,width,7.5 centimetre
https://m.media-amazon.com/images/I/51t5GevujjL.jpg,245652,width,10.1 centimetre
https://m.media-amazon.com/images/I/511QAvu9kNL.jpg,245652,width,8.5 centimetre
https://m.media-amazon.com/images/I/517zKLyCVJL.jpg,245652,width,7.5 centimetre
https://m.media-amazon.com/images/I/41dZaSvbxPL.jpg,245652,width,6.3 centimetre
https://m.media-amazon.com/images/I/418TX4La8aL.jpg,245652,width,9.2 centimetre
https://m.media-amazon.com/images/I/61-9ANINWoL.jpg,245652,width,11.0 centimetre
https://m.media-amazon.com/images/I/41DNjCWxcmL.jpg,245652,width,5.5 centimetre
https://m.media-amazon.com/images/I/51XxXl4+zmL.jpg,245652,width,13.0 centimetre
https://m.media-amazon.com/images/I/51XxXl4+zmL.jpg,245652,depth,13.0 centimetre
https://m.media-amazon.com/images/I/51yg6+lDtnL.jpg,245652,width,14.0 centimetre
https://m.media-amazon.com/images/I/51WDTPPPhnL.jpg,245652,width,14.8 millimetre
https://m.media-amazon.com/images/I/51vJnDS6tnL.jpg,245652,width,8.7 inch
https://m.media-amazon.com/images/I/51Gl44LdqfL.jpg,245652,width,1.4 inch
https://m.media-amazon.com/images/I/61+SLDNIkCL.jpg,245652,width,8.0 centimetre
https://m.media-amazon.com/images/I/51w1JVwq4eS.jpg,245652,width,3.94 inch
https://m.media-amazon.com/images/I/51V0Vw06-wL.jpg,245652,width,9.5 centimetre
https://m.media-amazon.com/images/I/31847BLaXeL.jpg,245652,width,30.0 centimetre
https://m.media-amazon.com/images/I/51NVGEYESPL.jpg,245652,width,5.0 inch
https://m.media-amazon.com/images/I/51ppoJrf+UL.jpg,245652,width,10.0 centimetre
https://m.media-amazon.com/images/I/618Ut79KWYL.jpg,245652,width,2.36 inch
https://m.media-amazon.com/images/I/51Baow6009L.jpg,245652,width,3.93 inch
https://m.media-amazon.com/images/I/51TkBb1bFPS.jpg,245652,width,0.59 inch
https://m.media-amazon.com/images/I/61COL5586fL.jpg,245652,width,10.0 centimetre
https://m.media-amazon.com/images/I/51uXTHeI84L.jpg,245652,width,4.1 inch
https://m.media-amazon.com/images/I/61Fhh9B-ILS.jpg,245652,width,4.0 inch
https://m.media-amazon.com/images/I/51fzhXhZTfL.jpg,245652,width,9.2 centimetre
https://m.media-amazon.com/images/I/51uZ7agORhL.jpg,245652,width,10.0 centimetre
https://m.media-amazon.com/images/I/41NYr+Oy7eL.jpg,245652,width,5.5 inch
https://m.media-amazon.com/images/I/51Z5hlQoGdL.jpg,245652,width,3.15 inch
https://m.media-amazon.com/images/I/615mNX4EcpL.jpg,245652,width,8.0 centimetre
https://m.media-amazon.com/images/I/412FL0g3vrL.jpg,245652,width,2.0 centimetre
https://m.media-amazon.com/images/I/61AlCJd74ML.jpg,245652,width,3.11 inch
https://m.media-amazon.com/images/I/41frz7qkJXL.jpg,245652,width,9.5 centimetre
https://m.media-amazon.com/images/I/51PhUYtWOoL.jpg,245652,width,2.0 inch
https://m.media-amazon.com/images/I/51PhUYtWOoL.jpg,245652,depth,5.9 inch
https://m.media-amazon.com/images/I/5171U4f-1UL.jpg,245652,width,19.0 centimetre
https://m.media-amazon.com/images/I/51nR3IqeAeL.jpg,245652,width,11.5 centimetre
https://m.media-amazon.com/images/I/51YeHVSy6uL.jpg,245652,width,1.33 inch
https://m.media-amazon.com/images/I/51YeHVSy6uL.jpg,245652,depth,9.25 inch
https://m.media-amazon.com/images/I/51lJq290rmL.jpg,245652,width,14.3 centimetre
https://m.media-amazon.com/images/I/51lJq290rmL.jpg,245652,depth,14.3 centimetre
https://m.media-amazon.com/images/I/612drsRDQJL.jpg,245652,width,9.2 centimetre
https://m.media-amazon.com/images/I/617R4mPU-YL.jpg,245652,width,17.2 centimetre
https://m.media-amazon.com/images/I/51kNZ6CDdqL.jpg,245652,width,9.2 centimetre
https://m.media-amazon.com/images/I/51RGFWpbIVL.jpg,245652,width,4.2 centimetre
https://m.media-amazon.com/images/I/51UkjY0cU9L.jpg,245652,width,16.0 centimetre
https://m.media-amazon.com/images/I/61EYoqczomS.jpg,245652,width,5.31 inch
https://m.media-amazon.com/images/I/41DICh0IE6L.jpg,245652,width,2.2 inch
https://m.media-amazon.com/images/I/61355zn3wfL.jpg,245652,width,1.97 inch
https://m.media-amazon.com/images/I/51RF6vnJjRL.jpg,245652,width,50.0 millimetre
https://m.media-amazon.com/images/I/617x4kc5LbL.jpg,245652,width,2.7 inch
https://m.media-amazon.com/images/I/51nU224Ck8L.jpg,245652,width,8.0 centimetre
https://m.media-amazon.com/images/I/51nU224Ck8L.jpg,245652,depth,8.0 centimetre
https://m.media-amazon.com/images/I/51TiTOquz6L.jpg,245652,width,4.13 inch
https://m.media-amazon.com/images/I/6187JhqtiSL.jpg,245652,width,5.8 centimetre
https://m.media-amazon.com/images/I/6187JhqtiSL.jpg,245652,depth,23.8 centimetre
https://m.media-amazon.com/images/I/51NfuMi1VAS.jpg,245652,width,15.0 centimetre
https://m.media-amazon.com/images/I/51q4Q38eMxL.jpg,245652,width,1.88 inch
https://m.media-amazon.com/images/I/51ASs6Vy-ZL.jpg,245652,width,17.0 centimetre
https://m.media-amazon.com/images/I/51ASs6Vy-ZL.jpg,245652,depth,17.0 centimetre
https://m.media-amazon.com/images/I/41Udu6-koVL.jpg,245652,width,175.0 millimetre
https://m.media-amazon.com/images/I/611sBh4yk0L.jpg,245652,width,5.0 centimetre
https://m.media-amazon.com/images/I/61-n3SME+nL.jpg,245652,width,5.0 centimetre
https://m.media-amazon.com/images/I/51rhauI0dtL.jpg,245652,width,11.0 centimetre
https://m.media-amazon.com/images/I/51OPPhMbKXL.jpg,245652,width,10.2 centimetre
https://m.media-amazon.com/images/I/51OPPhMbKXL.jpg,245652,depth,10.2 centimetre
https://m.media-amazon.com/images/I/41aSqmCvM2L.jpg,245652,width,25.5 centimetre
https://m.media-amazon.com/images/I/41kCKnaZ0ZL.jpg,245652,width,3.33 inch
https://m.media-amazon.com/images/I/51SKKqygiGS.jpg,245652,width,60.0 millimetre
https://m.media-amazon.com/images/I/41hgq2Vd5SS.jpg,245652,width,4.92 inch
https://m.media-amazon.com/images/I/610kXAM0nmL.jpg,245652,width,8.5 centimetre
https://m.media-amazon.com/images/I/610kXAM0nmL.jpg,245652,depth,8.5 centimetre
https://m.media-amazon.com/images/I/51NM-KOgTJL.jpg,245652,width,8.7 centimetre
https://m.media-amazon.com/images/I/51NM-KOgTJL.jpg,245652,depth,12.6 centimetre
https://m.media-amazon.com/images/I/615VALl1bZL.jpg,245652,width,18.8 centimetre
https://m.media-amazon.com/images/I/616eUQinooL.jpg,245652,width,15.5 centimetre
https://m.media-amazon.com/images/I/616eUQinooL.jpg,245652,depth,15.5 centimetre
https://m.media-amazon.com/images/I/51HOBCW6x0L.jpg,245652,width,4.72 inch
https://m.media-amazon.com/images/I/510wEv7DoAL.jpg,245652,width,8.0 centimetre
https://m.media-amazon.com/images/I/61-dvRv4VkL.jpg,245652,width,13.5 centimetre
https://m.media-amazon.com/images/I/613tgAundKS.jpg,245652,width,17.0 centimetre
https://m.media-amazon.com/images/I/51fVI2yDt9L.jpg,245652,width,8.0 centimetre
https://m.media-amazon.com/images/I/41qpweKRE6L.jpg,245652,width,5.0 centimetre
https://m.media-amazon.com/images/I/5194WklErZL.jpg,245652,width,3.3 inch
https://m.media-amazon.com/images/I/619aaJ06EPL.jpg,245652,width,1.5 inch
https://m.media-amazon.com/images/I/619aaJ06EPL.jpg,245652,depth,9.8 inch
https://m.media-amazon.com/images/I/617OyETdDUL.jpg,245652,depth,9.0 centimetre
https://m.media-amazon.com/images/I/51oFT6e9RWL.jpg,245652,depth,11.0 centimetre
https://m.media-amazon.com/images/I/51o-iaDjdNL.jpg,245652,depth,9.1 centimetre
https://m.media-amazon.com/images/I/41cchZrlnaL.jpg,245652,depth,5.66 inch
https://m.media-amazon.com/images/I/511icOveqFL.jpg,245652,depth,13.0 centimetre
https://m.media-amazon.com/images/I/614m+7XboBL.jpg,245652,depth,10.0 centimetre
https://m.media-amazon.com/images/I/51vzSGfOFTL.jpg,245652,depth,10.0 centimetre
https://m.media-amazon.com/images/I/61EqL2VOeAL.jpg,245652,depth,74.0 millimetre
https://m.media-amazon.com/images/I/51NPERkhlYL.jpg,245652,depth,4.1 inch
https://m.media-amazon.com/images/I/51tdtUvq4VL.jpg,245652,depth,10.6 centimetre
https://m.media-amazon.com/images/I/51M+uFc18zL.jpg,245652,depth,14.5 centimetre
https://m.media-amazon.com/images/I/51grfgFxbAL.jpg,245652,depth,15.8 centimetre
https://m.media-amazon.com/images/I/61Fd+j8FETL.jpg,245652,depth,10.5 centimetre
https://m.media-amazon.com/images/I/61-inPKJNUL.jpg,245652,depth,3.1 inch
https://m.media-amazon.com/images/I/61BM4qLjI1L.jpg,245652,depth,3.33 inch
https://m.media-amazon.com/images/I/615XIv2FhJL.jpg,245652,depth,20.0 centimetre
https://m.media-amazon.com/images/I/51dJ-c86AEL.jpg,245652,depth,17.0 centimetre
https://m.media-amazon.com/images/I/51WAw58MHPL.jpg,245652,depth,10.5 centimetre
https://m.media-amazon.com/images/I/510xBlZCTdL.jpg,245652,depth,38.0 millimetre
https://m.media-amazon.com/images/I/51E3uPc7hbL.jpg,245652,depth,8.5 centimetre
https://m.media-amazon.com/images/I/51xfyJPO1pL.jpg,245652,depth,23.8 centimetre
https://m.media-amazon.com/images/I/61DIbqVpCDL.jpg,245652,depth,3.14 inch
https://m.media-amazon.com/images/I/41DPvlpyFWL.jpg,245652,depth,5.5 inch
https://m.media-amazon.com/images/I/41lHGm60vfL.jpg,245652,depth,3.5 inch
https://m.media-amazon.com/images/I/510xqXhU9-L.jpg,245652,depth,7.0 centimetre
https://m.media-amazon.com/images/I/51cr9N0+e3L.jpg,245652,depth,14.0 centimetre
https://m.media-amazon.com/images/I/41ag12eo+NS.jpg,245652,depth,14.0 centimetre
https://m.media-amazon.com/images/I/51abqpI-zgL.jpg,245652,depth,3.0 inch
https://m.media-amazon.com/images/I/41hg63bmE9L.jpg,245652,depth,3.0 centimetre
https://m.media-amazon.com/images/I/51dpRnVUC0L.jpg,245652,depth,48.0 millimetre
https://m.media-amazon.com/images/I/616BMn9PjHL.jpg,245652,depth,11.0 inch
https://m.media-amazon.com/images/I/512OnZv7KQL.jpg,245652,depth,15.5 centimetre
https://m.media-amazon.com/images/I/51-4LoF49UL.jpg,245652,depth,22.5 centimetre
https://m.media-amazon.com/images/I/51IvN0EfJNL.jpg,245652,depth,12.0 centimetre
https://m.media-amazon.com/images/I/51gsYd2NH2L.jpg,245652,depth,9.2 centimetre
https://m.media-amazon.com/images/I/61DOYwxhMoL.jpg,245652,depth,4.5 centimetre
https://m.media-amazon.com/images/I/51PPRT0A25L.jpg,245652,depth,10.0 centimetre
https://m.media-amazon.com/images/I/61Ct3G6q4iL.jpg,245652,depth,11.0 centimetre
https://m.media-amazon.com/images/I/41Gbay08AIL.jpg,245652,depth,3.14 inch
https://m.media-amazon.com/images/I/51RM9tQ8E0L.jpg,245652,depth,8.8 centimetre
https://m.media-amazon.com/images/I/51cBXrCJ7vL.jpg,245652,depth,8.5 centimetre
https://m.media-amazon.com/images/I/51xdLCky8wL.jpg,245652,depth,4.3 inch
https://m.media-amazon.com/images/I/619FagkIcdS.jpg,245652,depth,2.8 inch
https://m.media-amazon.com/images/I/61-0mg+B8jL.jpg,245652,depth,8.7 centimetre
https://m.media-amazon.com/images/I/51FvUbpDpxL.jpg,245652,depth,1.9 inch
https://m.media-amazon.com/images/I/617HLy352LL.jpg,245652,depth,4.0 inch
https://m.media-amazon.com/images/I/615nvSicUeL.jpg,245652,depth,13.0 centimetre
https://m.media-amazon.com/images/I/51zod8kntnL.jpg,245652,depth,13.5 centimetre
https://m.media-amazon.com/images/I/611aTOFdExL.jpg,245652,depth,25.0 millimetre
https://m.media-amazon.com/images/I/41q2qgNeSnL.jpg,245652,depth,9.7 centimetre
https://m.media-amazon.com/images/I/51QCTZEEr3L.jpg,245652,depth,15.0 centimetre
https://m.media-amazon.com/images/I/615wzK7uoHL.jpg,245652,depth,7.0 centimetre
https://m.media-amazon.com/images/I/41J2mRcT8TL.jpg,245652,depth,21.9 centimetre
https://m.media-amazon.com/images/I/51cXUfkjkZS.jpg,245652,depth,4.0 centimetre
https://m.media-amazon.com/images/I/51i5NCxaOUL.jpg,245652,depth,9.0 centimetre
https://m.media-amazon.com/images/I/51z7Xh+QxNL.jpg,245652,depth,11.3 centimetre
https://m.media-amazon.com/images/I/41JIjsDWYwL.jpg,245652,depth,4.7 inch
https://m.media-amazon.com/images/I/614Lc2jqDoL.jpg,245652,depth,7.3 centimetre
https://m.media-amazon.com/images/I/61BOJL1pPvL.jpg,245652,depth,6.0 centimetre
https://m.media-amazon.com/images/I/51QljUb1GJL.jpg,245652,depth,4.0 centimetre
https://m.media-amazon.com/images/I/619gDn4jXSL.jpg,245652,depth,11.7 centimetre
https://m.media-amazon.com/images/I/51JTXkJnzwL.jpg,245652,depth,8.7 centimetre
https://m.media-amazon.com/images/I/61+gZJZE5QL.jpg,245652,depth,11.0 centimetre
https://m.media-amazon.com/images/I/51H7Ir25P8L.jpg,245652,depth,14.7 centimetre
https://m.media-amazon.com/images/I/61--YcUMQuL.jpg,245652,depth,7.4 centimetre
https://m.media-amazon.com/images/I/51jHWR7tnPL.jpg,245652,depth,4.5 inch
https://m.media-amazon.com/images/I/6108k1ZT1gL.jpg,245652,depth,19.7 inch
https://m.media-amazon.com/images/I/51VuneN18vL.jpg,245652,depth,52.0 millimetre
https://m.media-amazon.com/images/I/51EQ3rseEdL.jpg,245652,depth,175.0 millimetre
https://m.media-amazon.com/images/I/61AQfhMp3LL.jpg,245652,depth,12.5 centimetre
https://m.media-amazon.com/images/I/516S2s2M3gL.jpg,245652,depth,14.0 centimetre
https://m.media-amazon.com/images/I/51tkeF8j-XL.jpg,245652,depth,6.5 inch
https://m.media-amazon.com/images/I/616dRAawd3L.jpg,245652,depth,9.0 centimetre
https://m.media-amazon.com/images/I/618aCXw9XPL.jpg,245652,depth,4.0 centimetre
https://m.media-amazon.com/images/I/51IUaiMk77L.jpg,245652,depth,8.7 inch
https://m.media-amazon.com/images/I/610CXwvfEPL.jpg,245652,depth,14.0 centimetre
https://m.media-amazon.com/images/I/611eYVhuXMS.jpg,245652,depth,8.85 inch
https://m.media-amazon.com/images/I/6102aznm1tL.jpg,245652,depth,5.35 inch
https://m.media-amazon.com/images/I/41UaiFm8osL.jpg,245652,depth,4.13 inch
https://m.media-amazon.com/images/I/51Nc4MnsVLL.jpg,245652,depth,3.5 inch
https://m.media-amazon.com/images/I/51YWxUuU5jL.jpg,245652,depth,3.733 inch
https://m.media-amazon.com/images/I/61CJpfckutL.jpg,245652,depth,13.0 centimetre
https://m.media-amazon.com/images/I/51I2mgG6XLL.jpg,245652,depth,11.4 centimetre
https://m.media-amazon.com/images/I/61829SapygL.jpg,245652,depth,30.0 centimetre
https://m.media-amazon.com/images/I/51IlLFigqML.jpg,245652,depth,9.5 centimetre
https://m.media-amazon.com/images/I/51j50thwgJS.jpg,245652,depth,4.0 inch
https://m.media-amazon.com/images/I/61DDAZBKnRL.jpg,245652,depth,12.0 centimetre
https://m.media-amazon.com/images/I/5126FpkOoUL.jpg,245652,depth,3.9 inch
https://m.media-amazon.com/images/I/51alqSKenLL.jpg,245652,depth,17.0 centimetre
https://m.media-amazon.com/images/I/51yePuVyu8L.jpg,245652,depth,9.0 centimetre
https://m.media-amazon.com/images/I/518xnAYIo0L.jpg,245652,depth,9.0 centimetre
https://m.media-amazon.com/images/I/61C25VK07wL.jpg,245652,depth,14.0 centimetre
https://m.media-amazon.com/images/I/51SyEa5EkzL.jpg,245652,depth,9.2 centimetre
https://m.media-amazon.com/images/I/51vy8KpfGeL.jpg,245652,depth,13.0 centimetre
https://m.media-amazon.com/images/I/51aZ6Oyh4pL.jpg,245652,depth,2.08 inch
https://m.media-amazon.com/images/I/61+ZmbEAmJL.jpg,245652,depth,23.0 centimetre
https://m.media-amazon.com/images/I/510SUzRZkDL.jpg,245652,depth,10.0 centimetre
https://m.media-amazon.com/images/I/51+u32jMmnL.jpg,245652,depth,5.0 centimetre
https://m.media-amazon.com/images/I/612-od3r1kL.jpg,245652,depth,3.54 inch
https://m.media-amazon.com/images/I/61Eg8jd8whL.jpg,245652,depth,10.5 centimetre
https://m.media-amazon.com/images/I/6125cWrVxsL.jpg,245652,depth,6.3 inch
https://m.media-amazon.com/images/I/61DGxSkImpL.jpg,245652,depth,3.03 inch
https://m.media-amazon.com/images/I/51Cwf3iyYBL.jpg,245652,depth,46.5 centimetre
https://m.media-amazon.com/images/I/51kuVJ5FMWL.jpg,245652,depth,9.0 centimetre
https://m.media-amazon.com/images/I/51k38KYbFqS.jpg,245652,depth,4.9 inch
https://m.media-amazon.com/images/I/51ICEoZMSBL.jpg,245652,depth,6.0 inch
https://m.media-amazon.com/images/I/51elegQzuqL.jpg,245652,depth,13.0 centimetre
https://m.media-amazon.com/images/I/61+R8J55IHL.jpg,245652,depth,14.0 centimetre
https://m.media-amazon.com/images/I/510-vPJH0GL.jpg,245652,depth,6.2 centimetre
https://m.media-amazon.com/images/I/41AhquKgkbL.jpg,245652,depth,0.39 inch
