image_link,group_id,entity_name,entity_value
https://m.media-amazon.com/images/I/71p+h5DI-7L.jpg,428871,item_weight,15.0 gram
https://m.media-amazon.com/images/I/614VW-cAuEL.jpg,428871,item_weight,15.0 gram
https://m.media-amazon.com/images/I/81TaxRar2aL.jpg,428871,item_weight,30.0 kilogram
https://m.media-amazon.com/images/I/61L8fAFtlWL.jpg,428871,item_weight,131.0 gram
https://m.media-amazon.com/images/I/712qqEBgxEL.jpg,428871,item_weight,10.0 ton
https://m.media-amazon.com/images/I/910vlG-+rqL.jpg,428871,item_weight,"[80.0, 110.0] pound"
https://m.media-amazon.com/images/I/71yi7BUATvL.jpg,428871,item_weight,2.2 kilogram
https://m.media-amazon.com/images/I/81fo3+HO7FL.jpg,428871,item_weight,4.0 gram
https://m.media-amazon.com/images/I/81WZn1guZYL.jpg,428871,item_weight,0.99 pound
https://m.media-amazon.com/images/I/71NfaKQ2EVL.jpg,428871,item_weight,83.35 gram
https://m.media-amazon.com/images/I/61KcQEyz9BL.jpg,428871,item_weight,100.0 kilogram
https://m.media-amazon.com/images/I/61Q-nSIgIWL.jpg,428871,item_weight,2.5 kilogram
https://m.media-amazon.com/images/I/61Poyp23PYL.jpg,428871,item_weight,50.0 gram
https://m.media-amazon.com/images/I/712UBbaj4rL.jpg,428871,item_weight,2.5 kilogram
https://m.media-amazon.com/images/I/51Go8oQ-pWL.jpg,428871,item_weight,360.0 pound
https://m.media-amazon.com/images/I/71JEYj5wW7L.jpg,428871,item_weight,10.0 kilogram
https://m.media-amazon.com/images/I/61bCZ1MedlL.jpg,428871,item_weight,2.5 kilogram
https://m.media-amazon.com/images/I/611WVd2r7yL.jpg,428871,item_weight,2.5 kilogram
https://m.media-amazon.com/images/I/51EfDD2AQNL.jpg,428871,item_weight,2.95 kilogram
https://m.media-amazon.com/images/I/81wm2HalMGL.jpg,428871,item_weight,190.0 gram
https://m.media-amazon.com/images/I/71k1mvWx7tL.jpg,428871,item_weight,310.0 gram
https://m.media-amazon.com/images/I/71WZ3jOubiL.jpg,428871,item_weight,2.5 kilogram
https://m.media-amazon.com/images/I/51VR-dn9R-L.jpg,428871,item_weight,15.0 ton
https://m.media-amazon.com/images/I/61UuCIkR0UL.jpg,428871,item_weight,15.0 ton
https://m.media-amazon.com/images/I/51cAx2bPVzL.jpg,428871,item_weight,2.4 kilogram
https://m.media-amazon.com/images/I/51CMi4cMJjL.jpg,428871,item_weight,2.3 kilogram
https://m.media-amazon.com/images/I/614uodiy4mL.jpg,428871,item_weight,4.0 gram
https://m.media-amazon.com/images/I/51DiSnRfXXL.jpg,428871,item_weight,2.55 kilogram
https://m.media-amazon.com/images/I/61tLpY1rHlL.jpg,428871,item_weight,2.5 kilogram
https://m.media-amazon.com/images/I/61gRCNtG7+L.jpg,428871,item_weight,5.3 kilogram
https://m.media-amazon.com/images/I/61tetVagBML.jpg,428871,item_weight,131.0 gram
https://m.media-amazon.com/images/I/71jNYnZglqL.jpg,428871,item_weight,2.2 kilogram
https://m.media-amazon.com/images/I/61bdqMLPDLL.jpg,428871,item_weight,2.5 kilogram
https://m.media-amazon.com/images/I/71l5-9l5tyL.jpg,428871,item_weight,2.3 kilogram
https://m.media-amazon.com/images/I/619q7lpDbVL.jpg,428871,item_weight,0.51 kilogram
https://m.media-amazon.com/images/I/61Ab5JwNXYL.jpg,428871,item_weight,70.0 pound
https://m.media-amazon.com/images/I/61+Hi0whMzL.jpg,428871,item_weight,70.0 pound
https://m.media-amazon.com/images/I/81DLIuY1jqS.jpg,428871,item_weight,12.0 ounce
https://m.media-amazon.com/images/I/81vYYh5mCtL.jpg,428871,item_weight,38.0 gram
https://m.media-amazon.com/images/I/91BmA5d68nL.jpg,428871,item_weight,14.0 ton
https://m.media-amazon.com/images/I/71qeQzdhvGL.jpg,428871,item_weight,1.0 ounce
https://m.media-amazon.com/images/I/71CYZEPJ9qL.jpg,428871,item_weight,2.0 pound
https://m.media-amazon.com/images/I/81nRv5l+8BL.jpg,428871,item_weight,100.0 pound
