image_link,group_id,entity_name,entity_value
https://m.media-amazon.com/images/I/51mOUvvORzL.jpg,104874,width,40.0 centimetre
https://m.media-amazon.com/images/I/51FkRXNp13L.jpg,104874,width,9.0 inch
https://m.media-amazon.com/images/I/51DB3GKXFyL.jpg,104874,width,8.0 inch
https://m.media-amazon.com/images/I/51qts3oR4AL.jpg,104874,width,9.0 inch
https://m.media-amazon.com/images/I/615rlLCsrnL.jpg,104874,width,9.0 inch
https://m.media-amazon.com/images/I/51ki2JtwWzL.jpg,104874,width,165.0 millimetre
https://m.media-amazon.com/images/I/51UfLxFFYtL.jpg,104874,width,9.0 inch
https://m.media-amazon.com/images/I/517WVeK44xL.jpg,104874,width,9.0 inch
https://m.media-amazon.com/images/I/5102Hdu7WXL.jpg,104874,width,39.5 centimetre
https://m.media-amazon.com/images/I/51UF9P3FffL.jpg,104874,width,9.0 inch
https://m.media-amazon.com/images/I/616pCjd6jCL.jpg,104874,width,40.0 centimetre
https://m.media-amazon.com/images/I/61-hpjftWZL.jpg,104874,width,25.0 centimetre
https://m.media-amazon.com/images/I/61EtZT4soSL.jpg,104874,width,33.0 centimetre
https://m.media-amazon.com/images/I/614aDTCBG3L.jpg,104874,width,16.5 centimetre
https://m.media-amazon.com/images/I/41hLZP+f8IL.jpg,104874,width,40.0 centimetre
https://m.media-amazon.com/images/I/5188-U0hRKL.jpg,104874,width,6.5 inch
https://m.media-amazon.com/images/I/6184-uRKLJL.jpg,104874,width,5.0 inch
https://m.media-amazon.com/images/I/617Nx7X8A0L.jpg,104874,width,23.4 inch
https://m.media-amazon.com/images/I/6158mEVqttS.jpg,104874,width,38.0 centimetre
https://m.media-amazon.com/images/I/4123WVXK7cL.jpg,104874,width,8.5 centimetre
https://m.media-amazon.com/images/I/4123WVXK7cL.jpg,104874,depth,12.0 centimetre
https://m.media-amazon.com/images/I/618VfNbfOHL.jpg,104874,width,5.0 inch
https://m.media-amazon.com/images/I/51yfKEs8MHL.jpg,104874,width,16.0 inch
https://m.media-amazon.com/images/I/61C6L177BxL.jpg,104874,width,33.0 centimetre
https://m.media-amazon.com/images/I/610xKBFRTjL.jpg,104874,width,33.0 centimetre
https://m.media-amazon.com/images/I/6166Ojodw1L.jpg,104874,width,20.0 centimetre
https://m.media-amazon.com/images/I/51KCIY+k6YL.jpg,104874,width,40.0 centimetre
https://m.media-amazon.com/images/I/51-vmBYD5XL.jpg,104874,width,9.0 inch
https://m.media-amazon.com/images/I/51HIi5urS5L.jpg,104874,width,9.0 inch
https://m.media-amazon.com/images/I/51rhYdrtwHL.jpg,104874,width,9.0 inch
https://m.media-amazon.com/images/I/51+o6mPdZyL.jpg,104874,width,40.0 centimetre
https://m.media-amazon.com/images/I/51VE4cwxwBL.jpg,104874,width,4.75 inch
https://m.media-amazon.com/images/I/51avTaJ4aGL.jpg,104874,width,40.0 centimetre
https://m.media-amazon.com/images/I/414hQjqa2BL.jpg,104874,width,9.0 inch
https://m.media-amazon.com/images/I/61D2TL64VuL.jpg,104874,width,5.0 inch
https://m.media-amazon.com/images/I/51g776-aLvL.jpg,104874,width,9.0 inch
https://m.media-amazon.com/images/I/6179NkzjEtL.jpg,104874,width,8.0 inch
https://m.media-amazon.com/images/I/41mLgFEpmnL.jpg,104874,width,40.0 centimetre
https://m.media-amazon.com/images/I/51P4Vmc6CYL.jpg,104874,width,9.0 inch
https://m.media-amazon.com/images/I/515gBNs4rsL.jpg,104874,width,32.5 centimetre
https://m.media-amazon.com/images/I/51F2EwpI0cL.jpg,104874,width,8.4 centimetre
https://m.media-amazon.com/images/I/51pX5fz7qzL.jpg,104874,width,40.0 centimetre
https://m.media-amazon.com/images/I/51pX5fz7qzL.jpg,104874,depth,16.0 inch
https://m.media-amazon.com/images/I/41EM94j+luL.jpg,104874,width,4.75 inch
https://m.media-amazon.com/images/I/41EM94j+luL.jpg,104874,depth,4.75 inch
https://m.media-amazon.com/images/I/51xd+ivfBpL.jpg,104874,width,6.37 inch
https://m.media-amazon.com/images/I/51kw8+8beFL.jpg,104874,width,9.0 inch
https://m.media-amazon.com/images/I/51LDiMxuDVL.jpg,104874,width,40.0 centimetre
https://m.media-amazon.com/images/I/51+3lb9JDdL.jpg,104874,width,9.0 inch
https://m.media-amazon.com/images/I/51+3lb9JDdL.jpg,104874,depth,9.0 inch
https://m.media-amazon.com/images/I/51zNEDkIAvL.jpg,104874,width,9.0 inch
https://m.media-amazon.com/images/I/61A04G59-+L.jpg,104874,width,100.0 millimetre
https://m.media-amazon.com/images/I/61As+QKKrrL.jpg,104874,width,13.0 inch
https://m.media-amazon.com/images/I/517Q28mb2uL.jpg,104874,width,16.5 centimetre
https://m.media-amazon.com/images/I/6160lpX20jL.jpg,104874,width,12.9 inch
https://m.media-amazon.com/images/I/515EDAl7kML.jpg,104874,width,40.0 centimetre
https://m.media-amazon.com/images/I/51ZU7Hvlg+L.jpg,104874,width,5.0 inch
https://m.media-amazon.com/images/I/611xVgFB2AL.jpg,104874,width,40.0 centimetre
https://m.media-amazon.com/images/I/51dnpSJp-fL.jpg,104874,depth,15.0 centimetre
https://m.media-amazon.com/images/I/51KywE-GSeL.jpg,104874,depth,40.0 centimetre
https://m.media-amazon.com/images/I/41wheiVqEXL.jpg,104874,depth,13.0 inch
https://m.media-amazon.com/images/I/616dPWLOUnS.jpg,104874,depth,9.0 inch
https://m.media-amazon.com/images/I/51qavjUb6gL.jpg,104874,depth,33.0 centimetre
https://m.media-amazon.com/images/I/51kzw6qv61L.jpg,104874,depth,9.0 inch
https://m.media-amazon.com/images/I/61-rYc99EmL.jpg,104874,depth,16.5 inch
https://m.media-amazon.com/images/I/6195yyzbb4L.jpg,104874,depth,4.5 inch
https://m.media-amazon.com/images/I/418OxOO9SdL.jpg,104874,depth,9.0 inch
https://m.media-amazon.com/images/I/4194qDypbZL.jpg,104874,depth,8.0 inch
https://m.media-amazon.com/images/I/5120CmzasPL.jpg,104874,depth,9.0 inch
https://m.media-amazon.com/images/I/61EnnkwMIrL.jpg,104874,depth,5.0 inch
https://m.media-amazon.com/images/I/41OFTCsueRL.jpg,104874,depth,9.0 inch
https://m.media-amazon.com/images/I/61F2X0EwC+L.jpg,104874,depth,13.0 inch
https://m.media-amazon.com/images/I/41XSGUtlejL.jpg,104874,depth,9.0 inch
https://m.media-amazon.com/images/I/51mx+AZkL4L.jpg,104874,depth,7.7 inch
https://m.media-amazon.com/images/I/61FZl+kbX-L.jpg,104874,depth,16.0 inch
https://m.media-amazon.com/images/I/51f7WD-2MWL.jpg,104874,depth,17.0 inch
https://m.media-amazon.com/images/I/51MJ20CvqdL.jpg,104874,depth,6.5 inch
https://m.media-amazon.com/images/I/51IbCjYnPHL.jpg,104874,depth,40.0 centimetre
https://m.media-amazon.com/images/I/51PO49HmZmL.jpg,104874,depth,33.0 centimetre
https://m.media-amazon.com/images/I/613Xib2wz8S.jpg,104874,depth,33.0 centimetre
https://m.media-amazon.com/images/I/61CADqiYaOL.jpg,104874,depth,40.0 centimetre
https://m.media-amazon.com/images/I/613ahipbSsL.jpg,104874,depth,15.75 inch
https://m.media-amazon.com/images/I/616xyaTxD3S.jpg,104874,depth,38.0 centimetre
https://m.media-amazon.com/images/I/51ZsblUCeNL.jpg,104874,depth,40.0 centimetre
https://m.media-amazon.com/images/I/41R5lVWXjgL.jpg,104874,depth,5.0 inch
https://m.media-amazon.com/images/I/617a70Mfr3L.jpg,104874,depth,16.5 centimetre
https://m.media-amazon.com/images/I/51E4nXCOK4L.jpg,104874,depth,6.5 inch
https://m.media-amazon.com/images/I/51UTV3e17EL.jpg,104874,depth,40.0 centimetre
https://m.media-amazon.com/images/I/5178rbsr92L.jpg,104874,depth,24.0 centimetre
https://m.media-amazon.com/images/I/51AMKBOT1TL.jpg,104874,depth,6.37 inch
https://m.media-amazon.com/images/I/616CjcDctfL.jpg,104874,depth,15.7 inch
https://m.media-amazon.com/images/I/51MTGFmhofL.jpg,104874,depth,11.0 inch
https://m.media-amazon.com/images/I/61+LFC+WpVS.jpg,104874,depth,6.0 inch
https://m.media-amazon.com/images/I/615OMcxf08L.jpg,104874,depth,16.0 inch
https://m.media-amazon.com/images/I/51RKMgAUIBL.jpg,104874,depth,26.0 centimetre
https://m.media-amazon.com/images/I/51gdNK+5fkL.jpg,104874,depth,20.0 centimetre
https://m.media-amazon.com/images/I/51pmiuy0JSL.jpg,104874,depth,9.0 inch
https://m.media-amazon.com/images/I/516Mq-tB8qL.jpg,104874,depth,9.0 inch
https://m.media-amazon.com/images/I/512iCpfqhjL.jpg,104874,depth,9.0 inch
https://m.media-amazon.com/images/I/51CEeCy6nuL.jpg,104874,depth,6.5 inch
https://m.media-amazon.com/images/I/519cjh+Pn8L.jpg,104874,depth,17.0 inch
https://m.media-amazon.com/images/I/51tM7esjk7L.jpg,104874,depth,13.0 inch
https://m.media-amazon.com/images/I/513VYRn5qvL.jpg,104874,depth,7.4 inch
https://m.media-amazon.com/images/I/619ZWGwAwsL.jpg,104874,depth,33.0 centimetre
https://m.media-amazon.com/images/I/51uGU52og9L.jpg,104874,depth,40.0 centimetre
https://m.media-amazon.com/images/I/51K6As7kPoL.jpg,104874,depth,17.0 inch
https://m.media-amazon.com/images/I/41sHq-rUrLL.jpg,104874,depth,4.75 inch
https://m.media-amazon.com/images/I/610+301qqcL.jpg,104874,depth,23.5 centimetre
https://m.media-amazon.com/images/I/51UR4KIWaHL.jpg,104874,depth,40.0 centimetre
https://m.media-amazon.com/images/I/51oLc6sMGoL.jpg,104874,depth,50.0 centimetre
https://m.media-amazon.com/images/I/61AJ4Vvq2+L.jpg,104874,depth,33.0 centimetre
https://m.media-amazon.com/images/I/51oBwol1jOL.jpg,104874,depth,25.0 centimetre
https://m.media-amazon.com/images/I/61CkohfJHmL.jpg,104874,depth,33.0 centimetre
https://m.media-amazon.com/images/I/51dKD8w7YAL.jpg,104874,depth,9.0 inch
https://m.media-amazon.com/images/I/51kUQgWm0GL.jpg,104874,depth,16.92 inch
https://m.media-amazon.com/images/I/5169jECIv6L.jpg,104874,depth,5.0 inch
https://m.media-amazon.com/images/I/61GHHjIwR+L.jpg,104874,depth,8.0 inch
https://m.media-amazon.com/images/I/51AIQC6IrmL.jpg,104874,depth,9.0 inch
https://m.media-amazon.com/images/I/61EYx0+wwVL.jpg,104874,depth,16.54 inch
https://m.media-amazon.com/images/I/61BIPKw6OZL.jpg,104874,depth,33.0 centimetre
https://m.media-amazon.com/images/I/51N5JZh72OL.jpg,104874,depth,9.0 inch
https://m.media-amazon.com/images/I/41GdHxrI0iL.jpg,104874,depth,9.0 inch
https://m.media-amazon.com/images/I/418MvFcTF-S.jpg,104874,depth,5.0 inch
https://m.media-amazon.com/images/I/614EQjxDs+L.jpg,104874,depth,8.5 inch
https://m.media-amazon.com/images/I/61CS30hw3PL.jpg,104874,depth,33.0 centimetre
https://m.media-amazon.com/images/I/518YIY3WaXL.jpg,104874,depth,40.0 centimetre
https://m.media-amazon.com/images/I/51SVXFLTFtL.jpg,104874,depth,5.0 inch
https://m.media-amazon.com/images/I/51GhqRDJU0L.jpg,104874,depth,16.0 inch
https://m.media-amazon.com/images/I/61-wxyCHX7L.jpg,104874,depth,120.0 millimetre
https://m.media-amazon.com/images/I/51N7XHJsRiL.jpg,104874,depth,6.37 inch
https://m.media-amazon.com/images/I/51BzgW3cwML.jpg,104874,depth,5.0 inch
https://m.media-amazon.com/images/I/511j8xn9StL.jpg,104874,depth,6.5 inch
https://m.media-amazon.com/images/I/51I3-EWI8ML.jpg,104874,depth,33.0 centimetre
https://m.media-amazon.com/images/I/610T5GgRXOL.jpg,104874,depth,6.5 inch
https://m.media-amazon.com/images/I/51wkBU13LmL.jpg,104874,depth,6.25 inch
https://m.media-amazon.com/images/I/51bKcdlSbJL.jpg,104874,depth,9.0 inch
