image_link,group_id,entity_name,entity_value
https://m.media-amazon.com/images/I/61Ew4PaUd8L.jpg,202651,width,2.0 inch
https://m.media-amazon.com/images/I/41EXz-vG3kL.jpg,202651,width,3.5 inch
https://m.media-amazon.com/images/I/610X-0ujvbL.jpg,202651,width,3.5 inch
https://m.media-amazon.com/images/I/51GbPipcD8L.jpg,202651,width,1.28 inch
https://m.media-amazon.com/images/I/614F1dKArCL.jpg,202651,width,6.2 centimetre
https://m.media-amazon.com/images/I/61APyVe9Z+L.jpg,202651,width,2.0 inch
https://m.media-amazon.com/images/I/61APyVe9Z+L.jpg,202651,height,2.0 inch
https://m.media-amazon.com/images/I/610c0Ku6X-L.jpg,202651,width,2.0 inch
https://m.media-amazon.com/images/I/41aJNlyncxL.jpg,202651,width,9.0 inch
https://m.media-amazon.com/images/I/519B+tQ6NqL.jpg,202651,width,3.05 inch
https://m.media-amazon.com/images/I/51zQFKDbz2L.jpg,202651,width,3.05 inch
https://m.media-amazon.com/images/I/51zQFKDbz2L.jpg,202651,height,2.0 inch
https://m.media-amazon.com/images/I/41Y9DapYHqL.jpg,202651,width,100.0 centimetre
https://m.media-amazon.com/images/I/61DdeecrrKL.jpg,202651,width,3.54 inch
https://m.media-amazon.com/images/I/51RVSz4+kaL.jpg,202651,width,3.0 inch
https://m.media-amazon.com/images/I/51bI+PZT8wL.jpg,202651,height,13.0 centimetre
https://m.media-amazon.com/images/I/610DxZHXX7L.jpg,202651,width,5.0 inch
https://m.media-amazon.com/images/I/61FNOGQTafL.jpg,202651,width,6.2 centimetre
https://m.media-amazon.com/images/I/610fUaqNCyL.jpg,202651,width,3.0 inch
https://m.media-amazon.com/images/I/417AiI-uCdL.jpg,202651,width,870.0 millimetre
https://m.media-amazon.com/images/I/51jNgHksBnL.jpg,202651,width,6.2 centimetre
https://m.media-amazon.com/images/I/51IOblfqtUL.jpg,202651,width,3.05 inch
https://m.media-amazon.com/images/I/51zpqLmkoHL.jpg,202651,width,5.0 inch
https://m.media-amazon.com/images/I/51VEG8kGXtL.jpg,202651,width,90.0 millimetre
https://m.media-amazon.com/images/I/51psFd2WY0L.jpg,202651,width,62.0 millimetre
https://m.media-amazon.com/images/I/51Xlxz06r2L.jpg,202651,width,7.7 centimetre
https://m.media-amazon.com/images/I/61Dvc8KyV4L.jpg,202651,width,44.0 centimetre
https://m.media-amazon.com/images/I/51TzkZmXOxL.jpg,202651,width,3.05 inch
https://m.media-amazon.com/images/I/61-tLrY3ftL.jpg,202651,width,2.0 inch
https://m.media-amazon.com/images/I/61+TIte8URL.jpg,202651,width,2.0 inch
https://m.media-amazon.com/images/I/51E+TERYSBL.jpg,202651,width,3.05 inch
https://m.media-amazon.com/images/I/512qxzJASmL.jpg,202651,width,7.0 inch
https://m.media-amazon.com/images/I/41hTgJLwsRL.jpg,202651,width,70.0 millimetre
https://m.media-amazon.com/images/I/510ZZy+BSHL.jpg,202651,width,3.05 inch
https://m.media-amazon.com/images/I/51lYVzsB+hL.jpg,202651,width,3.0 inch
https://m.media-amazon.com/images/I/6199itkR5LL.jpg,202651,width,61.0 centimetre
https://m.media-amazon.com/images/I/613sGMK9scL.jpg,202651,height,2.0 inch
https://m.media-amazon.com/images/I/51GjcWy7dKL.jpg,202651,height,2.0 inch
https://m.media-amazon.com/images/I/51bgh7pG9sL.jpg,202651,height,58.0 millimetre
https://m.media-amazon.com/images/I/614XS6YswRL.jpg,202651,height,2.0 inch
https://m.media-amazon.com/images/I/41m5yhMlGFS.jpg,202651,height,70.0 millimetre
https://m.media-amazon.com/images/I/51a25UyOOGL.jpg,202651,height,56.7 millimetre
https://m.media-amazon.com/images/I/617+kl+-uhL.jpg,202651,height,2.0 inch
https://m.media-amazon.com/images/I/61AevXZ0CyL.jpg,202651,height,2.0 inch
https://m.media-amazon.com/images/I/51XaC9b57LL.jpg,202651,height,2.0 inch
https://m.media-amazon.com/images/I/51sRZt0xHTL.jpg,202651,height,3.16 inch
https://m.media-amazon.com/images/I/51t0CFH-EdL.jpg,202651,height,3.0 inch
https://m.media-amazon.com/images/I/61FmTb01EML.jpg,202651,height,3.0 inch
https://m.media-amazon.com/images/I/514gJwfoSyL.jpg,202651,height,1.66 inch
https://m.media-amazon.com/images/I/51qE0yiMhQL.jpg,202651,height,70.0 millimetre
https://m.media-amazon.com/images/I/51NzqSVV0nL.jpg,202651,height,5.5 centimetre
https://m.media-amazon.com/images/I/51qBqcptHUL.jpg,202651,height,2.1 inch
https://m.media-amazon.com/images/I/510fNxSKulL.jpg,202651,height,8.0 centimetre
https://m.media-amazon.com/images/I/619cn21thKL.jpg,202651,height,3.0 inch
https://m.media-amazon.com/images/I/612IQKgYlTL.jpg,202651,height,17.0 inch
https://m.media-amazon.com/images/I/51euASSKdaL.jpg,202651,height,62.0 centimetre
https://m.media-amazon.com/images/I/511lePFFmML.jpg,202651,height,77.0 millimetre
https://m.media-amazon.com/images/I/51Nr85HOgRL.jpg,202651,height,5.2 centimetre
https://m.media-amazon.com/images/I/51XOOsh5AXL.jpg,202651,height,70.0 millimetre
https://m.media-amazon.com/images/I/617GT8rzHmL.jpg,202651,height,2.0 inch
https://m.media-amazon.com/images/I/418A9BSgt9L.jpg,202651,height,11.0 inch
https://m.media-amazon.com/images/I/41ZxuWHkvgL.jpg,202651,height,4.72 inch
https://m.media-amazon.com/images/I/51alDMrnidL.jpg,202651,height,13.0 centimetre
https://m.media-amazon.com/images/I/614YEkrZVYL.jpg,202651,height,5.6 centimetre
https://m.media-amazon.com/images/I/517AsaZIuNL.jpg,202651,height,3.05 inch
https://m.media-amazon.com/images/I/51GOsQxIo3S.jpg,202651,height,2.0 inch
https://m.media-amazon.com/images/I/61Ed6-FHC7L.jpg,202651,height,2.0 inch
https://m.media-amazon.com/images/I/51kV965Ow7L.jpg,202651,height,50.0 millimetre
https://m.media-amazon.com/images/I/617cuyTRE0L.jpg,202651,height,15.0 millimetre
https://m.media-amazon.com/images/I/51pggt1O9OL.jpg,202651,height,3.0 inch
https://m.media-amazon.com/images/I/619VhkPR9kL.jpg,202651,height,3.0 inch
https://m.media-amazon.com/images/I/61DnPToVA3L.jpg,202651,height,2.0 inch
https://m.media-amazon.com/images/I/51qwWxvk0AL.jpg,202651,height,2.0 inch
https://m.media-amazon.com/images/I/61D73og+OFL.jpg,202651,height,2.0 inch
https://m.media-amazon.com/images/I/31k+89LOqbL.jpg,202651,height,6.5 centimetre
https://m.media-amazon.com/images/I/615Tmkt-ajL.jpg,202651,height,91.44 centimetre
https://m.media-amazon.com/images/I/613ACjO9TPL.jpg,202651,height,50.0 millimetre
https://m.media-amazon.com/images/I/51WgyFbWouL.jpg,202651,height,24.0 inch
https://m.media-amazon.com/images/I/619qrkgqVeL.jpg,202651,height,54.0 millimetre
https://m.media-amazon.com/images/I/51E4DulC9+L.jpg,202651,height,3.0 inch
https://m.media-amazon.com/images/I/51PIgKS-RqL.jpg,202651,height,3.2 inch
https://m.media-amazon.com/images/I/519KCLCM+wL.jpg,202651,height,13.0 centimetre
https://m.media-amazon.com/images/I/51hnYmFXOoL.jpg,202651,height,6.5 centimetre
https://m.media-amazon.com/images/I/618DvLHiZ3L.jpg,202651,height,3.0 inch
https://m.media-amazon.com/images/I/61+w9oJa6WL.jpg,202651,height,60.0 millimetre
https://m.media-amazon.com/images/I/51MGthaC2hL.jpg,202651,height,3.0 inch
https://m.media-amazon.com/images/I/61Dbfi3wqHL.jpg,202651,height,3.0 inch
https://m.media-amazon.com/images/I/51MTzkdzHzL.jpg,202651,height,2.0 inch
https://m.media-amazon.com/images/I/51Rv-fZgufL.jpg,202651,height,3.15 inch
https://m.media-amazon.com/images/I/51mJRC32c6L.jpg,202651,height,3.0 inch
https://m.media-amazon.com/images/I/51jCbJHXtDL.jpg,202651,height,2.0 inch
