image_link,group_id,entity_name,entity_value
https://m.media-amazon.com/images/I/61EeOVC3f5S.jpg,675680,width,14.9 inch
https://m.media-amazon.com/images/I/51ki2PiSiDL.jpg,675680,width,50.0 centimetre
https://m.media-amazon.com/images/I/61-5047ZGdL.jpg,675680,width,20.0 inch
https://m.media-amazon.com/images/I/610RzAGPQiL.jpg,675680,width,21.6 inch
https://m.media-amazon.com/images/I/51DQogrnSzL.jpg,675680,width,17.32 inch
https://m.media-amazon.com/images/I/610miVd6dKL.jpg,675680,width,7.9 inch
https://m.media-amazon.com/images/I/610miVd6dKL.jpg,675680,height,3.9 inch
https://m.media-amazon.com/images/I/611rgRpGq7L.jpg,675680,width,90.0 centimetre
https://m.media-amazon.com/images/I/61A7PR4Q5AL.jpg,675680,width,31.0 inch
https://m.media-amazon.com/images/I/61CRPtM21ML.jpg,675680,width,7.0 centimetre
https://m.media-amazon.com/images/I/617q8V1eAML.jpg,675680,width,60.0 centimetre
https://m.media-amazon.com/images/I/51CJs6Au+RL.jpg,675680,width,18.1 inch
https://m.media-amazon.com/images/I/51gt73vbvxL.jpg,675680,width,50.0 centimetre
https://m.media-amazon.com/images/I/61-7lnLDYOL.jpg,675680,width,47.0 centimetre
https://m.media-amazon.com/images/I/51AAuvoIYeL.jpg,675680,width,20.0 centimetre
https://m.media-amazon.com/images/I/616lDhYe8-L.jpg,675680,width,26.0 centimetre
https://m.media-amazon.com/images/I/616lDhYe8-L.jpg,675680,height,26.0 centimetre
https://m.media-amazon.com/images/I/512RorPE2mL.jpg,675680,width,77.0 centimetre
https://m.media-amazon.com/images/I/519gZqGAb+L.jpg,675680,width,28.0 centimetre
https://m.media-amazon.com/images/I/51tTh5A3kOL.jpg,675680,width,26.0 centimetre
https://m.media-amazon.com/images/I/51LauZ31yzS.jpg,675680,width,50.0 centimetre
https://m.media-amazon.com/images/I/51YA59g2F+L.jpg,675680,width,33.0 centimetre
https://m.media-amazon.com/images/I/612IvqUNxzL.jpg,675680,width,100.0 centimetre
https://m.media-amazon.com/images/I/614UQXmJNGL.jpg,675680,width,19.7 inch
https://m.media-amazon.com/images/I/61BXhTbPcOL.jpg,675680,width,20.0 centimetre
https://m.media-amazon.com/images/I/61AELUYtE0L.jpg,675680,width,15.7 inch
https://m.media-amazon.com/images/I/51r-8Jr7BrL.jpg,675680,width,5.3 inch
https://m.media-amazon.com/images/I/61A4myD4+wL.jpg,675680,width,7.0 inch
https://m.media-amazon.com/images/I/51heJc-jnxS.jpg,675680,width,12.2 inch
https://m.media-amazon.com/images/I/615q4Nqf1fL.jpg,675680,width,15.0 centimetre
https://m.media-amazon.com/images/I/511k2KGIh8L.jpg,675680,width,16.5 inch
https://m.media-amazon.com/images/I/51K+r6ZlHeL.jpg,675680,width,40.0 centimetre
https://m.media-amazon.com/images/I/51IfXR9+YUL.jpg,675680,width,54.0 centimetre
https://m.media-amazon.com/images/I/51BpjYsQGkL.jpg,675680,width,14.0 inch
https://m.media-amazon.com/images/I/61-HwJaj2HL.jpg,675680,width,17.0 centimetre
https://m.media-amazon.com/images/I/510gY+GW89L.jpg,675680,width,13.0 centimetre
https://m.media-amazon.com/images/I/51fNmSe96wL.jpg,675680,width,35.0 centimetre
https://m.media-amazon.com/images/I/61FDxrXnyAL.jpg,675680,width,28.0 centimetre
https://m.media-amazon.com/images/I/516acYyCleL.jpg,675680,width,21.7 inch
https://m.media-amazon.com/images/I/613l-z-ZPfL.jpg,675680,width,50.0 centimetre
https://m.media-amazon.com/images/I/51H7esAzLFL.jpg,675680,width,24.0 inch
https://m.media-amazon.com/images/I/610IL4GHNQL.jpg,675680,width,12.5 centimetre
https://m.media-amazon.com/images/I/61+3kn08oHL.jpg,675680,width,49.0 centimetre
https://m.media-amazon.com/images/I/61+3kn08oHL.jpg,675680,height,35.5 centimetre
https://m.media-amazon.com/images/I/611+IXSgHSL.jpg,675680,width,28.0 inch
https://m.media-amazon.com/images/I/6151-OytIEL.jpg,675680,width,63.0 centimetre
https://m.media-amazon.com/images/I/61EMy1KEtEL.jpg,675680,width,23.0 centimetre
https://m.media-amazon.com/images/I/61E6KDtpbyL.jpg,675680,width,45.0 centimetre
https://m.media-amazon.com/images/I/61Dzsd36msL.jpg,675680,width,32.0 centimetre
https://m.media-amazon.com/images/I/61ATw6V1FWL.jpg,675680,width,12.8 inch
https://m.media-amazon.com/images/I/510lsefPWtL.jpg,675680,width,76.0 centimetre
https://m.media-amazon.com/images/I/51UVrCfzyjL.jpg,675680,width,92.0 centimetre
https://m.media-amazon.com/images/I/518E02qpa7L.jpg,675680,height,40.0 centimetre
https://m.media-amazon.com/images/I/61A6C+fllgS.jpg,675680,height,35.0 centimetre
https://m.media-amazon.com/images/I/51fB3vJCvBL.jpg,675680,height,804.0 millimetre
https://m.media-amazon.com/images/I/6171gEwBSeL.jpg,675680,height,15.7 inch
https://m.media-amazon.com/images/I/515WmbJf+lL.jpg,675680,height,11.0 centimetre
https://m.media-amazon.com/images/I/514DazgPhqL.jpg,675680,height,17.7 inch
https://m.media-amazon.com/images/I/51mU7ScakSL.jpg,675680,height,7.9 inch
https://m.media-amazon.com/images/I/61F190OxmaL.jpg,675680,height,27.0 centimetre
https://m.media-amazon.com/images/I/51bJCj1WJRS.jpg,675680,height,35.0 centimetre
https://m.media-amazon.com/images/I/618q9wI6JyL.jpg,675680,height,35.0 centimetre
https://m.media-amazon.com/images/I/61Ana4F1xxL.jpg,675680,height,51.0 centimetre
https://m.media-amazon.com/images/I/610zvyR3I7L.jpg,675680,height,38.0 centimetre
https://m.media-amazon.com/images/I/517-dcyxgYL.jpg,675680,height,10.6 inch
https://m.media-amazon.com/images/I/61CRMOMU15L.jpg,675680,height,20.0 centimetre
https://m.media-amazon.com/images/I/51Rku8dFzjS.jpg,675680,height,43.0 centimetre
https://m.media-amazon.com/images/I/51RyQbIp-6L.jpg,675680,height,28.0 centimetre
https://m.media-amazon.com/images/I/61-VK-w8-LL.jpg,675680,height,18.0 centimetre
https://m.media-amazon.com/images/I/51uo2hgE+dL.jpg,675680,height,35.0 centimetre
https://m.media-amazon.com/images/I/51WvHR9ICtL.jpg,675680,height,5.0 inch
https://m.media-amazon.com/images/I/61ACSj4K4mL.jpg,675680,height,20.0 centimetre
https://m.media-amazon.com/images/I/616CBW6uYML.jpg,675680,height,30.0 centimetre
https://m.media-amazon.com/images/I/51WEudOf8YL.jpg,675680,height,18.1 inch
https://m.media-amazon.com/images/I/61-b1f0oNlL.jpg,675680,height,42.0 centimetre
https://m.media-amazon.com/images/I/61B4VtfGGWL.jpg,675680,height,11.94 centimetre
https://m.media-amazon.com/images/I/61C3iPYpHmS.jpg,675680,height,10.2 centimetre
https://m.media-amazon.com/images/I/613uJyEC2IL.jpg,675680,height,61.0 centimetre
https://m.media-amazon.com/images/I/61EnySO7rUL.jpg,675680,height,11.0 inch
https://m.media-amazon.com/images/I/51Tmv7iHH1L.jpg,675680,height,30.0 centimetre
https://m.media-amazon.com/images/I/51USjwYjLRL.jpg,675680,height,1.6 metre
https://m.media-amazon.com/images/I/61Az80wcuAL.jpg,675680,height,34.5 centimetre
https://m.media-amazon.com/images/I/51iGCie41PL.jpg,675680,height,660.0 millimetre
https://m.media-amazon.com/images/I/614KM8U764L.jpg,675680,height,15.7 inch
https://m.media-amazon.com/images/I/51a2+yThTzL.jpg,675680,height,10.0 centimetre
https://m.media-amazon.com/images/I/51DlVAu-e4L.jpg,675680,height,11.8 inch
https://m.media-amazon.com/images/I/51rmWnh2BUL.jpg,675680,height,15.2 centimetre
https://m.media-amazon.com/images/I/613nJqb6PxS.jpg,675680,height,45.0 centimetre
https://m.media-amazon.com/images/I/51QEA9zV0yL.jpg,675680,height,27.0 centimetre
https://m.media-amazon.com/images/I/61DX68-eRFL.jpg,675680,height,44.0 centimetre
https://m.media-amazon.com/images/I/51qaCMYM9WL.jpg,675680,height,12.2 inch
https://m.media-amazon.com/images/I/51Fubg0JtpL.jpg,675680,height,32.0 centimetre
https://m.media-amazon.com/images/I/51zjrq7v1QL.jpg,675680,height,40.0 centimetre
https://m.media-amazon.com/images/I/51zqaUbxxNL.jpg,675680,height,24.8 centimetre
https://m.media-amazon.com/images/I/510XgsdEX1L.jpg,675680,height,13.0 centimetre
https://m.media-amazon.com/images/I/6102C71MQLL.jpg,675680,height,15.7 inch
https://m.media-amazon.com/images/I/618SqAPZcpL.jpg,675680,height,53.0 centimetre
https://m.media-amazon.com/images/I/51p89TJqKiL.jpg,675680,height,12.5 inch
https://m.media-amazon.com/images/I/613g+24cDeL.jpg,675680,height,40.0 centimetre
https://m.media-amazon.com/images/I/611yyWd0KuL.jpg,675680,height,4.5 inch
https://m.media-amazon.com/images/I/611LojijGhL.jpg,675680,height,30.0 centimetre
https://m.media-amazon.com/images/I/511tOnlMDQL.jpg,675680,height,3.7 inch
https://m.media-amazon.com/images/I/51zT+OnRbjS.jpg,675680,height,4.64 inch
https://m.media-amazon.com/images/I/51oeCKm7qWL.jpg,675680,height,81.0 centimetre
https://m.media-amazon.com/images/I/6170H8YrE1L.jpg,675680,height,60.0 centimetre
https://m.media-amazon.com/images/I/51cJ44soMkL.jpg,675680,height,40.0 centimetre
https://m.media-amazon.com/images/I/61B3MYOVCnS.jpg,675680,height,4.1 inch
https://m.media-amazon.com/images/I/41w2tXT4TML.jpg,675680,height,100.0 centimetre
https://m.media-amazon.com/images/I/61-rirr6BuL.jpg,675680,height,15.5 centimetre
https://m.media-amazon.com/images/I/61EF7hPY76L.jpg,675680,height,42.0 centimetre
https://m.media-amazon.com/images/I/51F9q2+-PoL.jpg,675680,height,32.0 centimetre
https://m.media-amazon.com/images/I/51nOlsobTuS.jpg,675680,height,38.0 centimetre
https://m.media-amazon.com/images/I/514bdds8kbL.jpg,675680,height,50.0 centimetre
https://m.media-amazon.com/images/I/61GC1NMtIRL.jpg,675680,height,7.8 inch
https://m.media-amazon.com/images/I/61FEJW5BL+L.jpg,675680,height,33.0 inch
https://m.media-amazon.com/images/I/51FDo3eKVyL.jpg,675680,height,17.0 centimetre
https://m.media-amazon.com/images/I/61EAJw1lC9L.jpg,675680,height,30.0 centimetre
