image_link,group_id,entity_name,entity_value
https://m.media-amazon.com/images/I/6179WU7pPnL.jpg,273748,item_weight,0.41 kilogram
https://m.media-amazon.com/images/I/71xiI3nSZXL.jpg,273748,item_weight,260 gram
https://m.media-amazon.com/images/I/71a0ApQ91gL.jpg,273748,item_weight,0.7 kilogram
https://m.media-amazon.com/images/I/71sMbE7cO6L.jpg,273748,item_weight,183.0 gram
https://m.media-amazon.com/images/I/61ftO4-wxrL.jpg,273748,item_weight,0.73 kilogram
https://m.media-amazon.com/images/I/61e2JhqSyxL.jpg,273748,item_weight,0.25 kilogram
https://m.media-amazon.com/images/I/61HfERFOr1L.jpg,273748,item_weight,1.9 pound
https://m.media-amazon.com/images/I/61UYjkclzaL.jpg,273748,item_weight,0.4 kilogram
https://m.media-amazon.com/images/I/61kFrfEYqVL.jpg,273748,item_weight,0.4 kilogram
https://m.media-amazon.com/images/I/61YyqGPcdlL.jpg,273748,item_weight,0.4 kilogram
https://m.media-amazon.com/images/I/61Kd3HMo0DL.jpg,273748,item_weight,0.4 kilogram
https://m.media-amazon.com/images/I/71DRsAGjE9L.jpg,273748,item_weight,1.72 pound
https://m.media-amazon.com/images/I/71Umlzg+r0L.jpg,273748,item_weight,0.86 kilogram
https://m.media-amazon.com/images/I/71bxShk8DNL.jpg,273748,item_weight,1.75 pound
https://m.media-amazon.com/images/I/61vyje7wFRL.jpg,273748,item_weight,0.66 pound
https://m.media-amazon.com/images/I/51zDbM34VVS.jpg,273748,item_weight,0.29 kilogram
https://m.media-amazon.com/images/I/71XETggLHNL.jpg,273748,item_weight,1.72 pound
https://m.media-amazon.com/images/I/71AlfCtEQEL.jpg,273748,item_weight,0.8 kilogram
https://m.media-amazon.com/images/I/71arsbvTBWL.jpg,273748,item_weight,0.6 kilogram
https://m.media-amazon.com/images/I/61+p59uMlzL.jpg,273748,item_weight,4.4 pound
https://m.media-amazon.com/images/I/71lcYAd86YL.jpg,273748,item_weight,0.5 pound
https://m.media-amazon.com/images/I/71dMddk9q8L.jpg,273748,item_weight,190.0 gram
https://m.media-amazon.com/images/I/71sQRxcATSL.jpg,273748,item_weight,1.8 kilogram
https://m.media-amazon.com/images/I/61Rn1Lnf6CL.jpg,273748,item_weight,900 gram
https://m.media-amazon.com/images/I/51SffTkO6rL.jpg,273748,item_weight,0.28 kilogram
https://m.media-amazon.com/images/I/616RVR0RBAL.jpg,273748,item_weight,122 gram
https://m.media-amazon.com/images/I/81xePMZe2pL.jpg,273748,item_weight,6486 gram
https://m.media-amazon.com/images/I/710GvujV7uL.jpg,273748,item_weight,0.32 kilogram
https://m.media-amazon.com/images/I/61pcbb17xwL.jpg,273748,item_weight,110 pound
https://m.media-amazon.com/images/I/510kGN5fZDL.jpg,273748,item_weight,20 gram
https://m.media-amazon.com/images/I/91Lk1vPehXL.jpg,273748,item_weight,501 gram
https://m.media-amazon.com/images/I/610+6WuTUxL.jpg,273748,item_weight,140 gram
https://m.media-amazon.com/images/I/812PAjksM5L.jpg,273748,item_weight,0.25 kilogram
https://m.media-amazon.com/images/I/71nYLnXcgpL.jpg,273748,item_weight,7 gram
https://m.media-amazon.com/images/I/71ucWfd5zCL.jpg,273748,item_weight,0.3 pound
https://m.media-amazon.com/images/I/61R2wU2s4SL.jpg,273748,item_weight,0.66 pound
https://m.media-amazon.com/images/I/61CzpKxWo7L.jpg,273748,item_weight,0.6 kilogram
https://m.media-amazon.com/images/I/618-XKbJEuL.jpg,273748,item_weight,0.27 kilogram
https://m.media-amazon.com/images/I/71XzaRmeaWL.jpg,273748,item_weight,450 gram
https://m.media-amazon.com/images/I/71Q5LlaUJfL.jpg,273748,item_weight,1.0 gram
https://m.media-amazon.com/images/I/81Ewl1WbfNL.jpg,273748,item_weight,600 gram
https://m.media-amazon.com/images/I/81OhlZrj9SL.jpg,273748,item_weight,320 gram
https://m.media-amazon.com/images/I/61gp+pMnHjL.jpg,273748,item_weight,0.5 kilogram
https://m.media-amazon.com/images/I/716wzGhFk3L.jpg,273748,item_weight,0.41 kilogram
https://m.media-amazon.com/images/I/717u7hDgaGL.jpg,273748,item_weight,0.77 pound
https://m.media-amazon.com/images/I/71CobiOSsLL.jpg,273748,item_weight,0.61 kilogram
https://m.media-amazon.com/images/I/614QHTaq8BL.jpg,273748,item_weight,0.7 pound
https://m.media-amazon.com/images/I/71sWZcITJHL.jpg,273748,item_weight,0.31 kilogram
https://m.media-amazon.com/images/I/61SzdEOwkGL.jpg,273748,item_weight,0.95 kilogram
https://m.media-amazon.com/images/I/71VksPBUimL.jpg,273748,item_weight,0.85 kilogram
https://m.media-amazon.com/images/I/712n9KXTkvL.jpg,273748,item_weight,0.7 kilogram
https://m.media-amazon.com/images/I/71IuZcbqgzL.jpg,273748,item_weight,0.66 pound
https://m.media-amazon.com/images/I/51tTmsY6P-L.jpg,273748,item_weight,182 gram
https://m.media-amazon.com/images/I/51D51Ix2sJL.jpg,273748,item_weight,420.0 gram
https://m.media-amazon.com/images/I/71dFPI6FHyL.jpg,273748,item_weight,0.5 pound
https://m.media-amazon.com/images/I/71csZxmI2ZL.jpg,273748,item_weight,993.0 ounce
https://m.media-amazon.com/images/I/81IstgHQcHL.jpg,273748,item_weight,993.0 ounce
https://m.media-amazon.com/images/I/61GPPS3oT3L.jpg,273748,item_weight,65.0 kilogram
https://m.media-amazon.com/images/I/71Ws4BDYAzL.jpg,273748,item_weight,450.0 gram
https://m.media-amazon.com/images/I/61B2y+8FLSL.jpg,273748,item_weight,0.6 kilogram
https://m.media-amazon.com/images/I/61zYUD9JmTL.jpg,273748,item_weight,3.0 gram
https://m.media-amazon.com/images/I/719QcJVYK+L.jpg,273748,item_weight,10 gram
https://m.media-amazon.com/images/I/81JIpQKDKkL.jpg,273748,item_weight,0.42 pound
https://m.media-amazon.com/images/I/71WXDej4lRL.jpg,273748,item_weight,10.0 gram
https://m.media-amazon.com/images/I/61gLNJpitSL.jpg,273748,item_weight,22 kilogram
https://m.media-amazon.com/images/I/61QSCuYZH2L.jpg,273748,item_weight,1 kilogram
https://m.media-amazon.com/images/I/81WVO-TbUcL.jpg,273748,item_weight,580.0 gram
https://m.media-amazon.com/images/I/81m+ZIzRGpL.jpg,273748,item_weight,0.55 kilogram
https://m.media-amazon.com/images/I/71nNbCJft4L.jpg,273748,item_weight,440.0 gram
https://m.media-amazon.com/images/I/71aI67tR-3L.jpg,273748,item_weight,0.43 kilogram
https://m.media-amazon.com/images/I/71l8TEa4ryL.jpg,273748,item_weight,68.0 kilogram
https://m.media-amazon.com/images/I/81ZLpbX1C6L.jpg,273748,item_weight,200.0 gram
https://m.media-amazon.com/images/I/41UY+4J0I5L.jpg,273748,item_weight,0.95 kilogram
https://m.media-amazon.com/images/I/61bMSZxn-3L.jpg,273748,item_weight,3.0 pound
https://m.media-amazon.com/images/I/61h6vQc6IML.jpg,273748,item_weight,14.0 gram
https://m.media-amazon.com/images/I/81aHiGH-LoL.jpg,273748,item_weight,0.6 kilogram
https://m.media-amazon.com/images/I/71-jvrTUKgL.jpg,273748,item_weight,0.6 kilogram
https://m.media-amazon.com/images/I/81MWN2tAq5L.jpg,273748,item_weight,800 gram
https://m.media-amazon.com/images/I/61pF82DXr6L.jpg,273748,item_weight,0.25 kilogram
https://m.media-amazon.com/images/I/7154MYMP0CL.jpg,273748,item_weight,345 gram
https://m.media-amazon.com/images/I/61XmA8jJSrL.jpg,273748,item_weight,530.0 gram
https://m.media-amazon.com/images/I/61440K2qRZL.jpg,273748,item_weight,0.615 kilogram
https://m.media-amazon.com/images/I/81hpy-vTRxL.jpg,273748,item_weight,1 pound
https://m.media-amazon.com/images/I/71+founFbKL.jpg,273748,item_weight,0.52 kilogram
https://m.media-amazon.com/images/I/81MMk9OYonL.jpg,273748,item_weight,0.55 kilogram
https://m.media-amazon.com/images/I/71K-7XQREBL.jpg,273748,item_weight,0.85 kilogram
https://m.media-amazon.com/images/I/71hzrO+AcmL.jpg,273748,item_weight,0.36 kilogram
https://m.media-amazon.com/images/I/81IaMkkcsOL.jpg,273748,item_weight,149.9 pound
https://m.media-amazon.com/images/I/51hS27FkQjL.jpg,273748,item_weight,0.35 kilogram
https://m.media-amazon.com/images/I/61nV-u010aL.jpg,273748,item_weight,270.0 gram
https://m.media-amazon.com/images/I/61y-MQFIZeL.jpg,273748,item_weight,65 kilogram
https://m.media-amazon.com/images/I/91U86fxUgeL.jpg,273748,item_weight,320 gram
https://m.media-amazon.com/images/I/81EkPbIizUL.jpg,273748,item_weight,0.7 kilogram
https://m.media-amazon.com/images/I/716EZCTnfuL.jpg,273748,item_weight,0.62 kilogram
https://m.media-amazon.com/images/I/81Sm71JgUkL.jpg,273748,item_weight,4.0 pound
https://m.media-amazon.com/images/I/71hizQNH4XL.jpg,273748,item_weight,1.3 pound
https://m.media-amazon.com/images/I/81Xau6bF+2L.jpg,273748,item_weight,0.55 kilogram
https://m.media-amazon.com/images/I/61732HZIhRL.jpg,273748,item_weight,500.0 gram
https://m.media-amazon.com/images/I/71Mt237KdhL.jpg,273748,item_weight,0.75 kilogram
https://m.media-amazon.com/images/I/61vbkyeZHIL.jpg,273748,item_weight,1.3 pound
https://m.media-amazon.com/images/I/61i7BniZOwL.jpg,273748,item_weight,1.39 pound
https://m.media-amazon.com/images/I/61b9LcyHsiL.jpg,273748,item_weight,0.37 kilogram
https://m.media-amazon.com/images/I/71SaGV2CzaS.jpg,273748,item_weight,0.4 kilogram
https://m.media-amazon.com/images/I/61pVP8tb8tL.jpg,273748,item_weight,1.98 pound
https://m.media-amazon.com/images/I/616CQGg51NL.jpg,273748,item_weight,0.3 kilogram
https://m.media-amazon.com/images/I/61VKkrWzI1L.jpg,273748,item_weight,1.2 kilogram
https://m.media-amazon.com/images/I/71lhVf9ke3L.jpg,273748,item_weight,2.05 pound
https://m.media-amazon.com/images/I/71EmkLpxUoL.jpg,273748,item_weight,0.8 kilogram
https://m.media-amazon.com/images/I/71NqJW4NjqL.jpg,273748,item_weight,0.9 kilogram
https://m.media-amazon.com/images/I/71+MgO0vSyL.jpg,273748,item_weight,1.0 ounce
https://m.media-amazon.com/images/I/71j9pVF+9jL.jpg,273748,item_weight,630 gram
https://m.media-amazon.com/images/I/71DHyUS3vIS.jpg,273748,item_weight,0.78 kilogram
https://m.media-amazon.com/images/I/71MpdP64FqL.jpg,273748,item_weight,0.5 kilogram
https://m.media-amazon.com/images/I/61RhUpF6gtL.jpg,273748,item_weight,0.52 kilogram
https://m.media-amazon.com/images/I/71iV+J9PxJL.jpg,273748,item_weight,0.64 kilogram
https://m.media-amazon.com/images/I/51RQdrucWkL.jpg,273748,item_weight,0.47 kilogram
https://m.media-amazon.com/images/I/71viKfOJUqL.jpg,273748,item_weight,0.4 kilogram
https://m.media-amazon.com/images/I/71nednMp-fL.jpg,273748,item_weight,0.37 kilogram
https://m.media-amazon.com/images/I/71PYTBOycIL.jpg,273748,item_weight,0.43 kilogram
https://m.media-amazon.com/images/I/81ewV5ZBurL.jpg,273748,item_weight,300.0 gram
https://m.media-amazon.com/images/I/710JVUV23kL.jpg,273748,item_weight,3.0 kilogram
https://m.media-amazon.com/images/I/61TwUKUki4L.jpg,273748,item_weight,0.2 kilogram
https://m.media-amazon.com/images/I/61uOq+y+FqL.jpg,273748,item_weight,220.0 gram
https://m.media-amazon.com/images/I/61hyus6j4VL.jpg,273748,item_weight,0.3 kilogram
https://m.media-amazon.com/images/I/71MiqwlMltL.jpg,273748,item_weight,310.0 gram
https://m.media-amazon.com/images/I/515oC-Cj2fL.jpg,273748,item_weight,0.6 kilogram
https://m.media-amazon.com/images/I/71-j1Ytk2OL.jpg,273748,item_weight,0.47 kilogram
https://m.media-amazon.com/images/I/71ga0Am5scL.jpg,273748,item_weight,0.21 kilogram
https://m.media-amazon.com/images/I/71psrHZx+4L.jpg,273748,item_weight,0.35 kilogram
https://m.media-amazon.com/images/I/71HIvUF78LL.jpg,273748,item_weight,0.0 gram
https://m.media-amazon.com/images/I/71UXNeswiXL.jpg,273748,item_weight,0.3 kilogram
https://m.media-amazon.com/images/I/61NhWJrJ6zL.jpg,273748,item_weight,34 kilogram
https://m.media-amazon.com/images/I/71X99f5eoiL.jpg,273748,item_weight,0.49 kilogram
https://m.media-amazon.com/images/I/717uGevm1ML.jpg,273748,item_weight,0.8 kilogram
https://m.media-amazon.com/images/I/816HCTCZApL.jpg,273748,item_weight,16.0 ounce
https://m.media-amazon.com/images/I/710o3KZJOdL.jpg,273748,item_weight,1.76 pound
https://m.media-amazon.com/images/I/61xfZKzyoQL.jpg,273748,item_weight,0.8 kilogram
https://m.media-amazon.com/images/I/81+kq+dOJUL.jpg,273748,item_weight,325 gram
https://m.media-amazon.com/images/I/61mz9ZhRQvL.jpg,273748,item_weight,0.23 kilogram
https://m.media-amazon.com/images/I/617IzPFO-kL.jpg,273748,item_weight,0.85 kilogram
https://m.media-amazon.com/images/I/71aGkpHEDRL.jpg,273748,item_weight,0.75 kilogram
https://m.media-amazon.com/images/I/61Je7x+3ZoL.jpg,273748,item_weight,470.0 gram
https://m.media-amazon.com/images/I/71sxD3DnkzL.jpg,273748,item_weight,0.48 kilogram
https://m.media-amazon.com/images/I/71hgOVwG8sL.jpg,273748,item_weight,9.8 ounce
https://m.media-amazon.com/images/I/61rszxrWO7S.jpg,273748,item_weight,2.2 pound
https://m.media-amazon.com/images/I/71CXHYe8W3L.jpg,273748,item_weight,0.19 kilogram
https://m.media-amazon.com/images/I/71dNwcYxFhL.jpg,273748,item_weight,0.77 pound
https://m.media-amazon.com/images/I/712u2s8PGGL.jpg,273748,item_weight,0.77 pound
https://m.media-amazon.com/images/I/71kPyZLmFGL.jpg,273748,item_weight,0.35 kilogram
https://m.media-amazon.com/images/I/81tZOwU4FrL.jpg,273748,item_weight,18.0 gram
https://m.media-amazon.com/images/I/71RRJ8-5pGL.jpg,273748,item_weight,415 gram
https://m.media-amazon.com/images/I/71xgIjyEknL.jpg,273748,item_weight,600.0 gram
https://m.media-amazon.com/images/I/71pQfz3kkML.jpg,273748,item_weight,5.0 gram
https://m.media-amazon.com/images/I/81xiSS4tkyL.jpg,273748,item_weight,1.97 pound
https://m.media-amazon.com/images/I/614EW+UxcyS.jpg,273748,item_weight,0.358 kilogram
https://m.media-amazon.com/images/I/71647ViUFfL.jpg,273748,item_weight,1.54 pound
https://m.media-amazon.com/images/I/81EhAQWsrJL.jpg,273748,item_weight,1.87 pound
https://m.media-amazon.com/images/I/71lkUQ2NvGL.jpg,273748,item_weight,0.65 kilogram
https://m.media-amazon.com/images/I/618qM9WuXPL.jpg,273748,item_weight,340 gram
https://m.media-amazon.com/images/I/51nNJgs137L.jpg,273748,item_weight,171.0 gram
https://m.media-amazon.com/images/I/61X5vCMtu1L.jpg,273748,item_weight,1.05 kilogram
https://m.media-amazon.com/images/I/81tqVsxLj8L.jpg,273748,item_weight,0.25 kilogram
https://m.media-amazon.com/images/I/71GNEPgta+L.jpg,273748,item_weight,0.47 kilogram
https://m.media-amazon.com/images/I/718UYDNu97L.jpg,273748,item_weight,0.76 kilogram
https://m.media-amazon.com/images/I/71tyzFuUrcL.jpg,273748,item_weight,650 gram
https://m.media-amazon.com/images/I/610XKR03rdL.jpg,273748,item_weight,260 gram
https://m.media-amazon.com/images/I/614wjI9197L.jpg,273748,item_weight,1.2 kilogram
https://m.media-amazon.com/images/I/71FIcaH07SL.jpg,273748,item_weight,0.38 kilogram
https://m.media-amazon.com/images/I/71TPM8m0G1L.jpg,273748,item_weight,0.85 pound
https://m.media-amazon.com/images/I/71q-1mOkNZL.jpg,273748,item_weight,0.7 kilogram
https://m.media-amazon.com/images/I/71UwqPLhzpL.jpg,273748,item_weight,0.3 kilogram
https://m.media-amazon.com/images/I/71I39y0j27L.jpg,273748,item_weight,0.52 kilogram
https://m.media-amazon.com/images/I/81VjbYLc4TL.jpg,273748,item_weight,0.4 kilogram
https://m.media-amazon.com/images/I/71oBlc3ZdWL.jpg,273748,item_weight,1.65 pound
https://m.media-amazon.com/images/I/51Q5CG5xQDL.jpg,273748,item_weight,210.0 gram
https://m.media-amazon.com/images/I/617iL5Ka9nL.jpg,273748,item_weight,300.0 gram
https://m.media-amazon.com/images/I/61rkAqNwVVL.jpg,273748,item_weight,0.3 kilogram
https://m.media-amazon.com/images/I/617gUBYhbOL.jpg,273748,item_weight,1.12 pound
https://m.media-amazon.com/images/I/71Wj0miVkjL.jpg,273748,item_weight,0.8 kilogram
https://m.media-amazon.com/images/I/81H4ExuO+TL.jpg,273748,item_weight,6.0 gram
https://m.media-amazon.com/images/I/81jgXTegEQS.jpg,273748,item_weight,2.05 pound
https://m.media-amazon.com/images/I/71N0u80GNML.jpg,273748,item_weight,0.6 kilogram
https://m.media-amazon.com/images/I/71aqgV5FMyL.jpg,273748,item_weight,0.892 kilogram
https://m.media-amazon.com/images/I/71TV0hgySSL.jpg,273748,item_weight,380.0 gram
https://m.media-amazon.com/images/I/71CK6cplBIL.jpg,273748,item_weight,1 kilogram
https://m.media-amazon.com/images/I/611jwsn4esL.jpg,273748,item_weight,1988 gram
https://m.media-amazon.com/images/I/91wI0Rbl4oL.jpg,273748,item_weight,5.0 gram
https://m.media-amazon.com/images/I/71q-KgqVz2L.jpg,273748,item_weight,5.0 gram
https://m.media-amazon.com/images/I/71w8BxsHZuL.jpg,273748,item_weight,1.87 pound
https://m.media-amazon.com/images/I/51pIF6tHi4L.jpg,273748,item_weight,0.34 kilogram
https://m.media-amazon.com/images/I/61HXHFEEeeL.jpg,273748,item_weight,13.0 gram
https://m.media-amazon.com/images/I/71nykCtqm2L.jpg,273748,item_weight,0.7 kilogram
https://m.media-amazon.com/images/I/71kp1L9mtwL.jpg,273748,item_weight,3.97 pound
https://m.media-amazon.com/images/I/61srb9DHrJL.jpg,273748,item_weight,0.7 pound
https://m.media-amazon.com/images/I/71l77we3jtL.jpg,273748,item_weight,10 gram
https://m.media-amazon.com/images/I/819XvJiXWRL.jpg,273748,item_weight,10.0 gram
https://m.media-amazon.com/images/I/61OYOs-LQIL.jpg,273748,item_weight,1.3 pound
https://m.media-amazon.com/images/I/71033FybcEL.jpg,273748,item_weight,0.6 kilogram
https://m.media-amazon.com/images/I/71rji3b1awL.jpg,273748,item_weight,0.65 kilogram
https://m.media-amazon.com/images/I/51e1sUhbtuL.jpg,273748,item_weight,0.29 kilogram
https://m.media-amazon.com/images/I/71AC0xNfJuL.jpg,273748,item_weight,0.7 kilogram
https://m.media-amazon.com/images/I/713zTPvcUaL.jpg,273748,item_weight,0.27 kilogram
https://m.media-amazon.com/images/I/61iFTzhaNCL.jpg,273748,item_weight,0.38 kilogram
https://m.media-amazon.com/images/I/41YeuZzLioL.jpg,273748,item_weight,0.61 pound
https://m.media-amazon.com/images/I/71m3szA682L.jpg,273748,item_weight,0.6 kilogram
https://m.media-amazon.com/images/I/71MqrPtatEL.jpg,273748,item_weight,0.81 pound
https://m.media-amazon.com/images/I/71zxJKzyGRL.jpg,273748,item_weight,360 gram
https://m.media-amazon.com/images/I/71XbjxlW7hL.jpg,273748,item_weight,199.0 gram
https://m.media-amazon.com/images/I/71jgBXmKOhL.jpg,273748,item_weight,183.0 gram
https://m.media-amazon.com/images/I/81Rh8GD7QeL.jpg,273748,item_weight,700.0 gram
https://m.media-amazon.com/images/I/41fLCr-siJS.jpg,273748,item_weight,1.5 kilogram
https://m.media-amazon.com/images/I/51Tu2uUWVCL.jpg,273748,item_weight,1 pound
https://m.media-amazon.com/images/I/81EcSVUXO4L.jpg,273748,item_weight,1.5 pound
https://m.media-amazon.com/images/I/61SIEsBqGqL.jpg,273748,item_weight,0.55 kilogram
https://m.media-amazon.com/images/I/71gko0756wL.jpg,273748,item_weight,0.8 kilogram
https://m.media-amazon.com/images/I/61anVjBjTGL.jpg,273748,item_weight,1.15 kilogram
https://m.media-amazon.com/images/I/81fCqLhXQ0L.jpg,273748,item_weight,325 gram
https://m.media-amazon.com/images/I/71y0++B5NuL.jpg,273748,item_weight,10.14 pound
https://m.media-amazon.com/images/I/71Adqh7rtdL.jpg,273748,item_weight,320 gram
https://m.media-amazon.com/images/I/71iUJYpKU5L.jpg,273748,item_weight,0.7 kilogram
https://m.media-amazon.com/images/I/61BIsq-feNL.jpg,273748,item_weight,0.64 pound
https://m.media-amazon.com/images/I/61ECMunsfVL.jpg,273748,item_weight,0.3 kilogram
https://m.media-amazon.com/images/I/711hXFAO37L.jpg,273748,item_weight,0.44 kilogram
https://m.media-amazon.com/images/I/51hYcV4wDkL.jpg,273748,item_weight,170 gram
https://m.media-amazon.com/images/I/71HPLISOTJL.jpg,273748,item_weight,0.6 pound
https://m.media-amazon.com/images/I/71HZMNxI-pL.jpg,273748,item_weight,0.4 kilogram
https://m.media-amazon.com/images/I/61mAt3E44kL.jpg,273748,item_weight,1.12 pound
https://m.media-amazon.com/images/I/71ItOelBo9L.jpg,273748,item_weight,0.6 kilogram
https://m.media-amazon.com/images/I/61igJuPtJJL.jpg,273748,item_weight,190 gram
https://m.media-amazon.com/images/I/71gbt+3CNfL.jpg,273748,item_weight,360 gram
https://m.media-amazon.com/images/I/61HSOfIp-hL.jpg,273748,item_weight,2.02 pound
https://m.media-amazon.com/images/I/71nomCcaZ0L.jpg,273748,item_weight,0.5 pound
https://m.media-amazon.com/images/I/61VO-CWD2-L.jpg,273748,item_weight,0.25 kilogram
https://m.media-amazon.com/images/I/81lwGGIAhDL.jpg,273748,item_weight,0.25 kilogram
https://m.media-amazon.com/images/I/71fFHfzDtQL.jpg,273748,item_weight,0.53 kilogram
https://m.media-amazon.com/images/I/71Sj0DOvwJL.jpg,273748,item_weight,0.8 kilogram
https://m.media-amazon.com/images/I/51JyGLEVC2L.jpg,273748,item_weight,2.4 ounce
https://m.media-amazon.com/images/I/611nwzEnD1L.jpg,273748,item_weight,0.38 kilogram
https://m.media-amazon.com/images/I/81h5lRRMgrL.jpg,273748,item_weight,320 gram
https://m.media-amazon.com/images/I/91fonGUtGYL.jpg,273748,item_weight,6.0 gram
https://m.media-amazon.com/images/I/41aE6U4kpML.jpg,273748,item_weight,0.95 kilogram
https://m.media-amazon.com/images/I/71BngIUWPLL.jpg,273748,item_weight,0.25 kilogram
https://m.media-amazon.com/images/I/61iDzaNIe2L.jpg,273748,item_weight,0.64 pound
https://m.media-amazon.com/images/I/61MheylC+eL.jpg,273748,item_weight,180.0 gram
https://m.media-amazon.com/images/I/61wNe13PlTL.jpg,273748,item_weight,0.3 kilogram
https://m.media-amazon.com/images/I/61g2i7vI47L.jpg,273748,item_weight,122 gram
https://m.media-amazon.com/images/I/616++f-7+bL.jpg,273748,item_weight,0.905 kilogram
https://m.media-amazon.com/images/I/812JmSryzJL.jpg,273748,item_weight,470.0 gram
https://m.media-amazon.com/images/I/61JgaAPFZlL.jpg,273748,item_weight,490.0 gram
https://m.media-amazon.com/images/I/61jYh2KlERL.jpg,273748,item_weight,2.2 pound
https://m.media-amazon.com/images/I/61Pn3OD3hkL.jpg,273748,item_weight,1.0 kilogram
https://m.media-amazon.com/images/I/61ZsKw+12hL.jpg,273748,item_weight,0.58 kilogram
https://m.media-amazon.com/images/I/71A2i3RdGoL.jpg,273748,item_weight,1.5 pound
https://m.media-amazon.com/images/I/71u7YzrZyqL.jpg,273748,item_weight,0.33 kilogram
https://m.media-amazon.com/images/I/71dp73EKc+L.jpg,273748,item_weight,183.0 gram
https://m.media-amazon.com/images/I/617r3dvF9DL.jpg,273748,item_weight,0.64 kilogram
https://m.media-amazon.com/images/I/71A5WoJtBIL.jpg,273748,item_weight,0.89 kilogram
https://m.media-amazon.com/images/I/61S8i0Bo5uL.jpg,273748,item_weight,0.85 pound
https://m.media-amazon.com/images/I/71TwcoMJvGL.jpg,273748,item_weight,0.37 kilogram
https://m.media-amazon.com/images/I/81T5c1lzFGL.jpg,273748,item_weight,0.3 kilogram
https://m.media-amazon.com/images/I/61E2TFPmdJL.jpg,273748,item_weight,34 kilogram
https://m.media-amazon.com/images/I/71qjW7XsoRL.jpg,273748,item_weight,0.35 kilogram
https://m.media-amazon.com/images/I/61Y+nYNHvNL.jpg,273748,item_weight,0.57 kilogram
https://m.media-amazon.com/images/I/71IcnnwCypL.jpg,273748,item_weight,0.32 kilogram
https://m.media-amazon.com/images/I/61lteOuRhIL.jpg,273748,item_weight,21.0 gram
https://m.media-amazon.com/images/I/61N5x5Ycg5L.jpg,273748,item_weight,19.0 gram
https://m.media-amazon.com/images/I/51NyPOlWNpL.jpg,273748,item_weight,280 gram
https://m.media-amazon.com/images/I/71BZhP8UF4L.jpg,273748,item_weight,0.65 kilogram
https://m.media-amazon.com/images/I/61IgXmIYIhL.jpg,273748,item_weight,10.2 ounce
https://m.media-amazon.com/images/I/71s4KR0GwTS.jpg,273748,item_weight,0.4 kilogram
https://m.media-amazon.com/images/I/61zAk4n4u-L.jpg,273748,item_weight,0.75 kilogram
https://m.media-amazon.com/images/I/61tAjDNix-L.jpg,273748,item_weight,0.96 kilogram
https://m.media-amazon.com/images/I/81WwEolourL.jpg,273748,item_weight,201 gram
https://m.media-amazon.com/images/I/61HbgCuxWSL.jpg,273748,item_weight,0.22 kilogram
https://m.media-amazon.com/images/I/71H6o3bkRTL.jpg,273748,item_weight,1.92 ounce
https://m.media-amazon.com/images/I/61JmGtWjMqL.jpg,273748,item_weight,0.275 kilogram
https://m.media-amazon.com/images/I/71DekLsExML.jpg,273748,item_weight,0.98 pound
https://m.media-amazon.com/images/I/71+lM9JqQPL.jpg,273748,item_weight,0.7 kilogram
https://m.media-amazon.com/images/I/71QE0SkO57L.jpg,273748,item_weight,0.6 kilogram
https://m.media-amazon.com/images/I/61k05HdnFyL.jpg,273748,item_weight,0.83 kilogram
https://m.media-amazon.com/images/I/71sXQZrMX1L.jpg,273748,item_weight,0.23 kilogram
https://m.media-amazon.com/images/I/71-RRS4KKXL.jpg,273748,item_weight,3.0 gram
https://m.media-amazon.com/images/I/61JD8gJWiXL.jpg,273748,item_weight,0.3 kilogram
https://m.media-amazon.com/images/I/71woc9K1YhL.jpg,273748,item_weight,0.4 kilogram
https://m.media-amazon.com/images/I/51-xQ5HyW3L.jpg,273748,item_weight,0.33 kilogram
https://m.media-amazon.com/images/I/81orzWuIlVL.jpg,273748,item_weight,1.05 kilogram
https://m.media-amazon.com/images/I/71ehSc2uq3L.jpg,273748,item_weight,310 gram
https://m.media-amazon.com/images/I/61Opsp3nDHL.jpg,273748,item_weight,0.3 kilogram
https://m.media-amazon.com/images/I/619iuUyRzNL.jpg,273748,item_weight,1.05 pound
https://m.media-amazon.com/images/I/61dxcj7O6kL.jpg,273748,item_weight,1.08 pound
https://m.media-amazon.com/images/I/61hMl8TzhgL.jpg,273748,item_weight,0.96 pound
https://m.media-amazon.com/images/I/71HgV-to51L.jpg,273748,item_weight,350 gram
https://m.media-amazon.com/images/I/71yiUXrcZmL.jpg,273748,item_weight,1.68 pound
https://m.media-amazon.com/images/I/61Oqdo1O-UL.jpg,273748,item_weight,250.0 gram
https://m.media-amazon.com/images/I/71LSW+ENwrL.jpg,273748,item_weight,0.8 kilogram
https://m.media-amazon.com/images/I/61oBDeFOtiL.jpg,273748,item_weight,300.0 gram
https://m.media-amazon.com/images/I/81MZJOx40TL.jpg,273748,item_weight,0.3 kilogram
https://m.media-amazon.com/images/I/71MQ2XeYX6L.jpg,273748,item_weight,0.43 kilogram
https://m.media-amazon.com/images/I/81YQOFkOtxL.jpg,273748,item_weight,0.23 kilogram
https://m.media-amazon.com/images/I/71Mg8KZ+YaL.jpg,273748,item_weight,0.55 pound
https://m.media-amazon.com/images/I/613B0KEgT6L.jpg,273748,item_weight,1.2 pound
https://m.media-amazon.com/images/I/71wCksyOFUL.jpg,273748,item_weight,68 kilogram
https://m.media-amazon.com/images/I/71Tf0PHXAlL.jpg,273748,item_weight,0.57 pound
https://m.media-amazon.com/images/I/81joU8zh-mL.jpg,273748,item_weight,0.46 kilogram
https://m.media-amazon.com/images/I/71dMxerUEAL.jpg,273748,item_weight,3.0 gram
https://m.media-amazon.com/images/I/617ekubgkbL.jpg,273748,item_weight,60.0 pound
https://m.media-amazon.com/images/I/71F2OeGjguL.jpg,273748,item_weight,0.8 kilogram
https://m.media-amazon.com/images/I/71yh7izvSUL.jpg,273748,item_weight,1 kilogram
https://m.media-amazon.com/images/I/61RhH1KspxL.jpg,273748,item_weight,0.4 kilogram
https://m.media-amazon.com/images/I/71Czpc9BFBL.jpg,273748,item_weight,260.0 gram
https://m.media-amazon.com/images/I/71pU9EYMU6L.jpg,273748,item_weight,0.3 pound
https://m.media-amazon.com/images/I/71VNzO9QkpL.jpg,273748,item_weight,150 gram
https://m.media-amazon.com/images/I/71LMK9W8teL.jpg,273748,item_weight,2.0 pound
https://m.media-amazon.com/images/I/71Fik9JLpPL.jpg,273748,item_weight,0.7 kilogram
https://m.media-amazon.com/images/I/71HTOwSq21L.jpg,273748,item_weight,0.89 kilogram
https://m.media-amazon.com/images/I/71kMXQ6TVzL.jpg,273748,item_weight,600 gram
https://m.media-amazon.com/images/I/714osgT47qL.jpg,273748,item_weight,1.2 kilogram
https://m.media-amazon.com/images/I/71YUh9b8pAL.jpg,273748,item_weight,360 gram
https://m.media-amazon.com/images/I/717fyRFYvhL.jpg,273748,item_weight,460 gram
https://m.media-amazon.com/images/I/71-6H8XsyyL.jpg,273748,item_weight,680 gram
https://m.media-amazon.com/images/I/61H14jn0tRL.jpg,273748,item_weight,0.4 kilogram
https://m.media-amazon.com/images/I/71rddCPEa5L.jpg,273748,item_weight,0.5 pound
https://m.media-amazon.com/images/I/71gSYucQVdL.jpg,273748,item_weight,750.0 gram
https://m.media-amazon.com/images/I/613M4AEBV5L.jpg,273748,item_weight,0.9 pound
https://m.media-amazon.com/images/I/61Lu0cqvTiL.jpg,273748,item_weight,1.32 pound
https://m.media-amazon.com/images/I/81A7Cb+EjLL.jpg,273748,item_weight,82.0 kilogram
https://m.media-amazon.com/images/I/51i5eno6DxL.jpg,273748,item_weight,0.34 kilogram
https://m.media-amazon.com/images/I/61pzYcqBj2S.jpg,273748,item_weight,0.9 kilogram
https://m.media-amazon.com/images/I/71fmJctz8RL.jpg,273748,item_weight,0.95 kilogram
https://m.media-amazon.com/images/I/61v4RbpgRyL.jpg,273748,item_weight,320.0 gram
https://m.media-amazon.com/images/I/51X7-nnwpIL.jpg,273748,item_weight,0.4 kilogram
https://m.media-amazon.com/images/I/71Rx2I1nqsL.jpg,273748,item_weight,300.0 gram
https://m.media-amazon.com/images/I/71PlrxhlRZL.jpg,273748,item_weight,0.55 pound
https://m.media-amazon.com/images/I/71wCLx-P2rL.jpg,273748,item_weight,0.46 kilogram
https://m.media-amazon.com/images/I/61CbGoJWWWL.jpg,273748,item_weight,0.6 pound
https://m.media-amazon.com/images/I/61+7ZOmyybL.jpg,273748,item_weight,2.2 pound
https://m.media-amazon.com/images/I/61gZA30nsML.jpg,273748,item_weight,0.96 pound
https://m.media-amazon.com/images/I/81WurUlnT5L.jpg,273748,item_weight,993.0 ounce
https://m.media-amazon.com/images/I/61YjUq+efuL.jpg,273748,item_weight,0.35 kilogram
https://m.media-amazon.com/images/I/71VIOkKuE5L.jpg,273748,item_weight,1.19 pound
https://m.media-amazon.com/images/I/71b6c-kaniL.jpg,273748,item_weight,60 gram
https://m.media-amazon.com/images/I/71N2msgLYwS.jpg,273748,item_weight,0.5 kilogram
https://m.media-amazon.com/images/I/61oCEf7aRzL.jpg,273748,item_weight,122 gram
https://m.media-amazon.com/images/I/71Fh0xuKA7L.jpg,273748,item_weight,0.99 pound
https://m.media-amazon.com/images/I/71isGeQVNVL.jpg,273748,item_weight,0.7 kilogram
https://m.media-amazon.com/images/I/71w8bmPvGvL.jpg,273748,item_weight,0.55 kilogram
https://m.media-amazon.com/images/I/812qzZe7H2L.jpg,273748,item_weight,30.0 gram
https://m.media-amazon.com/images/I/81Iq9Y6YIUL.jpg,273748,item_weight,310.0 gram
https://m.media-amazon.com/images/I/61RGItJ890L.jpg,273748,item_weight,0.34 kilogram
https://m.media-amazon.com/images/I/619XbsJMVdL.jpg,273748,item_weight,0.2 kilogram
https://m.media-amazon.com/images/I/71ezlma0-ZL.jpg,273748,item_weight,0.77 pound
https://m.media-amazon.com/images/I/513cbGwIm7L.jpg,273748,item_weight,100 gram
https://m.media-amazon.com/images/I/61cJINOlqgL.jpg,273748,item_weight,700 gram
https://m.media-amazon.com/images/I/71hx7quD4oL.jpg,273748,item_weight,0.23 kilogram
https://m.media-amazon.com/images/I/71jCPjvimEL.jpg,273748,item_weight,0.88 pound
https://m.media-amazon.com/images/I/71CgA96OorL.jpg,273748,item_weight,0.35 kilogram
https://m.media-amazon.com/images/I/71kFr5q2yEL.jpg,273748,item_weight,0.45 kilogram
https://m.media-amazon.com/images/I/61w7IKWrTDL.jpg,273748,item_weight,0.4 kilogram
https://m.media-amazon.com/images/I/71pFP+YcbBL.jpg,273748,item_weight,0.2 kilogram
https://m.media-amazon.com/images/I/71ncM1Rq7EL.jpg,273748,item_weight,0.96 pound
https://m.media-amazon.com/images/I/81-QTIblvaL.jpg,273748,item_weight,325 gram
https://m.media-amazon.com/images/I/7116FpXhYVL.jpg,273748,item_weight,0.6 kilogram
https://m.media-amazon.com/images/I/81SWpkoNNOL.jpg,273748,item_weight,14 ounce
https://m.media-amazon.com/images/I/81lEtTb6cNL.jpg,273748,item_weight,1.1 pound
https://m.media-amazon.com/images/I/81F3RzNot8L.jpg,273748,item_weight,1.33 pound
https://m.media-amazon.com/images/I/61JPU181DZL.jpg,273748,item_weight,0.25 kilogram
https://m.media-amazon.com/images/I/61bW2Q9NP2L.jpg,273748,item_weight,0.29 kilogram
https://m.media-amazon.com/images/I/71laNXTsaBS.jpg,273748,item_weight,0.98 kilogram
https://m.media-amazon.com/images/I/61U1k58hJUL.jpg,273748,item_weight,0.77 kilogram
https://m.media-amazon.com/images/I/71QPtic-yqL.jpg,273748,item_weight,1.25 kilogram
https://m.media-amazon.com/images/I/71h2M5kEU5S.jpg,273748,item_weight,0.358 kilogram
https://m.media-amazon.com/images/I/718kxv-7+fL.jpg,273748,item_weight,560.0 gram
https://m.media-amazon.com/images/I/81sXofn-XkL.jpg,273748,item_weight,0.5 kilogram
https://m.media-amazon.com/images/I/713Qt4YF59L.jpg,273748,item_weight,1.72 pound
https://m.media-amazon.com/images/I/71oz7FdkavL.jpg,273748,item_weight,1 kilogram
https://m.media-amazon.com/images/I/517+ubWx7GL.jpg,273748,item_weight,0.4 kilogram
https://m.media-amazon.com/images/I/6175Xa98KfL.jpg,273748,item_weight,0.32 kilogram
https://m.media-amazon.com/images/I/719kslR+mLL.jpg,273748,item_weight,0.5 kilogram
https://m.media-amazon.com/images/I/71Ps0fckwuL.jpg,273748,item_weight,0.57 kilogram
https://m.media-amazon.com/images/I/61kHlzysJ9L.jpg,273748,item_weight,1 pound
https://m.media-amazon.com/images/I/81Yv4U3c02L.jpg,273748,item_weight,1.46 pound
https://m.media-amazon.com/images/I/51GYVKIWiqS.jpg,273748,item_weight,120.0 gram
https://m.media-amazon.com/images/I/81osMKNpxmL.jpg,273748,item_weight,300 gram
https://m.media-amazon.com/images/I/71DAgjYXb2L.jpg,273748,item_weight,2.14 pound
https://m.media-amazon.com/images/I/61IAoOvjG9L.jpg,273748,item_weight,11000 gram
https://m.media-amazon.com/images/I/61j7zSc0dWL.jpg,273748,item_weight,1.1 pound
https://m.media-amazon.com/images/I/91UxDZjMhIL.jpg,273748,item_weight,0.35 kilogram
https://m.media-amazon.com/images/I/71XQU4vB6uL.jpg,273748,item_weight,200 gram
https://m.media-amazon.com/images/I/61i9sYepiWL.jpg,273748,item_weight,0.58 kilogram
https://m.media-amazon.com/images/I/714IfevQTYL.jpg,273748,item_weight,0.4 kilogram
https://m.media-amazon.com/images/I/81Ie6DWK8vL.jpg,273748,item_weight,420.0 gram
https://m.media-amazon.com/images/I/71fB3eACi-L.jpg,273748,item_weight,0.36 kilogram
https://m.media-amazon.com/images/I/81aXCuEhxYL.jpg,273748,item_weight,2.0 pound
https://m.media-amazon.com/images/I/711CwufgQXS.jpg,273748,item_weight,0.7 kilogram
https://m.media-amazon.com/images/I/8131iXlhYWL.jpg,273748,item_weight,0.13 kilogram
https://m.media-amazon.com/images/I/61bJPpz3+hL.jpg,273748,item_weight,0.24 kilogram
https://m.media-amazon.com/images/I/615RIoH10NL.jpg,273748,item_weight,0.62 pound
https://m.media-amazon.com/images/I/61IGEBxCRDL.jpg,273748,item_weight,0.21 kilogram
https://m.media-amazon.com/images/I/71mLUbY+AmL.jpg,273748,item_weight,0.0 milligram
https://m.media-amazon.com/images/I/71DCym7+OUL.jpg,273748,item_weight,0.0 milligram
https://m.media-amazon.com/images/I/818nm1tzE-L.jpg,273748,item_weight,1.33 pound
https://m.media-amazon.com/images/I/71HMq6EtSbS.jpg,273748,item_weight,0.55 kilogram
https://m.media-amazon.com/images/I/71Akiyi+3FL.jpg,273748,item_weight,0.55 pound
https://m.media-amazon.com/images/I/71sYzJo3BDL.jpg,273748,item_weight,0.52 kilogram
https://m.media-amazon.com/images/I/517M+6SXExL.jpg,273748,item_weight,320.0 gram
https://m.media-amazon.com/images/I/61h62oQ1z0L.jpg,273748,item_weight,150 gram
https://m.media-amazon.com/images/I/71kKbX7vgEL.jpg,273748,item_weight,140.0 gram
https://m.media-amazon.com/images/I/71HoVpP0PoL.jpg,273748,item_weight,0.5 kilogram
https://m.media-amazon.com/images/I/61Gy-TT5yZL.jpg,273748,item_weight,1.0 kilogram
https://m.media-amazon.com/images/I/715YonRVfHL.jpg,273748,item_weight,0.8 kilogram
https://m.media-amazon.com/images/I/716Kg9O12kL.jpg,273748,item_weight,0.5 kilogram
https://m.media-amazon.com/images/I/71TjlvCrU3L.jpg,273748,item_weight,6.0 milligram
https://m.media-amazon.com/images/I/714e1isj0sL.jpg,273748,item_weight,0.25 kilogram
https://m.media-amazon.com/images/I/71KAz+8IweL.jpg,273748,item_weight,20.0 ounce
https://m.media-amazon.com/images/I/71BPrKDQ3TL.jpg,273748,item_weight,0.38 kilogram
https://m.media-amazon.com/images/I/71CrXmuNSpL.jpg,273748,item_weight,0.6 kilogram
https://m.media-amazon.com/images/I/71bf9XG6rsS.jpg,273748,item_weight,0.88 pound
https://m.media-amazon.com/images/I/71kvMBoheHL.jpg,273748,item_weight,130.0 gram
https://m.media-amazon.com/images/I/81o2MCUg9nL.jpg,273748,item_weight,2 gram
https://m.media-amazon.com/images/I/71tLusVO6VL.jpg,273748,item_weight,0.79 pound
https://m.media-amazon.com/images/I/71PFcJLlsSL.jpg,273748,item_weight,0.79 pound
https://m.media-amazon.com/images/I/71-+2pInYhL.jpg,273748,item_weight,0.88 pound
https://m.media-amazon.com/images/I/61KcYnA2pJL.jpg,273748,item_weight,110 pound
https://m.media-amazon.com/images/I/71OQ05v8bjL.jpg,273748,item_weight,0.65 kilogram
https://m.media-amazon.com/images/I/61bR87HbrCL.jpg,273748,item_weight,52 kilogram
https://m.media-amazon.com/images/I/71EVhD35gTL.jpg,273748,item_weight,1.3 pound
https://m.media-amazon.com/images/I/61QkV4U4NTL.jpg,273748,item_weight,0.905 kilogram
https://m.media-amazon.com/images/I/71LImXBZ92L.jpg,273748,item_weight,0.935 kilogram
https://m.media-amazon.com/images/I/61qg--ejZOL.jpg,273748,item_weight,630 gram
https://m.media-amazon.com/images/I/51NjetvhZ+L.jpg,273748,item_weight,0.29 kilogram
https://m.media-amazon.com/images/I/711wqBY+hzL.jpg,273748,item_weight,0.47 kilogram
https://m.media-amazon.com/images/I/71NPXD3QtCL.jpg,273748,item_weight,1.76 pound
https://m.media-amazon.com/images/I/71Fht--yG3L.jpg,273748,item_weight,1.2 pound
https://m.media-amazon.com/images/I/71+3mV5pU7L.jpg,273748,item_weight,2.0 milligram
https://m.media-amazon.com/images/I/81OJqNZgp8L.jpg,273748,item_weight,190 gram
https://m.media-amazon.com/images/I/71DY3iiJ2qL.jpg,273748,item_weight,183.0 gram
https://m.media-amazon.com/images/I/71Nz6QpSjKL.jpg,273748,item_weight,115 gram
https://m.media-amazon.com/images/I/613Af8s+QxL.jpg,273748,item_weight,0.95 kilogram
https://m.media-amazon.com/images/I/71XIBblFlAL.jpg,273748,item_weight,120 gram
https://m.media-amazon.com/images/I/614W+QNG9GL.jpg,273748,item_weight,1.0 kilogram
https://m.media-amazon.com/images/I/81lviGt6erL.jpg,273748,item_weight,2.0 pound
https://m.media-amazon.com/images/I/71VvFufDQyL.jpg,273748,item_weight,0.46 kilogram
https://m.media-amazon.com/images/I/712fsNb1iPL.jpg,273748,item_weight,0.48 kilogram
https://m.media-amazon.com/images/I/61hr8ad+fDL.jpg,273748,item_weight,0.3 kilogram
https://m.media-amazon.com/images/I/619f9WV3IDL.jpg,273748,item_weight,3.96 pound
https://m.media-amazon.com/images/I/61NJs01zRWL.jpg,273748,item_weight,0.5 kilogram
https://m.media-amazon.com/images/I/71lpv-EQlCL.jpg,273748,item_weight,183.0 gram
https://m.media-amazon.com/images/I/71bMO4FqKLL.jpg,273748,item_weight,0.6 kilogram
https://m.media-amazon.com/images/I/61YY63R4RRL.jpg,273748,item_weight,14 gram
https://m.media-amazon.com/images/I/61l2C3t8ryL.jpg,273748,item_weight,0.4 kilogram
https://m.media-amazon.com/images/I/61J0UnfXbVL.jpg,273748,item_weight,1.08 pound
https://m.media-amazon.com/images/I/61hFVdViaHL.jpg,273748,item_weight,3 gram
https://m.media-amazon.com/images/I/71c+piARJRL.jpg,273748,item_weight,0.8 kilogram
https://m.media-amazon.com/images/I/71kTXIjPhSL.jpg,273748,item_weight,0.6 pound
https://m.media-amazon.com/images/I/51swP3hn-GL.jpg,273748,item_weight,0.62 kilogram
https://m.media-amazon.com/images/I/41F7nU8cW4L.jpg,273748,item_weight,17 kilogram
https://m.media-amazon.com/images/I/61-WmUQNGiL.jpg,273748,item_weight,0.9 kilogram
https://m.media-amazon.com/images/I/41z1ZvnS5DL.jpg,273748,item_weight,0.61 pound
https://m.media-amazon.com/images/I/61uoQo32jhL.jpg,273748,item_weight,10 gram
https://m.media-amazon.com/images/I/81QsZ5ma9YL.jpg,273748,item_weight,325 gram
https://m.media-amazon.com/images/I/71dHJFGCFIL.jpg,273748,item_weight,5.0 gram
https://m.media-amazon.com/images/I/61tibXbN-UL.jpg,273748,item_weight,0.55 kilogram
https://m.media-amazon.com/images/I/61uAg1QotKL.jpg,273748,item_weight,0.8 kilogram
https://m.media-amazon.com/images/I/41hDjjJxIVL.jpg,273748,item_weight,100.0 gram
https://m.media-amazon.com/images/I/815A9X8vKtL.jpg,273748,item_weight,380 gram
https://m.media-amazon.com/images/I/713Oucar9zL.jpg,273748,item_weight,500 gram
https://m.media-amazon.com/images/I/71pR+YQB2qL.jpg,273748,item_weight,310 gram
https://m.media-amazon.com/images/I/61p9EVH7R+L.jpg,273748,item_weight,4.9 ounce
https://m.media-amazon.com/images/I/61GA1eZy3-L.jpg,273748,item_weight,1.0 kilogram
https://m.media-amazon.com/images/I/514M-sBsVgL.jpg,273748,item_weight,0.54 kilogram
https://m.media-amazon.com/images/I/71lwEFm65zL.jpg,273748,item_weight,0.52 pound
https://m.media-amazon.com/images/I/61bWNGkLM0L.jpg,273748,item_weight,0.35 kilogram
https://m.media-amazon.com/images/I/51bhwyR05nL.jpg,273748,item_weight,0.23 kilogram
https://m.media-amazon.com/images/I/61F3qqqp5vL.jpg,273748,item_weight,0.4 kilogram
https://m.media-amazon.com/images/I/61aZyGZgS8L.jpg,273748,item_weight,1.2 pound
https://m.media-amazon.com/images/I/71kXC7UYfTL.jpg,273748,item_weight,0.35 kilogram
https://m.media-amazon.com/images/I/71EwCuATG7L.jpg,273748,item_weight,0.6 kilogram
https://m.media-amazon.com/images/I/91cuSUtkr9L.jpg,273748,item_weight,0.23 kilogram
https://m.media-amazon.com/images/I/71SS0pC9D7L.jpg,273748,item_weight,0.85 kilogram
https://m.media-amazon.com/images/I/41vTw4pboAL.jpg,273748,item_weight,0.95 kilogram
https://m.media-amazon.com/images/I/61BWhv70Q8L.jpg,273748,item_weight,0.4 kilogram
https://m.media-amazon.com/images/I/81H0YUSqEJL.jpg,273748,item_weight,0.4 kilogram
https://m.media-amazon.com/images/I/714qH1j+P3L.jpg,273748,item_weight,0.56 kilogram
https://m.media-amazon.com/images/I/71fTFLF-+vL.jpg,273748,item_weight,0.86 kilogram
https://m.media-amazon.com/images/I/71UZ083jdAL.jpg,273748,item_weight,0.77 pound
https://m.media-amazon.com/images/I/61kKAH2PJIL.jpg,273748,item_weight,0.27 kilogram
https://m.media-amazon.com/images/I/51aYW2396bL.jpg,273748,item_weight,227.0 gram
https://m.media-amazon.com/images/I/617R37EqW7L.jpg,273748,item_weight,0.3 kilogram
https://m.media-amazon.com/images/I/61jO2sx-FjL.jpg,273748,item_weight,0.129 kilogram
https://m.media-amazon.com/images/I/91N95bQ5HaL.jpg,273748,item_weight,0.35 kilogram
https://m.media-amazon.com/images/I/61ls0OYoffS.jpg,273748,item_weight,140 gram
https://m.media-amazon.com/images/I/61WqbQuJp1L.jpg,273748,item_weight,0.66 pound
https://m.media-amazon.com/images/I/71gLuQjFOIL.jpg,273748,item_weight,0.46 kilogram
https://m.media-amazon.com/images/I/71QmJBSk6eL.jpg,273748,item_weight,600.0 gram
https://m.media-amazon.com/images/I/61jwUGpWTXL.jpg,273748,item_weight,11880 gram
https://m.media-amazon.com/images/I/61T3hXeWHDL.jpg,273748,item_weight,104.0 gram
https://m.media-amazon.com/images/I/71ww-BHEYfL.jpg,273748,item_weight,500 gram
https://m.media-amazon.com/images/I/713ten8MEJL.jpg,273748,item_weight,1.4 kilogram
https://m.media-amazon.com/images/I/61DwFr0-hYL.jpg,273748,item_weight,0.079 kilogram
https://m.media-amazon.com/images/I/71NCtdjgivL.jpg,273748,item_weight,0.67 pound
https://m.media-amazon.com/images/I/61YF2ioMp-L.jpg,273748,item_weight,0.66 pound
https://m.media-amazon.com/images/I/71En+eeUqOL.jpg,273748,item_weight,1.16 kilogram
https://m.media-amazon.com/images/I/61EzhJFle5L.jpg,273748,item_weight,0.25 kilogram
https://m.media-amazon.com/images/I/61lu8xlxXeL.jpg,273748,item_weight,0.96 kilogram
https://m.media-amazon.com/images/I/61ZJGcyXtmL.jpg,273748,item_weight,2.6 pound
https://m.media-amazon.com/images/I/91OpFBJ4nnL.jpg,273748,item_weight,3.5 gram
https://m.media-amazon.com/images/I/71EflNzsBZL.jpg,273748,item_weight,1.2 pound
https://m.media-amazon.com/images/I/71YMwSEFwgL.jpg,273748,item_weight,180 gram
https://m.media-amazon.com/images/I/71DiY9CxL9L.jpg,273748,item_weight,320 gram
https://m.media-amazon.com/images/I/610Ao8V6KIL.jpg,273748,item_weight,0.43 kilogram
https://m.media-amazon.com/images/I/71AuG-vqnyL.jpg,273748,item_weight,0.35 kilogram
https://m.media-amazon.com/images/I/719i6Z7rPdL.jpg,273748,item_weight,128.0 ounce
https://m.media-amazon.com/images/I/71hi0jKgO6L.jpg,273748,item_weight,0.6 kilogram
https://m.media-amazon.com/images/I/81b-aUzha0L.jpg,273748,item_weight,1.0 ounce
https://m.media-amazon.com/images/I/714Yt1IdckL.jpg,273748,item_weight,0.5 pound
https://m.media-amazon.com/images/I/8124PKV4pIL.jpg,273748,item_weight,0.7 kilogram
https://m.media-amazon.com/images/I/51IMRAWDAyL.jpg,273748,item_weight,5.0 gram
https://m.media-amazon.com/images/I/51H32QdcX3L.jpg,273748,item_weight,0.2 kilogram
https://m.media-amazon.com/images/I/81RvXZKWAfL.jpg,273748,item_weight,0.17 kilogram
https://m.media-amazon.com/images/I/81JmxsWYSWL.jpg,273748,item_weight,327.0 gram
https://m.media-amazon.com/images/I/81OqlGMkqcL.jpg,273748,item_weight,0.55 kilogram
https://m.media-amazon.com/images/I/61Jq1PnzHrL.jpg,273748,item_weight,2018.0 gram
https://m.media-amazon.com/images/I/71v34RxvpiL.jpg,273748,item_weight,0.7 kilogram
https://m.media-amazon.com/images/I/71fmUcCCWsL.jpg,273748,item_weight,0.6 kilogram
https://m.media-amazon.com/images/I/71D7aOcFvXL.jpg,273748,item_weight,0.95 kilogram
https://m.media-amazon.com/images/I/81Da5g8B31L.jpg,273748,item_weight,1.33 pound
https://m.media-amazon.com/images/I/71z6RZhFYWL.jpg,273748,item_weight,1.63 pound
https://m.media-amazon.com/images/I/715vOapdILL.jpg,273748,item_weight,0.75 pound
https://m.media-amazon.com/images/I/61heEAbk5OL.jpg,273748,item_weight,0.75 pound
https://m.media-amazon.com/images/I/41wkBqUYR4L.jpg,273748,item_weight,0.3 kilogram
https://m.media-amazon.com/images/I/714gqDvjm4L.jpg,273748,item_weight,0.38 kilogram
https://m.media-amazon.com/images/I/61dz2DbGX2L.jpg,273748,item_weight,1.0 ounce
https://m.media-amazon.com/images/I/718dPWoLzSL.jpg,273748,item_weight,215 gram
https://m.media-amazon.com/images/I/61Da0ns-V+L.jpg,273748,item_weight,0.25 kilogram
https://m.media-amazon.com/images/I/61iNJ-IM8pL.jpg,273748,item_weight,0.34 kilogram
https://m.media-amazon.com/images/I/51jdyW5PtFS.jpg,273748,item_weight,0.18 kilogram
https://m.media-amazon.com/images/I/71QQdOgYcTL.jpg,273748,item_weight,0.4 kilogram
https://m.media-amazon.com/images/I/71rBQDvftiL.jpg,273748,item_weight,0.6 kilogram
https://m.media-amazon.com/images/I/61O2NXIflcL.jpg,273748,item_weight,0.6 kilogram
https://m.media-amazon.com/images/I/61fMCEuustL.jpg,273748,item_weight,0.6 kilogram
https://m.media-amazon.com/images/I/61QuoyjkplL.jpg,273748,item_weight,280 gram
https://m.media-amazon.com/images/I/61oMCTu9iIL.jpg,273748,item_weight,0.37 kilogram
https://m.media-amazon.com/images/I/51T+n9KIXsL.jpg,273748,item_weight,0.61 pound
https://m.media-amazon.com/images/I/71SKLefyKqL.jpg,273748,item_weight,0.6 kilogram
https://m.media-amazon.com/images/I/61M3KMKs8VL.jpg,273748,item_weight,157.0 gram
https://m.media-amazon.com/images/I/81fsKf0Um9L.jpg,273748,item_weight,0.52 kilogram
https://m.media-amazon.com/images/I/61TotfnrLeL.jpg,273748,item_weight,0.75 pound
https://m.media-amazon.com/images/I/61KBRM4605L.jpg,273748,item_weight,0.75 pound
https://m.media-amazon.com/images/I/7171Y5cvPCL.jpg,273748,item_weight,0.3 kilogram
https://m.media-amazon.com/images/I/717c1Svy-8L.jpg,273748,item_weight,0.85 kilogram
https://m.media-amazon.com/images/I/81T4sL1M+9L.jpg,273748,item_weight,260 gram
https://m.media-amazon.com/images/I/61d6joE-dtL.jpg,273748,item_weight,0.25 kilogram
https://m.media-amazon.com/images/I/61FsBUBJVtL.jpg,273748,item_weight,1.78 pound
https://m.media-amazon.com/images/I/61NB5PcetVL.jpg,273748,item_weight,0.57 pound
https://m.media-amazon.com/images/I/71JWIKa7MOL.jpg,273748,item_weight,0.66 pound
https://m.media-amazon.com/images/I/61qbqhs+UuL.jpg,273748,item_weight,0.48 kilogram
https://m.media-amazon.com/images/I/610AI836HUL.jpg,273748,item_weight,0.5 kilogram
https://m.media-amazon.com/images/I/41KkshhmvkL.jpg,273748,item_weight,771.0 gram
https://m.media-amazon.com/images/I/619S3uPXW6L.jpg,273748,item_weight,0.35 kilogram
https://m.media-amazon.com/images/I/712VssjgwLL.jpg,273748,item_weight,0.55 pound
https://m.media-amazon.com/images/I/71izwOSNfHL.jpg,273748,item_weight,0.55 pound
https://m.media-amazon.com/images/I/71aOtIaVDWL.jpg,273748,item_weight,0.5 pound
https://m.media-amazon.com/images/I/81+oOtE92PL.jpg,273748,item_weight,330 gram
https://m.media-amazon.com/images/I/61oNebWe2dL.jpg,273748,item_weight,3.0 gram
https://m.media-amazon.com/images/I/61wMl2x4A2L.jpg,273748,item_weight,0.9 pound
https://m.media-amazon.com/images/I/61vtwmyrNlL.jpg,273748,item_weight,7.0 ounce
https://m.media-amazon.com/images/I/81Jj4xfe+HL.jpg,273748,item_weight,0.892 kilogram
https://m.media-amazon.com/images/I/71a864gccmL.jpg,273748,item_weight,5.0 gram
https://m.media-amazon.com/images/I/81qNtcGDjBL.jpg,273748,item_weight,4 gram
https://m.media-amazon.com/images/I/81Udb9hxgZL.jpg,273748,item_weight,130 gram
https://m.media-amazon.com/images/I/81DOdjDZJIL.jpg,273748,item_weight,65 kilogram
https://m.media-amazon.com/images/I/81HHPDej69L.jpg,273748,item_weight,0.75 pound
https://m.media-amazon.com/images/I/81jl5MgDZtL.jpg,273748,item_weight,498 gram
https://m.media-amazon.com/images/I/71iHf+LfH-L.jpg,273748,item_weight,100 gram
https://m.media-amazon.com/images/I/81wxOQor2CL.jpg,273748,item_weight,0.48 pound
https://m.media-amazon.com/images/I/81x-GX-g9FL.jpg,273748,item_weight,0.33 kilogram
https://m.media-amazon.com/images/I/51HIaK5rRDL.jpg,273748,item_weight,182 gram
https://m.media-amazon.com/images/I/71XQhjUWYBL.jpg,273748,item_weight,0.59 kilogram
https://m.media-amazon.com/images/I/91MwRlaV9ZL.jpg,273748,item_weight,0.48 kilogram
https://m.media-amazon.com/images/I/619DbAfA9EL.jpg,273748,item_weight,1.2 pound
https://m.media-amazon.com/images/I/61-C0-MkmjL.jpg,273748,item_weight,1.0 kilogram
https://m.media-amazon.com/images/I/71lHgRnbDoL.jpg,273748,item_weight,0.32 pound
https://m.media-amazon.com/images/I/71sD4lVZrRL.jpg,273748,item_weight,0.6 kilogram
https://m.media-amazon.com/images/I/719Be8vCSRL.jpg,273748,item_weight,0.47 kilogram
https://m.media-amazon.com/images/I/71S1WnYhR4L.jpg,273748,item_weight,0.82 kilogram
https://m.media-amazon.com/images/I/61hReBF7MdL.jpg,273748,item_weight,0.85 pound
https://m.media-amazon.com/images/I/61aUZhdv80L.jpg,273748,item_weight,0.82 kilogram
https://m.media-amazon.com/images/I/71DpmF+pqnL.jpg,273748,item_weight,1.72 pound
https://m.media-amazon.com/images/I/71J3MLPgASL.jpg,273748,item_weight,1.8 kilogram
https://m.media-amazon.com/images/I/714ewOcA7oL.jpg,273748,item_weight,0.8 kilogram
https://m.media-amazon.com/images/I/41LogEAd0JL.jpg,273748,item_weight,0.61 pound
https://m.media-amazon.com/images/I/6189raqA5NL.jpg,273748,item_weight,0.95 kilogram
https://m.media-amazon.com/images/I/81aB+RbSSML.jpg,273748,item_weight,340 gram
https://m.media-amazon.com/images/I/61OHzl5xYKL.jpg,273748,item_weight,0.44 kilogram
https://m.media-amazon.com/images/I/61qgKwo7+IL.jpg,273748,item_weight,1.0 ounce
https://m.media-amazon.com/images/I/81urQGzk+VL.jpg,273748,item_weight,10 gram
https://m.media-amazon.com/images/I/61wJWLaiJRL.jpg,273748,item_weight,0.6 kilogram
https://m.media-amazon.com/images/I/71xkCwg5UYL.jpg,273748,item_weight,0.66 pound
https://m.media-amazon.com/images/I/616CXmFmi6L.jpg,273748,item_weight,0.55 kilogram
https://m.media-amazon.com/images/I/71n4iBET7pL.jpg,273748,item_weight,267 gram
https://m.media-amazon.com/images/I/61F583llv0L.jpg,273748,item_weight,0.3 kilogram
https://m.media-amazon.com/images/I/71ISRlbV7FL.jpg,273748,item_weight,"[60.0, 65.0] kilogram"
https://m.media-amazon.com/images/I/91T1kkl-o9L.jpg,273748,item_weight,10.0 kilogram
https://m.media-amazon.com/images/I/61jx0t4vx+L.jpg,273748,item_weight,300 gram
https://m.media-amazon.com/images/I/71O0HcNc9EL.jpg,273748,item_weight,0.85 pound
https://m.media-amazon.com/images/I/71cxJeV0t5L.jpg,273748,item_weight,28 pound
https://m.media-amazon.com/images/I/61KSGv81ygL.jpg,273748,item_weight,125 gram
https://m.media-amazon.com/images/I/71HdkHBYn1L.jpg,273748,item_weight,0.935 kilogram
https://m.media-amazon.com/images/I/71MZfBbKqDL.jpg,273748,item_weight,0.82 pound
https://m.media-amazon.com/images/I/818WR3GTzCL.jpg,273748,item_weight,0.7 kilogram
https://m.media-amazon.com/images/I/719CzsHXqcL.jpg,273748,item_weight,1 kilogram
https://m.media-amazon.com/images/I/712eacfPjiL.jpg,273748,item_weight,0.16 kilogram
https://m.media-amazon.com/images/I/61NtjaBi6vL.jpg,273748,item_weight,0.56 kilogram
https://m.media-amazon.com/images/I/71cqoK5BukL.jpg,273748,item_weight,0.47 kilogram
https://m.media-amazon.com/images/I/71-aHawl23L.jpg,273748,item_weight,0.65 kilogram
https://m.media-amazon.com/images/I/61COOzNPtdL.jpg,273748,item_weight,0.68 kilogram
https://m.media-amazon.com/images/I/71C1Xf1nVvL.jpg,273748,item_weight,0.3 kilogram
https://m.media-amazon.com/images/I/61SRjAXCYrL.jpg,273748,item_weight,0.4 kilogram
https://m.media-amazon.com/images/I/61Dt23ucuhL.jpg,273748,item_weight,0.7 pound
https://m.media-amazon.com/images/I/61WK5Lb6M+L.jpg,273748,item_weight,600.0 gram
https://m.media-amazon.com/images/I/71uklsgyFQL.jpg,273748,item_weight,0.23 kilogram
https://m.media-amazon.com/images/I/612AygV7jzL.jpg,273748,item_weight,1.2 kilogram
https://m.media-amazon.com/images/I/51ww9ck8FPL.jpg,273748,item_weight,0.34 kilogram
https://m.media-amazon.com/images/I/61wjRnSwd-L.jpg,273748,item_weight,8.0 pound
https://m.media-amazon.com/images/I/61HOet4yJ-L.jpg,273748,item_weight,8.0 pound
https://m.media-amazon.com/images/I/71GQh3UJOXL.jpg,273748,item_weight,8.0 pound
https://m.media-amazon.com/images/I/71FmcpP70IL.jpg,273748,item_weight,8.0 pound
https://m.media-amazon.com/images/I/61LcJUbqcAL.jpg,273748,item_weight,0.9 kilogram
https://m.media-amazon.com/images/I/71oDhVl2haL.jpg,273748,item_weight,0.9 kilogram
https://m.media-amazon.com/images/I/81bYEJwy5VL.jpg,273748,item_weight,0.35 ounce
https://m.media-amazon.com/images/I/51b1U8xIhCL.jpg,273748,item_weight,99 pound
https://m.media-amazon.com/images/I/61kVsjILw7L.jpg,273748,item_weight,0.275 kilogram
https://m.media-amazon.com/images/I/61HX6294iJL.jpg,273748,item_weight,0.48 kilogram
https://m.media-amazon.com/images/I/61uRTpiRwWL.jpg,273748,item_weight,0.51 kilogram
https://m.media-amazon.com/images/I/61oKUJB8gmL.jpg,273748,item_weight,1.1 kilogram
https://m.media-amazon.com/images/I/61ir1TbtJyL.jpg,273748,item_weight,0.37 kilogram
https://m.media-amazon.com/images/I/714YnUdXFXL.jpg,273748,item_weight,4.8 gram
https://m.media-amazon.com/images/I/61tEDv6bMwL.jpg,273748,item_weight,0.95 kilogram
https://m.media-amazon.com/images/I/71uhXEnL5OL.jpg,273748,item_weight,1.72 pound
https://m.media-amazon.com/images/I/615IynspC4L.jpg,273748,item_weight,0.21 kilogram
https://m.media-amazon.com/images/I/616OygWR5ZL.jpg,273748,item_weight,0.4 pound
https://m.media-amazon.com/images/I/41erst3zeBL.jpg,273748,item_weight,0.44 pound
https://m.media-amazon.com/images/I/71-6oHB2zQL.jpg,273748,item_weight,0.55 kilogram
https://m.media-amazon.com/images/I/71kzr+hDJfL.jpg,273748,item_weight,0.36 kilogram
https://m.media-amazon.com/images/I/61TxR2v3xML.jpg,273748,item_weight,210.0 gram
https://m.media-amazon.com/images/I/61R8o2SLf+L.jpg,273748,item_weight,0.29 kilogram
https://m.media-amazon.com/images/I/71X+PaM8+ML.jpg,273748,item_weight,1.2 kilogram
https://m.media-amazon.com/images/I/71B2BYNXhwL.jpg,273748,item_weight,450 gram
https://m.media-amazon.com/images/I/614Pq76lYTL.jpg,273748,item_weight,10 gram
https://m.media-amazon.com/images/I/61tMQetfREL.jpg,273748,item_weight,400.0 gram
https://m.media-amazon.com/images/I/913rT-6iS2L.jpg,273748,item_weight,335 gram
https://m.media-amazon.com/images/I/712bFEwntVL.jpg,273748,item_weight,0.55 pound
https://m.media-amazon.com/images/I/71wJ7SFr1ZL.jpg,273748,item_weight,0.55 pound
https://m.media-amazon.com/images/I/71dj1CsfSzL.jpg,273748,item_weight,380 gram
https://m.media-amazon.com/images/I/713q6Dv2VKL.jpg,273748,item_weight,0.3 kilogram
https://m.media-amazon.com/images/I/718zAj1ZO+L.jpg,273748,item_weight,0.3 kilogram
https://m.media-amazon.com/images/I/71rBZJlCnyL.jpg,273748,item_weight,0.4 kilogram
https://m.media-amazon.com/images/I/51cRdW1LUHL.jpg,273748,item_weight,0.34 kilogram
https://m.media-amazon.com/images/I/61dsQecNYpL.jpg,273748,item_weight,150 gram
https://m.media-amazon.com/images/I/61y1-G0SpjL.jpg,273748,item_weight,650.0 gram
https://m.media-amazon.com/images/I/61+pmlsWDfL.jpg,273748,item_weight,0.7 kilogram
https://m.media-amazon.com/images/I/61-s1KVQ5kL.jpg,273748,item_weight,5 gram
https://m.media-amazon.com/images/I/71PD-AUV3HL.jpg,273748,item_weight,0.75 kilogram
https://m.media-amazon.com/images/I/61QAtBCRhfL.jpg,273748,item_weight,0.4 kilogram
https://m.media-amazon.com/images/I/71pag9TI8+L.jpg,273748,item_weight,0.807 kilogram
https://m.media-amazon.com/images/I/616u3631ZBS.jpg,273748,item_weight,1 pound
https://m.media-amazon.com/images/I/71ulRsYQN1L.jpg,273748,item_weight,0.2 kilogram
https://m.media-amazon.com/images/I/617PbvmMcDL.jpg,273748,item_weight,0.22 kilogram
https://m.media-amazon.com/images/I/71RkRjnMqyL.jpg,273748,item_weight,5.0 gram
https://m.media-amazon.com/images/I/81GfxA12M4L.jpg,273748,item_weight,430 gram
https://m.media-amazon.com/images/I/71qbtWGeUSL.jpg,273748,item_weight,0.37 kilogram
https://m.media-amazon.com/images/I/71cdKoB3mgS.jpg,273748,item_weight,0.4 kilogram
https://m.media-amazon.com/images/I/81Pf9y3JpaL.jpg,273748,item_weight,0.89 pound
https://m.media-amazon.com/images/I/61o83ibcEXL.jpg,273748,item_weight,570.0 gram
https://m.media-amazon.com/images/I/61eteSgM+lL.jpg,273748,item_weight,0.7 kilogram
https://m.media-amazon.com/images/I/71VBzj0xwLL.jpg,273748,item_weight,0.27 kilogram
https://m.media-amazon.com/images/I/61kv1YS6D6L.jpg,273748,item_weight,2.1 gram
https://m.media-amazon.com/images/I/71FlCXg2VxL.jpg,273748,item_weight,0.77 pound
https://m.media-amazon.com/images/I/71ArOTAWK6L.jpg,273748,item_weight,0.4 kilogram
https://m.media-amazon.com/images/I/41xqYFzka3L.jpg,273748,item_weight,1 kilogram
https://m.media-amazon.com/images/I/71eUEaN4mjS.jpg,273748,item_weight,0.39 kilogram
https://m.media-amazon.com/images/I/61urx7dGcjS.jpg,273748,item_weight,1 kilogram
https://m.media-amazon.com/images/I/71+HmNE3TIL.jpg,273748,item_weight,1.05 kilogram
https://m.media-amazon.com/images/I/61sTZUBZ9xL.jpg,273748,item_weight,0.8 kilogram
https://m.media-amazon.com/images/I/91w8aYgh3PL.jpg,273748,item_weight,516 kilogram
https://m.media-amazon.com/images/I/71H80vHxTjL.jpg,273748,item_weight,0.7 kilogram
https://m.media-amazon.com/images/I/61hpr9TwxfL.jpg,273748,item_weight,70 gram
https://m.media-amazon.com/images/I/61seENECQqL.jpg,273748,item_weight,1.7 pound
https://m.media-amazon.com/images/I/81AXldXy-7L.jpg,273748,item_weight,0.3 kilogram
https://m.media-amazon.com/images/I/712C6O-vOrL.jpg,273748,item_weight,0.46 kilogram
https://m.media-amazon.com/images/I/71Qk7+d1DdL.jpg,273748,item_weight,289 gram
https://m.media-amazon.com/images/I/71rYOcg4n-L.jpg,273748,item_weight,0.22 kilogram
https://m.media-amazon.com/images/I/61Pxpv5vlRL.jpg,273748,item_weight,1.0 kilogram
https://m.media-amazon.com/images/I/71esQcq1wmL.jpg,273748,item_weight,14 ounce
https://m.media-amazon.com/images/I/61oU39D18GL.jpg,273748,item_weight,0.3 kilogram
https://m.media-amazon.com/images/I/61u-8wLFiFL.jpg,273748,item_weight,0.31 kilogram
https://m.media-amazon.com/images/I/81Wauhfe28L.jpg,273748,item_weight,0.7 kilogram
https://m.media-amazon.com/images/I/71UBwm+vkuL.jpg,273748,item_weight,190.0 gram
https://m.media-amazon.com/images/I/71Z1NZdGYUL.jpg,273748,item_weight,0.29 kilogram
https://m.media-amazon.com/images/I/614LpXqw8fL.jpg,273748,item_weight,0.6 kilogram
https://m.media-amazon.com/images/I/71BVLb-32DL.jpg,273748,item_weight,0.5 kilogram
https://m.media-amazon.com/images/I/61U3mBTALrL.jpg,273748,item_weight,0.52 kilogram
https://m.media-amazon.com/images/I/6136kURiUcL.jpg,273748,item_weight,0.55 pound
https://m.media-amazon.com/images/I/41TUPKGllyL.jpg,273748,item_weight,0.1 kilogram
https://m.media-amazon.com/images/I/61l3YM8zUVL.jpg,273748,item_weight,350 gram
https://m.media-amazon.com/images/I/71oaFYQFq5L.jpg,273748,item_weight,0.4 pound
https://m.media-amazon.com/images/I/71Jbo6yl3GL.jpg,273748,item_weight,490 gram
https://m.media-amazon.com/images/I/81tjqp62CXL.jpg,273748,item_weight,310 gram
https://m.media-amazon.com/images/I/71huLwXVRGL.jpg,273748,item_weight,0.4 kilogram
https://m.media-amazon.com/images/I/61JF4fO6gUL.jpg,273748,item_weight,4.0 gram
https://m.media-amazon.com/images/I/71KB3nPZyZL.jpg,273748,item_weight,1.18 pound
https://m.media-amazon.com/images/I/71NowYHgXPL.jpg,273748,item_weight,0.6 kilogram
https://m.media-amazon.com/images/I/71Hfa9p5nbL.jpg,273748,item_weight,0.85 kilogram
https://m.media-amazon.com/images/I/51-i09CQ5oL.jpg,273748,item_weight,0.29 kilogram
https://m.media-amazon.com/images/I/61eWf8VN20L.jpg,273748,item_weight,0.4 kilogram
https://m.media-amazon.com/images/I/71JWK54yoLL.jpg,273748,item_weight,1.0 ounce
https://m.media-amazon.com/images/I/715z4gdVZaL.jpg,273748,item_weight,0.67 pound
https://m.media-amazon.com/images/I/61nI-XFyuQL.jpg,273748,item_weight,0.29 kilogram
https://m.media-amazon.com/images/I/81KHKdzqObL.jpg,273748,item_weight,0.52 kilogram
https://m.media-amazon.com/images/I/61djwnuW6WL.jpg,273748,item_weight,0.28 kilogram
https://m.media-amazon.com/images/I/61TUA0+e9EL.jpg,273748,item_weight,1.65 pound
https://m.media-amazon.com/images/I/61x06mf19zL.jpg,273748,item_weight,1.9 pound
https://m.media-amazon.com/images/I/81ZYr6eQW1L.jpg,273748,item_weight,400.0 gram
https://m.media-amazon.com/images/I/61bb3id4o4L.jpg,273748,item_weight,0.31 kilogram
https://m.media-amazon.com/images/I/71j5++Y-GlL.jpg,273748,item_weight,0.55 pound
https://m.media-amazon.com/images/I/61JL4+P1GOL.jpg,273748,item_weight,0.3 kilogram
https://m.media-amazon.com/images/I/81cmeOcTNgL.jpg,273748,item_weight,0.5 kilogram
https://m.media-amazon.com/images/I/61kjDtwZiBL.jpg,273748,item_weight,1.0 kilogram
https://m.media-amazon.com/images/I/71RxYUnWkTL.jpg,273748,item_weight,197.0 gram
https://m.media-amazon.com/images/I/61VL44TiUnL.jpg,273748,item_weight,850.0 gram
https://m.media-amazon.com/images/I/71CereggdfL.jpg,273748,item_weight,850.0 gram
https://m.media-amazon.com/images/I/71M+Ifdz-qL.jpg,273748,item_weight,54.0 gram
https://m.media-amazon.com/images/I/A1Du4BG1qgL.jpg,273748,item_weight,590.0 gram
https://m.media-amazon.com/images/I/91dhzLUq2yL.jpg,273748,item_weight,590.0 gram
https://m.media-amazon.com/images/I/91w9COUdnfL.jpg,273748,item_weight,590.0 gram
https://m.media-amazon.com/images/I/717f-7flnpL.jpg,273748,item_weight,0.82 kilogram
https://m.media-amazon.com/images/I/61GXc6vQhnL.jpg,273748,item_weight,0.22 pound
https://m.media-amazon.com/images/I/51mA6aJMdVL.jpg,273748,item_weight,0.16 kilogram
https://m.media-amazon.com/images/I/71lqxq0u6PL.jpg,273748,item_weight,0.7 kilogram
https://m.media-amazon.com/images/I/41Hb4dL1ywL.jpg,273748,item_weight,0.95 kilogram
https://m.media-amazon.com/images/I/71el8CbHQxL.jpg,273748,item_weight,0.55 kilogram
https://m.media-amazon.com/images/I/61AlfJQzh8L.jpg,273748,item_weight,0.7 kilogram
https://m.media-amazon.com/images/I/41VYZxL-MBL.jpg,273748,item_weight,0.95 kilogram
https://m.media-amazon.com/images/I/61H9OAx45ZL.jpg,273748,item_weight,4.32 pound
https://m.media-amazon.com/images/I/71gnQOdjKvL.jpg,273748,item_weight,0.935 kilogram
https://m.media-amazon.com/images/I/71FllXxgC-L.jpg,273748,item_weight,200.0 gram
https://m.media-amazon.com/images/I/614w-B8S3UL.jpg,273748,item_weight,1.12 pound
https://m.media-amazon.com/images/I/71mboIgXj8L.jpg,273748,item_weight,0.46 kilogram
https://m.media-amazon.com/images/I/71nP86WKccL.jpg,273748,item_weight,0.8 kilogram
https://m.media-amazon.com/images/I/61cCf-89VkL.jpg,273748,item_weight,2.02 pound
https://m.media-amazon.com/images/I/71X-35YBcEL.jpg,273748,item_weight,0.73 kilogram
https://m.media-amazon.com/images/I/71IOVV0tThL.jpg,273748,item_weight,320.0 gram
https://m.media-amazon.com/images/I/61ghyDS4qsL.jpg,273748,item_weight,0.22 kilogram
https://m.media-amazon.com/images/I/A1UnGSKMAJL.jpg,273748,item_weight,0.6 kilogram
https://m.media-amazon.com/images/I/71GPPSfND6L.jpg,273748,item_weight,1000.0 gram
https://m.media-amazon.com/images/I/91NdxuF7cjL.jpg,273748,item_weight,1000.0 gram
https://m.media-amazon.com/images/I/81hOCw87W3L.jpg,273748,item_weight,1.2 pound
https://m.media-amazon.com/images/I/71n1ht5c1eS.jpg,273748,item_weight,0.76 kilogram
https://m.media-amazon.com/images/I/71YxcfjJXEL.jpg,273748,item_weight,0.65 kilogram
https://m.media-amazon.com/images/I/51jCz9DJT2L.jpg,273748,item_weight,300.0 gram
https://m.media-amazon.com/images/I/31GEJ-8DAiL.jpg,273748,item_weight,450.0 gram
https://m.media-amazon.com/images/I/81ZBi8CmBkL.jpg,273748,item_weight,250.0 gram
https://m.media-amazon.com/images/I/71KwFAwFIxL.jpg,273748,item_weight,5.0 gram
https://m.media-amazon.com/images/I/61DcmysRYIL.jpg,273748,item_weight,1.5 kilogram
https://m.media-amazon.com/images/I/71qNtsuqo7L.jpg,273748,item_weight,750.0 gram
https://m.media-amazon.com/images/I/81ffTxXezlL.jpg,273748,item_weight,320.0 gram
https://m.media-amazon.com/images/I/61FQ1vJ+nCL.jpg,273748,item_weight,10.0 gram
https://m.media-amazon.com/images/I/51YpSIvl9xL.jpg,273748,item_weight,0.31 kilogram
https://m.media-amazon.com/images/I/71XsOk1qjpL.jpg,273748,item_weight,0.7 pound
https://m.media-amazon.com/images/I/81LD0aAuudL.jpg,273748,item_weight,1.2 pound
https://m.media-amazon.com/images/I/711XGjseqqL.jpg,273748,item_weight,96600.0 milligram
https://m.media-amazon.com/images/I/81sP97dVrCL.jpg,273748,item_weight,26.0 gram
https://m.media-amazon.com/images/I/61mA-fy7BTL.jpg,273748,item_weight,0.31 kilogram
https://m.media-amazon.com/images/I/71wVOcy0wHL.jpg,273748,item_weight,0.65 kilogram
https://m.media-amazon.com/images/I/61gx8DLdipL.jpg,273748,item_weight,0.7 kilogram
https://m.media-amazon.com/images/I/61qzsZYktBL.jpg,273748,item_weight,10.2 ounce
https://m.media-amazon.com/images/I/613F2U1GFlL.jpg,273748,item_weight,850.0 gram
https://m.media-amazon.com/images/I/61OjnPwELrL.jpg,273748,item_weight,183.0 gram
https://m.media-amazon.com/images/I/51X8FXiPcwL.jpg,273748,item_weight,0.24 kilogram
https://m.media-amazon.com/images/I/61o3e18za2L.jpg,273748,item_weight,12.0 kilogram
https://m.media-amazon.com/images/I/61mfh1r0iuL.jpg,273748,item_weight,0.3 kilogram
https://m.media-amazon.com/images/I/71ie-C3a5KL.jpg,273748,item_weight,0.77 pound
https://m.media-amazon.com/images/I/71mqYorxluL.jpg,273748,item_weight,215.0 gram
https://m.media-amazon.com/images/I/51NBfH2gWRL.jpg,273748,item_weight,385.0 gram
https://m.media-amazon.com/images/I/71sApetQb2L.jpg,273748,item_weight,0.29 kilogram
https://m.media-amazon.com/images/I/71rRJWZTB8L.jpg,273748,item_weight,0.4 kilogram
https://m.media-amazon.com/images/I/710r5PgMyNL.jpg,273748,item_weight,0.305 kilogram
https://m.media-amazon.com/images/I/71-JSX5MpGL.jpg,273748,item_weight,400.0 gram
https://m.media-amazon.com/images/I/71HeS5ZpBGL.jpg,273748,item_weight,0.84 kilogram
https://m.media-amazon.com/images/I/61k-DbGP8aL.jpg,273748,item_weight,1.12 pound
https://m.media-amazon.com/images/I/61SwV1rOwQL.jpg,273748,item_weight,1.1 pound
https://m.media-amazon.com/images/I/71oOq0WUg7L.jpg,273748,item_weight,0.95 kilogram
https://m.media-amazon.com/images/I/711eSH0OeFL.jpg,273748,item_weight,0.33 kilogram
https://m.media-amazon.com/images/I/71BZ900cxqL.jpg,273748,item_weight,0.35 kilogram
https://m.media-amazon.com/images/I/71C2XxC7eRL.jpg,273748,item_weight,260.0 gram
https://m.media-amazon.com/images/I/71iwt3kXjkL.jpg,273748,item_weight,400.0 gram
https://m.media-amazon.com/images/I/71-uFujQMoL.jpg,273748,item_weight,4.32 pound
https://m.media-amazon.com/images/I/719TFb1yMXL.jpg,273748,item_weight,5.0 gram
https://m.media-amazon.com/images/I/71FGAF1lqsL.jpg,273748,item_weight,5.0 gram
https://m.media-amazon.com/images/I/81a3EgIIkaL.jpg,273748,item_weight,3.0 gram
https://m.media-amazon.com/images/I/71vrXsSTNsL.jpg,273748,item_weight,190.0 gram
https://m.media-amazon.com/images/I/51gcosmPVJL.jpg,273748,item_weight,0.7 kilogram
https://m.media-amazon.com/images/I/71MVdNfdROL.jpg,273748,item_weight,0.36 kilogram
https://m.media-amazon.com/images/I/71UbBKtweJL.jpg,273748,item_weight,0.7 pound
https://m.media-amazon.com/images/I/71QiIRmdUFL.jpg,273748,item_weight,0.55 pound
https://m.media-amazon.com/images/I/71WuluIf4RL.jpg,273748,item_weight,0.55 pound
https://m.media-amazon.com/images/I/718uZUrduHL.jpg,273748,item_weight,183.0 gram
https://m.media-amazon.com/images/I/71IqABd990L.jpg,273748,item_weight,0.6 kilogram
https://m.media-amazon.com/images/I/71wf4StHcFL.jpg,273748,item_weight,0.6 kilogram
https://m.media-amazon.com/images/I/71NaLkZePuL.jpg,273748,item_weight,0.43 pound
https://m.media-amazon.com/images/I/61KaZHxIxQL.jpg,273748,item_weight,0.3 kilogram
https://m.media-amazon.com/images/I/61EW77LX2kL.jpg,273748,item_weight,0.31 kilogram
https://m.media-amazon.com/images/I/71WWQMPiKlL.jpg,273748,item_weight,1.72 pound
https://m.media-amazon.com/images/I/71X133-MBuL.jpg,273748,item_weight,0.2 kilogram
https://m.media-amazon.com/images/I/81nv8oOluWL.jpg,273748,item_weight,0.59 kilogram
https://m.media-amazon.com/images/I/41rxJcakXdL.jpg,273748,item_weight,385.0 gram
https://m.media-amazon.com/images/I/61fVyzQaIlL.jpg,273748,item_weight,1.12 pound
https://m.media-amazon.com/images/I/71sO-ynHmnL.jpg,273748,item_weight,0.3 kilogram
https://m.media-amazon.com/images/I/61k+-RV9+4L.jpg,273748,item_weight,1.1 pound
https://m.media-amazon.com/images/I/61aP4+I-+cL.jpg,273748,item_weight,0.35 kilogram
https://m.media-amazon.com/images/I/810NI3ZbXBL.jpg,273748,item_weight,1.97 pound
https://m.media-amazon.com/images/I/61BeF1vdeeL.jpg,273748,item_weight,0.31 kilogram
https://m.media-amazon.com/images/I/713mMwc9eFL.jpg,273748,item_weight,140.0 gram
https://m.media-amazon.com/images/I/71ltoSXLD0L.jpg,273748,item_weight,183.0 gram
https://m.media-amazon.com/images/I/61y3CGK8o1L.jpg,273748,item_weight,0.275 kilogram
https://m.media-amazon.com/images/I/41i6vNAFgoL.jpg,273748,item_weight,0.64 pound
https://m.media-amazon.com/images/I/71wK1CZ4edL.jpg,273748,item_weight,260.0 gram
https://m.media-amazon.com/images/I/71XnN304ndL.jpg,273748,item_weight,0.41 kilogram
https://m.media-amazon.com/images/I/61YedOss0HL.jpg,273748,item_weight,0.66 pound
https://m.media-amazon.com/images/I/61vtxm4A28L.jpg,273748,item_weight,0.5 kilogram
