image_link,group_id,entity_name,entity_value
https://m.media-amazon.com/images/I/51w8+EdfefL.jpg,627989,width,30.6 centimetre
https://m.media-amazon.com/images/I/41GANsImI4L.jpg,627989,width,14.38 inch
https://m.media-amazon.com/images/I/612NVuMO2iL.jpg,627989,width,19.69 inch
https://m.media-amazon.com/images/I/51LgjQFsD+L.jpg,627989,width,25.0 centimetre
https://m.media-amazon.com/images/I/51Zphd39b3L.jpg,627989,width,13.8 inch
https://m.media-amazon.com/images/I/61BFaZ7OfXL.jpg,627989,width,23.49 centimetre
https://m.media-amazon.com/images/I/51JE045kObL.jpg,627989,width,17.0 centimetre
https://m.media-amazon.com/images/I/61EFefgYk6L.jpg,627989,width,13.0 inch
https://m.media-amazon.com/images/I/615T67Lm+yL.jpg,627989,width,50.0 centimetre
https://m.media-amazon.com/images/I/615T67Lm+yL.jpg,627989,height,30.0 centimetre
https://m.media-amazon.com/images/I/51qR4fpWkuL.jpg,627989,width,55.6 centimetre
https://m.media-amazon.com/images/I/51hWXx3ToLS.jpg,627989,width,275.0 millimetre
https://m.media-amazon.com/images/I/617l5o0oAIL.jpg,627989,width,75.0 centimetre
https://m.media-amazon.com/images/I/617l5o0oAIL.jpg,627989,height,56.5 centimetre
https://m.media-amazon.com/images/I/61344DHtsfL.jpg,627989,width,7.25 inch
https://m.media-amazon.com/images/I/51h31CcLD3L.jpg,627989,width,42.0 centimetre
https://m.media-amazon.com/images/I/51h31CcLD3L.jpg,627989,height,56.5 centimetre
https://m.media-amazon.com/images/I/51eXzEYtLgL.jpg,627989,width,311.0 millimetre
https://m.media-amazon.com/images/I/51yVUjZQtDL.jpg,627989,width,28.9 inch
https://m.media-amazon.com/images/I/41TCphq1uNL.jpg,627989,width,24.13 inch
https://m.media-amazon.com/images/I/41ont0WHlEL.jpg,627989,width,48.0 inch
https://m.media-amazon.com/images/I/619g6kW7glL.jpg,627989,width,30.6 centimetre
https://m.media-amazon.com/images/I/418XWgR2-NL.jpg,627989,width,20.0 centimetre
https://m.media-amazon.com/images/I/61EriFRHDoL.jpg,627989,width,27.17 inch
https://m.media-amazon.com/images/I/51THr0GEAwL.jpg,627989,width,17.25 inch
https://m.media-amazon.com/images/I/51THr0GEAwL.jpg,627989,height,10.87 inch
https://m.media-amazon.com/images/I/51XQqJsOoqL.jpg,627989,width,34.5 centimetre
https://m.media-amazon.com/images/I/51XQqJsOoqL.jpg,627989,height,25.0 centimetre
https://m.media-amazon.com/images/I/61-aNu3YvxL.jpg,627989,width,25.0 inch
https://m.media-amazon.com/images/I/61-aNu3YvxL.jpg,627989,height,35.0 inch
https://m.media-amazon.com/images/I/51nE6IPxLlL.jpg,627989,width,18.3 inch
https://m.media-amazon.com/images/I/51a9xsDJJJL.jpg,627989,width,38.0 centimetre
https://m.media-amazon.com/images/I/51ilaIEzGmL.jpg,627989,width,10.24 inch
https://m.media-amazon.com/images/I/61EFWrrq0+L.jpg,627989,width,8.5 inch
https://m.media-amazon.com/images/I/51U40RdbBwS.jpg,627989,width,77.0 centimetre
https://m.media-amazon.com/images/I/5122QY7tfbL.jpg,627989,width,33.0 centimetre
https://m.media-amazon.com/images/I/61E3NDkTGvS.jpg,627989,width,37.0 centimetre
https://m.media-amazon.com/images/I/51dor2QAm2L.jpg,627989,width,10.5 inch
https://m.media-amazon.com/images/I/41-2+fIezBL.jpg,627989,height,15.0 centimetre
https://m.media-amazon.com/images/I/61BSZaH6A4L.jpg,627989,height,8.8 inch
https://m.media-amazon.com/images/I/617XWvMn2cL.jpg,627989,height,260.0 millimetre
https://m.media-amazon.com/images/I/61-W8K+wVcL.jpg,627989,height,16.5 centimetre
https://m.media-amazon.com/images/I/613GfWZrF9L.jpg,627989,height,475.2 millimetre
https://m.media-amazon.com/images/I/51hPn8pg35L.jpg,627989,height,16.0 inch
https://m.media-amazon.com/images/I/4151TfmjeuL.jpg,627989,height,10.7 centimetre
https://m.media-amazon.com/images/I/51Pit6PRbzL.jpg,627989,height,37.4 inch
https://m.media-amazon.com/images/I/51ysNsVWvkL.jpg,627989,height,99.6 centimetre
https://m.media-amazon.com/images/I/619ED5OidSL.jpg,627989,height,325.0 millimetre
https://m.media-amazon.com/images/I/61Efxuv0ZwL.jpg,627989,height,32.7 inch
https://m.media-amazon.com/images/I/617s6MYZJWL.jpg,627989,height,16.7 inch
https://m.media-amazon.com/images/I/51fBb-YmR9L.jpg,627989,height,69.0 centimetre
https://m.media-amazon.com/images/I/61F4iXVd2hL.jpg,627989,height,12.01 inch
https://m.media-amazon.com/images/I/611KzU+gZPL.jpg,627989,height,21.7 inch
https://m.media-amazon.com/images/I/615-yrvcxfL.jpg,627989,height,72.0 centimetre
https://m.media-amazon.com/images/I/51+5uddLY+L.jpg,627989,height,16.5 centimetre
https://m.media-amazon.com/images/I/616wDrScXSL.jpg,627989,height,76.0 centimetre
https://m.media-amazon.com/images/I/51ZZTDdYvBL.jpg,627989,height,4.1 inch
https://m.media-amazon.com/images/I/617yzMHr0PL.jpg,627989,height,22.1 centimetre
https://m.media-amazon.com/images/I/61BW5pz6XOL.jpg,627989,height,4.7 inch
https://m.media-amazon.com/images/I/41iJ24kSNHL.jpg,627989,height,87.0 centimetre
https://m.media-amazon.com/images/I/51doxvSBw2S.jpg,627989,height,34.0 inch
https://m.media-amazon.com/images/I/51Grg0Qd2+L.jpg,627989,height,12.0 centimetre
https://m.media-amazon.com/images/I/611WWmWu86L.jpg,627989,height,34.0 inch
https://m.media-amazon.com/images/I/41Ebr0X7QNL.jpg,627989,height,6.0 inch
https://m.media-amazon.com/images/I/614DZJENqML.jpg,627989,height,6.88 inch
https://m.media-amazon.com/images/I/51gDDgFoWhL.jpg,627989,height,10.9 centimetre
https://m.media-amazon.com/images/I/617mdVytSRL.jpg,627989,height,35.0 inch
https://m.media-amazon.com/images/I/51v60LmwewL.jpg,627989,height,10.0 centimetre
https://m.media-amazon.com/images/I/41Bk7x8ehcL.jpg,627989,height,37.0 inch
https://m.media-amazon.com/images/I/612V10BgXHL.jpg,627989,height,5.1 inch
https://m.media-amazon.com/images/I/51D+HVRmlhL.jpg,627989,height,7.0 inch
https://m.media-amazon.com/images/I/51iYE1iSQlL.jpg,627989,height,12.3 inch
https://m.media-amazon.com/images/I/51CrWN6PcOL.jpg,627989,height,10.0 centimetre
https://m.media-amazon.com/images/I/51CELU6Wo+L.jpg,627989,height,77.0 centimetre
https://m.media-amazon.com/images/I/611mqwUSrnL.jpg,627989,height,61.9 centimetre
https://m.media-amazon.com/images/I/51yD05ohEhL.jpg,627989,height,9.5 inch
https://m.media-amazon.com/images/I/51z7GgDX0TL.jpg,627989,height,152.4 centimetre
