image_link,group_id,entity_name,entity_value
https://m.media-amazon.com/images/I/51jFN4sU5RL.jpg,599317,width,1.38 inch
https://m.media-amazon.com/images/I/61+unfSgIAL.jpg,599317,width,30.0 millimetre
https://m.media-amazon.com/images/I/51ttpfo2KYL.jpg,599317,width,4.2 centimetre
https://m.media-amazon.com/images/I/51ttpfo2KYL.jpg,599317,height,6.8 centimetre
https://m.media-amazon.com/images/I/6169+HHX8xL.jpg,599317,width,17.0 millimetre
https://m.media-amazon.com/images/I/51bWA+iyzML.jpg,599317,width,1.57 inch
https://m.media-amazon.com/images/I/51KaOBGRyRL.jpg,599317,width,83.0 millimetre
https://m.media-amazon.com/images/I/415gE07npzL.jpg,599317,width,36.5 millimetre
https://m.media-amazon.com/images/I/51tY+gVBbEL.jpg,599317,width,1.6 centimetre
https://m.media-amazon.com/images/I/61Cdm7gZC5L.jpg,599317,width,2.9 centimetre
https://m.media-amazon.com/images/I/51aDSX2OUAL.jpg,599317,width,27.0 millimetre
https://m.media-amazon.com/images/I/41W8cBYaOxL.jpg,599317,width,30.0 millimetre
https://m.media-amazon.com/images/I/51idcYBzLZL.jpg,599317,width,12.0 centimetre
https://m.media-amazon.com/images/I/51EExIheFZL.jpg,599317,width,7.5 centimetre
https://m.media-amazon.com/images/I/61-63BKRZUL.jpg,599317,width,25.0 millimetre
https://m.media-amazon.com/images/I/51nTUjY1F9L.jpg,599317,width,80.0 millimetre
https://m.media-amazon.com/images/I/41KcQHKs+VL.jpg,599317,width,15.5 millimetre
https://m.media-amazon.com/images/I/41k9cesqLyL.jpg,599317,width,2.6 centimetre
https://m.media-amazon.com/images/I/51MM4vKXXyL.jpg,599317,width,36.0 millimetre
https://m.media-amazon.com/images/I/611dH67MwrL.jpg,599317,width,1.02 inch
https://m.media-amazon.com/images/I/51YF0viOkCL.jpg,599317,width,8.0 centimetre
https://m.media-amazon.com/images/I/51A89rL+FWL.jpg,599317,width,5.8 centimetre
https://m.media-amazon.com/images/I/51A89rL+FWL.jpg,599317,height,5.8 centimetre
https://m.media-amazon.com/images/I/51rgAF1cX8L.jpg,599317,width,1.98 inch
https://m.media-amazon.com/images/I/51TjiOxc5iL.jpg,599317,width,30.0 millimetre
https://m.media-amazon.com/images/I/61CxqECLwsL.jpg,599317,width,36.7 millimetre
https://m.media-amazon.com/images/I/61CxqECLwsL.jpg,599317,height,36.7 millimetre
https://m.media-amazon.com/images/I/614k6p6L3lS.jpg,599317,width,10.0 centimetre
https://m.media-amazon.com/images/I/61AVSDz6ChL.jpg,599317,width,3.8 centimetre
https://m.media-amazon.com/images/I/612258SphML.jpg,599317,width,4.0 centimetre
https://m.media-amazon.com/images/I/614tqWM-KTL.jpg,599317,width,1.38 inch
https://m.media-amazon.com/images/I/61E-akbFxEL.jpg,599317,width,4.0 centimetre
https://m.media-amazon.com/images/I/51VMyGjdFbL.jpg,599317,width,2.0 centimetre
https://m.media-amazon.com/images/I/51rFvAPwiaL.jpg,599317,width,27.0 millimetre
https://m.media-amazon.com/images/I/51Di+V4A0jL.jpg,599317,width,17.0 centimetre
https://m.media-amazon.com/images/I/51FPe4LQmbL.jpg,599317,height,80.0 millimetre
https://m.media-amazon.com/images/I/51gWyqdz-cL.jpg,599317,width,29.3 millimetre
https://m.media-amazon.com/images/I/41Dv6ggo1jL.jpg,599317,width,2.8 centimetre
https://m.media-amazon.com/images/I/41wX-8etqzS.jpg,599317,width,1.41 inch
https://m.media-amazon.com/images/I/519MVWBLc9L.jpg,599317,width,20.0 centimetre
https://m.media-amazon.com/images/I/51IVrHSNGoL.jpg,599317,width,2.75 inch
https://m.media-amazon.com/images/I/618kspTPJjL.jpg,599317,width,23.0 millimetre
https://m.media-amazon.com/images/I/61D4SFMppUL.jpg,599317,width,17.0 millimetre
https://m.media-amazon.com/images/I/31-5OtMzadL.jpg,599317,width,6.0 centimetre
https://m.media-amazon.com/images/I/51nlCEOkJLL.jpg,599317,height,10.0 centimetre
https://m.media-amazon.com/images/I/6127VXMuzaL.jpg,599317,width,6.5 centimetre
https://m.media-amazon.com/images/I/6180F8rk+EL.jpg,599317,width,8.0 centimetre
https://m.media-amazon.com/images/I/61AaQOLwNrL.jpg,599317,width,1.22 inch
https://m.media-amazon.com/images/I/51xLJDd-7WL.jpg,599317,width,2.75 inch
https://m.media-amazon.com/images/I/51xLJDd-7WL.jpg,599317,height,3.93 inch
https://m.media-amazon.com/images/I/51HFLJHcoCL.jpg,599317,width,1.38 inch
https://m.media-amazon.com/images/I/51ebh+vcbeL.jpg,599317,width,8.5 centimetre
https://m.media-amazon.com/images/I/51XzoQcnFrL.jpg,599317,width,54.0 millimetre
https://m.media-amazon.com/images/I/41J7QuHqMmL.jpg,599317,width,23.0 millimetre
https://m.media-amazon.com/images/I/511LdOQdsQL.jpg,599317,width,6.0 centimetre
https://m.media-amazon.com/images/I/61Ew1-7RBVL.jpg,599317,width,0.78 inch
https://m.media-amazon.com/images/I/614uzFZIHHL.jpg,599317,width,67.4 millimetre
https://m.media-amazon.com/images/I/614uzFZIHHL.jpg,599317,height,67.4 millimetre
https://m.media-amazon.com/images/I/61+mKjDPzSL.jpg,599317,width,10.0 centimetre
https://m.media-amazon.com/images/I/61-tezvYDmL.jpg,599317,width,20.0 centimetre
https://m.media-amazon.com/images/I/51YOQmfv32L.jpg,599317,width,5.7 centimetre
https://m.media-amazon.com/images/I/61C0UVvGFES.jpg,599317,width,42.0 millimetre
https://m.media-amazon.com/images/I/41NE9HTpK+L.jpg,599317,width,37.0 millimetre
https://m.media-amazon.com/images/I/6172vd5wffL.jpg,599317,width,2.95 inch
https://m.media-amazon.com/images/I/6172vd5wffL.jpg,599317,height,2.95 inch
https://m.media-amazon.com/images/I/51HkNuMmqNL.jpg,599317,width,35.0 millimetre
https://m.media-amazon.com/images/I/51R8L1-aamL.jpg,599317,width,2.5 centimetre
https://m.media-amazon.com/images/I/51XDt4+lEWL.jpg,599317,width,3.8 centimetre
https://m.media-amazon.com/images/I/51leAe1prmL.jpg,599317,width,7.0 centimetre
https://m.media-amazon.com/images/I/51om-1EaKzL.jpg,599317,width,1.5 inch
https://m.media-amazon.com/images/I/51om-1EaKzL.jpg,599317,height,2.6 inch
https://m.media-amazon.com/images/I/51zo7IxqsGL.jpg,599317,width,9.0 centimetre
https://m.media-amazon.com/images/I/51BefgGnifL.jpg,599317,width,4.0 centimetre
https://m.media-amazon.com/images/I/61-6muBFBwL.jpg,599317,width,26.0 millimetre
https://m.media-amazon.com/images/I/51Lj6zsfSZL.jpg,599317,width,3.1 inch
https://m.media-amazon.com/images/I/41rMq3cu8zL.jpg,599317,width,2.5 inch
https://m.media-amazon.com/images/I/61Czzro5ZzL.jpg,599317,width,100.0 millimetre
https://m.media-amazon.com/images/I/51pa6F9nVzL.jpg,599317,width,21.0 millimetre
https://m.media-amazon.com/images/I/616TEP9koyL.jpg,599317,width,1.0 inch
https://m.media-amazon.com/images/I/41M6wq4lwVL.jpg,599317,width,91.0 millimetre
https://m.media-amazon.com/images/I/51mo9sTu60S.jpg,599317,width,1.42 inch
https://m.media-amazon.com/images/I/41qmak5EfcL.jpg,599317,width,50.0 millimetre
https://m.media-amazon.com/images/I/51vga+BXH0L.jpg,599317,width,10.0 centimetre
https://m.media-amazon.com/images/I/610rmQtK69L.jpg,599317,width,67.1 millimetre
https://m.media-amazon.com/images/I/617Kzud4MUL.jpg,599317,height,124.0 millimetre
https://m.media-amazon.com/images/I/51991kstf+L.jpg,599317,height,49.0 millimetre
https://m.media-amazon.com/images/I/51YBiVPCTCL.jpg,599317,height,88.0 millimetre
https://m.media-amazon.com/images/I/51yFcYNKJ9L.jpg,599317,height,100.0 millimetre
https://m.media-amazon.com/images/I/51j9fskj8cL.jpg,599317,height,9.5 centimetre
https://m.media-amazon.com/images/I/616+EMoJyvL.jpg,599317,height,30.0 millimetre
https://m.media-amazon.com/images/I/51f0Z1qotCL.jpg,599317,height,0.32 inch
https://m.media-amazon.com/images/I/618EDldQ+7L.jpg,599317,height,124.0 millimetre
https://m.media-amazon.com/images/I/51IP7zcy7HL.jpg,599317,height,185.0 millimetre
https://m.media-amazon.com/images/I/613F8FlJG0L.jpg,599317,height,75.0 millimetre
https://m.media-amazon.com/images/I/51fheVoxOpL.jpg,599317,height,10.4 centimetre
https://m.media-amazon.com/images/I/51vgy5ntLqL.jpg,599317,height,1.33 inch
https://m.media-amazon.com/images/I/51lIp1dxosL.jpg,599317,height,42.0 millimetre
https://m.media-amazon.com/images/I/51Jm2YtIshL.jpg,599317,height,7.5 centimetre
https://m.media-amazon.com/images/I/51sJaRry7qL.jpg,599317,height,4.9 inch
https://m.media-amazon.com/images/I/51eef+WOemL.jpg,599317,height,12.0 centimetre
https://m.media-amazon.com/images/I/515HnlQcseL.jpg,599317,height,3.94 inch
https://m.media-amazon.com/images/I/610-SwwdHXL.jpg,599317,height,8.0 centimetre
https://m.media-amazon.com/images/I/613nIofQn5L.jpg,599317,height,5.9 inch
https://m.media-amazon.com/images/I/41wCUcvGJBL.jpg,599317,height,3.74 inch
https://m.media-amazon.com/images/I/41iyjDFNSSL.jpg,599317,height,15.0 centimetre
https://m.media-amazon.com/images/I/51M1eSSyFtL.jpg,599317,height,25.0 millimetre
https://m.media-amazon.com/images/I/510w4Z7yxAL.jpg,599317,height,93.0 millimetre
https://m.media-amazon.com/images/I/51OWq4YGrZL.jpg,599317,height,43.0 millimetre
https://m.media-amazon.com/images/I/51Trt5D2-AS.jpg,599317,height,120.0 millimetre
https://m.media-amazon.com/images/I/51VBnLFblCL.jpg,599317,height,155.0 millimetre
https://m.media-amazon.com/images/I/41wA9cWLeTL.jpg,599317,height,15.0 centimetre
https://m.media-amazon.com/images/I/61-GcJvu8cL.jpg,599317,height,2.0 inch
https://m.media-amazon.com/images/I/61Ff7aT7A8L.jpg,599317,height,74.1 millimetre
https://m.media-amazon.com/images/I/51+yylbBYxL.jpg,599317,height,60.5 millimetre
https://m.media-amazon.com/images/I/41NPvieXPkL.jpg,599317,height,13.5 centimetre
https://m.media-amazon.com/images/I/517FbbHqByS.jpg,599317,height,138.0 millimetre
https://m.media-amazon.com/images/I/41IKruw5UgL.jpg,599317,height,11.8 inch
https://m.media-amazon.com/images/I/61G0pXZ393L.jpg,599317,height,45.0 millimetre
https://m.media-amazon.com/images/I/51hKvCtkKmL.jpg,599317,height,41.0 millimetre
https://m.media-amazon.com/images/I/61DnieDHwpS.jpg,599317,height,140.0 millimetre
https://m.media-amazon.com/images/I/514Kk64nipS.jpg,599317,height,92.0 millimetre
https://m.media-amazon.com/images/I/51SnXbH-qRL.jpg,599317,height,50.0 millimetre
https://m.media-amazon.com/images/I/617bGQ7pXTL.jpg,599317,height,90.0 millimetre
https://m.media-amazon.com/images/I/41nY60o0nNL.jpg,599317,height,70.0 millimetre
https://m.media-amazon.com/images/I/51Z1KjuK+nL.jpg,599317,height,5.6 centimetre
https://m.media-amazon.com/images/I/51I7635k5WL.jpg,599317,height,10.0 centimetre
https://m.media-amazon.com/images/I/517Zu1SsRPL.jpg,599317,height,3.9 inch
https://m.media-amazon.com/images/I/61-k9TqWDvL.jpg,599317,height,91.44 millimetre
https://m.media-amazon.com/images/I/41AEYjneNLL.jpg,599317,height,18.5 centimetre
https://m.media-amazon.com/images/I/51wwJ1-SUAL.jpg,599317,height,5.0 centimetre
https://m.media-amazon.com/images/I/51Q3ajk68cL.jpg,599317,height,9.3 centimetre
https://m.media-amazon.com/images/I/51BfNQZzLgL.jpg,599317,height,54.0 millimetre
https://m.media-amazon.com/images/I/51J-ZiVkgnL.jpg,599317,height,60.0 millimetre
https://m.media-amazon.com/images/I/617KdRxBKNL.jpg,599317,height,1.6 inch
https://m.media-amazon.com/images/I/61ErtPYQP0L.jpg,599317,height,35.7 millimetre
https://m.media-amazon.com/images/I/51gwiEVEpZL.jpg,599317,height,12.6 inch
https://m.media-amazon.com/images/I/61B2ACMXLFL.jpg,599317,height,55.0 millimetre
https://m.media-amazon.com/images/I/51r8imuDNhS.jpg,599317,height,85.0 millimetre
https://m.media-amazon.com/images/I/61AtW2R+3YL.jpg,599317,height,3.937 inch
https://m.media-amazon.com/images/I/51bFhWHAA3L.jpg,599317,height,6.0 centimetre
https://m.media-amazon.com/images/I/61DoWFcVqCL.jpg,599317,height,7.2 centimetre
https://m.media-amazon.com/images/I/41mbXzXZxiL.jpg,599317,height,142.0 millimetre
https://m.media-amazon.com/images/I/51cm2v5nI1L.jpg,599317,height,6.0 inch
https://m.media-amazon.com/images/I/512Z3he38TL.jpg,599317,height,3.93 inch
https://m.media-amazon.com/images/I/51ka1-ffCDL.jpg,599317,height,75.0 millimetre
https://m.media-amazon.com/images/I/51jdMw7TSsL.jpg,599317,height,30.0 millimetre
https://m.media-amazon.com/images/I/61BeFygaN2L.jpg,599317,height,2.6 inch
https://m.media-amazon.com/images/I/41Gm4wqMd0L.jpg,599317,height,100.0 millimetre
https://m.media-amazon.com/images/I/51L-6nFjyfL.jpg,599317,height,2.16 inch
https://m.media-amazon.com/images/I/51bdsChoMxL.jpg,599317,height,30.0 centimetre
https://m.media-amazon.com/images/I/617PAvoLh+L.jpg,599317,height,80.0 millimetre
https://m.media-amazon.com/images/I/31Xu4eR6TpL.jpg,599317,height,10.0 centimetre
https://m.media-amazon.com/images/I/617o1JAMlCL.jpg,599317,height,7.0 centimetre
https://m.media-amazon.com/images/I/61B6DQRfGeL.jpg,599317,height,25.0 millimetre
https://m.media-amazon.com/images/I/51eikMet0YL.jpg,599317,height,3.5 inch
https://m.media-amazon.com/images/I/51YGYi3413L.jpg,599317,height,11.8 inch
https://m.media-amazon.com/images/I/61CK5V0yYRL.jpg,599317,height,5.0 centimetre
https://m.media-amazon.com/images/I/51jrqZ3-FcL.jpg,599317,height,6.5 centimetre
https://m.media-amazon.com/images/I/51lNRaZ4l5L.jpg,599317,height,55.0 millimetre
https://m.media-amazon.com/images/I/519XN5vL-0L.jpg,599317,height,0.8 inch
https://m.media-amazon.com/images/I/618ajWTxIJL.jpg,599317,height,1.97 inch
https://m.media-amazon.com/images/I/51UvcHVd09S.jpg,599317,height,70.0 millimetre
https://m.media-amazon.com/images/I/41cXfuAFKwL.jpg,599317,height,55.0 millimetre
https://m.media-amazon.com/images/I/618NAKF+NGL.jpg,599317,height,40.0 millimetre
https://m.media-amazon.com/images/I/41b1tga7CBL.jpg,599317,height,5.8 centimetre
https://m.media-amazon.com/images/I/51imqASJS5L.jpg,599317,height,62.0 millimetre
https://m.media-amazon.com/images/I/51YefGLPymS.jpg,599317,height,56.0 millimetre
https://m.media-amazon.com/images/I/51J1Y4-wW6L.jpg,599317,height,10.0 centimetre
https://m.media-amazon.com/images/I/51HI9TeYJHL.jpg,599317,height,4.1 inch
https://m.media-amazon.com/images/I/51Taa4zlr2L.jpg,599317,height,100.0 millimetre
https://m.media-amazon.com/images/I/417JAmnBgEL.jpg,599317,height,92.0 millimetre
https://m.media-amazon.com/images/I/51w7aITAW4L.jpg,599317,height,125.0 millimetre
https://m.media-amazon.com/images/I/41U4UlaR27L.jpg,599317,height,100.0 millimetre
https://m.media-amazon.com/images/I/61CU6XvYPvL.jpg,599317,height,100.0 millimetre
https://m.media-amazon.com/images/I/61DzxBgFlPL.jpg,599317,height,80.5 millimetre
https://m.media-amazon.com/images/I/614uzEy7soL.jpg,599317,height,4.0 centimetre
https://m.media-amazon.com/images/I/51IKc2gen8L.jpg,599317,height,138.3 millimetre
https://m.media-amazon.com/images/I/51qH3FvD7zL.jpg,599317,height,105.0 millimetre
https://m.media-amazon.com/images/I/51MxhEOD6sL.jpg,599317,height,4.0 centimetre
https://m.media-amazon.com/images/I/511albsNQ1L.jpg,599317,height,145.0 millimetre
https://m.media-amazon.com/images/I/519sIPgC7QL.jpg,599317,height,3.6 centimetre
