image_link,group_id,entity_name,entity_value
https://m.media-amazon.com/images/I/51QzWf5nKUS.jpg,362879,width,42.0 millimetre
https://m.media-amazon.com/images/I/61+HfsvnuGL.jpg,362879,width,36.0 millimetre
https://m.media-amazon.com/images/I/51OCk5TkOvL.jpg,362879,width,4.0 centimetre
https://m.media-amazon.com/images/I/614VgHgVLKL.jpg,362879,width,3.5 centimetre
https://m.media-amazon.com/images/I/41ehjGPQrFL.jpg,362879,width,50.0 millimetre
https://m.media-amazon.com/images/I/51iHJWl9eWL.jpg,362879,width,1.4 inch
https://m.media-amazon.com/images/I/51t2Y9RMUNL.jpg,362879,width,36.5 millimetre
https://m.media-amazon.com/images/I/51HVX3rpayL.jpg,362879,width,7.0 centimetre
https://m.media-amazon.com/images/I/51FECaAxc0L.jpg,362879,width,1.57 inch
https://m.media-amazon.com/images/I/516EV6S+zXL.jpg,362879,width,46.0 millimetre
https://m.media-amazon.com/images/I/51VJmVr7caL.jpg,362879,width,31.0 millimetre
https://m.media-amazon.com/images/I/51T2CYwiP-S.jpg,362879,width,3.0 inch
https://m.media-amazon.com/images/I/61AJcADbTRL.jpg,362879,width,5.3 centimetre
https://m.media-amazon.com/images/I/61AJcADbTRL.jpg,362879,depth,8.8 centimetre
https://m.media-amazon.com/images/I/51oaHD9TutL.jpg,362879,width,38.0 millimetre
https://m.media-amazon.com/images/I/51oaHD9TutL.jpg,362879,depth,142.0 millimetre
https://m.media-amazon.com/images/I/613KCkjMVHL.jpg,362879,width,38.0 millimetre
https://m.media-amazon.com/images/I/51BhoOL-yOL.jpg,362879,width,1.97 inch
https://m.media-amazon.com/images/I/51lx71myxgL.jpg,362879,width,3.7 centimetre
https://m.media-amazon.com/images/I/51jSzNkF1IL.jpg,362879,width,27.5 millimetre
https://m.media-amazon.com/images/I/41LmbbLIewL.jpg,362879,width,40.0 millimetre
https://m.media-amazon.com/images/I/61-4QVN4pqL.jpg,362879,width,5.5 centimetre
https://m.media-amazon.com/images/I/61EKV2eVR-L.jpg,362879,width,0.98 inch
https://m.media-amazon.com/images/I/618BE-u--UL.jpg,362879,width,3.5 centimetre
https://m.media-amazon.com/images/I/51MQg-3+OoL.jpg,362879,width,4.0 centimetre
https://m.media-amazon.com/images/I/614zlVWU5HL.jpg,362879,width,34.5 millimetre
https://m.media-amazon.com/images/I/51l+fydbLCL.jpg,362879,width,3.2 centimetre
https://m.media-amazon.com/images/I/614iwmGQwXL.jpg,362879,width,2.36 inch
https://m.media-amazon.com/images/I/51qnaum5AwL.jpg,362879,width,5.3 centimetre
https://m.media-amazon.com/images/I/618QHd3Zh6S.jpg,362879,width,0.79 inch
https://m.media-amazon.com/images/I/610t0m0qn8L.jpg,362879,width,4.5 centimetre
https://m.media-amazon.com/images/I/51SDP17PK4L.jpg,362879,width,49.6 millimetre
https://m.media-amazon.com/images/I/616yjV96X2S.jpg,362879,width,1.1 inch
https://m.media-amazon.com/images/I/6133DadQOvL.jpg,362879,width,1.41 inch
https://m.media-amazon.com/images/I/610yqqGYbyL.jpg,362879,width,8.5 centimetre
https://m.media-amazon.com/images/I/610yqqGYbyL.jpg,362879,depth,20.5 centimetre
https://m.media-amazon.com/images/I/615cAZ6KanL.jpg,362879,width,5.0 centimetre
https://m.media-amazon.com/images/I/518hwXfd4DL.jpg,362879,width,1.2 inch
https://m.media-amazon.com/images/I/61CQ1v4Q7iL.jpg,362879,width,38.0 millimetre
https://m.media-amazon.com/images/I/51fiLDPF1kL.jpg,362879,width,39.0 millimetre
https://m.media-amazon.com/images/I/51fiLDPF1kL.jpg,362879,depth,80.0 millimetre
https://m.media-amazon.com/images/I/616x94xOCmL.jpg,362879,width,20.0 millimetre
https://m.media-amazon.com/images/I/51arxhnkDuL.jpg,362879,width,38.0 millimetre
https://m.media-amazon.com/images/I/518ZA81l1IL.jpg,362879,width,3.1 centimetre
https://m.media-amazon.com/images/I/518ZA81l1IL.jpg,362879,depth,7.9 centimetre
https://m.media-amazon.com/images/I/5177uq6Y0dL.jpg,362879,width,41.0 millimetre
https://m.media-amazon.com/images/I/51o6rqCknKL.jpg,362879,width,42.0 millimetre
https://m.media-amazon.com/images/I/51AxYD8rNJL.jpg,362879,width,1.69 inch
https://m.media-amazon.com/images/I/51Om47DFC3L.jpg,362879,width,27.5 millimetre
https://m.media-amazon.com/images/I/51+2dgV2wiL.jpg,362879,width,30.0 millimetre
https://m.media-amazon.com/images/I/51LdDNedt4L.jpg,362879,width,1.9 inch
https://m.media-amazon.com/images/I/61CXiPHzu7L.jpg,362879,width,3.5 centimetre
https://m.media-amazon.com/images/I/51I9CRNDgJL.jpg,362879,width,1.6 centimetre
https://m.media-amazon.com/images/I/51IIVKrd4lL.jpg,362879,width,5.0 centimetre
https://m.media-amazon.com/images/I/610dlyWRiTL.jpg,362879,width,45.0 millimetre
https://m.media-amazon.com/images/I/51tzAiIyDvL.jpg,362879,depth,7.5 centimetre
https://m.media-amazon.com/images/I/618541LMfgL.jpg,362879,depth,71.0 millimetre
https://m.media-amazon.com/images/I/51zamhKcirL.jpg,362879,depth,8.0 centimetre
https://m.media-amazon.com/images/I/61Co+WxfgPL.jpg,362879,depth,2.35 inch
https://m.media-amazon.com/images/I/615bmKoCPAL.jpg,362879,depth,7.8 centimetre
https://m.media-amazon.com/images/I/51o88AMVXEL.jpg,362879,depth,155.0 millimetre
https://m.media-amazon.com/images/I/613IsJX1C6L.jpg,362879,depth,34.0 millimetre
https://m.media-amazon.com/images/I/51bOzEGbSsL.jpg,362879,depth,8.0 centimetre
https://m.media-amazon.com/images/I/61AbEWFgp5L.jpg,362879,depth,4.72 inch
https://m.media-amazon.com/images/I/616L6dXS61L.jpg,362879,depth,26.0 millimetre
https://m.media-amazon.com/images/I/51F-RKgxL4L.jpg,362879,depth,3.0 centimetre
https://m.media-amazon.com/images/I/51zsqkf1bML.jpg,362879,depth,11.0 centimetre
https://m.media-amazon.com/images/I/41EvUy9Jw3L.jpg,362879,depth,26.0 millimetre
https://m.media-amazon.com/images/I/51usuBVWebL.jpg,362879,depth,150.0 millimetre
https://m.media-amazon.com/images/I/51arGlUw6vL.jpg,362879,depth,140.0 millimetre
https://m.media-amazon.com/images/I/61-ysWhbg2L.jpg,362879,depth,2.95 inch
https://m.media-amazon.com/images/I/51JKkpRwz7L.jpg,362879,depth,133.0 millimetre
https://m.media-amazon.com/images/I/411IyRQJRbL.jpg,362879,depth,8.66 centimetre
https://m.media-amazon.com/images/I/51Jy5g5QwoL.jpg,362879,depth,56.0 millimetre
https://m.media-amazon.com/images/I/516I-1lDu8L.jpg,362879,depth,7.9 centimetre
https://m.media-amazon.com/images/I/51TQ1t40qzL.jpg,362879,depth,155.0 millimetre
https://m.media-amazon.com/images/I/51jDfky5D2L.jpg,362879,depth,86.5 millimetre
https://m.media-amazon.com/images/I/614EML0pxSL.jpg,362879,depth,3.2 inch
https://m.media-amazon.com/images/I/51ObDRJ9kDL.jpg,362879,depth,39.0 millimetre
https://m.media-amazon.com/images/I/51cHY1fIGSL.jpg,362879,depth,4.5 inch
https://m.media-amazon.com/images/I/41n4Lr8S2rL.jpg,362879,depth,107.0 millimetre
https://m.media-amazon.com/images/I/61EoqPdPe8L.jpg,362879,depth,68.0 millimetre
https://m.media-amazon.com/images/I/613KSKkIAxL.jpg,362879,depth,3.78 inch
https://m.media-amazon.com/images/I/51nT9jeriAL.jpg,362879,depth,4.9 centimetre
https://m.media-amazon.com/images/I/51pgARNpZEL.jpg,362879,depth,130.0 millimetre
https://m.media-amazon.com/images/I/612q6TETZML.jpg,362879,depth,6.7 centimetre
https://m.media-amazon.com/images/I/61+zLDAJS5L.jpg,362879,depth,9.5 centimetre
https://m.media-amazon.com/images/I/615yOXY1aVL.jpg,362879,depth,10.3 centimetre
https://m.media-amazon.com/images/I/511A1A7DubL.jpg,362879,depth,8.4 centimetre
https://m.media-amazon.com/images/I/410IUwcCjjL.jpg,362879,depth,2.0 inch
https://m.media-amazon.com/images/I/610z3xMjEtL.jpg,362879,depth,10.3 centimetre
https://m.media-amazon.com/images/I/61FOY9gELsL.jpg,362879,depth,3.3 inch
https://m.media-amazon.com/images/I/51YSTrABLAL.jpg,362879,depth,4.8 centimetre
https://m.media-amazon.com/images/I/51VT8wHEG9L.jpg,362879,depth,83.0 millimetre
https://m.media-amazon.com/images/I/61Eyl-I2V0L.jpg,362879,depth,26.0 millimetre
https://m.media-amazon.com/images/I/51UsIUjLoYL.jpg,362879,depth,7.0 centimetre
https://m.media-amazon.com/images/I/61Bo5Rvo4zL.jpg,362879,depth,3.93 inch
https://m.media-amazon.com/images/I/51qKNgHZa5L.jpg,362879,depth,7.0 centimetre
https://m.media-amazon.com/images/I/51wQ5dbF6-L.jpg,362879,depth,9.3 centimetre
https://m.media-amazon.com/images/I/51zkgzzsN2L.jpg,362879,depth,72.7 millimetre
https://m.media-amazon.com/images/I/51dphsQj4GL.jpg,362879,depth,146.0 millimetre
https://m.media-amazon.com/images/I/51ZQqRHAurL.jpg,362879,depth,175.0 millimetre
https://m.media-amazon.com/images/I/51klY8IJ+OL.jpg,362879,depth,172.0 millimetre
https://m.media-amazon.com/images/I/51XDcrTrHTL.jpg,362879,depth,3.1 inch
https://m.media-amazon.com/images/I/51M8z6fc47L.jpg,362879,depth,60.0 millimetre
https://m.media-amazon.com/images/I/61DhpWao3TL.jpg,362879,depth,92.0 millimetre
https://m.media-amazon.com/images/I/51MVLvNbEQL.jpg,362879,depth,98.0 millimetre
https://m.media-amazon.com/images/I/41zt8J3hIKL.jpg,362879,depth,8.6 centimetre
https://m.media-amazon.com/images/I/619EJF4g6wL.jpg,362879,depth,7.7 centimetre
https://m.media-amazon.com/images/I/51uk+5hGKML.jpg,362879,depth,7.4 centimetre
https://m.media-amazon.com/images/I/61CQINtFVWL.jpg,362879,depth,6.7 inch
https://m.media-amazon.com/images/I/51lJ+-WAukL.jpg,362879,depth,57.0 millimetre
https://m.media-amazon.com/images/I/51gBvR0OjRL.jpg,362879,depth,8.0 centimetre
https://m.media-amazon.com/images/I/61-I1BIPODL.jpg,362879,depth,7.9 centimetre
https://m.media-amazon.com/images/I/51yqy7-I7LL.jpg,362879,depth,76.0 millimetre
https://m.media-amazon.com/images/I/61D3pEJeItL.jpg,362879,depth,6.3 centimetre
https://m.media-amazon.com/images/I/513OXLZfE8L.jpg,362879,depth,9.5 inch
https://m.media-amazon.com/images/I/61E+TTaKlwL.jpg,362879,depth,3.1 centimetre
https://m.media-amazon.com/images/I/51Izp0bqOIL.jpg,362879,depth,5.26 centimetre
https://m.media-amazon.com/images/I/51D7t8yKhcL.jpg,362879,depth,2.44 inch
https://m.media-amazon.com/images/I/51mclPdRZfL.jpg,362879,depth,150.0 millimetre
https://m.media-amazon.com/images/I/5140HWTt3yL.jpg,362879,depth,83.4 millimetre
https://m.media-amazon.com/images/I/51XZwlSor6L.jpg,362879,depth,9.5 centimetre
https://m.media-amazon.com/images/I/51yPm7CY3WL.jpg,362879,depth,2.56 inch
https://m.media-amazon.com/images/I/51Ft7T43srL.jpg,362879,depth,75.0 millimetre
https://m.media-amazon.com/images/I/51LFyT2tpgL.jpg,362879,depth,2.95 inch
https://m.media-amazon.com/images/I/613E9d+5BpL.jpg,362879,depth,50.0 millimetre
https://m.media-amazon.com/images/I/51yxTRvoYkL.jpg,362879,depth,3.11 inch
https://m.media-amazon.com/images/I/612djRu-LOL.jpg,362879,depth,7.8 centimetre
https://m.media-amazon.com/images/I/51CFrBLsi-S.jpg,362879,depth,138.0 millimetre
https://m.media-amazon.com/images/I/51Q7CdTLJ7L.jpg,362879,depth,77.0 millimetre
https://m.media-amazon.com/images/I/61-KWfycS7L.jpg,362879,depth,6.5 centimetre
https://m.media-amazon.com/images/I/61GFRZqfJAL.jpg,362879,depth,8.0 centimetre
https://m.media-amazon.com/images/I/51ePaTS+JML.jpg,362879,depth,134.0 millimetre
https://m.media-amazon.com/images/I/51ZC3UHcesL.jpg,362879,depth,81.4 millimetre
