image_link,group_id,entity_name,entity_value
https://m.media-amazon.com/images/I/51xJr9Ri9sL.jpg,524279,width,25.0 centimetre
https://m.media-amazon.com/images/I/51xTmJQ3NAL.jpg,524279,width,13.5 centimetre
https://m.media-amazon.com/images/I/512DONjDHpL.jpg,524279,width,2.49 inch
https://m.media-amazon.com/images/I/51j5yDQjXRL.jpg,524279,width,14.0 millimetre
https://m.media-amazon.com/images/I/41WFJG11FYL.jpg,524279,width,3.5 centimetre
https://m.media-amazon.com/images/I/61DvcW07jVS.jpg,524279,width,6.6 centimetre
https://m.media-amazon.com/images/I/51Vm38L2QRL.jpg,524279,width,2.5 inch
https://m.media-amazon.com/images/I/61-D0RasZ1L.jpg,524279,width,13.5 centimetre
https://m.media-amazon.com/images/I/51aDOLUKn-L.jpg,524279,width,7.1 centimetre
https://m.media-amazon.com/images/I/51FKTa0kMoL.jpg,524279,width,21.5 centimetre
https://m.media-amazon.com/images/I/51FKTa0kMoL.jpg,524279,depth,21.5 centimetre
https://m.media-amazon.com/images/I/51Nm4KBSA1L.jpg,524279,width,5.0 centimetre
https://m.media-amazon.com/images/I/21iGjAhB0ML.jpg,524279,width,18.0 centimetre
https://m.media-amazon.com/images/I/51zoygloacL.jpg,524279,width,9.0 centimetre
https://m.media-amazon.com/images/I/51yKea3xiKL.jpg,524279,width,7.5 centimetre
https://m.media-amazon.com/images/I/51yKea3xiKL.jpg,524279,depth,18.0 centimetre
https://m.media-amazon.com/images/I/51eWazuRABL.jpg,524279,width,6.0 centimetre
https://m.media-amazon.com/images/I/514A7bDfBaL.jpg,524279,width,7.0 centimetre
https://m.media-amazon.com/images/I/514A7bDfBaL.jpg,524279,depth,11.3 centimetre
https://m.media-amazon.com/images/I/51ARcJ2cp8L.jpg,524279,width,11.3 centimetre
https://m.media-amazon.com/images/I/414nlIq-BCL.jpg,524279,width,3.8 centimetre
https://m.media-amazon.com/images/I/51JKk7lxS5L.jpg,524279,width,6.0 centimetre
https://m.media-amazon.com/images/I/51MP9n5iFFL.jpg,524279,width,7.0 centimetre
https://m.media-amazon.com/images/I/51xLyqWZgZL.jpg,524279,width,7.0 centimetre
https://m.media-amazon.com/images/I/51D4g8POpnL.jpg,524279,width,6.4 centimetre
https://m.media-amazon.com/images/I/31r8FncGDlL.jpg,524279,width,3.0 centimetre
https://m.media-amazon.com/images/I/51Erv-fCIbL.jpg,524279,width,8.2 centimetre
https://m.media-amazon.com/images/I/61A8ZhpAOyL.jpg,524279,width,8.0 centimetre
https://m.media-amazon.com/images/I/51y1n70Eg0L.jpg,524279,width,5.3 centimetre
https://m.media-amazon.com/images/I/51P6JVsUetL.jpg,524279,width,6.0 centimetre
https://m.media-amazon.com/images/I/41CEaVb0o7S.jpg,524279,width,7.5 centimetre
https://m.media-amazon.com/images/I/41J3uw1DyDL.jpg,524279,width,2.0 centimetre
https://m.media-amazon.com/images/I/51qMQLd5sDL.jpg,524279,width,2.5 centimetre
https://m.media-amazon.com/images/I/51ddnM+5swL.jpg,524279,width,4.6 centimetre
https://m.media-amazon.com/images/I/61F-dPjMecL.jpg,524279,width,7.3 centimetre
https://m.media-amazon.com/images/I/51vkGKtdtGL.jpg,524279,width,7.5 centimetre
https://m.media-amazon.com/images/I/51NpKKwYnzL.jpg,524279,width,16.0 centimetre
https://m.media-amazon.com/images/I/51xSd6SSZiL.jpg,524279,width,14.0 centimetre
https://m.media-amazon.com/images/I/51xSd6SSZiL.jpg,524279,depth,19.5 centimetre
https://m.media-amazon.com/images/I/514pYhMoJCL.jpg,524279,depth,15.0 centimetre
https://m.media-amazon.com/images/I/51JGvMoZQlS.jpg,524279,depth,2.83 inch
https://m.media-amazon.com/images/I/615WF6jIDmL.jpg,524279,depth,18.0 centimetre
https://m.media-amazon.com/images/I/41Y1kGvLjuS.jpg,524279,depth,180.0 millimetre
https://m.media-amazon.com/images/I/51mpqLGmP8L.jpg,524279,depth,16.5 centimetre
https://m.media-amazon.com/images/I/51ccCvR1j1S.jpg,524279,depth,12.0 inch
https://m.media-amazon.com/images/I/51yXJED1H6L.jpg,524279,depth,17.5 centimetre
https://m.media-amazon.com/images/I/51d3RgAgOFL.jpg,524279,depth,12.0 centimetre
https://m.media-amazon.com/images/I/6145dv10g8L.jpg,524279,depth,8.0 inch
https://m.media-amazon.com/images/I/51Y6qoUBLTL.jpg,524279,depth,6.5 centimetre
https://m.media-amazon.com/images/I/51MimthjVxL.jpg,524279,depth,12.0 inch
https://m.media-amazon.com/images/I/516HJGuB8qL.jpg,524279,depth,12.5 centimetre
https://m.media-amazon.com/images/I/51NTulP9wGL.jpg,524279,depth,18.0 centimetre
https://m.media-amazon.com/images/I/51wv1MTxvgL.jpg,524279,depth,18.0 centimetre
https://m.media-amazon.com/images/I/51RGorka1SL.jpg,524279,depth,18.0 centimetre
https://m.media-amazon.com/images/I/51XpM5OkYML.jpg,524279,depth,12.0 inch
https://m.media-amazon.com/images/I/51my7Qhm8jL.jpg,524279,depth,4.5 centimetre
https://m.media-amazon.com/images/I/61+hlqAvC4L.jpg,524279,depth,20.0 centimetre
https://m.media-amazon.com/images/I/61EFV3kIRmL.jpg,524279,depth,24.0 centimetre
https://m.media-amazon.com/images/I/61-1OTz4MQL.jpg,524279,depth,4.0 inch
https://m.media-amazon.com/images/I/41TvrfKbHuL.jpg,524279,depth,22.0 centimetre
https://m.media-amazon.com/images/I/512e1FQX3RL.jpg,524279,depth,20.0 centimetre
https://m.media-amazon.com/images/I/51ouCrClSjL.jpg,524279,depth,61.0 centimetre
https://m.media-amazon.com/images/I/512wiwiHYAL.jpg,524279,depth,6.5 centimetre
https://m.media-amazon.com/images/I/51wr6t9gthL.jpg,524279,depth,13.0 centimetre
https://m.media-amazon.com/images/I/41htQs8EhAL.jpg,524279,depth,18.0 centimetre
https://m.media-amazon.com/images/I/518gAUnIRCL.jpg,524279,depth,6.7 inch
https://m.media-amazon.com/images/I/41G+aEibwVL.jpg,524279,depth,16.3 centimetre
https://m.media-amazon.com/images/I/51OfLOl4CML.jpg,524279,depth,4.72 inch
https://m.media-amazon.com/images/I/51qlpMVrGcL.jpg,524279,depth,14.5 centimetre
https://m.media-amazon.com/images/I/61-rf7+U7NL.jpg,524279,depth,17.8 centimetre
https://m.media-amazon.com/images/I/517HphluL6L.jpg,524279,depth,26.0 centimetre
https://m.media-amazon.com/images/I/510hLnNWJUL.jpg,524279,depth,10.2 centimetre
https://m.media-amazon.com/images/I/61-4-3We+FL.jpg,524279,depth,7.68 inch
https://m.media-amazon.com/images/I/51V7HkpdktL.jpg,524279,depth,17.5 centimetre
https://m.media-amazon.com/images/I/51NPTK0U10L.jpg,524279,depth,5.7 inch
https://m.media-amazon.com/images/I/611mlIT4AaL.jpg,524279,depth,13.5 centimetre
https://m.media-amazon.com/images/I/41nNjyGvwXL.jpg,524279,depth,21.0 centimetre
https://m.media-amazon.com/images/I/41oz0rejqGL.jpg,524279,depth,5.9 inch
https://m.media-amazon.com/images/I/51r6ak9X5cL.jpg,524279,depth,6.7 inch
https://m.media-amazon.com/images/I/51lDOgv1XfL.jpg,524279,depth,18.0 centimetre
https://m.media-amazon.com/images/I/51TQyZNVPNL.jpg,524279,depth,18.0 centimetre
https://m.media-amazon.com/images/I/51fwMay4AlL.jpg,524279,depth,197.0 millimetre
https://m.media-amazon.com/images/I/618n0YwaqUL.jpg,524279,depth,7.5 centimetre
https://m.media-amazon.com/images/I/5174cIlwsJL.jpg,524279,depth,8.0 inch
https://m.media-amazon.com/images/I/61BnhEDI2tL.jpg,524279,depth,22.0 centimetre
https://m.media-amazon.com/images/I/51X2x26D4EL.jpg,524279,depth,6.49 inch
https://m.media-amazon.com/images/I/51zREmTzapL.jpg,524279,depth,18.0 centimetre
https://m.media-amazon.com/images/I/511GHwmXjoL.jpg,524279,depth,2.8 inch
https://m.media-amazon.com/images/I/612G20tL0vL.jpg,524279,depth,5.9 inch
https://m.media-amazon.com/images/I/51RMV2VznWL.jpg,524279,depth,18.0 centimetre
https://m.media-amazon.com/images/I/41BEX7a3ryL.jpg,524279,depth,12.8 centimetre
