image_link,group_id,entity_name,entity_value
https://m.media-amazon.com/images/I/51QgaCHzyPL.jpg,526954,width,20.0 millimetre
https://m.media-amazon.com/images/I/51QgaCHzyPL.jpg,526954,height,20.0 millimetre
https://m.media-amazon.com/images/I/51qI3gzTQ7L.jpg,526954,width,795.0 millimetre
https://m.media-amazon.com/images/I/61CXQezV99L.jpg,526954,width,80.0 millimetre
https://m.media-amazon.com/images/I/51PnYVYdbJL.jpg,526954,width,18.0 millimetre
https://m.media-amazon.com/images/I/51DFiz7awfL.jpg,526954,width,6.77 inch
https://m.media-amazon.com/images/I/61ESBVSpxTL.jpg,526954,width,2.0 inch
https://m.media-amazon.com/images/I/51JVsV3HfDL.jpg,526954,width,2.8 centimetre
https://m.media-amazon.com/images/I/610BI9oKizL.jpg,526954,width,11.0 centimetre
https://m.media-amazon.com/images/I/617bfckLmML.jpg,526954,width,31.7 millimetre
https://m.media-amazon.com/images/I/51VvLc2RyjL.jpg,526954,width,1.18 inch
https://m.media-amazon.com/images/I/61721AEbBkL.jpg,526954,width,35.0 millimetre
https://m.media-amazon.com/images/I/616Wojsde1L.jpg,526954,width,53.0 millimetre
https://m.media-amazon.com/images/I/514CI-LjQOL.jpg,526954,width,48.0 millimetre
https://m.media-amazon.com/images/I/612OnCEnvoL.jpg,526954,width,50.0 millimetre
https://m.media-amazon.com/images/I/61-U-r-kUWL.jpg,526954,width,2.5 centimetre
https://m.media-amazon.com/images/I/611sKQ2bWPL.jpg,526954,width,52.0 millimetre
https://m.media-amazon.com/images/I/51ao77j+OPL.jpg,526954,height,30.0 millimetre
https://m.media-amazon.com/images/I/51qJ9zo5IGL.jpg,526954,height,62.0 centimetre
https://m.media-amazon.com/images/I/51KiWX7RvEL.jpg,526954,height,1.25 inch
https://m.media-amazon.com/images/I/51PjpVLR0bL.jpg,526954,height,52.0 inch
https://m.media-amazon.com/images/I/616O5Lz10NL.jpg,526954,height,20.0 millimetre
https://m.media-amazon.com/images/I/51Ma6YF8IiL.jpg,526954,height,52.0 centimetre
https://m.media-amazon.com/images/I/61BR7tZV+lL.jpg,526954,height,255.0 millimetre
https://m.media-amazon.com/images/I/51RddaMgaeL.jpg,526954,height,70.0 millimetre
https://m.media-amazon.com/images/I/61315EZ5TQL.jpg,526954,height,56.7 inch
https://m.media-amazon.com/images/I/51+KrVns+CL.jpg,526954,height,46.0 centimetre
https://m.media-amazon.com/images/I/51RcMoPXmqL.jpg,526954,height,9.0 centimetre
https://m.media-amazon.com/images/I/41j9RoHzOnL.jpg,526954,height,18.0 centimetre
https://m.media-amazon.com/images/I/51IU8FTImaL.jpg,526954,height,40.0 millimetre
https://m.media-amazon.com/images/I/51rSBh-IeUL.jpg,526954,height,8.0 millimetre
https://m.media-amazon.com/images/I/61130u+uFYL.jpg,526954,height,80.0 millimetre
https://m.media-amazon.com/images/I/51ygsKxpzCL.jpg,526954,height,20.0 millimetre
https://m.media-amazon.com/images/I/610gAIyAHvL.jpg,526954,height,125.0 millimetre
https://m.media-amazon.com/images/I/615Z51M3MUL.jpg,526954,height,39.5 centimetre
https://m.media-amazon.com/images/I/61+atXpcBiL.jpg,526954,height,25.0 millimetre
https://m.media-amazon.com/images/I/61EH1m4hpeL.jpg,526954,height,0.79 inch
https://m.media-amazon.com/images/I/61Ei7tHO1SL.jpg,526954,height,32.0 millimetre
https://m.media-amazon.com/images/I/618yi6xtZlS.jpg,526954,height,17.2 centimetre
https://m.media-amazon.com/images/I/611JZkxTvBL.jpg,526954,height,15.0 centimetre
https://m.media-amazon.com/images/I/611-uqXQ+cL.jpg,526954,height,41.0 inch
https://m.media-amazon.com/images/I/415mDSqehpS.jpg,526954,height,26.0 millimetre
https://m.media-amazon.com/images/I/61CAUeeFUZL.jpg,526954,height,7.0 centimetre
https://m.media-amazon.com/images/I/51cIWB-tcXL.jpg,526954,height,42.0 inch
https://m.media-amazon.com/images/I/51BcfRLooIL.jpg,526954,height,80.0 millimetre
https://m.media-amazon.com/images/I/51g5YltwTiL.jpg,526954,height,4.0 centimetre
https://m.media-amazon.com/images/I/61ChBR21NzL.jpg,526954,height,392.0 millimetre
https://m.media-amazon.com/images/I/41kAemczN5L.jpg,526954,height,25.0 millimetre
https://m.media-amazon.com/images/I/51KZ4S1ruhL.jpg,526954,height,83.0 millimetre
https://m.media-amazon.com/images/I/51o6n6+f94L.jpg,526954,height,24.0 millimetre
https://m.media-amazon.com/images/I/51i4D2mhrUL.jpg,526954,height,36.0 inch
https://m.media-amazon.com/images/I/616zm6oZMOL.jpg,526954,height,83.0 millimetre
https://m.media-amazon.com/images/I/618lMhbUacL.jpg,526954,height,1000.0 millimetre
https://m.media-amazon.com/images/I/51j7aoPlGqL.jpg,526954,height,0.5 metre
https://m.media-amazon.com/images/I/616j3Al2iTL.jpg,526954,height,37.0 centimetre
https://m.media-amazon.com/images/I/51KXH8Zqx4L.jpg,526954,height,25.0 centimetre
https://m.media-amazon.com/images/I/617d2JTLXnL.jpg,526954,height,50.0 millimetre
https://m.media-amazon.com/images/I/41rwvkuxVbL.jpg,526954,height,180.0 millimetre
https://m.media-amazon.com/images/I/61BucEIIQ-L.jpg,526954,height,86.0 millimetre
https://m.media-amazon.com/images/I/618HWaIsTwL.jpg,526954,height,12.0 centimetre
https://m.media-amazon.com/images/I/51A91cetRhS.jpg,526954,height,360.0 millimetre
https://m.media-amazon.com/images/I/51Zu0EVXDFL.jpg,526954,height,24.0 millimetre
https://m.media-amazon.com/images/I/51rtTnoV20L.jpg,526954,height,392.0 millimetre
https://m.media-amazon.com/images/I/51YM15dDdWL.jpg,526954,height,13.44 inch
https://m.media-amazon.com/images/I/61F2iafVVOL.jpg,526954,height,30.0 millimetre
https://m.media-amazon.com/images/I/51-kre11a-L.jpg,526954,height,40.0 millimetre
https://m.media-amazon.com/images/I/611BPlO5DRL.jpg,526954,height,90.0 millimetre
https://m.media-amazon.com/images/I/41FRUJLOAVL.jpg,526954,height,25.0 millimetre
https://m.media-amazon.com/images/I/516xutsm1uS.jpg,526954,height,77.95 millimetre
