image_link,group_id,entity_name,entity_value
https://m.media-amazon.com/images/I/61GA1mhPppL.jpg,115666,width,48.5 inch
https://m.media-amazon.com/images/I/51rRY0veODL.jpg,115666,width,132.5 centimetre
https://m.media-amazon.com/images/I/51rRY0veODL.jpg,115666,height,35.0 inch
https://m.media-amazon.com/images/I/616uI1leEuL.jpg,115666,width,43.31 inch
https://m.media-amazon.com/images/I/51aS9uiVWcL.jpg,115666,width,60.0 centimetre
https://m.media-amazon.com/images/I/41LlASCukqL.jpg,115666,width,110.0 centimetre
https://m.media-amazon.com/images/I/51yUu1vRv3S.jpg,115666,width,66.0 inch
https://m.media-amazon.com/images/I/51pJCKI7r2L.jpg,115666,width,16.0 inch
https://m.media-amazon.com/images/I/61Bi61DHVJL.jpg,115666,width,36.0 inch
https://m.media-amazon.com/images/I/51JkU8Ji3CL.jpg,115666,width,110.0 centimetre
https://m.media-amazon.com/images/I/51JkU8Ji3CL.jpg,115666,height,55.0 centimetre
https://m.media-amazon.com/images/I/618syR3LgEL.jpg,115666,width,31.5 inch
https://m.media-amazon.com/images/I/61D65mPlVOL.jpg,115666,width,48.0 inch
https://m.media-amazon.com/images/I/41lV6bRI9OS.jpg,115666,width,120.0 centimetre
https://m.media-amazon.com/images/I/51xcnaudqsS.jpg,115666,width,150.0 centimetre
https://m.media-amazon.com/images/I/516gqIcjncL.jpg,115666,width,130.0 centimetre
https://m.media-amazon.com/images/I/51-HpwITwuL.jpg,115666,width,48.5 inch
https://m.media-amazon.com/images/I/519LU7adlAL.jpg,115666,width,54.0 centimetre
https://m.media-amazon.com/images/I/512qsU1j4TS.jpg,115666,width,80.0 centimetre
https://m.media-amazon.com/images/I/614CaXjV0FL.jpg,115666,width,47.2 inch
https://m.media-amazon.com/images/I/517VaLc+fsL.jpg,115666,width,48.0 inch
https://m.media-amazon.com/images/I/51Xu+KNQ7DL.jpg,115666,width,28.7 inch
https://m.media-amazon.com/images/I/51nSikfopXL.jpg,115666,width,40.0 inch
https://m.media-amazon.com/images/I/51nSikfopXL.jpg,115666,height,17.88 inch
https://m.media-amazon.com/images/I/51FuSfpHZVL.jpg,115666,width,150.0 centimetre
https://m.media-amazon.com/images/I/618UdD3IZyL.jpg,115666,width,23.6 inch
https://m.media-amazon.com/images/I/51iWD1lYZEL.jpg,115666,width,63.0 inch
https://m.media-amazon.com/images/I/51oV1PNfuiS.jpg,115666,width,120.0 centimetre
https://m.media-amazon.com/images/I/61AtbCO5z5S.jpg,115666,width,21.65 inch
https://m.media-amazon.com/images/I/510qFiZDIRS.jpg,115666,width,160.0 centimetre
https://m.media-amazon.com/images/I/41deEmJGhVL.jpg,115666,width,60.0 centimetre
https://m.media-amazon.com/images/I/617gcJLTEYL.jpg,115666,width,72.0 inch
https://m.media-amazon.com/images/I/41H8nquXIgL.jpg,115666,width,116.0 centimetre
https://m.media-amazon.com/images/I/51FScOtordL.jpg,115666,width,120.0 centimetre
https://m.media-amazon.com/images/I/51EkeFEwWHS.jpg,115666,width,119.0 centimetre
https://m.media-amazon.com/images/I/510RZWcha1L.jpg,115666,width,120.0 centimetre
https://m.media-amazon.com/images/I/51SlrlRnQmL.jpg,115666,width,117.0 centimetre
https://m.media-amazon.com/images/I/51SlrlRnQmL.jpg,115666,height,15.7 inch
https://m.media-amazon.com/images/I/514Oz3OSYaL.jpg,115666,width,30.0 inch
https://m.media-amazon.com/images/I/51u1ZfcII1L.jpg,115666,width,52.0 inch
https://m.media-amazon.com/images/I/51VRR53Wc6L.jpg,115666,width,43.5 inch
https://m.media-amazon.com/images/I/51d6t+bXq2L.jpg,115666,width,60.2 inch
https://m.media-amazon.com/images/I/51Nm6nC2QLL.jpg,115666,width,50.5 inch
https://m.media-amazon.com/images/I/51Zg334EaSL.jpg,115666,width,100.0 centimetre
https://m.media-amazon.com/images/I/51eG8RcWT-L.jpg,115666,width,120.0 centimetre
https://m.media-amazon.com/images/I/513ncb31HCL.jpg,115666,width,47.2 inch
https://m.media-amazon.com/images/I/61+pMy8FelL.jpg,115666,width,100.0 centimetre
https://m.media-amazon.com/images/I/51lAAO6IcUL.jpg,115666,width,48.5 inch
https://m.media-amazon.com/images/I/51PJZLtKlQL.jpg,115666,width,20.5 inch
https://m.media-amazon.com/images/I/51M0JEsYGVL.jpg,115666,width,46.0 inch
https://m.media-amazon.com/images/I/618dMRBk35L.jpg,115666,width,48.0 inch
https://m.media-amazon.com/images/I/618dMRBk35L.jpg,115666,height,18.0 inch
https://m.media-amazon.com/images/I/51tlTQg1RqS.jpg,115666,width,119.0 centimetre
https://m.media-amazon.com/images/I/51tlTQg1RqS.jpg,115666,height,32.7 inch
https://m.media-amazon.com/images/I/612oYLqd1HL.jpg,115666,width,70.0 centimetre
https://m.media-amazon.com/images/I/612oYLqd1HL.jpg,115666,height,45.0 centimetre
https://m.media-amazon.com/images/I/61ATUCGozQS.jpg,115666,width,35.4 inch
https://m.media-amazon.com/images/I/61ATUCGozQS.jpg,115666,height,17.7 inch
https://m.media-amazon.com/images/I/41ftbNN3YaL.jpg,115666,width,50.0 inch
https://m.media-amazon.com/images/I/51lgHlS-MPL.jpg,115666,width,120.0 centimetre
https://m.media-amazon.com/images/I/61-aF24WDfL.jpg,115666,width,45.0 inch
https://m.media-amazon.com/images/I/41gFniOaPzS.jpg,115666,width,105.0 centimetre
https://m.media-amazon.com/images/I/519H4WE6MLL.jpg,115666,width,52.4 inch
https://m.media-amazon.com/images/I/51uAiDF4jEL.jpg,115666,width,59.0 inch
https://m.media-amazon.com/images/I/6140P9dl+VL.jpg,115666,width,32.7 inch
https://m.media-amazon.com/images/I/6140P9dl+VL.jpg,115666,height,16.5 inch
https://m.media-amazon.com/images/I/511Mh7chHzL.jpg,115666,width,106.7 centimetre
https://m.media-amazon.com/images/I/51ewdb8X3rL.jpg,115666,width,60.0 centimetre
https://m.media-amazon.com/images/I/51BjebZmZLL.jpg,115666,width,219.0 centimetre
https://m.media-amazon.com/images/I/51wWq-YSfpL.jpg,115666,width,38.0 centimetre
https://m.media-amazon.com/images/I/51IlWrwJDSS.jpg,115666,width,48.0 inch
https://m.media-amazon.com/images/I/61+rvyGjFbL.jpg,115666,width,48.0 inch
https://m.media-amazon.com/images/I/51azr7b3FqL.jpg,115666,width,31.5 inch
https://m.media-amazon.com/images/I/61-jVsUXxqL.jpg,115666,width,120.0 centimetre
https://m.media-amazon.com/images/I/51xJru58sYL.jpg,115666,width,145.5 centimetre
https://m.media-amazon.com/images/I/51B25-OvUyL.jpg,115666,width,63.0 inch
https://m.media-amazon.com/images/I/51O1d1eDP8L.jpg,115666,width,69.3 inch
https://m.media-amazon.com/images/I/51E+uSp-MqL.jpg,115666,width,53.0 inch
https://m.media-amazon.com/images/I/41o5sGMwJEL.jpg,115666,width,84.0 centimetre
https://m.media-amazon.com/images/I/4197HZwiXmL.jpg,115666,width,39.3 inch
https://m.media-amazon.com/images/I/61ClpHSXCeL.jpg,115666,width,37.4 inch
https://m.media-amazon.com/images/I/51WF4QQ1gHL.jpg,115666,width,100.0 centimetre
https://m.media-amazon.com/images/I/618Q0hQ2qeL.jpg,115666,width,42.0 centimetre
https://m.media-amazon.com/images/I/41etLX1yYgL.jpg,115666,width,1120.0 millimetre
https://m.media-amazon.com/images/I/41etLX1yYgL.jpg,115666,height,18.0 inch
https://m.media-amazon.com/images/I/51jBtqL++0L.jpg,115666,width,80.0 centimetre
https://m.media-amazon.com/images/I/612WL0zs7lL.jpg,115666,width,40.0 inch
https://m.media-amazon.com/images/I/51YntKx6QAL.jpg,115666,width,80.0 centimetre
https://m.media-amazon.com/images/I/413WVzBnX1L.jpg,115666,width,110.0 centimetre
https://m.media-amazon.com/images/I/41UFF+ZfyeL.jpg,115666,width,51.25 inch
https://m.media-amazon.com/images/I/51S+z+sDd5L.jpg,115666,width,44.0 inch
https://m.media-amazon.com/images/I/61FB05meaJL.jpg,115666,width,70.0 centimetre
https://m.media-amazon.com/images/I/41+v-AbTGIS.jpg,115666,width,105.0 centimetre
https://m.media-amazon.com/images/I/51XQaUtqiBL.jpg,115666,width,120.0 centimetre
https://m.media-amazon.com/images/I/51lZvx3gKBL.jpg,115666,width,59.0 inch
https://m.media-amazon.com/images/I/51lZvx3gKBL.jpg,115666,height,18.1 inch
https://m.media-amazon.com/images/I/615Pi3LFICL.jpg,115666,width,48.5 inch
https://m.media-amazon.com/images/I/61Fp9Qq5prL.jpg,115666,width,39.4 inch
https://m.media-amazon.com/images/I/51CTjwqXn9S.jpg,115666,width,114.5 centimetre
https://m.media-amazon.com/images/I/41ukgeZ6irL.jpg,115666,width,31.5 inch
https://m.media-amazon.com/images/I/51Z3rkrkyeL.jpg,115666,width,23.6 inch
https://m.media-amazon.com/images/I/615Q9EovteL.jpg,115666,width,119.0 centimetre
https://m.media-amazon.com/images/I/619bPIvDzXL.jpg,115666,width,60.0 inch
https://m.media-amazon.com/images/I/51JSX+vQ2BL.jpg,115666,width,40.0 inch
https://m.media-amazon.com/images/I/51rLo84EfhL.jpg,115666,width,180.0 centimetre
https://m.media-amazon.com/images/I/51dGRpgfryL.jpg,115666,width,60.0 centimetre
https://m.media-amazon.com/images/I/51tI-LekUsL.jpg,115666,width,36.0 inch
https://m.media-amazon.com/images/I/61DBYmrXzeL.jpg,115666,width,60.0 inch
https://m.media-amazon.com/images/I/615bbJoEuyL.jpg,115666,width,138.0 centimetre
https://m.media-amazon.com/images/I/51uo0fmbp1L.jpg,115666,width,133.0 centimetre
https://m.media-amazon.com/images/I/615ObpvhKyL.jpg,115666,width,48.0 inch
https://m.media-amazon.com/images/I/51Ljq6tBZNS.jpg,115666,width,63.0 inch
https://m.media-amazon.com/images/I/61B92oWuTUL.jpg,115666,width,120.0 centimetre
https://m.media-amazon.com/images/I/51d+8xMgggL.jpg,115666,width,145.0 centimetre
https://m.media-amazon.com/images/I/51QG5StoVsL.jpg,115666,width,47.0 inch
https://m.media-amazon.com/images/I/618pJ7OeoPL.jpg,115666,width,177.0 centimetre
https://m.media-amazon.com/images/I/31ufwsYEDuL.jpg,115666,width,110.0 centimetre
https://m.media-amazon.com/images/I/513H8uhhUuS.jpg,115666,width,120.0 centimetre
https://m.media-amazon.com/images/I/61CvSwCnH6L.jpg,115666,width,57.0 inch
https://m.media-amazon.com/images/I/61140QWOEiL.jpg,115666,width,29.88 inch
https://m.media-amazon.com/images/I/41e8svR+ynL.jpg,115666,width,47.24 inch
https://m.media-amazon.com/images/I/51shOgITHzL.jpg,115666,width,40.0 inch
https://m.media-amazon.com/images/I/51FDJGfsh-L.jpg,115666,width,47.2 inch
https://m.media-amazon.com/images/I/61BKotZKbbL.jpg,115666,width,33.0 inch
https://m.media-amazon.com/images/I/51ywGuJlBqL.jpg,115666,width,50.0 inch
https://m.media-amazon.com/images/I/41yH1EMYweL.jpg,115666,width,114.0 centimetre
https://m.media-amazon.com/images/I/6197rv1Z5GS.jpg,115666,width,32.8 inch
https://m.media-amazon.com/images/I/51aN2CtjwDL.jpg,115666,width,53.0 inch
https://m.media-amazon.com/images/I/51UeAacJeBL.jpg,115666,width,32.0 inch
https://m.media-amazon.com/images/I/616phuCPbzL.jpg,115666,width,40.6 inch
https://m.media-amazon.com/images/I/6138rk0VWCS.jpg,115666,width,45.0 inch
https://m.media-amazon.com/images/I/51OY+iUlR7L.jpg,115666,width,110.0 centimetre
https://m.media-amazon.com/images/I/51itQcMlDtL.jpg,115666,width,110.0 centimetre
https://m.media-amazon.com/images/I/51wgzAfv+ML.jpg,115666,width,145.0 centimetre
https://m.media-amazon.com/images/I/51wgzAfv+ML.jpg,115666,height,80.0 centimetre
https://m.media-amazon.com/images/I/61+cvgmqdfL.jpg,115666,width,125.0 centimetre
https://m.media-amazon.com/images/I/51QV2bR2FnL.jpg,115666,width,47.0 inch
https://m.media-amazon.com/images/I/51zjCyISdjL.jpg,115666,height,40.0 centimetre
https://m.media-amazon.com/images/I/51z7J9GDcIS.jpg,115666,height,33.1 inch
https://m.media-amazon.com/images/I/618SOt9qc1L.jpg,115666,height,18.0 inch
https://m.media-amazon.com/images/I/51usVvsVjvL.jpg,115666,height,24.0 inch
https://m.media-amazon.com/images/I/619p9QK02eL.jpg,115666,height,16.5 inch
https://m.media-amazon.com/images/I/51B8-V4-P9L.jpg,115666,height,46.5 centimetre
https://m.media-amazon.com/images/I/6168xi8Mi9L.jpg,115666,height,55.0 centimetre
https://m.media-amazon.com/images/I/5140K5coenL.jpg,115666,height,18.0 inch
https://m.media-amazon.com/images/I/51SqwN0r1iL.jpg,115666,height,16.0 inch
https://m.media-amazon.com/images/I/41VKDO9kcBL.jpg,115666,height,16.1 inch
https://m.media-amazon.com/images/I/616xDae2u6L.jpg,115666,height,23.0 inch
https://m.media-amazon.com/images/I/611sTc9iUWS.jpg,115666,height,42.0 centimetre
https://m.media-amazon.com/images/I/61F+EXQBNyL.jpg,115666,height,53.0 centimetre
https://m.media-amazon.com/images/I/51f7-OzedmL.jpg,115666,height,37.0 centimetre
https://m.media-amazon.com/images/I/51IrRGMkFpL.jpg,115666,height,43.0 centimetre
https://m.media-amazon.com/images/I/5123ShDASmL.jpg,115666,height,19.0 inch
https://m.media-amazon.com/images/I/610OLy2mdoL.jpg,115666,height,27.34 inch
https://m.media-amazon.com/images/I/51mfUg2jfxS.jpg,115666,height,50.0 centimetre
https://m.media-amazon.com/images/I/611HqEvNkiL.jpg,115666,height,450.0 millimetre
https://m.media-amazon.com/images/I/614sezx3X2L.jpg,115666,height,18.0 inch
https://m.media-amazon.com/images/I/51TQfDTM6RL.jpg,115666,height,34.7 inch
https://m.media-amazon.com/images/I/51G+OZSmTBS.jpg,115666,height,17.7 inch
https://m.media-amazon.com/images/I/61AmHO3LuwL.jpg,115666,height,33.1 inch
https://m.media-amazon.com/images/I/41Bi9Vo1YVL.jpg,115666,height,45.0 centimetre
https://m.media-amazon.com/images/I/51ErkqukhWS.jpg,115666,height,30.3 inch
https://m.media-amazon.com/images/I/51wVkFbPCxL.jpg,115666,height,19.3 inch
https://m.media-amazon.com/images/I/51vOHL74vKL.jpg,115666,height,83.0 centimetre
https://m.media-amazon.com/images/I/51w9ZgODGbL.jpg,115666,height,38.75 inch
https://m.media-amazon.com/images/I/51wOXLShFTL.jpg,115666,height,17.25 inch
https://m.media-amazon.com/images/I/61EzKX6beIL.jpg,115666,height,55.0 centimetre
https://m.media-amazon.com/images/I/5149ifYhDwL.jpg,115666,height,24.0 inch
https://m.media-amazon.com/images/I/51JxoMqKTvL.jpg,115666,height,45.0 centimetre
https://m.media-amazon.com/images/I/51EILYyPTrL.jpg,115666,height,17.3 inch
https://m.media-amazon.com/images/I/61ET4ueyu2L.jpg,115666,height,16.54 inch
https://m.media-amazon.com/images/I/410s+xwKj0L.jpg,115666,height,18.1 inch
https://m.media-amazon.com/images/I/61B8Tn9piUL.jpg,115666,height,74.0 centimetre
https://m.media-amazon.com/images/I/518purHwE5L.jpg,115666,height,38.0 centimetre
https://m.media-amazon.com/images/I/51AFD3PwcwL.jpg,115666,height,80.0 centimetre
https://m.media-amazon.com/images/I/51RaNcY01RL.jpg,115666,height,18.9 inch
https://m.media-amazon.com/images/I/61DUswBkX9L.jpg,115666,height,17.32 inch
https://m.media-amazon.com/images/I/51V+bv8YLLL.jpg,115666,height,16.5 inch
https://m.media-amazon.com/images/I/517qcfddQcL.jpg,115666,height,19.0 inch
https://m.media-amazon.com/images/I/618Z-DKniCL.jpg,115666,height,18.5 inch
https://m.media-amazon.com/images/I/51Jycju4ygL.jpg,115666,height,15.7 inch
https://m.media-amazon.com/images/I/617-48ERBGL.jpg,115666,height,18.3 inch
https://m.media-amazon.com/images/I/61A6V0u579L.jpg,115666,height,32.0 inch
https://m.media-amazon.com/images/I/51sOdGiQQfL.jpg,115666,height,17.32 inch
https://m.media-amazon.com/images/I/516RPC57GLL.jpg,115666,height,14.96 inch
https://m.media-amazon.com/images/I/51YLpmmqbQS.jpg,115666,height,19.6 inch
https://m.media-amazon.com/images/I/51OXazMbdbL.jpg,115666,height,18.9 inch
https://m.media-amazon.com/images/I/5154ebjbEDL.jpg,115666,height,45.0 centimetre
https://m.media-amazon.com/images/I/31TzTQiUT9L.jpg,115666,height,16.5 inch
https://m.media-amazon.com/images/I/41WkUtVvksL.jpg,115666,height,16.0 inch
https://m.media-amazon.com/images/I/51eDb7rG6jL.jpg,115666,height,60.0 centimetre
https://m.media-amazon.com/images/I/51DP9RtPFFL.jpg,115666,height,67.0 inch
https://m.media-amazon.com/images/I/519oNcu-OEL.jpg,115666,height,13.8 inch
https://m.media-amazon.com/images/I/51qz37OPSjL.jpg,115666,height,15.5 inch
https://m.media-amazon.com/images/I/61DEn0FgLoL.jpg,115666,height,42.0 inch
https://m.media-amazon.com/images/I/51xMbQkbakL.jpg,115666,height,17.5 inch
https://m.media-amazon.com/images/I/511bq5Vf2pL.jpg,115666,height,18.5 inch
https://m.media-amazon.com/images/I/51HwTGLYp2L.jpg,115666,height,20.5 inch
https://m.media-amazon.com/images/I/51wJtHpsjxL.jpg,115666,height,32.5 inch
https://m.media-amazon.com/images/I/51Qa1L4YIsL.jpg,115666,height,18.0 inch
https://m.media-amazon.com/images/I/51naJhWX4oL.jpg,115666,height,22.5 inch
https://m.media-amazon.com/images/I/51Ae7OrTenL.jpg,115666,height,21.0 inch
https://m.media-amazon.com/images/I/41vhdjmjdCL.jpg,115666,height,45.0 centimetre
https://m.media-amazon.com/images/I/414CsV8Sw+L.jpg,115666,height,43.0 centimetre
https://m.media-amazon.com/images/I/51xh-vmXc9L.jpg,115666,height,35.4 inch
https://m.media-amazon.com/images/I/51uKwfZJPxS.jpg,115666,height,84.0 centimetre
https://m.media-amazon.com/images/I/51X+db4TnvL.jpg,115666,height,64.57 inch
https://m.media-amazon.com/images/I/51oCLBvxswL.jpg,115666,height,50.0 centimetre
https://m.media-amazon.com/images/I/61+GXQQai+L.jpg,115666,height,18.0 inch
https://m.media-amazon.com/images/I/5140J75fVkL.jpg,115666,height,20.0 inch
https://m.media-amazon.com/images/I/614mHKe8EkL.jpg,115666,height,90.0 centimetre
https://m.media-amazon.com/images/I/51TCpo2G4CL.jpg,115666,height,45.0 centimetre
https://m.media-amazon.com/images/I/51k6TLB8t0L.jpg,115666,height,17.5 inch
https://m.media-amazon.com/images/I/5169Eli9SjL.jpg,115666,height,45.0 centimetre
https://m.media-amazon.com/images/I/41s7SaTTB3L.jpg,115666,height,13.8 inch
https://m.media-amazon.com/images/I/41QuDCBsAQL.jpg,115666,height,19.0 inch
https://m.media-amazon.com/images/I/618LONIdijS.jpg,115666,height,18.25 inch
https://m.media-amazon.com/images/I/51i1hm1C7RL.jpg,115666,height,20.0 inch
https://m.media-amazon.com/images/I/613x+WW-MXL.jpg,115666,height,18.9 inch
https://m.media-amazon.com/images/I/615g75wUHwL.jpg,115666,height,18.0 inch
https://m.media-amazon.com/images/I/51SjXhteXRL.jpg,115666,height,18.0 inch
https://m.media-amazon.com/images/I/61-ygLoYyEL.jpg,115666,height,42.0 inch
https://m.media-amazon.com/images/I/61+hRsj-4dS.jpg,115666,height,16.54 inch
https://m.media-amazon.com/images/I/51fHlTpAQhL.jpg,115666,height,24.8 inch
https://m.media-amazon.com/images/I/61DVRFzJWDL.jpg,115666,height,18.5 inch
https://m.media-amazon.com/images/I/518aN+iR1nL.jpg,115666,height,19.0 inch
https://m.media-amazon.com/images/I/41MOJDuK1PL.jpg,115666,height,4.0 centimetre
https://m.media-amazon.com/images/I/51EEvcHZ6+L.jpg,115666,height,32.3 inch
https://m.media-amazon.com/images/I/615mbq0igIL.jpg,115666,height,17.5 inch
https://m.media-amazon.com/images/I/51idJbyTegL.jpg,115666,height,78.0 centimetre
https://m.media-amazon.com/images/I/51uPfI-vB6L.jpg,115666,height,19.0 inch
https://m.media-amazon.com/images/I/51OT1G5zTKL.jpg,115666,height,5.0 inch
https://m.media-amazon.com/images/I/510fBAnFfRL.jpg,115666,height,34.3 inch
https://m.media-amazon.com/images/I/51YpieGn-eL.jpg,115666,height,55.0 centimetre
https://m.media-amazon.com/images/I/51qMEL1F1US.jpg,115666,height,27.2 inch
https://m.media-amazon.com/images/I/51bLEI8gtuL.jpg,115666,height,17.5 inch
https://m.media-amazon.com/images/I/51OQnNL2bcS.jpg,115666,height,26.25 inch
https://m.media-amazon.com/images/I/519DLbtSaTL.jpg,115666,height,14.96 inch
https://m.media-amazon.com/images/I/513HXNG6o3L.jpg,115666,height,19.0 inch
https://m.media-amazon.com/images/I/31VVzEP5YiL.jpg,115666,height,38.0 centimetre
https://m.media-amazon.com/images/I/614eYrqPngL.jpg,115666,height,76.0 centimetre
https://m.media-amazon.com/images/I/51s6jCMAzQL.jpg,115666,height,24.8 inch
https://m.media-amazon.com/images/I/41szM6oCwiL.jpg,115666,height,51.0 centimetre
https://m.media-amazon.com/images/I/415FUpVqYIL.jpg,115666,height,45.0 centimetre
https://m.media-amazon.com/images/I/617AWC-MTRL.jpg,115666,height,18.0 inch
https://m.media-amazon.com/images/I/610NKDKVDJL.jpg,115666,height,30.0 centimetre
https://m.media-amazon.com/images/I/51KLB-wH1eL.jpg,115666,height,35.4 inch
https://m.media-amazon.com/images/I/51oFegb4ruL.jpg,115666,height,16.5 inch
https://m.media-amazon.com/images/I/61DtRS6phSS.jpg,115666,height,50.0 centimetre
https://m.media-amazon.com/images/I/41ua9crfGsL.jpg,115666,height,45.0 centimetre
https://m.media-amazon.com/images/I/612m5BA8tAL.jpg,115666,height,17.7 inch
https://m.media-amazon.com/images/I/412uEIuZUqL.jpg,115666,height,15.7 inch
https://m.media-amazon.com/images/I/611XjE3TZNL.jpg,115666,height,85.0 centimetre
https://m.media-amazon.com/images/I/41DsCEORCPS.jpg,115666,height,74.5 centimetre
https://m.media-amazon.com/images/I/511RSL+hriL.jpg,115666,height,24.0 inch
https://m.media-amazon.com/images/I/51xNXFlAAIL.jpg,115666,height,15.7 inch
https://m.media-amazon.com/images/I/412OxlJmivL.jpg,115666,height,45.0 centimetre
https://m.media-amazon.com/images/I/61DRzICkHyL.jpg,115666,height,15.0 inch
https://m.media-amazon.com/images/I/61DLJiNdPML.jpg,115666,height,25.25 inch
https://m.media-amazon.com/images/I/51ZhjQU-MlL.jpg,115666,height,30.3 inch
https://m.media-amazon.com/images/I/51f76XqztFL.jpg,115666,height,46.0 centimetre
https://m.media-amazon.com/images/I/51JG2g7ExdS.jpg,115666,height,29.0 inch
https://m.media-amazon.com/images/I/51S1Xw6eMoL.jpg,115666,height,38.0 centimetre
https://m.media-amazon.com/images/I/51+cZ3S47wL.jpg,115666,height,31.5 inch
https://m.media-amazon.com/images/I/41y89flVxhL.jpg,115666,height,13.8 inch
https://m.media-amazon.com/images/I/61CjGP6Q3aL.jpg,115666,height,19.0 inch
https://m.media-amazon.com/images/I/517RfjZZFyL.jpg,115666,height,44.0 centimetre
https://m.media-amazon.com/images/I/51UdOB9SKpL.jpg,115666,height,89.0 centimetre
https://m.media-amazon.com/images/I/61FXGiGR+rL.jpg,115666,height,25.0 inch
https://m.media-amazon.com/images/I/41BVA8Jcv4L.jpg,115666,height,32.3 inch
https://m.media-amazon.com/images/I/51Z8FnGy02L.jpg,115666,height,19.92 inch
https://m.media-amazon.com/images/I/411T10vT9iL.jpg,115666,height,19.68 inch
https://m.media-amazon.com/images/I/41wszfwoJML.jpg,115666,height,19.7 inch
https://m.media-amazon.com/images/I/51hxb3+ZCsL.jpg,115666,height,21.0 inch
https://m.media-amazon.com/images/I/31QezwEyT9L.jpg,115666,height,18.0 inch
https://m.media-amazon.com/images/I/61-NLC6xf-L.jpg,115666,height,40.0 centimetre
https://m.media-amazon.com/images/I/61CDQir+qbS.jpg,115666,height,82.0 centimetre
https://m.media-amazon.com/images/I/51s5aYPB2xL.jpg,115666,height,17.0 inch
https://m.media-amazon.com/images/I/51w2HPY4wkS.jpg,115666,height,82.5 centimetre
https://m.media-amazon.com/images/I/41B+A9LWj8S.jpg,115666,height,82.0 centimetre
https://m.media-amazon.com/images/I/51yLL0dk-bL.jpg,115666,height,46.5 centimetre
https://m.media-amazon.com/images/I/51WB+s2qJcL.jpg,115666,height,15.7 inch
https://m.media-amazon.com/images/I/51Wr7uOmR-L.jpg,115666,height,13.38 inch
https://m.media-amazon.com/images/I/31fccprHhKL.jpg,115666,height,13.8 inch
https://m.media-amazon.com/images/I/51Kfd2-KHAL.jpg,115666,height,20.08 inch
https://m.media-amazon.com/images/I/51E+RjUvFgL.jpg,115666,height,34.0 inch
https://m.media-amazon.com/images/I/613AEkDvWAS.jpg,115666,height,16.5 inch
https://m.media-amazon.com/images/I/51Lv0VE8IjS.jpg,115666,height,31.9 inch
https://m.media-amazon.com/images/I/51lX24lvdeL.jpg,115666,height,18.5 inch
https://m.media-amazon.com/images/I/61CH8bWvZ-L.jpg,115666,height,79.0 centimetre
https://m.media-amazon.com/images/I/51KSj90wq7S.jpg,115666,height,18.1 inch
https://m.media-amazon.com/images/I/51LLj73t+WL.jpg,115666,height,66.9 inch
https://m.media-amazon.com/images/I/51YDqX+w50L.jpg,115666,height,82.5 centimetre
https://m.media-amazon.com/images/I/6192eeq-DpS.jpg,115666,height,40.0 centimetre
https://m.media-amazon.com/images/I/51Y7gc5iiAL.jpg,115666,height,16.5 centimetre
https://m.media-amazon.com/images/I/51KNA6uQRdL.jpg,115666,height,17.9 inch
https://m.media-amazon.com/images/I/51-tbcJ4qbL.jpg,115666,height,38.0 inch
