image_link,group_id,entity_name,entity_value
https://m.media-amazon.com/images/I/51QGKbEW79L.jpg,205842,width,12.3 centimetre
https://m.media-amazon.com/images/I/617V9q1sFQL.jpg,205842,width,2.0 inch
https://m.media-amazon.com/images/I/610OGf5bT-L.jpg,205842,width,27.0 centimetre
https://m.media-amazon.com/images/I/51Eaold19vL.jpg,205842,width,3.0 centimetre
https://m.media-amazon.com/images/I/51pL-wWC2GL.jpg,205842,width,27.5 centimetre
https://m.media-amazon.com/images/I/51pL-wWC2GL.jpg,205842,depth,198.0 centimetre
https://m.media-amazon.com/images/I/614yUXjWSJL.jpg,205842,width,9.0 inch
https://m.media-amazon.com/images/I/616IUQay-jL.jpg,205842,width,1.3 inch
https://m.media-amazon.com/images/I/41VtzapPdzL.jpg,205842,width,28.0 centimetre
https://m.media-amazon.com/images/I/51m4GXqCKqL.jpg,205842,width,255.0 millimetre
https://m.media-amazon.com/images/I/51m4GXqCKqL.jpg,205842,depth,255.0 millimetre
https://m.media-amazon.com/images/I/51sXYU8wlLL.jpg,205842,width,28.0 centimetre
https://m.media-amazon.com/images/I/6164ZIwQtXL.jpg,205842,width,21.0 centimetre
https://m.media-amazon.com/images/I/51TesbLalNL.jpg,205842,width,19.0 centimetre
https://m.media-amazon.com/images/I/51TesbLalNL.jpg,205842,depth,76.0 centimetre
https://m.media-amazon.com/images/I/51lg+wQl7UL.jpg,205842,width,16.0 centimetre
https://m.media-amazon.com/images/I/51G57tKubPL.jpg,205842,width,5.0 inch
https://m.media-amazon.com/images/I/61CHoB71FsL.jpg,205842,width,1.18 inch
https://m.media-amazon.com/images/I/41uhF6oal4L.jpg,205842,width,27.0 centimetre
https://m.media-amazon.com/images/I/61+ziZtC0IL.jpg,205842,width,5.5 inch
https://m.media-amazon.com/images/I/51vB7RT32uL.jpg,205842,width,3.0 centimetre
https://m.media-amazon.com/images/I/31D5a1eTAQL.jpg,205842,width,2.7 inch
https://m.media-amazon.com/images/I/51RAZLOMQXL.jpg,205842,width,255.0 millimetre
https://m.media-amazon.com/images/I/61BG5RwuRrL.jpg,205842,width,10.0 inch
https://m.media-amazon.com/images/I/51ir0LfYlFL.jpg,205842,width,20.0 centimetre
https://m.media-amazon.com/images/I/51oSyjySz3L.jpg,205842,width,255.0 millimetre
https://m.media-amazon.com/images/I/51sMsU+HS4L.jpg,205842,width,21.0 centimetre
https://m.media-amazon.com/images/I/41cSbo4o7oL.jpg,205842,width,6.1 centimetre
https://m.media-amazon.com/images/I/51OICDauUdL.jpg,205842,width,11.0 centimetre
https://m.media-amazon.com/images/I/41W1KN2PjAL.jpg,205842,width,3.8 inch
https://m.media-amazon.com/images/I/51HKXFMgIxL.jpg,205842,width,150.0 millimetre
https://m.media-amazon.com/images/I/617TCDchWWL.jpg,205842,depth,103.0 centimetre
https://m.media-amazon.com/images/I/5173N3poEXS.jpg,205842,depth,47.8 inch
https://m.media-amazon.com/images/I/41JvNzuY8NL.jpg,205842,depth,73.0 centimetre
https://m.media-amazon.com/images/I/611c9QWk0qL.jpg,205842,depth,16.0 centimetre
https://m.media-amazon.com/images/I/61FEXg2GqrL.jpg,205842,depth,104.0 centimetre
https://m.media-amazon.com/images/I/51G0+PA4HML.jpg,205842,depth,69.0 centimetre
https://m.media-amazon.com/images/I/510WPubSEGL.jpg,205842,depth,124.5 centimetre
https://m.media-amazon.com/images/I/51tqnTTJRPL.jpg,205842,depth,118.0 centimetre
https://m.media-amazon.com/images/I/612xhgI6EYL.jpg,205842,depth,26.77 inch
https://m.media-amazon.com/images/I/51EBx3vnFRL.jpg,205842,depth,31.5 inch
https://m.media-amazon.com/images/I/51GGxmjpgOL.jpg,205842,depth,75.0 centimetre
https://m.media-amazon.com/images/I/618ltBe2QNL.jpg,205842,depth,124.0 centimetre
https://m.media-amazon.com/images/I/51wac-c59+L.jpg,205842,depth,40.0 inch
https://m.media-amazon.com/images/I/516o3i2QBOL.jpg,205842,depth,42.0 inch
https://m.media-amazon.com/images/I/41ZmCnvHLvL.jpg,205842,depth,104.0 centimetre
https://m.media-amazon.com/images/I/61FBepxFzcL.jpg,205842,depth,40.75 inch
https://m.media-amazon.com/images/I/51YIujXhTpL.jpg,205842,depth,95.0 centimetre
https://m.media-amazon.com/images/I/61+9srJYwpL.jpg,205842,depth,68.0 centimetre
https://m.media-amazon.com/images/I/51u3ZIdaoYL.jpg,205842,depth,121.0 centimetre
https://m.media-amazon.com/images/I/61-Br7PDc7L.jpg,205842,depth,104.0 centimetre
https://m.media-amazon.com/images/I/510Ua1+tSwL.jpg,205842,depth,39.0 inch
https://m.media-amazon.com/images/I/6158asvW7IL.jpg,205842,depth,31.5 inch
https://m.media-amazon.com/images/I/616g6E455NL.jpg,205842,depth,260.0 millimetre
https://m.media-amazon.com/images/I/51wP8ZBOv3L.jpg,205842,depth,99.0 centimetre
https://m.media-amazon.com/images/I/614wqNmncyL.jpg,205842,depth,104.0 centimetre
https://m.media-amazon.com/images/I/61+rjRyRnuL.jpg,205842,depth,103.0 centimetre
https://m.media-amazon.com/images/I/41kM38ji7OL.jpg,205842,depth,38.3 centimetre
https://m.media-amazon.com/images/I/51vZ17dsqlL.jpg,205842,depth,34.5 centimetre
https://m.media-amazon.com/images/I/514V0qnffhL.jpg,205842,depth,40.75 inch
https://m.media-amazon.com/images/I/51HEOODrfXL.jpg,205842,depth,19.5 inch
https://m.media-amazon.com/images/I/51L5oxVYYsL.jpg,205842,depth,104.0 centimetre
https://m.media-amazon.com/images/I/6135-3Jiy0L.jpg,205842,depth,180.0 centimetre
https://m.media-amazon.com/images/I/516jCWRQ+PL.jpg,205842,depth,99.0 centimetre
https://m.media-amazon.com/images/I/610+LkjRppL.jpg,205842,depth,9.0 inch
https://m.media-amazon.com/images/I/41qBoZINUpL.jpg,205842,depth,35.4 inch
https://m.media-amazon.com/images/I/51LYeF7Qq1L.jpg,205842,depth,26.37 inch
https://m.media-amazon.com/images/I/51m3+T1cCRL.jpg,205842,depth,69.0 centimetre
https://m.media-amazon.com/images/I/51VvEdMXYIL.jpg,205842,depth,104.0 centimetre
https://m.media-amazon.com/images/I/514AtIaR23L.jpg,205842,depth,128.0 centimetre
https://m.media-amazon.com/images/I/51EedBE6nWL.jpg,205842,depth,19.5 inch
https://m.media-amazon.com/images/I/51rX5I+HR+L.jpg,205842,depth,101.0 centimetre
https://m.media-amazon.com/images/I/51Kx-zpHVKL.jpg,205842,depth,260.0 millimetre
https://m.media-amazon.com/images/I/51A9Ku+YykL.jpg,205842,depth,102.0 centimetre
https://m.media-amazon.com/images/I/515rzQYdfJL.jpg,205842,depth,99.0 centimetre
https://m.media-amazon.com/images/I/51P0krzVr9L.jpg,205842,depth,5.0 foot
https://m.media-amazon.com/images/I/51Dx4L-L1IL.jpg,205842,depth,75.5 centimetre
https://m.media-amazon.com/images/I/51PXiMt6iUL.jpg,205842,depth,104.0 centimetre
https://m.media-amazon.com/images/I/51cNxmtpADS.jpg,205842,depth,73.0 centimetre
https://m.media-amazon.com/images/I/51MUg4pEdnL.jpg,205842,depth,17.5 inch
https://m.media-amazon.com/images/I/61BAzGbpHcS.jpg,205842,depth,103.0 centimetre
https://m.media-amazon.com/images/I/51D+QJuISWL.jpg,205842,depth,105.0 centimetre
https://m.media-amazon.com/images/I/51juHh-yoTS.jpg,205842,depth,29.0 inch
https://m.media-amazon.com/images/I/41Spp5ol1dL.jpg,205842,depth,76.0 centimetre
https://m.media-amazon.com/images/I/51j0UEnX8eL.jpg,205842,depth,11.5 inch
https://m.media-amazon.com/images/I/51MY6u1t8kL.jpg,205842,depth,102.0 centimetre
https://m.media-amazon.com/images/I/613lr3vpZQL.jpg,205842,depth,76.0 centimetre
https://m.media-amazon.com/images/I/51T+7ZAyH8L.jpg,205842,depth,99.0 centimetre
https://m.media-amazon.com/images/I/615LLEXAkKL.jpg,205842,depth,97.0 centimetre
https://m.media-amazon.com/images/I/51Tu5cr1TUL.jpg,205842,depth,103.0 centimetre
https://m.media-amazon.com/images/I/51TXqnJho-L.jpg,205842,depth,104.0 centimetre
https://m.media-amazon.com/images/I/611lVn2VMEL.jpg,205842,depth,100.0 centimetre
https://m.media-amazon.com/images/I/41u78FidmWS.jpg,205842,depth,30.0 centimetre
https://m.media-amazon.com/images/I/612pELEaZqL.jpg,205842,depth,75.0 centimetre
https://m.media-amazon.com/images/I/51afBkhqfCL.jpg,205842,depth,45.0 inch
https://m.media-amazon.com/images/I/51n1It4r77L.jpg,205842,depth,80.0 centimetre
https://m.media-amazon.com/images/I/51iNXHxDehL.jpg,205842,depth,99.0 centimetre
https://m.media-amazon.com/images/I/41OljEAmOuL.jpg,205842,depth,110.0 centimetre
https://m.media-amazon.com/images/I/51fDDmZX0pL.jpg,205842,depth,48.0 centimetre
https://m.media-amazon.com/images/I/51Tr9C-+90L.jpg,205842,depth,41.0 centimetre
https://m.media-amazon.com/images/I/614-i0raltL.jpg,205842,depth,41.0 inch
https://m.media-amazon.com/images/I/512JQ7njsdL.jpg,205842,depth,35.5 inch
https://m.media-amazon.com/images/I/51bhhPfBA1L.jpg,205842,depth,104.0 centimetre
https://m.media-amazon.com/images/I/51jmsbN8gsL.jpg,205842,depth,270.0 millimetre
https://m.media-amazon.com/images/I/61CM4XxBW9L.jpg,205842,depth,19.0 inch
