image_link,group_id,entity_name,entity_value
https://m.media-amazon.com/images/I/51J7yPpXnxL.jpg,631896,width,9.5 centimetre
https://m.media-amazon.com/images/I/51J7yPpXnxL.jpg,631896,depth,4.0 centimetre
https://m.media-amazon.com/images/I/51n1LYjjy6L.jpg,631896,width,4.5 inch
https://m.media-amazon.com/images/I/51n1LYjjy6L.jpg,631896,depth,6.3 inch
https://m.media-amazon.com/images/I/51UjYR-ymtL.jpg,631896,width,10.0 centimetre
https://m.media-amazon.com/images/I/61BeOpY9zpL.jpg,631896,width,12.4 centimetre
https://m.media-amazon.com/images/I/51MJc605huL.jpg,631896,width,5.7 inch
https://m.media-amazon.com/images/I/617YyMbXKeL.jpg,631896,width,9.0 centimetre
https://m.media-amazon.com/images/I/614SCk8Fp9L.jpg,631896,width,5.24 inch
https://m.media-amazon.com/images/I/614SCk8Fp9L.jpg,631896,depth,1.65 inch
https://m.media-amazon.com/images/I/614hms6u4BL.jpg,631896,width,15.0 centimetre
https://m.media-amazon.com/images/I/517zPgsfrJL.jpg,631896,width,9.0 centimetre
https://m.media-amazon.com/images/I/61C-rQ-c0eL.jpg,631896,width,9.65 centimetre
https://m.media-amazon.com/images/I/513e2fzffSL.jpg,631896,width,10.0 centimetre
https://m.media-amazon.com/images/I/619XqkKUhlS.jpg,631896,width,6.9 inch
https://m.media-amazon.com/images/I/61-X6YEH7IL.jpg,631896,width,16.0 centimetre
https://m.media-amazon.com/images/I/6149825zWHL.jpg,631896,width,15.0 centimetre
https://m.media-amazon.com/images/I/6149825zWHL.jpg,631896,depth,26.5 centimetre
https://m.media-amazon.com/images/I/51UfiLEW2HL.jpg,631896,width,6.5 centimetre
https://m.media-amazon.com/images/I/51CyIKbRYCL.jpg,631896,width,4.7 inch
https://m.media-amazon.com/images/I/41pUOuIKrNL.jpg,631896,width,16.5 centimetre
https://m.media-amazon.com/images/I/614RQbzYUKL.jpg,631896,width,10.0 centimetre
https://m.media-amazon.com/images/I/51XTjQv+6lL.jpg,631896,depth,13.0 centimetre
https://m.media-amazon.com/images/I/610fjrG3BbL.jpg,631896,depth,42.0 millimetre
https://m.media-amazon.com/images/I/612r4bIgU1L.jpg,631896,depth,9.8 centimetre
https://m.media-amazon.com/images/I/419tKoLqDkL.jpg,631896,depth,4.0 centimetre
https://m.media-amazon.com/images/I/51KUkzImdSL.jpg,631896,depth,8.0 centimetre
https://m.media-amazon.com/images/I/51RSD4TpRaL.jpg,631896,depth,11.23 centimetre
https://m.media-amazon.com/images/I/51xnYwYUtPL.jpg,631896,depth,7.0 centimetre
https://m.media-amazon.com/images/I/61F7HWwegJL.jpg,631896,depth,16.0 centimetre
https://m.media-amazon.com/images/I/61EmSnk9UdL.jpg,631896,depth,30.0 centimetre
https://m.media-amazon.com/images/I/613u1hAiYiL.jpg,631896,depth,3.05 centimetre
https://m.media-amazon.com/images/I/5124l3Ak5nL.jpg,631896,depth,39.0 centimetre
https://m.media-amazon.com/images/I/41XsalLpSAL.jpg,631896,depth,5.0 centimetre
https://m.media-amazon.com/images/I/61C9gOar-IL.jpg,631896,depth,4.6 centimetre
https://m.media-amazon.com/images/I/618Mswc19wL.jpg,631896,depth,3.05 centimetre
https://m.media-amazon.com/images/I/512cItGjRkL.jpg,631896,depth,15.0 centimetre
https://m.media-amazon.com/images/I/610YlbRLdML.jpg,631896,depth,4.6 centimetre
https://m.media-amazon.com/images/I/51cPT4ULXpL.jpg,631896,depth,9.0 centimetre
https://m.media-amazon.com/images/I/61+hqlctHCL.jpg,631896,depth,3.0 centimetre
https://m.media-amazon.com/images/I/51y9-TuOphL.jpg,631896,depth,4.4 inch
https://m.media-amazon.com/images/I/519XeF8WxaL.jpg,631896,depth,4.0 centimetre
https://m.media-amazon.com/images/I/618wouV2v4L.jpg,631896,depth,2.8 centimetre
https://m.media-amazon.com/images/I/51QYeJrOYIL.jpg,631896,depth,15.0 centimetre
https://m.media-amazon.com/images/I/61-YvwF9giL.jpg,631896,depth,6.8 centimetre
https://m.media-amazon.com/images/I/51O0O7075uL.jpg,631896,depth,15.0 centimetre
https://m.media-amazon.com/images/I/6115u0ZCX1L.jpg,631896,depth,3.05 centimetre
https://m.media-amazon.com/images/I/51AGmCwlDnL.jpg,631896,depth,10.0 inch
https://m.media-amazon.com/images/I/41G+OYfIyKS.jpg,631896,depth,19.6 centimetre
https://m.media-amazon.com/images/I/615sCxvmfiL.jpg,631896,depth,6.0 centimetre
https://m.media-amazon.com/images/I/515HFGx0dPL.jpg,631896,depth,21.0 centimetre
https://m.media-amazon.com/images/I/510vh7SypyL.jpg,631896,depth,3.4 centimetre
https://m.media-amazon.com/images/I/5190ObJNBxL.jpg,631896,depth,7.0 centimetre
https://m.media-amazon.com/images/I/61+-oRAfI7L.jpg,631896,depth,3.7 centimetre
https://m.media-amazon.com/images/I/614CkShGBzL.jpg,631896,depth,39.48 inch
