image_link,group_id,entity_name,entity_value
https://m.media-amazon.com/images/I/610sTUbEZ9L.jpg,357074,width,45.0 millimetre
https://m.media-amazon.com/images/I/517JYb64FgL.jpg,357074,width,60.0 millimetre
https://m.media-amazon.com/images/I/517kxZf2HOL.jpg,357074,width,2.24 inch
https://m.media-amazon.com/images/I/61Cd4-8db8L.jpg,357074,width,4.9 centimetre
https://m.media-amazon.com/images/I/51t9KOkR7VL.jpg,357074,width,4.0 centimetre
https://m.media-amazon.com/images/I/41Xz1s9mwFL.jpg,357074,width,6.5 centimetre
https://m.media-amazon.com/images/I/51GjfhEmQiS.jpg,357074,width,45.0 millimetre
https://m.media-amazon.com/images/I/51VuRWE9NFL.jpg,357074,width,3.6 centimetre
https://m.media-amazon.com/images/I/6177zC34T7L.jpg,357074,width,5.9 inch
https://m.media-amazon.com/images/I/51Lt3c7nueL.jpg,357074,width,7.5 centimetre
https://m.media-amazon.com/images/I/51r2t6DI1RL.jpg,357074,width,2.32 inch
https://m.media-amazon.com/images/I/419M3jLmWUS.jpg,357074,width,6.7 centimetre
https://m.media-amazon.com/images/I/51zTqO1GWvL.jpg,357074,width,5.3 inch
https://m.media-amazon.com/images/I/511e-S0rpBL.jpg,357074,width,112.0 millimetre
https://m.media-amazon.com/images/I/511e-S0rpBL.jpg,357074,height,113.5 millimetre
https://m.media-amazon.com/images/I/51SR9T4BN8L.jpg,357074,width,250.0 millimetre
https://m.media-amazon.com/images/I/51GukAGii6S.jpg,357074,width,4.0 inch
https://m.media-amazon.com/images/I/51rfF24ujWL.jpg,357074,width,9.5 centimetre
https://m.media-amazon.com/images/I/51imattqEqL.jpg,357074,width,45.0 millimetre
https://m.media-amazon.com/images/I/61F869c+2gL.jpg,357074,width,3.0 inch
https://m.media-amazon.com/images/I/619xVFzplmL.jpg,357074,width,2.25 inch
https://m.media-amazon.com/images/I/611SxyUA5EL.jpg,357074,width,7.0 centimetre
https://m.media-amazon.com/images/I/61-GLw3AgzL.jpg,357074,width,4.8 inch
https://m.media-amazon.com/images/I/61AtOWZX3xL.jpg,357074,width,150.0 millimetre
https://m.media-amazon.com/images/I/51T9acEPrTL.jpg,357074,width,86.0 millimetre
https://m.media-amazon.com/images/I/61A3tI8GMOL.jpg,357074,width,8.0 centimetre
https://m.media-amazon.com/images/I/514fiGsgpzL.jpg,357074,width,2.36 inch
https://m.media-amazon.com/images/I/514fiGsgpzL.jpg,357074,height,3.15 inch
https://m.media-amazon.com/images/I/51dhhsF+oNL.jpg,357074,width,26.0 millimetre
https://m.media-amazon.com/images/I/51dhhsF+oNL.jpg,357074,height,213.0 millimetre
https://m.media-amazon.com/images/I/51rF8U5tcTL.jpg,357074,width,33.0 millimetre
https://m.media-amazon.com/images/I/51rF8U5tcTL.jpg,357074,height,215.0 millimetre
https://m.media-amazon.com/images/I/61DptuoNnwL.jpg,357074,width,8.0 centimetre
https://m.media-amazon.com/images/I/513LhgybWNL.jpg,357074,width,2.55 inch
https://m.media-amazon.com/images/I/616kTiY793L.jpg,357074,width,7.8 centimetre
https://m.media-amazon.com/images/I/51OJTcd4fKL.jpg,357074,width,15.0 centimetre
https://m.media-amazon.com/images/I/51Cz5bB2nQL.jpg,357074,width,7.3 centimetre
https://m.media-amazon.com/images/I/51Cz5bB2nQL.jpg,357074,height,3.6 centimetre
https://m.media-amazon.com/images/I/617WiPa5WmL.jpg,357074,width,6.3 centimetre
https://m.media-amazon.com/images/I/51rceqwa10L.jpg,357074,width,8.5 centimetre
https://m.media-amazon.com/images/I/51FUFoKudAL.jpg,357074,width,5.4 centimetre
https://m.media-amazon.com/images/I/61DAAAp+1RL.jpg,357074,width,8.5 centimetre
https://m.media-amazon.com/images/I/51IlkqjWJtL.jpg,357074,width,1.96 inch
https://m.media-amazon.com/images/I/51aQ+5pDsbL.jpg,357074,width,5.2 inch
https://m.media-amazon.com/images/I/51duD9dHtHL.jpg,357074,width,21.0 millimetre
https://m.media-amazon.com/images/I/6186mktDMWL.jpg,357074,width,2.2 inch
https://m.media-amazon.com/images/I/51wxV0H2m2L.jpg,357074,width,4.3 centimetre
https://m.media-amazon.com/images/I/51Nkn95W8CL.jpg,357074,width,27.0 centimetre
https://m.media-amazon.com/images/I/51uofcB1UvL.jpg,357074,width,15.0 centimetre
https://m.media-amazon.com/images/I/51HPAybcPeL.jpg,357074,width,8.5 centimetre
https://m.media-amazon.com/images/I/41KnlyYMwIL.jpg,357074,width,6.9 centimetre
https://m.media-amazon.com/images/I/51Ocdh9KubL.jpg,357074,width,6.0 inch
https://m.media-amazon.com/images/I/41yxA7T-QbL.jpg,357074,width,73.0 millimetre
https://m.media-amazon.com/images/I/51noouWw-eL.jpg,357074,width,8.5 centimetre
https://m.media-amazon.com/images/I/51XyjitT8eL.jpg,357074,width,6.5 centimetre
https://m.media-amazon.com/images/I/612y01BZ33L.jpg,357074,width,8.0 centimetre
https://m.media-amazon.com/images/I/518aq38RzcL.jpg,357074,height,6.0 centimetre
https://m.media-amazon.com/images/I/612hVuuwVFL.jpg,357074,height,10.0 centimetre
https://m.media-amazon.com/images/I/61DOEyKfRTL.jpg,357074,height,4.8 centimetre
https://m.media-amazon.com/images/I/51IWnWJzV6L.jpg,357074,height,6.3 inch
https://m.media-amazon.com/images/I/61EEOdkpWdS.jpg,357074,height,3.0 inch
https://m.media-amazon.com/images/I/618Jb-WMIWL.jpg,357074,height,13.0 centimetre
https://m.media-amazon.com/images/I/51kUGH4C17L.jpg,357074,height,13.3 centimetre
https://m.media-amazon.com/images/I/617wMQWawdL.jpg,357074,height,39.0 millimetre
https://m.media-amazon.com/images/I/51uA4aw8LrL.jpg,357074,height,98.0 millimetre
https://m.media-amazon.com/images/I/51whtq+gpTL.jpg,357074,height,5.1 inch
https://m.media-amazon.com/images/I/51Ch58ua+hL.jpg,357074,height,9.9 centimetre
https://m.media-amazon.com/images/I/51GCQWxjtEL.jpg,357074,height,8.6 centimetre
https://m.media-amazon.com/images/I/61GJ-JeYcPL.jpg,357074,height,49.0 millimetre
https://m.media-amazon.com/images/I/51lqaNcxhvL.jpg,357074,height,7.2 centimetre
https://m.media-amazon.com/images/I/61BPbjV-WpL.jpg,357074,height,11.0 inch
https://m.media-amazon.com/images/I/616x3gtGSNL.jpg,357074,height,5.5 centimetre
https://m.media-amazon.com/images/I/61+ci4p0jtL.jpg,357074,height,7.3 centimetre
https://m.media-amazon.com/images/I/41xSTXxR9aL.jpg,357074,height,10.1 centimetre
https://m.media-amazon.com/images/I/61BXzI43owL.jpg,357074,height,4.0 inch
https://m.media-amazon.com/images/I/612W15E-f7L.jpg,357074,height,9.5 centimetre
https://m.media-amazon.com/images/I/51oM+OKXflL.jpg,357074,height,1.3 inch
https://m.media-amazon.com/images/I/41dzaI9s5pL.jpg,357074,height,4.33 inch
https://m.media-amazon.com/images/I/51eMOFAZHhL.jpg,357074,height,10.5 centimetre
https://m.media-amazon.com/images/I/6166SNFYtsL.jpg,357074,height,9.4 centimetre
https://m.media-amazon.com/images/I/6191kr9xCuL.jpg,357074,height,15.0 centimetre
https://m.media-amazon.com/images/I/51hoDV+UuGL.jpg,357074,height,9.6 centimetre
https://m.media-amazon.com/images/I/61-eIqegPIL.jpg,357074,height,14.5 centimetre
https://m.media-amazon.com/images/I/51cQehwh7-L.jpg,357074,height,4.7 inch
https://m.media-amazon.com/images/I/61B8ikZZa4L.jpg,357074,height,2.0 inch
https://m.media-amazon.com/images/I/61CIpLeCUNL.jpg,357074,height,45.0 millimetre
https://m.media-amazon.com/images/I/51oQ8HZSc3L.jpg,357074,height,7.8 centimetre
https://m.media-amazon.com/images/I/51UtniexMjL.jpg,357074,height,39.5 centimetre
https://m.media-amazon.com/images/I/41xEYfENSgL.jpg,357074,height,8.0 centimetre
https://m.media-amazon.com/images/I/51KuEVkq9eL.jpg,357074,height,16.0 centimetre
https://m.media-amazon.com/images/I/51YXNc-iBPS.jpg,357074,height,8.0 centimetre
https://m.media-amazon.com/images/I/51Uok2KtayL.jpg,357074,height,9.8 centimetre
https://m.media-amazon.com/images/I/61+6BZsYB2L.jpg,357074,height,14.5 centimetre
https://m.media-amazon.com/images/I/51vMntoJzGL.jpg,357074,height,12.8 centimetre
https://m.media-amazon.com/images/I/51+JBJNDHXL.jpg,357074,height,14.8 centimetre
https://m.media-amazon.com/images/I/41NdQRIR8JL.jpg,357074,height,8.8 centimetre
https://m.media-amazon.com/images/I/612evpBeF7L.jpg,357074,height,60.0 millimetre
https://m.media-amazon.com/images/I/51dT71+nggL.jpg,357074,height,16.0 centimetre
https://m.media-amazon.com/images/I/61ACPw191BL.jpg,357074,height,86.0 millimetre
https://m.media-amazon.com/images/I/613XP+IQOiL.jpg,357074,height,3.7 inch
https://m.media-amazon.com/images/I/51RfVddiwwS.jpg,357074,height,8.8 centimetre
https://m.media-amazon.com/images/I/51AxgGDdOBL.jpg,357074,height,12.2 centimetre
https://m.media-amazon.com/images/I/611jJSXJlBL.jpg,357074,height,18.2 centimetre
https://m.media-amazon.com/images/I/51DJwTRe6NL.jpg,357074,height,11.7 centimetre
https://m.media-amazon.com/images/I/51USnSnz5LL.jpg,357074,height,5.5 centimetre
https://m.media-amazon.com/images/I/518SiIuy9cL.jpg,357074,height,12.0 centimetre
https://m.media-amazon.com/images/I/611rVQrtAvL.jpg,357074,height,10.0 inch
https://m.media-amazon.com/images/I/514SDFGl2zL.jpg,357074,height,12.0 centimetre
https://m.media-amazon.com/images/I/518cBpDGitL.jpg,357074,height,6.3 centimetre
https://m.media-amazon.com/images/I/611K-vorD0L.jpg,357074,height,57.0 millimetre
https://m.media-amazon.com/images/I/615-Kf6Fg1L.jpg,357074,height,9.0 centimetre
https://m.media-amazon.com/images/I/512gRnbNw-L.jpg,357074,height,39.0 millimetre
https://m.media-amazon.com/images/I/51J0Mb53m3L.jpg,357074,height,19.0 centimetre
https://m.media-amazon.com/images/I/618nrXaNZEL.jpg,357074,height,2.76 inch
https://m.media-amazon.com/images/I/61FFH78CHIL.jpg,357074,height,6.0 inch
https://m.media-amazon.com/images/I/615TIUyYIcL.jpg,357074,height,3.0 inch
https://m.media-amazon.com/images/I/61+l3qYMbiL.jpg,357074,height,5.0 centimetre
https://m.media-amazon.com/images/I/41hD0gG50kL.jpg,357074,height,6.8 centimetre
https://m.media-amazon.com/images/I/51QdUkhfBmL.jpg,357074,height,4.7 centimetre
https://m.media-amazon.com/images/I/518GsOcjTTL.jpg,357074,height,28.3 centimetre
https://m.media-amazon.com/images/I/51MjcegPUAL.jpg,357074,height,10.5 centimetre
https://m.media-amazon.com/images/I/510SEXL2YxL.jpg,357074,height,118.6 millimetre
https://m.media-amazon.com/images/I/51BUq9oWUpL.jpg,357074,height,8.0 inch
https://m.media-amazon.com/images/I/61++KbkLtML.jpg,357074,height,4.5 centimetre
https://m.media-amazon.com/images/I/611+LmhWtaL.jpg,357074,height,2.17 inch
https://m.media-amazon.com/images/I/51rUJz8hJqL.jpg,357074,height,9.0 centimetre
https://m.media-amazon.com/images/I/6160MzZsMkL.jpg,357074,height,7.62 centimetre
https://m.media-amazon.com/images/I/51-bX1WrzyL.jpg,357074,height,15.6 centimetre
https://m.media-amazon.com/images/I/519p4TMvhWL.jpg,357074,height,16.5 centimetre
https://m.media-amazon.com/images/I/61DblEj2o1L.jpg,357074,height,74.0 millimetre
https://m.media-amazon.com/images/I/61+xFdkcc1L.jpg,357074,height,6.38 inch
https://m.media-amazon.com/images/I/51j7IJPBeIL.jpg,357074,height,13.5 centimetre
https://m.media-amazon.com/images/I/51BeqCCdJvL.jpg,357074,height,9.5 centimetre
https://m.media-amazon.com/images/I/615ZpcgBwgL.jpg,357074,height,2.7 inch
https://m.media-amazon.com/images/I/61DcBbwypwL.jpg,357074,height,10.0 inch
https://m.media-amazon.com/images/I/61A8+7LTlBL.jpg,357074,height,3.22 inch
https://m.media-amazon.com/images/I/51iBilBWRKL.jpg,357074,height,2.5 inch
https://m.media-amazon.com/images/I/51jzP6su6dL.jpg,357074,height,15.6 centimetre
https://m.media-amazon.com/images/I/51LIpYuBtnL.jpg,357074,height,25.0 centimetre
https://m.media-amazon.com/images/I/416o7aeHRpL.jpg,357074,height,8.8 centimetre
https://m.media-amazon.com/images/I/61CGSbPji4L.jpg,357074,height,65.0 millimetre
https://m.media-amazon.com/images/I/51wz1S8jugL.jpg,357074,height,60.0 millimetre
https://m.media-amazon.com/images/I/515zCcMRtBL.jpg,357074,height,68.0 millimetre
https://m.media-amazon.com/images/I/51Aa0NfjoTL.jpg,357074,height,65.0 millimetre
https://m.media-amazon.com/images/I/61AG42nyR4L.jpg,357074,height,3.6 inch
https://m.media-amazon.com/images/I/61CRLkhca0L.jpg,357074,height,3.0 inch
https://m.media-amazon.com/images/I/611SBwVSRFL.jpg,357074,height,4.0 inch
https://m.media-amazon.com/images/I/6134H6Da9XL.jpg,357074,height,1.61 inch
https://m.media-amazon.com/images/I/517yOoZUUXL.jpg,357074,height,86.0 millimetre
https://m.media-amazon.com/images/I/51hov5lT6IL.jpg,357074,height,6.0 centimetre
https://m.media-amazon.com/images/I/51lZElLgftL.jpg,357074,height,16.5 centimetre
