image_link,group_id,entity_name,entity_value
https://m.media-amazon.com/images/I/711UcLF1AOL.jpg,563130,item_weight,2.0 pound
https://m.media-amazon.com/images/I/71bEyocs6cL.jpg,563130,item_weight,2.0 pound
https://m.media-amazon.com/images/I/61ZBhPKQ2xL.jpg,563130,item_weight,8.0 gram
https://m.media-amazon.com/images/I/513kaslDayL.jpg,563130,item_weight,5.0 gram
https://m.media-amazon.com/images/I/6178j3OIM3L.jpg,563130,item_weight,5.0 gram
https://m.media-amazon.com/images/I/61rat4resNL.jpg,563130,item_weight,5.0 gram
https://m.media-amazon.com/images/I/51bNWwSD+KL.jpg,563130,item_weight,5.0 gram
https://m.media-amazon.com/images/I/61mAk7VQErL.jpg,563130,item_weight,5.0 gram
https://m.media-amazon.com/images/I/91cFERA6pXL.jpg,563130,item_weight,8.0 pound
https://m.media-amazon.com/images/I/71PVmUKqJFL.jpg,563130,item_weight,40.0 gram
https://m.media-amazon.com/images/I/6191ETPBPtL.jpg,563130,item_weight,40.0 gram
https://m.media-amazon.com/images/I/61zzLBWLmZL.jpg,563130,item_weight,40.0 gram
https://m.media-amazon.com/images/I/61vwtFAqz3L.jpg,563130,item_weight,40.0 gram
https://m.media-amazon.com/images/I/61XNyc-uvlL.jpg,563130,item_weight,40.0 gram
https://m.media-amazon.com/images/I/61Gy2PFvHpL.jpg,563130,item_weight,40.0 gram
https://m.media-amazon.com/images/I/61vuv945ZoL.jpg,563130,item_weight,810.0 gram
https://m.media-amazon.com/images/I/61Wrzm50uQL.jpg,563130,item_weight,2.0 pound
https://m.media-amazon.com/images/I/710q54Qj3XL.jpg,563130,item_weight,5.0 gram
https://m.media-amazon.com/images/I/51740IjOInS.jpg,563130,item_weight,210.0 gram
https://m.media-amazon.com/images/I/91zv6ncd1rL.jpg,563130,item_weight,150.0 ounce
https://m.media-amazon.com/images/I/61Ib9VlvbiL.jpg,563130,item_weight,2.0 pound
https://m.media-amazon.com/images/I/713DF81pC4L.jpg,563130,item_weight,2.0 gram
https://m.media-amazon.com/images/I/514kDNyApTL.jpg,563130,item_weight,18.0 gram
https://m.media-amazon.com/images/I/71Rz+VKLuVL.jpg,563130,item_weight,1000.0 ounce
https://m.media-amazon.com/images/I/71zYo2gsq2L.jpg,563130,item_weight,100.0 gram
https://m.media-amazon.com/images/I/61FKnvmZ4YL.jpg,563130,item_weight,810.0 gram
https://m.media-amazon.com/images/I/71vJtlKsS5L.jpg,563130,item_weight,2.0 pound
https://m.media-amazon.com/images/I/61GI6PlUuWL.jpg,563130,item_weight,2.0 pound
https://m.media-amazon.com/images/I/61kFjNfirBL.jpg,563130,item_weight,360.0 ounce
https://m.media-amazon.com/images/I/718TWYQLcCL.jpg,563130,item_weight,4.0 kilogram
https://m.media-amazon.com/images/I/61U31F+JKJL.jpg,563130,item_weight,5.0 ounce
https://m.media-amazon.com/images/I/7140cFEQziL.jpg,563130,item_weight,640.0 gram
https://m.media-amazon.com/images/I/617xKaku+pL.jpg,563130,item_weight,4.0 gram
https://m.media-amazon.com/images/I/61OuRX42w8L.jpg,563130,item_weight,2.0 pound
https://m.media-amazon.com/images/I/71YK6UF+GtL.jpg,563130,item_weight,810.0 gram
https://m.media-amazon.com/images/I/51wk2vrbvUL.jpg,563130,item_weight,5.0 gram
https://m.media-amazon.com/images/I/61MSbUXwKjL.jpg,563130,item_weight,132.0 gram
https://m.media-amazon.com/images/I/61Vh9ar0B5L.jpg,563130,item_weight,5.0 gram
https://m.media-amazon.com/images/I/61b8HN3Ej+L.jpg,563130,item_weight,50.0 kilogram
https://m.media-amazon.com/images/I/61E-jxhiCRL.jpg,563130,item_weight,2.0 pound
https://m.media-amazon.com/images/I/71msS9A4QyL.jpg,563130,item_weight,100.0 gram
https://m.media-amazon.com/images/I/71i93Rmax0L.jpg,563130,item_weight,3.0 pound
https://m.media-amazon.com/images/I/61PqX-W6-FL.jpg,563130,item_weight,40.0 gram
https://m.media-amazon.com/images/I/61yfj-anvqL.jpg,563130,item_weight,5.0 gram
https://m.media-amazon.com/images/I/61XaJHAHjML.jpg,563130,item_weight,35.0 gram
https://m.media-amazon.com/images/I/51ZjlqwtiML.jpg,563130,item_weight,1988.0 milligram
https://m.media-amazon.com/images/I/615g90ceKmL.jpg,563130,item_weight,810.0 gram
https://m.media-amazon.com/images/I/812yafNgKqL.jpg,563130,item_weight,300.0 gram
https://m.media-amazon.com/images/I/51VdmA2eWxL.jpg,563130,item_weight,55.0 gram
https://m.media-amazon.com/images/I/61iw1xHwUJL.jpg,563130,item_weight,5.0 gram
https://m.media-amazon.com/images/I/610STkbKlsL.jpg,563130,item_weight,3.0 gram
https://m.media-amazon.com/images/I/81ncNFKixIS.jpg,563130,item_weight,1.0 pound
https://m.media-amazon.com/images/I/71S1C0T4-UL.jpg,563130,item_weight,70.0 kilogram
https://m.media-amazon.com/images/I/71fI-t6baSL.jpg,563130,item_weight,95.0 gram
https://m.media-amazon.com/images/I/61OPrHBGcRL.jpg,563130,item_weight,2.5 gram
https://m.media-amazon.com/images/I/81e70c2zLtL.jpg,563130,item_weight,100.0 gram
https://m.media-amazon.com/images/I/71t3MCOU30L.jpg,563130,item_weight,100.0 gram
https://m.media-amazon.com/images/I/61Wstyj4JkL.jpg,563130,item_weight,810.0 gram
https://m.media-amazon.com/images/I/51+cewfIeIL.jpg,563130,item_weight,21.0 gram
https://m.media-amazon.com/images/I/81RvIK+NBoL.jpg,563130,item_weight,5.0 gram
https://m.media-amazon.com/images/I/6151eIpZ4HL.jpg,563130,item_weight,2.0 pound
https://m.media-amazon.com/images/I/81tXzm8x2IL.jpg,563130,item_weight,190.0 ounce
https://m.media-amazon.com/images/I/71EOjXXJePL.jpg,563130,item_weight,100.0 gram
https://m.media-amazon.com/images/I/71VuwmlgQbL.jpg,563130,item_weight,112.0 milligram
https://m.media-amazon.com/images/I/613FzGjuseL.jpg,563130,item_weight,5.0 gram
https://m.media-amazon.com/images/I/61a7TmVL99L.jpg,563130,item_weight,610.0 gram
https://m.media-amazon.com/images/I/61pX0oUY1PL.jpg,563130,item_weight,360.0 pound
https://m.media-amazon.com/images/I/71WgbVdudSL.jpg,563130,item_weight,2.0 gram
https://m.media-amazon.com/images/I/61DUfkNVdqL.jpg,563130,item_weight,5.0 pound
https://m.media-amazon.com/images/I/6102YT597TL.jpg,563130,item_weight,2.0 pound
https://m.media-amazon.com/images/I/71SrTq+LcSL.jpg,563130,item_weight,200.0 gram
https://m.media-amazon.com/images/I/81Dj2eQoBjL.jpg,563130,item_weight,20.0 gram
https://m.media-amazon.com/images/I/511uz3VLVWL.jpg,563130,item_weight,60.0 gram
https://m.media-amazon.com/images/I/618tMdCeERL.jpg,563130,item_weight,100.0 gram
https://m.media-amazon.com/images/I/61Jn5LDRelL.jpg,563130,item_weight,100.0 gram
https://m.media-amazon.com/images/I/71yJHy5casL.jpg,563130,item_weight,100.0 gram
https://m.media-amazon.com/images/I/71hqHgQybyL.jpg,563130,item_weight,100.0 gram
https://m.media-amazon.com/images/I/71dX3C0GUwL.jpg,563130,item_weight,5.0 pound
https://m.media-amazon.com/images/I/61EZmezVYML.jpg,563130,item_weight,2.0 pound
https://m.media-amazon.com/images/I/61FO0XOJyAL.jpg,563130,item_weight,33.0 gram
https://m.media-amazon.com/images/I/71ehsAO9MVL.jpg,563130,item_weight,360.0 pound
https://m.media-amazon.com/images/I/61A8l5L3zuL.jpg,563130,item_weight,2.0 pound
https://m.media-amazon.com/images/I/71Li5OzF1YL.jpg,563130,item_weight,2.0 pound
https://m.media-amazon.com/images/I/51oK37EPt2L.jpg,563130,item_weight,810.0 gram
https://m.media-amazon.com/images/I/71unR5PHQeL.jpg,563130,item_weight,2.0 pound
https://m.media-amazon.com/images/I/71WNr3kgOEL.jpg,563130,item_weight,5.0 gram
https://m.media-amazon.com/images/I/81l-cStTIqL.jpg,563130,item_weight,10.0 ounce
https://m.media-amazon.com/images/I/51Wy57aevUL.jpg,563130,item_weight,128.0 gram
https://m.media-amazon.com/images/I/61cSXJtbn8L.jpg,563130,item_weight,246.0 gram
https://m.media-amazon.com/images/I/810ZOSr3QyL.jpg,563130,item_weight,2.0 pound
https://m.media-amazon.com/images/I/61VG9AeK+LL.jpg,563130,item_weight,23.5 ounce
https://m.media-amazon.com/images/I/61KaxbmWbVL.jpg,563130,item_weight,19.0 gram
https://m.media-amazon.com/images/I/61pYLmt-PcL.jpg,563130,item_weight,2.0 pound
https://m.media-amazon.com/images/I/619jr4iIMeL.jpg,563130,item_weight,4.0 gram
https://m.media-amazon.com/images/I/71Qq+GsQu3L.jpg,563130,item_weight,6010.0 gram
https://m.media-amazon.com/images/I/61yl3V5FsxL.jpg,563130,item_weight,810.0 gram
https://m.media-amazon.com/images/I/61LTc9Zl76L.jpg,563130,item_weight,810.0 gram
https://m.media-amazon.com/images/I/71yLc+Tj8cL.jpg,563130,item_weight,2.3 gram
https://m.media-amazon.com/images/I/71CZIUKFjDL.jpg,563130,item_weight,19.0 kilogram
https://m.media-amazon.com/images/I/61HHAH14GoL.jpg,563130,item_weight,0.24 kilogram
https://m.media-amazon.com/images/I/61F7-+yTISL.jpg,563130,item_weight,240.0 gram
https://m.media-amazon.com/images/I/61emVlWULjL.jpg,563130,item_weight,565.0 gram
https://m.media-amazon.com/images/I/61tgRrwo99L.jpg,563130,item_weight,22.0 gram
https://m.media-amazon.com/images/I/61r97eFIW5L.jpg,563130,item_weight,100.0 ounce
https://m.media-amazon.com/images/I/61XMHlCNyNL.jpg,563130,item_weight,45.0 gram
https://m.media-amazon.com/images/I/71TwpvYAaRL.jpg,563130,item_weight,1.32 ounce
https://m.media-amazon.com/images/I/71qlUmySDaL.jpg,563130,item_weight,0.35 kilogram
https://m.media-amazon.com/images/I/61EwbsirbyS.jpg,563130,item_weight,4.0 gram
https://m.media-amazon.com/images/I/71iTZ0W7MyL.jpg,563130,item_weight,5.0 gram
https://m.media-amazon.com/images/I/71WT8ilSPLL.jpg,563130,item_weight,450.0 gram
https://m.media-amazon.com/images/I/81Y8GirD0HL.jpg,563130,item_weight,3.0 ounce
https://m.media-amazon.com/images/I/819k1CiIwOL.jpg,563130,item_weight,10.0 pound
https://m.media-amazon.com/images/I/51JESM-S8iL.jpg,563130,item_weight,9.5 gram
https://m.media-amazon.com/images/I/71LoAP1+ZPL.jpg,563130,item_weight,34.0 gram
https://m.media-amazon.com/images/I/51-jZNWkQML.jpg,563130,item_weight,810.0 gram
https://m.media-amazon.com/images/I/61HcCFkpGSL.jpg,563130,item_weight,33.0 gram
https://m.media-amazon.com/images/I/61YeS9IQEKL.jpg,563130,item_weight,2.0 pound
https://m.media-amazon.com/images/I/61E6E6Xip2L.jpg,563130,item_weight,810.0 gram
https://m.media-amazon.com/images/I/61g8YPFDtjL.jpg,563130,item_weight,810.0 gram
https://m.media-amazon.com/images/I/61PBYilzEiL.jpg,563130,item_weight,200.0 gram
https://m.media-amazon.com/images/I/71vW9tpMtoL.jpg,563130,item_weight,1.0 ounce
https://m.media-amazon.com/images/I/61giP+pcRPL.jpg,563130,item_weight,2.0 pound
https://m.media-amazon.com/images/I/81OI2SLI67L.jpg,563130,item_weight,118.0 ounce
https://m.media-amazon.com/images/I/51TIg3Sn2VS.jpg,563130,item_weight,6.0 gram
https://m.media-amazon.com/images/I/61xL3fZOfIL.jpg,563130,item_weight,130.0 gram
https://m.media-amazon.com/images/I/81xQ+soX-NL.jpg,563130,item_weight,7.0 gram
https://m.media-amazon.com/images/I/71ec9Hq+-XL.jpg,563130,item_weight,1.0 gram
https://m.media-amazon.com/images/I/71su3AykjjL.jpg,563130,item_weight,6.0 gram
https://m.media-amazon.com/images/I/719HtJnH5sL.jpg,563130,item_weight,15.0 gram
https://m.media-amazon.com/images/I/41w6Gl71BPL.jpg,563130,item_weight,20.0 gram
https://m.media-amazon.com/images/I/51fT61wpMaL.jpg,563130,item_weight,2.0 pound
https://m.media-amazon.com/images/I/71QXx9-TTfL.jpg,563130,item_weight,5.0 gram
https://m.media-amazon.com/images/I/71uaaiRGX1L.jpg,563130,item_weight,5.0 gram
https://m.media-amazon.com/images/I/71JQJ7h3TzL.jpg,563130,item_weight,5.0 gram
https://m.media-amazon.com/images/I/61W3kf4iDlL.jpg,563130,item_weight,13.0 ounce
https://m.media-amazon.com/images/I/81RAoi2DpJL.jpg,563130,item_weight,130.0 ounce
https://m.media-amazon.com/images/I/71mkRSGAXuL.jpg,563130,item_weight,0.275 ounce
https://m.media-amazon.com/images/I/71Z7pAxbKyL.jpg,563130,item_weight,20.0 kilogram
https://m.media-amazon.com/images/I/71bRMK4vMcL.jpg,563130,item_weight,360.0 pound
https://m.media-amazon.com/images/I/71Q14lnhN2L.jpg,563130,item_weight,2.0 pound
https://m.media-amazon.com/images/I/71sdztCv-tL.jpg,563130,item_weight,2.0 pound
https://m.media-amazon.com/images/I/915d2BFNwiL.jpg,563130,item_weight,1.0 ounce
https://m.media-amazon.com/images/I/6192ZEAunpL.jpg,563130,item_weight,93.0 milligram
https://m.media-amazon.com/images/I/51T5KkD7myL.jpg,563130,item_weight,20.0 gram
https://m.media-amazon.com/images/I/61czhpcv3NL.jpg,563130,item_weight,350.0 gram
https://m.media-amazon.com/images/I/61M3tNpacFL.jpg,563130,item_weight,18.0 gram
https://m.media-amazon.com/images/I/71BuOp6x3NL.jpg,563130,item_weight,0.16 kilogram
https://m.media-amazon.com/images/I/613LT9I1eEL.jpg,563130,item_weight,28.0 gram
https://m.media-amazon.com/images/I/61dflCVByDL.jpg,563130,item_weight,810.0 gram
https://m.media-amazon.com/images/I/61uS8xA1KnL.jpg,563130,item_weight,5.0 pound
https://m.media-amazon.com/images/I/618YMcjKvTL.jpg,563130,item_weight,10.0 gram
https://m.media-amazon.com/images/I/71P7KJoRGEL.jpg,563130,item_weight,10.0 kilogram
https://m.media-amazon.com/images/I/51d6UBIEY2L.jpg,563130,item_weight,27.0 pound
https://m.media-amazon.com/images/I/71WOPYeIBAL.jpg,563130,item_weight,350.0 gram
https://m.media-amazon.com/images/I/81L-tv5GYjL.jpg,563130,item_weight,2.0 pound
https://m.media-amazon.com/images/I/71Sd2SH21XL.jpg,563130,item_weight,810.0 gram
https://m.media-amazon.com/images/I/41raRMMX7WS.jpg,563130,item_weight,105.0 gram
https://m.media-amazon.com/images/I/71y-lN10VDL.jpg,563130,item_weight,2.8 gram
https://m.media-amazon.com/images/I/61GoCtUTHGL.jpg,563130,item_weight,2.0 pound
https://m.media-amazon.com/images/I/71CtrqBPDlL.jpg,563130,item_weight,9.0 kilogram
https://m.media-amazon.com/images/I/914iZexBZxL.jpg,563130,item_weight,128.0 ounce
https://m.media-amazon.com/images/I/71-QTDqGmsL.jpg,563130,item_weight,810.0 gram
https://m.media-amazon.com/images/I/719LwSrlKCL.jpg,563130,item_weight,1.3333333333333333 gram
https://m.media-amazon.com/images/I/71lPZsm-0YL.jpg,563130,item_weight,6.0 gram
https://m.media-amazon.com/images/I/71iAKvkUPoL.jpg,563130,item_weight,1.3333333333333333 gram
https://m.media-amazon.com/images/I/61TSkZIdv1L.jpg,563130,item_weight,2.0 pound
https://m.media-amazon.com/images/I/61MAvw4wlgL.jpg,563130,item_weight,2.0 pound
https://m.media-amazon.com/images/I/51kPj+rC0HL.jpg,563130,item_weight,160.0 ounce
https://m.media-amazon.com/images/I/71aVGvphrbL.jpg,563130,item_weight,9.6 gram
https://m.media-amazon.com/images/I/71f2ZobMOrL.jpg,563130,item_weight,70.0 kilogram
https://m.media-amazon.com/images/I/61MSgoIAOgL.jpg,563130,item_weight,8.0 gram
https://m.media-amazon.com/images/I/81aCs9+3vbL.jpg,563130,item_weight,8.0 gram
https://m.media-amazon.com/images/I/811OFfeFJ0L.jpg,563130,item_weight,810.0 gram
https://m.media-amazon.com/images/I/61ktJUURQDL.jpg,563130,item_weight,546.0 ounce
https://m.media-amazon.com/images/I/71SjyS32uvL.jpg,563130,item_weight,0.0 gram
https://m.media-amazon.com/images/I/71VUJ0mao2L.jpg,563130,item_weight,2.0 pound
https://m.media-amazon.com/images/I/41NnkbIS49L.jpg,563130,item_weight,10.0 gram
https://m.media-amazon.com/images/I/61aGQc7VSTL.jpg,563130,item_weight,2.0 pound
https://m.media-amazon.com/images/I/614XI+v3McL.jpg,563130,item_weight,1.0 ounce
https://m.media-amazon.com/images/I/71hjhTHVomL.jpg,563130,item_weight,4.0 gram
https://m.media-amazon.com/images/I/71NrGu2VRvL.jpg,563130,item_weight,2.0 pound
https://m.media-amazon.com/images/I/61sZOtHmJmL.jpg,563130,item_weight,190.0 gram
https://m.media-amazon.com/images/I/61CwaPX6YNL.jpg,563130,item_weight,5.0 gram
https://m.media-amazon.com/images/I/61Z5OqnYBtL.jpg,563130,item_weight,810.0 gram
https://m.media-amazon.com/images/I/512NstvfrvL.jpg,563130,item_weight,400.0 gram
https://m.media-amazon.com/images/I/71m-SWV438L.jpg,563130,item_weight,810.0 gram
https://m.media-amazon.com/images/I/81ujlfUM1CL.jpg,563130,item_weight,5.22 gram
https://m.media-amazon.com/images/I/81IL4j1mubL.jpg,563130,item_weight,450.0 pound
https://m.media-amazon.com/images/I/61cAkcl8sOL.jpg,563130,item_weight,2.0 pound
https://m.media-amazon.com/images/I/61fcR+PNmBL.jpg,563130,item_weight,2.0 pound
https://m.media-amazon.com/images/I/61SBBoDgg2L.jpg,563130,item_weight,15.5 gram
https://m.media-amazon.com/images/I/81NIGPrHV+L.jpg,563130,item_weight,700.0 ounce
https://m.media-amazon.com/images/I/616XV6VbfML.jpg,563130,item_weight,38.6 gram
https://m.media-amazon.com/images/I/71Mgy7r9I2L.jpg,563130,item_weight,360.0 pound
https://m.media-amazon.com/images/I/71PnwVDm9VL.jpg,563130,item_weight,4.0 gram
https://m.media-amazon.com/images/I/61PdaqkLoeL.jpg,563130,item_weight,220.0 gram
https://m.media-amazon.com/images/I/61sPkFFl-TL.jpg,563130,item_weight,2002156.7 gram
https://m.media-amazon.com/images/I/71kkWx+Hz1L.jpg,563130,item_weight,24.0 gram
https://m.media-amazon.com/images/I/81+d2tL3XmL.jpg,563130,item_weight,5.0 gram
https://m.media-amazon.com/images/I/71fghJtnZHL.jpg,563130,item_weight,1.0 ounce
https://m.media-amazon.com/images/I/71ck-Q3keGL.jpg,563130,item_weight,1.0 ounce
https://m.media-amazon.com/images/I/71mxGFaryiL.jpg,563130,item_weight,1.0 ounce
https://m.media-amazon.com/images/I/81+mrr-OvTL.jpg,563130,item_weight,2.0 pound
https://m.media-amazon.com/images/I/81rPJGPUKRL.jpg,563130,item_weight,2.0 pound
https://m.media-amazon.com/images/I/51lpr9Ra8rL.jpg,563130,item_weight,167.0 gram
https://m.media-amazon.com/images/I/61yOokj0GSL.jpg,563130,item_weight,5.0 gram
https://m.media-amazon.com/images/I/91DorT65o2L.jpg,563130,item_weight,3.0 gram
https://m.media-amazon.com/images/I/71-yqTJtM-L.jpg,563130,item_weight,2.0 pound
https://m.media-amazon.com/images/I/61oQS4eELxL.jpg,563130,item_weight,13.6 ounce
https://m.media-amazon.com/images/I/71r70DOuiYL.jpg,563130,item_weight,15.0 milligram
https://m.media-amazon.com/images/I/71q88jYSPCL.jpg,563130,item_weight,5.0 gram
https://m.media-amazon.com/images/I/61vHcx+UeiL.jpg,563130,item_weight,40.0 gram
https://m.media-amazon.com/images/I/614C+tNBqaL.jpg,563130,item_weight,0.28 kilogram
https://m.media-amazon.com/images/I/71wivyqq9bL.jpg,563130,item_weight,2.0 pound
https://m.media-amazon.com/images/I/61LQxdgFsLL.jpg,563130,item_weight,810.0 gram
https://m.media-amazon.com/images/I/71O58jczl5L.jpg,563130,item_weight,0.4 ounce
https://m.media-amazon.com/images/I/71thNCp+d+L.jpg,563130,item_weight,2.0 pound
https://m.media-amazon.com/images/I/71ZnCHlbyuL.jpg,563130,item_weight,250.0 gram
https://m.media-amazon.com/images/I/71l79H59iYL.jpg,563130,item_weight,5.0 gram
https://m.media-amazon.com/images/I/71MBo00sH7L.jpg,563130,item_weight,5.0 gram
https://m.media-amazon.com/images/I/61Y8B2+meUL.jpg,563130,item_weight,80.0 gram
https://m.media-amazon.com/images/I/71+LO0Be36L.jpg,563130,item_weight,0.2 kilogram
https://m.media-amazon.com/images/I/617MbQz1F1L.jpg,563130,item_weight,3.0 gram
https://m.media-amazon.com/images/I/819kG7AuKlL.jpg,563130,item_weight,18.0 gram
https://m.media-amazon.com/images/I/71zB37hNDlL.jpg,563130,item_weight,3.0 pound
https://m.media-amazon.com/images/I/61G7JiQMIhL.jpg,563130,item_weight,0.8 ounce
https://m.media-amazon.com/images/I/41+kC8eCNyL.jpg,563130,item_weight,30.0 gram
https://m.media-amazon.com/images/I/61RgUjH0XEL.jpg,563130,item_weight,5.0 gram
https://m.media-amazon.com/images/I/716+YzbIebL.jpg,563130,item_weight,180.0 gram
https://m.media-amazon.com/images/I/71hV+K86OlL.jpg,563130,item_weight,450.0 gram
https://m.media-amazon.com/images/I/51jjR6vXQeL.jpg,563130,item_weight,140.0 milligram
https://m.media-amazon.com/images/I/61YikzGy4RL.jpg,563130,item_weight,0.3 ounce
https://m.media-amazon.com/images/I/61uW6nhrMpL.jpg,563130,item_weight,1.0 ounce
https://m.media-amazon.com/images/I/61v0dRP6u4L.jpg,563130,item_weight,55.0 gram
https://m.media-amazon.com/images/I/61OJvD31UmL.jpg,563130,item_weight,2.0 pound
https://m.media-amazon.com/images/I/71pscPwQrzL.jpg,563130,item_weight,1.32 ounce
https://m.media-amazon.com/images/I/81p1NdJF7rL.jpg,563130,item_weight,0.0 gram
https://m.media-amazon.com/images/I/61RzMHQA+bL.jpg,563130,item_weight,2.0 pound
https://m.media-amazon.com/images/I/61wcAjXkt4L.jpg,563130,item_weight,810.0 gram
https://m.media-amazon.com/images/I/51S2FoeWoYL.jpg,563130,item_weight,11.0 gram
https://m.media-amazon.com/images/I/71SeeajmM8L.jpg,563130,item_weight,0.48 pound
https://m.media-amazon.com/images/I/61T2vXjcgpL.jpg,563130,item_weight,12.0 gram
https://m.media-amazon.com/images/I/712w7p9ugGL.jpg,563130,item_weight,44.0 gram
https://m.media-amazon.com/images/I/61tVnEHfHNL.jpg,563130,item_weight,22.0 ounce
https://m.media-amazon.com/images/I/61NX+sct8dS.jpg,563130,item_weight,8.0 ounce
https://m.media-amazon.com/images/I/71Ukva0bp5L.jpg,563130,item_weight,5.0 gram
https://m.media-amazon.com/images/I/71WbByTV5dL.jpg,563130,item_weight,5.0 gram
https://m.media-amazon.com/images/I/71TQLlyUnFL.jpg,563130,item_weight,100.0 gram
https://m.media-amazon.com/images/I/51vUi-vWlML.jpg,563130,item_weight,1.2 ounce
https://m.media-amazon.com/images/I/71F-JK6CWaL.jpg,563130,item_weight,2.0 pound
https://m.media-amazon.com/images/I/711Iel2Vt9L.jpg,563130,item_weight,2.0 pound
https://m.media-amazon.com/images/I/61H3OZFneKL.jpg,563130,item_weight,2.0 pound
https://m.media-amazon.com/images/I/61e147SU2iL.jpg,563130,item_weight,810.0 gram
https://m.media-amazon.com/images/I/81IcENzKAHS.jpg,563130,item_weight,8.47 ounce
https://m.media-amazon.com/images/I/917grErb6iL.jpg,563130,item_weight,1.0 gram
https://m.media-amazon.com/images/I/61tBc5KmD9L.jpg,563130,item_weight,40.0 gram
https://m.media-amazon.com/images/I/71IowdBNYmL.jpg,563130,item_weight,810.0 gram
https://m.media-amazon.com/images/I/81CO8ejp7yL.jpg,563130,item_weight,20.0 gram
https://m.media-amazon.com/images/I/71eo4I2xdEL.jpg,563130,item_weight,2.0 microgram
https://m.media-amazon.com/images/I/71zWQOxhX2L.jpg,563130,item_weight,2.0 pound
https://m.media-amazon.com/images/I/71SWqFkL1YL.jpg,563130,item_weight,3.3 gram
https://m.media-amazon.com/images/I/51JwEi6SSUL.jpg,563130,item_weight,22.0 gram
https://m.media-amazon.com/images/I/41gcnN4dXCL.jpg,563130,item_weight,22.0 gram
https://m.media-amazon.com/images/I/71aqev-49gL.jpg,563130,item_weight,360.0 pound
https://m.media-amazon.com/images/I/61ZyBkY1L7L.jpg,563130,item_weight,12.0 gram
https://m.media-amazon.com/images/I/51GJqOP22gL.jpg,563130,item_weight,20.0 gram
https://m.media-amazon.com/images/I/61laCkqnRqL.jpg,563130,item_weight,168.0 gram
https://m.media-amazon.com/images/I/71nfaCQxfKL.jpg,563130,item_weight,168.0 gram
https://m.media-amazon.com/images/I/71Rw5MupZXL.jpg,563130,item_weight,168.0 gram
https://m.media-amazon.com/images/I/51OhdtT0VHL.jpg,563130,item_weight,168.0 gram
https://m.media-amazon.com/images/I/61-dqkEo5XL.jpg,563130,item_weight,168.0 gram
https://m.media-amazon.com/images/I/61hvF7Ein4L.jpg,563130,item_weight,50.0 kilogram
https://m.media-amazon.com/images/I/61c+d480SIL.jpg,563130,item_weight,2.0 pound
https://m.media-amazon.com/images/I/71aLeEkdNPL.jpg,563130,item_weight,2.0 pound
https://m.media-amazon.com/images/I/71Wia-ncKSL.jpg,563130,item_weight,19.0 gram
https://m.media-amazon.com/images/I/61mlhgdZCjL.jpg,563130,item_weight,20.0 gram
https://m.media-amazon.com/images/I/71LYURz7EoL.jpg,563130,item_weight,1.0 pound
https://m.media-amazon.com/images/I/71NDCzeY3wL.jpg,563130,item_weight,810.0 gram
https://m.media-amazon.com/images/I/71R8ChYN0+L.jpg,563130,item_weight,4.0 gram
https://m.media-amazon.com/images/I/91y4JvI0quS.jpg,563130,item_weight,5.22 gram
https://m.media-amazon.com/images/I/51-4KxD3JVL.jpg,563130,item_weight,65.0 gram
https://m.media-amazon.com/images/I/81zMUfvvGpL.jpg,563130,item_weight,5.0 gram
https://m.media-amazon.com/images/I/81xGWqJhCeL.jpg,563130,item_weight,5.0 gram
https://m.media-amazon.com/images/I/41zOk2hF3LL.jpg,563130,item_weight,17.0 gram
https://m.media-amazon.com/images/I/712GG9-xAeL.jpg,563130,item_weight,2.8 gram
https://m.media-amazon.com/images/I/51XdCLEkOfL.jpg,563130,item_weight,10.0 ounce
https://m.media-amazon.com/images/I/61zENOzWKyL.jpg,563130,item_weight,45.0 gram
https://m.media-amazon.com/images/I/51V5TvUd3pS.jpg,563130,item_weight,80.0 ounce
https://m.media-amazon.com/images/I/61g1WUh7LRL.jpg,563130,item_weight,2.0 pound
https://m.media-amazon.com/images/I/51uCT3hn2GL.jpg,563130,item_weight,11.0 gram
https://m.media-amazon.com/images/I/71RuULnnZ1L.jpg,563130,item_weight,2.0 pound
https://m.media-amazon.com/images/I/71gIan16iiL.jpg,563130,item_weight,1.0 ounce
https://m.media-amazon.com/images/I/51xCAnPUKvL.jpg,563130,item_weight,22.0 gram
https://m.media-amazon.com/images/I/71HrPjqUHCL.jpg,563130,item_weight,360.0 pound
https://m.media-amazon.com/images/I/513HxH+UeLL.jpg,563130,item_weight,1.0 gram
https://m.media-amazon.com/images/I/71HPDgvyTpL.jpg,563130,item_weight,433.7 gram
https://m.media-amazon.com/images/I/71zgcjROgwL.jpg,563130,item_weight,1.0 pound
https://m.media-amazon.com/images/I/61ZLfQu05yS.jpg,563130,item_weight,12.0 gram
https://m.media-amazon.com/images/I/71enNHY5bwL.jpg,563130,item_weight,2.0 pound
https://m.media-amazon.com/images/I/61gV7qaX+3L.jpg,563130,item_weight,2.0 pound
https://m.media-amazon.com/images/I/61RnbKiWEPL.jpg,563130,item_weight,2.0 pound
https://m.media-amazon.com/images/I/71N-82C3VVL.jpg,563130,item_weight,100.0 ounce
https://m.media-amazon.com/images/I/61zXpBM5nAL.jpg,563130,item_weight,56.7 gram
https://m.media-amazon.com/images/I/51WVKMju5aL.jpg,563130,item_weight,2.0 ounce
https://m.media-amazon.com/images/I/61cgbKufy2L.jpg,563130,item_weight,2153.0 gram
https://m.media-amazon.com/images/I/71m3rEfDOqL.jpg,563130,item_weight,10.0 gram
https://m.media-amazon.com/images/I/6175b6SIDOL.jpg,563130,item_weight,33.0 gram
https://m.media-amazon.com/images/I/61Wjt5e7P8L.jpg,563130,item_weight,4.0 gram
https://m.media-amazon.com/images/I/61-qII3lYcL.jpg,563130,item_weight,128.0 gram
https://m.media-amazon.com/images/I/51w+9G+YmfL.jpg,563130,item_weight,10.0 pound
https://m.media-amazon.com/images/I/61mAW1w-BNL.jpg,563130,item_weight,5.0 pound
https://m.media-amazon.com/images/I/61liIOfU+lL.jpg,563130,item_weight,10.0 pound
https://m.media-amazon.com/images/I/61lCOLndKSL.jpg,563130,item_weight,10.0 pound
https://m.media-amazon.com/images/I/61C-splhdoL.jpg,563130,item_weight,5.0 pound
https://m.media-amazon.com/images/I/61jpLwbXhYL.jpg,563130,item_weight,10.0 pound
https://m.media-amazon.com/images/I/71Tk2ta61JL.jpg,563130,item_weight,5.0 pound
https://m.media-amazon.com/images/I/61MDtFPnWvL.jpg,563130,item_weight,10.0 pound
https://m.media-amazon.com/images/I/615bJTNAJ5L.jpg,563130,item_weight,5.0 gram
https://m.media-amazon.com/images/I/61alcTgWp3L.jpg,563130,item_weight,5.0 gram
https://m.media-amazon.com/images/I/61-70keTdSL.jpg,563130,item_weight,5.0 gram
https://m.media-amazon.com/images/I/61LrBwhI7BL.jpg,563130,item_weight,5.0 gram
https://m.media-amazon.com/images/I/81nqEiE7JfL.jpg,563130,item_weight,8.0 gram
https://m.media-amazon.com/images/I/61G9keCBbOL.jpg,563130,item_weight,810.0 gram
https://m.media-amazon.com/images/I/71r5bOYbupL.jpg,563130,item_weight,100.0 gram
https://m.media-amazon.com/images/I/71P8yZVBFpL.jpg,563130,item_weight,12.0 gram
https://m.media-amazon.com/images/I/61dfTSjNqZL.jpg,563130,item_weight,38.6 gram
https://m.media-amazon.com/images/I/61Pi-VqbSyL.jpg,563130,item_weight,10.0 gram
https://m.media-amazon.com/images/I/71SKRPHGt6L.jpg,563130,item_weight,0.26 kilogram
https://m.media-amazon.com/images/I/31EmyMUqvCL.jpg,563130,item_weight,20.5 gram
https://m.media-amazon.com/images/I/51cWQ0TiDXS.jpg,563130,item_weight,228.0 gram
https://m.media-amazon.com/images/I/61klWr8ZjLL.jpg,563130,item_weight,20.0 milligram
https://m.media-amazon.com/images/I/71VgnkEg1bL.jpg,563130,item_weight,170.0 gram
https://m.media-amazon.com/images/I/71ZmwreJP6L.jpg,563130,item_weight,150.0 gram
https://m.media-amazon.com/images/I/51C-Vw+xwYL.jpg,563130,item_weight,4.8 gram
https://m.media-amazon.com/images/I/71uXV65G1iL.jpg,563130,item_weight,5.0 gram
https://m.media-amazon.com/images/I/71XyhQYtPkL.jpg,563130,item_weight,2.0 pound
https://m.media-amazon.com/images/I/71SDgYdB1fL.jpg,563130,item_weight,300.0 gram
https://m.media-amazon.com/images/I/415pQruTzTL.jpg,563130,item_weight,1.0 gram
https://m.media-amazon.com/images/I/51xkFXXScWL.jpg,563130,item_weight,55.0 gram
https://m.media-amazon.com/images/I/61vawLpqtyL.jpg,563130,item_weight,34.0 gram
https://m.media-amazon.com/images/I/71ZnyaiyXuL.jpg,563130,item_weight,32.0 gram
https://m.media-amazon.com/images/I/61KvcaThI3L.jpg,563130,item_weight,4.0 gram
https://m.media-amazon.com/images/I/71N1VvmaIfL.jpg,563130,item_weight,45.0 gram
https://m.media-amazon.com/images/I/71Ddn7YK18L.jpg,563130,item_weight,5.0 gram
https://m.media-amazon.com/images/I/71QGo3TrbEL.jpg,563130,item_weight,2.0 pound
https://m.media-amazon.com/images/I/A19ENUe1YtL.jpg,563130,item_weight,360.0 gram
https://m.media-amazon.com/images/I/71D4X828lHL.jpg,563130,item_weight,100.0 gram
https://m.media-amazon.com/images/I/71gX3hJFWgL.jpg,563130,item_weight,70.0 kilogram
https://m.media-amazon.com/images/I/618N6fL-RaS.jpg,563130,item_weight,50.0 gram
https://m.media-amazon.com/images/I/71DZkTpMvwL.jpg,563130,item_weight,2.0 pound
https://m.media-amazon.com/images/I/519Xsjb8iuL.jpg,563130,item_weight,121.0 gram
